timestamp,open,high,low,close,volume
2026-01-30 03:45:00,1373.9000244140625,1381.800048828125,1373.800048828125,1379.0999755859375,0
2026-01-30 03:50:00,1379.0999755859375,1379.300048828125,1375.0,1375.0,243692
2026-01-30 03:55:00,1374.0,1376.5999755859375,1372.9000244140625,1375.300048828125,393751
2026-01-30 04:00:00,1375.4000244140625,1376.4000244140625,1374.199951171875,1376.199951171875,135311
2026-01-30 04:05:00,1375.800048828125,1377.800048828125,1375.800048828125,1377.0,62828
2026-01-30 04:10:00,1376.9000244140625,1377.0999755859375,1376.300048828125,1376.699951171875,100018
2026-01-30 04:15:00,1376.300048828125,1378.0999755859375,1376.0999755859375,1378.0999755859375,33342
2026-01-30 04:20:00,1377.9000244140625,1378.300048828125,1376.0999755859375,1378.0999755859375,217594
2026-01-30 04:25:00,1378.199951171875,1378.199951171875,1371.5999755859375,1373.5999755859375,4215345
2026-01-30 04:30:00,1374.0999755859375,1376.300048828125,1373.300048828125,1374.800048828125,350247
2026-01-30 04:35:00,1375.0,1376.199951171875,1374.199951171875,1376.0999755859375,125732
2026-01-30 04:40:00,1376.0999755859375,1377.300048828125,1375.199951171875,1377.199951171875,168471
2026-01-30 04:45:00,1377.0999755859375,1377.199951171875,1375.199951171875,1375.4000244140625,169796
2026-01-30 04:50:00,1375.5,1375.9000244140625,1369.199951171875,1369.800048828125,4205518
2026-01-30 04:55:00,1369.699951171875,1371.4000244140625,1368.9000244140625,1371.0999755859375,176805
2026-01-30 05:00:00,1371.0999755859375,1371.5999755859375,1368.0999755859375,1368.5999755859375,129842
2026-01-30 05:05:00,1368.699951171875,1370.0,1368.5,1370.0,135396
2026-01-30 05:10:00,1370.0,1370.800048828125,1368.800048828125,1369.300048828125,181456
2026-01-30 05:15:00,1369.0,1370.0,1368.300048828125,1368.300048828125,125137
2026-01-30 05:20:00,1368.4000244140625,1369.199951171875,1368.0,1368.4000244140625,254204
2026-01-30 05:25:00,1368.5,1369.0999755859375,1366.0999755859375,1368.5,361486
2026-01-30 05:30:00,1368.699951171875,1369.5,1368.0,1368.699951171875,101483
2026-01-30 05:35:00,1368.5,1369.4000244140625,1364.5999755859375,1364.5999755859375,225871
2026-01-30 05:40:00,1364.4000244140625,1365.9000244140625,1364.199951171875,1364.9000244140625,132571
2026-01-30 05:45:00,1365.0,1365.0,1361.4000244140625,1362.0,162389
2026-01-30 05:50:00,1361.5,1361.9000244140625,1359.0999755859375,1359.800048828125,176204
2026-01-30 05:55:00,1359.800048828125,1360.800048828125,1359.4000244140625,1359.699951171875,88046
2026-01-30 06:00:00,1359.699951171875,1360.199951171875,1358.0,1360.0,117502
2026-01-30 06:05:00,1360.0,1360.800048828125,1359.5,1360.5999755859375,38656
2026-01-30 06:10:00,1360.5999755859375,1364.0,1360.0,1363.4000244140625,180633
2026-01-30 06:15:00,1363.5,1363.5,1361.699951171875,1362.199951171875,45773
2026-01-30 06:20:00,1362.300048828125,1364.300048828125,1361.9000244140625,1363.5,233823
2026-01-30 06:25:00,1363.5,1365.300048828125,1360.199951171875,1360.5,152109
2026-01-30 06:30:00,1360.5,1360.699951171875,1359.300048828125,1359.9000244140625,38798
2026-01-30 06:35:00,1359.699951171875,1360.4000244140625,1359.300048828125,1360.0999755859375,60709
2026-01-30 06:40:00,1360.0999755859375,1360.4000244140625,1360.0,1360.300048828125,75697
2026-01-30 06:45:00,1360.4000244140625,1362.5,1360.4000244140625,1361.199951171875,36937
2026-01-30 06:50:00,1361.300048828125,1363.0,1361.300048828125,1362.4000244140625,48480
2026-01-30 06:55:00,1362.699951171875,1362.699951171875,1360.699951171875,1360.9000244140625,40791
2026-01-30 07:00:00,1361.0,1361.0,1360.4000244140625,1360.699951171875,29913
2026-01-30 07:05:00,1360.5,1361.800048828125,1360.0999755859375,1360.9000244140625,63893
2026-01-30 07:10:00,1361.0,1362.800048828125,1360.5,1361.199951171875,260364
2026-01-30 07:15:00,1361.0999755859375,1361.300048828125,1360.0999755859375,1360.4000244140625,41193
2026-01-30 07:20:00,1360.4000244140625,1360.4000244140625,1359.0999755859375,1359.5,69893
2026-01-30 07:25:00,1359.5999755859375,1359.9000244140625,1359.0,1359.699951171875,376330
2026-01-30 07:30:00,1359.5999755859375,1359.9000244140625,1358.199951171875,1358.5999755859375,97390
2026-01-30 07:35:00,1358.5999755859375,1359.800048828125,1358.300048828125,1359.0,72982
2026-01-30 07:40:00,1358.800048828125,1359.699951171875,1358.0,1358.0999755859375,68185
2026-01-30 07:45:00,1358.0,1358.0,1356.4000244140625,1357.199951171875,87120
2026-01-30 07:50:00,1356.9000244140625,1357.5999755859375,1356.4000244140625,1357.0999755859375,28606
2026-01-30 07:55:00,1357.0,1357.4000244140625,1357.0,1357.0999755859375,70731
2026-01-30 08:00:00,1357.0999755859375,1358.0999755859375,1357.0,1357.800048828125,59487
2026-01-30 08:05:00,1358.0,1359.4000244140625,1357.5999755859375,1359.0,42315
2026-01-30 08:10:00,1359.0,1360.5999755859375,1358.9000244140625,1360.4000244140625,65736
2026-01-30 08:15:00,1360.4000244140625,1360.9000244140625,1358.5,1359.800048828125,28493
2026-01-30 08:20:00,1359.5999755859375,1361.800048828125,1359.199951171875,1360.9000244140625,240815
2026-01-30 08:25:00,1360.9000244140625,1361.5,1359.300048828125,1360.0,71301
2026-01-30 08:30:00,1360.0,1383.5999755859375,1359.800048828125,1360.9000244140625,183216
2026-01-30 08:35:00,1360.9000244140625,1362.0,1360.699951171875,1361.699951171875,32681
2026-01-30 08:40:00,1362.0,1362.0,1360.5999755859375,1361.0,52723
2026-01-30 08:45:00,1361.0999755859375,1361.300048828125,1360.300048828125,1360.9000244140625,30605
2026-01-30 08:50:00,1361.0,1361.300048828125,1360.0,1360.800048828125,45917
2026-01-30 08:55:00,1360.4000244140625,1360.800048828125,1359.0999755859375,1359.5,85037
2026-01-30 09:00:00,1359.5,1359.5,1357.800048828125,1358.0999755859375,63305
2026-01-30 09:05:00,1358.0999755859375,1361.0,1358.0,1359.300048828125,208379
2026-01-30 09:10:00,1359.5999755859375,1360.199951171875,1358.0999755859375,1359.800048828125,248920
2026-01-30 09:15:00,1359.5,1360.800048828125,1358.800048828125,1360.5999755859375,139156
2026-01-30 09:20:00,1360.199951171875,1361.0999755859375,1360.0999755859375,1360.5,211378
2026-01-30 09:25:00,1360.4000244140625,1362.0,1360.0999755859375,1361.9000244140625,134046
2026-01-30 09:30:00,1361.4000244140625,1361.4000244140625,1353.300048828125,1354.5999755859375,1328450
2026-01-30 09:35:00,1354.0999755859375,1355.5999755859375,1353.5999755859375,1353.699951171875,1063390
2026-01-30 09:40:00,1353.699951171875,1355.699951171875,1353.5999755859375,1355.699951171875,1056168
2026-01-30 09:45:00,1355.5999755859375,1357.4000244140625,1355.0,1355.199951171875,1008237
2026-01-30 09:50:00,1355.300048828125,1355.699951171875,1353.699951171875,1354.9000244140625,1144276
2026-01-30 09:55:00,1355.0,1358.5,1354.199951171875,1356.0999755859375,711652
2026-02-02 09:55:00,1352.800048828125,1352.800048828125,1352.800048828125,1352.800048828125,0
2026-02-03 03:45:00,1416.199951171875,1416.199951171875,1375.0,1384.0,5151321
2026-02-03 03:50:00,1384.199951171875,1395.9000244140625,1382.0,1394.199951171875,1420695
2026-02-03 03:55:00,1394.199951171875,1394.199951171875,1388.4000244140625,1392.300048828125,606328
2026-02-03 04:00:00,1392.300048828125,1393.5,1388.699951171875,1389.0,409786
2026-02-03 04:05:00,1389.0999755859375,1391.4000244140625,1387.199951171875,1389.800048828125,944878
2026-02-03 04:10:00,1389.800048828125,1393.300048828125,1386.699951171875,1392.300048828125,605046
2026-02-03 04:15:00,1392.699951171875,1393.300048828125,1387.4000244140625,1391.800048828125,400145
2026-02-03 04:20:00,1391.9000244140625,1393.4000244140625,1390.0,1390.300048828125,157988
2026-02-03 04:25:00,1390.4000244140625,1393.300048828125,1390.4000244140625,1391.9000244140625,288531
2026-02-03 04:30:00,1391.9000244140625,1393.0,1391.4000244140625,1391.9000244140625,144433
2026-02-03 04:35:00,1392.199951171875,1392.4000244140625,1388.199951171875,1390.9000244140625,140371
2026-02-03 04:40:00,1390.199951171875,1390.800048828125,1388.5999755859375,1390.0999755859375,319603
2026-02-03 04:45:00,1390.5,1393.800048828125,1390.0999755859375,1392.199951171875,162658
2026-02-03 04:50:00,1392.5,1393.9000244140625,1392.0,1393.9000244140625,179412
2026-02-03 04:55:00,1394.300048828125,1395.0,1392.699951171875,1393.0,383573
2026-02-03 05:00:00,1392.800048828125,1395.4000244140625,1392.800048828125,1395.300048828125,277449
2026-02-03 05:05:00,1395.0,1396.4000244140625,1394.300048828125,1394.9000244140625,158048
2026-02-03 05:10:00,1394.9000244140625,1399.5999755859375,1394.5999755859375,1398.5999755859375,195690
2026-02-03 05:15:00,1398.5999755859375,1398.9000244140625,1395.5,1396.4000244140625,162279
2026-02-03 05:20:00,1396.4000244140625,1398.199951171875,1394.699951171875,1398.0,197829
2026-02-03 05:25:00,1398.0,1399.5,1397.199951171875,1397.5,167776
2026-02-03 05:30:00,1397.5999755859375,1399.0,1394.5,1395.5,307064
2026-02-03 05:35:00,1395.4000244140625,1396.9000244140625,1392.0,1392.0,322781
2026-02-03 05:40:00,1392.0,1393.5999755859375,1391.199951171875,1393.5,132784
2026-02-03 05:45:00,1393.4000244140625,1395.199951171875,1393.4000244140625,1393.9000244140625,199951
2026-02-03 05:50:00,1393.800048828125,1395.0,1393.0,1394.800048828125,203455
2026-02-03 05:55:00,1394.800048828125,1395.5,1394.5,1395.0999755859375,117791
2026-02-03 06:00:00,1395.0,1398.699951171875,1394.5999755859375,1398.300048828125,203230
2026-02-03 06:05:00,1398.4000244140625,1398.5999755859375,1394.5,1394.699951171875,115275
2026-02-03 06:10:00,1394.5999755859375,1395.5999755859375,1393.0,1393.199951171875,158402
2026-02-03 06:15:00,1393.0999755859375,1393.0999755859375,1389.4000244140625,1389.4000244140625,142809
2026-02-03 06:20:00,1389.4000244140625,1390.9000244140625,1388.9000244140625,1389.4000244140625,218929
2026-02-03 06:25:00,1389.4000244140625,1390.9000244140625,1388.5,1390.5999755859375,272487
2026-02-03 06:30:00,1390.5,1393.0,1390.5,1392.0,187829
2026-02-03 06:35:00,1392.0,1393.9000244140625,1391.9000244140625,1393.800048828125,111164
2026-02-03 06:40:00,1393.9000244140625,1397.5999755859375,1393.9000244140625,1395.699951171875,224428
2026-02-03 06:45:00,1395.699951171875,1395.9000244140625,1394.0999755859375,1395.0,114092
2026-02-03 06:50:00,1395.0,1396.300048828125,1392.9000244140625,1392.9000244140625,157175
2026-02-03 06:55:00,1393.0,1393.0999755859375,1389.5,1390.5,160992
2026-02-03 07:00:00,1390.800048828125,1393.4000244140625,1390.0,1392.5,151473
2026-02-03 07:05:00,1392.4000244140625,1393.0,1390.5,1391.5999755859375,385617
2026-02-03 07:10:00,1391.5999755859375,1392.300048828125,1391.0999755859375,1392.0999755859375,128037
2026-02-03 07:15:00,1392.0,1393.5,1391.9000244140625,1392.0,146444
2026-02-03 07:20:00,1391.9000244140625,1395.0,1391.800048828125,1394.5999755859375,210775
2026-02-03 07:25:00,1394.699951171875,1395.800048828125,1394.5,1395.300048828125,157100
2026-02-03 07:30:00,1395.300048828125,1397.5999755859375,1394.800048828125,1397.4000244140625,154839
2026-02-03 07:35:00,1397.4000244140625,1397.699951171875,1396.0999755859375,1396.5999755859375,93417
2026-02-03 07:40:00,1396.5999755859375,1397.5999755859375,1396.199951171875,1397.5,115280
2026-02-03 07:45:00,1397.5,1398.0,1397.199951171875,1397.800048828125,84676
2026-02-03 07:50:00,1398.0,1398.0999755859375,1395.800048828125,1396.5999755859375,196584
2026-02-03 07:55:00,1396.5999755859375,1396.800048828125,1393.5,1395.9000244140625,138111
2026-02-03 08:00:00,1395.9000244140625,1396.0,1394.800048828125,1394.9000244140625,103470
2026-02-03 08:05:00,1395.199951171875,1397.0,1394.199951171875,1396.800048828125,190589
2026-02-03 08:10:00,1396.800048828125,1398.5999755859375,1396.699951171875,1398.5,127747
2026-02-03 08:15:00,1398.4000244140625,1398.9000244140625,1397.0999755859375,1397.0999755859375,130956
2026-02-03 08:20:00,1397.300048828125,1397.300048828125,1396.5,1397.0,104721
2026-02-03 08:25:00,1397.0,1397.0,1393.300048828125,1394.199951171875,171219
2026-02-03 08:30:00,1393.699951171875,1394.0,1392.300048828125,1392.9000244140625,200220
2026-02-03 08:35:00,1393.0,1394.0999755859375,1392.699951171875,1392.9000244140625,312732
2026-02-03 08:40:00,1392.9000244140625,1393.199951171875,1391.4000244140625,1391.5,185377
2026-02-03 08:45:00,1391.9000244140625,1392.4000244140625,1390.9000244140625,1391.300048828125,209203
2026-02-03 08:50:00,1391.5,1392.0,1391.0999755859375,1391.5,120396
2026-02-03 08:55:00,1391.5,1391.5,1390.9000244140625,1391.0,128891
2026-02-03 09:00:00,1391.0,1391.199951171875,1389.5999755859375,1391.0999755859375,175182
2026-02-03 09:05:00,1391.0999755859375,1392.9000244140625,1391.0,1392.199951171875,139090
2026-02-03 09:10:00,1392.199951171875,1392.300048828125,1390.5999755859375,1391.5,235831
2026-02-03 09:15:00,1391.5,1393.0,1390.5999755859375,1391.0999755859375,318785
2026-02-03 09:20:00,1391.0999755859375,1393.199951171875,1390.699951171875,1392.800048828125,158826
2026-02-03 09:25:00,1392.699951171875,1395.0,1392.5999755859375,1394.5,115603
2026-02-03 09:30:00,1394.199951171875,1394.5,1388.800048828125,1390.4000244140625,567717
2026-02-03 09:35:00,1390.5,1391.699951171875,1388.0,1389.5,793938
2026-02-03 09:40:00,1389.0999755859375,1392.5999755859375,1387.5,1389.0999755859375,827694
2026-02-03 09:45:00,1388.800048828125,1391.9000244140625,1387.0,1390.4000244140625,928874
2026-02-03 09:50:00,1390.5,1390.800048828125,1389.300048828125,1390.0999755859375,406373
2026-02-03 09:55:00,1390.199951171875,1390.199951171875,1387.699951171875,1389.0,455833
2026-02-04 03:45:00,1388.0,1403.5,1388.0,1403.300048828125,0
2026-02-04 03:50:00,1403.300048828125,1406.300048828125,1400.5,1406.300048828125,359132
2026-02-04 03:55:00,1406.0,1412.9000244140625,1405.9000244140625,1409.699951171875,470241
2026-02-04 04:00:00,1409.9000244140625,1412.4000244140625,1408.300048828125,1408.699951171875,195049
2026-02-04 04:05:00,1408.9000244140625,1410.4000244140625,1407.300048828125,1408.0999755859375,277837
2026-02-04 04:10:00,1408.199951171875,1411.800048828125,1408.199951171875,1411.800048828125,218847
2026-02-04 04:15:00,1411.300048828125,1412.4000244140625,1408.5999755859375,1408.699951171875,225387
2026-02-04 04:20:00,1408.699951171875,1408.699951171875,1403.300048828125,1403.699951171875,121299
2026-02-04 04:25:00,1403.699951171875,1403.699951171875,1401.5,1403.300048828125,90778
2026-02-04 04:30:00,1402.9000244140625,1404.5999755859375,1402.9000244140625,1404.300048828125,91425
2026-02-04 04:35:00,1404.199951171875,1404.800048828125,1403.300048828125,1404.699951171875,53592
2026-02-04 04:40:00,1404.800048828125,1404.9000244140625,1402.699951171875,1402.9000244140625,93930
2026-02-04 04:45:00,1402.9000244140625,1403.0999755859375,1401.0999755859375,1401.699951171875,55823
2026-02-04 04:50:00,1401.4000244140625,1401.9000244140625,1400.5999755859375,1401.5999755859375,55348
2026-02-04 04:55:00,1401.699951171875,1402.300048828125,1401.199951171875,1401.300048828125,61212
2026-02-04 05:00:00,1401.4000244140625,1402.800048828125,1401.199951171875,1402.0,75802
2026-02-04 05:05:00,1402.0,1402.800048828125,1401.699951171875,1401.9000244140625,168449
2026-02-04 05:10:00,1402.0999755859375,1402.5,1401.300048828125,1401.9000244140625,157694
2026-02-04 05:15:00,1402.0999755859375,1405.0,1401.9000244140625,1404.9000244140625,202167
2026-02-04 05:20:00,1404.9000244140625,1407.800048828125,1404.0,1406.699951171875,172082
2026-02-04 05:25:00,1406.699951171875,1407.300048828125,1405.5999755859375,1406.0,199859
2026-02-04 05:30:00,1406.0,1406.800048828125,1405.199951171875,1405.800048828125,163752
2026-02-04 05:35:00,1405.9000244140625,1408.9000244140625,1405.699951171875,1407.0,180779
2026-02-04 05:40:00,1407.0,1407.0,1405.4000244140625,1406.199951171875,123408
2026-02-04 05:45:00,1406.5,1407.0,1405.4000244140625,1405.9000244140625,103732
2026-02-04 05:50:00,1405.9000244140625,1407.0,1405.9000244140625,1406.4000244140625,107461
2026-02-04 05:55:00,1406.0999755859375,1406.4000244140625,1405.199951171875,1405.9000244140625,70179
2026-02-04 06:00:00,1405.9000244140625,1407.4000244140625,1405.5999755859375,1405.699951171875,151669
2026-02-04 06:05:00,1406.0,1406.0,1405.5999755859375,1405.800048828125,47829
2026-02-04 06:10:00,1405.800048828125,1406.4000244140625,1405.300048828125,1405.5,66569
2026-02-04 06:15:00,1405.5,1406.9000244140625,1405.300048828125,1406.9000244140625,86578
2026-02-04 06:20:00,1406.699951171875,1407.800048828125,1406.0,1407.800048828125,143663
2026-02-04 06:25:00,1407.800048828125,1407.800048828125,1405.9000244140625,1406.699951171875,74512
2026-02-04 06:30:00,1406.5,1406.9000244140625,1406.300048828125,1406.5999755859375,79933
2026-02-04 06:35:00,1406.5999755859375,1407.300048828125,1406.5,1407.199951171875,35909
2026-02-04 06:40:00,1407.199951171875,1408.0,1407.0999755859375,1408.0,45407
2026-02-04 06:45:00,1408.0,1408.199951171875,1406.800048828125,1406.9000244140625,41488
2026-02-04 06:50:00,1406.9000244140625,1407.0,1406.800048828125,1406.9000244140625,47258
2026-02-04 06:55:00,1406.800048828125,1409.4000244140625,1406.800048828125,1408.9000244140625,121516
2026-02-04 07:00:00,1409.0,1409.699951171875,1407.9000244140625,1409.5,258841
2026-02-04 07:05:00,1409.5,1410.0,1407.9000244140625,1409.0,146231
2026-02-04 07:10:00,1409.0,1409.800048828125,1408.699951171875,1408.699951171875,80666
2026-02-04 07:15:00,1408.5999755859375,1408.5999755859375,1407.5999755859375,1407.5999755859375,53617
2026-02-04 07:20:00,1407.699951171875,1409.199951171875,1407.300048828125,1409.0999755859375,104125
2026-02-04 07:25:00,1409.199951171875,1409.199951171875,1408.0999755859375,1408.0999755859375,46439
2026-02-04 07:30:00,1408.0999755859375,1408.199951171875,1404.0,1405.0999755859375,77204
2026-02-04 07:35:00,1405.0,1407.4000244140625,1404.4000244140625,1407.300048828125,56421
2026-02-04 07:40:00,1407.199951171875,1407.800048828125,1407.0,1407.199951171875,45229
2026-02-04 07:45:00,1407.5,1408.0,1406.699951171875,1407.800048828125,59215
2026-02-04 07:50:00,1407.9000244140625,1408.800048828125,1407.300048828125,1408.699951171875,67217
2026-02-04 07:55:00,1408.5999755859375,1409.0,1408.5,1408.800048828125,46989
2026-02-04 08:00:00,1408.800048828125,1409.699951171875,1408.699951171875,1409.0999755859375,73107
2026-02-04 08:05:00,1409.0,1409.5,1408.300048828125,1408.9000244140625,54136
2026-02-04 08:10:00,1408.9000244140625,1409.4000244140625,1408.699951171875,1409.199951171875,49410
2026-02-04 08:15:00,1409.4000244140625,1409.4000244140625,1408.0,1408.4000244140625,52511
2026-02-04 08:20:00,1408.4000244140625,1410.0,1408.199951171875,1409.800048828125,117264
2026-02-04 08:25:00,1409.9000244140625,1410.0,1409.199951171875,1409.300048828125,51973
2026-02-04 08:30:00,1409.4000244140625,1409.4000244140625,1407.800048828125,1408.4000244140625,52890
2026-02-04 08:35:00,1408.199951171875,1409.0,1408.199951171875,1408.699951171875,44625
2026-02-04 08:40:00,1408.800048828125,1409.9000244140625,1408.800048828125,1409.699951171875,51235
2026-02-04 08:45:00,1409.800048828125,1410.0,1409.199951171875,1409.5999755859375,91474
2026-02-04 08:50:00,1409.800048828125,1410.0,1408.5,1408.699951171875,125925
2026-02-04 08:55:00,1408.699951171875,1410.0,1408.5,1409.699951171875,86908
2026-02-04 09:00:00,1409.699951171875,1410.0,1409.300048828125,1409.9000244140625,68290
2026-02-04 09:05:00,1409.699951171875,1412.800048828125,1409.699951171875,1412.199951171875,207362
2026-02-04 09:10:00,1412.5999755859375,1413.800048828125,1411.9000244140625,1412.699951171875,184831
2026-02-04 09:15:00,1412.5999755859375,1413.0,1410.0999755859375,1410.699951171875,136819
2026-02-04 09:20:00,1410.800048828125,1411.0999755859375,1410.0,1410.0,145282
2026-02-04 09:25:00,1410.4000244140625,1411.4000244140625,1409.5,1410.800048828125,135208
2026-02-04 09:30:00,1411.199951171875,1411.199951171875,1408.5999755859375,1408.699951171875,328355
2026-02-04 09:35:00,1408.699951171875,1409.0,1407.5,1408.699951171875,341106
2026-02-04 09:40:00,1408.699951171875,1410.0,1408.5,1409.800048828125,332818
2026-02-04 09:45:00,1409.699951171875,1410.199951171875,1408.199951171875,1408.699951171875,353271
2026-02-04 09:50:00,1408.4000244140625,1409.199951171875,1407.199951171875,1409.199951171875,453864
2026-02-04 09:55:00,1408.5999755859375,1409.699951171875,1404.199951171875,1406.0999755859375,645003
2026-02-05 03:45:00,1412.0,1412.0,1402.300048828125,1409.0999755859375,0
2026-02-05 03:50:00,1409.0999755859375,1410.5999755859375,1407.0,1410.5999755859375,124639
2026-02-05 03:55:00,1410.5999755859375,1411.9000244140625,1409.0,1410.4000244140625,115433
2026-02-05 04:00:00,1410.5,1411.0,1407.5999755859375,1408.699951171875,75926
2026-02-05 04:05:00,1408.699951171875,1409.800048828125,1408.199951171875,1408.699951171875,66309
2026-02-05 04:10:00,1408.699951171875,1411.0,1408.699951171875,1410.199951171875,105976
2026-02-05 04:15:00,1410.4000244140625,1410.4000244140625,1405.800048828125,1406.0999755859375,130246
2026-02-05 04:20:00,1406.199951171875,1407.4000244140625,1406.0999755859375,1406.5999755859375,40047
2026-02-05 04:25:00,1406.5999755859375,1408.4000244140625,1406.300048828125,1407.199951171875,52468
2026-02-05 04:30:00,1407.199951171875,1407.199951171875,1405.699951171875,1406.199951171875,41171
2026-02-05 04:35:00,1406.199951171875,1406.5,1405.4000244140625,1406.0999755859375,35044
2026-02-05 04:40:00,1405.699951171875,1406.800048828125,1405.699951171875,1406.5,22144
2026-02-05 04:45:00,1406.0999755859375,1408.0,1405.9000244140625,1407.4000244140625,34190
2026-02-05 04:50:00,1407.800048828125,1408.199951171875,1407.0999755859375,1408.199951171875,26633
2026-02-05 04:55:00,1407.800048828125,1408.0999755859375,1406.800048828125,1407.0,33135
2026-02-05 05:00:00,1407.0,1407.0,1404.300048828125,1404.5,43148
2026-02-05 05:05:00,1404.5,1404.699951171875,1403.300048828125,1403.5,52663
2026-02-05 05:10:00,1403.5,1405.0,1403.0999755859375,1404.0999755859375,154742
2026-02-05 05:15:00,1404.0,1405.0999755859375,1404.0,1404.300048828125,26511
2026-02-05 05:20:00,1404.199951171875,1404.5999755859375,1404.0,1404.199951171875,34764
2026-02-05 05:25:00,1404.5,1405.300048828125,1404.300048828125,1404.5999755859375,50561
2026-02-05 05:30:00,1404.9000244140625,1406.5999755859375,1404.699951171875,1406.4000244140625,24627
2026-02-05 05:35:00,1406.5999755859375,1407.199951171875,1406.0999755859375,1406.800048828125,61876
2026-02-05 05:40:00,1406.800048828125,1407.4000244140625,1405.800048828125,1406.5,66988
2026-02-05 05:45:00,1406.4000244140625,1406.4000244140625,1405.5999755859375,1405.5999755859375,29829
2026-02-05 05:50:00,1405.5999755859375,1406.699951171875,1405.5,1406.0,47021
2026-02-05 05:55:00,1406.0,1406.199951171875,1405.699951171875,1406.0,28482
2026-02-05 06:00:00,1406.0,1407.9000244140625,1405.5999755859375,1407.5,54473
2026-02-05 06:05:00,1407.4000244140625,1407.800048828125,1406.800048828125,1407.0,41011
2026-02-05 06:10:00,1406.9000244140625,1408.0,1406.4000244140625,1407.9000244140625,65279
2026-02-05 06:15:00,1407.9000244140625,1408.0,1406.800048828125,1406.9000244140625,49537
2026-02-05 06:20:00,1407.0,1407.199951171875,1406.4000244140625,1406.9000244140625,47576
2026-02-05 06:25:00,1406.9000244140625,1407.800048828125,1406.5999755859375,1407.5999755859375,36964
2026-02-05 06:30:00,1407.800048828125,1408.9000244140625,1407.5999755859375,1408.9000244140625,64935
2026-02-05 06:35:00,1408.9000244140625,1408.9000244140625,1407.699951171875,1408.0,127732
2026-02-05 06:40:00,1408.0,1408.9000244140625,1407.9000244140625,1408.4000244140625,73027
2026-02-05 06:45:00,1408.4000244140625,1408.4000244140625,1407.4000244140625,1407.4000244140625,71023
2026-02-05 06:50:00,1407.4000244140625,1408.300048828125,1407.199951171875,1408.0,110537
2026-02-05 06:55:00,1408.0,1409.0,1407.199951171875,1407.300048828125,309240
2026-02-05 07:00:00,1407.0,1408.300048828125,1405.199951171875,1405.5,234292
2026-02-05 07:05:00,1405.5,1405.9000244140625,1404.699951171875,1404.9000244140625,63554
2026-02-05 07:10:00,1404.5999755859375,1404.800048828125,1404.0,1404.0,35422
2026-02-05 07:15:00,1404.0,1406.800048828125,1404.0,1406.199951171875,61643
2026-02-05 07:20:00,1406.199951171875,1407.0999755859375,1404.300048828125,1404.5999755859375,117967
2026-02-05 07:25:00,1404.5999755859375,1406.5999755859375,1403.0,1405.800048828125,172932
2026-02-05 07:30:00,1405.800048828125,1406.4000244140625,1404.800048828125,1406.0,63415
2026-02-05 07:35:00,1405.9000244140625,1406.5999755859375,1405.800048828125,1406.5,40881
2026-02-05 07:40:00,1406.4000244140625,1407.0,1404.5,1405.0999755859375,52744
2026-02-05 07:45:00,1405.300048828125,1405.699951171875,1405.199951171875,1405.699951171875,35577
2026-02-05 07:50:00,1405.699951171875,1406.0,1404.699951171875,1405.300048828125,48880
2026-02-05 07:55:00,1405.300048828125,1405.300048828125,1403.199951171875,1403.300048828125,52158
2026-02-05 08:00:00,1403.300048828125,1404.5,1403.199951171875,1404.4000244140625,133664
2026-02-05 08:05:00,1404.4000244140625,1404.4000244140625,1402.0,1403.5,207042
2026-02-05 08:10:00,1404.300048828125,1404.4000244140625,1403.5,1403.9000244140625,46605
2026-02-05 08:15:00,1403.699951171875,1403.800048828125,1402.9000244140625,1403.0999755859375,48106
2026-02-05 08:20:00,1403.199951171875,1403.5,1402.0,1402.5,91782
2026-02-05 08:25:00,1402.4000244140625,1402.4000244140625,1400.0999755859375,1401.699951171875,242486
2026-02-05 08:30:00,1401.699951171875,1402.0999755859375,1400.699951171875,1401.9000244140625,199823
2026-02-05 08:35:00,1401.800048828125,1401.9000244140625,1400.199951171875,1400.300048828125,153813
2026-02-05 08:40:00,1400.300048828125,1400.5999755859375,1399.0,1399.9000244140625,230197
2026-02-05 08:45:00,1399.800048828125,1399.9000244140625,1398.4000244140625,1398.5999755859375,70339
2026-02-05 08:50:00,1398.699951171875,1398.699951171875,1397.5,1398.0,93734
2026-02-05 08:55:00,1398.0,1398.199951171875,1396.9000244140625,1396.9000244140625,88279
2026-02-05 09:00:00,1397.0,1398.0,1396.4000244140625,1397.800048828125,127592
2026-02-05 09:05:00,1398.0,1398.199951171875,1397.0,1397.4000244140625,194416
2026-02-05 09:10:00,1397.4000244140625,1397.699951171875,1396.4000244140625,1396.699951171875,117445
2026-02-05 09:15:00,1396.699951171875,1396.800048828125,1394.699951171875,1396.5,198684
2026-02-05 09:20:00,1396.5999755859375,1397.300048828125,1395.0999755859375,1396.699951171875,246476
2026-02-05 09:25:00,1396.9000244140625,1397.300048828125,1396.0999755859375,1396.5999755859375,146391
2026-02-05 09:30:00,1396.800048828125,1400.4000244140625,1396.0999755859375,1399.0999755859375,473471
2026-02-05 09:35:00,1399.0999755859375,1399.4000244140625,1394.199951171875,1395.800048828125,667690
2026-02-05 09:40:00,1395.800048828125,1398.4000244140625,1395.0999755859375,1398.300048828125,437635
2026-02-05 09:45:00,1398.300048828125,1398.300048828125,1393.800048828125,1394.5999755859375,317823
2026-02-05 09:50:00,1394.0,1397.300048828125,1393.9000244140625,1395.4000244140625,291985
2026-02-05 09:55:00,1394.699951171875,1395.0,1393.300048828125,1393.300048828125,149674
2026-02-06 03:45:00,1400.0,1406.800048828125,1397.5,1406.0,0
2026-02-06 03:50:00,1405.9000244140625,1406.199951171875,1404.300048828125,1405.199951171875,82947
2026-02-06 03:55:00,1405.4000244140625,1405.4000244140625,1403.9000244140625,1404.0999755859375,41499
2026-02-06 04:00:00,1404.300048828125,1404.300048828125,1402.0999755859375,1403.5,32969
2026-02-06 04:05:00,1403.300048828125,1403.300048828125,1402.300048828125,1402.9000244140625,49411
2026-02-06 04:10:00,1403.199951171875,1403.699951171875,1402.800048828125,1403.5999755859375,36808
2026-02-06 04:15:00,1404.300048828125,1404.5999755859375,1403.0999755859375,1404.4000244140625,29553
2026-02-06 04:20:00,1404.4000244140625,1404.5,1401.0999755859375,1401.699951171875,166547
2026-02-06 04:25:00,1401.300048828125,1403.0,1401.199951171875,1402.800048828125,31437
2026-02-06 04:30:00,1402.800048828125,1403.5999755859375,1400.4000244140625,1401.0,47817
2026-02-06 04:35:00,1401.0,1402.5,1400.800048828125,1402.5,32865
2026-02-06 04:40:00,1402.300048828125,1403.699951171875,1402.0999755859375,1403.5999755859375,122614
2026-02-06 04:45:00,1403.5,1405.199951171875,1403.4000244140625,1404.199951171875,175068
2026-02-06 04:50:00,1403.800048828125,1404.300048828125,1402.0999755859375,1403.300048828125,41461
2026-02-06 04:55:00,1403.4000244140625,1404.300048828125,1402.199951171875,1402.4000244140625,101272
2026-02-06 05:00:00,1402.5999755859375,1402.699951171875,1400.5999755859375,1401.4000244140625,147620
2026-02-06 05:05:00,1401.300048828125,1401.5999755859375,1399.800048828125,1400.0,97627
2026-02-06 05:10:00,1399.800048828125,1401.199951171875,1398.5999755859375,1400.0,125256
2026-02-06 05:15:00,1399.9000244140625,1400.0,1399.300048828125,1399.4000244140625,79950
2026-02-06 05:20:00,1399.4000244140625,1400.0,1399.4000244140625,1399.9000244140625,22940
2026-02-06 05:25:00,1399.9000244140625,1400.0999755859375,1399.5999755859375,1399.9000244140625,58523
2026-02-06 05:30:00,1400.0,1401.300048828125,1399.9000244140625,1401.0,80486
2026-02-06 05:35:00,1400.9000244140625,1401.0,1398.0,1399.0,80329
2026-02-06 05:40:00,1399.0,1399.0,1397.0,1398.5,80114
2026-02-06 05:45:00,1398.5999755859375,1399.800048828125,1397.300048828125,1399.699951171875,69243
2026-02-06 05:50:00,1399.800048828125,1399.800048828125,1398.300048828125,1399.5,159226
2026-02-06 05:55:00,1399.5,1400.0,1399.199951171875,1399.4000244140625,83724
2026-02-06 06:00:00,1399.0999755859375,1399.199951171875,1397.5,1398.699951171875,31527
2026-02-06 06:05:00,1398.699951171875,1399.800048828125,1398.4000244140625,1399.5,94440
2026-02-06 06:10:00,1399.4000244140625,1400.9000244140625,1399.0999755859375,1399.699951171875,148022
2026-02-06 06:15:00,1399.699951171875,1400.9000244140625,1399.5,1400.300048828125,48150
2026-02-06 06:20:00,1400.300048828125,1400.4000244140625,1399.0,1400.0999755859375,127938
2026-02-06 06:25:00,1400.0999755859375,1400.199951171875,1398.9000244140625,1399.5999755859375,110896
2026-02-06 06:30:00,1399.699951171875,1399.800048828125,1396.800048828125,1396.800048828125,141910
2026-02-06 06:35:00,1396.800048828125,1396.800048828125,1395.0,1395.0,55561
2026-02-06 06:40:00,1395.0,1395.800048828125,1394.800048828125,1395.5999755859375,24615
2026-02-06 06:45:00,1395.5999755859375,1396.0999755859375,1395.5999755859375,1396.0999755859375,26827
2026-02-06 06:50:00,1396.0999755859375,1396.0999755859375,1395.300048828125,1395.699951171875,39932
2026-02-06 06:55:00,1395.699951171875,1396.699951171875,1395.5,1396.300048828125,31807
2026-02-06 07:00:00,1396.5,1396.800048828125,1395.800048828125,1396.5,31599
2026-02-06 07:05:00,1396.4000244140625,1396.800048828125,1395.0,1396.300048828125,67207
2026-02-06 07:10:00,1396.199951171875,1398.4000244140625,1395.300048828125,1397.9000244140625,239004
2026-02-06 07:15:00,1397.9000244140625,1400.5999755859375,1397.699951171875,1399.699951171875,265769
2026-02-06 07:20:00,1399.5,1400.5,1399.4000244140625,1399.800048828125,119900
2026-02-06 07:25:00,1399.5999755859375,1401.5,1398.0999755859375,1400.5999755859375,330228
2026-02-06 07:30:00,1400.5999755859375,1402.0,1399.9000244140625,1401.9000244140625,332942
2026-02-06 07:35:00,1402.0,1403.0,1399.699951171875,1400.5,453138
2026-02-06 07:40:00,1400.5999755859375,1401.9000244140625,1400.5999755859375,1401.9000244140625,80511
2026-02-06 07:45:00,1401.9000244140625,1402.4000244140625,1401.300048828125,1401.800048828125,82420
2026-02-06 07:50:00,1401.800048828125,1402.300048828125,1401.5999755859375,1402.300048828125,47990
2026-02-06 07:55:00,1402.0,1402.300048828125,1402.0,1402.199951171875,4632
2026-02-06 08:00:00,1401.800048828125,1402.5999755859375,1401.800048828125,1402.5,121815
2026-02-06 08:05:00,1402.5,1403.800048828125,1402.300048828125,1403.5999755859375,325887
2026-02-06 08:10:00,1403.699951171875,1404.699951171875,1402.5999755859375,1403.0,435687
2026-02-06 08:15:00,1403.0999755859375,1404.199951171875,1402.4000244140625,1403.699951171875,326435
2026-02-06 08:20:00,1403.5999755859375,1405.4000244140625,1403.4000244140625,1405.0,339244
2026-02-06 08:25:00,1404.800048828125,1405.4000244140625,1404.4000244140625,1404.5,95648
2026-02-06 08:30:00,1404.5,1405.0999755859375,1404.199951171875,1404.300048828125,66623
2026-02-06 08:35:00,1404.199951171875,1404.9000244140625,1404.0999755859375,1404.199951171875,74384
2026-02-06 08:40:00,1404.0999755859375,1404.199951171875,1403.4000244140625,1403.800048828125,72494
2026-02-06 08:45:00,1403.800048828125,1404.9000244140625,1403.199951171875,1404.5,61396
2026-02-06 08:50:00,1404.5,1405.0999755859375,1404.5,1404.699951171875,40418
2026-02-06 08:55:00,1404.699951171875,1405.300048828125,1404.5999755859375,1404.699951171875,32642
2026-02-06 09:00:00,1404.9000244140625,1405.199951171875,1404.5999755859375,1405.199951171875,48489
2026-02-06 09:05:00,1405.0999755859375,1406.699951171875,1405.0999755859375,1406.699951171875,133757
2026-02-06 09:10:00,1406.5,1406.800048828125,1406.199951171875,1406.4000244140625,117358
2026-02-06 09:15:00,1406.4000244140625,1406.4000244140625,1404.699951171875,1405.0999755859375,68152
2026-02-06 09:20:00,1405.0,1405.699951171875,1404.5,1405.4000244140625,72544
2026-02-06 09:25:00,1405.5,1405.5999755859375,1404.5999755859375,1404.800048828125,80645
2026-02-06 09:30:00,1404.800048828125,1405.9000244140625,1404.5,1405.9000244140625,318011
2026-02-06 09:35:00,1405.5999755859375,1406.300048828125,1404.5999755859375,1404.5999755859375,367072
2026-02-06 09:40:00,1404.800048828125,1405.300048828125,1404.300048828125,1405.0,396397
2026-02-06 09:45:00,1405.0,1405.199951171875,1404.4000244140625,1404.9000244140625,348021
2026-02-06 09:50:00,1404.9000244140625,1407.5999755859375,1404.5999755859375,1407.5999755859375,551933
2026-02-06 09:55:00,1407.4000244140625,1409.0,1406.0999755859375,1406.0999755859375,622473
2026-02-09 03:45:00,1413.0,1413.0,1400.199951171875,1402.4000244140625,0
2026-02-09 03:50:00,1402.300048828125,1405.0,1400.699951171875,1404.5,233868
2026-02-09 03:55:00,1404.5,1404.5,1401.199951171875,1402.300048828125,87087
2026-02-09 04:00:00,1402.300048828125,1403.5999755859375,1400.4000244140625,1401.5,40752
2026-02-09 04:05:00,1402.0999755859375,1402.699951171875,1401.0,1402.300048828125,33298
2026-02-09 04:10:00,1401.9000244140625,1403.0,1401.199951171875,1401.199951171875,30826
2026-02-09 04:15:00,1401.0,1401.699951171875,1400.5,1401.699951171875,24148
2026-02-09 04:20:00,1401.699951171875,1402.4000244140625,1401.0999755859375,1401.5,24703
2026-02-09 04:25:00,1401.5,1402.0999755859375,1400.199951171875,1401.800048828125,38951
2026-02-09 04:30:00,1402.199951171875,1403.300048828125,1401.9000244140625,1403.0,27991
2026-02-09 04:35:00,1403.0,1403.9000244140625,1400.199951171875,1400.699951171875,57154
2026-02-09 04:40:00,1400.699951171875,1401.199951171875,1400.0,1400.300048828125,27961
2026-02-09 04:45:00,1400.300048828125,1400.5999755859375,1398.5999755859375,1398.5999755859375,58386
2026-02-09 04:50:00,1399.0,1399.699951171875,1397.0999755859375,1398.5999755859375,86334
2026-02-09 04:55:00,1398.5999755859375,1399.0999755859375,1397.0,1397.5,43741
2026-02-09 05:00:00,1397.5,1398.4000244140625,1397.0999755859375,1397.4000244140625,28143
2026-02-09 05:05:00,1397.4000244140625,1398.800048828125,1397.0999755859375,1398.800048828125,30698
2026-02-09 05:10:00,1398.5,1399.800048828125,1398.5,1398.9000244140625,55938
2026-02-09 05:15:00,1398.9000244140625,1400.0,1398.5,1398.9000244140625,90506
2026-02-09 05:20:00,1398.9000244140625,1399.5999755859375,1397.699951171875,1398.199951171875,39698
2026-02-09 05:25:00,1398.199951171875,1399.300048828125,1397.699951171875,1399.199951171875,28185
2026-02-09 05:30:00,1399.199951171875,1399.5999755859375,1398.699951171875,1399.300048828125,59500
2026-02-09 05:35:00,1399.300048828125,1400.199951171875,1399.199951171875,1399.300048828125,45241
2026-02-09 05:40:00,1399.300048828125,1400.0,1399.0,1399.0,53660
2026-02-09 05:45:00,1399.0,1399.4000244140625,1398.0,1398.0999755859375,29956
2026-02-09 05:50:00,1397.9000244140625,1398.5999755859375,1397.199951171875,1397.9000244140625,33616
2026-02-09 05:55:00,1397.699951171875,1398.0,1396.300048828125,1396.800048828125,59929
2026-02-09 06:00:00,1396.9000244140625,1397.9000244140625,1396.300048828125,1397.4000244140625,44455
2026-02-09 06:05:00,1397.300048828125,1397.9000244140625,1396.9000244140625,1397.800048828125,25252
2026-02-09 06:10:00,1397.9000244140625,1397.9000244140625,1396.0,1396.699951171875,139049
2026-02-09 06:15:00,1396.699951171875,1397.199951171875,1395.699951171875,1396.9000244140625,63695
2026-02-09 06:20:00,1396.9000244140625,1397.300048828125,1396.0999755859375,1396.5,65345
2026-02-09 06:25:00,1396.5,1397.0,1395.800048828125,1396.0999755859375,34039
2026-02-09 06:30:00,1396.0999755859375,1396.800048828125,1395.199951171875,1396.5999755859375,87629
2026-02-09 06:35:00,1395.699951171875,1396.800048828125,1395.5999755859375,1396.199951171875,86618
2026-02-09 06:40:00,1396.300048828125,1396.5,1395.800048828125,1396.0,35865
2026-02-09 06:45:00,1396.0,1396.0999755859375,1394.300048828125,1395.0,83189
2026-02-09 06:50:00,1394.9000244140625,1395.4000244140625,1394.5999755859375,1394.699951171875,44532
2026-02-09 06:55:00,1394.699951171875,1394.9000244140625,1393.699951171875,1393.9000244140625,65569
2026-02-09 07:00:00,1393.9000244140625,1393.9000244140625,1392.199951171875,1393.0999755859375,77211
2026-02-09 07:05:00,1393.0,1394.5,1392.800048828125,1393.4000244140625,71054
2026-02-09 07:10:00,1393.5999755859375,1394.0,1393.199951171875,1393.800048828125,29853
2026-02-09 07:15:00,1393.9000244140625,1394.199951171875,1393.199951171875,1393.5,34618
2026-02-09 07:20:00,1393.5999755859375,1394.300048828125,1392.9000244140625,1393.5,62526
2026-02-09 07:25:00,1393.5,1393.800048828125,1392.5999755859375,1392.800048828125,34146
2026-02-09 07:30:00,1392.800048828125,1392.9000244140625,1392.300048828125,1392.699951171875,35811
2026-02-09 07:35:00,1392.5999755859375,1392.699951171875,1391.5,1391.9000244140625,146363
2026-02-09 07:40:00,1392.5,1392.699951171875,1391.699951171875,1392.0999755859375,36413
2026-02-09 07:45:00,1392.0999755859375,1392.4000244140625,1391.5999755859375,1392.0,50358
2026-02-09 07:50:00,1392.0,1392.0,1390.199951171875,1390.5999755859375,65735
2026-02-09 07:55:00,1390.4000244140625,1391.300048828125,1389.699951171875,1390.300048828125,80786
2026-02-09 08:00:00,1390.0,1390.300048828125,1389.5,1390.0,30367
2026-02-09 08:05:00,1390.0,1390.199951171875,1389.5,1389.800048828125,37625
2026-02-09 08:10:00,1389.800048828125,1390.199951171875,1389.300048828125,1390.0,32048
2026-02-09 08:15:00,1390.0,1390.199951171875,1389.300048828125,1389.5,38356
2026-02-09 08:20:00,1389.5,1390.0999755859375,1388.800048828125,1389.699951171875,44342
2026-02-09 08:25:00,1389.699951171875,1391.5999755859375,1389.199951171875,1389.800048828125,152958
2026-02-09 08:30:00,1389.4000244140625,1390.199951171875,1389.4000244140625,1389.5,56507
2026-02-09 08:35:00,1390.0,1390.699951171875,1389.199951171875,1390.699951171875,102337
2026-02-09 08:40:00,1390.5999755859375,1392.0,1390.4000244140625,1391.9000244140625,188181
2026-02-09 08:45:00,1391.9000244140625,1395.4000244140625,1391.800048828125,1395.300048828125,145292
2026-02-09 08:50:00,1395.199951171875,1396.5999755859375,1394.5,1396.5,152315
2026-02-09 08:55:00,1396.300048828125,1396.4000244140625,1395.199951171875,1395.5999755859375,125360
2026-02-09 09:00:00,1395.699951171875,1396.199951171875,1394.800048828125,1395.9000244140625,103194
2026-02-09 09:05:00,1395.699951171875,1396.199951171875,1395.4000244140625,1395.699951171875,94005
2026-02-09 09:10:00,1395.699951171875,1396.0,1395.0,1395.4000244140625,77895
2026-02-09 09:15:00,1394.699951171875,1396.0,1394.5999755859375,1395.5999755859375,170025
2026-02-09 09:20:00,1395.5,1396.800048828125,1394.4000244140625,1396.5,611115
2026-02-09 09:25:00,1396.5999755859375,1397.0,1395.5,1395.9000244140625,199625
2026-02-09 09:30:00,1395.9000244140625,1399.800048828125,1395.9000244140625,1397.4000244140625,892789
2026-02-09 09:35:00,1397.5999755859375,1397.800048828125,1395.0,1395.4000244140625,250631
2026-02-09 09:40:00,1395.300048828125,1396.199951171875,1395.0999755859375,1395.699951171875,211043
2026-02-09 09:45:00,1395.699951171875,1396.199951171875,1394.9000244140625,1395.199951171875,292068
2026-02-09 09:50:00,1395.199951171875,1395.800048828125,1393.9000244140625,1394.5,326343
2026-02-09 09:55:00,1394.5,1396.300048828125,1393.0,1396.300048828125,232424
2026-02-10 03:45:00,1398.699951171875,1402.5,1398.0999755859375,1401.9000244140625,0
2026-02-10 03:50:00,1401.699951171875,1402.5999755859375,1401.699951171875,1402.300048828125,138267
2026-02-10 03:55:00,1401.5,1402.5,1401.199951171875,1401.5999755859375,127796
2026-02-10 04:00:00,1401.5999755859375,1401.699951171875,1398.5,1398.699951171875,108610
2026-02-10 04:05:00,1398.4000244140625,1399.300048828125,1398.0,1399.300048828125,64827
2026-02-10 04:10:00,1399.5,1399.699951171875,1396.4000244140625,1396.9000244140625,80394
2026-02-10 04:15:00,1396.9000244140625,1397.0999755859375,1395.9000244140625,1396.0999755859375,59556
2026-02-10 04:20:00,1396.0,1397.5,1396.0,1396.300048828125,77780
2026-02-10 04:25:00,1396.199951171875,1398.0999755859375,1396.199951171875,1398.0,52512
2026-02-10 04:30:00,1398.0,1398.5999755859375,1397.4000244140625,1398.5999755859375,59629
2026-02-10 04:35:00,1398.4000244140625,1399.5,1398.4000244140625,1399.5,37016
2026-02-10 04:40:00,1399.5,1399.800048828125,1398.4000244140625,1398.5999755859375,66386
2026-02-10 04:45:00,1398.5999755859375,1400.4000244140625,1398.5999755859375,1400.199951171875,54373
2026-02-10 04:50:00,1400.0,1400.5999755859375,1399.699951171875,1400.0,38042
2026-02-10 04:55:00,1400.0,1400.0999755859375,1396.0,1396.4000244140625,112703
2026-02-10 05:00:00,1396.4000244140625,1399.0,1396.4000244140625,1399.0,45085
2026-02-10 05:05:00,1398.800048828125,1399.0,1398.0,1398.4000244140625,45574
2026-02-10 05:10:00,1398.300048828125,1399.0,1397.5,1399.0,103550
2026-02-10 05:15:00,1399.0,1399.0,1398.4000244140625,1398.699951171875,72454
2026-02-10 05:20:00,1398.699951171875,1399.0,1398.300048828125,1399.0,45986
2026-02-10 05:25:00,1398.800048828125,1399.199951171875,1398.300048828125,1398.699951171875,49987
2026-02-10 05:30:00,1398.699951171875,1400.4000244140625,1398.0999755859375,1399.0,109972
2026-02-10 05:35:00,1398.9000244140625,1399.0,1398.9000244140625,1399.0,54320
2026-02-10 05:40:00,1399.0,1400.699951171875,1398.9000244140625,1399.9000244140625,85939
2026-02-10 05:45:00,1399.9000244140625,1400.199951171875,1399.300048828125,1400.0999755859375,32674
2026-02-10 05:50:00,1400.0999755859375,1400.199951171875,1399.5,1400.0,44377
2026-02-10 05:55:00,1400.0,1401.199951171875,1399.9000244140625,1401.0,172739
2026-02-10 06:00:00,1401.0,1401.300048828125,1399.9000244140625,1400.0,105086
2026-02-10 06:05:00,1400.0999755859375,1400.300048828125,1399.199951171875,1400.0,63212
2026-02-10 06:10:00,1400.0,1400.0,1398.699951171875,1399.800048828125,43719
2026-02-10 06:15:00,1399.800048828125,1399.800048828125,1398.5999755859375,1398.5999755859375,51544
2026-02-10 06:20:00,1398.800048828125,1400.0,1398.5999755859375,1399.5999755859375,81557
2026-02-10 06:25:00,1399.5,1399.5,1396.0,1396.9000244140625,138805
2026-02-10 06:30:00,1396.699951171875,1398.300048828125,1396.699951171875,1398.0,67037
2026-02-10 06:35:00,1398.0,1398.0,1396.9000244140625,1397.0,64741
2026-02-10 06:40:00,1397.0,1398.4000244140625,1396.699951171875,1398.4000244140625,133950
2026-02-10 06:45:00,1398.4000244140625,1398.699951171875,1398.199951171875,1398.5,55574
2026-02-10 06:50:00,1398.5,1398.5,1396.0999755859375,1397.4000244140625,183469
2026-02-10 06:55:00,1397.0999755859375,1398.0999755859375,1396.5,1398.0,77557
2026-02-10 07:00:00,1398.0999755859375,1398.4000244140625,1397.5,1398.300048828125,61469
2026-02-10 07:05:00,1398.4000244140625,1399.0,1397.9000244140625,1399.0,96497
2026-02-10 07:10:00,1399.0999755859375,1400.800048828125,1399.0,1400.800048828125,177497
2026-02-10 07:15:00,1400.699951171875,1405.9000244140625,1400.699951171875,1405.699951171875,755145
2026-02-10 07:20:00,1405.699951171875,1406.9000244140625,1403.5,1404.0,196369
2026-02-10 07:25:00,1403.9000244140625,1404.5,1401.5999755859375,1401.800048828125,468371
2026-02-10 07:30:00,1401.9000244140625,1404.9000244140625,1401.0,1404.800048828125,398027
2026-02-10 07:35:00,1404.800048828125,1406.5999755859375,1404.199951171875,1405.4000244140625,447202
2026-02-10 07:40:00,1405.800048828125,1406.0,1404.800048828125,1404.9000244140625,347025
2026-02-10 07:45:00,1404.9000244140625,1405.699951171875,1401.800048828125,1402.300048828125,352979
2026-02-10 07:50:00,1402.0999755859375,1403.5,1402.0,1402.9000244140625,64078
2026-02-10 07:55:00,1403.0,1404.800048828125,1403.0,1404.0,95498
2026-02-10 08:00:00,1403.4000244140625,1403.5999755859375,1401.5,1401.9000244140625,171697
2026-02-10 08:05:00,1402.0,1402.0,1401.199951171875,1401.5,84922
2026-02-10 08:10:00,1401.5,1401.9000244140625,1401.199951171875,1401.9000244140625,100009
2026-02-10 08:15:00,1401.9000244140625,1401.9000244140625,1401.0999755859375,1401.5,76396
2026-02-10 08:20:00,1401.5,1402.300048828125,1401.300048828125,1402.199951171875,101480
2026-02-10 08:25:00,1402.199951171875,1402.199951171875,1401.0,1401.0999755859375,206074
2026-02-10 08:30:00,1401.0999755859375,1401.0999755859375,1399.5,1400.5,208794
2026-02-10 08:35:00,1400.699951171875,1402.699951171875,1400.5999755859375,1401.9000244140625,286746
2026-02-10 08:40:00,1402.0,1403.300048828125,1401.5,1401.9000244140625,359153
2026-02-10 08:45:00,1403.0,1406.0,1402.800048828125,1405.800048828125,353715
2026-02-10 08:50:00,1405.9000244140625,1405.9000244140625,1404.0,1404.699951171875,157078
2026-02-10 08:55:00,1404.5999755859375,1405.9000244140625,1403.9000244140625,1404.4000244140625,131985
2026-02-10 09:00:00,1404.300048828125,1405.300048828125,1403.5999755859375,1404.4000244140625,280752
2026-02-10 09:05:00,1404.4000244140625,1405.300048828125,1404.4000244140625,1405.300048828125,219872
2026-02-10 09:10:00,1405.300048828125,1405.800048828125,1404.5999755859375,1405.800048828125,292345
2026-02-10 09:15:00,1405.800048828125,1407.0,1405.699951171875,1406.699951171875,321771
2026-02-10 09:20:00,1406.5999755859375,1406.699951171875,1406.0999755859375,1406.199951171875,294672
2026-02-10 09:25:00,1406.0999755859375,1406.9000244140625,1405.199951171875,1406.5999755859375,203298
2026-02-10 09:30:00,1406.300048828125,1409.0,1404.199951171875,1408.0999755859375,1658900
2026-02-10 09:35:00,1407.5999755859375,1409.300048828125,1403.4000244140625,1408.5999755859375,1988750
2026-02-10 09:40:00,1408.699951171875,1409.300048828125,1406.300048828125,1407.0999755859375,676025
2026-02-10 09:45:00,1407.0999755859375,1408.5999755859375,1405.0999755859375,1405.0999755859375,591642
2026-02-10 09:50:00,1405.199951171875,1405.199951171875,1403.0,1403.5999755859375,392879
2026-02-10 09:55:00,1403.5999755859375,1406.5,1402.5999755859375,1406.5,433546
2026-02-11 03:45:00,1407.5,1413.0,1405.0999755859375,1407.199951171875,0
2026-02-11 03:50:00,1407.4000244140625,1409.5999755859375,1407.0999755859375,1409.5,333535
2026-02-11 03:55:00,1409.5,1410.699951171875,1406.800048828125,1407.699951171875,110161
2026-02-11 04:00:00,1407.9000244140625,1408.0,1405.4000244140625,1405.4000244140625,74516
2026-02-11 04:05:00,1405.5,1405.5999755859375,1402.0,1402.9000244140625,157583
2026-02-11 04:10:00,1402.9000244140625,1403.800048828125,1402.300048828125,1403.0,103799
2026-02-11 04:15:00,1402.5,1404.199951171875,1402.0,1404.0,166729
2026-02-11 04:20:00,1404.0,1405.699951171875,1403.199951171875,1405.5999755859375,66319
2026-02-11 04:25:00,1405.5999755859375,1405.699951171875,1405.0999755859375,1405.4000244140625,52809
2026-02-11 04:30:00,1405.4000244140625,1405.5,1404.0,1405.300048828125,95426
2026-02-11 04:35:00,1405.300048828125,1407.0,1405.300048828125,1406.4000244140625,57909
2026-02-11 04:40:00,1406.4000244140625,1406.9000244140625,1405.0,1405.4000244140625,68201
2026-02-11 04:45:00,1405.4000244140625,1405.699951171875,1404.800048828125,1404.9000244140625,55257
2026-02-11 04:50:00,1404.9000244140625,1404.9000244140625,1404.199951171875,1404.5,78434
2026-02-11 04:55:00,1404.5999755859375,1404.5999755859375,1403.5999755859375,1403.5999755859375,37203
2026-02-11 05:00:00,1403.5999755859375,1403.5999755859375,1401.199951171875,1401.300048828125,98713
2026-02-11 05:05:00,1401.300048828125,1402.4000244140625,1400.5999755859375,1402.199951171875,92634
2026-02-11 05:10:00,1402.199951171875,1402.9000244140625,1401.0,1402.5,96785
2026-02-11 05:15:00,1402.4000244140625,1403.800048828125,1402.4000244140625,1403.300048828125,46634
2026-02-11 05:20:00,1403.300048828125,1403.300048828125,1402.5999755859375,1403.0999755859375,79396
2026-02-11 05:25:00,1402.800048828125,1403.0,1402.199951171875,1402.800048828125,41778
2026-02-11 05:30:00,1402.800048828125,1404.5999755859375,1402.699951171875,1404.5999755859375,57775
2026-02-11 05:35:00,1404.5999755859375,1404.5999755859375,1402.9000244140625,1403.199951171875,38427
2026-02-11 05:40:00,1403.0999755859375,1403.300048828125,1402.199951171875,1402.5,70085
2026-02-11 05:45:00,1402.5,1404.5,1402.4000244140625,1404.0,77069
2026-02-11 05:50:00,1404.0,1404.0,1402.5999755859375,1403.199951171875,25262
2026-02-11 05:55:00,1402.800048828125,1403.0999755859375,1402.699951171875,1403.0,54451
2026-02-11 06:00:00,1403.0,1404.9000244140625,1401.699951171875,1404.4000244140625,142205
2026-02-11 06:05:00,1404.4000244140625,1405.5,1403.5999755859375,1404.699951171875,213131
2026-02-11 06:10:00,1404.4000244140625,1405.300048828125,1403.5,1403.5,27488
2026-02-11 06:15:00,1403.9000244140625,1404.5,1403.0999755859375,1404.300048828125,17008
2026-02-11 06:20:00,1404.300048828125,1405.5,1404.0,1405.0999755859375,42696
2026-02-11 06:25:00,1405.199951171875,1406.300048828125,1404.9000244140625,1406.0999755859375,54215
2026-02-11 06:30:00,1405.5,1406.4000244140625,1405.5,1406.4000244140625,12524
2026-02-11 06:35:00,1406.5,1406.800048828125,1404.5999755859375,1404.9000244140625,35666
2026-02-11 06:40:00,1405.0,1405.0,1403.4000244140625,1403.800048828125,36482
2026-02-11 06:45:00,1403.800048828125,1404.9000244140625,1403.5,1404.4000244140625,197499
2026-02-11 06:50:00,1404.5,1404.5999755859375,1403.300048828125,1403.4000244140625,35430
2026-02-11 06:55:00,1403.5,1404.300048828125,1403.199951171875,1403.699951171875,55820
2026-02-11 07:00:00,1403.699951171875,1403.800048828125,1402.4000244140625,1403.4000244140625,59538
2026-02-11 07:05:00,1403.5,1403.9000244140625,1401.4000244140625,1401.800048828125,83163
2026-02-11 07:10:00,1401.800048828125,1403.0,1401.800048828125,1402.4000244140625,70871
2026-02-11 07:15:00,1402.4000244140625,1404.9000244140625,1402.199951171875,1404.9000244140625,86655
2026-02-11 07:20:00,1404.9000244140625,1406.699951171875,1404.800048828125,1405.699951171875,187055
2026-02-11 07:25:00,1405.800048828125,1407.699951171875,1405.0,1405.199951171875,215625
2026-02-11 07:30:00,1405.199951171875,1405.5,1404.0999755859375,1404.5999755859375,263108
2026-02-11 07:35:00,1404.5999755859375,1405.5,1404.5999755859375,1405.0,53545
2026-02-11 07:40:00,1405.0,1405.5,1404.199951171875,1404.699951171875,93720
2026-02-11 07:45:00,1404.699951171875,1404.699951171875,1404.0999755859375,1404.199951171875,24016
2026-02-11 07:50:00,1404.199951171875,1405.5,1404.0999755859375,1404.9000244140625,67643
2026-02-11 07:55:00,1404.9000244140625,1405.0,1404.5999755859375,1404.9000244140625,24803
2026-02-11 08:00:00,1404.9000244140625,1404.9000244140625,1403.9000244140625,1403.9000244140625,65044
2026-02-11 08:05:00,1403.9000244140625,1405.699951171875,1403.5,1405.699951171875,105703
2026-02-11 08:10:00,1405.699951171875,1408.0,1405.5999755859375,1406.199951171875,144726
2026-02-11 08:15:00,1406.199951171875,1406.300048828125,1405.0,1405.800048828125,199144
2026-02-11 08:20:00,1405.800048828125,1405.9000244140625,1404.800048828125,1405.199951171875,50867
2026-02-11 08:25:00,1405.199951171875,1405.9000244140625,1404.4000244140625,1404.5,69298
2026-02-11 08:30:00,1404.5,1406.199951171875,1404.4000244140625,1405.699951171875,90661
2026-02-11 08:35:00,1405.800048828125,1406.300048828125,1405.699951171875,1406.0,58861
2026-02-11 08:40:00,1406.0,1407.0,1405.5,1407.0,107168
2026-02-11 08:45:00,1407.0,1407.0,1405.5,1405.5999755859375,75954
2026-02-11 08:50:00,1405.5999755859375,1405.699951171875,1404.4000244140625,1404.5999755859375,28719
2026-02-11 08:55:00,1404.5999755859375,1405.300048828125,1404.300048828125,1404.5999755859375,63991
2026-02-11 09:00:00,1404.5999755859375,1405.300048828125,1403.5,1404.300048828125,60794
2026-02-11 09:05:00,1404.300048828125,1404.4000244140625,1403.199951171875,1403.5,48005
2026-02-11 09:10:00,1403.5,1404.4000244140625,1403.0,1403.800048828125,62849
2026-02-11 09:15:00,1403.5999755859375,1405.9000244140625,1403.5,1404.9000244140625,216533
2026-02-11 09:20:00,1405.0,1405.0,1403.800048828125,1404.5,136010
2026-02-11 09:25:00,1404.699951171875,1404.800048828125,1403.699951171875,1403.9000244140625,64992
2026-02-11 09:30:00,1404.0,1405.800048828125,1404.0,1404.9000244140625,343290
2026-02-11 09:35:00,1404.9000244140625,1405.9000244140625,1404.800048828125,1405.9000244140625,172230
2026-02-11 09:40:00,1405.9000244140625,1407.0,1405.5,1406.9000244140625,265899
2026-02-11 09:45:00,1406.9000244140625,1407.0,1406.5,1406.800048828125,218874
2026-02-11 09:50:00,1406.9000244140625,1407.9000244140625,1406.699951171875,1407.9000244140625,184757
2026-02-11 09:55:00,1407.9000244140625,1409.0,1407.5999755859375,1408.0,182458
2026-02-12 03:45:00,1406.5999755859375,1416.800048828125,1406.5999755859375,1416.800048828125,0
2026-02-12 03:50:00,1416.300048828125,1420.9000244140625,1415.300048828125,1420.9000244140625,219238
2026-02-12 03:55:00,1420.9000244140625,1422.699951171875,1419.800048828125,1422.5999755859375,176707
2026-02-12 04:00:00,1422.5999755859375,1428.0,1422.0,1423.0,447773
2026-02-12 04:05:00,1423.5,1425.4000244140625,1421.199951171875,1424.699951171875,229424
2026-02-12 04:10:00,1424.800048828125,1425.800048828125,1421.9000244140625,1423.9000244140625,332317
2026-02-12 04:15:00,1423.9000244140625,1427.0,1422.4000244140625,1425.5999755859375,254647
2026-02-12 04:20:00,1425.5999755859375,1426.800048828125,1423.5,1424.300048828125,114326
2026-02-12 04:25:00,1424.9000244140625,1424.9000244140625,1422.5,1424.0,99960
2026-02-12 04:30:00,1424.4000244140625,1424.5,1422.5999755859375,1423.0,230417
2026-02-12 04:35:00,1423.0,1423.199951171875,1421.5999755859375,1422.0,191494
2026-02-12 04:40:00,1422.4000244140625,1424.0,1420.699951171875,1423.5,102471
2026-02-12 04:45:00,1423.300048828125,1424.300048828125,1423.0,1424.0999755859375,164000
2026-02-12 04:50:00,1424.0999755859375,1426.5999755859375,1423.800048828125,1425.0,181987
2026-02-12 04:55:00,1424.9000244140625,1425.0,1421.699951171875,1422.199951171875,111436
2026-02-12 05:00:00,1422.199951171875,1423.0,1421.699951171875,1422.5999755859375,62360
2026-02-12 05:05:00,1422.0999755859375,1424.4000244140625,1422.0999755859375,1422.5999755859375,103620
2026-02-12 05:10:00,1423.199951171875,1424.0,1421.9000244140625,1422.5,90793
2026-02-12 05:15:00,1422.5,1423.199951171875,1421.800048828125,1422.5,91443
2026-02-12 05:20:00,1422.5,1423.199951171875,1421.699951171875,1422.300048828125,90194
2026-02-12 05:25:00,1422.300048828125,1424.0999755859375,1422.0,1423.300048828125,108695
2026-02-12 05:30:00,1423.0,1424.0,1422.5,1423.199951171875,81846
2026-02-12 05:35:00,1423.199951171875,1425.0,1422.5999755859375,1424.699951171875,110113
2026-02-12 05:40:00,1424.699951171875,1424.800048828125,1423.0,1423.4000244140625,93086
2026-02-12 05:45:00,1423.4000244140625,1423.9000244140625,1422.0,1423.5999755859375,93761
2026-02-12 05:50:00,1423.5999755859375,1423.9000244140625,1422.5999755859375,1423.5999755859375,103631
2026-02-12 05:55:00,1423.5999755859375,1424.5999755859375,1422.699951171875,1424.0999755859375,106441
2026-02-12 06:00:00,1424.699951171875,1425.0,1423.5999755859375,1424.0,121645
2026-02-12 06:05:00,1424.199951171875,1424.5999755859375,1423.0999755859375,1423.300048828125,109036
2026-02-12 06:10:00,1423.300048828125,1426.0,1423.0999755859375,1425.9000244140625,187059
2026-02-12 06:15:00,1425.699951171875,1426.0,1424.800048828125,1425.800048828125,78581
2026-02-12 06:20:00,1425.800048828125,1426.300048828125,1424.5,1426.0999755859375,196100
2026-02-12 06:25:00,1425.5999755859375,1426.800048828125,1424.5999755859375,1426.5,186088
2026-02-12 06:30:00,1426.5,1426.800048828125,1422.4000244140625,1423.800048828125,190389
2026-02-12 06:35:00,1423.800048828125,1424.800048828125,1422.5999755859375,1424.5999755859375,192761
2026-02-12 06:40:00,1424.5999755859375,1425.300048828125,1422.5999755859375,1423.0999755859375,245277
2026-02-12 06:45:00,1423.0,1424.5999755859375,1422.5999755859375,1424.300048828125,225348
2026-02-12 06:50:00,1424.4000244140625,1425.0,1423.5,1424.199951171875,278104
2026-02-12 06:55:00,1424.199951171875,1425.5,1423.800048828125,1424.800048828125,104750
2026-02-12 07:00:00,1425.0,1426.0,1424.199951171875,1425.0,85295
2026-02-12 07:05:00,1425.0,1426.300048828125,1424.800048828125,1424.9000244140625,87443
2026-02-12 07:10:00,1425.199951171875,1425.800048828125,1424.5,1424.699951171875,68473
2026-02-12 07:15:00,1425.0999755859375,1426.300048828125,1424.300048828125,1425.199951171875,117624
2026-02-12 07:20:00,1424.699951171875,1426.0,1424.5,1425.699951171875,103343
2026-02-12 07:25:00,1425.800048828125,1426.199951171875,1424.800048828125,1425.5,76236
2026-02-12 07:30:00,1425.4000244140625,1426.699951171875,1425.0,1426.0999755859375,133534
2026-02-12 07:35:00,1426.5999755859375,1426.5999755859375,1424.9000244140625,1425.5,161493
2026-02-12 07:40:00,1425.699951171875,1427.5,1425.199951171875,1427.0999755859375,284642
2026-02-12 07:45:00,1427.0999755859375,1428.9000244140625,1426.300048828125,1427.699951171875,382838
2026-02-12 07:50:00,1427.699951171875,1427.9000244140625,1425.4000244140625,1426.300048828125,154761
2026-02-12 07:55:00,1426.5,1427.5999755859375,1425.300048828125,1425.699951171875,234623
2026-02-12 08:00:00,1425.699951171875,1425.9000244140625,1424.199951171875,1424.9000244140625,279427
2026-02-12 08:05:00,1425.0,1428.5999755859375,1424.699951171875,1428.5,143069
2026-02-12 08:10:00,1428.5999755859375,1428.699951171875,1426.699951171875,1428.699951171875,218780
2026-02-12 08:15:00,1428.800048828125,1430.0,1427.800048828125,1428.0,319402
2026-02-12 08:20:00,1429.0999755859375,1429.4000244140625,1425.800048828125,1427.5999755859375,302199
2026-02-12 08:25:00,1427.5999755859375,1428.5999755859375,1427.0999755859375,1428.300048828125,79262
2026-02-12 08:30:00,1428.300048828125,1428.800048828125,1427.300048828125,1428.5999755859375,101129
2026-02-12 08:35:00,1428.5999755859375,1429.4000244140625,1427.699951171875,1429.0999755859375,224270
2026-02-12 08:40:00,1429.199951171875,1430.0,1428.5999755859375,1429.199951171875,156917
2026-02-12 08:45:00,1429.199951171875,1429.800048828125,1428.300048828125,1428.800048828125,163757
2026-02-12 08:50:00,1428.800048828125,1429.5,1427.5,1428.0,314957
2026-02-12 08:55:00,1428.0,1429.0999755859375,1427.800048828125,1428.800048828125,218051
2026-02-12 09:00:00,1428.9000244140625,1429.199951171875,1428.0,1428.9000244140625,326183
2026-02-12 09:05:00,1428.9000244140625,1429.5,1426.300048828125,1426.5999755859375,472485
2026-02-12 09:10:00,1426.5999755859375,1428.300048828125,1425.699951171875,1426.199951171875,296002
2026-02-12 09:15:00,1426.300048828125,1427.199951171875,1425.5,1426.5,652678
2026-02-12 09:20:00,1426.5999755859375,1428.0999755859375,1425.800048828125,1427.300048828125,507803
2026-02-12 09:25:00,1427.199951171875,1428.0,1426.5999755859375,1427.9000244140625,298746
2026-02-12 09:30:00,1427.9000244140625,1433.0,1427.5,1430.199951171875,1617862
2026-02-12 09:35:00,1429.5999755859375,1431.9000244140625,1427.199951171875,1430.800048828125,1393746
2026-02-12 09:40:00,1431.0,1431.9000244140625,1429.699951171875,1430.699951171875,791244
2026-02-12 09:45:00,1430.699951171875,1431.300048828125,1428.699951171875,1429.0999755859375,776646
2026-02-12 09:50:00,1429.699951171875,1430.300048828125,1428.0,1430.0999755859375,492707
2026-02-12 09:55:00,1430.0,1432.0,1430.0,1432.0,842798
2026-02-13 03:45:00,1426.0999755859375,1433.199951171875,1425.4000244140625,1425.800048828125,0
2026-02-13 03:50:00,1426.800048828125,1428.5,1425.699951171875,1428.5,248396
2026-02-13 03:55:00,1428.300048828125,1431.4000244140625,1428.300048828125,1430.5,318390
2026-02-13 04:00:00,1430.5,1431.699951171875,1429.699951171875,1430.0,125887
2026-02-13 04:05:00,1430.0,1430.0,1428.4000244140625,1429.0,158251
2026-02-13 04:10:00,1429.4000244140625,1429.4000244140625,1425.5,1425.699951171875,160829
2026-02-13 04:15:00,1425.5999755859375,1426.5,1424.199951171875,1426.300048828125,214745
2026-02-13 04:20:00,1426.199951171875,1426.9000244140625,1425.4000244140625,1425.699951171875,58649
2026-02-13 04:25:00,1425.699951171875,1427.5,1425.4000244140625,1427.0999755859375,78781
2026-02-13 04:30:00,1427.0999755859375,1428.5999755859375,1426.699951171875,1428.5999755859375,101573
2026-02-13 04:35:00,1428.5,1429.199951171875,1427.800048828125,1429.199951171875,96002
2026-02-13 04:40:00,1429.199951171875,1429.300048828125,1427.9000244140625,1428.4000244140625,73355
2026-02-13 04:45:00,1428.4000244140625,1429.0,1427.699951171875,1429.0,72715
2026-02-13 04:50:00,1428.9000244140625,1428.9000244140625,1427.0,1427.9000244140625,287402
2026-02-13 04:55:00,1427.9000244140625,1428.0,1425.199951171875,1425.199951171875,65349
2026-02-13 05:00:00,1425.300048828125,1425.300048828125,1421.5999755859375,1421.5999755859375,90881
2026-02-13 05:05:00,1421.5999755859375,1422.300048828125,1420.699951171875,1422.0999755859375,101139
2026-02-13 05:10:00,1422.0999755859375,1422.5,1421.199951171875,1421.199951171875,164993
2026-02-13 05:15:00,1421.199951171875,1421.800048828125,1418.0999755859375,1418.4000244140625,131956
2026-02-13 05:20:00,1418.5999755859375,1419.199951171875,1417.5999755859375,1419.199951171875,86882
2026-02-13 05:25:00,1419.199951171875,1419.199951171875,1418.4000244140625,1418.5999755859375,49423
2026-02-13 05:30:00,1418.5999755859375,1419.0,1418.0999755859375,1418.5999755859375,60245
2026-02-13 05:35:00,1418.5999755859375,1418.699951171875,1417.5999755859375,1417.699951171875,58680
2026-02-13 05:40:00,1417.9000244140625,1418.199951171875,1417.699951171875,1418.0,53974
2026-02-13 05:45:00,1418.0,1418.0999755859375,1417.5,1417.9000244140625,56672
2026-02-13 05:50:00,1418.0,1418.800048828125,1417.5999755859375,1418.4000244140625,82957
2026-02-13 05:55:00,1418.4000244140625,1418.699951171875,1417.5999755859375,1418.699951171875,40434
2026-02-13 06:00:00,1418.699951171875,1418.699951171875,1417.5,1417.800048828125,41201
2026-02-13 06:05:00,1417.699951171875,1418.0,1417.0999755859375,1417.800048828125,57690
2026-02-13 06:10:00,1417.699951171875,1418.4000244140625,1417.0,1417.800048828125,38667
2026-02-13 06:15:00,1417.800048828125,1418.199951171875,1414.5999755859375,1415.0,99806
2026-02-13 06:20:00,1415.0,1415.5999755859375,1413.699951171875,1413.699951171875,65356
2026-02-13 06:25:00,1413.699951171875,1414.9000244140625,1412.9000244140625,1413.4000244140625,218630
2026-02-13 06:30:00,1413.4000244140625,1414.0,1412.699951171875,1413.0,83626
2026-02-13 06:35:00,1412.699951171875,1413.300048828125,1412.0999755859375,1413.0,50856
2026-02-13 06:40:00,1413.0,1413.5,1411.5,1411.800048828125,1645970
2026-02-13 06:45:00,1411.800048828125,1412.300048828125,1410.9000244140625,1412.300048828125,120010
2026-02-13 06:50:00,1412.4000244140625,1414.5,1412.4000244140625,1414.5,63327
2026-02-13 06:55:00,1414.5,1415.0,1412.9000244140625,1414.199951171875,63397
2026-02-13 07:00:00,1414.199951171875,1414.800048828125,1412.199951171875,1414.199951171875,95504
2026-02-13 07:05:00,1414.199951171875,1414.5999755859375,1413.0999755859375,1414.0,42425
2026-02-13 07:10:00,1413.9000244140625,1414.5999755859375,1413.0,1413.9000244140625,72482
2026-02-13 07:15:00,1413.9000244140625,1414.5999755859375,1413.699951171875,1414.4000244140625,47788
2026-02-13 07:20:00,1414.4000244140625,1414.800048828125,1413.9000244140625,1414.4000244140625,57041
2026-02-13 07:25:00,1414.0999755859375,1414.5999755859375,1413.4000244140625,1414.5999755859375,115945
2026-02-13 07:30:00,1414.699951171875,1415.4000244140625,1414.0,1415.4000244140625,81921
2026-02-13 07:35:00,1415.199951171875,1416.800048828125,1414.699951171875,1416.5999755859375,194849
2026-02-13 07:40:00,1416.5,1419.800048828125,1416.300048828125,1418.0,399962
2026-02-13 07:45:00,1417.5,1418.0,1416.0,1416.300048828125,76553
2026-02-13 07:50:00,1416.300048828125,1416.300048828125,1415.4000244140625,1415.800048828125,39406
2026-02-13 07:55:00,1415.699951171875,1415.800048828125,1415.300048828125,1415.300048828125,41238
2026-02-13 08:00:00,1415.300048828125,1417.699951171875,1414.5999755859375,1416.4000244140625,235583
2026-02-13 08:05:00,1416.5999755859375,1418.199951171875,1415.9000244140625,1416.0999755859375,152455
2026-02-13 08:10:00,1416.5999755859375,1417.0999755859375,1415.300048828125,1415.4000244140625,150499
2026-02-13 08:15:00,1415.300048828125,1416.5,1414.199951171875,1414.800048828125,182897
2026-02-13 08:20:00,1414.800048828125,1415.4000244140625,1414.0,1414.800048828125,142314
2026-02-13 08:25:00,1414.4000244140625,1415.300048828125,1414.0,1414.9000244140625,122226
2026-02-13 08:30:00,1414.9000244140625,1414.9000244140625,1413.4000244140625,1414.0,115878
2026-02-13 08:35:00,1414.0,1414.0999755859375,1412.0999755859375,1413.300048828125,132719
2026-02-13 08:40:00,1413.300048828125,1413.9000244140625,1412.5,1412.9000244140625,119187
2026-02-13 08:45:00,1412.9000244140625,1413.699951171875,1411.5,1411.9000244140625,183533
2026-02-13 08:50:00,1411.9000244140625,1412.9000244140625,1411.300048828125,1412.9000244140625,138984
2026-02-13 08:55:00,1412.9000244140625,1413.0,1412.199951171875,1412.800048828125,107085
2026-02-13 09:00:00,1412.699951171875,1412.9000244140625,1411.4000244140625,1412.0,124637
2026-02-13 09:05:00,1412.0,1413.0,1411.4000244140625,1412.5999755859375,121770
2026-02-13 09:10:00,1412.5,1415.0999755859375,1412.4000244140625,1415.0999755859375,136374
2026-02-13 09:15:00,1415.0999755859375,1416.800048828125,1414.5,1416.5,144415
2026-02-13 09:20:00,1416.5,1416.5,1414.5,1414.699951171875,153847
2026-02-13 09:25:00,1414.5999755859375,1415.199951171875,1413.9000244140625,1414.300048828125,115698
2026-02-13 09:30:00,1414.300048828125,1414.9000244140625,1413.0,1413.5,423115
2026-02-13 09:35:00,1413.5,1418.0,1413.5,1418.0,460051
2026-02-13 09:40:00,1417.800048828125,1417.800048828125,1413.5,1414.300048828125,328144
2026-02-13 09:45:00,1414.300048828125,1415.0,1413.5,1414.0,343071
2026-02-13 09:50:00,1414.199951171875,1414.4000244140625,1412.0999755859375,1414.0,373456
2026-02-13 09:55:00,1413.9000244140625,1416.300048828125,1412.5999755859375,1415.0,320008
2026-02-16 03:45:00,1402.800048828125,1408.9000244140625,1400.800048828125,1408.5,0
2026-02-16 03:50:00,1408.699951171875,1410.0,1408.5,1408.800048828125,103674
2026-02-16 03:55:00,1408.9000244140625,1411.5999755859375,1408.9000244140625,1410.5999755859375,78543
2026-02-16 04:00:00,1410.699951171875,1412.199951171875,1410.4000244140625,1411.5,43743
2026-02-16 04:05:00,1410.9000244140625,1411.0,1409.5999755859375,1410.0999755859375,47593
2026-02-16 04:10:00,1410.0999755859375,1410.5999755859375,1409.4000244140625,1409.5,58770
2026-02-16 04:15:00,1409.5,1409.800048828125,1408.699951171875,1409.800048828125,38873
2026-02-16 04:20:00,1409.699951171875,1411.0999755859375,1409.0999755859375,1410.5999755859375,39521
2026-02-16 04:25:00,1410.4000244140625,1412.0,1410.4000244140625,1410.9000244140625,45786
2026-02-16 04:30:00,1410.9000244140625,1411.5,1409.5999755859375,1411.0999755859375,57019
2026-02-16 04:35:00,1411.5,1411.5,1409.199951171875,1409.5,67072
2026-02-16 04:40:00,1409.5,1412.0,1409.199951171875,1411.5,145487
2026-02-16 04:45:00,1411.5,1412.199951171875,1411.0999755859375,1411.4000244140625,42573
2026-02-16 04:50:00,1411.0,1411.0999755859375,1409.300048828125,1409.4000244140625,35483
2026-02-16 04:55:00,1409.4000244140625,1410.699951171875,1409.199951171875,1409.699951171875,44446
2026-02-16 05:00:00,1409.9000244140625,1410.0,1409.300048828125,1409.5,59556
2026-02-16 05:05:00,1409.5,1410.0,1409.0,1409.0999755859375,72627
2026-02-16 05:10:00,1409.199951171875,1409.199951171875,1405.5,1406.9000244140625,96865
2026-02-16 05:15:00,1406.5999755859375,1407.5999755859375,1406.5999755859375,1407.300048828125,63928
2026-02-16 05:20:00,1407.0,1407.9000244140625,1406.4000244140625,1407.4000244140625,81613
2026-02-16 05:25:00,1407.0999755859375,1407.5999755859375,1406.0,1407.0999755859375,55052
2026-02-16 05:30:00,1407.0999755859375,1407.5999755859375,1406.0,1407.199951171875,33323
2026-02-16 05:35:00,1407.199951171875,1407.4000244140625,1405.5999755859375,1407.300048828125,62635
2026-02-16 05:40:00,1407.300048828125,1407.5,1405.800048828125,1405.800048828125,50540
2026-02-16 05:45:00,1405.9000244140625,1407.4000244140625,1405.699951171875,1406.5,72901
2026-02-16 05:50:00,1406.4000244140625,1407.300048828125,1405.5999755859375,1406.9000244140625,31603
2026-02-16 05:55:00,1407.0,1407.0,1404.4000244140625,1405.0,39122
2026-02-16 06:00:00,1405.0,1405.5,1404.0,1404.0,60661
2026-02-16 06:05:00,1404.0,1404.699951171875,1403.5,1404.5,24249
2026-02-16 06:10:00,1404.5,1404.5999755859375,1403.300048828125,1403.4000244140625,24898
2026-02-16 06:15:00,1403.9000244140625,1404.0,1402.699951171875,1403.5,37368
2026-02-16 06:20:00,1403.9000244140625,1403.9000244140625,1402.5999755859375,1402.699951171875,32882
2026-02-16 06:25:00,1402.5999755859375,1403.699951171875,1402.5,1403.300048828125,28768
2026-02-16 06:30:00,1403.5999755859375,1403.800048828125,1403.0,1403.5999755859375,16888
2026-02-16 06:35:00,1403.5,1403.9000244140625,1402.9000244140625,1403.800048828125,23018
2026-02-16 06:40:00,1403.800048828125,1405.5,1403.300048828125,1405.199951171875,16100
2026-02-16 06:45:00,1405.199951171875,1406.4000244140625,1404.699951171875,1406.199951171875,22416
2026-02-16 06:50:00,1406.199951171875,1407.0,1406.0,1407.0,35970
2026-02-16 06:55:00,1406.800048828125,1408.9000244140625,1406.699951171875,1408.699951171875,38376
2026-02-16 07:00:00,1409.199951171875,1411.0,1408.5,1410.800048828125,90101
2026-02-16 07:05:00,1410.800048828125,1411.9000244140625,1410.0999755859375,1410.199951171875,14533
2026-02-16 07:10:00,1410.199951171875,1411.5,1410.0,1410.800048828125,20667
2026-02-16 07:15:00,1410.5999755859375,1411.199951171875,1410.0,1410.300048828125,30451
2026-02-16 07:20:00,1410.300048828125,1410.9000244140625,1410.0,1410.0,22273
2026-02-16 07:25:00,1410.0,1410.4000244140625,1409.0,1409.300048828125,20336
2026-02-16 07:30:00,1409.300048828125,1410.0,1409.300048828125,1409.5,28100
2026-02-16 07:35:00,1409.5,1409.5999755859375,1408.5,1409.0,22334
2026-02-16 07:40:00,1409.4000244140625,1409.9000244140625,1408.199951171875,1409.0,49916
2026-02-16 07:45:00,1409.0,1409.0999755859375,1408.0,1408.4000244140625,10677
2026-02-16 07:50:00,1408.300048828125,1408.5,1407.199951171875,1407.5,18697
2026-02-16 07:55:00,1407.5,1408.0999755859375,1406.699951171875,1408.0999755859375,32436
2026-02-16 08:00:00,1408.0,1408.0,1406.800048828125,1407.300048828125,25274
2026-02-16 08:05:00,1407.4000244140625,1410.0,1406.800048828125,1409.4000244140625,189957
2026-02-16 08:10:00,1409.4000244140625,1410.699951171875,1409.0999755859375,1410.699951171875,36441
2026-02-16 08:15:00,1410.699951171875,1410.800048828125,1408.5,1409.300048828125,24694
2026-02-16 08:20:00,1409.300048828125,1409.300048828125,1407.300048828125,1407.300048828125,198894
2026-02-16 08:25:00,1407.300048828125,1408.9000244140625,1405.5999755859375,1408.5999755859375,179232
2026-02-16 08:30:00,1408.5999755859375,1410.699951171875,1408.300048828125,1410.0,297001
2026-02-16 08:35:00,1410.0,1410.300048828125,1409.199951171875,1409.5,45563
2026-02-16 08:40:00,1409.300048828125,1409.5,1408.5999755859375,1409.5,38015
2026-02-16 08:45:00,1409.5,1410.5999755859375,1408.9000244140625,1409.0999755859375,39475
2026-02-16 08:50:00,1409.0999755859375,1409.699951171875,1408.699951171875,1409.0999755859375,22955
2026-02-16 08:55:00,1409.199951171875,1411.0999755859375,1408.5999755859375,1410.300048828125,53647
2026-02-16 09:00:00,1410.300048828125,1411.5,1409.300048828125,1411.4000244140625,47675
2026-02-16 09:05:00,1410.699951171875,1411.5,1410.0,1410.0999755859375,129652
2026-02-16 09:10:00,1410.4000244140625,1411.0,1410.0,1411.0,19473
2026-02-16 09:15:00,1411.0,1413.0,1410.300048828125,1412.5999755859375,41577
2026-02-16 09:20:00,1412.9000244140625,1413.0,1411.0999755859375,1411.5,28426
2026-02-16 09:25:00,1411.0999755859375,1412.0999755859375,1410.800048828125,1411.699951171875,48814
2026-02-16 09:30:00,1411.5999755859375,1411.9000244140625,1410.699951171875,1411.9000244140625,57423
2026-02-16 09:35:00,1411.9000244140625,1412.5999755859375,1410.5999755859375,1411.199951171875,103059
2026-02-16 09:40:00,1411.199951171875,1412.5,1410.300048828125,1410.5,154052
2026-02-16 09:45:00,1410.9000244140625,1411.699951171875,1409.4000244140625,1411.699951171875,198247
2026-02-16 09:50:00,1411.5999755859375,1413.0,1410.300048828125,1412.5,169270
2026-02-16 09:55:00,1412.800048828125,1414.0,1410.199951171875,1411.5999755859375,201529
2026-02-17 03:45:00,1408.0,1408.0,1400.800048828125,1401.4000244140625,0
2026-02-17 03:50:00,1401.300048828125,1401.800048828125,1398.300048828125,1398.300048828125,76424
2026-02-17 03:55:00,1398.0,1399.0,1395.0,1395.0,88372
2026-02-17 04:00:00,1395.0999755859375,1395.4000244140625,1393.699951171875,1394.4000244140625,67514
2026-02-17 04:05:00,1394.5,1396.0999755859375,1393.800048828125,1396.0999755859375,42368
2026-02-17 04:10:00,1396.0999755859375,1397.4000244140625,1394.199951171875,1397.4000244140625,44056
2026-02-17 04:15:00,1397.4000244140625,1397.4000244140625,1396.4000244140625,1396.9000244140625,35367
2026-02-17 04:20:00,1396.800048828125,1398.800048828125,1396.699951171875,1397.0999755859375,38051
2026-02-17 04:25:00,1397.300048828125,1398.800048828125,1396.9000244140625,1398.800048828125,35346
2026-02-17 04:30:00,1398.5,1400.0,1398.199951171875,1399.699951171875,20098
2026-02-17 04:35:00,1399.9000244140625,1401.199951171875,1399.9000244140625,1400.4000244140625,27225
2026-02-17 04:40:00,1400.4000244140625,1400.4000244140625,1398.800048828125,1399.9000244140625,24706
2026-02-17 04:45:00,1400.0,1400.5,1398.5,1400.5,16728
2026-02-17 04:50:00,1400.5,1401.4000244140625,1399.9000244140625,1400.4000244140625,28047
2026-02-17 04:55:00,1400.5,1403.0999755859375,1400.4000244140625,1402.9000244140625,74618
2026-02-17 05:00:00,1402.9000244140625,1403.0,1400.800048828125,1401.800048828125,36692
2026-02-17 05:05:00,1401.5,1401.800048828125,1400.300048828125,1400.5999755859375,29259
2026-02-17 05:10:00,1400.5999755859375,1400.9000244140625,1397.9000244140625,1398.199951171875,40277
2026-02-17 05:15:00,1398.5999755859375,1398.699951171875,1397.5999755859375,1398.699951171875,29443
2026-02-17 05:20:00,1398.300048828125,1398.800048828125,1398.0999755859375,1398.699951171875,22288
2026-02-17 05:25:00,1398.699951171875,1400.0,1398.5,1399.9000244140625,32013
2026-02-17 05:30:00,1399.800048828125,1399.9000244140625,1398.5999755859375,1398.9000244140625,23770
2026-02-17 05:35:00,1398.800048828125,1398.800048828125,1397.4000244140625,1398.199951171875,38028
2026-02-17 05:40:00,1398.199951171875,1398.5,1397.5,1397.5999755859375,22104
2026-02-17 05:45:00,1397.800048828125,1399.9000244140625,1397.5999755859375,1399.5999755859375,28290
2026-02-17 05:50:00,1399.800048828125,1400.5,1398.9000244140625,1400.0999755859375,58675
2026-02-17 05:55:00,1400.0999755859375,1400.4000244140625,1399.5999755859375,1400.4000244140625,29366
2026-02-17 06:00:00,1400.4000244140625,1402.300048828125,1399.300048828125,1402.300048828125,132014
2026-02-17 06:05:00,1402.199951171875,1405.0999755859375,1401.800048828125,1403.5,251792
2026-02-17 06:10:00,1403.699951171875,1404.199951171875,1402.5,1403.5,285071
2026-02-17 06:15:00,1403.5,1404.9000244140625,1403.0999755859375,1403.5999755859375,215639
2026-02-17 06:20:00,1403.5,1404.300048828125,1403.199951171875,1404.300048828125,52261
2026-02-17 06:25:00,1404.4000244140625,1405.0,1403.4000244140625,1403.699951171875,64290
2026-02-17 06:30:00,1403.4000244140625,1404.5,1403.300048828125,1403.5999755859375,57462
2026-02-17 06:35:00,1403.4000244140625,1404.199951171875,1403.300048828125,1403.699951171875,32405
2026-02-17 06:40:00,1403.300048828125,1403.699951171875,1402.0,1402.0999755859375,54740
2026-02-17 06:45:00,1401.9000244140625,1403.0,1401.4000244140625,1402.800048828125,65078
2026-02-17 06:50:00,1402.699951171875,1403.5999755859375,1402.199951171875,1402.800048828125,44848
2026-02-17 06:55:00,1402.9000244140625,1402.9000244140625,1400.5999755859375,1401.0999755859375,37379
2026-02-17 07:00:00,1401.0999755859375,1402.5999755859375,1400.5,1401.9000244140625,161441
2026-02-17 07:05:00,1401.800048828125,1403.0999755859375,1401.0,1403.0999755859375,27272
2026-02-17 07:10:00,1403.0,1403.0999755859375,1401.4000244140625,1402.4000244140625,34470
2026-02-17 07:15:00,1402.199951171875,1402.699951171875,1401.5,1402.0999755859375,13787
2026-02-17 07:20:00,1402.0,1403.5,1401.800048828125,1403.300048828125,30030
2026-02-17 07:25:00,1403.300048828125,1403.4000244140625,1401.5,1401.800048828125,68106
2026-02-17 07:30:00,1401.800048828125,1401.9000244140625,1400.0,1400.0,308002
2026-02-17 07:35:00,1399.800048828125,1402.9000244140625,1399.699951171875,1402.9000244140625,300345
2026-02-17 07:40:00,1403.199951171875,1403.5,1401.199951171875,1402.5999755859375,321591
2026-02-17 07:45:00,1402.4000244140625,1403.5,1401.199951171875,1403.300048828125,256377
2026-02-17 07:50:00,1403.300048828125,1406.199951171875,1403.199951171875,1404.699951171875,609770
2026-02-17 07:55:00,1404.5999755859375,1405.199951171875,1404.0999755859375,1404.800048828125,53774
2026-02-17 08:00:00,1404.9000244140625,1405.9000244140625,1404.699951171875,1405.5,38684
2026-02-17 08:05:00,1405.5999755859375,1406.5999755859375,1403.5,1404.199951171875,417915
2026-02-17 08:10:00,1404.4000244140625,1405.300048828125,1403.0999755859375,1403.300048828125,113722
2026-02-17 08:15:00,1403.5,1404.5,1403.300048828125,1404.0,96539
2026-02-17 08:20:00,1403.9000244140625,1404.0,1403.0,1403.199951171875,23419
2026-02-17 08:25:00,1403.0999755859375,1403.699951171875,1402.5,1402.800048828125,149751
2026-02-17 08:30:00,1402.800048828125,1405.0999755859375,1402.699951171875,1404.699951171875,315216
2026-02-17 08:35:00,1404.800048828125,1405.800048828125,1403.9000244140625,1403.9000244140625,155209
2026-02-17 08:40:00,1403.9000244140625,1404.199951171875,1402.699951171875,1402.699951171875,100878
2026-02-17 08:45:00,1402.800048828125,1405.9000244140625,1400.5999755859375,1405.199951171875,702880
2026-02-17 08:50:00,1405.0999755859375,1405.5999755859375,1405.0,1405.300048828125,33131
2026-02-17 08:55:00,1405.4000244140625,1405.9000244140625,1405.0999755859375,1405.199951171875,58621
2026-02-17 09:00:00,1405.0,1406.0,1404.699951171875,1406.0,49266
2026-02-17 09:05:00,1406.0,1406.800048828125,1405.0,1406.5,102482
2026-02-17 09:10:00,1406.5,1407.699951171875,1405.0999755859375,1406.5,556316
2026-02-17 09:15:00,1406.5,1406.699951171875,1405.9000244140625,1406.300048828125,23056
2026-02-17 09:20:00,1406.300048828125,1407.5999755859375,1405.9000244140625,1407.5999755859375,91980
2026-02-17 09:25:00,1407.5999755859375,1407.800048828125,1405.4000244140625,1406.699951171875,388713
2026-02-17 09:30:00,1406.9000244140625,1410.4000244140625,1405.0999755859375,1405.0999755859375,1196435
2026-02-17 09:35:00,1405.0999755859375,1409.9000244140625,1404.199951171875,1409.0999755859375,1196353
2026-02-17 09:40:00,1410.0,1410.0,1404.699951171875,1405.4000244140625,462842
2026-02-17 09:45:00,1405.4000244140625,1407.4000244140625,1405.0999755859375,1406.5,448016
2026-02-17 09:50:00,1407.0,1408.4000244140625,1406.5999755859375,1406.5999755859375,247417
2026-02-17 09:55:00,1406.699951171875,1407.5,1404.800048828125,1407.5,133549
2026-02-18 03:45:00,1410.9000244140625,1411.0,1406.5,1407.0,0
2026-02-18 03:50:00,1407.0,1407.0,1403.0,1403.0999755859375,41290
2026-02-18 03:55:00,1402.5999755859375,1403.0999755859375,1401.5,1402.0999755859375,50594
2026-02-18 04:00:00,1402.300048828125,1405.0,1402.0999755859375,1405.0,16572
2026-02-18 04:05:00,1405.5,1405.9000244140625,1405.0,1405.0999755859375,17760
2026-02-18 04:10:00,1405.5,1406.0,1405.0,1405.5999755859375,40261
2026-02-18 04:15:00,1405.5999755859375,1405.800048828125,1404.5999755859375,1405.5,14766
2026-02-18 04:20:00,1405.300048828125,1406.0,1404.5,1404.5999755859375,18267
2026-02-18 04:25:00,1405.0,1405.300048828125,1402.300048828125,1402.4000244140625,46189
2026-02-18 04:30:00,1402.800048828125,1403.300048828125,1402.0999755859375,1402.699951171875,23239
2026-02-18 04:35:00,1402.5,1402.9000244140625,1401.4000244140625,1401.9000244140625,86546
2026-02-18 04:40:00,1401.800048828125,1402.0,1401.300048828125,1401.800048828125,21815
2026-02-18 04:45:00,1401.800048828125,1402.199951171875,1401.0,1401.5999755859375,54297
2026-02-18 04:50:00,1402.300048828125,1402.800048828125,1401.800048828125,1402.199951171875,133562
2026-02-18 04:55:00,1402.0999755859375,1402.4000244140625,1401.0999755859375,1401.300048828125,23536
2026-02-18 05:00:00,1401.4000244140625,1401.5,1400.0999755859375,1401.0999755859375,47083
2026-02-18 05:05:00,1401.300048828125,1402.0,1400.5,1401.300048828125,17285
2026-02-18 05:10:00,1401.300048828125,1401.699951171875,1400.5999755859375,1401.0,11732
2026-02-18 05:15:00,1400.699951171875,1401.699951171875,1400.699951171875,1401.699951171875,12232
2026-02-18 05:20:00,1401.5,1402.0,1401.0999755859375,1401.800048828125,11422
2026-02-18 05:25:00,1401.199951171875,1402.0,1401.199951171875,1401.699951171875,10314
2026-02-18 05:30:00,1401.699951171875,1402.0,1401.5,1402.0,13297
2026-02-18 05:35:00,1402.0,1402.0,1401.4000244140625,1401.699951171875,15347
2026-02-18 05:40:00,1401.5999755859375,1402.0,1401.0,1401.199951171875,16969
2026-02-18 05:45:00,1401.5,1401.5,1399.0999755859375,1399.199951171875,53630
2026-02-18 05:50:00,1399.199951171875,1402.0999755859375,1399.199951171875,1400.300048828125,222800
2026-02-18 05:55:00,1400.0,1400.300048828125,1398.9000244140625,1400.0,30012
2026-02-18 06:00:00,1400.300048828125,1401.4000244140625,1400.0,1401.0,12679
2026-02-18 06:05:00,1401.0999755859375,1401.5,1400.4000244140625,1400.9000244140625,12460
2026-02-18 06:10:00,1400.4000244140625,1400.800048828125,1399.699951171875,1400.0,21998
2026-02-18 06:15:00,1400.0,1400.4000244140625,1399.300048828125,1399.5999755859375,14139
2026-02-18 06:20:00,1399.5,1400.300048828125,1399.300048828125,1399.699951171875,18753
2026-02-18 06:25:00,1399.5999755859375,1400.699951171875,1399.5,1399.9000244140625,18439
2026-02-18 06:30:00,1399.9000244140625,1401.4000244140625,1399.9000244140625,1400.5999755859375,25918
2026-02-18 06:35:00,1400.9000244140625,1400.9000244140625,1399.9000244140625,1400.199951171875,17020
2026-02-18 06:40:00,1400.199951171875,1400.9000244140625,1400.0,1400.0,14651
2026-02-18 06:45:00,1400.0999755859375,1400.5999755859375,1399.800048828125,1400.300048828125,16537
2026-02-18 06:50:00,1400.300048828125,1400.4000244140625,1399.4000244140625,1399.9000244140625,23380
2026-02-18 06:55:00,1400.0,1400.0999755859375,1399.199951171875,1399.5999755859375,18920
2026-02-18 07:00:00,1399.300048828125,1400.9000244140625,1399.0999755859375,1400.9000244140625,25727
2026-02-18 07:05:00,1401.0,1401.9000244140625,1400.5999755859375,1401.9000244140625,41023
2026-02-18 07:10:00,1401.9000244140625,1401.9000244140625,1400.5,1401.5,16517
2026-02-18 07:15:00,1401.5,1401.800048828125,1400.0,1400.0,31518
2026-02-18 07:20:00,1400.0,1401.4000244140625,1400.0,1401.199951171875,42957
2026-02-18 07:25:00,1401.199951171875,1401.4000244140625,1400.300048828125,1400.9000244140625,19336
2026-02-18 07:30:00,1401.4000244140625,1401.4000244140625,1400.199951171875,1401.199951171875,46557
2026-02-18 07:35:00,1401.199951171875,1402.5999755859375,1400.699951171875,1401.199951171875,122861
2026-02-18 07:40:00,1401.699951171875,1401.699951171875,1400.0,1400.0,70204
2026-02-18 07:45:00,1400.300048828125,1401.699951171875,1400.0,1401.699951171875,68224
2026-02-18 07:50:00,1401.699951171875,1402.9000244140625,1401.5,1402.5999755859375,227614
2026-02-18 07:55:00,1402.699951171875,1402.699951171875,1399.4000244140625,1400.300048828125,383490
2026-02-18 08:00:00,1400.5,1400.800048828125,1400.0,1400.300048828125,25675
2026-02-18 08:05:00,1400.300048828125,1400.9000244140625,1400.0999755859375,1400.4000244140625,23259
2026-02-18 08:10:00,1400.4000244140625,1400.9000244140625,1400.0,1400.699951171875,34928
2026-02-18 08:15:00,1400.800048828125,1401.9000244140625,1400.199951171875,1401.9000244140625,124000
2026-02-18 08:20:00,1401.9000244140625,1402.4000244140625,1400.5,1400.5,102192
2026-02-18 08:25:00,1401.0999755859375,1402.300048828125,1400.199951171875,1402.300048828125,61960
2026-02-18 08:30:00,1402.300048828125,1402.699951171875,1400.9000244140625,1401.5,108895
2026-02-18 08:35:00,1401.9000244140625,1402.5,1401.5,1401.5999755859375,51766
2026-02-18 08:40:00,1402.0999755859375,1404.0999755859375,1401.699951171875,1404.0,98380
2026-02-18 08:45:00,1404.0999755859375,1405.5999755859375,1403.5,1405.5,43337
2026-02-18 08:50:00,1405.4000244140625,1408.300048828125,1405.4000244140625,1407.9000244140625,86025
2026-02-18 08:55:00,1408.0,1408.0,1407.0999755859375,1408.0,76412
2026-02-18 09:00:00,1408.0,1408.0,1407.300048828125,1407.5,42613
2026-02-18 09:05:00,1407.5,1408.699951171875,1407.300048828125,1408.4000244140625,82684
2026-02-18 09:10:00,1408.4000244140625,1408.9000244140625,1408.0999755859375,1408.9000244140625,35493
2026-02-18 09:15:00,1408.9000244140625,1409.300048828125,1407.300048828125,1408.0,74108
2026-02-18 09:20:00,1408.0,1408.0,1407.5999755859375,1407.9000244140625,47874
2026-02-18 09:25:00,1407.800048828125,1408.0,1407.5999755859375,1408.0,39926
2026-02-18 09:30:00,1408.5,1410.0,1408.5,1408.5,333682
2026-02-18 09:35:00,1408.5,1409.0999755859375,1407.699951171875,1408.4000244140625,210514
2026-02-18 09:40:00,1408.4000244140625,1408.4000244140625,1407.800048828125,1407.9000244140625,214523
2026-02-18 09:45:00,1408.0,1408.800048828125,1408.0,1408.5999755859375,111672
2026-02-18 09:50:00,1408.5999755859375,1409.0,1406.800048828125,1406.9000244140625,205151
2026-02-18 09:55:00,1407.0999755859375,1408.199951171875,1406.0,1408.199951171875,89904
2026-02-19 03:45:00,1409.5,1410.0999755859375,1405.699951171875,1406.699951171875,0
2026-02-19 03:50:00,1406.800048828125,1407.4000244140625,1404.0,1404.800048828125,136633
2026-02-19 03:55:00,1404.300048828125,1405.4000244140625,1403.5999755859375,1404.5,58103
2026-02-19 04:00:00,1405.0,1405.5999755859375,1404.300048828125,1405.300048828125,38276
2026-02-19 04:05:00,1405.300048828125,1405.5999755859375,1404.0,1405.0,25115
2026-02-19 04:10:00,1404.5999755859375,1405.199951171875,1404.4000244140625,1405.0999755859375,32600
2026-02-19 04:15:00,1404.9000244140625,1406.5999755859375,1404.9000244140625,1405.5,25373
2026-02-19 04:20:00,1405.5,1406.0,1404.0999755859375,1404.9000244140625,113220
2026-02-19 04:25:00,1405.0999755859375,1405.5,1403.699951171875,1404.300048828125,30927
2026-02-19 04:30:00,1404.4000244140625,1405.5999755859375,1403.5999755859375,1405.300048828125,27976
2026-02-19 04:35:00,1405.300048828125,1405.300048828125,1403.5999755859375,1404.0,33895
2026-02-19 04:40:00,1403.800048828125,1404.699951171875,1403.0,1403.4000244140625,33519
2026-02-19 04:45:00,1403.4000244140625,1403.699951171875,1402.800048828125,1402.800048828125,27004
2026-02-19 04:50:00,1402.5999755859375,1403.0,1402.199951171875,1402.5999755859375,28902
2026-02-19 04:55:00,1402.800048828125,1402.9000244140625,1402.0,1402.199951171875,54520
2026-02-19 05:00:00,1402.199951171875,1402.199951171875,1401.199951171875,1401.300048828125,29168
2026-02-19 05:05:00,1401.199951171875,1401.300048828125,1399.199951171875,1399.9000244140625,2609844
2026-02-19 05:10:00,1399.9000244140625,1401.9000244140625,1399.0,1401.699951171875,184897
2026-02-19 05:15:00,1401.699951171875,1402.0,1400.0999755859375,1400.4000244140625,165896
2026-02-19 05:20:00,1400.5,1401.4000244140625,1399.9000244140625,1400.4000244140625,25261
2026-02-19 05:25:00,1400.4000244140625,1401.5,1400.4000244140625,1400.5999755859375,1194671
2026-02-19 05:30:00,1400.5999755859375,1401.5999755859375,1400.0999755859375,1400.699951171875,293736
2026-02-19 05:35:00,1400.699951171875,1401.0,1399.5,1399.9000244140625,77761
2026-02-19 05:40:00,1399.4000244140625,1400.5,1399.0999755859375,1399.4000244140625,49877
2026-02-19 05:45:00,1399.5,1399.800048828125,1398.300048828125,1399.0,32167
2026-02-19 05:50:00,1399.0,1399.0,1397.0,1397.4000244140625,40631
2026-02-19 05:55:00,1397.199951171875,1397.699951171875,1396.300048828125,1397.5999755859375,40665
2026-02-19 06:00:00,1397.5999755859375,1397.5999755859375,1396.199951171875,1396.5,28973
2026-02-19 06:05:00,1396.4000244140625,1396.5,1395.5999755859375,1395.800048828125,38329
2026-02-19 06:10:00,1395.9000244140625,1396.0,1395.300048828125,1395.800048828125,34137
2026-02-19 06:15:00,1395.9000244140625,1396.0,1394.5,1394.800048828125,46611
2026-02-19 06:20:00,1394.800048828125,1395.4000244140625,1394.300048828125,1395.199951171875,31709
2026-02-19 06:25:00,1395.199951171875,1395.300048828125,1394.5,1395.199951171875,36204
2026-02-19 06:30:00,1395.199951171875,1395.199951171875,1394.199951171875,1394.199951171875,33815
2026-02-19 06:35:00,1394.5,1394.9000244140625,1394.0,1394.5,33966
2026-02-19 06:40:00,1394.5,1394.5,1392.0,1392.0999755859375,46610
2026-02-19 06:45:00,1391.800048828125,1392.4000244140625,1390.5999755859375,1392.0,90296
2026-02-19 06:50:00,1391.699951171875,1393.800048828125,1391.5,1393.4000244140625,86249
2026-02-19 06:55:00,1393.5,1393.800048828125,1392.0,1392.9000244140625,135985
2026-02-19 07:00:00,1392.5999755859375,1392.800048828125,1391.9000244140625,1392.199951171875,30607
2026-02-19 07:05:00,1392.0999755859375,1392.4000244140625,1391.199951171875,1391.5999755859375,35717
2026-02-19 07:10:00,1391.5999755859375,1391.5999755859375,1390.199951171875,1391.0999755859375,46781
2026-02-19 07:15:00,1391.5,1392.800048828125,1390.300048828125,1392.800048828125,44065
2026-02-19 07:20:00,1392.800048828125,1395.0,1392.0,1393.5999755859375,103141
2026-02-19 07:25:00,1393.800048828125,1394.5,1392.9000244140625,1393.199951171875,33513
2026-02-19 07:30:00,1393.5999755859375,1393.5999755859375,1392.0,1393.0999755859375,37008
2026-02-19 07:35:00,1393.0999755859375,1395.5,1393.0999755859375,1394.5999755859375,197392
2026-02-19 07:40:00,1394.5,1394.699951171875,1392.4000244140625,1393.0,333690
2026-02-19 07:45:00,1393.0,1393.4000244140625,1391.5999755859375,1392.5999755859375,58176
2026-02-19 07:50:00,1393.0,1396.0,1392.699951171875,1395.5,267301
2026-02-19 07:55:00,1396.0,1396.0,1394.199951171875,1394.5999755859375,75333
2026-02-19 08:00:00,1394.699951171875,1394.699951171875,1392.9000244140625,1394.5999755859375,228212
2026-02-19 08:05:00,1394.0,1394.699951171875,1393.300048828125,1393.9000244140625,105941
2026-02-19 08:10:00,1393.699951171875,1394.300048828125,1393.5,1393.800048828125,23563
2026-02-19 08:15:00,1393.800048828125,1393.9000244140625,1392.199951171875,1392.800048828125,34741
2026-02-19 08:20:00,1392.800048828125,1393.0,1391.0999755859375,1392.4000244140625,143047
2026-02-19 08:25:00,1392.4000244140625,1392.5,1391.300048828125,1391.300048828125,23327
2026-02-19 08:30:00,1391.800048828125,1392.4000244140625,1390.9000244140625,1391.5999755859375,75890
2026-02-19 08:35:00,1391.5,1391.699951171875,1390.800048828125,1391.5999755859375,21148
2026-02-19 08:40:00,1391.9000244140625,1392.800048828125,1391.5,1392.800048828125,54327
2026-02-19 08:45:00,1392.800048828125,1395.5999755859375,1392.4000244140625,1395.0,250255
2026-02-19 08:50:00,1395.5,1395.5999755859375,1392.5999755859375,1392.699951171875,391447
2026-02-19 08:55:00,1392.699951171875,1394.699951171875,1392.0999755859375,1393.4000244140625,180794
2026-02-19 09:00:00,1393.0999755859375,1394.300048828125,1392.5999755859375,1393.0999755859375,65844
2026-02-19 09:05:00,1393.4000244140625,1394.4000244140625,1392.300048828125,1392.5,55695
2026-02-19 09:10:00,1392.699951171875,1393.800048828125,1390.5,1390.5999755859375,177032
2026-02-19 09:15:00,1390.699951171875,1391.0999755859375,1389.5,1390.9000244140625,239342
2026-02-19 09:20:00,1390.4000244140625,1391.199951171875,1390.0,1390.199951171875,49070
2026-02-19 09:25:00,1390.300048828125,1390.300048828125,1389.0999755859375,1389.4000244140625,83914
2026-02-19 09:30:00,1388.9000244140625,1393.199951171875,1385.699951171875,1391.5999755859375,1711409
2026-02-19 09:35:00,1391.699951171875,1392.5,1387.300048828125,1390.300048828125,881181
2026-02-19 09:40:00,1390.300048828125,1391.5,1386.4000244140625,1387.300048828125,1052659
2026-02-19 09:45:00,1387.199951171875,1388.4000244140625,1386.199951171875,1386.800048828125,312920
2026-02-19 09:50:00,1386.9000244140625,1388.9000244140625,1385.5,1387.5,408063
2026-02-19 09:55:00,1387.5,1388.800048828125,1386.300048828125,1388.800048828125,140109
2026-02-20 03:45:00,1388.0,1395.5999755859375,1384.199951171875,1393.5999755859375,0
2026-02-20 03:50:00,1393.199951171875,1394.300048828125,1390.699951171875,1391.5999755859375,85469
2026-02-20 03:55:00,1391.5999755859375,1391.5999755859375,1389.300048828125,1389.300048828125,74005
2026-02-20 04:00:00,1389.300048828125,1391.699951171875,1388.800048828125,1391.699951171875,122582
2026-02-20 04:05:00,1391.699951171875,1392.9000244140625,1391.199951171875,1391.699951171875,77824
2026-02-20 04:10:00,1391.300048828125,1392.5999755859375,1390.199951171875,1392.4000244140625,117446
2026-02-20 04:15:00,1392.5,1394.5999755859375,1392.5,1394.199951171875,105634
2026-02-20 04:20:00,1394.5,1395.4000244140625,1394.0999755859375,1395.199951171875,133292
2026-02-20 04:25:00,1395.199951171875,1396.199951171875,1394.0999755859375,1395.800048828125,121147
2026-02-20 04:30:00,1395.800048828125,1396.699951171875,1395.0999755859375,1396.5,96012
2026-02-20 04:35:00,1396.5,1397.5,1396.0,1396.699951171875,78210
2026-02-20 04:40:00,1396.699951171875,1399.0,1396.699951171875,1398.199951171875,107354
2026-02-20 04:45:00,1398.0999755859375,1400.4000244140625,1397.5,1400.199951171875,100038
2026-02-20 04:50:00,1400.199951171875,1401.300048828125,1399.300048828125,1400.0999755859375,61629
2026-02-20 04:55:00,1399.800048828125,1402.0,1399.800048828125,1400.9000244140625,147110
2026-02-20 05:00:00,1400.9000244140625,1402.9000244140625,1400.699951171875,1401.0,316123
2026-02-20 05:05:00,1401.0,1402.0,1399.0,1401.9000244140625,132579
2026-02-20 05:10:00,1402.0,1403.699951171875,1401.5999755859375,1402.4000244140625,72640
2026-02-20 05:15:00,1402.4000244140625,1402.5999755859375,1400.699951171875,1401.5,59032
2026-02-20 05:20:00,1401.5999755859375,1401.699951171875,1400.5999755859375,1401.0999755859375,32543
2026-02-20 05:25:00,1401.300048828125,1401.800048828125,1400.699951171875,1401.4000244140625,100533
2026-02-20 05:30:00,1401.4000244140625,1402.300048828125,1400.5,1401.0,113699
2026-02-20 05:35:00,1401.0,1402.0,1399.5999755859375,1400.0,93145
2026-02-20 05:40:00,1400.0,1400.5999755859375,1398.699951171875,1398.699951171875,221826
2026-02-20 05:45:00,1399.199951171875,1400.0,1398.4000244140625,1399.0999755859375,87450
2026-02-20 05:50:00,1399.4000244140625,1399.4000244140625,1397.9000244140625,1398.5999755859375,48428
2026-02-20 05:55:00,1398.5999755859375,1399.199951171875,1398.0,1398.0999755859375,50553
2026-02-20 06:00:00,1398.199951171875,1399.4000244140625,1397.4000244140625,1398.199951171875,76750
2026-02-20 06:05:00,1398.4000244140625,1399.199951171875,1397.5999755859375,1398.5999755859375,195842
2026-02-20 06:10:00,1398.4000244140625,1399.199951171875,1398.0,1398.800048828125,39932
2026-02-20 06:15:00,1398.9000244140625,1399.199951171875,1398.199951171875,1398.699951171875,32656
2026-02-20 06:20:00,1398.699951171875,1399.0,1398.199951171875,1398.300048828125,90389
2026-02-20 06:25:00,1398.5999755859375,1399.199951171875,1397.800048828125,1397.800048828125,75189
2026-02-20 06:30:00,1398.0,1398.300048828125,1396.699951171875,1396.699951171875,48162
2026-02-20 06:35:00,1397.0,1397.5999755859375,1396.5,1397.300048828125,37141
2026-02-20 06:40:00,1397.300048828125,1397.699951171875,1396.699951171875,1397.0,76852
2026-02-20 06:45:00,1397.0,1399.0999755859375,1396.9000244140625,1398.5999755859375,82741
2026-02-20 06:50:00,1398.5999755859375,1399.0,1397.0,1398.699951171875,249308
2026-02-20 06:55:00,1398.699951171875,1399.0,1397.800048828125,1398.5999755859375,136024
2026-02-20 07:00:00,1398.5999755859375,1398.800048828125,1397.300048828125,1397.5999755859375,196555
2026-02-20 07:05:00,1397.5999755859375,1398.4000244140625,1396.699951171875,1396.9000244140625,119389
2026-02-20 07:10:00,1397.0999755859375,1397.0999755859375,1395.0999755859375,1395.0999755859375,245839
2026-02-20 07:15:00,1395.0999755859375,1396.4000244140625,1394.300048828125,1395.5999755859375,180888
2026-02-20 07:20:00,1395.9000244140625,1395.9000244140625,1394.4000244140625,1395.0,62140
2026-02-20 07:25:00,1394.800048828125,1395.5,1393.300048828125,1395.5,137869
2026-02-20 07:30:00,1395.5,1396.5999755859375,1394.4000244140625,1395.300048828125,144185
2026-02-20 07:35:00,1395.300048828125,1395.300048828125,1394.5,1394.800048828125,76053
2026-02-20 07:40:00,1394.800048828125,1395.0,1393.699951171875,1394.9000244140625,51009
2026-02-20 07:45:00,1395.0,1395.0,1393.800048828125,1394.4000244140625,76164
2026-02-20 07:50:00,1394.4000244140625,1394.5,1392.199951171875,1393.5,210005
2026-02-20 07:55:00,1394.0,1395.9000244140625,1393.5,1395.699951171875,321303
2026-02-20 08:00:00,1395.800048828125,1397.9000244140625,1395.0999755859375,1397.9000244140625,397326
2026-02-20 08:05:00,1398.300048828125,1398.9000244140625,1395.199951171875,1395.300048828125,214714
2026-02-20 08:10:00,1395.9000244140625,1395.9000244140625,1394.4000244140625,1395.199951171875,131546
2026-02-20 08:15:00,1395.199951171875,1396.0,1394.5,1395.0999755859375,97067
2026-02-20 08:20:00,1395.0999755859375,1395.4000244140625,1394.300048828125,1394.4000244140625,35696
2026-02-20 08:25:00,1394.5,1396.4000244140625,1394.0,1395.699951171875,86600
2026-02-20 08:30:00,1395.5999755859375,1396.5,1395.0999755859375,1395.199951171875,74970
2026-02-20 08:35:00,1395.5999755859375,1396.4000244140625,1395.0,1396.0,48315
2026-02-20 08:40:00,1396.0,1397.699951171875,1395.4000244140625,1397.5,120364
2026-02-20 08:45:00,1397.0999755859375,1398.699951171875,1397.0,1398.5,273858
2026-02-20 08:50:00,1398.4000244140625,1398.699951171875,1397.300048828125,1397.9000244140625,100855
2026-02-20 08:55:00,1397.9000244140625,1398.0,1395.4000244140625,1396.199951171875,285325
2026-02-20 09:00:00,1396.5,1396.699951171875,1395.4000244140625,1396.199951171875,22171
2026-02-20 09:05:00,1396.199951171875,1397.800048828125,1395.9000244140625,1396.5999755859375,69768
2026-02-20 09:10:00,1396.5999755859375,1397.0,1395.9000244140625,1396.5999755859375,85848
2026-02-20 09:15:00,1396.800048828125,1399.0,1396.800048828125,1398.4000244140625,133460
2026-02-20 09:20:00,1398.800048828125,1398.800048828125,1397.0,1397.5999755859375,24151
2026-02-20 09:25:00,1397.699951171875,1397.800048828125,1396.699951171875,1397.699951171875,47369
2026-02-20 09:30:00,1397.800048828125,1397.800048828125,1395.699951171875,1396.0,217309
2026-02-20 09:35:00,1396.0,1396.0999755859375,1394.199951171875,1394.800048828125,351846
2026-02-20 09:40:00,1394.800048828125,1394.800048828125,1393.5,1394.199951171875,227643
2026-02-20 09:45:00,1394.199951171875,1394.199951171875,1393.0,1393.4000244140625,211024
2026-02-20 09:50:00,1393.4000244140625,1394.800048828125,1392.300048828125,1394.800048828125,334756
2026-02-20 09:55:00,1394.9000244140625,1397.0,1393.4000244140625,1394.5,170673
2026-02-23 03:45:00,1400.0,1402.800048828125,1398.4000244140625,1401.699951171875,0
2026-02-23 03:50:00,1402.0,1404.5999755859375,1401.699951171875,1404.5999755859375,187617
2026-02-23 03:55:00,1404.5999755859375,1404.800048828125,1403.699951171875,1404.800048828125,186697
2026-02-23 04:00:00,1404.800048828125,1406.0999755859375,1404.5999755859375,1405.0999755859375,172983
2026-02-23 04:05:00,1405.199951171875,1406.199951171875,1404.0999755859375,1404.300048828125,195300
2026-02-23 04:10:00,1404.300048828125,1405.9000244140625,1403.5999755859375,1405.5,134735
2026-02-23 04:15:00,1405.4000244140625,1408.300048828125,1405.0999755859375,1407.800048828125,232802
2026-02-23 04:20:00,1408.0,1408.0999755859375,1406.5,1406.699951171875,114953
2026-02-23 04:25:00,1406.699951171875,1407.699951171875,1406.199951171875,1407.5999755859375,98659
2026-02-23 04:30:00,1407.5999755859375,1407.5999755859375,1406.0999755859375,1406.800048828125,110174
2026-02-23 04:35:00,1406.9000244140625,1408.199951171875,1406.699951171875,1407.9000244140625,92451
2026-02-23 04:40:00,1408.0,1408.0,1405.5999755859375,1406.699951171875,79528
2026-02-23 04:45:00,1406.9000244140625,1407.5999755859375,1406.5999755859375,1407.5,58749
2026-02-23 04:50:00,1407.4000244140625,1407.800048828125,1407.199951171875,1407.199951171875,59368
2026-02-23 04:55:00,1407.199951171875,1407.199951171875,1405.5,1405.9000244140625,56287
2026-02-23 05:00:00,1405.9000244140625,1407.4000244140625,1405.800048828125,1406.800048828125,56364
2026-02-23 05:05:00,1406.9000244140625,1407.0,1403.699951171875,1403.9000244140625,239657
2026-02-23 05:10:00,1403.9000244140625,1404.9000244140625,1402.199951171875,1402.4000244140625,272322
2026-02-23 05:15:00,1402.4000244140625,1402.699951171875,1400.699951171875,1401.199951171875,117274
2026-02-23 05:20:00,1401.199951171875,1403.0,1401.0999755859375,1402.699951171875,79266
2026-02-23 05:25:00,1402.5999755859375,1403.0,1401.4000244140625,1401.4000244140625,71029
2026-02-23 05:30:00,1401.4000244140625,1402.4000244140625,1400.699951171875,1401.300048828125,82433
2026-02-23 05:35:00,1401.199951171875,1401.699951171875,1400.0,1401.4000244140625,68500
2026-02-23 05:40:00,1401.199951171875,1401.9000244140625,1400.5,1401.699951171875,61197
2026-02-23 05:45:00,1401.699951171875,1401.800048828125,1401.0,1401.0,37064
2026-02-23 05:50:00,1400.9000244140625,1401.0999755859375,1400.300048828125,1400.699951171875,54366
2026-02-23 05:55:00,1400.800048828125,1401.0999755859375,1399.4000244140625,1399.9000244140625,77699
2026-02-23 06:00:00,1399.9000244140625,1400.199951171875,1399.0999755859375,1399.9000244140625,58604
2026-02-23 06:05:00,1399.800048828125,1400.9000244140625,1399.800048828125,1400.4000244140625,61679
2026-02-23 06:10:00,1400.5,1401.300048828125,1400.4000244140625,1401.0999755859375,74397
2026-02-23 06:15:00,1401.199951171875,1401.199951171875,1399.5999755859375,1400.5,72767
2026-02-23 06:20:00,1400.5,1403.5999755859375,1400.0999755859375,1402.699951171875,250078
2026-02-23 06:25:00,1403.0,1403.300048828125,1401.199951171875,1402.0999755859375,229668
2026-02-23 06:30:00,1402.300048828125,1403.0,1401.4000244140625,1402.5999755859375,130784
2026-02-23 06:35:00,1402.5999755859375,1403.5,1401.300048828125,1403.0999755859375,141711
2026-02-23 06:40:00,1403.199951171875,1403.300048828125,1402.0999755859375,1402.5999755859375,89902
2026-02-23 06:45:00,1402.5,1402.699951171875,1400.5999755859375,1400.699951171875,104803
2026-02-23 06:50:00,1401.0,1401.0,1399.699951171875,1400.0999755859375,43228
2026-02-23 06:55:00,1399.9000244140625,1400.0999755859375,1399.0999755859375,1399.5,43205
2026-02-23 07:00:00,1399.5,1400.199951171875,1399.0999755859375,1400.0999755859375,94602
2026-02-23 07:05:00,1400.199951171875,1400.5,1399.9000244140625,1400.5,102299
2026-02-23 07:10:00,1400.4000244140625,1401.699951171875,1400.300048828125,1401.4000244140625,352702
2026-02-23 07:15:00,1401.4000244140625,1401.4000244140625,1398.300048828125,1398.4000244140625,88902
2026-02-23 07:20:00,1398.5,1399.300048828125,1397.5,1398.5,270073
2026-02-23 07:25:00,1398.300048828125,1398.4000244140625,1397.800048828125,1398.0,49125
2026-02-23 07:30:00,1397.9000244140625,1398.0999755859375,1397.199951171875,1397.5999755859375,112721
2026-02-23 07:35:00,1397.5999755859375,1399.0999755859375,1397.5999755859375,1398.800048828125,249942
2026-02-23 07:40:00,1398.5999755859375,1399.0,1398.0999755859375,1398.0999755859375,139353
2026-02-23 07:45:00,1398.0,1398.0,1397.5999755859375,1397.800048828125,132642
2026-02-23 07:50:00,1397.9000244140625,1398.5,1397.699951171875,1398.0999755859375,130321
2026-02-23 07:55:00,1398.0,1398.199951171875,1397.9000244140625,1398.0999755859375,78187
2026-02-23 08:00:00,1398.0999755859375,1398.9000244140625,1398.0,1398.0,234042
2026-02-23 08:05:00,1398.0,1398.0999755859375,1396.4000244140625,1396.800048828125,339809
2026-02-23 08:10:00,1396.800048828125,1398.199951171875,1395.699951171875,1398.199951171875,366713
2026-02-23 08:15:00,1398.199951171875,1398.699951171875,1397.0999755859375,1398.0,197423
2026-02-23 08:20:00,1398.0999755859375,1398.5,1398.0,1398.300048828125,46390
2026-02-23 08:25:00,1398.300048828125,1398.300048828125,1397.4000244140625,1397.5999755859375,83710
2026-02-23 08:30:00,1397.5999755859375,1397.800048828125,1396.5,1397.300048828125,150055
2026-02-23 08:35:00,1397.0,1397.9000244140625,1397.0,1397.800048828125,98397
2026-02-23 08:40:00,1397.699951171875,1398.199951171875,1397.300048828125,1398.0,120870
2026-02-23 08:45:00,1398.0999755859375,1399.4000244140625,1397.9000244140625,1399.0,99017
2026-02-23 08:50:00,1399.0,1400.0,1399.0,1399.800048828125,72818
2026-02-23 08:55:00,1399.800048828125,1400.4000244140625,1399.5,1400.4000244140625,121141
2026-02-23 09:00:00,1400.9000244140625,1402.5,1398.5,1400.699951171875,502438
2026-02-23 09:05:00,1400.5999755859375,1400.9000244140625,1399.9000244140625,1400.300048828125,51456
2026-02-23 09:10:00,1400.199951171875,1400.4000244140625,1399.5,1400.300048828125,108584
2026-02-23 09:15:00,1400.0,1400.699951171875,1400.0,1400.199951171875,145433
2026-02-23 09:20:00,1400.4000244140625,1400.4000244140625,1399.800048828125,1399.800048828125,70400
2026-02-23 09:25:00,1399.800048828125,1399.9000244140625,1398.699951171875,1399.199951171875,37110
2026-02-23 09:30:00,1399.199951171875,1399.699951171875,1399.199951171875,1399.5,225860
2026-02-23 09:35:00,1399.4000244140625,1399.5999755859375,1398.699951171875,1398.699951171875,243339
2026-02-23 09:40:00,1398.9000244140625,1399.800048828125,1398.9000244140625,1399.4000244140625,239450
2026-02-23 09:45:00,1399.300048828125,1400.5,1399.199951171875,1399.699951171875,279685
2026-02-23 09:50:00,1399.4000244140625,1399.800048828125,1399.0999755859375,1399.5999755859375,177596
2026-02-23 09:55:00,1399.5999755859375,1399.5999755859375,1398.0999755859375,1399.0,164862
2026-02-24 03:45:00,1395.699951171875,1399.5,1395.4000244140625,1395.9000244140625,0
2026-02-24 03:50:00,1396.0,1397.0,1393.4000244140625,1393.5,176362
2026-02-24 03:55:00,1393.800048828125,1398.0,1393.4000244140625,1397.300048828125,176173
2026-02-24 04:00:00,1397.300048828125,1398.5,1396.9000244140625,1396.9000244140625,95537
2026-02-24 04:05:00,1397.4000244140625,1398.0,1395.5,1396.300048828125,78439
2026-02-24 04:10:00,1396.300048828125,1396.800048828125,1395.699951171875,1396.699951171875,29341
2026-02-24 04:15:00,1396.699951171875,1397.0,1395.9000244140625,1396.800048828125,375806
2026-02-24 04:20:00,1396.800048828125,1396.800048828125,1395.0,1396.0999755859375,82053
2026-02-24 04:25:00,1396.0999755859375,1396.9000244140625,1395.4000244140625,1396.699951171875,26006
2026-02-24 04:30:00,1396.699951171875,1397.0,1395.800048828125,1396.300048828125,38733
2026-02-24 04:35:00,1396.300048828125,1396.699951171875,1395.0,1395.0,39542
2026-02-24 04:40:00,1395.0,1395.5999755859375,1394.199951171875,1394.5999755859375,37944
2026-02-24 04:45:00,1394.4000244140625,1394.5,1392.199951171875,1393.5999755859375,54646
2026-02-24 04:50:00,1393.5999755859375,1394.0999755859375,1392.5999755859375,1393.199951171875,34608
2026-02-24 04:55:00,1393.0,1394.9000244140625,1392.5,1394.800048828125,30890
2026-02-24 05:00:00,1394.5999755859375,1394.5999755859375,1392.4000244140625,1392.4000244140625,52759
2026-02-24 05:05:00,1392.4000244140625,1392.9000244140625,1391.0,1391.0,59528
2026-02-24 05:10:00,1391.0999755859375,1391.5,1390.199951171875,1390.300048828125,59600
2026-02-24 05:15:00,1390.300048828125,1391.0999755859375,1389.9000244140625,1390.5999755859375,44317
2026-02-24 05:20:00,1390.9000244140625,1390.9000244140625,1389.0999755859375,1389.5999755859375,46448
2026-02-24 05:25:00,1389.4000244140625,1389.800048828125,1388.5999755859375,1389.0,33429
2026-02-24 05:30:00,1389.0,1390.300048828125,1388.699951171875,1389.800048828125,55157
2026-02-24 05:35:00,1389.9000244140625,1391.699951171875,1389.5,1391.0,44251
2026-02-24 05:40:00,1391.4000244140625,1392.5,1390.9000244140625,1392.300048828125,62539
2026-02-24 05:45:00,1392.5,1393.199951171875,1392.0999755859375,1392.699951171875,61440
2026-02-24 05:50:00,1393.0,1393.300048828125,1390.800048828125,1391.5999755859375,104926
2026-02-24 05:55:00,1391.5999755859375,1393.300048828125,1391.5999755859375,1393.300048828125,43494
2026-02-24 06:00:00,1393.300048828125,1393.5999755859375,1392.4000244140625,1393.0,111661
2026-02-24 06:05:00,1393.0999755859375,1394.0,1392.699951171875,1393.9000244140625,163127
2026-02-24 06:10:00,1394.0,1394.0,1392.699951171875,1393.0999755859375,109238
2026-02-24 06:15:00,1393.0,1393.300048828125,1392.9000244140625,1393.300048828125,74491
2026-02-24 06:20:00,1393.300048828125,1395.199951171875,1393.0,1395.0999755859375,136086
2026-02-24 06:25:00,1395.0999755859375,1395.199951171875,1393.4000244140625,1393.4000244140625,415864
2026-02-24 06:30:00,1393.800048828125,1394.5999755859375,1391.5999755859375,1392.800048828125,479472
2026-02-24 06:35:00,1392.800048828125,1394.300048828125,1392.4000244140625,1392.5999755859375,249447
2026-02-24 06:40:00,1392.5999755859375,1394.0999755859375,1391.5999755859375,1393.0999755859375,201049
2026-02-24 06:45:00,1393.199951171875,1393.199951171875,1390.800048828125,1392.199951171875,261669
2026-02-24 06:50:00,1391.9000244140625,1392.300048828125,1389.0999755859375,1389.300048828125,269405
2026-02-24 06:55:00,1389.300048828125,1389.5,1388.0,1388.699951171875,154460
2026-02-24 07:00:00,1388.800048828125,1389.9000244140625,1388.5,1388.9000244140625,147525
2026-02-24 07:05:00,1388.699951171875,1389.9000244140625,1388.699951171875,1389.0999755859375,177965
2026-02-24 07:10:00,1389.199951171875,1389.199951171875,1387.800048828125,1387.9000244140625,218283
2026-02-24 07:15:00,1387.9000244140625,1388.300048828125,1385.5,1386.5,483333
2026-02-24 07:20:00,1386.5999755859375,1388.800048828125,1386.300048828125,1388.5999755859375,194103
2026-02-24 07:25:00,1388.800048828125,1389.0,1388.0,1388.199951171875,95407
2026-02-24 07:30:00,1388.199951171875,1390.699951171875,1388.0999755859375,1389.699951171875,191310
2026-02-24 07:35:00,1389.699951171875,1391.0,1389.199951171875,1390.5,180251
2026-02-24 07:40:00,1390.300048828125,1390.5,1389.699951171875,1390.0,246559
2026-02-24 07:45:00,1390.0,1390.0,1388.0999755859375,1389.0,240378
2026-02-24 07:50:00,1389.0,1389.0,1388.199951171875,1388.4000244140625,96326
2026-02-24 07:55:00,1388.300048828125,1389.199951171875,1387.199951171875,1387.199951171875,128402
2026-02-24 08:00:00,1387.300048828125,1387.300048828125,1384.0,1384.800048828125,227346
2026-02-24 08:05:00,1384.9000244140625,1386.5999755859375,1384.5999755859375,1386.300048828125,301308
2026-02-24 08:10:00,1386.5,1386.699951171875,1384.9000244140625,1385.9000244140625,114674
2026-02-24 08:15:00,1385.9000244140625,1387.0,1385.699951171875,1385.9000244140625,70477
2026-02-24 08:20:00,1385.9000244140625,1386.300048828125,1385.9000244140625,1386.199951171875,105481
2026-02-24 08:25:00,1386.199951171875,1388.0,1386.199951171875,1387.300048828125,336275
2026-02-24 08:30:00,1387.300048828125,1387.4000244140625,1385.4000244140625,1385.699951171875,242015
2026-02-24 08:35:00,1385.699951171875,1388.9000244140625,1385.300048828125,1388.800048828125,220441
2026-02-24 08:40:00,1388.800048828125,1391.699951171875,1388.5,1391.5999755859375,447564
2026-02-24 08:45:00,1391.4000244140625,1392.0,1388.199951171875,1388.4000244140625,424575
2026-02-24 08:50:00,1388.5,1388.5,1385.0,1386.199951171875,812840
2026-02-24 08:55:00,1386.300048828125,1387.4000244140625,1385.699951171875,1386.300048828125,141955
2026-02-24 09:00:00,1386.199951171875,1386.5999755859375,1384.5999755859375,1385.9000244140625,187529
2026-02-24 09:05:00,1385.800048828125,1387.5,1385.0999755859375,1387.4000244140625,182323
2026-02-24 09:10:00,1387.5999755859375,1388.0999755859375,1384.4000244140625,1384.4000244140625,540315
2026-02-24 09:15:00,1384.4000244140625,1384.699951171875,1382.300048828125,1383.0,505951
2026-02-24 09:20:00,1383.0999755859375,1385.0,1382.9000244140625,1384.5999755859375,258899
2026-02-24 09:25:00,1384.5,1385.5999755859375,1384.0,1385.5,371771
2026-02-24 09:30:00,1385.4000244140625,1386.5999755859375,1383.9000244140625,1384.0,835443
2026-02-24 09:35:00,1384.199951171875,1385.800048828125,1382.9000244140625,1383.9000244140625,922660
2026-02-24 09:40:00,1383.800048828125,1385.0,1383.4000244140625,1384.800048828125,1175950
2026-02-24 09:45:00,1384.800048828125,1386.5,1383.9000244140625,1385.199951171875,895946
2026-02-24 09:50:00,1385.199951171875,1386.699951171875,1384.800048828125,1385.300048828125,684186
2026-02-24 09:55:00,1385.199951171875,1386.9000244140625,1384.300048828125,1384.800048828125,546531
2026-02-25 03:45:00,1388.300048828125,1398.0999755859375,1388.300048828125,1393.199951171875,0
2026-02-25 03:50:00,1392.9000244140625,1394.0,1392.300048828125,1393.0,255799
2026-02-25 03:55:00,1393.0999755859375,1394.0999755859375,1393.0,1394.0,133466
2026-02-25 04:00:00,1394.0,1396.9000244140625,1394.0,1396.5,840136
2026-02-25 04:05:00,1396.5,1400.5,1396.5,1400.0,1087056
2026-02-25 04:10:00,1400.0,1400.0,1398.300048828125,1400.0,71406
2026-02-25 04:15:00,1400.0,1402.800048828125,1400.0,1400.0999755859375,133393
2026-02-25 04:20:00,1400.0999755859375,1401.800048828125,1400.0,1400.4000244140625,50936
2026-02-25 04:25:00,1400.5,1401.5,1400.0,1400.5,1045409
2026-02-25 04:30:00,1400.5,1402.0999755859375,1399.300048828125,1402.0,248472
2026-02-25 04:35:00,1402.0,1402.0999755859375,1398.800048828125,1398.9000244140625,110763
2026-02-25 04:40:00,1399.0999755859375,1399.4000244140625,1398.300048828125,1399.300048828125,54679
2026-02-25 04:45:00,1399.199951171875,1400.199951171875,1398.4000244140625,1398.5999755859375,278636
2026-02-25 04:50:00,1398.5999755859375,1399.0999755859375,1396.9000244140625,1397.0,45201
2026-02-25 04:55:00,1397.0,1397.5999755859375,1395.9000244140625,1396.4000244140625,38497
2026-02-25 05:00:00,1396.4000244140625,1397.5999755859375,1395.0,1397.0,62890
2026-02-25 05:05:00,1397.199951171875,1397.5,1396.0,1397.0,91945
2026-02-25 05:10:00,1396.9000244140625,1397.300048828125,1396.300048828125,1396.4000244140625,53621
2026-02-25 05:15:00,1396.0999755859375,1397.5999755859375,1395.800048828125,1396.800048828125,87008
2026-02-25 05:20:00,1396.699951171875,1397.800048828125,1396.5999755859375,1397.4000244140625,32685
2026-02-25 05:25:00,1397.300048828125,1397.4000244140625,1396.300048828125,1396.5999755859375,32957
2026-02-25 05:30:00,1396.5999755859375,1397.0,1395.5,1395.5,40906
2026-02-25 05:35:00,1395.5999755859375,1396.199951171875,1395.0,1395.699951171875,109694
2026-02-25 05:40:00,1395.9000244140625,1396.0999755859375,1394.5,1394.9000244140625,99248
2026-02-25 05:45:00,1395.0,1395.300048828125,1394.699951171875,1394.9000244140625,25615
2026-02-25 05:50:00,1395.0,1395.5,1394.800048828125,1395.0999755859375,55969
2026-02-25 05:55:00,1395.0,1396.5,1395.0,1396.5,91767
2026-02-25 06:00:00,1396.5,1396.800048828125,1395.800048828125,1396.4000244140625,33611
2026-02-25 06:05:00,1396.4000244140625,1396.4000244140625,1395.5999755859375,1396.300048828125,35022
2026-02-25 06:10:00,1396.4000244140625,1397.4000244140625,1395.4000244140625,1396.5999755859375,281252
2026-02-25 06:15:00,1396.5999755859375,1398.5,1396.5999755859375,1398.5,69771
2026-02-25 06:20:00,1398.5,1399.0,1397.9000244140625,1398.9000244140625,77686
2026-02-25 06:25:00,1398.9000244140625,1399.5,1397.800048828125,1399.300048828125,428533
2026-02-25 06:30:00,1399.4000244140625,1400.0,1399.199951171875,1399.9000244140625,93129
2026-02-25 06:35:00,1399.9000244140625,1401.0,1399.4000244140625,1401.0,358815
2026-02-25 06:40:00,1401.0,1401.0,1399.199951171875,1399.5999755859375,119272
2026-02-25 06:45:00,1399.9000244140625,1402.800048828125,1399.800048828125,1402.800048828125,192019
2026-02-25 06:50:00,1402.800048828125,1403.0,1401.5,1402.0,51456
2026-02-25 06:55:00,1401.9000244140625,1402.0999755859375,1401.300048828125,1402.0,118341
2026-02-25 07:00:00,1402.0,1402.0,1398.5999755859375,1398.5999755859375,111555
2026-02-25 07:05:00,1398.699951171875,1400.300048828125,1398.0,1399.9000244140625,556181
2026-02-25 07:10:00,1400.0,1401.199951171875,1399.5999755859375,1400.699951171875,725088
2026-02-25 07:15:00,1400.699951171875,1400.9000244140625,1399.0,1399.0,101005
2026-02-25 07:20:00,1398.4000244140625,1400.0,1398.0999755859375,1399.199951171875,112858
2026-02-25 07:25:00,1399.300048828125,1400.0,1399.0,1400.0,66919
2026-02-25 07:30:00,1400.0,1400.0,1398.5,1399.800048828125,143624
2026-02-25 07:35:00,1399.9000244140625,1400.9000244140625,1398.9000244140625,1399.9000244140625,274683
2026-02-25 07:40:00,1399.9000244140625,1400.9000244140625,1399.9000244140625,1400.0,175461
2026-02-25 07:45:00,1400.5,1401.5999755859375,1400.0999755859375,1401.4000244140625,147278
2026-02-25 07:50:00,1401.4000244140625,1402.5,1400.0,1400.199951171875,227269
2026-02-25 07:55:00,1400.199951171875,1402.5,1399.5,1402.4000244140625,438979
2026-02-25 08:00:00,1402.300048828125,1404.0,1401.4000244140625,1401.699951171875,341910
2026-02-25 08:05:00,1401.800048828125,1402.300048828125,1401.199951171875,1401.4000244140625,90025
2026-02-25 08:10:00,1401.699951171875,1401.699951171875,1400.0999755859375,1401.5,88346
2026-02-25 08:15:00,1401.5,1401.699951171875,1400.4000244140625,1400.699951171875,83410
2026-02-25 08:20:00,1400.699951171875,1402.0,1400.5999755859375,1401.5,67624
2026-02-25 08:25:00,1401.699951171875,1402.0,1401.0,1402.0,106040
2026-02-25 08:30:00,1402.0,1402.0,1400.0999755859375,1400.300048828125,112313
2026-02-25 08:35:00,1400.300048828125,1401.0,1400.0,1400.4000244140625,165877
2026-02-25 08:40:00,1400.4000244140625,1401.9000244140625,1400.300048828125,1401.9000244140625,138796
2026-02-25 08:45:00,1401.9000244140625,1405.9000244140625,1401.800048828125,1405.5,594423
2026-02-25 08:50:00,1405.5999755859375,1407.4000244140625,1404.0999755859375,1404.9000244140625,407229
2026-02-25 08:55:00,1404.9000244140625,1404.9000244140625,1401.9000244140625,1401.9000244140625,447190
2026-02-25 09:00:00,1402.0999755859375,1404.4000244140625,1401.5999755859375,1404.0,222953
2026-02-25 09:05:00,1404.0999755859375,1405.5,1404.0,1405.300048828125,170971
2026-02-25 09:10:00,1405.300048828125,1405.5,1404.199951171875,1405.0,172390
2026-02-25 09:15:00,1405.0,1405.0999755859375,1404.5999755859375,1405.0,102055
2026-02-25 09:20:00,1405.0,1405.0,1404.5,1405.0,107210
2026-02-25 09:25:00,1404.4000244140625,1405.0,1404.4000244140625,1404.9000244140625,76301
2026-02-25 09:30:00,1404.9000244140625,1404.9000244140625,1402.5,1402.5999755859375,275871
2026-02-25 09:35:00,1402.5999755859375,1402.5999755859375,1399.0999755859375,1399.800048828125,574592
2026-02-25 09:40:00,1399.800048828125,1400.0,1398.5,1399.4000244140625,331793
2026-02-25 09:45:00,1399.4000244140625,1400.0999755859375,1399.0,1399.800048828125,308500
2026-02-25 09:50:00,1399.699951171875,1400.0,1399.4000244140625,1399.9000244140625,228485
2026-02-25 09:55:00,1399.9000244140625,1402.800048828125,1398.0999755859375,1399.9000244140625,412467
2026-02-26 03:45:00,1405.0999755859375,1405.800048828125,1394.5,1394.699951171875,0
2026-02-26 03:50:00,1394.800048828125,1395.800048828125,1393.300048828125,1394.699951171875,154135
2026-02-26 03:55:00,1394.9000244140625,1395.0,1393.0,1393.0999755859375,72595
2026-02-26 04:00:00,1393.0999755859375,1395.0999755859375,1392.0999755859375,1395.0,98158
2026-02-26 04:05:00,1395.0,1397.9000244140625,1394.9000244140625,1397.9000244140625,73133
2026-02-26 04:10:00,1397.9000244140625,1398.300048828125,1397.0,1397.4000244140625,46778
2026-02-26 04:15:00,1397.5,1399.5,1397.5,1398.4000244140625,87087
2026-02-26 04:20:00,1398.4000244140625,1398.5,1397.800048828125,1397.9000244140625,53829
2026-02-26 04:25:00,1397.5,1398.300048828125,1397.300048828125,1398.300048828125,164308
2026-02-26 04:30:00,1398.300048828125,1400.4000244140625,1398.199951171875,1400.0,250454
2026-02-26 04:35:00,1400.0,1400.4000244140625,1399.800048828125,1399.9000244140625,518886
2026-02-26 04:40:00,1399.9000244140625,1401.800048828125,1399.800048828125,1401.300048828125,226626
2026-02-26 04:45:00,1401.5999755859375,1401.5999755859375,1400.699951171875,1401.0,20677
2026-02-26 04:50:00,1401.0,1401.0,1399.199951171875,1400.300048828125,29439
2026-02-26 04:55:00,1400.300048828125,1401.0,1399.0,1400.0999755859375,592603
2026-02-26 05:00:00,1400.0999755859375,1401.199951171875,1400.0,1400.9000244140625,60589
2026-02-26 05:05:00,1400.9000244140625,1401.300048828125,1399.5,1401.199951171875,151552
2026-02-26 05:10:00,1401.4000244140625,1403.0,1400.0,1400.5,410155
2026-02-26 05:15:00,1400.5999755859375,1402.199951171875,1400.0,1402.0999755859375,33944
2026-02-26 05:20:00,1402.199951171875,1405.4000244140625,1402.0,1405.4000244140625,539383
2026-02-26 05:25:00,1405.5,1405.5,1403.5,1403.800048828125,101848
2026-02-26 05:30:00,1403.699951171875,1405.0,1402.9000244140625,1405.0,117244
2026-02-26 05:35:00,1405.0,1405.0,1402.5,1402.9000244140625,31966
2026-02-26 05:40:00,1402.800048828125,1407.0,1402.5,1405.5,156244
2026-02-26 05:45:00,1405.4000244140625,1405.4000244140625,1403.0,1403.800048828125,44666
2026-02-26 05:50:00,1403.800048828125,1403.800048828125,1401.5999755859375,1402.0,68459
2026-02-26 05:55:00,1402.0,1404.800048828125,1401.800048828125,1402.5,145889
2026-02-26 06:00:00,1402.9000244140625,1403.0,1401.0999755859375,1402.0999755859375,125910
2026-02-26 06:05:00,1401.9000244140625,1402.5,1400.699951171875,1402.0,199299
2026-02-26 06:10:00,1402.0,1402.0,1400.0,1400.5,217413
2026-02-26 06:15:00,1401.0999755859375,1405.699951171875,1400.199951171875,1405.199951171875,417420
2026-02-26 06:20:00,1405.4000244140625,1406.5,1405.0,1405.300048828125,395382
2026-02-26 06:25:00,1405.199951171875,1405.5,1404.199951171875,1405.0,254499
2026-02-26 06:30:00,1405.0999755859375,1408.0,1404.300048828125,1407.9000244140625,246455
2026-02-26 06:35:00,1407.9000244140625,1409.0,1406.5,1408.0,227080
2026-02-26 06:40:00,1408.0,1409.0,1405.5999755859375,1406.0999755859375,303089
2026-02-26 06:45:00,1406.4000244140625,1407.300048828125,1402.9000244140625,1403.199951171875,651236
2026-02-26 06:50:00,1403.5999755859375,1403.9000244140625,1400.699951171875,1403.5999755859375,730645
2026-02-26 06:55:00,1403.5,1404.699951171875,1402.5999755859375,1404.0999755859375,144858
2026-02-26 07:00:00,1404.0999755859375,1405.4000244140625,1403.300048828125,1404.699951171875,204923
2026-02-26 07:05:00,1404.5999755859375,1405.199951171875,1402.0,1403.4000244140625,275871
2026-02-26 07:10:00,1403.300048828125,1405.800048828125,1402.9000244140625,1405.699951171875,354958
2026-02-26 07:15:00,1405.5,1406.199951171875,1403.199951171875,1404.0999755859375,134953
2026-02-26 07:20:00,1404.0999755859375,1404.0999755859375,1401.300048828125,1401.5999755859375,618146
2026-02-26 07:25:00,1401.9000244140625,1401.9000244140625,1398.699951171875,1398.699951171875,570041
2026-02-26 07:30:00,1398.800048828125,1401.4000244140625,1398.699951171875,1400.800048828125,277555
2026-02-26 07:35:00,1400.800048828125,1400.800048828125,1398.699951171875,1399.0,92844
2026-02-26 07:40:00,1399.0999755859375,1399.699951171875,1397.699951171875,1399.0999755859375,206374
2026-02-26 07:45:00,1399.0999755859375,1399.800048828125,1398.0,1399.300048828125,208395
2026-02-26 07:50:00,1399.300048828125,1400.0,1398.699951171875,1399.800048828125,69464
2026-02-26 07:55:00,1399.800048828125,1400.4000244140625,1399.0999755859375,1399.300048828125,205574
2026-02-26 08:00:00,1399.300048828125,1400.800048828125,1399.0999755859375,1400.199951171875,48410
2026-02-26 08:05:00,1400.0999755859375,1400.300048828125,1398.9000244140625,1399.300048828125,66452
2026-02-26 08:10:00,1399.300048828125,1401.4000244140625,1399.300048828125,1400.0,323447
2026-02-26 08:15:00,1400.0999755859375,1401.199951171875,1399.699951171875,1400.699951171875,277073
2026-02-26 08:20:00,1400.5999755859375,1402.699951171875,1400.300048828125,1402.0999755859375,405446
2026-02-26 08:25:00,1402.199951171875,1404.300048828125,1401.800048828125,1403.9000244140625,431034
2026-02-26 08:30:00,1403.9000244140625,1404.199951171875,1401.199951171875,1401.9000244140625,183704
2026-02-26 08:35:00,1401.9000244140625,1402.0,1399.699951171875,1401.4000244140625,248961
2026-02-26 08:40:00,1401.4000244140625,1404.5,1401.0999755859375,1403.5,370681
2026-02-26 08:45:00,1403.800048828125,1405.800048828125,1403.699951171875,1405.800048828125,61284
2026-02-26 08:50:00,1405.9000244140625,1406.5,1405.9000244140625,1406.0,118057
2026-02-26 08:55:00,1406.0,1407.5,1405.5999755859375,1406.0,252581
2026-02-26 09:00:00,1406.0,1406.0999755859375,1403.300048828125,1404.9000244140625,565982
2026-02-26 09:05:00,1404.699951171875,1406.800048828125,1404.4000244140625,1406.800048828125,526985
2026-02-26 09:10:00,1406.5999755859375,1407.0999755859375,1405.4000244140625,1406.4000244140625,297316
2026-02-26 09:15:00,1406.5,1407.300048828125,1405.699951171875,1406.800048828125,513157
2026-02-26 09:20:00,1407.0,1409.0,1406.800048828125,1407.5999755859375,495718
2026-02-26 09:25:00,1407.5999755859375,1408.5999755859375,1407.0,1408.5999755859375,214116
2026-02-26 09:30:00,1408.5,1409.800048828125,1403.699951171875,1403.9000244140625,2215080
2026-02-26 09:35:00,1403.699951171875,1408.0999755859375,1403.5,1406.5999755859375,2251190
2026-02-26 09:40:00,1406.5,1406.5999755859375,1402.300048828125,1403.5999755859375,1798044
2026-02-26 09:45:00,1403.5999755859375,1405.0999755859375,1402.800048828125,1404.199951171875,1451375
2026-02-26 09:50:00,1404.199951171875,1405.0999755859375,1402.800048828125,1403.199951171875,1362416
2026-02-26 09:55:00,1403.0999755859375,1404.9000244140625,1400.5999755859375,1404.9000244140625,1046308
2026-02-27 03:45:00,1401.0,1401.4000244140625,1394.9000244140625,1396.0,0
2026-02-27 03:50:00,1395.9000244140625,1401.300048828125,1394.300048828125,1400.300048828125,250577
2026-02-27 03:55:00,1400.300048828125,1401.199951171875,1398.0999755859375,1398.699951171875,239151
2026-02-27 04:00:00,1398.5999755859375,1399.4000244140625,1397.5999755859375,1397.5999755859375,49759
2026-02-27 04:05:00,1397.5999755859375,1398.199951171875,1396.0,1398.199951171875,202208
2026-02-27 04:10:00,1398.199951171875,1398.199951171875,1396.199951171875,1396.4000244140625,82650
2026-02-27 04:15:00,1396.4000244140625,1398.699951171875,1396.0999755859375,1398.0,129493
2026-02-27 04:20:00,1398.0,1398.0,1395.5999755859375,1397.5999755859375,155848
2026-02-27 04:25:00,1397.699951171875,1398.0,1396.0,1396.0999755859375,116230
2026-02-27 04:30:00,1395.5,1397.5,1395.300048828125,1396.0,219746
2026-02-27 04:35:00,1395.800048828125,1395.800048828125,1394.0999755859375,1395.0,148333
2026-02-27 04:40:00,1395.0,1395.0,1394.300048828125,1394.4000244140625,33631
2026-02-27 04:45:00,1394.4000244140625,1394.4000244140625,1392.199951171875,1392.300048828125,76430
2026-02-27 04:50:00,1392.199951171875,1393.199951171875,1392.0999755859375,1392.5999755859375,93585
2026-02-27 04:55:00,1392.5999755859375,1394.0,1392.5,1392.5,47074
2026-02-27 05:00:00,1392.5999755859375,1394.0999755859375,1392.0999755859375,1392.199951171875,315765
2026-02-27 05:05:00,1392.0999755859375,1393.0,1391.5999755859375,1391.800048828125,107814
2026-02-27 05:10:00,1391.800048828125,1391.9000244140625,1389.0999755859375,1389.300048828125,206986
2026-02-27 05:15:00,1389.199951171875,1389.5,1388.4000244140625,1388.9000244140625,88470
2026-02-27 05:20:00,1388.9000244140625,1388.9000244140625,1386.5,1387.4000244140625,222266
2026-02-27 05:25:00,1387.4000244140625,1387.9000244140625,1385.699951171875,1386.699951171875,176041
2026-02-27 05:30:00,1386.5999755859375,1387.9000244140625,1386.5,1387.9000244140625,155844
2026-02-27 05:35:00,1387.9000244140625,1390.9000244140625,1387.5999755859375,1390.800048828125,266009
2026-02-27 05:40:00,1390.699951171875,1390.699951171875,1388.5,1389.5999755859375,99280
2026-02-27 05:45:00,1389.699951171875,1391.4000244140625,1389.300048828125,1391.300048828125,105089
2026-02-27 05:50:00,1391.4000244140625,1391.5999755859375,1388.9000244140625,1389.5,103293
2026-02-27 05:55:00,1389.699951171875,1390.0,1388.300048828125,1389.4000244140625,160446
2026-02-27 06:00:00,1389.5,1390.199951171875,1388.699951171875,1389.0,61907
2026-02-27 06:05:00,1388.9000244140625,1390.0999755859375,1388.5,1390.0,65149
2026-02-27 06:10:00,1390.0999755859375,1390.9000244140625,1389.9000244140625,1390.0,153390
2026-02-27 06:15:00,1390.0,1390.0,1389.5,1389.5999755859375,40031
2026-02-27 06:20:00,1389.5,1389.5999755859375,1388.4000244140625,1388.5,83420
2026-02-27 06:25:00,1388.5,1390.800048828125,1388.5,1389.300048828125,69592
2026-02-27 06:30:00,1389.199951171875,1392.199951171875,1389.199951171875,1392.199951171875,168407
2026-02-27 06:35:00,1392.0999755859375,1392.199951171875,1389.699951171875,1389.9000244140625,48766
2026-02-27 06:40:00,1389.9000244140625,1389.9000244140625,1388.300048828125,1388.800048828125,120950
2026-02-27 06:45:00,1388.699951171875,1389.0999755859375,1388.300048828125,1388.800048828125,90078
2026-02-27 06:50:00,1388.9000244140625,1389.800048828125,1387.0999755859375,1387.300048828125,107679
2026-02-27 06:55:00,1387.300048828125,1388.9000244140625,1387.199951171875,1388.0,54490
2026-02-27 07:00:00,1388.0999755859375,1388.9000244140625,1387.800048828125,1388.0999755859375,45079
2026-02-27 07:05:00,1388.0,1388.300048828125,1386.300048828125,1386.300048828125,91181
2026-02-27 07:10:00,1386.300048828125,1386.800048828125,1386.0,1386.0999755859375,77216
2026-02-27 07:15:00,1386.0999755859375,1386.4000244140625,1385.4000244140625,1385.800048828125,66415
2026-02-27 07:20:00,1385.699951171875,1386.5999755859375,1385.699951171875,1385.9000244140625,136429
2026-02-27 07:25:00,1386.0,1386.4000244140625,1385.699951171875,1385.699951171875,52532
2026-02-27 07:30:00,1385.699951171875,1385.699951171875,1383.5999755859375,1383.9000244140625,103815
2026-02-27 07:35:00,1383.9000244140625,1385.199951171875,1383.800048828125,1384.199951171875,107481
2026-02-27 07:40:00,1384.199951171875,1384.199951171875,1383.5999755859375,1383.800048828125,59080
2026-02-27 07:45:00,1383.800048828125,1383.800048828125,1382.5999755859375,1382.9000244140625,125506
2026-02-27 07:50:00,1382.800048828125,1382.9000244140625,1382.0999755859375,1382.199951171875,110447
2026-02-27 07:55:00,1382.199951171875,1382.300048828125,1381.800048828125,1382.199951171875,97387
2026-02-27 08:00:00,1382.199951171875,1383.199951171875,1381.9000244140625,1382.699951171875,95878
2026-02-27 08:05:00,1382.699951171875,1384.0,1382.300048828125,1383.699951171875,92416
2026-02-27 08:10:00,1383.699951171875,1384.9000244140625,1383.4000244140625,1384.800048828125,65142
2026-02-27 08:15:00,1384.800048828125,1386.9000244140625,1384.699951171875,1386.9000244140625,82293
2026-02-27 08:20:00,1386.9000244140625,1387.699951171875,1386.300048828125,1387.5999755859375,89367
2026-02-27 08:25:00,1387.5999755859375,1390.199951171875,1387.5999755859375,1388.699951171875,412714
2026-02-27 08:30:00,1388.800048828125,1390.0,1387.199951171875,1388.5999755859375,251851
2026-02-27 08:35:00,1388.4000244140625,1388.9000244140625,1386.800048828125,1387.0,206389
2026-02-27 08:40:00,1387.0,1387.5999755859375,1385.800048828125,1386.4000244140625,128419
2026-02-27 08:45:00,1386.4000244140625,1386.699951171875,1385.0,1385.9000244140625,113574
2026-02-27 08:50:00,1385.699951171875,1386.0,1384.0,1384.0999755859375,174753
2026-02-27 08:55:00,1384.199951171875,1384.5,1382.699951171875,1382.9000244140625,101456
2026-02-27 09:00:00,1382.9000244140625,1383.5999755859375,1380.9000244140625,1382.199951171875,308722
2026-02-27 09:05:00,1382.300048828125,1383.0,1381.699951171875,1381.9000244140625,126677
2026-02-27 09:10:00,1382.4000244140625,1382.699951171875,1381.9000244140625,1382.300048828125,168779
2026-02-27 09:15:00,1382.0999755859375,1384.300048828125,1381.9000244140625,1384.0,257252
2026-02-27 09:20:00,1384.0,1384.300048828125,1383.0,1383.4000244140625,113270
2026-02-27 09:25:00,1383.300048828125,1385.5,1382.4000244140625,1385.199951171875,174468
2026-02-27 09:30:00,1384.4000244140625,1384.800048828125,1379.5999755859375,1381.0,1081101
2026-02-27 09:35:00,1381.0999755859375,1381.0999755859375,1377.4000244140625,1378.699951171875,990500
2026-02-27 09:40:00,1378.699951171875,1380.4000244140625,1377.300048828125,1378.0999755859375,968167
2026-02-27 09:45:00,1378.199951171875,1378.9000244140625,1377.199951171875,1377.800048828125,870131
2026-02-27 09:50:00,1377.800048828125,1378.800048828125,1377.199951171875,1377.9000244140625,924178
2026-02-27 09:55:00,1378.0999755859375,1380.0999755859375,1377.9000244140625,1379.4000244140625,674364
2026-03-02 03:45:00,1366.5999755859375,1377.5,1366.5999755859375,1372.699951171875,0
2026-03-02 03:50:00,1372.800048828125,1374.0,1368.699951171875,1369.199951171875,363879
2026-03-02 03:55:00,1368.9000244140625,1371.699951171875,1367.0,1370.699951171875,397993
2026-03-02 04:00:00,1370.800048828125,1372.199951171875,1370.0,1371.199951171875,105077
2026-03-02 04:05:00,1371.300048828125,1372.0,1368.0999755859375,1368.5999755859375,237180
2026-03-02 04:10:00,1368.699951171875,1369.5999755859375,1366.0,1366.4000244140625,163045
2026-03-02 04:15:00,1366.4000244140625,1367.0,1362.699951171875,1363.300048828125,109958
2026-03-02 04:20:00,1362.699951171875,1363.0999755859375,1358.9000244140625,1358.9000244140625,178376
2026-03-02 04:25:00,1359.5999755859375,1365.5999755859375,1359.5999755859375,1365.4000244140625,167391
2026-03-02 04:30:00,1365.5,1366.199951171875,1365.0,1365.0999755859375,118481
2026-03-02 04:35:00,1365.0,1367.800048828125,1365.0,1367.800048828125,101742
2026-03-02 04:40:00,1367.9000244140625,1368.4000244140625,1365.4000244140625,1367.0999755859375,108667
2026-03-02 04:45:00,1367.0999755859375,1367.699951171875,1364.699951171875,1364.800048828125,115361
2026-03-02 04:50:00,1365.0999755859375,1366.300048828125,1364.5999755859375,1365.0,122422
2026-03-02 04:55:00,1364.5999755859375,1367.800048828125,1364.5,1367.199951171875,96941
2026-03-02 05:00:00,1367.199951171875,1368.5999755859375,1367.199951171875,1368.199951171875,35503
2026-03-02 05:05:00,1368.0999755859375,1368.199951171875,1366.0999755859375,1367.5999755859375,41412
2026-03-02 05:10:00,1367.4000244140625,1367.5999755859375,1364.0,1364.0,69602
2026-03-02 05:15:00,1364.0,1366.0999755859375,1363.5999755859375,1365.5,46192
2026-03-02 05:20:00,1365.5999755859375,1365.9000244140625,1364.300048828125,1364.4000244140625,115896
2026-03-02 05:25:00,1364.300048828125,1365.5,1364.300048828125,1364.9000244140625,61598
2026-03-02 05:30:00,1365.0,1366.800048828125,1364.4000244140625,1365.0999755859375,106189
2026-03-02 05:35:00,1364.9000244140625,1366.699951171875,1364.800048828125,1366.199951171875,66320
2026-03-02 05:40:00,1366.0999755859375,1366.4000244140625,1364.699951171875,1365.4000244140625,205240
2026-03-02 05:45:00,1365.4000244140625,1366.4000244140625,1365.199951171875,1365.5,135094
2026-03-02 05:50:00,1365.5,1365.699951171875,1364.4000244140625,1364.800048828125,80272
2026-03-02 05:55:00,1364.800048828125,1365.0,1364.199951171875,1364.9000244140625,49688
2026-03-02 06:00:00,1364.9000244140625,1365.0,1363.199951171875,1364.199951171875,60395
2026-03-02 06:05:00,1364.300048828125,1365.199951171875,1363.4000244140625,1364.9000244140625,95944
2026-03-02 06:10:00,1364.5999755859375,1366.9000244140625,1363.9000244140625,1366.800048828125,169331
2026-03-02 06:15:00,1366.800048828125,1369.0,1365.9000244140625,1366.5999755859375,179298
2026-03-02 06:20:00,1366.5999755859375,1367.0999755859375,1365.0999755859375,1366.199951171875,92049
2026-03-02 06:25:00,1366.199951171875,1366.800048828125,1365.0,1365.9000244140625,185124
2026-03-02 06:30:00,1365.699951171875,1367.0999755859375,1365.0,1366.699951171875,86701
2026-03-02 06:35:00,1366.9000244140625,1368.199951171875,1366.0,1367.0,61620
2026-03-02 06:40:00,1367.4000244140625,1368.0999755859375,1365.4000244140625,1365.4000244140625,140908
2026-03-02 06:45:00,1365.300048828125,1366.800048828125,1363.699951171875,1364.4000244140625,203042
2026-03-02 06:50:00,1364.699951171875,1365.0,1363.0999755859375,1364.0999755859375,131818
2026-03-02 06:55:00,1364.0,1367.800048828125,1363.800048828125,1367.800048828125,130773
2026-03-02 07:00:00,1368.0,1368.800048828125,1367.0999755859375,1368.5,133578
2026-03-02 07:05:00,1368.5,1369.800048828125,1366.5999755859375,1367.699951171875,193055
2026-03-02 07:10:00,1367.699951171875,1368.199951171875,1364.5,1364.5999755859375,142060
2026-03-02 07:15:00,1364.800048828125,1366.5,1364.199951171875,1365.199951171875,124567
2026-03-02 07:20:00,1365.199951171875,1367.0,1364.5999755859375,1365.699951171875,180380
2026-03-02 07:25:00,1365.300048828125,1366.699951171875,1364.699951171875,1366.300048828125,113299
2026-03-02 07:30:00,1366.199951171875,1366.800048828125,1365.4000244140625,1365.5999755859375,197172
2026-03-02 07:35:00,1365.5,1367.5999755859375,1365.199951171875,1366.300048828125,61348
2026-03-02 07:40:00,1366.4000244140625,1367.699951171875,1366.0,1367.199951171875,163790
2026-03-02 07:45:00,1367.199951171875,1368.0999755859375,1367.0,1367.800048828125,80457
2026-03-02 07:50:00,1368.0,1368.0,1365.800048828125,1366.199951171875,94401
2026-03-02 07:55:00,1366.199951171875,1366.800048828125,1365.0,1365.4000244140625,137193
2026-03-02 08:00:00,1364.9000244140625,1365.4000244140625,1363.4000244140625,1364.0,100142
2026-03-02 08:05:00,1363.800048828125,1364.800048828125,1363.300048828125,1364.0999755859375,104099
2026-03-02 08:10:00,1364.0,1364.4000244140625,1361.9000244140625,1363.4000244140625,200264
2026-03-02 08:15:00,1363.4000244140625,1364.800048828125,1363.199951171875,1364.5999755859375,79335
2026-03-02 08:20:00,1364.5,1365.0,1363.699951171875,1364.0999755859375,71152
2026-03-02 08:25:00,1364.0,1364.0999755859375,1361.699951171875,1362.300048828125,317417
2026-03-02 08:30:00,1362.300048828125,1367.5999755859375,1361.5999755859375,1365.199951171875,370149
2026-03-02 08:35:00,1365.199951171875,1369.5999755859375,1365.199951171875,1368.300048828125,374169
2026-03-02 08:40:00,1368.300048828125,1369.800048828125,1367.0999755859375,1369.0999755859375,190476
2026-03-02 08:45:00,1369.0999755859375,1369.300048828125,1367.300048828125,1369.0,86689
2026-03-02 08:50:00,1369.0,1370.0,1367.9000244140625,1369.5999755859375,193381
2026-03-02 08:55:00,1369.5999755859375,1369.9000244140625,1367.5999755859375,1368.199951171875,217503
2026-03-02 09:00:00,1368.199951171875,1370.0,1367.5999755859375,1370.0,192759
2026-03-02 09:05:00,1370.699951171875,1373.5999755859375,1370.699951171875,1372.199951171875,550850
2026-03-02 09:10:00,1372.199951171875,1374.4000244140625,1372.199951171875,1373.4000244140625,351032
2026-03-02 09:15:00,1373.5,1375.0,1370.9000244140625,1374.0,253775
2026-03-02 09:20:00,1374.0,1375.0999755859375,1373.5,1373.800048828125,81270
2026-03-02 09:25:00,1373.699951171875,1374.0999755859375,1371.800048828125,1372.0999755859375,97245
2026-03-02 09:30:00,1372.300048828125,1374.699951171875,1368.800048828125,1373.5,1114254
2026-03-02 09:35:00,1373.4000244140625,1374.0999755859375,1370.5999755859375,1372.5,1296638
2026-03-02 09:40:00,1372.699951171875,1376.9000244140625,1371.300048828125,1376.9000244140625,1122488
2026-03-02 09:45:00,1376.9000244140625,1378.800048828125,1374.0999755859375,1378.5,982495
2026-03-02 09:50:00,1378.5999755859375,1378.699951171875,1374.4000244140625,1374.800048828125,528580
2026-03-02 09:55:00,1374.800048828125,1376.699951171875,1373.199951171875,1374.800048828125,476956
2026-03-04 03:45:00,1329.699951171875,1356.800048828125,1329.699951171875,1348.5,0
2026-03-04 03:50:00,1348.699951171875,1350.0999755859375,1346.300048828125,1346.9000244140625,311947
2026-03-04 03:55:00,1346.9000244140625,1348.0,1343.800048828125,1345.800048828125,174121
2026-03-04 04:00:00,1345.800048828125,1347.199951171875,1344.5,1345.0,516966
2026-03-04 04:05:00,1344.699951171875,1347.4000244140625,1344.699951171875,1345.199951171875,282839
2026-03-04 04:10:00,1345.199951171875,1350.0999755859375,1345.0,1349.800048828125,452423
2026-03-04 04:15:00,1349.699951171875,1349.9000244140625,1347.5,1348.5999755859375,170428
2026-03-04 04:20:00,1348.699951171875,1349.800048828125,1348.4000244140625,1349.800048828125,121214
2026-03-04 04:25:00,1349.800048828125,1349.800048828125,1347.800048828125,1348.5,135711
2026-03-04 04:30:00,1348.5999755859375,1352.699951171875,1347.5,1352.0,233677
2026-03-04 04:35:00,1352.0,1352.0,1350.0,1350.300048828125,83449
2026-03-04 04:40:00,1350.300048828125,1351.0,1349.9000244140625,1350.5,132750
2026-03-04 04:45:00,1350.4000244140625,1351.4000244140625,1349.9000244140625,1350.199951171875,84797
2026-03-04 04:50:00,1350.300048828125,1353.5999755859375,1350.199951171875,1352.4000244140625,127042
2026-03-04 04:55:00,1352.4000244140625,1353.5,1351.4000244140625,1353.300048828125,72558
2026-03-04 05:00:00,1353.300048828125,1353.300048828125,1351.0999755859375,1351.4000244140625,38763
2026-03-04 05:05:00,1351.0999755859375,1352.0999755859375,1350.300048828125,1352.0,125162
2026-03-04 05:10:00,1352.0,1352.9000244140625,1351.300048828125,1352.4000244140625,87485
2026-03-04 05:15:00,1352.300048828125,1352.9000244140625,1351.300048828125,1352.0,64784
2026-03-04 05:20:00,1352.0,1352.4000244140625,1351.0,1352.0999755859375,42532
2026-03-04 05:25:00,1352.199951171875,1352.199951171875,1350.0999755859375,1351.199951171875,106717
2026-03-04 05:30:00,1351.5,1353.199951171875,1351.5,1352.0,133477
2026-03-04 05:35:00,1352.0,1353.9000244140625,1351.800048828125,1353.9000244140625,138677
2026-03-04 05:40:00,1353.9000244140625,1354.4000244140625,1351.199951171875,1352.300048828125,86774
2026-03-04 05:45:00,1352.300048828125,1352.300048828125,1350.300048828125,1350.9000244140625,78881
2026-03-04 05:50:00,1350.5,1351.300048828125,1350.5,1351.0999755859375,53946
2026-03-04 05:55:00,1351.0,1351.9000244140625,1350.0,1350.5,120230
2026-03-04 06:00:00,1350.5,1350.5,1349.9000244140625,1350.0999755859375,75934
2026-03-04 06:05:00,1350.0,1350.300048828125,1349.300048828125,1349.800048828125,142861
2026-03-04 06:10:00,1349.699951171875,1349.699951171875,1349.199951171875,1349.699951171875,115253
2026-03-04 06:15:00,1349.5999755859375,1349.9000244140625,1348.199951171875,1349.699951171875,181577
2026-03-04 06:20:00,1349.5999755859375,1350.0,1348.5999755859375,1349.5999755859375,99090
2026-03-04 06:25:00,1349.5,1350.0,1348.699951171875,1349.699951171875,285321
2026-03-04 06:30:00,1349.699951171875,1350.300048828125,1349.5999755859375,1350.0,193545
2026-03-04 06:35:00,1350.0999755859375,1350.4000244140625,1349.699951171875,1350.199951171875,76696
2026-03-04 06:40:00,1350.199951171875,1350.300048828125,1349.5999755859375,1349.699951171875,95618
2026-03-04 06:45:00,1349.9000244140625,1350.0999755859375,1347.800048828125,1347.800048828125,84844
2026-03-04 06:50:00,1347.5999755859375,1349.300048828125,1347.5,1349.0999755859375,74233
2026-03-04 06:55:00,1349.0999755859375,1349.199951171875,1348.5,1348.9000244140625,111342
2026-03-04 07:00:00,1348.800048828125,1350.9000244140625,1348.800048828125,1350.9000244140625,135527
2026-03-04 07:05:00,1350.9000244140625,1351.9000244140625,1350.800048828125,1351.800048828125,195538
2026-03-04 07:10:00,1351.800048828125,1353.0,1351.199951171875,1352.300048828125,128007
2026-03-04 07:15:00,1352.5,1353.0,1351.800048828125,1352.0999755859375,126420
2026-03-04 07:20:00,1352.0999755859375,1352.800048828125,1351.0,1351.0999755859375,65577
2026-03-04 07:25:00,1351.0999755859375,1352.9000244140625,1350.699951171875,1352.300048828125,310738
2026-03-04 07:30:00,1352.199951171875,1354.300048828125,1352.199951171875,1354.0,168730
2026-03-04 07:35:00,1354.300048828125,1356.199951171875,1354.0,1355.4000244140625,221232
2026-03-04 07:40:00,1355.4000244140625,1357.0,1354.800048828125,1356.4000244140625,175275
2026-03-04 07:45:00,1356.4000244140625,1357.199951171875,1355.9000244140625,1356.4000244140625,128882
2026-03-04 07:50:00,1356.4000244140625,1356.4000244140625,1355.0,1355.699951171875,194031
2026-03-04 07:55:00,1355.699951171875,1357.800048828125,1355.699951171875,1356.5,249682
2026-03-04 08:00:00,1356.4000244140625,1357.5,1354.300048828125,1355.0,514815
2026-03-04 08:05:00,1354.699951171875,1357.0999755859375,1354.0,1357.0999755859375,596669
2026-03-04 08:10:00,1357.0999755859375,1360.5,1357.0999755859375,1360.5,360845
2026-03-04 08:15:00,1360.5,1361.5999755859375,1360.300048828125,1360.800048828125,206172
2026-03-04 08:20:00,1360.9000244140625,1360.9000244140625,1360.0,1360.699951171875,128048
2026-03-04 08:25:00,1360.699951171875,1362.0999755859375,1360.0,1360.5999755859375,415028
2026-03-04 08:30:00,1360.5999755859375,1361.5999755859375,1360.5,1360.800048828125,196047
2026-03-04 08:35:00,1360.800048828125,1370.5,1360.5,1370.0,1177484
2026-03-04 08:40:00,1369.5,1370.699951171875,1365.9000244140625,1370.0,405306
2026-03-04 08:45:00,1370.0,1370.4000244140625,1368.4000244140625,1370.0,326409
2026-03-04 08:50:00,1370.0,1370.5999755859375,1368.800048828125,1368.9000244140625,597309
2026-03-04 08:55:00,1368.800048828125,1371.0,1368.0999755859375,1370.0,497710
2026-03-04 09:00:00,1370.0999755859375,1371.5,1369.300048828125,1371.199951171875,263095
2026-03-04 09:05:00,1371.300048828125,1372.5,1371.0,1371.0,151284
2026-03-04 09:10:00,1371.199951171875,1373.9000244140625,1371.199951171875,1372.699951171875,145088
2026-03-04 09:15:00,1372.9000244140625,1375.9000244140625,1372.300048828125,1374.199951171875,198434
2026-03-04 09:20:00,1374.5,1375.300048828125,1372.800048828125,1374.300048828125,331445
2026-03-04 09:25:00,1374.300048828125,1375.300048828125,1372.699951171875,1373.5,145174
2026-03-04 09:30:00,1373.5999755859375,1373.5999755859375,1366.5999755859375,1366.800048828125,623702
2026-03-04 09:35:00,1367.0,1367.4000244140625,1362.9000244140625,1362.9000244140625,489906
2026-03-04 09:40:00,1362.9000244140625,1363.699951171875,1362.5,1363.0999755859375,355510
2026-03-04 09:45:00,1363.199951171875,1364.199951171875,1361.699951171875,1362.4000244140625,418356
2026-03-04 09:50:00,1362.4000244140625,1365.800048828125,1362.0,1365.699951171875,316296
2026-03-04 09:55:00,1365.4000244140625,1367.0999755859375,1364.199951171875,1366.5,274983
2026-03-05 03:45:00,1366.5,1366.5,1356.0999755859375,1357.5999755859375,0
2026-03-05 03:50:00,1357.5,1358.199951171875,1355.199951171875,1356.0999755859375,67038
2026-03-05 03:55:00,1356.5,1357.699951171875,1355.300048828125,1355.699951171875,65037
2026-03-05 04:00:00,1355.9000244140625,1359.9000244140625,1355.4000244140625,1358.800048828125,81442
2026-03-05 04:05:00,1358.800048828125,1360.4000244140625,1358.5,1359.300048828125,51918
2026-03-05 04:10:00,1359.300048828125,1362.0,1358.699951171875,1361.5,43084
2026-03-05 04:15:00,1361.699951171875,1362.5,1360.5,1360.800048828125,56886
2026-03-05 04:20:00,1360.300048828125,1361.4000244140625,1360.0,1361.0,27874
2026-03-05 04:25:00,1361.0,1361.0,1357.5999755859375,1357.800048828125,60766
2026-03-05 04:30:00,1357.5999755859375,1359.0999755859375,1356.5,1356.5999755859375,50927
2026-03-05 04:35:00,1356.9000244140625,1359.5,1356.5,1359.199951171875,178489
2026-03-05 04:40:00,1359.5,1360.0,1357.5,1358.0999755859375,190108
2026-03-05 04:45:00,1357.699951171875,1358.5999755859375,1357.300048828125,1357.9000244140625,68020
2026-03-05 04:50:00,1357.9000244140625,1358.0,1356.800048828125,1357.199951171875,68732
2026-03-05 04:55:00,1357.199951171875,1357.699951171875,1355.0,1356.5,124811
2026-03-05 05:00:00,1356.5,1357.199951171875,1355.9000244140625,1356.699951171875,71260
2026-03-05 05:05:00,1356.5999755859375,1363.9000244140625,1356.5,1363.800048828125,509826
2026-03-05 05:10:00,1363.9000244140625,1365.9000244140625,1363.300048828125,1364.9000244140625,80334
2026-03-05 05:15:00,1364.5999755859375,1365.4000244140625,1363.199951171875,1363.199951171875,51755
2026-03-05 05:20:00,1363.300048828125,1365.0,1362.800048828125,1364.5,141306
2026-03-05 05:25:00,1364.4000244140625,1366.9000244140625,1364.300048828125,1365.5999755859375,45091
2026-03-05 05:30:00,1365.5999755859375,1367.699951171875,1365.5999755859375,1367.0999755859375,94596
2026-03-05 05:35:00,1367.0999755859375,1370.0999755859375,1367.0,1369.699951171875,361797
2026-03-05 05:40:00,1369.699951171875,1370.5999755859375,1368.9000244140625,1368.9000244140625,140500
2026-03-05 05:45:00,1369.0999755859375,1369.0999755859375,1367.0999755859375,1367.9000244140625,36547
2026-03-05 05:50:00,1368.5,1368.5,1365.5999755859375,1366.0,31407
2026-03-05 05:55:00,1366.0,1366.0,1363.199951171875,1363.800048828125,68004
2026-03-05 06:00:00,1363.4000244140625,1363.800048828125,1360.5999755859375,1362.5,144471
2026-03-05 06:05:00,1363.199951171875,1363.199951171875,1360.5999755859375,1361.5999755859375,110268
2026-03-05 06:10:00,1361.5999755859375,1362.5,1359.800048828125,1360.0999755859375,371421
2026-03-05 06:15:00,1360.0999755859375,1361.0,1358.699951171875,1359.0,156775
2026-03-05 06:20:00,1359.0999755859375,1360.0999755859375,1357.699951171875,1359.9000244140625,338206
2026-03-05 06:25:00,1360.0999755859375,1360.5,1358.0,1360.4000244140625,158352
2026-03-05 06:30:00,1360.4000244140625,1361.800048828125,1360.199951171875,1360.800048828125,447417
2026-03-05 06:35:00,1361.300048828125,1361.9000244140625,1357.699951171875,1358.800048828125,575110
2026-03-05 06:40:00,1359.0,1359.300048828125,1356.199951171875,1356.9000244140625,123938
2026-03-05 06:45:00,1356.9000244140625,1356.9000244140625,1354.5,1355.4000244140625,131651
2026-03-05 06:50:00,1355.4000244140625,1357.9000244140625,1355.0999755859375,1356.9000244140625,180543
2026-03-05 06:55:00,1356.9000244140625,1358.199951171875,1356.199951171875,1357.9000244140625,35161
2026-03-05 07:00:00,1357.9000244140625,1358.9000244140625,1357.300048828125,1357.9000244140625,27224
2026-03-05 07:05:00,1358.0999755859375,1358.699951171875,1356.5,1358.4000244140625,34258
2026-03-05 07:10:00,1358.4000244140625,1358.4000244140625,1357.0999755859375,1357.0999755859375,32078
2026-03-05 07:15:00,1357.0999755859375,1357.0999755859375,1355.699951171875,1356.5999755859375,39583
2026-03-05 07:20:00,1356.0999755859375,1357.300048828125,1356.0999755859375,1357.300048828125,31623
2026-03-05 07:25:00,1357.300048828125,1357.9000244140625,1354.9000244140625,1355.699951171875,133290
2026-03-05 07:30:00,1355.5999755859375,1356.699951171875,1355.199951171875,1356.0,604406
2026-03-05 07:35:00,1355.9000244140625,1356.5999755859375,1355.5999755859375,1356.5999755859375,31962
2026-03-05 07:40:00,1356.800048828125,1357.0,1355.199951171875,1355.4000244140625,42594
2026-03-05 07:45:00,1355.4000244140625,1355.699951171875,1354.0999755859375,1354.300048828125,62971
2026-03-05 07:50:00,1354.5999755859375,1354.9000244140625,1353.300048828125,1354.199951171875,49806
2026-03-05 07:55:00,1354.300048828125,1354.800048828125,1353.5,1354.800048828125,221315
2026-03-05 08:00:00,1354.699951171875,1355.199951171875,1352.300048828125,1352.4000244140625,183002
2026-03-05 08:05:00,1352.9000244140625,1352.9000244140625,1350.5999755859375,1351.300048828125,138752
2026-03-05 08:10:00,1351.199951171875,1351.9000244140625,1349.4000244140625,1350.5999755859375,498646
2026-03-05 08:15:00,1350.9000244140625,1352.9000244140625,1350.800048828125,1351.0,486533
2026-03-05 08:20:00,1351.4000244140625,1351.4000244140625,1349.300048828125,1349.699951171875,294176
2026-03-05 08:25:00,1349.5999755859375,1350.0,1348.5999755859375,1349.0,132446
2026-03-05 08:30:00,1348.5999755859375,1349.699951171875,1348.4000244140625,1349.0,98861
2026-03-05 08:35:00,1349.0,1349.699951171875,1348.0,1348.4000244140625,78160
2026-03-05 08:40:00,1348.9000244140625,1349.5,1347.9000244140625,1349.0,68737
2026-03-05 08:45:00,1348.5999755859375,1349.199951171875,1347.800048828125,1347.9000244140625,161003
2026-03-05 08:50:00,1347.9000244140625,1351.9000244140625,1347.699951171875,1351.4000244140625,308970
2026-03-05 08:55:00,1351.5999755859375,1353.300048828125,1350.4000244140625,1352.199951171875,191344
2026-03-05 09:00:00,1352.0999755859375,1352.0999755859375,1349.0999755859375,1349.5999755859375,317811
2026-03-05 09:05:00,1349.5999755859375,1352.300048828125,1348.5999755859375,1351.199951171875,330959
2026-03-05 09:10:00,1351.4000244140625,1355.800048828125,1351.0999755859375,1352.9000244140625,495015
2026-03-05 09:15:00,1352.9000244140625,1353.5,1351.199951171875,1352.9000244140625,292228
2026-03-05 09:20:00,1352.9000244140625,1360.5,1351.5999755859375,1360.0,715843
2026-03-05 09:25:00,1360.0999755859375,1362.300048828125,1358.5999755859375,1362.199951171875,235295
2026-03-05 09:30:00,1362.199951171875,1363.199951171875,1356.199951171875,1360.4000244140625,2502510
2026-03-05 09:35:00,1361.0,1361.0,1354.5,1356.5999755859375,761200
2026-03-05 09:40:00,1356.300048828125,1357.9000244140625,1353.5,1354.0999755859375,582000
2026-03-05 09:45:00,1354.5,1356.5999755859375,1351.199951171875,1352.4000244140625,508331
2026-03-05 09:50:00,1352.4000244140625,1353.5,1350.5999755859375,1351.699951171875,575326
2026-03-05 09:55:00,1351.5,1357.5999755859375,1350.5,1357.5999755859375,399813
2026-03-06 03:45:00,1343.9000244140625,1343.9000244140625,1323.5,1325.9000244140625,0
2026-03-06 03:50:00,1326.0,1326.9000244140625,1320.300048828125,1321.300048828125,1577851
2026-03-06 03:55:00,1321.5999755859375,1326.4000244140625,1321.199951171875,1326.4000244140625,702514
2026-03-06 04:00:00,1326.0,1331.5999755859375,1325.9000244140625,1328.4000244140625,841013
2026-03-06 04:05:00,1328.5999755859375,1329.9000244140625,1327.0,1327.0999755859375,230004
2026-03-06 04:10:00,1327.0999755859375,1331.300048828125,1327.0,1331.199951171875,190018
2026-03-06 04:15:00,1331.0999755859375,1333.4000244140625,1330.0,1331.4000244140625,457374
2026-03-06 04:20:00,1331.5999755859375,1332.4000244140625,1328.199951171875,1328.199951171875,313970
2026-03-06 04:25:00,1328.199951171875,1329.4000244140625,1327.300048828125,1327.9000244140625,169550
2026-03-06 04:30:00,1327.5,1329.0999755859375,1326.5999755859375,1327.800048828125,213569
2026-03-06 04:35:00,1328.0,1329.699951171875,1327.0999755859375,1329.4000244140625,87553
2026-03-06 04:40:00,1329.4000244140625,1329.699951171875,1328.4000244140625,1329.0,115254
2026-03-06 04:45:00,1329.0,1329.0999755859375,1328.0999755859375,1328.199951171875,187094
2026-03-06 04:50:00,1328.5999755859375,1328.9000244140625,1327.5999755859375,1328.5999755859375,60797
2026-03-06 04:55:00,1328.5999755859375,1328.699951171875,1326.0999755859375,1327.4000244140625,62772
2026-03-06 05:00:00,1327.0999755859375,1328.0,1326.5999755859375,1326.5999755859375,46899
2026-03-06 05:05:00,1326.699951171875,1328.800048828125,1326.300048828125,1328.4000244140625,37045
2026-03-06 05:10:00,1328.4000244140625,1328.699951171875,1327.0,1327.199951171875,54461
2026-03-06 05:15:00,1327.199951171875,1327.699951171875,1324.5,1325.0,295387
2026-03-06 05:20:00,1325.199951171875,1326.9000244140625,1324.699951171875,1325.699951171875,167932
2026-03-06 05:25:00,1325.800048828125,1325.9000244140625,1324.9000244140625,1325.0,41836
2026-03-06 05:30:00,1325.0,1327.5999755859375,1325.0,1327.4000244140625,63099
2026-03-06 05:35:00,1327.4000244140625,1328.0999755859375,1326.5999755859375,1326.9000244140625,54479
2026-03-06 05:40:00,1327.0,1327.699951171875,1326.4000244140625,1326.9000244140625,34461
2026-03-06 05:45:00,1327.199951171875,1327.4000244140625,1325.0,1325.5999755859375,48221
2026-03-06 05:50:00,1325.5999755859375,1326.300048828125,1325.300048828125,1325.800048828125,45256
2026-03-06 05:55:00,1325.800048828125,1326.5,1325.300048828125,1326.199951171875,48460
2026-03-06 06:00:00,1326.199951171875,1327.5,1325.699951171875,1327.4000244140625,70600
2026-03-06 06:05:00,1327.300048828125,1328.0,1326.300048828125,1327.4000244140625,167947
2026-03-06 06:10:00,1327.199951171875,1328.0999755859375,1326.199951171875,1326.5999755859375,85093
2026-03-06 06:15:00,1326.5999755859375,1326.5999755859375,1326.0,1326.4000244140625,58086
2026-03-06 06:20:00,1326.4000244140625,1326.4000244140625,1325.0999755859375,1325.300048828125,59262
2026-03-06 06:25:00,1325.300048828125,1328.199951171875,1325.0,1327.300048828125,154288
2026-03-06 06:30:00,1327.300048828125,1327.4000244140625,1325.699951171875,1325.9000244140625,85601
2026-03-06 06:35:00,1325.800048828125,1326.5999755859375,1325.4000244140625,1325.699951171875,199542
2026-03-06 06:40:00,1325.9000244140625,1326.300048828125,1324.300048828125,1325.0,639354
2026-03-06 06:45:00,1325.0,1325.199951171875,1324.300048828125,1324.300048828125,581942
2026-03-06 06:50:00,1324.5,1325.0,1323.5999755859375,1324.9000244140625,90512
2026-03-06 06:55:00,1324.9000244140625,1325.0,1323.5,1323.800048828125,129190
2026-03-06 07:00:00,1324.199951171875,1325.0,1323.800048828125,1324.9000244140625,67070
2026-03-06 07:05:00,1324.9000244140625,1325.0,1324.5,1324.800048828125,146354
2026-03-06 07:10:00,1324.4000244140625,1325.5,1324.300048828125,1324.9000244140625,118173
2026-03-06 07:15:00,1324.699951171875,1325.199951171875,1323.800048828125,1324.199951171875,127951
2026-03-06 07:20:00,1324.199951171875,1324.5999755859375,1323.300048828125,1323.300048828125,107251
2026-03-06 07:25:00,1323.300048828125,1324.9000244140625,1322.0999755859375,1323.199951171875,216347
2026-03-06 07:30:00,1323.199951171875,1323.5999755859375,1321.300048828125,1322.5,335483
2026-03-06 07:35:00,1322.5999755859375,1322.699951171875,1321.699951171875,1322.0999755859375,121487
2026-03-06 07:40:00,1322.300048828125,1322.9000244140625,1322.0,1322.800048828125,70619
2026-03-06 07:45:00,1322.699951171875,1322.9000244140625,1322.0999755859375,1322.699951171875,77322
2026-03-06 07:50:00,1322.800048828125,1323.0999755859375,1322.5,1322.800048828125,280781
2026-03-06 07:55:00,1323.0,1323.9000244140625,1322.699951171875,1322.699951171875,111995
2026-03-06 08:00:00,1322.800048828125,1322.800048828125,1321.5,1322.199951171875,111335
2026-03-06 08:05:00,1322.199951171875,1323.800048828125,1321.0,1322.800048828125,134568
2026-03-06 08:10:00,1322.800048828125,1323.4000244140625,1321.300048828125,1321.4000244140625,194662
2026-03-06 08:15:00,1321.800048828125,1321.800048828125,1319.199951171875,1319.800048828125,682943
2026-03-06 08:20:00,1320.199951171875,1320.199951171875,1318.300048828125,1318.5,366171
2026-03-06 08:25:00,1318.5999755859375,1319.800048828125,1317.300048828125,1317.699951171875,409217
2026-03-06 08:30:00,1317.5999755859375,1317.800048828125,1316.0999755859375,1316.9000244140625,405768
2026-03-06 08:35:00,1316.9000244140625,1318.800048828125,1316.800048828125,1318.699951171875,468294
2026-03-06 08:40:00,1318.9000244140625,1320.300048828125,1317.800048828125,1318.199951171875,392280
2026-03-06 08:45:00,1318.300048828125,1319.5999755859375,1317.300048828125,1318.699951171875,480813
2026-03-06 08:50:00,1318.800048828125,1319.199951171875,1318.0,1318.5,149585
2026-03-06 08:55:00,1318.800048828125,1319.0,1317.4000244140625,1317.5999755859375,192585
2026-03-06 09:00:00,1317.699951171875,1318.300048828125,1317.199951171875,1317.300048828125,196231
2026-03-06 09:05:00,1317.4000244140625,1317.800048828125,1317.0999755859375,1317.4000244140625,295860
2026-03-06 09:10:00,1317.5,1317.800048828125,1316.800048828125,1317.0999755859375,228781
2026-03-06 09:15:00,1317.199951171875,1318.9000244140625,1311.800048828125,1314.4000244140625,324397
2026-03-06 09:20:00,1314.4000244140625,1316.0,1314.0,1314.5,194574
2026-03-06 09:25:00,1314.5,1316.0999755859375,1313.9000244140625,1316.0,211697
2026-03-06 09:30:00,1316.0,1316.0999755859375,1312.4000244140625,1312.4000244140625,502958
2026-03-06 09:35:00,1312.4000244140625,1314.0,1310.5999755859375,1314.0,493143
2026-03-06 09:40:00,1314.0,1314.9000244140625,1311.5,1312.0,568781
2026-03-06 09:45:00,1312.0,1312.800048828125,1311.0,1312.300048828125,690928
2026-03-06 09:50:00,1312.300048828125,1314.5,1312.300048828125,1314.4000244140625,771225
2026-03-06 09:55:00,1314.300048828125,1315.9000244140625,1314.0,1315.0999755859375,948357
2026-03-09 03:45:00,1272.699951171875,1281.9000244140625,1262.5999755859375,1262.5999755859375,0
2026-03-09 03:50:00,1262.9000244140625,1265.0,1255.0,1255.4000244140625,1231974
2026-03-09 03:55:00,1255.800048828125,1263.699951171875,1251.5999755859375,1263.4000244140625,856780
2026-03-09 04:00:00,1263.4000244140625,1268.699951171875,1262.800048828125,1266.199951171875,266520
2026-03-09 04:05:00,1266.300048828125,1269.5999755859375,1266.0999755859375,1268.4000244140625,282301
2026-03-09 04:10:00,1268.4000244140625,1268.4000244140625,1263.0,1265.300048828125,156437
2026-03-09 04:15:00,1265.300048828125,1267.5999755859375,1263.5,1266.5,115909
2026-03-09 04:20:00,1266.4000244140625,1267.4000244140625,1265.199951171875,1267.4000244140625,77079
2026-03-09 04:25:00,1267.4000244140625,1267.5,1265.0,1266.5999755859375,110807
2026-03-09 04:30:00,1266.5,1267.4000244140625,1265.0999755859375,1266.800048828125,108138
2026-03-09 04:35:00,1267.199951171875,1270.699951171875,1265.800048828125,1270.5,98789
2026-03-09 04:40:00,1270.4000244140625,1273.300048828125,1270.300048828125,1271.9000244140625,316197
2026-03-09 04:45:00,1271.4000244140625,1271.4000244140625,1266.800048828125,1267.699951171875,86273
2026-03-09 04:50:00,1267.800048828125,1269.0,1266.5,1267.5999755859375,96586
2026-03-09 04:55:00,1267.699951171875,1267.9000244140625,1265.699951171875,1266.9000244140625,87175
2026-03-09 05:00:00,1266.800048828125,1267.699951171875,1265.0999755859375,1265.0999755859375,90799
2026-03-09 05:05:00,1265.300048828125,1269.5,1265.0,1269.0,92256
2026-03-09 05:10:00,1268.699951171875,1270.800048828125,1267.300048828125,1270.800048828125,79042
2026-03-09 05:15:00,1270.300048828125,1270.800048828125,1268.5999755859375,1269.300048828125,50854
2026-03-09 05:20:00,1269.300048828125,1276.300048828125,1269.0,1273.9000244140625,213130
2026-03-09 05:25:00,1273.800048828125,1277.0,1272.0999755859375,1274.9000244140625,163454
2026-03-09 05:30:00,1275.4000244140625,1275.699951171875,1273.0,1274.300048828125,76387
2026-03-09 05:35:00,1273.9000244140625,1274.300048828125,1271.800048828125,1272.199951171875,62712
2026-03-09 05:40:00,1272.0,1272.199951171875,1269.0,1271.4000244140625,79223
2026-03-09 05:45:00,1271.300048828125,1272.800048828125,1269.199951171875,1272.300048828125,68142
2026-03-09 05:50:00,1272.0,1274.5,1272.0,1272.800048828125,85617
2026-03-09 05:55:00,1272.800048828125,1273.199951171875,1269.5,1271.5,140549
2026-03-09 06:00:00,1271.5999755859375,1273.0999755859375,1270.5,1271.5999755859375,152595
2026-03-09 06:05:00,1271.5999755859375,1273.5999755859375,1271.0,1272.699951171875,76308
2026-03-09 06:10:00,1272.699951171875,1274.699951171875,1271.5999755859375,1272.300048828125,127441
2026-03-09 06:15:00,1272.300048828125,1274.699951171875,1271.9000244140625,1273.0,224330
2026-03-09 06:20:00,1273.0,1276.699951171875,1272.800048828125,1276.0999755859375,100142
2026-03-09 06:25:00,1276.0999755859375,1276.199951171875,1275.0,1275.699951171875,54137
2026-03-09 06:30:00,1275.699951171875,1275.800048828125,1273.0999755859375,1274.4000244140625,78247
2026-03-09 06:35:00,1274.0999755859375,1275.0,1273.300048828125,1273.4000244140625,135922
2026-03-09 06:40:00,1273.5999755859375,1274.199951171875,1270.4000244140625,1270.800048828125,102588
2026-03-09 06:45:00,1270.5,1273.4000244140625,1270.5,1271.800048828125,606769
2026-03-09 06:50:00,1271.800048828125,1272.4000244140625,1270.300048828125,1272.4000244140625,68602
2026-03-09 06:55:00,1272.300048828125,1272.9000244140625,1271.0,1271.699951171875,89966
2026-03-09 07:00:00,1272.0,1273.199951171875,1271.800048828125,1272.4000244140625,63378
2026-03-09 07:05:00,1272.300048828125,1274.5999755859375,1271.0999755859375,1274.5,122010
2026-03-09 07:10:00,1274.5999755859375,1276.0,1273.5,1275.699951171875,204488
2026-03-09 07:15:00,1275.699951171875,1276.4000244140625,1274.5999755859375,1275.300048828125,141437
2026-03-09 07:20:00,1275.300048828125,1277.5,1275.0,1276.9000244140625,306768
2026-03-09 07:25:00,1276.9000244140625,1279.699951171875,1274.9000244140625,1279.5,207967
2026-03-09 07:30:00,1279.4000244140625,1281.199951171875,1278.0999755859375,1280.199951171875,419634
2026-03-09 07:35:00,1280.5,1280.800048828125,1277.199951171875,1277.800048828125,137689
2026-03-09 07:40:00,1277.800048828125,1278.5999755859375,1276.5999755859375,1277.4000244140625,135863
2026-03-09 07:45:00,1277.300048828125,1277.800048828125,1274.9000244140625,1275.5,452828
2026-03-09 07:50:00,1275.5999755859375,1278.800048828125,1274.0,1274.300048828125,202167
2026-03-09 07:55:00,1274.0,1276.699951171875,1273.199951171875,1274.199951171875,234689
2026-03-09 08:00:00,1274.4000244140625,1277.699951171875,1274.0,1275.4000244140625,192055
2026-03-09 08:05:00,1275.4000244140625,1275.699951171875,1273.800048828125,1274.699951171875,86058
2026-03-09 08:10:00,1274.699951171875,1275.699951171875,1274.300048828125,1274.9000244140625,71377
2026-03-09 08:15:00,1275.0999755859375,1275.699951171875,1274.0999755859375,1275.0,87272
2026-03-09 08:20:00,1275.199951171875,1276.4000244140625,1274.5999755859375,1275.5,62657
2026-03-09 08:25:00,1275.5999755859375,1276.5999755859375,1274.5999755859375,1275.199951171875,50075
2026-03-09 08:30:00,1275.0,1276.4000244140625,1273.9000244140625,1276.4000244140625,77017
2026-03-09 08:35:00,1276.5,1277.300048828125,1275.0999755859375,1277.0999755859375,47913
2026-03-09 08:40:00,1277.0999755859375,1278.4000244140625,1276.699951171875,1277.199951171875,75263
2026-03-09 08:45:00,1277.4000244140625,1277.699951171875,1275.0,1275.4000244140625,78072
2026-03-09 08:50:00,1275.4000244140625,1276.699951171875,1275.0999755859375,1276.4000244140625,54708
2026-03-09 08:55:00,1276.300048828125,1277.800048828125,1275.9000244140625,1277.300048828125,91746
2026-03-09 09:00:00,1277.300048828125,1277.699951171875,1276.0,1276.5999755859375,72302
2026-03-09 09:05:00,1276.9000244140625,1278.699951171875,1276.4000244140625,1278.5999755859375,86121
2026-03-09 09:10:00,1278.5999755859375,1279.5,1277.4000244140625,1278.4000244140625,109056
2026-03-09 09:15:00,1278.4000244140625,1281.699951171875,1278.0,1279.5999755859375,164502
2026-03-09 09:20:00,1279.800048828125,1281.5999755859375,1279.0,1281.5999755859375,142960
2026-03-09 09:25:00,1281.699951171875,1281.699951171875,1279.699951171875,1280.4000244140625,110544
2026-03-09 09:30:00,1280.4000244140625,1281.699951171875,1278.5999755859375,1280.699951171875,411426
2026-03-09 09:35:00,1280.800048828125,1281.199951171875,1278.300048828125,1278.5999755859375,384934
2026-03-09 09:40:00,1278.5999755859375,1278.800048828125,1277.5,1278.5,276969
2026-03-09 09:45:00,1278.5,1279.0999755859375,1277.0,1278.0999755859375,319946
2026-03-09 09:50:00,1278.300048828125,1278.300048828125,1275.0999755859375,1276.5999755859375,233288
2026-03-09 09:55:00,1276.5999755859375,1278.4000244140625,1274.5,1278.4000244140625,268997
2026-03-10 03:45:00,1290.4000244140625,1296.5,1286.300048828125,1293.699951171875,0
2026-03-10 03:50:00,1293.5,1299.5,1292.199951171875,1297.9000244140625,1220233
2026-03-10 03:55:00,1298.0,1298.0999755859375,1293.5,1296.5999755859375,498277
2026-03-10 04:00:00,1296.5,1297.800048828125,1294.0,1294.0999755859375,304474
2026-03-10 04:05:00,1293.9000244140625,1294.300048828125,1289.800048828125,1290.9000244140625,300406
2026-03-10 04:10:00,1290.9000244140625,1293.5,1290.300048828125,1293.5,140182
2026-03-10 04:15:00,1294.0,1294.0,1291.4000244140625,1292.5,233824
2026-03-10 04:20:00,1292.4000244140625,1292.800048828125,1292.199951171875,1292.800048828125,91180
2026-03-10 04:25:00,1292.9000244140625,1293.0,1291.300048828125,1291.5999755859375,88005
2026-03-10 04:30:00,1291.5999755859375,1297.5999755859375,1291.5,1297.5999755859375,121413
2026-03-10 04:35:00,1297.5999755859375,1297.800048828125,1294.5999755859375,1296.199951171875,91074
2026-03-10 04:40:00,1296.199951171875,1298.0,1295.5,1297.699951171875,70690
2026-03-10 04:45:00,1297.5999755859375,1302.0,1297.0,1301.9000244140625,169370
2026-03-10 04:50:00,1301.9000244140625,1302.5,1298.0999755859375,1299.300048828125,85664
2026-03-10 04:55:00,1299.300048828125,1299.9000244140625,1298.0999755859375,1299.5,57420
2026-03-10 05:00:00,1299.5,1301.300048828125,1299.199951171875,1301.199951171875,107834
2026-03-10 05:05:00,1301.199951171875,1302.5,1300.699951171875,1302.0,100560
2026-03-10 05:10:00,1302.0,1305.800048828125,1302.0,1305.4000244140625,222880
2026-03-10 05:15:00,1305.4000244140625,1306.5,1304.0,1305.5999755859375,196086
2026-03-10 05:20:00,1305.5999755859375,1306.199951171875,1304.4000244140625,1304.9000244140625,232323
2026-03-10 05:25:00,1304.5999755859375,1305.699951171875,1304.0999755859375,1305.699951171875,94204
2026-03-10 05:30:00,1305.699951171875,1308.199951171875,1305.4000244140625,1307.9000244140625,252463
2026-03-10 05:35:00,1307.9000244140625,1308.0,1305.5999755859375,1306.800048828125,112714
2026-03-10 05:40:00,1306.800048828125,1307.4000244140625,1305.9000244140625,1306.699951171875,157777
2026-03-10 05:45:00,1306.9000244140625,1307.300048828125,1304.199951171875,1304.9000244140625,98323
2026-03-10 05:50:00,1304.5,1306.5999755859375,1303.699951171875,1306.199951171875,166190
2026-03-10 05:55:00,1306.0,1307.699951171875,1306.0,1307.699951171875,79953
2026-03-10 06:00:00,1308.0,1309.5999755859375,1307.5,1309.5999755859375,109640
2026-03-10 06:05:00,1309.5999755859375,1309.9000244140625,1308.199951171875,1309.0,79469
2026-03-10 06:10:00,1309.0,1309.4000244140625,1308.300048828125,1309.300048828125,117628
2026-03-10 06:15:00,1309.199951171875,1309.199951171875,1305.4000244140625,1305.699951171875,84058
2026-03-10 06:20:00,1305.699951171875,1306.5999755859375,1305.199951171875,1306.5999755859375,57711
2026-03-10 06:25:00,1306.5999755859375,1306.5999755859375,1304.5999755859375,1305.800048828125,68260
2026-03-10 06:30:00,1305.9000244140625,1307.800048828125,1305.5999755859375,1307.4000244140625,83090
2026-03-10 06:35:00,1307.300048828125,1307.800048828125,1306.199951171875,1307.300048828125,163693
2026-03-10 06:40:00,1307.300048828125,1307.5999755859375,1305.800048828125,1305.800048828125,56588
2026-03-10 06:45:00,1305.9000244140625,1305.9000244140625,1304.4000244140625,1305.4000244140625,128153
2026-03-10 06:50:00,1305.5,1306.5999755859375,1303.300048828125,1303.4000244140625,184191
2026-03-10 06:55:00,1303.4000244140625,1303.9000244140625,1301.699951171875,1303.5999755859375,277206
2026-03-10 07:00:00,1303.5999755859375,1306.199951171875,1303.0999755859375,1305.9000244140625,579889
2026-03-10 07:05:00,1305.9000244140625,1306.699951171875,1302.0,1302.0999755859375,417163
2026-03-10 07:10:00,1302.0,1302.5999755859375,1301.0,1301.199951171875,669329
2026-03-10 07:15:00,1301.199951171875,1303.800048828125,1300.800048828125,1303.5,249579
2026-03-10 07:20:00,1303.4000244140625,1305.699951171875,1303.300048828125,1305.4000244140625,111298
2026-03-10 07:25:00,1305.5,1306.5,1305.0999755859375,1305.800048828125,60797
2026-03-10 07:30:00,1305.9000244140625,1306.0999755859375,1303.800048828125,1304.5,199533
2026-03-10 07:35:00,1304.4000244140625,1304.9000244140625,1302.699951171875,1303.5999755859375,297407
2026-03-10 07:40:00,1303.5999755859375,1305.0,1302.5,1303.300048828125,291393
2026-03-10 07:45:00,1303.300048828125,1304.4000244140625,1302.699951171875,1303.699951171875,191071
2026-03-10 07:50:00,1304.300048828125,1304.9000244140625,1301.800048828125,1303.199951171875,208683
2026-03-10 07:55:00,1303.0999755859375,1303.699951171875,1302.199951171875,1303.5,106368
2026-03-10 08:00:00,1303.5999755859375,1305.0999755859375,1303.5999755859375,1304.5,493308
2026-03-10 08:05:00,1304.5999755859375,1306.4000244140625,1302.5,1306.300048828125,422230
2026-03-10 08:10:00,1306.0999755859375,1306.199951171875,1304.4000244140625,1304.9000244140625,144221
2026-03-10 08:15:00,1304.699951171875,1304.800048828125,1303.300048828125,1304.0999755859375,99889
2026-03-10 08:20:00,1304.199951171875,1304.5,1303.9000244140625,1304.300048828125,58574
2026-03-10 08:25:00,1304.300048828125,1304.5999755859375,1303.699951171875,1303.800048828125,116640
2026-03-10 08:30:00,1303.9000244140625,1304.699951171875,1303.300048828125,1304.699951171875,59995
2026-03-10 08:35:00,1305.0,1307.9000244140625,1304.5999755859375,1307.0,168790
2026-03-10 08:40:00,1307.0,1310.0999755859375,1306.800048828125,1309.9000244140625,413905
2026-03-10 08:45:00,1309.9000244140625,1310.5,1308.300048828125,1308.699951171875,159847
2026-03-10 08:50:00,1308.699951171875,1308.699951171875,1307.0,1307.0,93667
2026-03-10 08:55:00,1307.0,1308.5,1306.4000244140625,1308.0999755859375,226556
2026-03-10 09:00:00,1308.300048828125,1309.0,1305.300048828125,1306.300048828125,263977
2026-03-10 09:05:00,1306.300048828125,1308.0,1306.0,1307.0999755859375,174034
2026-03-10 09:10:00,1307.0999755859375,1308.0,1306.199951171875,1307.300048828125,249782
2026-03-10 09:15:00,1307.300048828125,1308.5,1307.0999755859375,1308.5,205230
2026-03-10 09:20:00,1308.800048828125,1310.9000244140625,1308.0999755859375,1309.5,194356
2026-03-10 09:25:00,1309.4000244140625,1311.4000244140625,1308.5999755859375,1310.5999755859375,209030
2026-03-10 09:30:00,1310.5999755859375,1311.9000244140625,1308.5999755859375,1311.9000244140625,1011719
2026-03-10 09:35:00,1312.0999755859375,1314.800048828125,1309.5999755859375,1310.4000244140625,849552
2026-03-10 09:40:00,1310.199951171875,1313.0,1308.800048828125,1311.800048828125,922015
2026-03-10 09:45:00,1311.800048828125,1314.699951171875,1311.800048828125,1314.0,463988
2026-03-10 09:50:00,1314.0999755859375,1314.9000244140625,1310.4000244140625,1314.5,674584
2026-03-10 09:55:00,1314.5,1315.0,1310.5,1311.0,339376
2026-03-11 03:45:00,1303.300048828125,1306.5,1301.699951171875,1301.800048828125,0
2026-03-11 03:50:00,1301.800048828125,1302.800048828125,1298.800048828125,1298.800048828125,265303
2026-03-11 03:55:00,1298.699951171875,1299.5999755859375,1297.0999755859375,1299.5,163974
2026-03-11 04:00:00,1299.199951171875,1299.9000244140625,1297.300048828125,1299.800048828125,267999
2026-03-11 04:05:00,1299.800048828125,1300.4000244140625,1298.0999755859375,1299.800048828125,132011
2026-03-11 04:10:00,1300.199951171875,1300.699951171875,1299.0,1300.300048828125,104318
2026-03-11 04:15:00,1300.300048828125,1301.9000244140625,1300.0999755859375,1301.199951171875,139078
2026-03-11 04:20:00,1301.199951171875,1301.699951171875,1298.800048828125,1299.0,150536
2026-03-11 04:25:00,1298.9000244140625,1300.5,1298.9000244140625,1300.0,78914
2026-03-11 04:30:00,1299.699951171875,1300.300048828125,1298.0999755859375,1298.4000244140625,92460
2026-03-11 04:35:00,1298.300048828125,1299.5,1296.699951171875,1296.800048828125,108511
2026-03-11 04:40:00,1296.800048828125,1298.0,1296.5999755859375,1297.199951171875,128014
2026-03-11 04:45:00,1297.5,1299.5999755859375,1296.9000244140625,1298.300048828125,126724
2026-03-11 04:50:00,1298.199951171875,1298.199951171875,1295.5,1295.9000244140625,237731
2026-03-11 04:55:00,1295.9000244140625,1297.4000244140625,1295.800048828125,1297.4000244140625,65980
2026-03-11 05:00:00,1297.300048828125,1297.4000244140625,1295.5,1296.0999755859375,141744
2026-03-11 05:05:00,1296.199951171875,1296.300048828125,1293.5,1293.800048828125,126975
2026-03-11 05:10:00,1293.9000244140625,1295.199951171875,1293.800048828125,1294.5,104026
2026-03-11 05:15:00,1294.4000244140625,1297.199951171875,1293.300048828125,1297.199951171875,160723
2026-03-11 05:20:00,1297.199951171875,1299.0999755859375,1296.800048828125,1297.4000244140625,214557
2026-03-11 05:25:00,1297.5,1298.5999755859375,1296.800048828125,1297.800048828125,112349
2026-03-11 05:30:00,1297.800048828125,1298.5999755859375,1297.4000244140625,1298.4000244140625,120351
2026-03-11 05:35:00,1298.300048828125,1298.300048828125,1297.5,1298.0,91908
2026-03-11 05:40:00,1298.0,1300.699951171875,1297.4000244140625,1297.699951171875,122306
2026-03-11 05:45:00,1297.5999755859375,1297.5999755859375,1294.5,1295.0,164430
2026-03-11 05:50:00,1294.800048828125,1295.0,1292.4000244140625,1292.4000244140625,89386
2026-03-11 05:55:00,1292.5,1294.0999755859375,1292.4000244140625,1294.0999755859375,120692
2026-03-11 06:00:00,1294.199951171875,1294.199951171875,1291.4000244140625,1291.9000244140625,41431
2026-03-11 06:05:00,1291.9000244140625,1292.9000244140625,1291.5999755859375,1291.800048828125,36339
2026-03-11 06:10:00,1292.0999755859375,1292.9000244140625,1290.9000244140625,1292.9000244140625,82069
2026-03-11 06:15:00,1292.9000244140625,1293.300048828125,1292.0999755859375,1293.0999755859375,26828
2026-03-11 06:20:00,1293.300048828125,1295.4000244140625,1292.0,1295.0999755859375,109288
2026-03-11 06:25:00,1295.0999755859375,1295.199951171875,1293.0999755859375,1294.0,28317
2026-03-11 06:30:00,1294.0,1296.199951171875,1293.5999755859375,1296.0,74773
2026-03-11 06:35:00,1295.800048828125,1295.800048828125,1293.800048828125,1294.199951171875,74633
2026-03-11 06:40:00,1294.199951171875,1296.199951171875,1294.199951171875,1295.0,38693
2026-03-11 06:45:00,1295.0999755859375,1295.4000244140625,1294.800048828125,1294.9000244140625,33914
2026-03-11 06:50:00,1294.9000244140625,1295.5,1294.699951171875,1295.300048828125,55572
2026-03-11 06:55:00,1295.300048828125,1295.9000244140625,1294.300048828125,1295.9000244140625,60752
2026-03-11 07:00:00,1295.9000244140625,1297.4000244140625,1294.5,1295.0,248907
2026-03-11 07:05:00,1295.300048828125,1296.0999755859375,1294.699951171875,1294.9000244140625,109115
2026-03-11 07:10:00,1294.9000244140625,1297.5999755859375,1294.699951171875,1297.0999755859375,67655
2026-03-11 07:15:00,1297.0999755859375,1297.0999755859375,1296.199951171875,1297.0,65746
2026-03-11 07:20:00,1297.0999755859375,1297.5999755859375,1296.0,1296.4000244140625,66857
2026-03-11 07:25:00,1296.5999755859375,1297.4000244140625,1294.800048828125,1295.0,103852
2026-03-11 07:30:00,1294.800048828125,1296.0,1294.0,1295.300048828125,287735
2026-03-11 07:35:00,1295.5999755859375,1300.0999755859375,1295.0999755859375,1300.0999755859375,1166119
2026-03-11 07:40:00,1300.0999755859375,1300.0999755859375,1297.199951171875,1298.0999755859375,392388
2026-03-11 07:45:00,1298.0999755859375,1298.800048828125,1296.9000244140625,1298.5,137053
2026-03-11 07:50:00,1298.699951171875,1298.9000244140625,1297.5,1298.9000244140625,60848
2026-03-11 07:55:00,1298.9000244140625,1301.5,1298.5,1301.199951171875,178123
2026-03-11 08:00:00,1301.300048828125,1303.9000244140625,1301.300048828125,1301.5999755859375,342381
2026-03-11 08:05:00,1301.5999755859375,1302.9000244140625,1300.300048828125,1300.4000244140625,111251
2026-03-11 08:10:00,1300.300048828125,1301.300048828125,1298.800048828125,1298.800048828125,124358
2026-03-11 08:15:00,1299.0,1299.5999755859375,1297.300048828125,1298.800048828125,247832
2026-03-11 08:20:00,1298.5999755859375,1299.9000244140625,1298.0,1299.5,208882
2026-03-11 08:25:00,1299.4000244140625,1300.9000244140625,1298.699951171875,1300.9000244140625,113436
2026-03-11 08:30:00,1300.9000244140625,1300.9000244140625,1299.0999755859375,1300.0,74179
2026-03-11 08:35:00,1300.0999755859375,1300.4000244140625,1298.300048828125,1299.0,74472
2026-03-11 08:40:00,1298.9000244140625,1299.0999755859375,1298.0999755859375,1298.300048828125,51122
2026-03-11 08:45:00,1298.800048828125,1299.4000244140625,1297.800048828125,1298.0,85578
2026-03-11 08:50:00,1298.199951171875,1299.0,1297.800048828125,1297.800048828125,63786
2026-03-11 08:55:00,1297.5,1301.5,1297.4000244140625,1301.0,77338
2026-03-11 09:00:00,1301.0,1301.699951171875,1298.0,1299.300048828125,150100
2026-03-11 09:05:00,1299.300048828125,1300.0,1298.4000244140625,1300.0,80389
2026-03-11 09:10:00,1300.0999755859375,1300.0999755859375,1299.0,1299.800048828125,45462
2026-03-11 09:15:00,1299.800048828125,1299.9000244140625,1299.0999755859375,1299.4000244140625,57116
2026-03-11 09:20:00,1299.300048828125,1299.9000244140625,1299.0,1299.699951171875,105055
2026-03-11 09:25:00,1299.5,1299.5999755859375,1295.199951171875,1295.300048828125,284253
2026-03-11 09:30:00,1295.300048828125,1297.699951171875,1294.5,1296.0999755859375,402725
2026-03-11 09:35:00,1296.300048828125,1297.0999755859375,1294.800048828125,1296.5,418546
2026-03-11 09:40:00,1296.5999755859375,1297.0999755859375,1294.5999755859375,1295.300048828125,329941
2026-03-11 09:45:00,1295.5,1295.5,1293.0999755859375,1294.0,700738
2026-03-11 09:50:00,1293.9000244140625,1294.699951171875,1291.0999755859375,1292.0,783488
2026-03-11 09:55:00,1292.0,1294.5999755859375,1291.0,1294.5999755859375,230483
2026-03-12 03:45:00,1276.4000244140625,1276.4000244140625,1258.4000244140625,1263.800048828125,0
2026-03-12 03:50:00,1263.699951171875,1268.5,1262.5,1267.199951171875,350288
2026-03-12 03:55:00,1267.0,1269.699951171875,1266.300048828125,1269.0,348205
2026-03-12 04:00:00,1268.4000244140625,1271.199951171875,1266.9000244140625,1270.0,439520
2026-03-12 04:05:00,1269.9000244140625,1270.4000244140625,1267.0,1267.9000244140625,248546
2026-03-12 04:10:00,1268.0999755859375,1271.199951171875,1267.5999755859375,1270.4000244140625,252795
2026-03-12 04:15:00,1270.5,1271.300048828125,1267.5999755859375,1268.9000244140625,1359817
2026-03-12 04:20:00,1268.5999755859375,1274.699951171875,1268.5999755859375,1274.5999755859375,324098
2026-03-12 04:25:00,1274.5999755859375,1276.300048828125,1273.5999755859375,1276.0999755859375,272778
2026-03-12 04:30:00,1276.199951171875,1278.5,1275.5,1276.699951171875,234924
2026-03-12 04:35:00,1276.699951171875,1276.800048828125,1274.4000244140625,1274.5,143305
2026-03-12 04:40:00,1274.5,1274.800048828125,1271.4000244140625,1272.0,97795
2026-03-12 04:45:00,1272.0,1272.0,1270.199951171875,1270.699951171875,112709
2026-03-12 04:50:00,1270.699951171875,1272.4000244140625,1270.0999755859375,1271.199951171875,99531
2026-03-12 04:55:00,1271.199951171875,1274.300048828125,1271.0999755859375,1272.5999755859375,158755
2026-03-12 05:00:00,1272.5,1275.0,1271.0999755859375,1274.0999755859375,142663
2026-03-12 05:05:00,1274.5,1278.199951171875,1274.0999755859375,1277.5,160202
2026-03-12 05:10:00,1277.4000244140625,1278.0,1274.0,1274.300048828125,108510
2026-03-12 05:15:00,1274.5,1277.0999755859375,1274.199951171875,1276.9000244140625,87131
2026-03-12 05:20:00,1276.5999755859375,1278.300048828125,1274.800048828125,1277.699951171875,109167
2026-03-12 05:25:00,1277.5999755859375,1279.0999755859375,1275.4000244140625,1279.0999755859375,89961
2026-03-12 05:30:00,1279.0,1279.699951171875,1277.300048828125,1278.9000244140625,138208
2026-03-12 05:35:00,1279.0,1279.300048828125,1277.4000244140625,1279.0999755859375,108401
2026-03-12 05:40:00,1279.0,1279.800048828125,1277.5,1278.199951171875,115087
2026-03-12 05:45:00,1278.699951171875,1279.0,1273.5999755859375,1274.4000244140625,138024
2026-03-12 05:50:00,1274.4000244140625,1274.5,1271.300048828125,1273.5999755859375,140897
2026-03-12 05:55:00,1273.5999755859375,1274.4000244140625,1272.300048828125,1272.9000244140625,78772
2026-03-12 06:00:00,1272.800048828125,1272.9000244140625,1271.300048828125,1272.0,85695
2026-03-12 06:05:00,1272.0,1272.699951171875,1271.5,1272.199951171875,69271
2026-03-12 06:10:00,1272.300048828125,1273.699951171875,1270.9000244140625,1271.5,112993
2026-03-12 06:15:00,1271.0999755859375,1272.5,1270.0999755859375,1270.4000244140625,124719
2026-03-12 06:20:00,1270.4000244140625,1271.4000244140625,1270.300048828125,1270.699951171875,52086
2026-03-12 06:25:00,1271.0,1273.5999755859375,1270.199951171875,1272.0999755859375,205151
2026-03-12 06:30:00,1272.0999755859375,1273.5999755859375,1272.0,1273.5,70431
2026-03-12 06:35:00,1273.5,1273.5999755859375,1272.0,1272.800048828125,57755
2026-03-12 06:40:00,1272.9000244140625,1274.0,1272.0999755859375,1274.0,59141
2026-03-12 06:45:00,1274.199951171875,1274.800048828125,1273.5999755859375,1273.800048828125,61186
2026-03-12 06:50:00,1273.800048828125,1275.4000244140625,1273.5999755859375,1274.9000244140625,101727
2026-03-12 06:55:00,1275.0,1275.699951171875,1274.300048828125,1275.0,53788
2026-03-12 07:00:00,1275.0,1275.9000244140625,1274.300048828125,1274.4000244140625,54662
2026-03-12 07:05:00,1274.800048828125,1276.5,1273.4000244140625,1274.699951171875,221549
2026-03-12 07:10:00,1274.9000244140625,1277.800048828125,1273.5999755859375,1276.300048828125,128725
2026-03-12 07:15:00,1276.0999755859375,1277.0999755859375,1275.0,1275.199951171875,76007
2026-03-12 07:20:00,1275.4000244140625,1276.199951171875,1273.0,1273.5,70082
2026-03-12 07:25:00,1273.800048828125,1275.199951171875,1273.199951171875,1274.199951171875,80471
2026-03-12 07:30:00,1274.199951171875,1274.5,1272.0999755859375,1273.800048828125,123792
2026-03-12 07:35:00,1273.9000244140625,1274.0,1271.9000244140625,1272.5,136980
2026-03-12 07:40:00,1272.4000244140625,1275.5,1272.0,1275.300048828125,127802
2026-03-12 07:45:00,1275.300048828125,1276.5,1274.0999755859375,1274.199951171875,150892
2026-03-12 07:50:00,1274.199951171875,1276.0,1273.699951171875,1275.5,113018
2026-03-12 07:55:00,1275.5999755859375,1277.199951171875,1275.5,1276.4000244140625,209769
2026-03-12 08:00:00,1276.0999755859375,1279.4000244140625,1275.699951171875,1278.5999755859375,239084
2026-03-12 08:05:00,1278.199951171875,1278.5,1277.300048828125,1278.199951171875,85066
2026-03-12 08:10:00,1278.9000244140625,1280.4000244140625,1277.0999755859375,1277.5,272944
2026-03-12 08:15:00,1277.4000244140625,1278.9000244140625,1276.9000244140625,1277.800048828125,87420
2026-03-12 08:20:00,1277.9000244140625,1278.699951171875,1276.0,1276.300048828125,141448
2026-03-12 08:25:00,1276.199951171875,1276.699951171875,1274.0999755859375,1274.0999755859375,202824
2026-03-12 08:30:00,1274.300048828125,1275.0999755859375,1273.4000244140625,1274.0999755859375,123776
2026-03-12 08:35:00,1274.0999755859375,1275.199951171875,1272.300048828125,1273.0999755859375,151343
2026-03-12 08:40:00,1273.0,1273.199951171875,1271.0999755859375,1272.0,349246
2026-03-12 08:45:00,1272.0,1273.699951171875,1271.4000244140625,1272.800048828125,191230
2026-03-12 08:50:00,1272.800048828125,1273.5,1271.800048828125,1272.5999755859375,133075
2026-03-12 08:55:00,1272.9000244140625,1273.0,1270.0999755859375,1270.699951171875,84483
2026-03-12 09:00:00,1270.199951171875,1271.9000244140625,1269.199951171875,1271.4000244140625,228163
2026-03-12 09:05:00,1271.300048828125,1271.9000244140625,1270.5999755859375,1270.9000244140625,307101
2026-03-12 09:10:00,1271.0,1271.0,1268.300048828125,1269.0,340026
2026-03-12 09:15:00,1269.199951171875,1271.699951171875,1268.4000244140625,1271.0999755859375,752413
2026-03-12 09:20:00,1271.0999755859375,1271.300048828125,1267.199951171875,1267.9000244140625,248382
2026-03-12 09:25:00,1267.5999755859375,1267.9000244140625,1266.4000244140625,1267.300048828125,135955
2026-03-12 09:30:00,1267.300048828125,1267.300048828125,1263.5999755859375,1265.199951171875,789436
2026-03-12 09:35:00,1265.199951171875,1269.199951171875,1264.699951171875,1269.199951171875,911898
2026-03-12 09:40:00,1268.800048828125,1270.5999755859375,1263.699951171875,1263.800048828125,1244472
2026-03-12 09:45:00,1263.800048828125,1268.699951171875,1263.800048828125,1267.800048828125,1052105
2026-03-12 09:50:00,1267.9000244140625,1269.5,1267.699951171875,1268.4000244140625,537905
2026-03-12 09:55:00,1268.4000244140625,1270.0,1266.5,1266.5,307294
2026-03-13 03:45:00,1251.5,1256.5,1250.699951171875,1253.300048828125,0
2026-03-13 03:50:00,1253.199951171875,1254.9000244140625,1250.0999755859375,1254.300048828125,214112
2026-03-13 03:55:00,1254.199951171875,1254.4000244140625,1252.0,1254.0,205520
2026-03-13 04:00:00,1254.0,1255.5,1252.800048828125,1253.9000244140625,210506
2026-03-13 04:05:00,1253.9000244140625,1255.5,1253.0,1255.0,165033
2026-03-13 04:10:00,1255.5,1256.0999755859375,1253.300048828125,1253.300048828125,305550
2026-03-13 04:15:00,1253.699951171875,1254.0,1252.0,1252.5999755859375,204388
2026-03-13 04:20:00,1252.5,1252.5,1250.0,1252.0999755859375,336057
2026-03-13 04:25:00,1252.4000244140625,1252.4000244140625,1249.5999755859375,1250.0,196894
2026-03-13 04:30:00,1250.0999755859375,1252.0,1250.0,1251.9000244140625,111230
2026-03-13 04:35:00,1252.199951171875,1252.800048828125,1251.4000244140625,1252.0999755859375,135634
2026-03-13 04:40:00,1252.199951171875,1252.5,1251.199951171875,1252.4000244140625,154801
2026-03-13 04:45:00,1252.5,1253.199951171875,1250.9000244140625,1252.0999755859375,125802
2026-03-13 04:50:00,1252.0,1252.4000244140625,1251.0,1251.0,115830
2026-03-13 04:55:00,1251.5,1252.699951171875,1251.0999755859375,1252.0999755859375,145194
2026-03-13 05:00:00,1252.199951171875,1252.300048828125,1250.0999755859375,1250.300048828125,110000
2026-03-13 05:05:00,1250.0999755859375,1251.4000244140625,1250.0999755859375,1251.0,110731
2026-03-13 05:10:00,1251.0,1251.0,1248.9000244140625,1250.0,137196
2026-03-13 05:15:00,1249.699951171875,1250.0999755859375,1248.800048828125,1250.0999755859375,260846
2026-03-13 05:20:00,1250.0,1252.4000244140625,1250.0,1251.4000244140625,95167
2026-03-13 05:25:00,1251.5,1253.699951171875,1251.0,1253.0999755859375,149706
2026-03-13 05:30:00,1253.5,1253.5,1252.4000244140625,1252.699951171875,114374
2026-03-13 05:35:00,1252.699951171875,1253.0999755859375,1252.199951171875,1252.5999755859375,109593
2026-03-13 05:40:00,1252.300048828125,1252.699951171875,1251.5,1251.699951171875,120528
2026-03-13 05:45:00,1251.699951171875,1253.5999755859375,1251.300048828125,1253.4000244140625,99184
2026-03-13 05:50:00,1253.5,1254.800048828125,1253.4000244140625,1254.699951171875,110141
2026-03-13 05:55:00,1254.699951171875,1257.0999755859375,1253.800048828125,1256.5,620142
2026-03-13 06:00:00,1256.300048828125,1258.4000244140625,1255.5,1258.199951171875,66612
2026-03-13 06:05:00,1258.0,1260.5,1258.0,1260.5,132208
2026-03-13 06:10:00,1260.199951171875,1262.300048828125,1258.800048828125,1261.5,161266
2026-03-13 06:15:00,1261.0,1261.5,1258.699951171875,1261.0,169710
2026-03-13 06:20:00,1260.5,1261.0999755859375,1258.800048828125,1261.0,43171
2026-03-13 06:25:00,1261.0,1261.0,1259.0999755859375,1259.5999755859375,38056
2026-03-13 06:30:00,1259.5999755859375,1259.5999755859375,1256.4000244140625,1257.0999755859375,51686
2026-03-13 06:35:00,1256.9000244140625,1257.300048828125,1256.199951171875,1256.699951171875,40078
2026-03-13 06:40:00,1256.800048828125,1257.0,1255.5999755859375,1256.199951171875,54439
2026-03-13 06:45:00,1256.0,1258.0999755859375,1255.4000244140625,1256.800048828125,77139
2026-03-13 06:50:00,1256.800048828125,1256.800048828125,1253.0,1253.0,244692
2026-03-13 06:55:00,1253.0,1255.199951171875,1252.300048828125,1254.699951171875,126184
2026-03-13 07:00:00,1255.0,1255.0,1251.800048828125,1252.800048828125,115702
2026-03-13 07:05:00,1252.800048828125,1252.800048828125,1250.9000244140625,1251.5,78929
2026-03-13 07:10:00,1251.5,1251.5,1249.4000244140625,1250.5999755859375,123392
2026-03-13 07:15:00,1250.5999755859375,1254.699951171875,1250.5,1254.5,154281
2026-03-13 07:20:00,1254.5999755859375,1255.199951171875,1253.199951171875,1254.9000244140625,85888
2026-03-13 07:25:00,1254.9000244140625,1256.199951171875,1254.0,1255.800048828125,80114
2026-03-13 07:30:00,1255.800048828125,1256.5999755859375,1254.800048828125,1255.300048828125,66564
2026-03-13 07:35:00,1255.199951171875,1255.5999755859375,1254.0999755859375,1254.0999755859375,134502
2026-03-13 07:40:00,1254.199951171875,1254.300048828125,1251.699951171875,1252.0999755859375,133068
2026-03-13 07:45:00,1252.0,1253.4000244140625,1251.4000244140625,1253.300048828125,169032
2026-03-13 07:50:00,1253.300048828125,1254.0,1251.0,1251.199951171875,94314
2026-03-13 07:55:00,1251.199951171875,1253.699951171875,1251.199951171875,1253.699951171875,136754
2026-03-13 08:00:00,1253.800048828125,1255.0,1253.5,1253.699951171875,264183
2026-03-13 08:05:00,1253.699951171875,1253.699951171875,1252.4000244140625,1253.199951171875,151611
2026-03-13 08:10:00,1253.199951171875,1255.5,1252.699951171875,1255.0,464086
2026-03-13 08:15:00,1255.4000244140625,1258.0,1255.0,1256.199951171875,652678
2026-03-13 08:20:00,1255.9000244140625,1257.199951171875,1253.800048828125,1255.0,556139
2026-03-13 08:25:00,1255.199951171875,1256.0,1254.0999755859375,1254.5,280225
2026-03-13 08:30:00,1254.800048828125,1255.800048828125,1253.800048828125,1253.9000244140625,337327
2026-03-13 08:35:00,1253.699951171875,1255.800048828125,1253.699951171875,1254.0999755859375,698994
2026-03-13 08:40:00,1254.0999755859375,1257.699951171875,1254.0,1257.699951171875,329217
2026-03-13 08:45:00,1257.699951171875,1257.800048828125,1255.9000244140625,1257.5999755859375,286657
2026-03-13 08:50:00,1257.699951171875,1259.199951171875,1257.4000244140625,1257.5999755859375,193876
2026-03-13 08:55:00,1257.5999755859375,1258.199951171875,1256.300048828125,1257.5,218020
2026-03-13 09:00:00,1257.5999755859375,1260.800048828125,1257.5,1259.5,282388
2026-03-13 09:05:00,1259.5999755859375,1261.699951171875,1258.0,1258.199951171875,291575
2026-03-13 09:10:00,1258.199951171875,1261.300048828125,1258.0999755859375,1261.300048828125,297110
2026-03-13 09:15:00,1260.800048828125,1261.699951171875,1258.4000244140625,1258.5999755859375,317669
2026-03-13 09:20:00,1259.0,1260.300048828125,1258.699951171875,1259.5999755859375,272863
2026-03-13 09:25:00,1259.5,1259.5,1256.699951171875,1258.699951171875,256071
2026-03-13 09:30:00,1258.199951171875,1259.4000244140625,1255.199951171875,1255.199951171875,316925
2026-03-13 09:35:00,1255.199951171875,1255.800048828125,1254.0,1255.0,595000
2026-03-13 09:40:00,1255.5,1256.699951171875,1254.199951171875,1254.800048828125,546789
2026-03-13 09:45:00,1254.800048828125,1255.699951171875,1253.5,1253.5999755859375,638547
2026-03-13 09:50:00,1253.699951171875,1253.9000244140625,1252.0,1252.300048828125,343084
2026-03-13 09:55:00,1252.300048828125,1255.0,1252.0,1254.0,322570
2026-03-16 03:45:00,1250.0,1255.800048828125,1247.9000244140625,1255.199951171875,0
2026-03-16 03:50:00,1255.699951171875,1255.699951171875,1251.0999755859375,1252.0,146165
2026-03-16 03:55:00,1252.0,1252.800048828125,1250.0,1250.0,228421
2026-03-16 04:00:00,1250.300048828125,1253.9000244140625,1250.0999755859375,1251.5,188444
2026-03-16 04:05:00,1251.5999755859375,1257.199951171875,1251.0999755859375,1254.800048828125,209834
2026-03-16 04:10:00,1254.9000244140625,1257.0,1253.699951171875,1253.699951171875,110363
2026-03-16 04:15:00,1254.0999755859375,1255.5999755859375,1252.5,1253.199951171875,177800
2026-03-16 04:20:00,1253.300048828125,1253.9000244140625,1252.0999755859375,1252.300048828125,130056
2026-03-16 04:25:00,1252.300048828125,1253.5,1250.9000244140625,1251.0999755859375,158728
2026-03-16 04:30:00,1251.199951171875,1252.699951171875,1250.0,1252.699951171875,135427
2026-03-16 04:35:00,1252.699951171875,1252.800048828125,1249.800048828125,1250.5,121480
2026-03-16 04:40:00,1250.5,1250.5999755859375,1247.4000244140625,1247.5,107637
2026-03-16 04:45:00,1247.5999755859375,1248.699951171875,1247.199951171875,1248.0,265055
2026-03-16 04:50:00,1248.0,1248.0,1244.0,1244.0,189434
2026-03-16 04:55:00,1244.300048828125,1244.300048828125,1241.0,1241.0,149484
2026-03-16 05:00:00,1241.199951171875,1243.5999755859375,1241.0999755859375,1242.4000244140625,123194
2026-03-16 05:05:00,1242.5,1244.699951171875,1242.199951171875,1244.699951171875,148624
2026-03-16 05:10:00,1244.5999755859375,1246.199951171875,1244.0999755859375,1244.5999755859375,143082
2026-03-16 05:15:00,1244.5999755859375,1245.5999755859375,1243.5999755859375,1243.9000244140625,95320
2026-03-16 05:20:00,1243.699951171875,1244.0,1241.699951171875,1241.800048828125,98620
2026-03-16 05:25:00,1242.0,1242.9000244140625,1240.0999755859375,1242.800048828125,162493
2026-03-16 05:30:00,1242.800048828125,1243.800048828125,1241.800048828125,1243.300048828125,120250
2026-03-16 05:35:00,1243.300048828125,1246.4000244140625,1242.5,1246.4000244140625,135469
2026-03-16 05:40:00,1246.9000244140625,1247.9000244140625,1245.699951171875,1247.5999755859375,134237
2026-03-16 05:45:00,1247.5999755859375,1250.0,1247.199951171875,1250.0,207114
2026-03-16 05:50:00,1249.9000244140625,1251.300048828125,1249.199951171875,1250.0,409314
2026-03-16 05:55:00,1249.5,1249.9000244140625,1248.0,1248.5,159431
2026-03-16 06:00:00,1248.5999755859375,1251.0,1247.800048828125,1249.0999755859375,78159
2026-03-16 06:05:00,1249.199951171875,1249.9000244140625,1247.300048828125,1247.4000244140625,51635
2026-03-16 06:10:00,1247.5,1248.9000244140625,1246.800048828125,1246.800048828125,67245
2026-03-16 06:15:00,1246.9000244140625,1248.5999755859375,1246.5999755859375,1248.0,101983
2026-03-16 06:20:00,1248.0,1249.5,1247.5999755859375,1248.4000244140625,51444
2026-03-16 06:25:00,1248.199951171875,1248.800048828125,1247.4000244140625,1248.0,66786
2026-03-16 06:30:00,1248.0,1249.9000244140625,1246.800048828125,1246.800048828125,178853
2026-03-16 06:35:00,1247.199951171875,1247.9000244140625,1246.300048828125,1247.0,110302
2026-03-16 06:40:00,1247.0,1250.0,1246.0999755859375,1249.199951171875,138580
2026-03-16 06:45:00,1249.199951171875,1250.4000244140625,1249.0999755859375,1250.4000244140625,126918
2026-03-16 06:50:00,1250.199951171875,1251.800048828125,1250.0999755859375,1251.699951171875,133110
2026-03-16 06:55:00,1251.5,1252.4000244140625,1251.0999755859375,1252.0999755859375,109021
2026-03-16 07:00:00,1252.0999755859375,1252.9000244140625,1250.4000244140625,1250.800048828125,171847
2026-03-16 07:05:00,1251.0999755859375,1252.699951171875,1249.699951171875,1252.5999755859375,124147
2026-03-16 07:10:00,1252.5,1254.9000244140625,1252.300048828125,1253.5999755859375,185910
2026-03-16 07:15:00,1253.5999755859375,1253.699951171875,1250.300048828125,1251.0,338991
2026-03-16 07:20:00,1251.0,1251.800048828125,1249.9000244140625,1251.0999755859375,128927
2026-03-16 07:25:00,1251.0999755859375,1252.800048828125,1250.9000244140625,1252.800048828125,119997
2026-03-16 07:30:00,1252.800048828125,1255.199951171875,1252.0999755859375,1252.5999755859375,185809
2026-03-16 07:35:00,1252.5,1253.9000244140625,1251.199951171875,1252.800048828125,100156
2026-03-16 07:40:00,1252.800048828125,1254.0,1252.199951171875,1253.0999755859375,71037
2026-03-16 07:45:00,1253.300048828125,1255.5999755859375,1253.300048828125,1255.0999755859375,239675
2026-03-16 07:50:00,1255.0999755859375,1256.9000244140625,1254.5,1255.5,223685
2026-03-16 07:55:00,1255.5999755859375,1256.300048828125,1254.199951171875,1254.800048828125,148171
2026-03-16 08:00:00,1254.9000244140625,1255.5999755859375,1253.5,1254.5999755859375,616491
2026-03-16 08:05:00,1254.5,1255.0999755859375,1253.199951171875,1253.4000244140625,332998
2026-03-16 08:10:00,1253.5,1253.5,1252.699951171875,1253.0,309257
2026-03-16 08:15:00,1253.0999755859375,1253.800048828125,1252.5999755859375,1253.5,117338
2026-03-16 08:20:00,1253.5999755859375,1258.300048828125,1253.4000244140625,1257.300048828125,446312
2026-03-16 08:25:00,1257.199951171875,1258.699951171875,1257.0,1258.300048828125,259834
2026-03-16 08:30:00,1258.300048828125,1259.300048828125,1257.800048828125,1258.4000244140625,203604
2026-03-16 08:35:00,1258.5,1258.5999755859375,1255.9000244140625,1257.9000244140625,235675
2026-03-16 08:40:00,1257.800048828125,1259.699951171875,1257.800048828125,1258.300048828125,239949
2026-03-16 08:45:00,1258.5,1260.9000244140625,1256.4000244140625,1260.9000244140625,213240
2026-03-16 08:50:00,1260.9000244140625,1266.699951171875,1260.699951171875,1266.0999755859375,777765
2026-03-16 08:55:00,1266.5,1269.5,1264.4000244140625,1268.5999755859375,1225100
2026-03-16 09:00:00,1268.800048828125,1270.300048828125,1266.5,1266.5,1075528
2026-03-16 09:05:00,1267.0999755859375,1270.0,1266.0,1269.4000244140625,796273
2026-03-16 09:10:00,1269.5,1271.9000244140625,1268.199951171875,1269.800048828125,771984
2026-03-16 09:15:00,1270.199951171875,1273.800048828125,1269.4000244140625,1272.4000244140625,781917
2026-03-16 09:20:00,1272.9000244140625,1276.300048828125,1271.0,1273.300048828125,744862
2026-03-16 09:25:00,1274.0999755859375,1275.699951171875,1272.5999755859375,1274.0,663835
2026-03-16 09:30:00,1274.4000244140625,1274.699951171875,1270.5999755859375,1270.9000244140625,806585
2026-03-16 09:35:00,1271.0,1274.5,1271.0,1272.9000244140625,739185
2026-03-16 09:40:00,1272.800048828125,1276.5,1272.800048828125,1275.0999755859375,992120
2026-03-16 09:45:00,1275.4000244140625,1275.699951171875,1271.0999755859375,1271.300048828125,906173
2026-03-16 09:50:00,1271.4000244140625,1273.0,1269.199951171875,1269.4000244140625,527496
2026-03-16 09:55:00,1269.699951171875,1272.9000244140625,1266.5999755859375,1272.9000244140625,364760
2026-03-17 03:45:00,1276.0999755859375,1281.800048828125,1273.4000244140625,1277.0,0
2026-03-17 03:50:00,1276.5999755859375,1281.0,1276.300048828125,1279.199951171875,331894
2026-03-17 03:55:00,1278.800048828125,1279.4000244140625,1275.0,1275.699951171875,262282
2026-03-17 04:00:00,1276.0999755859375,1280.699951171875,1275.199951171875,1280.0,270636
2026-03-17 04:05:00,1280.199951171875,1282.699951171875,1279.5,1282.0,90557
2026-03-17 04:10:00,1281.4000244140625,1285.199951171875,1281.4000244140625,1284.4000244140625,134946
2026-03-17 04:15:00,1284.4000244140625,1285.0,1281.800048828125,1284.5,170263
2026-03-17 04:20:00,1284.300048828125,1284.9000244140625,1282.5,1284.4000244140625,85199
2026-03-17 04:25:00,1284.199951171875,1285.800048828125,1283.5,1285.0999755859375,78411
2026-03-17 04:30:00,1285.199951171875,1287.5999755859375,1284.5,1285.199951171875,104160
2026-03-17 04:35:00,1285.199951171875,1286.5999755859375,1284.9000244140625,1286.0,67455
2026-03-17 04:40:00,1286.0,1286.4000244140625,1284.699951171875,1286.199951171875,75315
2026-03-17 04:45:00,1286.300048828125,1288.300048828125,1286.0,1288.300048828125,57413
2026-03-17 04:50:00,1288.699951171875,1289.199951171875,1287.300048828125,1287.5999755859375,106257
2026-03-17 04:55:00,1287.699951171875,1287.699951171875,1284.9000244140625,1284.9000244140625,97567
2026-03-17 05:00:00,1284.800048828125,1285.800048828125,1282.800048828125,1283.0,132576
2026-03-17 05:05:00,1282.5999755859375,1284.4000244140625,1282.199951171875,1283.0999755859375,73813
2026-03-17 05:10:00,1283.0999755859375,1283.4000244140625,1280.699951171875,1281.0999755859375,183532
2026-03-17 05:15:00,1281.300048828125,1282.9000244140625,1280.699951171875,1282.9000244140625,152063
2026-03-17 05:20:00,1283.0,1284.699951171875,1282.9000244140625,1284.4000244140625,40640
2026-03-17 05:25:00,1284.4000244140625,1284.9000244140625,1283.0999755859375,1283.699951171875,67486
2026-03-17 05:30:00,1283.800048828125,1283.800048828125,1280.9000244140625,1281.5,92112
2026-03-17 05:35:00,1281.5,1283.0,1280.800048828125,1281.800048828125,150451
2026-03-17 05:40:00,1281.800048828125,1282.300048828125,1280.0,1280.0999755859375,110851
2026-03-17 05:45:00,1280.300048828125,1280.5,1278.199951171875,1278.199951171875,102258
2026-03-17 05:50:00,1278.300048828125,1279.199951171875,1276.199951171875,1278.0,124767
2026-03-17 05:55:00,1277.9000244140625,1278.0,1276.0,1276.300048828125,105237
2026-03-17 06:00:00,1276.300048828125,1277.0999755859375,1275.0,1275.5999755859375,323128
2026-03-17 06:05:00,1275.5999755859375,1278.699951171875,1275.199951171875,1277.5,123158
2026-03-17 06:10:00,1277.4000244140625,1279.5999755859375,1276.9000244140625,1278.9000244140625,54796
2026-03-17 06:15:00,1278.800048828125,1279.9000244140625,1277.5999755859375,1278.0999755859375,33911
2026-03-17 06:20:00,1278.0,1280.0,1277.199951171875,1277.5,52524
2026-03-17 06:25:00,1277.5,1278.699951171875,1275.699951171875,1278.0,204867
2026-03-17 06:30:00,1278.0,1279.300048828125,1277.0999755859375,1278.0999755859375,137312
2026-03-17 06:35:00,1278.0999755859375,1279.699951171875,1277.9000244140625,1279.699951171875,84936
2026-03-17 06:40:00,1279.699951171875,1280.5999755859375,1279.0,1280.300048828125,69697
2026-03-17 06:45:00,1280.300048828125,1280.800048828125,1279.0,1280.199951171875,226271
2026-03-17 06:50:00,1280.0,1281.9000244140625,1279.5999755859375,1280.800048828125,218701
2026-03-17 06:55:00,1280.300048828125,1283.0,1280.300048828125,1282.699951171875,230241
2026-03-17 07:00:00,1283.0,1283.5999755859375,1282.0,1282.4000244140625,189620
2026-03-17 07:05:00,1282.4000244140625,1284.0,1282.199951171875,1282.9000244140625,60581
2026-03-17 07:10:00,1282.9000244140625,1285.5,1282.0,1284.5999755859375,269009
2026-03-17 07:15:00,1284.5999755859375,1285.699951171875,1283.0,1285.300048828125,266073
2026-03-17 07:20:00,1285.699951171875,1286.0,1283.0999755859375,1283.5,156958
2026-03-17 07:25:00,1283.5,1285.0999755859375,1283.0999755859375,1284.199951171875,126750
2026-03-17 07:30:00,1284.0999755859375,1284.199951171875,1281.199951171875,1282.699951171875,457277
2026-03-17 07:35:00,1282.699951171875,1283.5,1279.9000244140625,1283.4000244140625,874654
2026-03-17 07:40:00,1283.300048828125,1284.199951171875,1282.699951171875,1283.0999755859375,170306
2026-03-17 07:45:00,1283.800048828125,1285.0,1283.4000244140625,1283.699951171875,136824
2026-03-17 07:50:00,1284.0,1284.199951171875,1283.0999755859375,1284.0999755859375,92133
2026-03-17 07:55:00,1284.0,1284.800048828125,1283.0999755859375,1284.199951171875,174526
2026-03-17 08:00:00,1284.0999755859375,1286.9000244140625,1283.9000244140625,1283.9000244140625,208493
2026-03-17 08:05:00,1284.0,1284.0,1280.800048828125,1281.5999755859375,148797
2026-03-17 08:10:00,1281.699951171875,1283.4000244140625,1281.699951171875,1282.5999755859375,123551
2026-03-17 08:15:00,1283.199951171875,1286.800048828125,1283.0999755859375,1286.800048828125,479929
2026-03-17 08:20:00,1286.800048828125,1287.4000244140625,1285.0999755859375,1285.699951171875,258771
2026-03-17 08:25:00,1285.699951171875,1286.4000244140625,1285.0,1286.300048828125,68116
2026-03-17 08:30:00,1286.300048828125,1290.9000244140625,1285.5999755859375,1288.800048828125,902534
2026-03-17 08:35:00,1289.0,1289.699951171875,1287.5999755859375,1289.4000244140625,334728
2026-03-17 08:40:00,1289.4000244140625,1292.5,1289.4000244140625,1292.0,369458
2026-03-17 08:45:00,1292.0,1292.199951171875,1287.0,1289.0999755859375,861645
2026-03-17 08:50:00,1289.199951171875,1290.0,1287.300048828125,1288.0,132170
2026-03-17 08:55:00,1287.9000244140625,1288.9000244140625,1287.0,1287.800048828125,144448
2026-03-17 09:00:00,1287.9000244140625,1289.800048828125,1287.9000244140625,1289.5,114979
2026-03-17 09:05:00,1289.699951171875,1290.699951171875,1289.300048828125,1290.5,106870
2026-03-17 09:10:00,1290.5999755859375,1291.699951171875,1289.9000244140625,1290.4000244140625,131270
2026-03-17 09:15:00,1290.4000244140625,1290.9000244140625,1289.0,1290.0,191552
2026-03-17 09:20:00,1290.0,1290.699951171875,1289.0,1290.699951171875,252873
2026-03-17 09:25:00,1290.699951171875,1293.800048828125,1290.4000244140625,1293.5,521799
2026-03-17 09:30:00,1293.4000244140625,1293.4000244140625,1286.5,1288.300048828125,2067574
2026-03-17 09:35:00,1288.0,1292.0,1287.9000244140625,1289.5,1347308
2026-03-17 09:40:00,1289.5,1292.9000244140625,1287.199951171875,1292.300048828125,1263549
2026-03-17 09:45:00,1292.199951171875,1292.199951171875,1283.699951171875,1287.199951171875,2097742
2026-03-17 09:50:00,1287.5999755859375,1289.5,1286.800048828125,1288.0,837602
2026-03-17 09:55:00,1287.9000244140625,1289.199951171875,1286.699951171875,1287.0,272638
2026-03-18 03:45:00,1286.0,1290.0,1280.800048828125,1281.0,0
2026-03-18 03:50:00,1280.800048828125,1283.0999755859375,1278.300048828125,1278.5,252436
2026-03-18 03:55:00,1278.5,1279.4000244140625,1277.5,1278.5,131819
2026-03-18 04:00:00,1278.199951171875,1279.300048828125,1278.0,1278.199951171875,84709
2026-03-18 04:05:00,1278.0,1278.0,1276.300048828125,1276.300048828125,188197
2026-03-18 04:10:00,1276.4000244140625,1276.9000244140625,1275.4000244140625,1275.5,175935
2026-03-18 04:15:00,1275.5,1276.5999755859375,1274.0999755859375,1276.5,132366
2026-03-18 04:20:00,1276.9000244140625,1278.4000244140625,1276.4000244140625,1277.800048828125,117762
2026-03-18 04:25:00,1277.800048828125,1277.800048828125,1275.0,1276.800048828125,197614
2026-03-18 04:30:00,1277.199951171875,1277.5,1273.0999755859375,1273.4000244140625,193867
2026-03-18 04:35:00,1273.5,1275.0,1272.5999755859375,1274.0999755859375,88891
2026-03-18 04:40:00,1274.0999755859375,1274.0999755859375,1271.0,1272.5999755859375,227124
2026-03-18 04:45:00,1272.5999755859375,1274.0999755859375,1272.0,1273.9000244140625,96758
2026-03-18 04:50:00,1274.0,1278.300048828125,1273.5,1278.300048828125,124827
2026-03-18 04:55:00,1278.199951171875,1279.4000244140625,1277.300048828125,1278.9000244140625,98298
2026-03-18 05:00:00,1278.9000244140625,1279.5,1277.4000244140625,1279.199951171875,115593
2026-03-18 05:05:00,1279.300048828125,1280.800048828125,1277.9000244140625,1279.0,106208
2026-03-18 05:10:00,1279.0999755859375,1280.300048828125,1278.5,1278.800048828125,96121
2026-03-18 05:15:00,1279.0,1280.9000244140625,1278.9000244140625,1280.9000244140625,111737
2026-03-18 05:20:00,1280.9000244140625,1284.5999755859375,1280.199951171875,1284.5999755859375,298461
2026-03-18 05:25:00,1284.300048828125,1285.5999755859375,1282.9000244140625,1284.0,237750
2026-03-18 05:30:00,1284.0,1285.699951171875,1283.699951171875,1285.699951171875,319919
2026-03-18 05:35:00,1285.5999755859375,1288.5999755859375,1285.0,1288.199951171875,286990
2026-03-18 05:40:00,1288.0999755859375,1290.5999755859375,1287.300048828125,1289.300048828125,200057
2026-03-18 05:45:00,1289.0,1289.9000244140625,1287.5,1287.9000244140625,162881
2026-03-18 05:50:00,1287.800048828125,1289.9000244140625,1287.5999755859375,1289.9000244140625,167221
2026-03-18 05:55:00,1290.199951171875,1291.9000244140625,1289.0,1291.699951171875,99645
2026-03-18 06:00:00,1291.5,1294.0,1291.0,1293.5,238813
2026-03-18 06:05:00,1293.4000244140625,1294.800048828125,1292.0,1293.699951171875,207159
2026-03-18 06:10:00,1293.5999755859375,1294.800048828125,1293.0,1293.5999755859375,119454
2026-03-18 06:15:00,1294.0,1294.5999755859375,1293.5999755859375,1294.5,54821
2026-03-18 06:20:00,1294.5,1296.699951171875,1294.4000244140625,1296.0999755859375,90263
2026-03-18 06:25:00,1296.300048828125,1296.4000244140625,1295.0,1296.0999755859375,104992
2026-03-18 06:30:00,1296.199951171875,1296.699951171875,1293.9000244140625,1294.300048828125,116565
2026-03-18 06:35:00,1294.5,1294.5,1291.5,1291.5,94429
2026-03-18 06:40:00,1291.300048828125,1291.800048828125,1289.699951171875,1290.800048828125,139670
2026-03-18 06:45:00,1290.9000244140625,1291.4000244140625,1289.199951171875,1290.0,112608
2026-03-18 06:50:00,1290.0999755859375,1290.5,1288.4000244140625,1288.4000244140625,235393
2026-03-18 06:55:00,1289.0999755859375,1290.199951171875,1288.4000244140625,1288.9000244140625,203012
2026-03-18 07:00:00,1288.9000244140625,1291.699951171875,1288.699951171875,1291.300048828125,58804
2026-03-18 07:05:00,1291.300048828125,1291.9000244140625,1290.300048828125,1291.199951171875,85774
2026-03-18 07:10:00,1291.0,1291.199951171875,1289.5,1290.0,79206
2026-03-18 07:15:00,1289.9000244140625,1290.699951171875,1289.5,1290.699951171875,50037
2026-03-18 07:20:00,1290.699951171875,1292.4000244140625,1290.699951171875,1291.4000244140625,65126
2026-03-18 07:25:00,1291.300048828125,1291.4000244140625,1290.9000244140625,1291.0999755859375,127148
2026-03-18 07:30:00,1291.0,1292.9000244140625,1291.0,1291.699951171875,163635
2026-03-18 07:35:00,1291.800048828125,1291.9000244140625,1290.300048828125,1291.0999755859375,48352
2026-03-18 07:40:00,1291.0999755859375,1292.0,1291.0,1291.9000244140625,51186
2026-03-18 07:45:00,1291.9000244140625,1292.300048828125,1291.0,1291.300048828125,127781
2026-03-18 07:50:00,1291.300048828125,1294.699951171875,1290.5999755859375,1294.300048828125,198317
2026-03-18 07:55:00,1294.4000244140625,1295.5,1293.300048828125,1295.300048828125,84688
2026-03-18 08:00:00,1295.0999755859375,1295.699951171875,1293.5999755859375,1294.699951171875,250863
2026-03-18 08:05:00,1295.199951171875,1295.4000244140625,1293.699951171875,1294.0,120578
2026-03-18 08:10:00,1294.0,1294.800048828125,1293.0999755859375,1294.5999755859375,135370
2026-03-18 08:15:00,1294.9000244140625,1295.300048828125,1294.199951171875,1294.9000244140625,69820
2026-03-18 08:20:00,1294.9000244140625,1295.5,1294.0999755859375,1295.199951171875,88673
2026-03-18 08:25:00,1295.199951171875,1296.5999755859375,1295.0,1295.300048828125,223943
2026-03-18 08:30:00,1295.4000244140625,1296.9000244140625,1294.4000244140625,1295.0999755859375,243855
2026-03-18 08:35:00,1295.0,1295.0999755859375,1293.4000244140625,1294.4000244140625,70351
2026-03-18 08:40:00,1294.4000244140625,1295.0,1293.0,1294.199951171875,95577
2026-03-18 08:45:00,1294.0999755859375,1295.4000244140625,1293.5,1295.199951171875,108171
2026-03-18 08:50:00,1295.4000244140625,1297.0,1294.4000244140625,1295.699951171875,169427
2026-03-18 08:55:00,1295.9000244140625,1296.5999755859375,1295.4000244140625,1295.4000244140625,115111
2026-03-18 09:00:00,1295.4000244140625,1295.5999755859375,1292.5999755859375,1292.5999755859375,94400
2026-03-18 09:05:00,1292.300048828125,1293.9000244140625,1292.0,1293.699951171875,154100
2026-03-18 09:10:00,1293.699951171875,1294.9000244140625,1291.9000244140625,1292.0,241346
2026-03-18 09:15:00,1292.0,1292.800048828125,1290.9000244140625,1291.5999755859375,117473
2026-03-18 09:20:00,1291.699951171875,1292.4000244140625,1290.0999755859375,1290.4000244140625,117178
2026-03-18 09:25:00,1290.5,1291.9000244140625,1290.0,1291.5999755859375,144434
2026-03-18 09:30:00,1291.5999755859375,1292.199951171875,1288.199951171875,1288.800048828125,464857
2026-03-18 09:35:00,1288.5999755859375,1290.0999755859375,1288.0999755859375,1289.0999755859375,435559
2026-03-18 09:40:00,1289.0999755859375,1289.800048828125,1288.5,1289.0,384554
2026-03-18 09:45:00,1289.0,1289.300048828125,1287.199951171875,1287.699951171875,366774
2026-03-18 09:50:00,1287.699951171875,1290.0,1286.0,1290.0,407485
2026-03-18 09:55:00,1290.0,1293.9000244140625,1289.800048828125,1293.0,550784
2026-03-19 03:45:00,1273.0,1283.800048828125,1263.0,1266.4000244140625,0
2026-03-19 03:50:00,1266.4000244140625,1267.699951171875,1263.800048828125,1267.300048828125,318178
2026-03-19 03:55:00,1267.199951171875,1269.699951171875,1264.699951171875,1265.0,320443
2026-03-19 04:00:00,1265.0,1267.4000244140625,1263.4000244140625,1264.300048828125,138999
2026-03-19 04:05:00,1264.0,1265.0999755859375,1262.5999755859375,1264.0999755859375,188711
2026-03-19 04:10:00,1264.5,1264.5,1261.300048828125,1261.699951171875,115660
2026-03-19 04:15:00,1261.5,1262.0,1257.199951171875,1257.199951171875,147638
2026-03-19 04:20:00,1257.5999755859375,1260.0,1256.5999755859375,1257.699951171875,167253
2026-03-19 04:25:00,1257.5999755859375,1260.5999755859375,1257.4000244140625,1258.4000244140625,134207
2026-03-19 04:30:00,1258.800048828125,1261.5,1258.4000244140625,1261.0,105713
2026-03-19 04:35:00,1261.0999755859375,1262.5,1259.5,1261.199951171875,89331
2026-03-19 04:40:00,1261.199951171875,1262.199951171875,1259.4000244140625,1260.5999755859375,82266
2026-03-19 04:45:00,1261.0,1261.0,1257.0999755859375,1258.0999755859375,136588
2026-03-19 04:50:00,1258.0,1262.5,1258.0,1262.5,100474
2026-03-19 04:55:00,1262.300048828125,1263.9000244140625,1261.9000244140625,1263.800048828125,94736
2026-03-19 05:00:00,1264.0999755859375,1265.199951171875,1263.0,1263.0,86906
2026-03-19 05:05:00,1262.5,1264.800048828125,1262.4000244140625,1264.800048828125,131441
2026-03-19 05:10:00,1264.800048828125,1266.0,1263.199951171875,1265.800048828125,78505
2026-03-19 05:15:00,1265.0999755859375,1265.4000244140625,1263.0999755859375,1263.4000244140625,63056
2026-03-19 05:20:00,1263.5999755859375,1267.0,1263.199951171875,1266.800048828125,108189
2026-03-19 05:25:00,1266.699951171875,1266.800048828125,1264.0999755859375,1264.199951171875,65914
2026-03-19 05:30:00,1264.300048828125,1265.300048828125,1263.300048828125,1264.4000244140625,55591
2026-03-19 05:35:00,1264.4000244140625,1265.5,1263.9000244140625,1265.300048828125,56463
2026-03-19 05:40:00,1265.300048828125,1266.0,1263.0,1263.4000244140625,72706
2026-03-19 05:45:00,1263.4000244140625,1264.5,1261.5,1264.0999755859375,66537
2026-03-19 05:50:00,1264.0999755859375,1266.199951171875,1263.5,1265.0999755859375,82338
2026-03-19 05:55:00,1265.300048828125,1266.0999755859375,1265.0,1265.4000244140625,55819
2026-03-19 06:00:00,1265.300048828125,1266.5999755859375,1265.0,1266.0999755859375,64895
2026-03-19 06:05:00,1265.9000244140625,1266.9000244140625,1265.4000244140625,1265.9000244140625,66818
2026-03-19 06:10:00,1265.800048828125,1266.800048828125,1265.4000244140625,1266.4000244140625,59465
2026-03-19 06:15:00,1266.4000244140625,1267.5,1265.9000244140625,1266.4000244140625,90587
2026-03-19 06:20:00,1266.300048828125,1267.800048828125,1266.0999755859375,1266.9000244140625,75826
2026-03-19 06:25:00,1267.0999755859375,1267.9000244140625,1267.0,1267.199951171875,42512
2026-03-19 06:30:00,1267.199951171875,1267.4000244140625,1265.699951171875,1266.4000244140625,47991
2026-03-19 06:35:00,1266.300048828125,1267.5,1266.0,1267.5,59104
2026-03-19 06:40:00,1267.0999755859375,1268.9000244140625,1267.0,1268.0999755859375,74363
2026-03-19 06:45:00,1268.0999755859375,1269.699951171875,1267.5999755859375,1268.5,92616
2026-03-19 06:50:00,1268.5,1269.0,1267.5999755859375,1268.0999755859375,85122
2026-03-19 06:55:00,1268.0,1268.4000244140625,1267.199951171875,1267.5999755859375,87673
2026-03-19 07:00:00,1267.5,1268.0,1266.0,1266.800048828125,52705
2026-03-19 07:05:00,1266.699951171875,1269.300048828125,1266.4000244140625,1268.9000244140625,67604
2026-03-19 07:10:00,1268.800048828125,1268.9000244140625,1267.800048828125,1268.4000244140625,60079
2026-03-19 07:15:00,1268.5999755859375,1270.9000244140625,1268.4000244140625,1270.800048828125,84252
2026-03-19 07:20:00,1270.9000244140625,1272.9000244140625,1270.199951171875,1272.800048828125,141796
2026-03-19 07:25:00,1272.699951171875,1272.800048828125,1270.5,1271.4000244140625,88855
2026-03-19 07:30:00,1271.4000244140625,1271.4000244140625,1269.199951171875,1269.9000244140625,77989
2026-03-19 07:35:00,1269.9000244140625,1270.4000244140625,1269.0999755859375,1269.5999755859375,75010
2026-03-19 07:40:00,1269.699951171875,1271.0,1266.800048828125,1266.800048828125,109960
2026-03-19 07:45:00,1266.9000244140625,1268.300048828125,1266.9000244140625,1267.5999755859375,87342
2026-03-19 07:50:00,1267.5,1268.199951171875,1266.0999755859375,1266.4000244140625,87953
2026-03-19 07:55:00,1266.0999755859375,1266.5999755859375,1265.300048828125,1265.300048828125,72637
2026-03-19 08:00:00,1265.300048828125,1266.800048828125,1265.300048828125,1265.9000244140625,70892
2026-03-19 08:05:00,1265.800048828125,1269.199951171875,1265.5999755859375,1269.199951171875,101996
2026-03-19 08:10:00,1269.199951171875,1270.5999755859375,1268.699951171875,1268.9000244140625,81575
2026-03-19 08:15:00,1268.9000244140625,1269.0999755859375,1267.199951171875,1267.9000244140625,86611
2026-03-19 08:20:00,1267.800048828125,1268.0,1266.4000244140625,1267.4000244140625,89971
2026-03-19 08:25:00,1267.4000244140625,1267.5,1265.199951171875,1265.5,60074
2026-03-19 08:30:00,1265.699951171875,1266.300048828125,1262.5,1262.9000244140625,111540
2026-03-19 08:35:00,1262.9000244140625,1263.199951171875,1261.5999755859375,1261.5999755859375,71690
2026-03-19 08:40:00,1261.699951171875,1262.0999755859375,1260.199951171875,1261.4000244140625,214604
2026-03-19 08:45:00,1261.4000244140625,1263.0,1260.5999755859375,1261.699951171875,79436
2026-03-19 08:50:00,1261.800048828125,1262.199951171875,1261.4000244140625,1261.5999755859375,57606
2026-03-19 08:55:00,1261.5999755859375,1261.699951171875,1259.199951171875,1259.5999755859375,99613
2026-03-19 09:00:00,1259.699951171875,1260.9000244140625,1259.0999755859375,1259.4000244140625,93596
2026-03-19 09:05:00,1260.199951171875,1260.199951171875,1257.800048828125,1257.800048828125,86379
2026-03-19 09:10:00,1258.5999755859375,1258.9000244140625,1255.5,1256.0999755859375,265309
2026-03-19 09:15:00,1256.0,1258.0,1255.4000244140625,1256.5999755859375,277341
2026-03-19 09:20:00,1256.5999755859375,1256.9000244140625,1254.800048828125,1255.699951171875,193424
2026-03-19 09:25:00,1255.699951171875,1256.199951171875,1245.0,1246.300048828125,410167
2026-03-19 09:30:00,1246.300048828125,1249.800048828125,1243.699951171875,1248.0,1953835
2026-03-19 09:35:00,1247.9000244140625,1251.5,1246.9000244140625,1250.0999755859375,1199711
2026-03-19 09:40:00,1250.0999755859375,1253.9000244140625,1248.9000244140625,1250.199951171875,1289150
2026-03-19 09:45:00,1250.300048828125,1253.699951171875,1249.199951171875,1253.699951171875,335187
2026-03-19 09:50:00,1253.800048828125,1258.199951171875,1253.699951171875,1256.9000244140625,489320
2026-03-19 09:55:00,1256.5999755859375,1260.0999755859375,1256.4000244140625,1259.0999755859375,307856
2026-03-20 03:45:00,1258.4000244140625,1273.9000244140625,1258.4000244140625,1271.5999755859375,0
2026-03-20 03:50:00,1271.9000244140625,1273.0999755859375,1267.199951171875,1267.9000244140625,101372
2026-03-20 03:55:00,1267.9000244140625,1269.0,1267.199951171875,1268.0,73783
2026-03-20 04:00:00,1268.0999755859375,1271.9000244140625,1267.5,1271.699951171875,127509
2026-03-20 04:05:00,1271.800048828125,1271.800048828125,1268.0999755859375,1269.300048828125,84252
2026-03-20 04:10:00,1269.0999755859375,1269.4000244140625,1267.199951171875,1267.199951171875,40211
2026-03-20 04:15:00,1267.199951171875,1268.5,1265.5,1268.0,78617
2026-03-20 04:20:00,1267.699951171875,1268.800048828125,1266.0999755859375,1266.5,25933
2026-03-20 04:25:00,1266.5,1269.199951171875,1266.199951171875,1269.199951171875,41556
2026-03-20 04:30:00,1269.199951171875,1269.199951171875,1266.9000244140625,1267.5,31510
2026-03-20 04:35:00,1267.5,1268.9000244140625,1267.0999755859375,1268.699951171875,34116
2026-03-20 04:40:00,1268.5999755859375,1268.5999755859375,1267.4000244140625,1267.5999755859375,28999
2026-03-20 04:45:00,1267.5999755859375,1268.5,1265.800048828125,1268.5,133210
2026-03-20 04:50:00,1268.5,1269.300048828125,1267.199951171875,1269.300048828125,67742
2026-03-20 04:55:00,1269.300048828125,1270.0,1268.9000244140625,1269.300048828125,34957
2026-03-20 05:00:00,1269.300048828125,1269.9000244140625,1268.4000244140625,1269.5999755859375,44167
2026-03-20 05:05:00,1269.5999755859375,1270.4000244140625,1269.5,1269.9000244140625,45906
2026-03-20 05:10:00,1270.0,1271.300048828125,1269.0,1269.0,146675
2026-03-20 05:15:00,1269.300048828125,1271.5999755859375,1269.199951171875,1271.199951171875,113144
2026-03-20 05:20:00,1271.199951171875,1273.0,1270.0,1272.4000244140625,384803
2026-03-20 05:25:00,1272.4000244140625,1272.699951171875,1270.5,1271.0,161036
2026-03-20 05:30:00,1270.5999755859375,1272.699951171875,1270.5,1271.300048828125,120736
2026-03-20 05:35:00,1271.4000244140625,1272.5,1271.0,1272.0,115628
2026-03-20 05:40:00,1272.0,1273.5,1270.9000244140625,1273.300048828125,204325
2026-03-20 05:45:00,1273.300048828125,1273.300048828125,1272.5,1273.0,96032
2026-03-20 05:50:00,1273.0,1274.0,1272.0999755859375,1272.5,99471
2026-03-20 05:55:00,1272.300048828125,1273.5,1270.0999755859375,1270.9000244140625,95797
2026-03-20 06:00:00,1270.9000244140625,1272.5,1270.5999755859375,1271.0999755859375,146791
2026-03-20 06:05:00,1271.0,1272.5999755859375,1270.0,1270.800048828125,414767
2026-03-20 06:10:00,1270.9000244140625,1271.0,1267.5,1267.5999755859375,149943
2026-03-20 06:15:00,1267.5999755859375,1268.300048828125,1265.9000244140625,1266.5,233900
2026-03-20 06:20:00,1266.5,1266.5,1263.4000244140625,1264.199951171875,184011
2026-03-20 06:25:00,1264.199951171875,1266.0999755859375,1264.0,1265.5999755859375,85434
2026-03-20 06:30:00,1265.800048828125,1266.199951171875,1262.0999755859375,1262.5999755859375,162919
2026-03-20 06:35:00,1262.800048828125,1264.199951171875,1261.300048828125,1261.4000244140625,225595
2026-03-20 06:40:00,1261.5,1263.9000244140625,1261.0,1261.9000244140625,122250
2026-03-20 06:45:00,1262.0,1262.300048828125,1258.699951171875,1259.5999755859375,369800
2026-03-20 06:50:00,1259.5999755859375,1260.699951171875,1255.5,1255.5,145498
2026-03-20 06:55:00,1256.300048828125,1257.4000244140625,1255.0,1256.199951171875,159884
2026-03-20 07:00:00,1256.199951171875,1257.9000244140625,1254.0,1257.5999755859375,105444
2026-03-20 07:05:00,1257.699951171875,1260.5,1257.5999755859375,1259.300048828125,97437
2026-03-20 07:10:00,1259.300048828125,1262.5,1258.9000244140625,1261.699951171875,106019
2026-03-20 07:15:00,1261.699951171875,1262.5999755859375,1260.5999755859375,1261.9000244140625,96227
2026-03-20 07:20:00,1262.0,1262.0,1260.4000244140625,1260.9000244140625,73906
2026-03-20 07:25:00,1260.9000244140625,1261.5,1259.0,1259.800048828125,152305
2026-03-20 07:30:00,1259.5,1264.0,1259.4000244140625,1263.5999755859375,178531
2026-03-20 07:35:00,1263.5999755859375,1266.0,1263.5999755859375,1265.5,166685
2026-03-20 07:40:00,1265.5,1265.5999755859375,1262.699951171875,1263.0999755859375,111300
2026-03-20 07:45:00,1263.0,1265.0,1263.0,1264.699951171875,62479
2026-03-20 07:50:00,1264.800048828125,1265.9000244140625,1264.0999755859375,1265.0,71439
2026-03-20 07:55:00,1265.0,1266.5,1264.5,1265.0,103200
2026-03-20 08:00:00,1265.199951171875,1265.5,1263.5999755859375,1263.699951171875,103505
2026-03-20 08:05:00,1263.800048828125,1266.4000244140625,1263.0,1265.9000244140625,110733
2026-03-20 08:10:00,1265.9000244140625,1265.9000244140625,1263.0,1263.0,131521
2026-03-20 08:15:00,1263.300048828125,1263.4000244140625,1261.0,1261.5,137631
2026-03-20 08:20:00,1261.699951171875,1262.0999755859375,1260.5,1261.699951171875,81017
2026-03-20 08:25:00,1261.699951171875,1262.5999755859375,1260.199951171875,1260.300048828125,62033
2026-03-20 08:30:00,1260.699951171875,1264.0,1260.0999755859375,1263.800048828125,67183
2026-03-20 08:35:00,1264.0,1264.4000244140625,1263.0,1264.0,62124
2026-03-20 08:40:00,1264.0,1264.4000244140625,1262.0,1262.699951171875,88618
2026-03-20 08:45:00,1262.699951171875,1262.800048828125,1261.0999755859375,1262.4000244140625,149885
2026-03-20 08:50:00,1262.5,1262.800048828125,1260.0,1260.9000244140625,93257
2026-03-20 08:55:00,1261.0999755859375,1261.300048828125,1257.9000244140625,1257.9000244140625,229389
2026-03-20 09:00:00,1257.4000244140625,1259.800048828125,1257.0,1258.5,172212
2026-03-20 09:05:00,1258.5,1258.5,1253.800048828125,1255.199951171875,249908
2026-03-20 09:10:00,1255.4000244140625,1255.9000244140625,1254.199951171875,1254.5999755859375,182473
2026-03-20 09:15:00,1254.199951171875,1255.5,1253.5,1254.0,256096
2026-03-20 09:20:00,1254.300048828125,1254.300048828125,1251.0999755859375,1253.4000244140625,262506
2026-03-20 09:25:00,1253.4000244140625,1253.5,1250.0,1250.300048828125,200080
2026-03-20 09:30:00,1250.5999755859375,1251.0999755859375,1244.5,1247.0999755859375,1400271
2026-03-20 09:35:00,1247.5,1247.699951171875,1243.199951171875,1244.0999755859375,1646555
2026-03-20 09:40:00,1243.9000244140625,1246.199951171875,1243.699951171875,1244.800048828125,1431533
2026-03-20 09:45:00,1244.699951171875,1244.699951171875,1241.9000244140625,1243.800048828125,1097207
2026-03-20 09:50:00,1243.800048828125,1246.699951171875,1243.300048828125,1246.0,910376
2026-03-20 09:55:00,1246.4000244140625,1250.0,1245.0999755859375,1248.0,609029
2026-03-23 03:45:00,1230.0,1234.5999755859375,1226.199951171875,1227.199951171875,0
2026-03-23 03:50:00,1227.4000244140625,1228.5,1225.5,1226.300048828125,294391
2026-03-23 03:55:00,1226.300048828125,1228.5999755859375,1225.199951171875,1227.800048828125,185080
2026-03-23 04:00:00,1227.9000244140625,1229.300048828125,1226.5,1226.5999755859375,160186
2026-03-23 04:05:00,1226.9000244140625,1228.5999755859375,1225.699951171875,1226.0,201692
2026-03-23 04:10:00,1226.0999755859375,1227.4000244140625,1224.9000244140625,1225.699951171875,270835
2026-03-23 04:15:00,1226.199951171875,1227.800048828125,1226.0,1226.5999755859375,108626
2026-03-23 04:20:00,1226.5999755859375,1227.0,1225.199951171875,1225.300048828125,136081
2026-03-23 04:25:00,1225.5,1226.199951171875,1222.5999755859375,1222.9000244140625,205098
2026-03-23 04:30:00,1223.0,1224.5,1221.800048828125,1223.699951171875,795449
2026-03-23 04:35:00,1223.5999755859375,1225.9000244140625,1223.5999755859375,1225.4000244140625,1036287
2026-03-23 04:40:00,1225.699951171875,1225.699951171875,1224.800048828125,1225.199951171875,86475
2026-03-23 04:45:00,1225.5,1227.199951171875,1224.9000244140625,1224.9000244140625,142865
2026-03-23 04:50:00,1225.199951171875,1225.9000244140625,1225.0,1225.800048828125,113371
2026-03-23 04:55:00,1225.4000244140625,1227.0,1225.0,1225.9000244140625,65875
2026-03-23 05:00:00,1225.699951171875,1226.9000244140625,1225.5,1225.5,140700
2026-03-23 05:05:00,1225.5,1226.800048828125,1225.0,1225.0999755859375,79018
2026-03-23 05:10:00,1225.300048828125,1225.5999755859375,1224.300048828125,1225.4000244140625,73637
2026-03-23 05:15:00,1225.4000244140625,1227.800048828125,1225.4000244140625,1227.0,92494
2026-03-23 05:20:00,1227.199951171875,1227.199951171875,1225.0,1225.699951171875,102269
2026-03-23 05:25:00,1225.699951171875,1226.300048828125,1224.0,1226.0999755859375,125112
2026-03-23 05:30:00,1226.199951171875,1226.199951171875,1225.0,1225.699951171875,60498
2026-03-23 05:35:00,1225.800048828125,1226.9000244140625,1224.800048828125,1225.300048828125,85169
2026-03-23 05:40:00,1225.4000244140625,1226.4000244140625,1225.0,1225.800048828125,51495
2026-03-23 05:45:00,1225.800048828125,1225.800048828125,1224.4000244140625,1225.199951171875,83873
2026-03-23 05:50:00,1225.0,1225.5999755859375,1224.5999755859375,1225.5,52092
2026-03-23 05:55:00,1225.699951171875,1227.699951171875,1225.300048828125,1226.4000244140625,78865
2026-03-23 06:00:00,1226.199951171875,1226.9000244140625,1223.5999755859375,1223.5999755859375,63577
2026-03-23 06:05:00,1223.5999755859375,1224.0,1222.5999755859375,1224.0,84501
2026-03-23 06:10:00,1224.0,1225.300048828125,1222.9000244140625,1224.5,111825
2026-03-23 06:15:00,1224.4000244140625,1225.5,1223.800048828125,1224.9000244140625,51594
2026-03-23 06:20:00,1224.9000244140625,1226.5,1224.800048828125,1226.0,68071
2026-03-23 06:25:00,1226.0,1226.300048828125,1225.300048828125,1225.800048828125,72748
2026-03-23 06:30:00,1225.800048828125,1228.800048828125,1225.5999755859375,1226.0999755859375,89412
2026-03-23 06:35:00,1225.800048828125,1227.0999755859375,1224.5,1226.0999755859375,80871
2026-03-23 06:40:00,1226.0999755859375,1226.5999755859375,1224.4000244140625,1224.800048828125,63359
2026-03-23 06:45:00,1224.5999755859375,1225.4000244140625,1223.9000244140625,1225.199951171875,106274
2026-03-23 06:50:00,1225.0,1225.199951171875,1222.5,1222.5,172820
2026-03-23 06:55:00,1222.5999755859375,1223.9000244140625,1221.800048828125,1223.800048828125,95510
2026-03-23 07:00:00,1223.800048828125,1223.9000244140625,1221.800048828125,1223.699951171875,78302
2026-03-23 07:05:00,1223.800048828125,1225.699951171875,1222.800048828125,1224.699951171875,108756
2026-03-23 07:10:00,1224.300048828125,1225.9000244140625,1223.300048828125,1225.0,145378
2026-03-23 07:15:00,1224.699951171875,1226.800048828125,1224.5,1226.4000244140625,80294
2026-03-23 07:20:00,1226.4000244140625,1226.5999755859375,1223.800048828125,1224.199951171875,85476
2026-03-23 07:25:00,1224.199951171875,1225.5999755859375,1223.699951171875,1225.4000244140625,94002
2026-03-23 07:30:00,1225.5,1225.800048828125,1224.0,1224.800048828125,107087
2026-03-23 07:35:00,1224.800048828125,1225.4000244140625,1223.9000244140625,1224.300048828125,110038
2026-03-23 07:40:00,1224.300048828125,1224.5,1222.5,1224.0999755859375,116812
2026-03-23 07:45:00,1224.199951171875,1224.699951171875,1222.5999755859375,1223.0999755859375,111436
2026-03-23 07:50:00,1223.0999755859375,1224.199951171875,1222.5999755859375,1223.9000244140625,114198
2026-03-23 07:55:00,1223.9000244140625,1224.699951171875,1222.699951171875,1224.300048828125,142329
2026-03-23 08:00:00,1224.4000244140625,1226.0999755859375,1224.199951171875,1225.300048828125,106687
2026-03-23 08:05:00,1225.199951171875,1226.0,1224.699951171875,1224.9000244140625,101220
2026-03-23 08:10:00,1224.9000244140625,1226.5,1224.300048828125,1225.699951171875,139222
2026-03-23 08:15:00,1225.699951171875,1226.4000244140625,1224.4000244140625,1225.199951171875,504204
2026-03-23 08:20:00,1225.300048828125,1226.5,1224.4000244140625,1225.300048828125,316159
2026-03-23 08:25:00,1225.699951171875,1226.9000244140625,1224.5,1225.9000244140625,406183
2026-03-23 08:30:00,1225.9000244140625,1230.0,1225.5,1228.9000244140625,274169
2026-03-23 08:35:00,1229.5,1231.0,1227.300048828125,1227.699951171875,344881
2026-03-23 08:40:00,1228.199951171875,1229.0999755859375,1226.9000244140625,1226.9000244140625,299657
2026-03-23 08:45:00,1227.199951171875,1228.5999755859375,1226.800048828125,1227.5,236544
2026-03-23 08:50:00,1228.0,1230.4000244140625,1227.0,1229.4000244140625,221069
2026-03-23 08:55:00,1229.4000244140625,1230.800048828125,1227.5999755859375,1228.0,255247
2026-03-23 09:00:00,1228.0999755859375,1228.4000244140625,1222.0999755859375,1223.4000244140625,336892
2026-03-23 09:05:00,1223.0999755859375,1227.5999755859375,1222.300048828125,1226.0999755859375,361648
2026-03-23 09:10:00,1226.0999755859375,1228.800048828125,1224.199951171875,1227.800048828125,423250
2026-03-23 09:15:00,1227.699951171875,1228.0999755859375,1225.5,1226.800048828125,221667
2026-03-23 09:20:00,1227.0,1229.4000244140625,1227.0,1227.199951171875,258553
2026-03-23 09:25:00,1227.199951171875,1227.9000244140625,1224.9000244140625,1225.800048828125,405460
2026-03-23 09:30:00,1225.800048828125,1225.9000244140625,1221.0,1221.0,451000
2026-03-23 09:35:00,1221.0999755859375,1224.9000244140625,1220.5999755859375,1224.300048828125,554647
2026-03-23 09:40:00,1224.4000244140625,1225.0999755859375,1221.0,1221.199951171875,429003
2026-03-23 09:45:00,1221.199951171875,1221.199951171875,1218.0999755859375,1219.199951171875,529189
2026-03-23 09:50:00,1219.199951171875,1225.0,1219.0,1224.5999755859375,775385
2026-03-23 09:55:00,1224.199951171875,1226.5,1222.0999755859375,1225.0,795013
2026-03-24 03:45:00,1239.0,1239.0,1232.0,1234.800048828125,0
2026-03-24 03:50:00,1235.0999755859375,1238.5,1235.0999755859375,1238.199951171875,152407
2026-03-24 03:55:00,1238.0999755859375,1241.300048828125,1238.0999755859375,1241.0,173174
2026-03-24 04:00:00,1241.0999755859375,1243.300048828125,1241.0999755859375,1241.800048828125,100834
2026-03-24 04:05:00,1241.800048828125,1244.0,1241.300048828125,1241.300048828125,102101
2026-03-24 04:10:00,1241.300048828125,1243.5,1240.0,1241.0999755859375,129496
2026-03-24 04:15:00,1241.5999755859375,1241.5999755859375,1238.5999755859375,1240.5999755859375,116704
2026-03-24 04:20:00,1240.800048828125,1242.5,1240.0999755859375,1242.4000244140625,84262
2026-03-24 04:25:00,1242.4000244140625,1246.0,1242.0999755859375,1243.9000244140625,124642
2026-03-24 04:30:00,1243.9000244140625,1243.9000244140625,1240.4000244140625,1241.300048828125,89944
2026-03-24 04:35:00,1241.4000244140625,1242.199951171875,1238.800048828125,1239.300048828125,92645
2026-03-24 04:40:00,1239.0,1239.9000244140625,1237.800048828125,1239.300048828125,128867
2026-03-24 04:45:00,1239.300048828125,1240.5999755859375,1238.800048828125,1239.0,102207
2026-03-24 04:50:00,1239.199951171875,1240.0,1236.5999755859375,1239.800048828125,93041
2026-03-24 04:55:00,1239.9000244140625,1240.0,1237.699951171875,1237.699951171875,89135
2026-03-24 05:00:00,1237.699951171875,1237.699951171875,1233.300048828125,1233.800048828125,134190
2026-03-24 05:05:00,1233.300048828125,1233.5999755859375,1230.4000244140625,1230.4000244140625,160944
2026-03-24 05:10:00,1230.5,1233.5,1230.300048828125,1232.199951171875,203152
2026-03-24 05:15:00,1232.199951171875,1234.5999755859375,1231.0999755859375,1233.4000244140625,169173
2026-03-24 05:20:00,1233.199951171875,1233.5,1228.9000244140625,1229.5,197342
2026-03-24 05:25:00,1229.699951171875,1229.699951171875,1226.199951171875,1226.5999755859375,207699
2026-03-24 05:30:00,1226.800048828125,1228.699951171875,1226.800048828125,1228.5999755859375,119666
2026-03-24 05:35:00,1228.5999755859375,1228.9000244140625,1226.699951171875,1227.699951171875,92253
2026-03-24 05:40:00,1227.9000244140625,1229.0,1226.5,1226.9000244140625,110098
2026-03-24 05:45:00,1228.0999755859375,1231.199951171875,1228.0999755859375,1230.699951171875,154616
2026-03-24 05:50:00,1230.699951171875,1231.4000244140625,1228.0,1228.0,165244
2026-03-24 05:55:00,1228.0999755859375,1230.5999755859375,1227.4000244140625,1229.0,140894
2026-03-24 06:00:00,1229.4000244140625,1230.0999755859375,1228.800048828125,1229.0999755859375,140805
2026-03-24 06:05:00,1229.0999755859375,1229.800048828125,1228.199951171875,1228.300048828125,99308
2026-03-24 06:10:00,1228.300048828125,1228.800048828125,1226.800048828125,1228.800048828125,155538
2026-03-24 06:15:00,1228.800048828125,1230.800048828125,1228.300048828125,1228.4000244140625,154425
2026-03-24 06:20:00,1228.4000244140625,1229.300048828125,1227.0,1227.800048828125,188187
2026-03-24 06:25:00,1228.0,1230.199951171875,1227.5,1228.9000244140625,140940
2026-03-24 06:30:00,1228.9000244140625,1229.0999755859375,1227.699951171875,1227.699951171875,92617
2026-03-24 06:35:00,1227.800048828125,1227.800048828125,1226.0999755859375,1226.800048828125,114085
2026-03-24 06:40:00,1226.800048828125,1227.0,1224.699951171875,1224.9000244140625,98557
2026-03-24 06:45:00,1224.9000244140625,1225.699951171875,1223.9000244140625,1225.300048828125,134936
2026-03-24 06:50:00,1225.5,1230.300048828125,1225.0,1230.300048828125,233856
2026-03-24 06:55:00,1230.0,1235.300048828125,1228.699951171875,1229.5999755859375,531580
2026-03-24 07:00:00,1229.5999755859375,1232.300048828125,1228.9000244140625,1232.199951171875,604336
2026-03-24 07:05:00,1232.199951171875,1235.5999755859375,1231.9000244140625,1235.5999755859375,377616
2026-03-24 07:10:00,1235.5,1236.4000244140625,1233.0999755859375,1234.4000244140625,207633
2026-03-24 07:15:00,1234.0,1237.800048828125,1233.300048828125,1235.800048828125,509612
2026-03-24 07:20:00,1235.9000244140625,1238.0,1235.0,1237.9000244140625,160177
2026-03-24 07:25:00,1237.0,1238.699951171875,1234.300048828125,1236.0999755859375,294352
2026-03-24 07:30:00,1236.4000244140625,1239.0999755859375,1234.0,1234.5,139554
2026-03-24 07:35:00,1234.4000244140625,1237.800048828125,1232.800048828125,1236.9000244140625,136651
2026-03-24 07:40:00,1236.9000244140625,1240.9000244140625,1236.9000244140625,1240.800048828125,169924
2026-03-24 07:45:00,1241.0,1243.800048828125,1239.699951171875,1243.5999755859375,168642
2026-03-24 07:50:00,1243.699951171875,1245.9000244140625,1241.300048828125,1242.9000244140625,163459
2026-03-24 07:55:00,1242.699951171875,1245.699951171875,1242.0,1245.4000244140625,119622
2026-03-24 08:00:00,1245.0999755859375,1246.300048828125,1243.5,1244.699951171875,230105
2026-03-24 08:05:00,1244.5999755859375,1247.5,1244.300048828125,1244.5,338635
2026-03-24 08:10:00,1244.800048828125,1249.0,1244.199951171875,1248.199951171875,818117
2026-03-24 08:15:00,1248.300048828125,1251.0999755859375,1246.0999755859375,1246.0999755859375,750128
2026-03-24 08:20:00,1246.199951171875,1249.4000244140625,1245.300048828125,1248.800048828125,426062
2026-03-24 08:25:00,1248.5999755859375,1250.800048828125,1247.5,1248.5999755859375,234926
2026-03-24 08:30:00,1248.5,1250.0999755859375,1246.9000244140625,1248.9000244140625,190022
2026-03-24 08:35:00,1248.800048828125,1250.699951171875,1248.0,1249.199951171875,125707
2026-03-24 08:40:00,1249.199951171875,1250.4000244140625,1248.5,1249.199951171875,165880
2026-03-24 08:45:00,1249.5999755859375,1252.9000244140625,1248.5,1248.699951171875,215498
2026-03-24 08:50:00,1249.0,1250.5,1245.0,1248.0,276768
2026-03-24 08:55:00,1248.0,1250.199951171875,1246.800048828125,1249.300048828125,294829
2026-03-24 09:00:00,1249.300048828125,1249.300048828125,1247.699951171875,1249.199951171875,316378
2026-03-24 09:05:00,1249.0999755859375,1249.699951171875,1245.800048828125,1246.300048828125,217250
2026-03-24 09:10:00,1246.5,1249.5999755859375,1245.300048828125,1248.0999755859375,261545
2026-03-24 09:15:00,1248.0999755859375,1249.5,1247.4000244140625,1248.800048828125,270770
2026-03-24 09:20:00,1249.4000244140625,1249.4000244140625,1246.0999755859375,1247.199951171875,252887
2026-03-24 09:25:00,1247.199951171875,1249.9000244140625,1246.9000244140625,1248.5999755859375,207022
2026-03-24 09:30:00,1248.5,1251.699951171875,1247.300048828125,1250.699951171875,1275267
2026-03-24 09:35:00,1250.800048828125,1253.9000244140625,1249.199951171875,1253.699951171875,1269862
2026-03-24 09:40:00,1253.5,1253.800048828125,1250.199951171875,1250.199951171875,998161
2026-03-24 09:45:00,1250.199951171875,1252.4000244140625,1248.5,1250.800048828125,1197881
2026-03-24 09:50:00,1250.800048828125,1252.4000244140625,1249.9000244140625,1252.0,529707
2026-03-24 09:55:00,1252.0,1253.0,1251.199951171875,1251.199951171875,298836
2026-03-25 03:45:00,1259.0999755859375,1264.699951171875,1257.5,1262.5,0
2026-03-25 03:50:00,1263.300048828125,1264.5,1261.0999755859375,1262.199951171875,146188
2026-03-25 03:55:00,1261.4000244140625,1262.300048828125,1260.699951171875,1261.300048828125,124606
2026-03-25 04:00:00,1261.0,1261.4000244140625,1258.5999755859375,1260.0999755859375,173250
2026-03-25 04:05:00,1260.0999755859375,1260.0999755859375,1257.0,1257.699951171875,191711
2026-03-25 04:10:00,1257.800048828125,1263.199951171875,1257.0,1262.800048828125,455882
2026-03-25 04:15:00,1262.4000244140625,1265.5999755859375,1261.699951171875,1262.300048828125,168687
2026-03-25 04:20:00,1262.5,1263.0999755859375,1261.0,1261.5,140412
2026-03-25 04:25:00,1261.4000244140625,1264.0,1260.4000244140625,1261.5,280687
2026-03-25 04:30:00,1261.5999755859375,1263.0,1260.800048828125,1262.199951171875,174835
2026-03-25 04:35:00,1262.199951171875,1263.9000244140625,1260.0999755859375,1263.800048828125,244670
2026-03-25 04:40:00,1263.699951171875,1266.5,1263.5999755859375,1265.0,161223
2026-03-25 04:45:00,1265.0999755859375,1267.5999755859375,1263.300048828125,1265.0,315528
2026-03-25 04:50:00,1265.0999755859375,1265.199951171875,1263.0999755859375,1263.699951171875,96276
2026-03-25 04:55:00,1264.199951171875,1266.199951171875,1263.5999755859375,1266.0,99912
2026-03-25 05:00:00,1265.800048828125,1266.5999755859375,1264.0,1265.300048828125,151605
2026-03-25 05:05:00,1265.300048828125,1265.800048828125,1264.5,1265.300048828125,65383
2026-03-25 05:10:00,1264.800048828125,1268.0,1264.5999755859375,1267.4000244140625,110546
2026-03-25 05:15:00,1267.5999755859375,1269.0,1266.5,1267.4000244140625,106477
2026-03-25 05:20:00,1267.5,1268.300048828125,1266.0999755859375,1268.0,94681
2026-03-25 05:25:00,1267.800048828125,1268.0,1266.0,1267.0,85070
2026-03-25 05:30:00,1267.199951171875,1267.9000244140625,1266.0,1267.0,111946
2026-03-25 05:35:00,1267.0,1268.300048828125,1265.800048828125,1267.5,113635
2026-03-25 05:40:00,1267.5,1268.4000244140625,1267.0999755859375,1268.4000244140625,88807
2026-03-25 05:45:00,1268.300048828125,1268.9000244140625,1267.199951171875,1267.5999755859375,68118
2026-03-25 05:50:00,1267.5999755859375,1267.9000244140625,1266.5,1267.199951171875,279138
2026-03-25 05:55:00,1267.0999755859375,1268.199951171875,1266.5999755859375,1267.5999755859375,103426
2026-03-25 06:00:00,1267.4000244140625,1268.800048828125,1266.800048828125,1267.800048828125,134713
2026-03-25 06:05:00,1268.0,1268.5999755859375,1266.5,1267.5999755859375,93065
2026-03-25 06:10:00,1268.0,1269.5999755859375,1267.199951171875,1267.9000244140625,102228
2026-03-25 06:15:00,1267.699951171875,1270.0,1266.4000244140625,1269.5,168094
2026-03-25 06:20:00,1269.5,1271.0,1268.4000244140625,1270.4000244140625,123307
2026-03-25 06:25:00,1270.300048828125,1272.0,1269.800048828125,1270.300048828125,96773
2026-03-25 06:30:00,1270.0999755859375,1270.699951171875,1268.5,1269.800048828125,80088
2026-03-25 06:35:00,1269.9000244140625,1270.5,1269.0,1269.199951171875,79237
2026-03-25 06:40:00,1269.5,1270.5,1267.9000244140625,1270.0999755859375,185599
2026-03-25 06:45:00,1269.9000244140625,1272.5,1268.5999755859375,1271.9000244140625,130407
2026-03-25 06:50:00,1272.300048828125,1272.699951171875,1270.0,1270.0999755859375,74861
2026-03-25 06:55:00,1270.0999755859375,1270.5,1268.0999755859375,1269.4000244140625,167163
2026-03-25 07:00:00,1269.5999755859375,1272.800048828125,1268.0,1272.0,96566
2026-03-25 07:05:00,1272.5,1272.9000244140625,1268.5999755859375,1269.199951171875,91504
2026-03-25 07:10:00,1269.199951171875,1270.5,1268.5,1270.0,117422
2026-03-25 07:15:00,1270.4000244140625,1271.0999755859375,1269.5,1269.699951171875,164354
2026-03-25 07:20:00,1269.5999755859375,1269.800048828125,1268.0,1269.199951171875,178303
2026-03-25 07:25:00,1269.199951171875,1269.800048828125,1266.0,1266.300048828125,226422
2026-03-25 07:30:00,1266.0999755859375,1267.699951171875,1265.9000244140625,1267.300048828125,118969
2026-03-25 07:35:00,1267.300048828125,1268.5,1265.0,1265.0999755859375,82678
2026-03-25 07:40:00,1265.699951171875,1266.800048828125,1264.199951171875,1264.199951171875,67866
2026-03-25 07:45:00,1264.800048828125,1266.199951171875,1263.199951171875,1263.199951171875,81275
2026-03-25 07:50:00,1263.300048828125,1265.5,1263.0,1264.9000244140625,75299
2026-03-25 07:55:00,1264.5,1267.0,1264.5,1266.199951171875,87257
2026-03-25 08:00:00,1266.199951171875,1267.300048828125,1263.5999755859375,1266.4000244140625,117879
2026-03-25 08:05:00,1266.0,1267.4000244140625,1265.4000244140625,1266.300048828125,97537
2026-03-25 08:10:00,1266.4000244140625,1266.5999755859375,1263.4000244140625,1264.0999755859375,134809
2026-03-25 08:15:00,1263.699951171875,1265.0,1263.4000244140625,1264.5,84395
2026-03-25 08:20:00,1264.5,1265.4000244140625,1264.0,1264.0999755859375,166927
2026-03-25 08:25:00,1264.0999755859375,1264.0999755859375,1262.0999755859375,1262.5,97512
2026-03-25 08:30:00,1262.699951171875,1263.800048828125,1261.5,1263.0,163082
2026-03-25 08:35:00,1263.300048828125,1263.300048828125,1260.5,1260.5,92147
2026-03-25 08:40:00,1260.699951171875,1260.800048828125,1259.0,1259.699951171875,124996
2026-03-25 08:45:00,1259.4000244140625,1260.5999755859375,1259.0,1259.4000244140625,128808
2026-03-25 08:50:00,1259.5,1260.0,1257.199951171875,1257.9000244140625,206896
2026-03-25 08:55:00,1258.0,1259.300048828125,1257.0999755859375,1258.800048828125,295330
2026-03-25 09:00:00,1258.9000244140625,1259.5999755859375,1256.800048828125,1258.5999755859375,240989
2026-03-25 09:05:00,1258.699951171875,1259.9000244140625,1258.5,1259.5,171468
2026-03-25 09:10:00,1259.4000244140625,1262.0999755859375,1259.4000244140625,1260.5999755859375,137066
2026-03-25 09:15:00,1260.5999755859375,1261.5,1259.4000244140625,1260.4000244140625,187849
2026-03-25 09:20:00,1260.4000244140625,1260.5,1259.0,1260.199951171875,297595
2026-03-25 09:25:00,1260.199951171875,1260.4000244140625,1258.699951171875,1259.5,306071
2026-03-25 09:30:00,1259.199951171875,1263.5999755859375,1254.800048828125,1262.0999755859375,2096368
2026-03-25 09:35:00,1262.0999755859375,1262.199951171875,1257.699951171875,1259.5,1117257
2026-03-25 09:40:00,1259.5,1261.800048828125,1258.5,1259.4000244140625,1514267
2026-03-25 09:45:00,1259.800048828125,1261.0,1259.0,1259.0,520012
2026-03-25 09:50:00,1259.0999755859375,1260.5,1258.5,1260.4000244140625,592891
2026-03-25 09:55:00,1260.4000244140625,1260.4000244140625,1257.300048828125,1258.800048828125,388014
2026-03-27 03:45:00,1250.300048828125,1260.0,1250.300048828125,1255.9000244140625,0
2026-03-27 03:50:00,1255.199951171875,1257.0999755859375,1254.0,1254.300048828125,214075
2026-03-27 03:55:00,1254.199951171875,1254.5,1251.0,1251.699951171875,123170
2026-03-27 04:00:00,1251.699951171875,1254.699951171875,1250.800048828125,1251.9000244140625,216004
2026-03-27 04:05:00,1251.9000244140625,1252.9000244140625,1251.4000244140625,1252.199951171875,96236
2026-03-27 04:10:00,1252.199951171875,1254.4000244140625,1251.0999755859375,1254.4000244140625,170024
2026-03-27 04:15:00,1254.4000244140625,1256.300048828125,1253.4000244140625,1255.5999755859375,104085
2026-03-27 04:20:00,1255.5999755859375,1256.199951171875,1253.5999755859375,1253.699951171875,180205
2026-03-27 04:25:00,1253.4000244140625,1254.0,1252.5999755859375,1253.300048828125,121366
2026-03-27 04:30:00,1253.199951171875,1254.5,1252.0,1254.5,66781
2026-03-27 04:35:00,1254.5,1255.4000244140625,1253.4000244140625,1255.0999755859375,121501
2026-03-27 04:40:00,1255.0,1255.0,1252.699951171875,1253.5999755859375,79161
2026-03-27 04:45:00,1253.5999755859375,1254.699951171875,1252.0,1253.0,178678
2026-03-27 04:50:00,1253.0,1255.9000244140625,1252.699951171875,1255.199951171875,137738
2026-03-27 04:55:00,1255.199951171875,1255.199951171875,1253.4000244140625,1254.800048828125,80100
2026-03-27 05:00:00,1254.800048828125,1257.0,1252.5999755859375,1254.0999755859375,144262
2026-03-27 05:05:00,1254.0999755859375,1255.699951171875,1253.300048828125,1255.0,80066
2026-03-27 05:10:00,1255.300048828125,1255.9000244140625,1253.0999755859375,1254.199951171875,143588
2026-03-27 05:15:00,1254.199951171875,1255.0,1253.300048828125,1253.699951171875,48577
2026-03-27 05:20:00,1253.699951171875,1254.0,1251.199951171875,1251.5999755859375,84725
2026-03-27 05:25:00,1251.199951171875,1252.0,1248.699951171875,1250.0,169100
2026-03-27 05:30:00,1250.0,1251.5,1248.5,1248.9000244140625,540904
2026-03-27 05:35:00,1249.0,1250.5,1248.5,1248.9000244140625,98565
2026-03-27 05:40:00,1249.0,1250.5,1248.9000244140625,1249.4000244140625,67959
2026-03-27 05:45:00,1249.4000244140625,1250.199951171875,1246.699951171875,1246.9000244140625,124048
2026-03-27 05:50:00,1246.699951171875,1247.699951171875,1246.0999755859375,1246.4000244140625,85248
2026-03-27 05:55:00,1246.5,1247.300048828125,1244.9000244140625,1245.5999755859375,155654
2026-03-27 06:00:00,1245.5999755859375,1248.5,1245.5999755859375,1247.199951171875,167673
2026-03-27 06:05:00,1247.5999755859375,1248.0999755859375,1246.0,1247.5999755859375,147724
2026-03-27 06:10:00,1247.5999755859375,1248.4000244140625,1245.699951171875,1246.800048828125,210850
2026-03-27 06:15:00,1246.9000244140625,1247.699951171875,1246.800048828125,1247.0999755859375,62451
2026-03-27 06:20:00,1247.199951171875,1248.0,1246.9000244140625,1247.9000244140625,66815
2026-03-27 06:25:00,1247.9000244140625,1248.5,1246.800048828125,1247.5,121160
2026-03-27 06:30:00,1247.5999755859375,1247.5999755859375,1246.199951171875,1246.699951171875,87248
2026-03-27 06:35:00,1246.699951171875,1248.5999755859375,1246.4000244140625,1247.0,127380
2026-03-27 06:40:00,1247.0,1247.0999755859375,1246.0,1246.0999755859375,48186
2026-03-27 06:45:00,1246.0999755859375,1247.4000244140625,1246.0999755859375,1246.800048828125,226235
2026-03-27 06:50:00,1246.9000244140625,1248.5999755859375,1246.9000244140625,1248.5999755859375,136762
2026-03-27 06:55:00,1248.5999755859375,1251.9000244140625,1248.4000244140625,1251.800048828125,327476
2026-03-27 07:00:00,1251.800048828125,1252.0,1249.699951171875,1251.5,222364
2026-03-27 07:05:00,1251.4000244140625,1252.9000244140625,1251.300048828125,1251.5999755859375,121744
2026-03-27 07:10:00,1251.5,1254.0,1250.699951171875,1253.5999755859375,268503
2026-03-27 07:15:00,1253.800048828125,1254.4000244140625,1253.0,1253.0999755859375,238391
2026-03-27 07:20:00,1253.300048828125,1254.0,1250.800048828125,1252.0999755859375,175772
2026-03-27 07:25:00,1252.0999755859375,1252.5,1251.199951171875,1251.199951171875,90582
2026-03-27 07:30:00,1251.199951171875,1252.300048828125,1250.300048828125,1251.0999755859375,111976
2026-03-27 07:35:00,1251.0999755859375,1252.300048828125,1250.9000244140625,1251.5999755859375,120963
2026-03-27 07:40:00,1251.5999755859375,1252.5,1251.0,1251.800048828125,94750
2026-03-27 07:45:00,1251.9000244140625,1253.699951171875,1251.4000244140625,1252.800048828125,156698
2026-03-27 07:50:00,1253.0,1253.5999755859375,1252.0,1253.4000244140625,177025
2026-03-27 07:55:00,1253.5,1254.699951171875,1251.0,1251.0999755859375,157608
2026-03-27 08:00:00,1251.0,1251.0999755859375,1248.9000244140625,1250.0,128714
2026-03-27 08:05:00,1249.9000244140625,1251.0999755859375,1249.0999755859375,1249.5,127591
2026-03-27 08:10:00,1249.5,1250.800048828125,1249.4000244140625,1250.0,115635
2026-03-27 08:15:00,1250.0,1250.5999755859375,1248.300048828125,1248.5,318237
2026-03-27 08:20:00,1248.5,1248.5999755859375,1245.5999755859375,1245.5999755859375,129606
2026-03-27 08:25:00,1245.699951171875,1246.800048828125,1244.199951171875,1245.0,138469
2026-03-27 08:30:00,1245.0,1245.0999755859375,1242.0,1242.300048828125,125670
2026-03-27 08:35:00,1242.300048828125,1242.4000244140625,1240.0999755859375,1241.699951171875,238196
2026-03-27 08:40:00,1241.699951171875,1243.0,1240.0,1242.4000244140625,184810
2026-03-27 08:45:00,1242.300048828125,1245.0999755859375,1242.300048828125,1243.9000244140625,231956
2026-03-27 08:50:00,1244.199951171875,1245.0,1243.199951171875,1243.699951171875,211225
2026-03-27 08:55:00,1243.9000244140625,1246.0999755859375,1243.699951171875,1245.5999755859375,282831
2026-03-27 09:00:00,1245.300048828125,1246.0,1242.4000244140625,1243.199951171875,190138
2026-03-27 09:05:00,1242.800048828125,1243.699951171875,1240.5,1242.0999755859375,123833
2026-03-27 09:10:00,1241.699951171875,1242.800048828125,1240.9000244140625,1241.800048828125,239060
2026-03-27 09:15:00,1241.800048828125,1243.5,1241.699951171875,1242.699951171875,255212
2026-03-27 09:20:00,1243.0999755859375,1244.0,1241.699951171875,1242.5999755859375,215319
2026-03-27 09:25:00,1242.800048828125,1243.4000244140625,1240.199951171875,1241.0999755859375,261231
2026-03-27 09:30:00,1240.5,1240.5,1235.9000244140625,1237.300048828125,2067713
2026-03-27 09:35:00,1236.699951171875,1236.699951171875,1232.199951171875,1233.300048828125,2122030
2026-03-27 09:40:00,1233.300048828125,1234.800048828125,1232.800048828125,1234.300048828125,2101721
2026-03-27 09:45:00,1234.300048828125,1234.300048828125,1231.300048828125,1233.5999755859375,1982287
2026-03-27 09:50:00,1233.4000244140625,1233.4000244140625,1231.300048828125,1231.699951171875,1950910
2026-03-27 09:55:00,1231.5999755859375,1238.199951171875,1231.0,1233.800048828125,1400762
