open,high,low,close,volume,returns,price_change_pct,rolling_volatility,higher_high_ratio,lower_low_ratio,market_type,ema_20,ema_50,rsi,macd,macd_signal,vwap,volatility,target_market_type,symbol,timeframe,timestamp
1360.9000244140625,1362.0,1360.300048828125,1360.9000244140625,116009,0.0,-0.013196977372247676,0.0018718203393349466,0.3,0.5,0,1364.2198744865643,1370.4278376121144,33.6280700238202,-4.459718919283205,-4.604656431338819,1370.1097446910903,0.0018718203393349466,0,ICICIBANK,15m,2026-01-30 08:45:00
1361.0,1361.300048828125,1357.800048828125,1358.0999755859375,194259,-0.002057497816072562,-0.01315214084299654,0.0018700104748931659,0.3,0.5,0,1363.6370269722188,1369.9443920424605,28.799945312232964,-4.402107973271086,-4.564146739725273,1369.9757582923107,0.0018700104748931659,0,ICICIBANK,15m,2026-01-30 09:00:00
1358.0999755859375,1361.0,1358.0,1360.5999755859375,596455,0.0018408070428845846,-0.01269864328425041,0.00189904680522646,0.3,0.5,0,1363.3477839830493,1369.5779443382833,46.63454484632585,-4.107374520147459,-4.472792295809711,1369.6126839102462,0.00189904680522646,0,ICICIBANK,15m,2026-01-30 09:15:00
1360.199951171875,1362.0,1353.300048828125,1354.5999755859375,1673874,-0.004409819276540938,-0.014693099014221,0.002045058319934266,0.3,0.5,0,1362.5146593738007,1368.9905730146618,39.11282185065047,-4.308282788838142,-4.439890394415397,1368.4242489077708,0.002045058319934266,0,ICICIBANK,15m,2026-01-30 09:30:00
1354.0999755859375,1357.4000244140625,1353.5999755859375,1355.199951171875,3127795,0.0004429171687221345,-0.014686689605660663,0.0020452554978509104,0.3,0.5,0,1361.8180204974267,1368.4497643149446,34.913761352036786,-4.368731011995806,-4.425658517931479,1366.5214222511504,0.0020452554978509104,0,ICICIBANK,15m,2026-01-30 09:45:00
1355.300048828125,1358.5,1353.699951171875,1356.0999755859375,1855928,0.000664126657681896,-0.009133421177103584,0.0018089747947020209,0.35,0.45,0,1361.2734447915705,1367.9654588745914,41.28431120020606,-4.294507803239867,-4.399428374993157,1365.6900582941248,0.0018089747947020209,0,ICICIBANK,15m,2026-01-30 10:00:00
1416.199951171875,1416.199951171875,1375.0,1384.0,5151321,0.023063239241380984,0.011178526612078299,0.005607986175932764,0.4,0.45,0,1362.707744728403,1368.0228648762209,71.37619158543578,-2.0333922284391974,-3.934417802052763,1391.7333170572917,0.005607986175932764,0,ICICIBANK,15m,2026-02-03 03:45:00
1384.199951171875,1395.9000244140625,1382.0,1389.0,2436809,0.0036127167630057855,0.01982378854625555,0.005493056262848792,0.4,0.4,0,1365.2117690399837,1368.845497626173,74.15535490043652,0.28250951615541453,-3.091032338411128,1390.8448532670131,0.005493056262848792,0,ICICIBANK,15m,2026-02-03 04:00:00
1389.0999755859375,1393.300048828125,1386.699951171875,1391.800048828125,1950069,0.00201587388633917,0.023382388844209512,0.005465964278040099,0.4,0.35,0,1367.743986162664,1369.745676104681,77.57477811415791,2.317108686772144,-2.0094041333744737,1390.79479674941,0.005465964278040099,0,ICICIBANK,15m,2026-02-03 04:15:00
1391.9000244140625,1393.4000244140625,1390.0,1391.9000244140625,590952,7.183185977166495e-05,0.02180302033973569,0.0054702339531774325,0.4,0.35,0,1370.044561234226,1370.614474077598,79.45675624703374,3.892737329446618,-0.8289758408102554,1390.8514982527938,0.0054702339531774325,0,ICICIBANK,15m,2026-02-03 04:30:00
1392.199951171875,1393.800048828125,1388.199951171875,1392.199951171875,622632,0.00021548010097838244,0.023751692167024885,0.005435740475415654,0.4,0.35,0,1372.1545983711449,1371.4609633754128,79.35152588272055,5.106768317014712,0.3581729907547382,1390.8832608549485,0.005435740475415654,0,ICICIBANK,15m,2026-02-03 04:45:00
1392.5,1395.4000244140625,1392.0,1395.300048828125,840434,0.002226761790675713,0.02505149785444294,0.005440307669814159,0.45,0.35,0,1374.3589269860954,1372.3958294715976,79.7320176173982,6.247036643761703,1.5359457213561312,1391.1261423789663,0.005440307669814159,0,ICICIBANK,15m,2026-02-03 05:00:00
1395.0,1399.5999755859375,1394.300048828125,1396.4000244140625,516017,0.0007883434010207413,0.026236550689548777,0.005428329655847018,0.45,0.35,0,1376.4580791220924,1373.3371704497335,79.7320176173982,7.156965303837524,2.6601496378524097,1391.366525478606,0.005428329655847018,0,ICICIBANK,15m,2026-02-03 05:15:00
1396.4000244140625,1399.5,1394.5,1395.5,672669,-0.0006445319380742331,0.0258012165216297,0.005435444787833382,0.45,0.3,0,1378.2715953961788,1374.2063010203324,78.54784614299959,7.716514696178592,3.6714226495176465,1391.6367042893544,0.005435444787833382,0,ICICIBANK,15m,2026-02-03 05:30:00
1395.4000244140625,1396.9000244140625,1391.199951171875,1393.9000244140625,655516,-0.001146524963050899,0.02598266558403317,0.00543111951067899,0.45,0.3,0,1379.7600172074058,1374.978603898518,80.13477077870301,7.939337225246618,4.5250055646634415,1391.7520012409498,0.00543111951067899,0,ICICIBANK,15m,2026-02-03 05:45:00
1393.800048828125,1398.699951171875,1393.0,1398.300048828125,524476,0.0031566284073436535,0.0302830084990513,0.005417354671830897,0.5,0.25,0,1381.525734504617,1375.8931703663459,80.75050431229327,8.374435601846244,5.294891572100003,1391.9366329614677,0.005417354671830897,0,ICICIBANK,15m,2026-02-03 06:00:00
1398.4000244140625,1398.5999755859375,1389.4000244140625,1389.4000244140625,416486,-0.0063648888673939474,0.023272922705526833,0.005694488263339199,0.5,0.3,0,1382.275666876945,1376.4228509172367,77.10286237987853,7.909916022255629,5.817896462131129,1391.9519872883172,0.005694488263339199,0,ICICIBANK,15m,2026-02-03 06:15:00
1389.4000244140625,1393.0,1388.5,1392.0,679245,0.0018712937528801987,0.023679916175635363,0.0056963139153516,0.45,0.35,0,1383.2017938410454,1377.0337195087175,77.79461931367668,7.663240147412125,6.186965199187329,1391.916559357408,0.0056963139153516,0,ICICIBANK,15m,2026-02-03 06:30:00
1392.0,1397.5999755859375,1391.9000244140625,1395.0,449684,0.0021551724137931494,0.025056929219043234,0.005699575397062143,0.45,0.35,0,1384.3254325228506,1377.7382795279834,78.47735441357037,7.621961440370342,6.473964447423931,1392.0011459926934,0.005699575397062143,0,ICICIBANK,15m,2026-02-03 06:45:00
1395.0,1396.300048828125,1389.5,1392.5,469640,-0.0017921146953404632,0.02321990963262932,0.005734299822831553,0.45,0.4,0,1385.1039627587697,1378.317170526886,79.40737123842592,7.30333041416543,6.639837640772232,1392.0236502427194,0.005734299822831553,0,ICICIBANK,15m,2026-02-03 07:00:00
1392.4000244140625,1393.5,1390.5,1392.0,660098,-0.00035906642728900096,0.024961361478146538,0.0056965352001331,0.45,0.35,0,1385.7607282103154,1378.8537520748512,60.86955079511454,6.930575844754912,6.697985281568768,1392.0227118300677,0.0056965352001331,0,ICICIBANK,15m,2026-02-03 07:15:00
1391.9000244140625,1397.5999755859375,1391.800048828125,1397.4000244140625,522714,0.0038793278836655176,0.027046927449985603,0.005725848191947896,0.5,0.35,0,1386.8692326106723,1379.5810568724673,61.290333165979206,6.99032192346408,6.756452609947831,1392.1316886383113,0.005725848191947896,0,ICICIBANK,15m,2026-02-03 07:30:00
1397.4000244140625,1398.0,1396.0999755859375,1397.800048828125,293373,0.00028626335127635016,0.03189138787892065,0.005571395417471341,0.5,0.3,0,1387.9102627266202,1380.2955271452383,58.62067755943904,6.989380520457871,6.80303819204984,1392.218568862226,0.005571395417471341,0,ICICIBANK,15m,2026-02-03 07:45:00
1398.0,1398.0999755859375,1393.5,1394.9000244140625,438165,-0.002074706190269393,0.029294624168085148,0.005626736205881955,0.55,0.35,0,1388.5759543159004,1380.8682525283295,53.989351340822026,6.6776509150383845,6.777960736647549,1392.2989368982278,0.005626736205881955,0,ICICIBANK,15m,2026-02-03 08:00:00
1395.199951171875,1398.9000244140625,1394.199951171875,1397.0999755859375,449292,0.0015771389586138884,0.03023375911667947,0.0056236456599165225,0.55,0.35,0,1389.3877658654278,1381.5047906874515,56.20254338118269,6.5328144126508505,6.7289314718482105,1392.4075724409608,0.0056236456599165225,0,ICICIBANK,15m,2026-02-03 08:15:00
1397.300048828125,1397.300048828125,1392.300048828125,1392.9000244140625,476160,-0.0030061922877878677,0.02964220441940002,0.005646173337460526,0.55,0.35,0,1389.7222666795835,1381.9516625982992,47.04430313143614,6.009851653050646,6.585115508088698,1392.452089911297,0.005646173337460526,0,ICICIBANK,15m,2026-02-03 08:30:00
1393.0,1394.0999755859375,1390.9000244140625,1391.300048828125,707312,-0.0011486650569989543,0.005274601754425623,0.0024847377666830264,0.5,0.4,0,1389.8725316461114,1382.318265979861,43.79564645327615,5.404001277242969,6.348892661919553,1392.4393344387393,0.0024847377666830264,0,ICICIBANK,15m,2026-02-03 08:45:00
1391.5,1392.0,1389.5999755859375,1391.0999755859375,424469,-0.00014380308716011037,0.0015118614729572322,0.002357143905349791,0.5,0.45,0,1389.989431068952,1382.662646748727,44.554428520925676,4.851787860612376,6.049471701658119,1392.406578174666,0.002357143905349791,0,ICICIBANK,15m,2026-02-03 09:00:00
1391.0999755859375,1393.0,1390.5999755859375,1391.0999755859375,693706,0.0,-0.0005029984319779857,0.002312604956969232,0.55,0.45,0,1390.0951972134267,1382.993522389402,46.39169419537518,4.363850991621348,5.712347559650765,1392.3783500754055,0.002312604956969232,0,ICICIBANK,15m,2026-02-03 09:15:00
1391.0999755859375,1395.0,1388.800048828125,1390.4000244140625,842146,-0.0005031638157999563,-0.0010776636063580813,0.002314941977106622,0.55,0.5,0,1390.1242283753918,1383.2839734491924,38.74639614104522,3.875997214551262,5.345077490630865,1392.339999832071,0.002314941977106622,0,ICICIBANK,15m,2026-02-03 09:30:00
1390.5,1392.5999755859375,1387.0,1390.4000244140625,2550506,0.0,-0.0012928651206297603,0.0023141359919769404,0.5,0.5,0,1390.150494664789,1383.5630342713441,51.908400503191544,3.4496046859117087,4.9659829296870335,1392.0916761789556,0.0023141359919769404,0,ICICIBANK,15m,2026-02-03 09:45:00
1390.5,1390.800048828125,1387.699951171875,1389.0,862206,-0.00100692202925734,-0.004515192867237561,0.0022580850294845493,0.45,0.5,0,1390.0409237443328,1383.7762486136444,43.99999999999999,2.9645418719137524,4.565694718132377,1391.990376736254,0.0022580850294845493,0,ICICIBANK,15m,2026-02-03 10:00:00
1403.300048828125,1412.9000244140625,1400.5,1408.699951171875,1024422,0.0038480026764478037,0.009458940287979223,0.0033490702162111857,0.5,0.5,0,1392.9604836199355,1385.4892628704529,70.66322876378743,4.649689714262195,4.442617376311137,1407.3666585286458,0.0033490702162111857,0,ICICIBANK,15m,2026-02-04 04:00:00
1408.9000244140625,1412.4000244140625,1407.300048828125,1408.699951171875,722071,0.0,0.010617638638778182,0.003329588837653508,0.5,0.45,0,1394.459480529644,1386.3994859410968,71.57619152761569,5.347445629514368,4.623583026951784,1408.234890380968,0.003329588837653508,0,ICICIBANK,15m,2026-02-04 04:15:00
1408.699951171875,1408.699951171875,1401.5,1404.300048828125,303502,-0.0031233779344492785,0.004290924544434027,0.0033651214157352774,0.45,0.5,0,1395.3966775104518,1387.1014687994118,59.15126749709393,5.482191579803157,4.795304737522059,1407.7312894614188,0.0033651214157352774,0,ICICIBANK,15m,2026-02-04 04:30:00
1404.199951171875,1404.9000244140625,1401.0999755859375,1401.699951171875,203345,-0.0018515257180399258,0.008852689320341334,0.0030355218939437057,0.45,0.5,0,1395.9969892877302,1387.6739583042142,54.887107630178065,5.317871453407406,4.899818080699129,1407.2652241841636,0.0030355218939437057,0,ICICIBANK,15m,2026-02-04 04:45:00
1401.4000244140625,1402.800048828125,1400.5999755859375,1402.0,192362,0.0002140606681724222,0.007183908045977017,0.0030171060063071582,0.45,0.5,0,1396.5687045936606,1388.2357638609117,59.517412235200176,5.15246360900619,4.950347186360542,1406.8353680982348,0.0030171060063071582,0,ICICIBANK,15m,2026-02-04 05:00:00
1402.0,1405.0,1401.300048828125,1404.9000244140625,528310,0.002068491022869212,0.007096791694668481,0.0030144560644494887,0.45,0.5,0,1397.362163624175,1388.8892642747608,60.26322214226973,5.1954940134146455,4.999376551771363,1406.2843201910803,0.0030144560644494887,0,ICICIBANK,15m,2026-02-04 05:15:00
1404.9000244140625,1407.800048828125,1404.0,1405.800048828125,535693,0.0006406323570518069,0.009551202030969375,0.0029719140575520586,0.5,0.45,0,1398.165771738837,1389.5524322964613,68.58789219842188,5.2417962035924575,5.047860482135582,1406.2205779017625,0.0029719140575520586,0,ICICIBANK,15m,2026-02-04 05:30:00
1405.9000244140625,1408.9000244140625,1405.4000244140625,1405.9000244140625,407919,7.111650481217424e-05,0.00998564972274596,0.002967077663087783,0.55,0.45,0,1398.9023672317157,1390.1935143402889,71.98786653185036,5.226312539463606,5.083550893601187,1406.273970632114,0.002967077663087783,0,ICICIBANK,15m,2026-02-04 05:45:00
1405.9000244140625,1407.4000244140625,1405.199951171875,1405.699951171875,329309,-0.00014230972239359652,0.005939549601262417,0.0028604404942222093,0.5,0.5,0,1399.5497561783977,1390.8016099023118,71.98786653185036,5.138662087684224,5.0945731324177945,1406.2604789818663,0.0028604404942222093,0,ICICIBANK,15m,2026-02-04 06:00:00
1406.0,1406.9000244140625,1405.300048828125,1406.9000244140625,200976,0.0008537193454314362,0.006510212668519033,0.0028631099988510704,0.45,0.5,0,1400.2497817246515,1391.4329202753217,72.96508945870563,5.107162168001196,5.097090939534475,1406.2652784771635,0.0028631099988510704,0,ICICIBANK,15m,2026-02-04 06:15:00
1406.699951171875,1407.800048828125,1405.9000244140625,1406.5999755859375,298108,-0.00021326947396271834,0.008387662891317094,0.002810655215490795,0.45,0.45,0,1400.854562092393,1392.027706758091,73.82328654004954,5.000345946427615,5.0777419409131035,1406.2967728191381,0.002810655215490795,0,ICICIBANK,15m,2026-02-04 06:30:00
1406.5999755859375,1408.199951171875,1406.5,1406.9000244140625,122804,0.00021331496753362877,0.007014565170266218,0.002797654977857746,0.45,0.45,0,1401.4303204087425,1392.6109349014625,74.05227269491935,4.883609543205239,5.0389154613715315,1406.3195542915596,0.002797654977857746,0,ICICIBANK,15m,2026-02-04 06:45:00
1406.9000244140625,1409.699951171875,1406.800048828125,1409.5,427615,0.001848017301030458,0.011917564286726412,0.0026997148784826076,0.5,0.4,0,1402.1988613221956,1393.2732511798365,78.87304087092271,4.943901188069503,5.0199126067111255,1406.5090516173616,0.0026997148784826076,0,ICICIBANK,15m,2026-02-04 07:00:00
1409.5,1410.0,1407.5999755859375,1407.5999755859375,280514,-0.0013480130642514743,0.0117156085572927,0.0027068537023242157,0.55,0.35,0,1402.7132531568377,1393.8350835094877,59.307112245491105,4.783228578359058,4.972575801040712,1406.6041632696,0.0027068537023242157,0,ICICIBANK,15m,2026-02-04 07:15:00
1407.699951171875,1409.199951171875,1404.0,1405.0999755859375,227768,-0.0017760727787448083,0.010063978323415101,0.0027542089515817593,0.55,0.35,0,1402.9405600548473,1394.276843983074,41.089309346692374,4.403405552764298,4.85874175138543,1406.584379738284,0.0027542089515817593,0,ICICIBANK,15m,2026-02-04 07:30:00
1405.0,1408.0,1404.4000244140625,1407.800048828125,160865,0.0019216235777539392,0.012004941079201359,0.0027691644229092954,0.5,0.35,0,1403.4033685094453,1394.8071657417036,48.03518123667377,4.271032608409769,4.7411999227902974,1406.5883970065772,0.0027691644229092954,0,ICICIBANK,15m,2026-02-04 07:45:00
1407.9000244140625,1409.699951171875,1407.300048828125,1409.0999755859375,187313,0.0009233745650845115,0.013449331734408876,0.002757589052563153,0.5,0.3,0,1403.9459025167303,1395.3676680885364,62.12077309577387,4.222346736864665,4.6374292856051715,1406.6526804215985,0.002757589052563153,0,ICICIBANK,15m,2026-02-04 08:00:00
1409.0,1409.5,1408.0,1408.4000244140625,156057,-0.0004967363451865436,0.012945914617331411,0.002766181850206553,0.5,0.25,0,1404.3701046021904,1395.8787408856158,68.71500760370706,4.080248063261024,4.525993041136342,1406.701673657313,0.002766181850206553,0,ICICIBANK,15m,2026-02-04 08:15:00
1408.4000244140625,1410.0,1407.800048828125,1408.4000244140625,222127,0.0,0.013966900226106915,0.0027435666526680167,0.55,0.3,0,1404.7539064890354,1396.3697716122215,68.1816605516677,3.922418640200931,4.40527816094926,1406.770772779032,0.0027435666526680167,0,ICICIBANK,15m,2026-02-04 08:30:00
1408.199951171875,1410.0,1408.199951171875,1409.5999755859375,187334,0.0008519959891184481,0.004489365451867178,0.0015637599013359547,0.5,0.3,0,1405.2154368792164,1396.8886031406025,64.77958450412271,3.8497857823952017,4.294179685238449,1406.8403667653454,0.0015637599013359547,0,ICICIBANK,15m,2026-02-04 08:45:00
1409.800048828125,1410.0,1408.5,1409.9000244140625,281123,0.00021286097710127017,0.0008519012449663688,0.0013114064019374358,0.45,0.3,0,1405.6615880730112,1397.398854955248,63.39846336734776,3.7729430136241717,4.189932350915593,1406.9458473985562,0.0013114064019374358,0,ICICIBANK,15m,2026-02-04 09:00:00
1409.699951171875,1413.800048828125,1409.699951171875,1410.699951171875,529012,0.0005673641704808663,0.0014197487536904418,0.0013165447921152618,0.5,0.3,0,1406.141432177665,1397.9204665715863,64.99965667986541,3.733553884713274,4.0986566576751295,1407.2588282353383,0.0013165447921152618,0,ICICIBANK,15m,2026-02-04 09:15:00
1410.800048828125,1411.4000244140625,1408.5999755859375,1408.699951171875,608845,-0.0014177359248780386,0.003133163989719856,0.0011424058923128913,0.5,0.3,0,1406.3851006533039,1398.343191457872,58.42694317573962,3.5006016739171173,3.9790456609235276,1407.4315009583422,0.0011424058923128913,0,ICICIBANK,15m,2026-02-04 09:30:00
1408.699951171875,1410.199951171875,1407.5,1408.699951171875,1027195,0.0,0.004993936108899533,0.0010416492768344798,0.5,0.3,0,1406.6055626074535,1398.7493388976368,55.421474111495954,3.278196361482287,3.8388758010352797,1407.5848828433082,0.0010416492768344798,0,ICICIBANK,15m,2026-02-04 09:45:00
1408.4000244140625,1409.699951171875,1404.199951171875,1406.0999755859375,1098867,-0.0018456560488800955,0.0029243763095132547,0.0011423068474555077,0.5,0.3,0,1406.5574114625472,1399.037599159923,48.67724184256078,2.8591833621328533,3.6429373132547944,1407.486568769726,0.0011423068474555077,0,ICICIBANK,15m,2026-02-04 10:00:00
1409.0999755859375,1411.9000244140625,1407.0,1408.699951171875,315998,-0.0002838864672438657,0.0020628128062503137,0.0011459577038654737,0.45,0.35,0,1406.98055002146,1399.795643294859,47.938008104502785,2.5792866476128893,3.2853579743766774,1409.1999918619792,0.0011459577038654737,0,ICICIBANK,15m,2026-02-05 04:00:00
1408.699951171875,1411.0,1405.800048828125,1406.0999755859375,302531,-0.0018456560488800955,0.00014222289522924925,0.0012261675077556945,0.4,0.4,0,1406.8966857895055,1400.0428720121563,46.268629523011334,2.218429600131685,3.0719722995276793,1408.433721712437,0.0012261675077556945,0,ICICIBANK,15m,2026-02-05 04:15:00
1406.199951171875,1408.4000244140625,1405.699951171875,1406.199951171875,133686,7.110133537691077e-05,0.00035569468404905713,0.0012257207271047794,0.4,0.4,0,1406.830330111636,1400.2843260968511,53.107305668393145,1.918400853546018,2.841258010331347,1408.137443142258,0.0012257207271047794,0,ICICIBANK,15m,2026-02-05 04:30:00
1406.199951171875,1408.0,1405.4000244140625,1407.4000244140625,91378,0.0008534157899717787,0.00035539127963857275,0.0012257098422452978,0.4,0.45,0,1406.884586711867,1400.563373089683,48.76534372197816,1.757205816668602,2.6244475715987985,1408.0070157218695,0.0012257098422452978,0,ICICIBANK,15m,2026-02-05 04:45:00
1407.800048828125,1408.199951171875,1404.300048828125,1404.5,102916,-0.002060554471902787,-0.0014929444208633402,0.0013107447018468035,0.4,0.5,0,1406.6574832154988,1400.7177506155776,37.078667096429086,1.3795472924471142,2.3754675157684617,1407.7525444348928,0.0013107447018468035,0,ICICIBANK,15m,2026-02-05 05:00:00
1404.5,1405.0999755859375,1403.0999755859375,1404.300048828125,233916,-0.00014236466491635014,-0.001848017301030569,0.001309054755301064,0.35,0.55,0,1406.4329656547966,1400.8582328984228,38.150309410743645,1.0519891267967978,2.110771837974129,1407.0419578376652,0.001309054755301064,0,ICICIBANK,15m,2026-02-05 05:15:00
1404.199951171875,1406.5999755859375,1404.0,1406.4000244140625,109952,0.001495389527109925,-0.0021993441546204195,0.0012836833898931725,0.35,0.55,0,1406.4298283937744,1401.075558055899,44.845334877048145,0.9508861762135439,1.878794705622012,1406.9247703685505,0.0012836833898931725,0,ICICIBANK,15m,2026-02-05 05:30:00
1406.5999755859375,1407.4000244140625,1405.5999755859375,1405.5999755859375,158693,-0.0005688629225232278,-0.0014208582229958688,0.0012556284079673404,0.35,0.55,0,1406.3507947930282,1401.2529861943317,39.473684210526315,0.7970165941544565,1.662439083328501,1406.8453972012478,0.0012556284079673404,0,ICICIBANK,15m,2026-02-05 05:45:00
1405.5999755859375,1407.9000244140625,1405.5,1407.5,129976,0.0013517533061071507,0.0017080808880247655,0.001226443803721875,0.4,0.55,0,1406.4602429079778,1401.4979671278875,44.1746911202631,0.8189495917354179,1.4937411850098845,1406.8553799235906,0.001226443803721875,0,ICICIBANK,15m,2026-02-05 06:00:00
1407.4000244140625,1408.0,1406.4000244140625,1406.9000244140625,155827,-0.0004262703985346006,-0.0006393126742761934,0.0011515808862059473,0.45,0.55,0,1406.5021268609382,1401.709812511659,40.68646517110766,0.7789395050162966,1.350780849011167,1406.8773532604826,0.0011515808862059473,0,ICICIBANK,15m,2026-02-05 06:15:00
1407.0,1408.9000244140625,1406.4000244140625,1408.9000244140625,149475,0.001421565118554069,-0.00014189991862845197,0.001178395010579088,0.45,0.55,0,1406.7304980564738,1401.991781605871,50.49037500673182,0.8982599270450464,1.2602766646179429,1406.9716969118047,0.001178395010579088,0,ICICIBANK,15m,2026-02-05 06:30:00
1408.9000244140625,1408.9000244140625,1407.4000244140625,1407.4000244140625,271782,-0.0010646603548919442,-0.0007100255486122142,0.0011975193419117148,0.45,0.55,0,1406.7942624714822,1402.2038695591334,47.03213399849503,0.8618498881555752,1.1805913093254694,1407.0887133742715,0.0011975193419117148,0,ICICIBANK,15m,2026-02-05 06:45:00
1407.4000244140625,1409.0,1405.199951171875,1405.5,654069,-0.0013500244288069396,-0.0020590914255834702,0.001232976468182302,0.45,0.55,0,1406.67099937896,1402.3331295764222,48.584968129394085,0.6719329541356274,1.078859638287501,1406.9672041097494,0.001232976468182302,0,ICICIBANK,15m,2026-02-05 07:00:00
1405.5,1406.800048828125,1404.0,1406.199951171875,160619,0.0004980086601742428,-0.0024120491436935287,0.0012210390145728103,0.45,0.6,0,1406.626137644952,1402.484769638989,42.32798765089227,0.5713168405757187,0.9773510787451447,1406.8968897978089,0.0012210390145728103,0,ICICIBANK,15m,2026-02-05 07:15:00
1406.199951171875,1407.0999755859375,1403.0,1406.0,354314,-0.0001421925606727159,-0.002766170896183473,0.001218522811703551,0.5,0.65,0,1406.56650548829,1402.6226218100092,42.78086036947582,0.4700252981149333,0.8758859226191025,1406.7338339065234,0.001218522811703551,0,ICICIBANK,15m,2026-02-05 07:30:00
1405.9000244140625,1407.0,1404.5,1405.699951171875,129202,-0.00021340599439900743,-0.003544339812195041,0.0012071968763161162,0.45,0.65,0,1406.4839765057743,1402.7433013928276,48.78041518731066,0.3613738948192804,0.772983517059138,1406.6964117064826,0.0012071968763161162,0,ICICIBANK,15m,2026-02-05 07:45:00
1405.699951171875,1406.0,1403.199951171875,1404.4000244140625,234702,-0.0009247540748142935,-0.0030524078276821243,0.0011853613014578468,0.45,0.65,0,1406.2855048779923,1402.8082709230723,44.88656461759341,0.16843206945100064,0.6520732275375106,1406.5587929002838,0.0011853613014578468,0,ICICIBANK,15m,2026-02-05 08:00:00
1404.4000244140625,1404.4000244140625,1402.0,1403.0999755859375,301753,-0.0009256969563692374,-0.003975279179415758,0.0011971211236072785,0.45,0.65,0,1405.982121135892,1402.8197103216162,37.85293590256418,-0.08836023095273049,0.5039865358394624,1406.3023062087118,0.0011971211236072785,0,ICICIBANK,15m,2026-02-05 08:15:00
1403.199951171875,1403.5,1400.0999755859375,1401.9000244140625,534091,-0.000855214306003993,-0.0029869506043657124,0.0011447339943657009,0.45,0.65,0,1405.5933500195274,1402.7836442075945,41.87501430522388,-0.3842664261082973,0.32633594344991046,1405.7748141664954,0.0011447339943657009,0,ICICIBANK,15m,2026-02-05 08:30:00
1401.800048828125,1401.9000244140625,1398.4000244140625,1398.5999755859375,454349,-0.0023539830021076513,-0.007451564957719814,0.0011131611426316388,0.4,0.65,0,1404.9273143591854,1402.6195787714512,35.07832322470554,-0.8749744179908703,0.0860738711617543,1405.2144117472526,0.0011131611426316388,0,ICICIBANK,15m,2026-02-05 08:45:00
1398.699951171875,1398.699951171875,1396.4000244140625,1397.800048828125,309605,-0.0005719482137681586,-0.0077375613839431034,0.0011138065545115109,0.4,0.7,0,1404.248527165751,1402.4305775972032,25.84266580714184,-1.3132728490866157,-0.1937954728879197,1404.7706206842754,0.0011138065545115109,0,ICICIBANK,15m,2026-02-05 09:00:00
1398.0,1398.199951171875,1394.699951171875,1396.5,510545,-0.0009300678084930292,-0.00682737767770536,0.0010686287365956246,0.4,0.7,0,1403.5105721975842,1402.1980059267246,25.136579215945247,-1.7454105822559995,-0.5041184947615357,1404.0395839951361,0.0010686287365956246,0,ICICIBANK,15m,2026-02-05 09:15:00
1396.5999755859375,1400.4000244140625,1395.0999755859375,1399.0999755859375,866338,0.0018617798681972442,-0.005049051224913392,0.0011747973123346991,0.45,0.65,0,1403.0905153774274,1402.0765145408113,27.894530572384937,-1.8566838525873663,-0.7746315663267018,1403.2806167948404,0.0011747973123346991,0,ICICIBANK,15m,2026-02-05 09:30:00
1399.0999755859375,1399.4000244140625,1393.800048828125,1394.5999755859375,1423148,-0.003216353426148455,-0.009094819245476393,0.001317030757049755,0.45,0.65,0,1402.2818925401427,1401.7833169347377,23.143883664896904,-2.281679333871807,-1.076041119835723,1401.9879448809859,0.001317030757049755,0,ICICIBANK,15m,2026-02-05 09:45:00
1394.0,1397.300048828125,1393.300048828125,1393.300048828125,441659,-0.0009321144274839765,-0.007974333337041672,0.0012679243195165093,0.4,0.65,0,1401.426478853284,1401.4506397540863,14.864649375072176,-2.692348818875871,-1.3993026596437526,1401.6071700521306,0.0012679243195165093,0,ICICIBANK,15m,2026-02-05 10:00:00
1405.9000244140625,1406.199951171875,1402.0999755859375,1403.5,157415,-0.0017780938833570348,-0.002062019598777165,0.00248706237817137,0.4,0.6,0,1402.0180473152734,1401.7024167818383,47.058802409828886,-1.5815952064660905,-1.5271231209984497,1403.9333089192708,0.00248706237817137,0,ICICIBANK,15m,2026-02-06 04:00:00
1403.300048828125,1404.5999755859375,1402.300048828125,1404.4000244140625,115772,0.0006412714029657707,-0.0008536932219103122,0.0024897812612337286,0.35,0.6,0,1402.244902277063,1401.8082053164355,47.3685149822426,-1.1872220753357396,-1.4591429118659078,1403.8626956669616,0.0024897812612337286,0,ICICIBANK,15m,2026-02-06 04:15:00
1404.4000244140625,1404.5,1400.4000244140625,1401.0,245801,-0.0024209800305871054,-0.004618117229129637,0.0025215216510052724,0.3,0.6,0,1402.126340155438,1401.776510990301,43.31549056726941,-1.1359376999271262,-1.3945018694781517,1402.964709925542,0.0025215216510052724,0,ICICIBANK,15m,2026-02-06 04:30:00
1401.0,1405.199951171875,1400.800048828125,1404.199951171875,330547,0.0022840479456638363,-0.0019191649693175439,0.0025824237942841835,0.3,0.6,0,1402.3238269189083,1401.8715478601666,48.13894879685948,-0.8275457146010012,-1.2811106385027216,1403.1340713388388,0.0025824237942841835,0,ICICIBANK,15m,2026-02-06 04:45:00
1403.800048828125,1404.300048828125,1400.5999755859375,1401.4000244140625,290353,-0.001993965856127433,-0.005323301774459943,0.002589925446015502,0.25,0.65,0,1402.2358457279706,1401.8530567446332,46.41146648599398,-0.7998533225656956,-1.1848591753153164,1402.8706761722538,0.002589925446015502,0,ICICIBANK,15m,2026-02-06 05:00:00
1401.300048828125,1401.5999755859375,1398.5999755859375,1399.4000244140625,302833,-0.0014271442594245842,-0.005684240344766667,0.0025970842155884667,0.25,0.7,0,1401.9657675075985,1401.7568593983365,45.64709126316213,-0.9285860259844867,-1.1336045454491506,1402.2401206628608,0.0025970842155884667,0,ICICIBANK,15m,2026-02-06 05:15:00
1399.4000244140625,1401.300048828125,1399.4000244140625,1401.0,161949,0.0011433296827383366,-0.0032017075773745907,0.00260294455358511,0.2,0.65,0,1401.8737896497319,1401.7271786376175,48.95101512370709,-0.891229424645644,-1.0851295212884493,1402.0712322014347,0.00260294455358511,0,ICICIBANK,15m,2026-02-06 05:30:00
1400.9000244140625,1401.0,1397.0,1399.699951171875,229686,-0.0009279434890256955,-0.0046223867342500835,0.002603584433080065,0.2,0.65,0,1401.6667574137455,1401.6476795213139,51.34472065446754,-0.9555125702886471,-1.0592061310884888,1401.7158871224,0.002603584433080065,0,ICICIBANK,15m,2026-02-06 05:45:00
1399.800048828125,1400.0,1397.5,1398.699951171875,274477,-0.0007144388332390728,-0.005192068867798771,0.0026057304374309948,0.15,0.6,0,1401.384204438329,1401.53208233114,51.094775609611204,-1.0747599058177002,-1.062316886034331,1401.327688111971,0.0026057304374309948,0,ICICIBANK,15m,2026-02-06 06:00:00
1398.699951171875,1400.9000244140625,1398.4000244140625,1400.300048828125,290612,0.0011439892129183615,-0.003841433116112958,0.0026245363002423447,0.2,0.6,0,1401.2809515230715,1401.483767291806,54.58944177763101,-1.0282962114365546,-1.055512751114776,1401.1507384822703,0.0026245363002423447,0,ICICIBANK,15m,2026-02-06 06:15:00
1400.300048828125,1400.4000244140625,1396.800048828125,1396.800048828125,380744,-0.0024994643133299244,-0.005411546179022841,0.0026709749503726035,0.2,0.6,0,1400.8541988854577,1401.3000920579364,47.281405744529195,-1.2593768359363366,-1.0962855680790882,1400.7192536874666,0.0026709749503726035,0,ICICIBANK,15m,2026-02-06 06:30:00
1396.800048828125,1396.800048828125,1394.800048828125,1396.0999755859375,107003,-0.0005011978935530736,-0.004988953119378969,0.0026671565440770646,0.2,0.6,0,1400.4014157140748,1401.0961659217796,51.94805194805195,-1.4819173350101664,-1.1734119214653038,1400.540646933935,0.0026671565440770646,0,ICICIBANK,15m,2026-02-06 06:45:00
1396.0999755859375,1396.800048828125,1395.300048828125,1396.5,103338,0.0002865299198180349,-0.003851932605764441,0.0026656643517961303,0.2,0.55,0,1400.0298523127344,1400.9159241209256,54.25524316602819,-1.6074737005699262,-1.2602242772862282,1400.390656661645,0.0026656643517961303,0,ICICIBANK,15m,2026-02-06 07:00:00
1396.4000244140625,1400.5999755859375,1395.0,1399.699951171875,571980,0.0022914079283029576,0.0007864833441575403,0.0026695288524795926,0.25,0.55,0,1399.998433156462,1400.8682389072374,38.78998766268745,-1.4322585236870964,-1.294631126566402,1400.0763940317345,0.0026695288524795926,0,ICICIBANK,15m,2026-02-06 07:15:00
1399.5,1402.0,1398.0999755859375,1401.9000244140625,783070,0.0015718177601888872,0.0029331631440239203,0.002686535597481211,0.3,0.5,0,1400.1795370857571,1400.9087010839755,47.12236375851303,-1.10315522306405,-1.2563359458659318,1400.1827606829609,0.002686535597481211,0,ICICIBANK,15m,2026-02-06 07:30:00
1402.0,1403.0,1399.699951171875,1401.800048828125,616069,-7.131434781115775e-05,0.0037952372560865477,0.002675205635580697,0.35,0.45,0,1400.3338715374111,1400.9436558974714,45.1852521644777,-0.840714447686878,-1.173211646230121,1400.346317256352,0.002675205635580697,0,ICICIBANK,15m,2026-02-06 07:45:00
1401.800048828125,1402.5999755859375,1401.5999755859375,1402.5,174437,0.0004993231184862168,0.0024301511495907757,0.00264767476080002,0.3,0.45,0,1400.540169486229,1401.0046889995315,53.0864135512845,-0.569681103436551,-1.052505537671407,1400.4104054714394,0.00264767476080002,0,ICICIBANK,15m,2026-02-06 08:00:00
1402.5,1404.699951171875,1402.300048828125,1403.699951171875,1088009,0.0008555801581997535,0.006525151115189365,0.0025312372699557925,0.35,0.4,0,1400.8411010753382,1401.1103855553097,48.87892622152155,-0.25511834874964734,-0.8930280998870551,1400.9621359444282,0.0025312372699557925,0,ICICIBANK,15m,2026-02-06 08:15:00
1403.5999755859375,1405.4000244140625,1403.4000244140625,1404.300048828125,501515,0.000427511346530407,0.007894925439249079,0.002513802910379637,0.4,0.35,0,1401.1705246708418,1401.2354703895378,57.21391221965128,0.04211232164630019,-0.706000015580384,1401.2160072736492,0.002513802910379637,0,ICICIBANK,15m,2026-02-06 08:30:00
1404.199951171875,1404.9000244140625,1403.199951171875,1404.5,208274,0.0001423849355000062,-0.001066856330014243,0.0014525354213028219,0.35,0.4,0,1401.487617559333,1401.3634911585755,63.934229396658104,0.2904559623436853,-0.5067088199955702,1401.305637617357,0.0014525354213028219,0,ICICIBANK,15m,2026-02-06 08:45:00
1404.5,1405.300048828125,1404.5,1405.199951171875,121549,0.0004983632409221173,0.001211222780103327,0.0013983709259549751,0.4,0.4,0,1401.84117314148,1401.5139405708617,62.06872360427102,0.5375537120728495,-0.29785631358188625,1401.3692830453906,0.0013983709259549751,0,ICICIBANK,15m,2026-02-06 09:00:00
1405.0999755859375,1406.800048828125,1404.699951171875,1405.0999755859375,319267,-7.114687547071785e-05,0.0004983987181053084,0.0013918825463556188,0.45,0.4,0,1402.1515352790475,1401.6545693949822,66.66666666666666,0.717047586491617,-0.09487553356718559,1401.549553598102,0.0013918825463556188,0,ICICIBANK,15m,2026-02-06 09:15:00
1405.0,1405.9000244140625,1404.5,1405.9000244140625,471200,0.0005693892548759294,0.0034975192106085906,0.0012705332206263318,0.45,0.4,0,1402.5085342442871,1401.821057827103,72.50005722002243,0.9133267668526059,0.10676492651677272,1401.7828021330706,0.0012705332206263318,0,ICICIBANK,15m,2026-02-06 09:30:00
1405.5999755859375,1406.300048828125,1404.300048828125,1404.9000244140625,1111490,-0.0007112881304748297,0.0004985566632467187,0.0011823654798527906,0.45,0.45,0,1402.7362952128371,1401.941801614827,64.93496199180387,0.9769263894506821,0.2807972191035546,1402.2026986450112,0.0011823654798527906,0,ICICIBANK,15m,2026-02-06 09:45:00
1404.9000244140625,1409.0,1404.5999755859375,1406.0999755859375,1174406,0.0008541185500907655,0.0033537541672585824,0.0010945816540340705,0.5,0.4,0,1403.0566457245611,1402.1048672607528,85.49596980850767,1.1113446899323662,0.44690671326931697,1402.708537009084,0.0010945816540340705,0,ICICIBANK,15m,2026-02-06 10:00:00
1402.300048828125,1405.0,1400.4000244140625,1401.5,361707,-0.0006417743856205194,0.00035688793718779976,0.0011989818940786618,0.55,0.4,0,1402.8518141367367,1402.092267852997,65.06037386201521,0.6680293533149779,0.5650406433839745,1402.3000081380208,0.0011989818940786618,0,ICICIBANK,15m,2026-02-09 04:00:00
1402.0999755859375,1403.0,1400.5,1401.699951171875,88272,0.00014266940554752416,0.0014288776664781455,0.001178221089168857,0.55,0.35,0,1402.742112901988,1402.0768828851099,57.35302037519074,0.48769732067376026,0.5495719788419318,1402.188840827817,0.001178221089168857,0,ICICIBANK,15m,2026-02-09 04:15:00
1401.699951171875,1403.300048828125,1400.199951171875,1403.0,91645,0.0009274801123009269,0.0030743182800014868,0.0011777381972401888,0.6,0.4,0,1402.7666735779894,1402.113083556282,54.33067081903553,0.44456133471499015,0.5285698500165434,1402.1850888688962,0.0011777381972401888,0,ICICIBANK,15m,2026-02-09 04:30:00
1403.0,1403.9000244140625,1398.5999755859375,1398.5999755859375,143501,-0.0031361542509354967,-0.0012140778282556663,0.0013627492784664896,0.6,0.45,0,1402.369845197794,1401.9753146162684,40.58795229170706,0.054700009725820564,0.43379588195839885,1401.8042144704195,0.0013627492784664896,0,ICICIBANK,15m,2026-02-09 04:45:00
1399.0,1399.699951171875,1397.0,1397.4000244140625,158218,-0.0008579659608333179,0.000429535771022449,0.0012531054378185221,0.6,0.45,0,1401.8965289326766,1401.795891471084,35.42853954059389,-0.3470928598567298,0.27761813359537313,1401.0967649992922,0.0012531054378185221,0,ICICIBANK,15m,2026-02-09 05:00:00
1397.4000244140625,1400.0,1397.0999755859375,1398.9000244140625,177142,0.0010734220508039627,0.0020056220020703286,0.0012678677343993514,0.65,0.4,0,1401.6111475499513,1401.6823280570832,36.51700419018359,-0.5382742493034129,0.11443965701561591,1400.6749337339254,0.0012678677343993514,0,ICICIBANK,15m,2026-02-09 05:15:00
1398.9000244140625,1399.5999755859375,1397.699951171875,1399.300048828125,127383,0.0002859563993717895,0.0020050474959720788,0.0012678633226027053,0.65,0.4,0,1401.3910429097773,1401.588905342222,35.79533632038175,-0.6500152792373228,-0.03845133023497184,1400.474262994368,0.0012678633226027053,0,ICICIBANK,15m,2026-02-09 05:30:00
1399.300048828125,1400.199951171875,1398.0,1398.0999755859375,128857,-0.000857623955057063,-0.0011430846908281334,0.001173542254879017,0.65,0.35,0,1401.0776079265545,1401.4520845674658,32.79561071332472,-0.8258864270896993,-0.19593834960591733,1400.3019166504637,0.001173542254879017,0,ICICIBANK,15m,2026-02-09 05:45:00
1397.9000244140625,1398.5999755859375,1396.300048828125,1397.4000244140625,138000,-0.0005006445777110402,-0.0032099293256527828,0.0011120817742205193,0.6,0.4,0,1400.7273618777458,1401.2931802477244,29.032427430416547,-1.010101962028557,-0.3587710720904453,1400.0221009607217,0.0011120817742205193,0,ICICIBANK,15m,2026-02-09 06:00:00
1397.300048828125,1397.9000244140625,1395.699951171875,1396.9000244140625,227996,-0.00035780735026802457,-0.00349552307275125,0.0011127221785646034,0.55,0.45,0,1400.3628535478713,1401.1208996267965,28.42118112664474,-1.1828052790087895,-0.5235779134741141,1399.5795265588763,0.0011127221785646034,0,ICICIBANK,15m,2026-02-09 06:15:00
1396.9000244140625,1397.300048828125,1395.199951171875,1396.5999755859375,187013,-0.0002147962079468435,-0.004206791026069467,0.0011013623451073694,0.55,0.5,0,1400.0044842181633,1400.9436084879394,24.864732896959453,-1.3285704022027858,-0.6845764112198485,1399.2511465380985,0.0011013623451073694,0,ICICIBANK,15m,2026-02-09 06:30:00
1395.699951171875,1396.800048828125,1394.300048828125,1395.0,205672,-0.0011456219489522912,-0.006197870965666041,0.0010902904258178238,0.5,0.55,0,1399.5278666735762,1400.710525802138,24.083672595499365,-1.555266822931344,-0.8587144935621476,1398.8586341601922,0.0010902904258178238,0,ICICIBANK,15m,2026-02-09 06:45:00
1394.9000244140625,1395.4000244140625,1392.199951171875,1393.0999755859375,187312,-0.0013620246695787985,-0.007975555688069513,0.0010999465951342941,0.45,0.6,0,1398.9156865699917,1400.4120728524829,17.171798128259823,-1.8667230394623857,-1.0603162027421953,1398.4126702260155,0.0010999465951342941,0,ICICIBANK,15m,2026-02-09 07:00:00
1393.0,1394.5,1392.800048828125,1393.5,135525,0.0002871469536092075,-0.007831968672125322,0.001104169816517749,0.45,0.55,0,1398.3999068966593,1400.1410111719936,23.0304285745992,-2.057557466227081,-1.2597644554391725,1398.136093585453,0.001104169816517749,0,ICICIBANK,15m,2026-02-09 07:15:00
1393.5999755859375,1394.300048828125,1392.300048828125,1392.699951171875,132483,-0.0005741290478112893,-0.008895531194386685,0.0010844961242038136,0.4,0.6,0,1397.8570539704895,1399.8492048974792,23.17082247860067,-2.24744522885635,-1.457300610122608,1397.868222037084,0.0010844961242038136,0,ICICIBANK,15m,2026-02-09 07:30:00
1392.5999755859375,1392.699951171875,1391.5,1392.0,233134,-0.0005025857660768684,-0.009323162631523552,0.0010809302109577848,0.35,0.65,0,1397.2992393066334,1399.5413929407152,21.302168354448668,-2.4264423417344005,-1.6511289564449665,1397.3716680276175,0.0010809302109577848,0,ICICIBANK,15m,2026-02-09 07:45:00
1392.0,1392.0,1389.5,1390.0,176888,-0.001436781609195359,-0.011309498639982762,0.001072679953969662,0.35,0.65,0,1396.6040736583825,1399.1672206685303,13.068386738798722,-2.6985746399525397,-1.8606180931464813,1396.9526327946123,0.001072679953969662,0,ICICIBANK,15m,2026-02-09 08:00:00
1390.0,1390.199951171875,1389.300048828125,1389.5,108029,-0.0003597122302158029,-0.010961651467324418,0.001073088681043929,0.3,0.65,0,1395.927495214727,1398.7881139756469,16.788587823328683,-2.9209167580440862,-2.0726778261260024,1396.691032936984,0.001073088681043929,0,ICICIBANK,15m,2026-02-09 08:15:00
1389.5,1391.5999755859375,1388.800048828125,1389.5,253807,0.0,-0.011805686561526363,0.0010303970378180486,0.3,0.7,0,1395.3153528133244,1398.423874211896,18.400210935440086,-3.061829622553887,-2.2705081854115794,1396.1679232900033,0.0010303970378180486,0,ICICIBANK,15m,2026-02-09 08:30:00
1390.0,1395.4000244140625,1389.199951171875,1395.300048828125,435810,0.004174198508906102,-0.005062732075253651,0.001384685290046112,0.3,0.65,0,1395.3138952909244,1398.3013712556697,39.285895936117186,-2.6746568364073937,-2.3513379156107423,1395.8299749528642,0.001384685290046112,0,ICICIBANK,15m,2026-02-09 08:45:00
1395.199951171875,1396.5999755859375,1394.5,1395.9000244140625,380869,0.00042999753812189567,-0.003995701452684575,0.0013895715086391061,0.35,0.65,0,1395.3697171121757,1398.207200791293,39.99999999999999,-2.2929746143497596,-2.339665255358546,1395.8147273300324,0.0013895715086391061,0,ICICIBANK,15m,2026-02-09 09:00:00
1395.699951171875,1396.199951171875,1394.5999755859375,1395.5999755859375,341925,-0.00021495008444527564,-0.004351841191717054,0.0013872391066091258,0.35,0.65,0,1395.3916464906292,1398.104956665593,42.23607193764595,-1.991740590601239,-2.2700803224070847,1395.7878065628784,0.0013872391066091258,0,ICICIBANK,15m,2026-02-09 09:15:00
1395.5,1399.800048828125,1394.4000244140625,1397.4000244140625,1703529,0.0012898028515435644,-0.003991429498173549,0.0014052226779760445,0.35,0.65,0,1395.5829205785753,1398.0773122635721,50.0,-1.5894394906561047,-2.133952156056889,1396.180603148772,0.0014052226779760445,0,ICICIBANK,15m,2026-02-09 09:30:00
1397.5999755859375,1397.800048828125,1394.9000244140625,1395.199951171875,753742,-0.0015744047543652107,-0.0024310199295106694,0.0012703359994975544,0.3,0.6,0,1395.5464473017469,1397.9644745737016,45.502515646091545,-1.4316374688148699,-1.9934892186084854,1396.1571608664342,0.0012703359994975544,0,ICICIBANK,15m,2026-02-09 09:45:00
1395.199951171875,1396.300048828125,1393.0,1396.300048828125,558767,0.000788487453232678,-0.0007871586995275015,0.001273403698322729,0.3,0.6,0,1395.6182188756877,1397.899202975836,49.2387768379961,-1.2039313712177773,-1.835577649130344,1396.0852507595173,0.001273403698322729,0,ICICIBANK,15m,2026-02-09 10:00:00
1401.699951171875,1402.5999755859375,1398.5,1398.699951171875,374673,-0.0022826686542964936,-0.000428855595876354,0.0016366297512761144,0.35,0.6,0,1396.4530065557287,1398.0813470807734,61.19978711249346,-0.3134054512070179,-1.3278647765985905,1399.9333089192708,0.0016366297512761144,0,ICICIBANK,15m,2026-02-10 04:00:00
1398.4000244140625,1399.699951171875,1395.9000244140625,1396.0999755859375,204777,-0.0018588515598068067,-0.001430512863832778,0.0016783743111479313,0.3,0.65,0,1396.4193845586058,1398.0036462378387,54.779311118590826,-0.3200525930881213,-1.1263023398964966,1398.979134730781,0.0016783743111479313,0,ICICIBANK,15m,2026-02-10 04:15:00
1396.0,1398.5999755859375,1396.0,1398.5999755859375,189921,0.0017907027030430456,0.0008587026985191759,0.001725005016975596,0.3,0.6,0,1396.627059894542,1398.02703170247,60.20755984135231,-0.12218294535296081,-0.9254784609877895,1398.6716017741621,0.001725005016975596,0,ICICIBANK,15m,2026-02-10 04:30:00
1398.4000244140625,1400.4000244140625,1398.4000244140625,1400.199951171875,157775,0.0011439837078983661,0.002362321354526964,0.0017392067351545003,0.35,0.55,0,1396.967335254288,1398.1122442306819,63.75817207648572,0.16186891024494798,-0.7080089867412421,1398.840934720014,0.0017392067351545003,0,ICICIBANK,15m,2026-02-10 04:45:00
1400.0,1400.5999755859375,1396.0,1399.0,195830,-0.0008569855832880613,0.0017184766261044704,0.0017515858485021216,0.4,0.55,0,1397.1609223729272,1398.1470581824199,65.51711074630634,0.28684939980598756,-0.5090373094317963,1398.7872922795505,0.0017515858485021216,0,ICICIBANK,15m,2026-02-10 05:00:00
1398.800048828125,1399.0,1397.5,1398.699951171875,221578,-0.0002144737870800606,0.0026522947468639035,0.0017293230873101503,0.4,0.5,0,1397.3074965442556,1398.1687402604377,65.9719749758405,0.3575641287020517,-0.33571702180502666,1398.723465125616,0.0017293230873101503,0,ICICIBANK,15m,2026-02-10 05:15:00
1398.699951171875,1400.4000244140625,1398.0999755859375,1399.0,205945,0.00021451979595310533,0.004235176597128909,0.0016930997391758592,0.45,0.45,0,1397.4686873495646,1398.201338681597,66.32283233357104,0.4328281204946052,-0.18200799334510032,1398.7823333618237,0.0016930997391758592,0,ICICIBANK,15m,2026-02-10 05:30:00
1398.9000244140625,1400.699951171875,1398.9000244140625,1400.0999755859375,172933,0.0007862584602842393,0.004736258045165087,0.0016979263704417467,0.5,0.45,0,1397.719286229219,1398.2757950307869,59.83580723108557,0.5746104614268006,-0.03068430239072012,1398.894480884949,0.0016979263704417467,0,ICICIBANK,15m,2026-02-10 05:45:00
1400.0999755859375,1401.300048828125,1399.5,1400.0,322202,-7.140603362676412e-05,0.005241652246761763,0.0016889738340849338,0.55,0.4,0,1397.9364970645315,1398.3434109119326,58.5772584030931,0.6711699642883104,0.109686550945086,1399.110612532846,0.0016889738340849338,0,ICICIBANK,15m,2026-02-10 06:00:00
1400.0999755859375,1400.300048828125,1398.5999755859375,1398.5999755859375,158475,-0.0010000174386161076,0.004741361771506858,0.001704429615097074,0.55,0.4,0,1397.9996854951416,1398.3534722716975,55.9999414068222,0.6274904766416967,0.21324733608440816,1399.1146428139516,0.001704429615097074,0,ICICIBANK,15m,2026-02-10 06:15:00
1398.800048828125,1400.0,1396.0,1398.0,287399,-0.00042898298041660343,0.0057553956834532904,0.0016667947356955874,0.55,0.4,0,1397.9997154479852,1398.3396106139837,51.26044386088188,0.5382564669102976,0.27824916224958607,1398.9860671761905,0.0016667947356955874,0,ICICIBANK,15m,2026-02-10 06:30:00
1398.0,1398.699951171875,1396.699951171875,1398.5,254265,0.0003576537911302857,0.0064771500539761995,0.0016598199459392342,0.55,0.35,0,1398.047361595796,1398.3459003938274,57.466140827644104,0.5020958442785286,0.3230184986553746,1398.8916652910348,0.0016598199459392342,0,ICICIBANK,15m,2026-02-10 06:45:00
1398.5,1398.5,1396.0999755859375,1398.300048828125,322495,-0.00014297545361097175,0.006333248526898094,0.0016615965696764267,0.5,0.35,0,1398.071427046494,1398.3441022932116,54.71699199631485,0.4520924613345869,0.3488332911912171,1398.759407241794,0.0016615965696764267,0,ICICIBANK,15m,2026-02-10 07:00:00
1398.4000244140625,1405.9000244140625,1397.9000244140625,1405.699951171875,1029139,0.005292070432202145,0.0074535239588680025,0.0018103208651347514,0.5,0.35,0,1398.797953153673,1398.63256695512,58.260754186237826,0.9980695709357406,0.4786805471401218,1399.8663713674605,0.0018103208651347514,0,ICICIBANK,15m,2026-02-10 07:15:00
1405.699951171875,1406.9000244140625,1401.0,1404.800048828125,1062767,-0.0006401809596705554,0.006375832264777337,0.0018243068833034561,0.5,0.35,0,1399.3695813131446,1398.8744289893555,64.7347439435756,1.3426683208833765,0.6514781018887728,1400.7657768941044,0.0018243068833034561,0,ICICIBANK,15m,2026-02-10 07:30:00
1404.800048828125,1406.5999755859375,1401.800048828125,1402.300048828125,1147206,-0.0017796126944082946,0.00480085508698469,0.0018810937177794352,0.5,0.35,0,1399.6486734574287,1399.0087670222483,65.04891764887142,1.3979218335673522,0.8007668482244887,1401.2752159259023,0.0018810937177794352,0,ICICIBANK,15m,2026-02-10 07:45:00
1402.0999755859375,1404.800048828125,1401.5,1401.9000244140625,331273,-0.0002852630679124335,0.003220266152411888,0.0018678052577587071,0.45,0.35,0,1399.863087834251,1399.1221496650646,58.919168591224015,1.3933701100916096,0.919287500597913,1401.347978128661,0.0018678052577587071,0,ICICIBANK,15m,2026-02-10 08:00:00
1402.0,1402.0,1401.0999755859375,1401.5,261327,-0.0002853444661502502,0.004515516806629316,0.00182650194244231,0.45,0.4,0,1400.0189842309892,1399.2153986978074,53.75740897544455,1.3420143038524657,1.0038328612488234,1401.3549978871076,0.00182650194244231,0,ICICIBANK,15m,2026-02-10 08:15:00
1401.5,1402.300048828125,1399.5,1400.5,516348,-0.0007135212272565417,0.003007914506197862,0.0018330620327636352,0.5,0.4,0,1400.0647952566092,1399.265775219462,54.38600248425923,1.2067125832511465,1.044408805649288,1401.3140375567514,0.0018330620327636352,0,ICICIBANK,15m,2026-02-10 08:30:00
1400.699951171875,1406.0,1400.5999755859375,1405.800048828125,999614,0.0037843975923776974,0.002781956163880217,0.0018085354716572601,0.5,0.4,0,1400.611009882468,1399.5220212433312,66.06367583212736,1.509751169259971,1.1374772783714246,1401.648903892961,0.0018085354716572601,0,ICICIBANK,15m,2026-02-10 08:45:00
1405.9000244140625,1405.9000244140625,1403.5999755859375,1404.4000244140625,569815,-0.0009958915673886626,0.0040752652042432835,0.00173936089199047,0.45,0.4,0,1400.9718684092866,1399.713315485321,61.638069380646456,1.6182865620851317,1.2336391351141662,1401.8381564288054,0.00173936089199047,0,ICICIBANK,15m,2026-02-10 09:00:00
1404.4000244140625,1407.0,1404.4000244140625,1406.699951171875,833988,0.0016376578737045122,0.007592561973571277,0.001696207334330132,0.5,0.35,0,1401.5174001009616,1399.9873011985192,63.52466192722743,1.8683493427042777,1.3605811766321885,1402.1944508549072,0.001696207334330132,0,ICICIBANK,15m,2026-02-10 09:15:00
1406.5999755859375,1409.0,1404.199951171875,1408.0999755859375,2156870,0.0009952544697937604,0.006792506911077245,0.0016705104270749128,0.55,0.4,0,1402.1443120519116,1400.3054452921435,65.75881215771399,2.1546586045080858,1.519396662207368,1403.0778873790518,0.0016705104270749128,0,ICICIBANK,15m,2026-02-10 09:30:00
1407.5999755859375,1409.300048828125,1403.4000244140625,1405.0999755859375,3256417,-0.0021305305390347806,0.0034995176295795627,0.0017462978824123612,0.55,0.45,0,1402.425803817057,1400.4934660879785,61.9048470756573,2.1151042243884604,1.6385381746435868,1403.6883092405487,0.0017462978824123612,0,ICICIBANK,15m,2026-02-10 09:45:00
1405.199951171875,1406.5,1402.5999755859375,1406.5,826425,0.0009963877577314761,0.005360972122945062,0.0017377436973928793,0.5,0.45,0,1402.8138225011467,1400.7290164374697,65.12463400436154,2.1716934328310344,1.7451692262810763,1403.7661009311655,0.0017377436973928793,0,ICICIBANK,15m,2026-02-10 10:00:00
1407.4000244140625,1410.699951171875,1405.4000244140625,1405.4000244140625,518212,-0.0012790838688656603,0.004574713662660823,0.0017704681779243197,0.5,0.45,0,1403.4380705052968,1401.1560039105896,61.8729561237696,2.1370185738371674,1.903850839565256,1407.1666666666667,0.0017704681779243197,0,ICICIBANK,15m,2026-02-11 04:00:00
1405.5,1405.5999755859375,1402.0,1404.0,428111,-0.0009961750318356888,0.0027855328062771356,0.001785774874506173,0.45,0.5,0,1403.4915876000305,1401.2675331689977,46.44360226367295,1.9147222863132356,1.9060251289148522,1405.6737622524486,0.001785774874506173,0,ICICIBANK,15m,2026-02-11 04:15:00
1404.0,1405.699951171875,1403.199951171875,1405.300048828125,214554,0.0009259607037928053,0.0037857491629464946,0.0017934521974919558,0.45,0.5,0,1403.6638220027062,1401.4256710379832,51.02880451709484,1.8224459301115985,1.8893092891542014,1405.4999485939802,0.0017934521974919558,0,ICICIBANK,15m,2026-02-11 04:30:00
1405.300048828125,1407.0,1404.800048828125,1404.9000244140625,181367,-0.0002846540953272969,0.004504539495280291,0.0017755034289090187,0.5,0.45,0,1403.7815555656925,1401.5619201899865,55.85578154984797,1.6974702455827355,1.8509414804399085,1405.508966987502,0.0017755034289090187,0,ICICIBANK,15m,2026-02-11 04:45:00
1404.9000244140625,1404.9000244140625,1401.199951171875,1401.300048828125,214350,-0.002562442539239762,0.002360549948587254,0.0018780685948959653,0.5,0.45,0,1403.5452215906862,1401.5516507248153,48.81894683218232,1.2930328933489363,1.7393597630217141,1405.0900296606294,0.0018780685948959653,0,ICICIBANK,15m,2026-02-11 05:00:00
1401.300048828125,1403.800048828125,1400.5999755859375,1403.300048828125,236053,0.0014272460788626873,0.003432283752681453,0.0019003022868301206,0.5,0.5,0,1403.5218718037756,1401.6202153563179,53.33342375578704,1.1209747638965837,1.6156827631966881,1404.7577603171383,0.0019003022868301206,0,ICICIBANK,15m,2026-02-11 05:15:00
1403.300048828125,1404.5999755859375,1402.199951171875,1404.5999755859375,178949,0.0009263355751309987,0.004505418392205751,0.0019059771293249424,0.55,0.45,0,1403.6245483544578,1401.737068698656,57.50913294073985,1.0770946059587914,1.507965131749109,1404.6708276614854,0.0019059771293249424,0,ICICIBANK,15m,2026-02-11 05:30:00
1404.5999755859375,1404.5999755859375,1402.199951171875,1404.0,185581,-0.00042715050289476864,-0.0012093271899581426,0.0014895099842238513,0.5,0.45,0,1403.6603056540334,1401.8258111026303,46.01756527563223,0.9825796821326094,1.4028880418258092,1404.5787027227195,0.0014895099842238513,0,ICICIBANK,15m,2026-02-11 05:45:00
1404.0,1404.9000244140625,1401.699951171875,1404.4000244140625,221918,0.0002849176738337622,-0.00028475541013550654,0.0014848835868732997,0.5,0.5,0,1403.7307550597507,1401.9267606442552,50.0,0.9292428183521224,1.3081589971310719,1404.493629525774,0.0014848835868732997,0,ICICIBANK,15m,2026-02-11 06:00:00
1404.4000244140625,1405.5,1403.0999755859375,1404.300048828125,257627,-7.118739974332211e-05,0.001426228289495901,0.001425886512171321,0.55,0.5,0,1403.7849735138816,1402.019830769113,43.814653545090735,0.8688897550491674,1.220305148714691,1404.4747113018343,0.001425886512171321,0,ICICIBANK,15m,2026-02-11 06:15:00
1404.300048828125,1406.4000244140625,1404.0,1406.4000244140625,109435,0.001495389527109925,0.0032099293256526717,0.001457628676752925,0.6,0.45,0,1404.0340259805655,1402.1916030689151,45.77123492329556,0.9792221339032494,1.1720885457524026,1404.519554968767,0.001457628676752925,0,ICICIBANK,15m,2026-02-11 06:30:00
1406.5,1406.800048828125,1403.4000244140625,1404.4000244140625,269647,-0.0014220705100124187,0.002069228978995641,0.0014975738417401518,0.65,0.45,0,1404.0688829742319,1402.2782078275486,48.167653036442424,0.8949614947273403,1.1166631355473902,1404.550593592489,0.0014975738417401518,0,ICICIBANK,15m,2026-02-11 06:45:00
1404.5,1404.5999755859375,1402.4000244140625,1403.4000244140625,150788,-0.0007120478372372174,0.0020707064720189017,0.0014975315227917436,0.6,0.45,0,1404.0051821589777,1402.3222006348628,41.71121947398312,0.7389742532677701,1.0411253590914662,1404.4989791293135,0.0014975315227917436,0,ICICIBANK,15m,2026-02-11 07:00:00
1403.5,1404.9000244140625,1401.4000244140625,1404.9000244140625,240689,0.0010688328159509375,-0.0006402222099883836,0.00124876740818632,0.6,0.5,0,1404.0904052308906,1402.423291763459,44.10271498594617,0.7279987876997893,0.9785000448131309,1404.444895933712,0.00124876740818632,0,ICICIBANK,15m,2026-02-11 07:15:00
1404.9000244140625,1407.699951171875,1404.0999755859375,1404.5999755859375,665788,-0.0002135730820064241,0.00014237479948664422,0.001229059004376982,0.65,0.5,0,1404.1389357408952,1402.5086519133602,47.77764214409722,0.6871679746809605,0.9202336307866968,1404.611910295601,0.001229059004376982,0,ICICIBANK,15m,2026-02-11 07:30:00
1404.5999755859375,1405.5,1404.0999755859375,1404.199951171875,171281,-0.00028479597110597776,-0.0017772091325639616,0.0011685721763995073,0.6,0.5,0,1404.1447467343219,1402.5749773744785,50.58809168198529,0.6154362679212682,0.8592741582136112,1404.6114286696736,0.0011685721763995073,0,ICICIBANK,15m,2026-02-11 07:45:00
1404.199951171875,1405.5,1403.9000244140625,1403.9000244140625,157490,-0.00021359262800302314,-0.0029827080780449045,0.001140503869716607,0.55,0.5,0,1404.1214398466782,1402.6269400034816,45.62489032661688,0.5282969127949855,0.7930787091298861,1404.6050573178738,0.001140503869716607,0,ICICIBANK,15m,2026-02-11 08:00:00
1403.9000244140625,1408.0,1403.5,1405.800048828125,449573,0.001353390113983055,0.0004982373171671384,0.0010866697447504525,0.55,0.5,0,1404.2813073687207,1402.7513756436638,52.571516263366796,0.605573759754634,0.7555777192548357,1404.7127033824397,0.0010866697447504525,0,ICICIBANK,15m,2026-02-11 08:15:00
1405.800048828125,1406.199951171875,1404.4000244140625,1405.699951171875,210826,-7.120333815147095e-05,-0.0005688224871134295,0.0010624163668296167,0.55,0.45,0,1404.4164163023545,1402.8670060565348,65.71393694196428,0.6512321742843596,0.7347086102607405,1404.7427142892554,0.0010624163668296167,0,ICICIBANK,15m,2026-02-11 08:30:00
1405.800048828125,1407.0,1405.5,1405.5999755859375,241983,-7.112156890531907e-05,-0.0011369923546438176,0.0010551954959186595,0.55,0.45,0,1404.5291362341243,1402.9741813321978,59.503848753568796,0.6716077266839875,0.72208843354539,1404.8015930275285,0.0010551954959186595,0,ICICIBANK,15m,2026-02-11 08:45:00
1405.5999755859375,1405.699951171875,1403.5,1404.300048828125,153504,-0.0009248198494530291,-0.0007826779328512501,0.0010363955932918174,0.55,0.5,0,1404.507318385934,1403.0261761359598,48.76063073151539,0.5762199682349092,0.6929147404832938,1404.7931104221177,0.0010363955932918174,0,ICICIBANK,15m,2026-02-11 09:00:00
1404.300048828125,1405.9000244140625,1403.0,1404.9000244140625,327387,0.0004272417325899003,0.000641043029959043,0.0010158497078344975,0.6,0.5,0,1404.5447189600416,1403.09966038216,53.71911665304723,0.5427806604282068,0.6628879244722765,1404.782182975549,0.0010158497078344975,0,ICICIBANK,15m,2026-02-11 09:15:00
1405.0,1405.800048828125,1403.699951171875,1404.9000244140625,544292,0.0,-0.0002846540953272969,0.0009938504772073666,0.55,0.5,0,1404.5785575747102,1403.170262893215,52.1367610541911,0.5103962379537279,0.6323895871685669,1404.7837158357993,0.0009938504772073666,1,ICICIBANK,15m,2026-02-11 09:30:00
1404.9000244140625,1407.0,1404.800048828125,1406.800048828125,657003,0.0013524267784499333,0.0013524267784499333,0.0010368508745309552,0.55,0.5,0,1404.7901281702734,1403.312607439682,59.25925925925926,0.6307762449662278,0.6320669187280991,1404.9169065013816,0.0010368508745309552,1,ICICIBANK,15m,2026-02-11 09:45:00
1406.9000244140625,1409.0,1406.699951171875,1408.0,367215,0.0008529649774142722,0.004781239519314973,0.0008441507836164761,0.6,0.45,0,1405.095830249295,1403.496426755773,56.34912177021673,0.8136253326049427,0.6683786015034678,1405.0658712636882,0.0008441507836164761,1,ICICIBANK,15m,2026-02-11 10:00:00
1416.300048828125,1428.0,1415.300048828125,1423.0,843718,0.004376024109402854,0.01309983250312019,0.0017988739844178646,0.65,0.45,1,1407.8095160441367,1404.7625241929131,89.83738828818547,2.7803664885520902,1.2477730872091466,1422.1000162760417,0.0017988739844178646,0,ICICIBANK,15m,2026-02-12 04:00:00
1423.5,1427.0,1421.199951171875,1425.5999755859375,816388,0.0018271086338281783,0.015384597995681926,0.0017982894994651463,0.65,0.45,1,1409.5038455243082,1405.5796791495022,90.27235505904034,3.842007751391975,1.7666200200457123,1423.3294177606983,0.0017982894994651463,0,ICICIBANK,15m,2026-02-12 04:15:00
1425.5999755859375,1426.800048828125,1422.5,1423.0,444703,-0.0018237763962284381,0.0132440723886329,0.001887533037377179,0.6,0.4,1,1410.789193569612,1406.2628289867766,82.85732970027249,4.422588947600161,2.2978138055566024,1423.4922294322414,0.001887533037377179,0,ICICIBANK,15m,2026-02-12 04:30:00
1423.0,1424.300048828125,1420.699951171875,1424.0999755859375,457965,0.0007729976007992967,0.014099498732009108,0.001879750018674449,0.55,0.45,0,1412.0568870949764,1406.9623249318417,84.6692385234083,4.9148077213128545,2.821212588707853,1423.4102237310499,0.001879750018674449,0,ICICIBANK,15m,2026-02-12 04:45:00
1424.0999755859375,1426.5999755859375,1421.699951171875,1422.5999755859375,355783,-0.001053296837100759,0.011518736412582387,0.0019092903342702806,0.55,0.45,0,1413.0609907607823,1407.5755661339633,81.2709234914673,5.124781886229357,3.281926448212154,1423.43741765673,0.0019092903342702806,0,ICICIBANK,15m,2026-02-12 05:00:00
1422.0999755859375,1424.4000244140625,1421.800048828125,1422.5,285856,-7.027666782877251e-05,0.012888048470014235,0.001858131206894142,0.5,0.4,0,1413.9599440216602,1408.1608380502785,79.71537051356682,5.222914226402736,3.6701240038502707,1423.3894784295533,0.001858131206894142,0,ICICIBANK,15m,2026-02-12 05:15:00
1422.5,1424.0999755859375,1421.699951171875,1423.199951171875,280735,0.0004920570628295096,0.014108540981449202,0.001831258136131924,0.5,0.4,0,1414.8399447026331,1408.750607192302,80.48811609983497,5.296114709179392,3.995322144916095,1423.358101957146,0.001831258136131924,0,ICICIBANK,15m,2026-02-12 05:30:00
1423.199951171875,1425.0,1422.0,1423.5999755859375,296960,0.0002810739374556892,0.013310520924557645,0.001831432093681211,0.5,0.35,0,1415.674233358186,1409.3329353646013,81.03474402902772,5.3250217106624405,4.261262058065364,1423.371859970615,0.001831432093681211,0,ICICIBANK,15m,2026-02-12 05:45:00
1423.5999755859375,1425.0,1422.5999755859375,1424.0,331717,0.00028099495709654754,0.013811778977121048,0.0018222903545173994,0.45,0.35,0,1416.4671635145494,1409.9081143699111,85.05347663275325,5.318896417668157,4.472788929985923,1423.4117578985226,0.0018222903545173994,0,ICICIBANK,15m,2026-02-12 06:00:00
1424.199951171875,1426.0,1423.0999755859375,1425.800048828125,374676,0.0012640792332339057,0.01538249423682414,0.0018116683580904262,0.5,0.35,0,1417.35600973489,1410.5313274859195,85.66565982710135,5.3970768334613695,4.657646510681013,1423.5415540257227,0.0018116683580904262,0,ICICIBANK,15m,2026-02-12 06:15:00
1425.800048828125,1426.800048828125,1422.4000244140625,1423.800048828125,572577,-0.001402721231244075,0.014174815918511108,0.0018642290249746953,0.55,0.35,0,1417.9697277437697,1411.0516694993394,80.1918029398344,5.237279987333977,4.773573206011606,1423.631135320228,0.0018642290249746953,0,ICICIBANK,15m,2026-02-12 06:30:00
1423.800048828125,1425.300048828125,1422.5999755859375,1424.300048828125,663386,0.0003511729055014623,0.013159766223810765,0.0018593650573641698,0.5,0.3,0,1418.5726154660892,1411.5712137867429,79.26430962684739,5.092284965583531,4.837315557925991,1423.681610193288,0.0018593650573641698,1,ICICIBANK,15m,2026-02-12 06:45:00
1424.4000244140625,1426.0,1423.5,1425.0,468149,0.0004914351947475915,0.013729849540106587,0.0018520325573095733,0.55,0.3,0,1419.1847473264618,1412.0978328539295,78.91166066001229,4.976489700537286,4.86515038644825,1423.7686781299228,0.0018520325573095733,1,ICICIBANK,15m,2026-02-12 07:00:00
1425.0,1426.300048828125,1424.300048828125,1425.199951171875,273540,0.0001403166118421062,0.013944205980629176,0.0018480964651733103,0.55,0.3,0,1419.757623883168,1412.6116414154176,70.19226254753744,4.845005302026493,4.861121369563899,1423.832048767223,0.0018480964651733103,1,ICICIBANK,15m,2026-02-12 07:15:00
1424.699951171875,1426.699951171875,1424.5,1426.0999755859375,313113,0.0006315074690554923,0.015523695791369141,0.0018086806216730008,0.6,0.25,1,1420.3616573786699,1413.1405956966144,60.0,4.7585735436080085,4.840611804372721,1423.9214015629368,0.0018086806216730008,1,ICICIBANK,15m,2026-02-12 07:30:00
1426.5999755859375,1428.9000244140625,1424.9000244140625,1427.699951171875,828973,0.0011219238576034574,0.01622886067449647,0.0018083803556995233,0.6,0.2,1,1421.0605425018323,1413.711550813291,57.24135608630865,4.764260975706748,4.825341638639527,1424.2749968099888,0.0018083803556995233,0,ICICIBANK,15m,2026-02-12 07:45:00
1427.699951171875,1427.9000244140625,1424.199951171875,1424.9000244140625,668811,-0.001961145096008643,0.014235888427962307,0.0019050189833272424,0.6,0.25,1,1421.4262074458543,1414.1503144839096,56.46274320924091,4.4910673879737715,4.758486788506376,1424.3874479983365,0.0019050189833272424,0,ICICIBANK,15m,2026-02-12 08:00:00
1425.0,1430.0,1424.699951171875,1428.0,681251,0.00217557409840885,0.015069626411752468,0.0019284058300207921,0.6,0.25,1,1422.0522829272015,1414.6934394061093,61.67683929680933,4.473138072383108,4.7014170452817226,1424.6292164775325,0.0019284058300207921,0,ICICIBANK,15m,2026-02-12 08:15:00
1429.0999755859375,1429.4000244140625,1425.800048828125,1428.5999755859375,482590,0.0004201509705443751,0.014630664478648692,0.0019296165370304612,0.55,0.25,0,1422.675872704224,1415.2387937661026,68.98757648804005,4.455976255657561,4.652328887356891,1424.7981138419968,0.0019296165370304612,0,ICICIBANK,15m,2026-02-12 08:30:00
1428.5999755859375,1430.0,1427.699951171875,1428.800048828125,544944,0.0001400484709552785,0.008469790786586717,0.001427813965561275,0.55,0.2,0,1423.259127573167,1415.7706076901036,69.81159598317109,4.407710290298837,4.60340516794528,1425.0183226327977,0.001427813965561275,0,ICICIBANK,15m,2026-02-12 08:45:00
1428.800048828125,1429.5,1427.5,1428.9000244140625,859191,6.99717122907284e-05,0.004146187220001707,0.0010834516196371832,0.5,0.25,0,1423.7963558437284,1416.2854867773176,68.62777950645061,4.327640018992497,4.548252138154724,1425.3047204386598,0.0010834516196371832,0,ICICIBANK,15m,2026-02-12 09:00:00
1428.9000244140625,1429.5,1425.5,1426.5,1421165,-0.001679630746067473,0.0006313302675897692,0.001091268415315946,0.5,0.3,0,1424.0538457633734,1416.6860559233053,58.38160893586694,4.024134126459785,4.443428535815737,1425.5204461526264,0.001091268415315946,0,ICICIBANK,15m,2026-02-12 09:15:00
1426.5999755859375,1433.0,1425.800048828125,1430.199951171875,2424411,0.0025937267240623285,0.005059698645028199,0.0011417485202869077,0.55,0.3,0,1424.6391891356116,1417.2160125997198,65.04853218294085,4.0356383311896025,4.36187049489051,1426.2047028374554,0.0011417485202869077,0,ICICIBANK,15m,2026-02-12 09:30:00
1429.5999755859375,1431.9000244140625,1427.199951171875,1429.0999755859375,2961636,-0.000769106155426913,0.003510989457002678,0.0011567558342900643,0.55,0.25,0,1425.0640259404045,1417.6820503638853,58.29136481023684,3.9109140764023778,4.271679211192883,1426.7407968388834,0.0011567558342900643,0,ICICIBANK,15m,2026-02-12 09:45:00
1429.699951171875,1432.0,1428.0,1432.0,1335505,0.002029266295993981,0.0066076371259538025,0.0011892627830510773,0.55,0.25,0,1425.7245948984612,1418.2435385849096,69.71160617869384,3.999967800680679,4.217336929090443,1427.0169233266054,0.0011892627830510773,0,ICICIBANK,15m,2026-02-12 10:00:00
1426.800048828125,1431.699951171875,1425.699951171875,1430.0,692673,0.002945680339488721,0.004777999621575102,0.0017025764297451456,0.6,0.25,0,1426.1382780358576,1418.989289091705,58.333401150725514,3.455845069252746,3.9549962579044178,1429.13330078125,0.0017025764297451456,0,ICICIBANK,15m,2026-02-13 04:00:00
1430.0,1430.0,1424.199951171875,1426.300048828125,533825,-0.0025873784418706247,0.0018966516496856656,0.0018159532346850773,0.55,0.3,0,1426.1536847779785,1419.2759855519566,51.64194876653426,3.0635457166513334,3.7767061496538012,1428.132255428641,0.0018159532346850773,0,ICICIBANK,15m,2026-02-13 04:15:00
1426.199951171875,1428.5999755859375,1425.4000244140625,1428.5999755859375,239003,0.001612512570340341,0.0032303199339449584,0.0018472189524863915,0.55,0.3,0,1426.386664854927,1419.641632219956,53.58169696884903,2.9047464129098444,3.60231420230501,1428.034578168403,0.0018472189524863915,0,ICICIBANK,15m,2026-02-13 04:30:00
1428.5,1429.300048828125,1427.699951171875,1429.0,242072,0.0002800114943992682,0.002244319723866628,0.00182936314112226,0.55,0.3,0,1426.6355539163624,1420.0086270348595,51.92887259660664,2.779139260240754,3.4376792138921592,1428.1241854220616,0.00182936314112226,0,ICICIBANK,15m,2026-02-13 04:45:00
1428.9000244140625,1428.9000244140625,1421.5999755859375,1421.5999755859375,443632,-0.005178463550778556,-0.001545212225549708,0.0021591832446689807,0.5,0.3,0,1426.1559750277504,1420.071032860392,45.691820291185394,2.0587426573385983,3.1618919025814476,1427.2805482493545,0.0021591832446689807,0,ICICIBANK,15m,2026-02-13 05:00:00
1421.5999755859375,1422.5,1418.0999755859375,1418.4000244140625,398088,-0.002250950497207249,-0.004142402732427719,0.002209946865914347,0.5,0.35,0,1425.417313064542,1420.0055031173988,37.49996026334277,1.215601149532631,2.7726337519716844,1426.0915931580846,0.002209946865914347,0,ICICIBANK,15m,2026-02-13 05:15:00
1418.5999755859375,1419.199951171875,1417.5999755859375,1418.5999755859375,196550,0.0001409695208920425,-0.004491245202850824,0.0022055173036517827,0.45,0.4,0,1424.7680428284843,1419.9503843906748,36.842020726387275,0.557117712403624,2.329530544058072,1425.5457914862482,0.0022055173036517827,0,ICICIBANK,15m,2026-02-13 05:30:00
1418.5999755859375,1418.699951171875,1417.5,1417.9000244140625,169326,-0.0004934098293536415,-0.005122036912652228,0.0022045790851376026,0.4,0.45,0,1424.1139458366347,1419.8699781170824,35.84398948599983,-0.020973594925635552,1.8594297162613307,1425.1094339827282,0.0022045790851376026,0,ICICIBANK,15m,2026-02-13 05:45:00
1418.0,1418.800048828125,1417.5,1417.800048828125,164592,-7.050961578114467e-05,-0.005820017460137938,0.0021953003628829293,0.4,0.45,0,1423.5126223120146,1419.7888044194763,35.58431016934644,-0.4816303799461821,1.3912176970198282,1424.7312669105845,0.0021953003628829293,0,ICICIBANK,15m,2026-02-13 06:00:00
1417.699951171875,1418.4000244140625,1414.5999755859375,1415.0,196163,-0.0019749250470398882,-0.00889539231366554,0.0021997182064847575,0.35,0.5,0,1422.7018963775372,1419.601008167732,35.21837911794795,-1.0604208686877428,0.9008899838783142,1424.2084368598933,0.0021997182064847575,0,ICICIBANK,15m,2026-02-13 06:15:00
1415.0,1415.5999755859375,1412.699951171875,1413.0,367612,-0.001413427561837488,-0.00835148025136423,0.0021831881293117987,0.35,0.5,0,1421.7779062463433,1419.342145102331,26.881603990286806,-1.6613487915628866,0.38844222879007406,1423.15491934307,0.0021831881293117987,0,ICICIBANK,15m,2026-02-13 06:30:00
1412.699951171875,1413.5,1410.9000244140625,1412.300048828125,1816836,-0.0004953653021054771,-0.010994363565738796,0.002096212696254456,0.3,0.55,0,1420.8752531588939,1419.0659844641268,27.173815692141318,-2.1690650777079554,-0.12305923250953188,1419.5209753034997,0.002096212696254456,0,ICICIBANK,15m,2026-02-13 06:45:00
1412.4000244140625,1415.0,1412.199951171875,1414.199951171875,222228,0.001345254038139121,-0.010079815665792857,0.0021287136256428973,0.35,0.55,0,1420.2395101125112,1418.8751596291365,25.1392914379241,-2.3905706411101164,-0.5765615142296489,1419.297245297212,0.0021287136256428973,0,ICICIBANK,15m,2026-02-13 07:00:00
1414.199951171875,1414.5999755859375,1413.0,1414.4000244140625,162695,0.00014147450791646143,-0.010078404200694946,0.0021287363667278946,0.3,0.55,0,1419.683368617421,1418.699664130506,30.87223853940087,-2.52091165703564,-0.9654315427908471,1419.149804436891,0.0021287363667278946,0,ICICIBANK,15m,2026-02-13 07:15:00
1414.4000244140625,1415.4000244140625,1413.4000244140625,1415.4000244140625,254907,0.0007070135624567264,-0.009447826838365314,0.0021425012176141556,0.35,0.5,0,1419.275431074244,1418.570266494567,22.556159794405815,-2.514530268862927,-1.275251288005263,1418.9652559291073,0.0021425012176141556,0,ICICIBANK,15m,2026-02-13 07:30:00
1415.199951171875,1419.800048828125,1414.699951171875,1416.300048828125,671364,0.0006358798915770958,-0.0071503338043287235,0.002136382164737627,0.4,0.45,0,1418.9920613365184,1418.4812383507851,28.99142423372041,-2.4090781708096074,-1.5020166645661321,1418.763803450546,0.002136382164737627,-1,ICICIBANK,15m,2026-02-13 07:45:00
1416.300048828125,1417.699951171875,1414.5999755859375,1416.4000244140625,316227,7.058926956915457e-05,-0.009648949258112549,0.0020245645299113426,0.35,0.5,0,1418.7452006772369,1418.3996221179725,21.75918076701366,-2.291029862962887,-1.6598193042454832,1418.650903973843,0.0020245645299113426,0,ICICIBANK,15m,2026-02-13 08:00:00
1416.5999755859375,1418.199951171875,1414.199951171875,1414.800048828125,485851,-0.001129607143715905,-0.010006246590235524,0.002028848713441915,0.4,0.55,0,1418.3694719297025,1418.2584623811156,18.85948944189832,-2.3000666501325213,-1.787868773422891,1418.4637401038494,0.002028848713441915,0,ICICIBANK,15m,2026-02-13 08:15:00
1414.800048828125,1415.4000244140625,1413.4000244140625,1414.0,380418,-0.0005654854400010123,-0.012569832402234637,0.0019395454787706542,0.35,0.6,-1,1417.9533317459213,1418.091463856366,26.543037774378533,-2.3447567272226024,-1.8992463641828334,1418.2630079381802,0.0019395454787706542,0,ICICIBANK,15m,2026-02-13 08:30:00
1414.0,1414.0999755859375,1411.5,1411.9000244140625,435439,-0.001485131248894933,-0.009748929680208018,0.0017489472269261999,0.3,0.6,0,1417.3768262857443,1417.8486623096092,28.476612394703224,-2.5205688659609677,-2.0235108645384603,1417.9638914098439,0.0017489472269261999,0,ICICIBANK,15m,2026-02-13 08:45:00
1411.9000244140625,1413.0,1411.300048828125,1412.0,370706,7.080925292779483e-05,-0.012587412587412583,0.001559771574822425,0.3,0.65,0,1416.8647475918638,1417.61930300335,27.999902342955266,-2.62161372716605,-2.1431314370639782,1417.7157495913514,0.001559771574822425,0,ICICIBANK,15m,2026-02-13 09:00:00
1412.0,1416.800048828125,1411.4000244140625,1416.5,402559,0.0031869688385268713,-0.006870958769283453,0.0017063165059737237,0.35,0.6,0,1416.830009725972,1417.5754087679245,46.276516307488514,-2.311929630079703,-2.1768910756671236,1417.5920428949626,0.0017063165059737237,0,ICICIBANK,15m,2026-02-13 09:15:00
1416.5,1416.5,1413.0,1413.5,692660,-0.002117896223085114,-0.01056977169535811,0.00168502808493422,0.35,0.6,0,1416.5128659425463,1417.4155888162413,40.09203109706018,-2.282269102390046,-2.197966681011708,1417.363013955477,0.00168502808493422,0,ICICIBANK,15m,2026-02-13 09:30:00
1413.5,1418.0,1413.5,1414.0,1131266,0.00035373187124165817,-0.01049685094471664,0.0016869723261084526,0.35,0.6,0,1416.2735453765897,1417.2816441567809,47.42266743852407,-2.193135992634325,-2.1970005433362316,1417.1368628071584,0.0016869723261084526,0,ICICIBANK,15m,2026-02-13 09:45:00
1414.199951171875,1416.300048828125,1412.0999755859375,1415.0,693464,0.0007072135785006761,-0.004642639068150767,0.0013021527901944277,0.35,0.6,0,1416.1522553407242,1417.1921679153386,55.434811453440545,-2.0185372770979484,-2.161307890088575,1416.9783307419236,0.0013021527901944277,0,ICICIBANK,15m,2026-02-13 10:00:00
1408.699951171875,1412.199951171875,1408.5,1411.5,225960,0.0021299254526092604,-0.00500491731857311,0.0016638195888881502,0.4,0.55,0,1415.0498053922934,1416.6414437388419,44.664138416852424,-2.391900663962133,-2.2419785674658463,1410.7333170572917,0.0016638195888881502,0,ICICIBANK,15m,2026-02-16 04:00:00
1410.9000244140625,1411.0,1408.699951171875,1409.800048828125,145236,-0.001204357897183872,-0.005712656355503443,0.0016768480448665132,0.4,0.5,0,1414.5498285766582,1416.3731537423432,41.417932542303404,-2.511722835610726,-2.2959274210948224,1410.3811849326653,0.0016768480448665132,0,ICICIBANK,15m,2026-02-16 04:15:00
1409.699951171875,1412.0,1409.0999755859375,1411.0999755859375,142326,0.0009220646281669076,-0.004725682755989058,0.0016980864467593321,0.4,0.5,0,1414.2212711489706,1416.1663624420921,42.06628769110188,-2.4732791223405,-2.331397761343958,1410.4787806671607,0.0016980864467593321,0,ICICIBANK,15m,2026-02-16 04:30:00
1411.5,1412.199951171875,1409.199951171875,1411.4000244140625,255132,0.00021263470577292942,-0.002544152357553009,0.0016499149905571512,0.45,0.45,0,1413.9525809837412,1415.9794472253068,40.75462832873456,-2.3910383678498874,-2.343325882645144,1410.6296479000346,0.0016499149905571512,0,ICICIBANK,15m,2026-02-16 04:45:00
1411.0,1411.0999755859375,1409.199951171875,1409.5,139485,-0.0013461983712599324,-0.002476999292285953,0.001647220425548992,0.45,0.4,0,1413.5285256519562,1415.725351255687,37.809112593979286,-2.4509253269311557,-2.3648457715023463,1410.5226941817912,0.001647220425548992,0,ICICIBANK,15m,2026-02-16 05:00:00
1409.5,1410.0,1405.5,1407.300048828125,233420,-0.0015608025341433684,-0.00354032417130401,0.001676868261575197,0.45,0.4,0,1412.93533738302,1415.3949472389197,37.02417760656901,-2.6454092165381553,-2.420958460509508,1409.9250803249865,0.001676868261575197,0,ICICIBANK,15m,2026-02-16 05:15:00
1407.0,1407.9000244140625,1406.0,1407.199951171875,169988,-7.11274445939214e-05,-0.004949795107968669,0.001638715739639607,0.4,0.4,0,1412.3891101248157,1415.0735748441336,37.943154960305435,-2.7756205189618868,-2.491890872199984,1409.5502834850845,0.001638715739639607,0,ICICIBANK,15m,2026-02-16 05:30:00
1407.199951171875,1407.5,1405.5999755859375,1406.5,186076,-0.0004974070467328451,-0.0055854244044821755,0.0016369747186536319,0.4,0.45,0,1411.828242493881,1414.7373562227951,39.92530005238106,-2.901843478800174,-2.573881393520022,1409.1754337861098,0.0016369747186536319,0,ICICIBANK,15m,2026-02-16 05:45:00
1406.4000244140625,1407.300048828125,1404.0,1404.0,131386,-0.00177746178457161,-0.008054277389730746,0.0016524281804644184,0.35,0.5,0,1411.0826955897019,1414.3162834297443,36.30134695618003,-3.167096869228544,-2.692524488661727,1408.846735292131,0.0016524281804644184,0,ICICIBANK,15m,2026-02-16 06:00:00
1404.0,1404.699951171875,1402.699951171875,1403.5,86515,-0.00035612535612539187,-0.009037667434041219,0.0016343943146400605,0.3,0.55,0,1410.3605341049683,1413.8921154521072,24.20629922785534,-3.378710244985996,-2.8297616399265806,1408.583818371873,0.0016343943146400605,0,ICICIBANK,15m,2026-02-16 06:15:00
1403.9000244140625,1403.9000244140625,1402.5,1403.5999755859375,78538,7.123305018708059e-05,-0.009037029516728579,0.0016344051666371652,0.3,0.55,0,1409.7166713888703,1413.4885021240223,27.802562937579708,-3.4980251194790526,-2.9634143358370753,1408.3539697969873,0.0016344051666371652,0,ICICIBANK,15m,2026-02-16 06:30:00
1403.5,1406.4000244140625,1402.9000244140625,1406.199951171875,61534,0.0018523622336572565,-0.006078666496635687,0.0017039247251166257,0.3,0.5,0,1409.3817456539184,1413.2026765964872,34.01622941305958,-3.344236440280838,-3.039578756725828,1408.2482746398402,0.0017039247251166257,0,ICICIBANK,15m,2026-02-16 06:45:00
1406.199951171875,1411.0,1406.0,1410.800048828125,164447,0.0032712969819237436,-0.002263048919289301,0.0018797790904516974,0.35,0.45,0,1409.5168221467,1413.1084558996888,42.500087193080354,-2.818676420578413,-2.995398289496345,1408.3311808899455,0.0018797790904516974,0,ICICIBANK,15m,2026-02-16 07:00:00
1410.800048828125,1411.9000244140625,1410.0,1410.300048828125,65651,-0.00035440883377857446,-0.001133207421397664,0.001853109051807011,0.4,0.4,0,1409.5914151639784,1412.9983222890394,54.09102006392045,-2.4146772436538413,-2.8792540803278444,1408.4067937616653,0.001853109051807011,0,ICICIBANK,15m,2026-02-16 07:15:00
1410.300048828125,1410.9000244140625,1409.0,1409.5,70709,-0.0005672897967987645,-0.001770538243626052,0.001856318211812696,0.4,0.4,0,1409.5827089578852,1412.8611331796653,44.94950740434766,-2.1344575415416784,-2.7302947725706113,1408.452477613588,0.001856318211812696,0,ICICIBANK,15m,2026-02-16 07:30:00
1409.5,1409.9000244140625,1408.0,1408.4000244140625,82927,-0.0007804012670716842,-0.005718302566846134,0.001692827673374622,0.35,0.45,0,1409.4700723346639,1412.686187737877,46.35411699631883,-1.9783352286051468,-2.5799028637775185,1408.4641132837787,0.001692827673374622,0,ICICIBANK,15m,2026-02-16 07:45:00
1408.300048828125,1408.5,1406.699951171875,1407.300048828125,76407,-0.0007810107688652757,-0.004386240659267737,0.0016422976459421973,0.35,0.5,0,1409.2634034292792,1412.4749666041612,40.00025698848049,-1.9212193865375866,-2.448166168329532,1408.4323026750292,0.0016422976459421973,0,ICICIBANK,15m,2026-02-16 08:00:00
1407.4000244140625,1410.800048828125,1406.800048828125,1409.300048828125,251092,0.0014211610393002339,-0.0033238692870403153,0.0016788111961130955,0.35,0.5,0,1409.2668934672645,1412.3504600247088,44.92761315052337,-1.6950321098572658,-2.297539356635079,1408.4845799337556,0.0016788111961130955,0,ICICIBANK,15m,2026-02-16 08:15:00
1409.300048828125,1410.699951171875,1405.5999755859375,1410.0,675127,0.0004966658253202638,-0.0035335689045936647,0.001673705516833357,0.35,0.5,0,1409.3367131370487,1412.258285121779,51.28205128205128,-1.4426666900881173,-2.1265648233256864,1408.5433185122984,0.001673705516833357,0,ICICIBANK,15m,2026-02-16 08:30:00
1410.0,1410.5999755859375,1408.5999755859375,1409.0999755859375,123053,-0.0006383151872784154,0.00042596775714409674,0.001320639116121925,0.35,0.45,0,1409.3141667036095,1412.1344298458637,54.94483383077904,-1.3003006684268712,-1.9613119923459235,1408.5758640387883,0.001320639116121925,0,ICICIBANK,15m,2026-02-16 08:45:00
1409.0999755859375,1411.5,1408.5999755859375,1411.4000244140625,124277,0.0016322822141618953,-7.082932053670277e-05,0.001282987135111692,0.35,0.45,0,1409.5128198188906,1412.105629632852,60.29428484235595,-0.9904624182329371,-1.7671420775233262,1408.6443954933184,0.001282987135111692,0,ICICIBANK,15m,2026-02-16 09:00:00
1410.699951171875,1413.0,1410.0,1412.5999755859375,190702,0.000850185029841688,0.0019860452977993326,0.0012638222169782012,0.4,0.45,0,1409.8068346538475,1412.1250157486593,64.59322598167195,-0.6407017308006289,-1.5418540081787868,1408.8113775610218,0.0012638222169782012,0,ICICIBANK,15m,2026-02-16 09:15:00
1412.9000244140625,1413.0,1410.699951171875,1411.9000244140625,134663,-0.0004955055811781683,0.0005669682105924334,0.0012550100181165306,0.35,0.45,0,1410.0061860595824,1412.1161925590673,70.68071861798335,-0.4152078186793915,-1.3165247702789078,1408.91923364037,0.0012550100181165306,0,ICICIBANK,15m,2026-02-16 09:30:00
1411.9000244140625,1412.5999755859375,1409.4000244140625,1411.699951171875,455358,-0.0001417049640398682,0.00021250301305397734,0.001254783605395681,0.3,0.5,0,1410.167497022658,1412.0998693674128,71.80832413479644,-0.24976734481356289,-1.103173285185839,1409.1660097939011,0.001254783605395681,0,ICICIBANK,15m,2026-02-16 09:45:00
1411.5999755859375,1414.0,1410.199951171875,1411.5999755859375,370799,-7.08192883724923e-05,0.0014898727108461074,0.001213901629108022,0.35,0.5,0,1410.303923552494,1412.0802656897079,71.27654048438413,-0.12527764884180215,-0.9075941579170316,1409.3871160642723,0.001213901629108022,0,ICICIBANK,15m,2026-02-16 10:00:00
1401.300048828125,1401.800048828125,1393.699951171875,1394.4000244140625,232310,-0.004995004907985989,-0.009096025584106271,0.00227924141748777,0.35,0.55,0,1408.0220370874727,1410.984514726567,21.527662983355157,-1.9487758875263808,-1.105013300939581,1396.6333414713542,0.00227924141748777,0,ICICIBANK,15m,2026-02-17 04:00:00
1394.5,1397.4000244140625,1393.800048828125,1396.9000244140625,121791,0.0017928857976394763,-0.006825435894729837,0.0023338427617649554,0.35,0.5,0,1406.962797785243,1410.4321817731354,28.246661884246947,-2.595846940448382,-1.4031800288413414,1396.4269833232922,0.0023338427617649554,0,ICICIBANK,15m,2026-02-17 04:15:00
1396.800048828125,1400.0,1396.699951171875,1399.699951171875,93495,0.002004385932333985,-0.0030627128405448234,0.0023642374393407386,0.4,0.45,0,1406.2710981077794,1410.0113099848506,35.0608122190133,-2.8498731586048507,-1.6925186547940434,1396.9226583309594,0.0023642374393407386,0,ICICIBANK,15m,2026-02-17 04:30:00
1399.9000244140625,1401.199951171875,1398.5,1400.5,68659,0.0005715859512998023,-0.002137513359458443,0.0023690905853076018,0.45,0.4,0,1405.7214697165623,1409.6383174364253,37.846070635782134,-2.952597802967148,-1.9445344844286643,1397.3407915225498,0.0023690905853076018,0,ICICIBANK,15m,2026-02-17 04:45:00
1400.5,1403.0999755859375,1399.9000244140625,1401.800048828125,139357,0.0009282747790968493,-0.001282364483556675,0.0023801581760131882,0.5,0.35,0,1405.3480010605208,1409.3309343537467,41.59020150964245,-2.895724637156036,-2.134772514974139,1398.2461330720828,0.0023801581760131882,0,ICICIBANK,15m,2026-02-17 05:00:00
1401.5,1401.800048828125,1397.5999755859375,1398.699951171875,98979,-0.002211512019022699,-0.005333523154903985,0.002381642148222529,0.45,0.4,0,1404.7148534520784,1408.914033052497,34.319404817797675,-3.0654674155841803,-2.3209114950961474,1398.3931113545764,0.002381642148222529,0,ICICIBANK,15m,2026-02-17 05:15:00
1398.300048828125,1400.0,1398.0999755859375,1398.9000244140625,78071,0.00014304228867656477,-0.008434947549050054,0.0022354340467595764,0.4,0.4,0,1404.1610602103626,1408.5213268313819,33.333455525211235,-3.1475624116644667,-2.486241678409811,1398.4500136792133,0.0022354340467595764,0,ICICIBANK,15m,2026-02-17 05:30:00
1398.800048828125,1399.9000244140625,1397.4000244140625,1399.5999755859375,88422,0.000500358252669475,-0.007587089889898646,0.0022449263222017453,0.35,0.45,0,1403.7266711985126,1408.1714699197958,35.64958916638393,-3.1201756352054417,-2.6130284697689374,1398.499611989505,0.0022449263222017453,0,ICICIBANK,15m,2026-02-17 05:45:00
1399.800048828125,1402.300048828125,1398.9000244140625,1402.300048828125,220055,0.0019291749709107187,-0.005108159753015262,0.002302532159254215,0.4,0.4,0,1403.590802401333,1407.941218112279,36.41799637798661,-2.8477707438999005,-2.65997692459513,1399.0139294136259,0.002302532159254215,0,ICICIBANK,15m,2026-02-17 06:00:00
1402.199951171875,1405.0999755859375,1401.800048828125,1403.5999755859375,752502,0.0009269961581324093,-0.0034081573025547263,0.002313594062284042,0.45,0.35,0,1403.591676037962,1407.7709733073245,36.60718178251202,-2.4981970193889538,-2.6276209435538953,1400.7966205828538,0.002313594062284042,0,ICICIBANK,15m,2026-02-17 06:15:00
1403.5,1405.0,1403.199951171875,1403.5999755859375,174013,0.0,-0.0026291999671772537,0.0023092922664879638,0.45,0.3,0,1403.5924664711026,1407.607404769231,37.386000192937026,-2.1958449899925654,-2.5412657528416296,1401.0606031193345,0.0023092922664879638,0,ICICIBANK,15m,2026-02-17 06:30:00
1403.4000244140625,1404.199951171875,1401.4000244140625,1402.800048828125,152223,-0.0005699107806542703,-0.0046122186722443725,0.002281696465233626,0.4,0.35,0,1403.5169981241525,1407.4188810068347,36.71656366604478,-1.9977474434822398,-2.432562090969752,1401.1798788495482,0.002281696465233626,0,ICICIBANK,15m,2026-02-17 06:45:00
1402.699951171875,1403.5999755859375,1400.5,1401.9000244140625,243668,-0.0006415913763435643,-0.005744663536125905,0.0022768436326268977,0.4,0.35,0,1403.3630006279536,1407.2024552580986,35.8601496159951,-1.8915732797483997,-2.3243643287254816,1401.260996621088,0.0022768436326268977,0,ICICIBANK,15m,2026-02-17 07:00:00
1401.800048828125,1403.0999755859375,1401.0,1402.0999755859375,75529,0.0001426286956223155,-0.004967709971813172,0.002277171858292381,0.4,0.35,0,1403.242712528714,1407.0023580160532,51.440225854741655,-1.7708814821464784,-2.213667759409681,1401.2849621390521,0.002277171858292381,0,ICICIBANK,15m,2026-02-17 07:15:00
1402.0,1403.5,1400.0,1400.0,406138,-0.0014977359835270931,-0.008077103738747038,0.002248632590204566,0.4,0.4,0,1402.9338827640745,1406.727755740914,64.43290860468775,-1.8236608158701983,-2.1356663707017844,1401.268649463916,0.002248632590204566,0,ICICIBANK,15m,2026-02-17 07:30:00
1399.800048828125,1403.5,1399.699951171875,1403.300048828125,878313,0.002357177734374938,-0.006583552965130801,0.0023170442882055903,0.35,0.45,0,1402.9687557225557,1406.5933358619814,65.84158715003113,-1.5809779279020404,-2.0247286821418355,1401.4749355960582,0.0023170442882055903,0,ICICIBANK,15m,2026-02-17 07:45:00
1403.300048828125,1406.199951171875,1403.199951171875,1405.5,702228,0.0015676983505503728,-0.004532916143774823,0.002354799543251655,0.4,0.45,0,1403.2098266061219,1406.5504599458252,64.7959692085399,-1.1973302392541427,-1.859248993564297,1402.016716923335,0.002354799543251655,0,ICICIBANK,15m,2026-02-17 08:00:00
1405.5999755859375,1406.5999755859375,1403.0999755859375,1404.0,628176,-0.0010672358591248265,-0.005454382261246948,0.0023621696809486034,0.45,0.45,0,1403.2850812150627,1406.450441908734,58.620668919650264,-1.0027648964187392,-1.6879521741351857,1402.3275103016972,0.0023621696809486034,0,ICICIBANK,15m,2026-02-17 08:15:00
1403.9000244140625,1405.0999755859375,1402.5,1404.699951171875,488386,0.0004985407207087622,-0.004888087654718487,0.0023681295878057473,0.4,0.5,0,1403.4198307347592,1406.381795213171,57.36017647569122,-0.7830635810971671,-1.5069744555275821,1402.4809308800075,0.0023681295878057473,0,ICICIBANK,15m,2026-02-17 08:30:00
1404.800048828125,1405.9000244140625,1400.5999755859375,1405.199951171875,958967,0.00035594790160198286,0.0027115218293229937,0.0017055190950387347,0.45,0.5,0,1403.5893660144845,1406.3354483880223,69.00601076512328,-0.5621230795647989,-1.3180041803350255,1402.68707642092,0.0017055190950387347,0,ICICIBANK,15m,2026-02-17 08:45:00
1405.0999755859375,1406.0,1404.699951171875,1406.0,141018,0.0005693487446094547,0.008318972592396445,0.001204615045866553,0.5,0.45,0,1403.8189502035814,1406.3222935492765,70.05662186114195,-0.31879402706567816,-1.1181621496811562,1402.7473039044285,0.001204615045866553,0,ICICIBANK,15m,2026-02-17 09:00:00
1406.0,1407.699951171875,1405.0,1406.300048828125,681854,0.00021340599439900743,0.0067292034145431945,0.0011604942987914987,0.55,0.45,0,1404.055245310681,1406.3214212072705,69.36445551470848,-0.10058310759836786,-0.9146463412645985,1403.0766543610887,0.0011604942987914987,0,ICICIBANK,15m,2026-02-17 09:15:00
1406.300048828125,1410.4000244140625,1405.0999755859375,1405.0999755859375,1677128,-0.0008533550455235295,0.003857987141845154,0.0011194707124040782,0.55,0.45,0,1404.154743432134,1406.2735213789829,58.86056878848516,-0.02420622867361999,-0.7365583187464029,1403.7750529064283,0.0011194707124040782,0,ICICIBANK,15m,2026-02-17 09:30:00
1405.0999755859375,1410.0,1404.199951171875,1406.5,2107211,0.0009963877577314761,0.004284184219921494,0.00113099955696244,0.5,0.5,0,1404.3781012005022,1406.2824028935327,59.11955962626581,0.14759192008068567,-0.5597282709809852,1404.3625438914285,0.00113099955696244,0,ICICIBANK,15m,2026-02-17 09:45:00
1407.0,1408.4000244140625,1404.800048828125,1407.5,380966,0.0007109847138286884,0.0040661656251475,0.0011248075997760919,0.45,0.5,0,1404.6754248956925,1406.3301517996688,61.53851710065369,0.3602817298444734,-0.3757262708158935,1404.4459553608324,0.0011248075997760919,0,ICICIBANK,15m,2026-02-17 10:00:00
1407.0,1407.0,1401.5,1405.0,108456,-0.001421464108031234,0.004360551490084186,0.001055091522499716,0.5,0.5,0,1404.9066403341155,1406.303227401386,58.75695694453065,0.41396940662957604,-0.08040257509998187,1404.5,0.001055091522499716,0,ICICIBANK,15m,2026-02-18 04:00:00
1405.5,1406.0,1404.5999755859375,1405.5,72787,0.000355871886120962,0.0042155076571734895,0.0010535507267619066,0.5,0.45,0,1404.9631507784854,1406.271728287606,59.44444821202113,0.39511106127656603,0.014700152175327705,1404.84804916231,0.0010535507267619066,0,ICICIBANK,15m,2026-02-18 04:15:00
1405.300048828125,1406.0,1402.0999755859375,1402.699951171875,87695,-0.0019922083444503524,0.00028517601784594504,0.0010814615809073955,0.45,0.5,0,1404.7476079588082,1406.1316585967932,57.21904538095985,0.15246759573619784,0.042253640887501734,1404.4410787368588,0.0010814615809073955,0,ICICIBANK,15m,2026-02-18 04:30:00
1402.5,1402.9000244140625,1401.0,1401.5999755859375,162658,-0.0007841845185910801,-0.0014249074058049205,0.0010731540739734775,0.4,0.55,0,1404.4478334471064,1405.953945537544,44.84830101576545,-0.1271225461805443,0.008378403473892525,1403.4582831320647,0.0010731540739734775,0,ICICIBANK,15m,2026-02-18 04:45:00
1402.300048828125,1402.800048828125,1400.0999755859375,1401.0999755859375,204181,-0.0003567351660311857,-0.0017811342572561228,0.0010748795525248414,0.4,0.6,0,1404.1289898412806,1405.7635937747361,35.13522430160917,-0.3846120015721226,-0.07021967753531051,1402.7758514384761,0.0010748795525248414,0,ICICIBANK,15m,2026-02-18 05:00:00
1401.300048828125,1402.0,1400.5,1401.699951171875,41249,0.0004282175407837041,-0.0007842155816639718,0.0010745268040760348,0.4,0.55,0,1403.897652825147,1405.6042352412906,41.726530253798195,-0.5341044113160933,-0.16299662429146708,1402.6920242776932,0.0010745268040760348,0,ICICIBANK,15m,2026-02-18 05:15:00
1401.5,1402.0,1401.0999755859375,1402.0,35033,0.0002140606681724222,7.131434781104673e-05,0.0010662603803703466,0.4,0.5,0,1403.7169239846567,1405.4628926828086,40.00036168327396,-0.6212059151532685,-0.25463848246382736,1402.6432167046976,0.0010662603803703466,0,ICICIBANK,15m,2026-02-18 05:30:00
1402.0,1402.0,1399.0999755859375,1399.199951171875,85946,-0.00199718176043151,-0.002068343530817418,0.001155270206844723,0.4,0.55,0,1403.286736097725,1405.2172871333603,31.013010290800082,-0.90573428290827,-0.38485764255271593,1402.3693068906075,0.001155270206844723,0,ICICIBANK,15m,2026-02-18 05:45:00
1399.199951171875,1402.0999755859375,1398.9000244140625,1401.0,265491,0.0012864843417250693,0.0007142857142856673,0.0011460568353024126,0.4,0.55,0,1403.0689517074654,1405.051903324209,35.11930711773768,-0.9747399718357883,-0.5028341084093304,1401.944260011546,0.0011460568353024126,0,ICICIBANK,15m,2026-02-18 06:00:00
1401.0999755859375,1401.5,1399.300048828125,1399.5999755859375,48597,-0.0009993036502944364,-0.0026366943016052913,0.0010279862110755985,0.4,0.5,0,1402.7385730292247,1404.8381022364335,31.284992396292935,-1.129378969446634,-0.6281430806167911,1401.865125255462,0.0010279862110755985,0,ICICIBANK,15m,2026-02-18 06:15:00
1399.5,1401.4000244140625,1399.300048828125,1400.5999755859375,63110,0.0007144898667073019,-0.0034863211768498825,0.0009698178446061926,0.35,0.5,0,1402.534897082245,1404.671901191316,37.28827586206897,-1.1578923838774244,-0.7340929412689179,1401.7882369552922,0.0009698178446061926,0,ICICIBANK,15m,2026-02-18 06:30:00
1400.9000244140625,1400.9000244140625,1399.800048828125,1400.300048828125,48208,-0.00021414162718880192,-0.0026352928574607803,0.0009469621571227562,0.3,0.45,0,1402.3220543913762,1404.5004560006028,31.32555813748273,-1.1909623800363534,-0.825466829022405,1401.7309086884884,0.0009469621571227562,0,ICICIBANK,15m,2026-02-18 06:45:00
1400.300048828125,1400.9000244140625,1399.0999755859375,1400.9000244140625,68027,0.00042846216169145634,-0.002705151911368997,0.0009446349742877557,0.3,0.45,0,1402.1866229649654,1404.3592626050522,29.629797077860914,-1.1554384000285154,-0.8914611432236271,1401.6555354442855,0.0009446349742877557,0,ICICIBANK,15m,2026-02-18 07:00:00
1401.0,1401.9000244140625,1400.0,1400.0,89058,-0.0006424615592671712,-0.00370050622869611,0.0009437049204016581,0.3,0.4,0,1401.9783731587781,1404.1883111303443,28.915786687060617,-1.186235652141022,-0.9504160450071062,1401.5895920798416,0.0009437049204016581,0,ICICIBANK,15m,2026-02-18 07:15:00
1400.0,1401.4000244140625,1400.0,1401.199951171875,108850,0.0008571079799106762,-0.0034139749844416256,0.0009578969816195949,0.25,0.4,0,1401.904237731454,1404.0711205437376,37.97456618817312,-1.1011235977532579,-0.9805575555563366,1401.5367559242086,0.0009578969816195949,0,ICICIBANK,15m,2026-02-18 07:30:00
1401.199951171875,1402.5999755859375,1400.0,1401.699951171875,261289,0.00035683700929456386,-0.0032710641374742444,0.0009614531030829238,0.25,0.4,0,1401.8847818686372,1403.978133509547,37.97456618817312,-0.9820059073042557,-0.9808472259059206,1401.5213160612598,0.0009614531030829238,0,ICICIBANK,15m,2026-02-18 07:45:00
1401.699951171875,1402.9000244140625,1399.4000244140625,1400.300048828125,636779,-0.000998717551912276,-0.0034160748994468415,0.0009674741772126431,0.25,0.45,0,1401.7338549123979,1403.8338948945893,41.6669492387508,-0.989162252381675,-0.9825102312010715,1401.346714480488,0.0009674741772126431,0,ICICIBANK,15m,2026-02-18 08:00:00
1400.300048828125,1401.9000244140625,1400.0,1401.9000244140625,182187,0.001142594822642895,-0.0032705123255866164,0.0009772593663126676,0.25,0.4,0,1401.749680579223,1403.7580568365295,51.00688186137965,-0.8558631910727854,-0.9571808231754143,1401.3410401731642,0.0009772593663126676,0,ICICIBANK,15m,2026-02-18 08:15:00
1401.9000244140625,1402.699951171875,1400.199951171875,1401.5,273047,-0.0002853444661502502,-0.004262877442273494,0.0009554970185382755,0.3,0.4,0,1401.72590147644,1403.6695055880382,51.35144051929627,-0.7735839573679186,-0.9204614500139152,1401.3531039422003,0.0009554970185382755,0,ICICIBANK,15m,2026-02-18 08:30:00
1401.9000244140625,1405.5999755859375,1401.5,1405.5,193483,0.0028540849090259446,-0.0010660980810234255,0.001174716597302299,0.3,0.4,0,1402.0853394310648,1403.741289682625,60.43972259111701,-0.3812160795946511,-0.8126123759300624,1401.5345270808536,0.001174716597302299,0,ICICIBANK,15m,2026-02-18 08:45:00
1405.4000244140625,1408.300048828125,1405.4000244140625,1407.5,205050,0.0014229811454997687,0.001779359430605032,0.0011724617729577077,0.35,0.35,0,1402.601021390011,1403.888690087228,63.819163292847506,0.09008315318556015,-0.6320732701069379,1401.884513776498,0.0011724617729577077,0,ICICIBANK,15m,2026-02-18 09:00:00
1407.5,1409.300048828125,1407.300048828125,1408.0,192285,0.00035523978685603197,0.001778726431874711,0.0011724542244969643,0.4,0.35,0,1403.1152098290577,1404.0499179269448,75.00034679354687,0.4981941400856158,-0.40601978806842726,1402.2382028847528,0.0011724542244969643,0,ICICIBANK,15m,2026-02-18 09:15:00
1408.0,1410.0,1407.5999755859375,1408.5,421482,0.00035511363636353543,0.004134917680206129,0.0010657295033744854,0.45,0.3,0,1403.628046988195,1404.2244309494176,73.00641064046492,0.8521478290804225,-0.15438626463865732,1402.9447046953344,0.0010657295033744854,0,ICICIBANK,15m,2026-02-18 09:30:00
1408.5,1409.0999755859375,1407.699951171875,1408.5999755859375,536709,7.098018170936804e-05,0.004994292324437044,0.0010407361350978862,0.45,0.25,0,1404.1015639975037,1404.3960209351637,80.00048828919742,1.1277261469249424,0.10203621767406264,1403.6195454710771,0.0010407361350978862,0,ICICIBANK,15m,2026-02-18 09:45:00
1408.5999755859375,1409.0,1406.0,1408.199951171875,295055,-0.0002839872362599971,0.005067429669298518,0.0010386303014355452,0.45,0.25,0,1404.491886585539,1404.5451946699366,76.3892067851784,1.2988727259159987,0.3414035193224499,1403.8785306349555,0.0010386303014355452,0,ICICIBANK,15m,2026-02-18 10:00:00
1406.800048828125,1407.4000244140625,1403.5999755859375,1405.300048828125,233012,-0.0009951676920041397,0.0023538151413160513,0.0011096683501724924,0.5,0.35,0,1404.7591184868304,1404.6559833132758,63.41488831161098,1.1717403930031196,0.6606066250366952,1405.433349609375,0.0011096683501724924,0,ICICIBANK,15m,2026-02-19 04:00:00
1405.300048828125,1406.5999755859375,1404.0,1405.5,83088,0.00014228361554646796,0.004502607953100979,0.0009918888680069615,0.5,0.3,0,1404.8296786309418,1404.6890820068727,67.51625042764283,1.0750232245816278,0.7434899449456818,1405.4158196235617,0.0009918888680069615,0,ICICIBANK,15m,2026-02-19 04:15:00
1405.5,1406.0,1403.5999755859375,1405.300048828125,172123,-0.00014226337379941167,0.00306927111215205,0.000962437409264457,0.45,0.3,0,1404.8744757925783,1404.7130414900591,63.946188340807176,0.971046167525401,0.7890011894616257,1405.2574736348247,0.000962437409264457,0,ICICIBANK,15m,2026-02-19 04:30:00
1405.300048828125,1405.300048828125,1402.800048828125,1402.800048828125,94418,-0.0017789795155025434,0.0022864199042642586,0.0010253327115827976,0.45,0.35,0,1404.6769113197734,1404.6380221699835,53.29376334025321,0.6790864086631245,0.7670182333019255,1404.9942867517657,0.0010253327115827976,0,ICICIBANK,15m,2026-02-19 04:45:00
1402.5999755859375,1403.0,1401.199951171875,1401.300048828125,112590,-0.0010692899542262824,0.0004998381082326198,0.0010477497991723467,0.45,0.4,0,1404.3553053681876,1404.5071212546165,52.976225077021454,0.32294601173521187,0.6782037889885828,1404.4823824417144,0.0010477497991723467,0,ICICIBANK,15m,2026-02-19 05:00:00
1401.199951171875,1402.0,1399.0,1400.4000244140625,2960637,-0.0006422781579257242,7.1395831215737e-05,0.0010572345707079165,0.45,0.45,0,1403.9786119439852,1404.3460586334184,45.341572522556675,-0.03155848056076138,0.5362513350787139,1401.2303359752216,0.0010572345707079165,0,ICICIBANK,15m,2026-02-19 05:15:00
1400.5,1401.5999755859375,1399.9000244140625,1400.699951171875,1513668,0.0002141722026447468,-0.00014281764487167337,0.001053787779992139,0.45,0.4,0,1403.6663585371175,1404.2030740270834,47.49980926222629,-0.2850187433539304,0.37199731939218506,1401.0848061575618,0.001053787779992139,0,ICICIBANK,15m,2026-02-19 05:30:00
1400.699951171875,1401.0,1398.300048828125,1399.0,159805,-0.001213644057353469,-0.0007142857142856673,0.0010793568203723374,0.4,0.45,0,1403.2219434383444,1403.9990319083743,26.276864953487546,-0.6159592849696764,0.17440599851981275,1401.0352857733935,0.0010793568203723374,0,ICICIBANK,15m,2026-02-19 05:45:00
1399.0,1399.0,1396.199951171875,1396.5,110269,-0.0017869907076483171,-0.003354233040005594,0.0011252683218627604,0.4,0.5,0,1402.5817583489784,1403.704952225693,11.266806505966102,-1.0676539054952627,-0.07400598228320235,1400.9582142023885,0.0011252683218627604,0,ICICIBANK,15m,2026-02-19 06:00:00
1396.4000244140625,1396.5,1394.5,1394.800048828125,119077,-0.001217294072234143,-0.004922524494619163,0.0011416049248240885,0.35,0.55,0,1401.8406431565163,1403.3557403277491,7.142064460896989,-1.5449873466211557,-0.3682022551507931,1400.8362914411664,0.0011416049248240885,0,ICICIBANK,15m,2026-02-19 06:15:00
1394.800048828125,1395.4000244140625,1394.199951171875,1394.199951171875,101728,-0.0004302391993420418,-0.004356278971321181,0.001128885633386864,0.3,0.55,0,1401.1129582055983,1402.9966897726167,3.8700836391702325,-1.9492308830826914,-0.6844079807371728,1400.7242134505384,0.001128885633386864,0,ICICIBANK,15m,2026-02-19 06:30:00
1394.5,1394.9000244140625,1390.5999755859375,1392.0,170872,-0.0015779308914950496,-0.007061861931417224,0.0011202266820554883,0.3,0.6,0,1400.245057424113,1402.5654470364357,2.8402588484987206,-2.4192271275474013,-1.0313718100992184,1400.4832224307652,0.0011202266820554883,0,ICICIBANK,15m,2026-02-19 06:45:00
1391.699951171875,1393.800048828125,1391.5,1392.199951171875,252841,0.0001436430832435498,-0.006635782253389233,0.001125697765085897,0.25,0.6,0,1399.4788568286617,1402.1589570025315,4.022085338646534,-2.7439377426617284,-1.3738849966117206,1400.1514598605797,0.001125697765085897,0,ICICIBANK,15m,2026-02-19 07:00:00
1392.0999755859375,1392.800048828125,1390.199951171875,1392.800048828125,126563,0.00043104272180505276,-0.0090358955331733,0.0008649034567374517,0.2,0.65,0,1398.8427798762298,1401.7919409956921,7.878460559608172,-2.9191996623503655,-1.6829479297594496,1399.9839891737072,0.0008649034567374517,0,ICICIBANK,15m,2026-02-19 07:15:00
1392.800048828125,1395.0,1392.0,1393.0999755859375,173662,0.0002153408581977434,-0.010230923207149245,0.0007631863454026982,0.2,0.65,0,1398.2958461342973,1401.4510796070742,10.388807419444333,-2.9993201183226574,-1.946222367472091,1399.8039899044809,0.0007631863454026982,0,ICICIBANK,15m,2026-02-19 07:30:00
1393.0999755859375,1395.5,1391.5999755859375,1392.5999755859375,589258,-0.0003589117857745183,-0.010937517339533076,0.0007366322459107083,0.2,0.7,0,1397.7533822725488,1401.1039774885983,8.916672498114508,-3.067798308975398,-2.1705375557727526,1399.248779477546,0.0007366322459107083,0,ICICIBANK,15m,2026-02-19 07:45:00
1393.0,1396.0,1392.699951171875,1394.5999755859375,570846,0.0014361625987810989,-0.00986867193046681,0.0008390460343083387,0.2,0.7,0,1397.453057826205,1400.8489185904546,19.42814891286909,-2.9269444890139766,-2.3218189424209976,1398.8844203054664,0.0008390460343083387,0,ICICIBANK,15m,2026-02-19 08:00:00
1394.0,1394.699951171875,1392.199951171875,1392.800048828125,164245,-0.0012906401759087416,-0.011216759216001071,0.0008458820673870862,0.2,0.75,0,1397.0099141121023,1400.5332766389906,20.237749229785507,-2.926817340219941,-2.4428186219807864,1398.764015410713,0.0008458820673870862,0,ICICIBANK,15m,2026-02-19 08:15:00
1392.800048828125,1393.0,1390.9000244140625,1391.5999755859375,242264,-0.0008616263642416966,-0.011788081353165336,0.0008456972284057703,0.2,0.75,0,1396.4946818715152,1400.1829511074984,20.605621194522342,-2.989096016864096,-2.5520741009574484,1398.5528392136578,0.0008456972284057703,0,ICICIBANK,15m,2026-02-19 08:30:00
1391.5,1395.5999755859375,1390.800048828125,1395.0,325730,0.002443248400195497,-0.008317304029283656,0.0010751983058440385,0.2,0.75,0,1396.3523312170853,1399.9796981228908,35.78931813655258,-2.732599060784196,-2.5881790929227977,1398.3657911855234,0.0010751983058440385,0,ICICIBANK,15m,2026-02-19 08:45:00
1395.5,1395.5999755859375,1392.0999755859375,1393.0999755859375,638085,-0.0013620246695787985,-0.008681472154193015,0.001088626959285597,0.2,0.7,0,1396.042583061738,1399.709905082226,31.553435453764337,-2.652068076250089,-2.600956889588256,1398.0246728286213,0.001088626959285597,-1,ICICIBANK,15m,2026-02-19 09:00:00
1393.4000244140625,1394.4000244140625,1389.5,1390.9000244140625,472069,-0.001579176807428806,-0.010387744991773418,0.001108429584091473,0.2,0.75,0,1395.5528155714833,1399.3644195658273,30.805722848002034,-2.734245682405799,-2.6276146481517646,1397.7015738982966,0.001108429584091473,-1,ICICIBANK,15m,2026-02-19 09:15:00
1390.4000244140625,1393.199951171875,1385.699951171875,1391.5999755859375,1844393,0.0005032361489603066,-0.009748859863494608,0.0011292519001323597,0.2,0.75,0,1395.1763546204788,1399.0599315666161,37.305588058568674,-2.711633791097256,-2.644418476740863,1396.464185908186,0.0011292519001323597,0,ICICIBANK,15m,2026-02-19 09:30:00
1391.699951171875,1392.5,1386.199951171875,1386.800048828125,2246760,-0.003449214459630534,-0.011405759511746605,0.0012811993007056785,0.2,0.7,-1,1394.3786112116832,1398.5791518513813,32.142779291553126,-3.045916252477582,-2.7247180318882074,1395.1365697671988,0.0012811993007056785,-1,ICICIBANK,15m,2026-02-19 09:45:00
1386.9000244140625,1388.9000244140625,1385.5,1388.800048828125,548172,0.0014421689714316788,-0.008920287992891685,0.0013511259907244895,0.2,0.7,-1,1393.8473195561062,1398.1956576151752,38.655574248081734,-3.1135630099413447,-2.802487027498835,1394.8472368921048,0.0013511259907244895,0,ICICIBANK,15m,2026-02-19 10:00:00
1393.199951171875,1394.300048828125,1388.800048828125,1391.699951171875,282056,-0.001363392973126043,-0.006425358973183526,0.0016216788456789235,0.25,0.7,-1,1393.6214951955526,1397.7677687662394,49.11031564680226,-2.582162340764853,-2.7497330083885076,1391.6000162760417,0.0016216788456789235,0,ICICIBANK,15m,2026-02-20 04:00:00
1391.699951171875,1394.5999755859375,1390.199951171875,1394.199951171875,300904,0.0017963642219682718,-0.0034310570608470092,0.001673326913398516,0.3,0.65,0,1393.6765862409168,1397.6278543507742,52.33318956046192,-2.2232347654544355,-2.6444333598016936,1392.3226189566012,0.001673326913398516,0,ICICIBANK,15m,2026-02-20 04:15:00
1394.5,1396.699951171875,1394.0999755859375,1396.5,350451,0.0016497266595023596,0.0,0.0016750505214450187,0.35,0.6,0,1393.945482789401,1397.583624768391,55.312558412774706,-1.733208014857155,-2.462188290812786,1393.615684292351,0.0016750505214450187,0,ICICIBANK,15m,2026-02-20 04:30:00
1396.5,1400.4000244140625,1396.0,1400.199951171875,285602,0.002649445880325896,0.003871452648920526,0.0017485326233626461,0.4,0.55,0,1394.5411464448746,1397.6862258038218,60.79547227915397,-1.0343794641844397,-2.176626525487117,1394.8459326521586,0.0017485326233626461,0,ICICIBANK,15m,2026-02-20 04:45:00
1400.199951171875,1402.9000244140625,1399.300048828125,1401.0,524862,0.000571381842611407,0.004877384210499658,0.0017440304104590887,0.45,0.5,0,1395.1562753548865,1397.8161777330838,59.41183440025563,-0.41125485883048896,-1.8235521921557916,1396.7182226444666,0.0017440304104590887,0,ICICIBANK,15m,2026-02-20 05:00:00
1401.0,1403.699951171875,1399.0,1401.5,264251,0.00035688793718779976,0.006824712643678232,0.001690444199255203,0.5,0.5,0,1395.7604396068023,1397.9606413513943,63.30269749662159,0.12152088449602161,-1.4345375768254292,1397.334299547518,0.001690444199255203,0,ICICIBANK,15m,2026-02-20 05:15:00
1401.5999755859375,1402.300048828125,1400.5,1401.0,246775,-0.0003567606136282153,0.006320966195062505,0.0016972163288546272,0.5,0.5,0,1396.2594453585352,1398.0798318866339,64.687594175698,0.49766688414501914,-1.0480966846313395,1397.7646572050594,0.0016972163288546272,0,ICICIBANK,15m,2026-02-20 05:30:00
1401.0,1402.0,1398.4000244140625,1399.0999755859375,402421,-0.001356191587482125,0.004523209747955725,0.001737440440522552,0.5,0.5,0,1396.5299720468593,1398.1198375219008,56.721298353044766,0.6351278493107202,-0.7114517778429276,1398.0779345256913,0.001737440440522552,0,ICICIBANK,15m,2026-02-20 05:45:00
1399.4000244140625,1399.4000244140625,1397.4000244140625,1398.199951171875,175731,-0.0006432881350637576,0.003660882689910716,0.0017483206674073213,0.45,0.55,0,1396.6890176778131,1398.1229792336646,58.64406218577109,0.6637904431272545,-0.43640333364889117,1398.0937766182558,0.0017483206674073213,0,ICICIBANK,15m,2026-02-20 06:00:00
1398.4000244140625,1399.199951171875,1397.5999755859375,1398.699951171875,268430,0.000357602644443622,0.0043802783950006585,0.001743941960426973,0.4,0.5,0,1396.8805351534381,1398.1456055841827,64.02868220798553,0.7185683677055295,-0.20540899337800708,1398.1289312910096,0.001743941960426973,0,ICICIBANK,15m,2026-02-20 06:15:00
1398.699951171875,1399.199951171875,1396.699951171875,1396.699951171875,213740,-0.0014298992420241907,0.0015057906372435426,0.0017564581661378828,0.35,0.55,0,1396.8633366790036,1398.0889132542884,58.76285200115779,0.5937525722304144,-0.04557668025632278,1398.0905285820525,0.0017564581661378828,0,ICICIBANK,15m,2026-02-20 06:30:00
1397.0,1399.0999755859375,1396.5,1398.5999755859375,196734,0.0013603669223789527,0.00416422067380906,0.0017478489928063287,0.35,0.55,0,1397.0287308606164,1398.108954914353,72.51888124269095,0.640764907128414,0.0916916372206246,1398.0891909654154,0.0017478489928063287,0,ICICIBANK,15m,2026-02-20 06:45:00
1398.5999755859375,1399.0,1397.0,1397.5999755859375,581887,-0.0007150007274818737,0.00431158386408681,0.0017434227354981323,0.35,0.5,0,1397.0831351201707,1398.0889949406896,67.46012139179129,0.5905236890898777,0.1914580475944752,1398.0575608563943,0.0017434227354981323,0,ICICIBANK,15m,2026-02-20 07:00:00
1397.5999755859375,1398.4000244140625,1394.300048828125,1395.5999755859375,546116,-0.0014310246386213255,0.00043009002576166466,0.0016976299585665102,0.3,0.5,0,1396.941881831196,1397.9913863385427,54.464256520364906,0.3848871371897076,0.23014386551352167,1397.827160935696,0.0016976299585665102,0,ICICIBANK,15m,2026-02-20 07:15:00
1395.9000244140625,1396.5999755859375,1393.300048828125,1395.300048828125,344194,-0.00021490882993646654,0.001579264432376437,0.001667488130200245,0.3,0.55,0,1396.7855167832845,1397.8858436910753,58.654060588987875,0.19546391912672334,0.22320787623616203,1397.6365293538347,0.001667488130200245,0,ICICIBANK,15m,2026-02-20 07:30:00
1395.300048828125,1395.300048828125,1393.699951171875,1394.4000244140625,203226,-0.0006450400505743081,0.0025163562718855115,0.0016312504385628112,0.3,0.5,0,1396.5583270338348,1397.7491448958983,50.52102208065511,-0.02696891345885888,0.17317251829715788,1397.5123439537665,0.0016312504385628112,0,ICICIBANK,15m,2026-02-20 07:45:00
1394.4000244140625,1397.9000244140625,1392.199951171875,1397.9000244140625,928634,0.002510040116695089,0.004527198145050537,0.0017151771520278701,0.35,0.5,0,1396.6861077367137,1397.755061739748,53.43142828078532,0.07826996600783787,0.15419200783929388,1397.2827149805232,0.0017151771520278701,0,ICICIBANK,15m,2026-02-20 08:00:00
1398.300048828125,1398.9000244140625,1394.4000244140625,1395.0999755859375,443327,-0.0020030394014040054,0.0059849484176368595,0.001576938854321709,0.4,0.5,0,1396.5350475318778,1397.6509407141086,36.923221384080875,-0.06353560435763939,0.11064648539990722,1397.2050321295021,0.001576938854321709,0,ICICIBANK,15m,2026-02-20 08:15:00
1395.0999755859375,1396.5,1394.0,1395.199951171875,197266,7.166195089025607e-05,0.004608224451857046,0.0015542896577797692,0.4,0.5,0,1396.4078954975919,1397.5548234771582,34.57437828712422,-0.1659375218130208,0.055329683957321615,1397.1474659064802,0.0015542896577797692,0,ICICIBANK,15m,2026-02-20 08:30:00
1395.5999755859375,1398.699951171875,1395.0,1398.5,442537,0.002365287373579106,0.0035160910590590344,0.0014508545795943889,0.4,0.45,0,1396.6071435454403,1397.5918892231518,43.05558695209892,0.018975839938093486,0.04805891515347599,1397.1629883737892,0.0014508545795943889,0,ICICIBANK,15m,2026-02-20 08:45:00
1398.4000244140625,1398.699951171875,1395.4000244140625,1396.199951171875,408351,-0.0016446541495351852,0.0032334555995428005,0.0014678301933943065,0.4,0.45,0,1396.5683633193864,1397.5373034172194,39.74354961553309,-0.019844946574266942,0.03447814280792741,1397.141713521169,0.0014678301933943065,0,ICICIBANK,15m,2026-02-20 09:00:00
1396.199951171875,1399.0,1395.9000244140625,1398.4000244140625,289076,0.0015757579996624749,0.003012532914419719,0.0014556842051138671,0.4,0.45,0,1396.742807233165,1397.5711356131742,48.523321933330585,0.12547047871566974,0.052676609989475875,1397.164592269489,0.0014556842051138671,0,ICICIBANK,15m,2026-02-20 09:15:00
1398.800048828125,1398.800048828125,1395.699951171875,1396.0,288829,-0.001716264568193293,-0.0003580379520229382,0.0014678685832360994,0.35,0.5,0,1396.6720636871494,1397.5095224518732,45.63505134663824,0.0464367933768699,0.05142864666695469,1397.152903508125,0.0014678685832360994,0,ICICIBANK,15m,2026-02-20 09:30:00
1396.0,1396.0999755859375,1393.0,1393.4000244140625,790513,-0.001862446694797626,-0.004856396939680985,0.0013806381371397813,0.3,0.55,0,1396.3604408992364,1397.3483656660767,40.29323520074404,-0.2234188392383203,-0.003540850514100309,1396.8899041849083,0.0013806381371397813,0,ICICIBANK,15m,2026-02-20 09:45:00
1393.4000244140625,1397.0,1392.300048828125,1394.5,505429,0.000789418377109552,-0.004639543183440398,0.0013882426666413118,0.3,0.6,0,1396.1832560516903,1397.2366650517208,45.833448929578765,-0.34455076859990186,-0.07174283413126062,1396.7678354149082,0.0013882426666413118,0,ICICIBANK,15m,2026-02-20 10:00:00
1402.0,1406.0999755859375,1401.699951171875,1405.0999755859375,547297,0.0024256435275038513,0.002926463658770473,0.001913101721111364,0.35,0.55,0,1397.5078289201833,1397.7131970449022,60.99703595515271,0.7871865113313561,0.13373418952027116,1404.2999674479167,0.001913101721111364,0,ICICIBANK,15m,2026-02-23 04:00:00
1405.199951171875,1408.300048828125,1403.5999755859375,1407.800048828125,562837,0.0019216235777539392,0.0062183356400560275,0.0019178674032057708,0.4,0.5,0,1398.4880403399873,1398.1087598599306,67.52875478369458,1.5015802516159056,0.40730340193939807,1405.4491944145004,0.0019178674032057708,0,ICICIBANK,15m,2026-02-23 04:15:00
1408.0,1408.0999755859375,1406.0999755859375,1406.800048828125,323786,-0.0007103281469782452,0.006150835328696758,0.0019196821686095478,0.4,0.45,0,1399.2796601960003,1398.4495947214284,66.1970717080786,1.9644063415641995,0.7187239898643585,1405.7993737392233,0.0019196821686095478,0,ICICIBANK,15m,2026-02-23 04:30:00
1406.9000244140625,1408.199951171875,1405.5999755859375,1407.5,230728,0.0004975484415556952,0.006291591574556055,0.0019201259731816223,0.45,0.5,0,1400.062549701143,1398.8045125754902,68.55511638120333,2.360469538663665,1.04707309962422,1405.979643239375,0.0019201259731816223,0,ICICIBANK,15m,2026-02-23 04:45:00
1407.4000244140625,1407.800048828125,1405.5,1406.800048828125,172019,-0.0004973010102131692,0.007231401166568174,0.0018865414194664163,0.45,0.5,0,1400.704216284665,1399.11806301677,63.69229382401659,2.5880389638355155,1.355266272466479,1406.0471136350334,0.0018865414194664163,0,ICICIBANK,15m,2026-02-23 05:00:00
1406.9000244140625,1407.0,1400.699951171875,1401.199951171875,629253,-0.0039807346189069115,0.0018589844353802398,0.0021033583345804094,0.45,0.5,0,1400.751429131066,1399.1997056895193,58.64015021837686,2.290109339026003,1.5422348857783839,1405.2610374526423,0.0021033583345804094,0,ICICIBANK,15m,2026-02-23 05:15:00
1401.199951171875,1403.0,1400.699951171875,1401.300048828125,232728,7.143709658730124e-05,0.002647447987136786,0.0020947527269678,0.45,0.5,0,1400.803678626024,1399.2820720871116,58.64029324296287,2.038575578901373,1.6415030244029818,1404.9510634492603,0.0020947527269678,0,ICICIBANK,15m,2026-02-23 05:30:00
1401.199951171875,1401.9000244140625,1400.0,1401.0,166761,-0.00021412175670432188,0.003869321086649613,0.0020643455840710758,0.45,0.5,0,1400.822375899736,1399.3494418091857,53.86993393901831,1.7943378195354853,1.6720699834294825,1404.719180100406,0.0020643455840710758,0,ICICIBANK,15m,2026-02-23 05:45:00
1400.9000244140625,1401.0999755859375,1399.0999755859375,1399.9000244140625,190669,-0.0007851360356442294,0.0032967644413119945,0.0020742210672242646,0.45,0.5,0,1400.7345329011005,1399.3710332838868,55.94862877934475,1.4947878152336216,1.6366135497903105,1404.4268291627338,0.0020742210672242646,0,ICICIBANK,15m,2026-02-23 06:00:00
1399.800048828125,1401.300048828125,1399.5999755859375,1400.5,208843,0.0004285845956668588,0.004374623837589686,0.0020659859552352743,0.5,0.5,0,1400.712196434329,1399.4153064884404,53.5592659259719,1.290924322248884,1.5674757042820253,1404.1735150652112,0.0020659859552352743,0,ICICIBANK,15m,2026-02-23 06:15:00
1400.5,1403.5999755859375,1400.0999755859375,1402.5999755859375,610530,0.0014994470445823804,0.0033621511480015354,0.002018857313115425,0.5,0.45,0,1400.8919849249583,1399.540195472656,61.301299711128856,1.284010244033425,1.5107826122323051,1403.8468542305675,0.002018857313115425,0,ICICIBANK,15m,2026-02-23 06:30:00
1402.5999755859375,1403.5,1400.5999755859375,1400.699951171875,336416,-0.0013546445509303728,0.004014031742481716,0.0019870849397095884,0.45,0.45,0,1400.8736959960931,1399.5856760883116,62.80683419496045,1.1123917366855949,1.4311044371229633,1403.6673884672582,0.0019870849397095884,0,ICICIBANK,15m,2026-02-23 06:45:00
1401.0,1401.0,1399.0999755859375,1400.0999755859375,181035,-0.0004283398349771428,0.0035120589059272067,0.0019919530091708575,0.45,0.45,0,1400.800008337983,1399.6058446960617,59.99991280729977,0.9173946629716738,1.3283624822927056,1403.518999175236,0.0019919530091708575,0,ICICIBANK,15m,2026-02-23 07:00:00
1400.199951171875,1401.699951171875,1398.300048828125,1398.4000244140625,543903,-0.0012141641322174213,-7.148772680554139e-05,0.001945266334464971,0.45,0.5,0,1400.5714384404666,1399.5585576261794,42.66686921186409,0.6185558973427305,1.1864011653027107,1403.0725421281957,0.001945266334464971,0,ICICIBANK,15m,2026-02-23 07:15:00
1398.5,1399.300048828125,1397.199951171875,1397.5999755859375,431919,-0.0005721172870117863,0.0010027391942588615,0.0019120929588269898,0.45,0.55,0,1400.2884419781305,1399.4817504873465,31.155917606212654,0.3135523323144298,1.0118313987050545,1402.6671322880857,0.0019120929588269898,0,ICICIBANK,15m,2026-02-23 07:30:00
1397.5999755859375,1399.0999755859375,1397.5999755859375,1397.800048828125,521937,0.0001431548695496332,-0.00042904431883783456,0.0018785395921502481,0.4,0.55,0,1400.0514521543205,1399.4158014026711,21.2646097290623,0.08697643792493182,0.8268604065490299,1402.2683723653797,0.0018785395921502481,0,ICICIBANK,15m,2026-02-23 07:45:00
1397.9000244140625,1398.9000244140625,1397.699951171875,1398.0,442550,0.00014304704885548247,0.0014326647564470996,0.0018356830982411913,0.4,0.5,0,1399.8560757586708,1399.360279779037,23.493984763361482,-0.07558095209310522,0.646372134820603,1401.9840834333074,0.0018356830982411913,0,ICICIBANK,15m,2026-02-23 08:00:00
1398.0,1398.699951171875,1395.699951171875,1398.0,903945,0.0,0.0033012598717814257,0.0017786773812094303,0.4,0.5,0,1399.6793066387975,1399.3069354739766,20.1260613877501,-0.2020794092061351,0.4766818260152553,1401.419838897966,0.0017786773812094303,0,ICICIBANK,15m,2026-02-23 08:15:00
1398.0999755859375,1398.5,1396.5,1397.300048828125,280155,-0.0005006803804542548,0.002007923146737145,0.0017782835567983926,0.35,0.45,0,1399.4527106568287,1399.2282340368845,20.1260613877501,-0.35472154847025195,0.31040115111815386,1401.2712704927683,0.0017782835567983926,0,ICICIBANK,15m,2026-02-23 08:30:00
1397.0,1399.4000244140625,1397.0,1399.0,318284,0.001216597089007898,-0.0019261976642132028,0.0013558988852980136,0.35,0.45,0,1399.4095953561782,1399.2192836824968,40.833536783854164,-0.3346619168212328,0.18138853753027653,1401.1573470531334,0.0013558988852980136,0,ICICIBANK,15m,2026-02-23 08:45:00
1399.0,1402.5,1398.5,1400.699951171875,696397,0.001215118779038571,-0.0031314671486116774,0.0012611399125147206,0.35,0.45,0,1399.5324863862445,1399.277349074237,47.79373485324477,-0.17952322968926637,0.10920618408636795,1401.1091332967585,0.0012611399125147206,0,ICICIBANK,15m,2026-02-23 09:00:00
1400.5999755859375,1400.9000244140625,1399.5,1400.199951171875,305473,-0.00035696438739907244,-0.0053985632850179766,0.0011626431443398256,0.3,0.45,0,1399.5960544610664,1399.3135295486543,47.101231335361966,-0.09581601635613879,0.0682017439978666,1401.0777082035324,0.0011626431443398256,0,ICICIBANK,15m,2026-02-23 09:15:00
1400.4000244140625,1400.4000244140625,1398.699951171875,1399.5,333370,-0.0004998937268132497,-0.005189116132179539,0.0011593959902076918,0.3,0.5,0,1399.5869064171552,1399.3208421153738,48.50734711353636,-0.08497808211245683,0.03756577877580192,1401.0215681722866,0.0011593959902076918,0,ICICIBANK,15m,2026-02-23 09:30:00
1399.4000244140625,1400.5,1398.699951171875,1399.699951171875,762474,0.00014287329180073804,-0.00554177536634104,0.001149881093967928,0.3,0.45,0,1399.5976725842713,1399.3357091371975,46.92283133322065,-0.05956789106380711,0.01813904480788011,1400.9150057175484,0.001149881093967928,0,ICICIBANK,15m,2026-02-23 09:45:00
1399.4000244140625,1399.800048828125,1398.0999755859375,1399.0,342458,-0.0005000722985586403,-0.005544532668038005,0.001149909180457757,0.3,0.45,0,1399.5407513857692,1399.3225440729937,34.48250460405157,-0.09481734607766157,-0.004452233369228226,1400.8500741647254,0.001149909180457757,0,ICICIBANK,15m,2026-02-23 10:00:00
1396.0,1398.5,1393.4000244140625,1396.9000244140625,448072,0.0007163836825776482,-0.003139958795935316,0.0009102242603287773,0.3,0.5,0,1398.9755401437362,1399.0985902353211,37.878703806458766,-0.49920988326425686,-0.1616746701113287,1396.2666829427083,0.0009102242603287773,0,ICICIBANK,15m,2026-02-24 04:00:00
1397.4000244140625,1398.0,1395.5,1396.800048828125,483586,-7.156960712306759e-05,-0.0029978238200392138,0.0009103102236710909,0.3,0.45,0,1398.7683504946303,1399.0084513566078,43.103393843725335,-0.6037902524815308,-0.25009778658536913,1396.5262127272429,0.0009103102236710909,0,ICICIBANK,15m,2026-02-24 04:15:00
1396.800048828125,1397.0,1395.0,1396.300048828125,146792,-0.0003579610413240175,-0.002571594773308372,0.0008995644804833753,0.3,0.45,0,1398.5332741454395,1398.9022394927458,44.24795013341687,-0.718731678478207,-0.34382456496393676,1396.468201480115,0.0008995644804833753,0,ICICIBANK,15m,2026-02-24 04:30:00
1396.300048828125,1396.699951171875,1392.199951171875,1393.5999755859375,132132,-0.0019337342603787944,-0.004926829285299861,0.0009745526705929974,0.25,0.5,0,1398.0634361873917,1398.6943075748318,34.7819933302078,-1.015985285932402,-0.4782567091576298,1396.2169902656453,0.0009745526705929974,0,ICICIBANK,15m,2026-02-24 04:45:00
1393.5999755859375,1394.9000244140625,1392.4000244140625,1392.4000244140625,118257,-0.0008610441969694183,-0.007272174069170356,0.0008913677051225094,0.2,0.5,0,1397.5240636375509,1398.4474729410763,31.080757841948554,-1.3330207096323647,-0.6492095092525768,1395.951468685747,0.0008913677051225094,0,ICICIBANK,15m,2026-02-24 05:00:00
1392.4000244140625,1392.9000244140625,1389.9000244140625,1390.5999755859375,163445,-0.0012927670185027829,-0.007210663195559852,0.0008878505226055118,0.2,0.55,0,1396.8646266802543,1398.1397279467571,27.710409236312827,-1.7098128061179523,-0.8613301686256519,1395.4237549244547,0.0008878505226055118,0,ICICIBANK,15m,2026-02-24 05:15:00
1390.9000244140625,1390.9000244140625,1388.5999755859375,1389.800048828125,135034,-0.0005752385818038608,-0.007356565200640097,0.0008890402786272564,0.2,0.55,0,1396.1918097419561,1397.812681706811,27.54451624221514,-2.0493470640321902,-1.0989335477069595,1394.954334038074,0.0008890402786272564,0,ICICIBANK,15m,2026-02-24 05:30:00
1389.9000244140625,1393.199951171875,1389.5,1392.699951171875,168230,0.0020865608302396144,-0.0040761392610643155,0.001020487708994152,0.2,0.5,0,1395.8592517829009,1397.6121824701468,32.40176221067419,-2.060678309175273,-1.2912825000006223,1394.6587924588669,0.001020487708994152,0,ICICIBANK,15m,2026-02-24 05:45:00
1393.0,1393.5999755859375,1390.800048828125,1393.0,260081,0.0002154439855279744,-0.0032913392002664743,0.0010207184860163735,0.25,0.45,0,1395.5869420892914,1397.4313125693566,26.66646937839397,-2.022137032794035,-1.4374534065593048,1394.381442727171,0.0010207184860163735,0,ICICIBANK,15m,2026-02-24 06:00:00
1393.0999755859375,1394.0,1392.699951171875,1393.300048828125,346856,0.00021539757941502202,-0.003219344572045646,0.001021990921869386,0.3,0.45,0,1395.369142731085,1397.2693022265632,28.834401773410818,-1.944961060362175,-1.5389549373198788,1394.2301231426952,0.001021990921869386,0,ICICIBANK,15m,2026-02-24 06:15:00
1393.300048828125,1395.199951171875,1391.5999755859375,1392.800048828125,1031422,-0.00035886024723863486,-0.003719564500625938,0.0010203001449770005,0.35,0.5,0,1395.1244671212794,1397.094037387409,29.19250890893926,-1.902216796373068,-1.6116073091305168,1393.9207088033381,0.0010203001449770005,0,ICICIBANK,15m,2026-02-24 06:30:00
1392.800048828125,1394.300048828125,1390.800048828125,1392.199951171875,712165,-0.00043085700402933913,-0.004148818904238238,0.0010207188764440596,0.35,0.5,0,1394.8459417927647,1396.9021124377803,27.272727272727266,-1.8949210544712969,-1.668270058198673,1393.6652271907735,0.0010207188764440596,0,ICICIBANK,15m,2026-02-24 06:45:00
1391.9000244140625,1392.300048828125,1388.0,1388.9000244140625,571390,-0.00237029656195209,-0.006011611050258936,0.001128878651629595,0.35,0.55,0,1394.279663947174,1396.588305064301,23.56023953932778,-2.1308524960040813,-1.7607865457597547,1393.188989993473,0.001128878651629595,0,ICICIBANK,15m,2026-02-24 07:00:00
1388.699951171875,1389.9000244140625,1385.5,1386.5,879581,-0.0017280037237201729,-0.008934953538241586,0.0011124567334455536,0.3,0.6,0,1393.5387435712526,1396.192685257858,24.45648928900772,-2.4828707866911373,-1.9052033939460313,1392.2635305054182,0.0011124567334455536,-1,ICICIBANK,15m,2026-02-24 07:15:00
1386.5999755859375,1390.699951171875,1386.300048828125,1389.699951171875,480820,0.0023079344910745814,-0.007853216522779927,0.0012200794663090552,0.3,0.6,0,1393.1731442951213,1395.9380682348783,32.524073360789316,-2.4751070088555025,-2.0191841169279257,1391.9974401767186,0.0012200794663090552,-1,ICICIBANK,15m,2026-02-24 07:30:00
1389.699951171875,1391.0,1388.0999755859375,1389.0,667188,-0.0005036707177580313,-0.007998822712785736,0.0012202897087408996,0.35,0.6,0,1392.7757019813002,1395.6659871276283,31.603616053434678,-2.4966544899732526,-2.114678191536991,1391.7372159106285,0.0012202897087408996,0,ICICIBANK,15m,2026-02-24 07:45:00
1389.0,1389.199951171875,1384.0,1384.800048828125,452074,-0.0030237229459143533,-0.01050371645007142,0.001354226275796696,0.35,0.6,-1,1392.016115966712,1395.239871900197,26.90753995489753,-2.8201233565257553,-2.255767224534744,1391.3768433805444,0.001354226275796696,0,ICICIBANK,15m,2026-02-24 08:00:00
1384.9000244140625,1387.0,1384.5999755859375,1385.9000244140625,486459,0.0007943208746044039,-0.009859203571636055,0.0013787966760991782,0.3,0.6,-1,1391.4336310569358,1394.873603371329,33.47636112158935,-2.953667882080026,-2.395347356043801,1391.0258756089868,0.0013787966760991782,0,ICICIBANK,15m,2026-02-24 08:15:00
1385.9000244140625,1388.0,1385.4000244140625,1385.699951171875,683771,-0.0001443634018781781,-0.009506825466851332,0.00138101180030772,0.35,0.55,0,1390.8875663059778,1394.5138523046837,34.97736491479682,-3.04059700965945,-2.5243972867669306,1390.645129540218,0.00138101180030772,-1,ICICIBANK,15m,2026-02-24 08:30:00
1385.699951171875,1392.0,1385.300048828125,1388.4000244140625,1092580,0.0019485266199974483,-0.005372877619332472,0.0014184086539963912,0.4,0.55,0,1390.6506575543667,1394.2740943481888,45.258715943889634,-2.8586627397576194,-2.5912503773650686,1390.405079234157,0.0014184086539963912,0,ICICIBANK,15m,2026-02-24 08:45:00
1388.5,1388.5,1384.5999755859375,1385.9000244140625,1142324,-0.0018006337914427961,-0.007874579288245087,0.0014379640620331342,0.4,0.55,0,1390.1982163029093,1393.9456994488114,42.168633353106415,-2.8829744913757622,-2.6495952001672074,1389.9663752688593,0.0014379640620331342,0,ICICIBANK,15m,2026-02-24 09:00:00
1385.800048828125,1388.0999755859375,1382.300048828125,1383.0,1228589,-0.0020925206457721446,-0.009879759697676738,0.001484356210763069,0.4,0.6,-1,1389.5126718931085,1393.5164563331718,30.52230098734202,-3.1005087287637707,-2.73977790588652,1389.395252092095,0.001484356210763069,0,ICICIBANK,15m,2026-02-24 09:15:00
1383.0999755859375,1386.5999755859375,1382.9000244140625,1384.0,1466113,0.000723065798987621,-0.008809029863207418,0.0015090955982542604,0.4,0.55,0,1388.9876555223364,1393.143261967165,32.42194205496958,-3.1558360232559153,-2.8229895293603993,1388.855505248399,0.0015090955982542604,0,ICICIBANK,15m,2026-02-24 09:30:00
1384.199951171875,1386.5,1382.9000244140625,1385.199951171875,2994556,0.0008670167426843012,-0.006027572159314043,0.0014931724058594796,0.4,0.5,0,1388.6269217746733,1392.831759583036,34.716796875,-3.0674970747652424,-2.871891038441368,1388.1223123310226,0.0014931724058594796,0,ICICIBANK,15m,2026-02-24 09:45:00
1385.199951171875,1386.9000244140625,1384.300048828125,1384.800048828125,1230717,-0.0002886964754883481,-0.005458184036685632,0.0014873510198336439,0.45,0.5,0,1388.2624576845258,1392.516790533824,34.84842880130209,-2.9952294579304635,-2.8965587223391873,1387.926424421576,0.0014873510198336439,0,ICICIBANK,15m,2026-02-24 10:00:00
1392.9000244140625,1396.9000244140625,1392.300048828125,1396.5,1229401,0.0023686828479638766,0.004820802228007182,0.0020868452489069553,0.5,0.4,0,1389.4724384776532,1392.6987348275875,61.111130940695666,-1.349590315298201,-2.481219354369719,1395.2333577473958,0.0020868452489069553,0,ICICIBANK,15m,2026-02-25 04:00:00
1396.5,1402.800048828125,1396.5,1400.0999755859375,1291855,0.0025778557722431206,0.00531343769189907,0.0021124286579456155,0.5,0.4,0,1390.4845848689183,1392.988979563209,69.20912429524647,-0.3538072930002727,-2.05573694209583,1397.5732431618007,0.0021124286579456155,0,ICICIBANK,15m,2026-02-25 04:15:00
1400.0999755859375,1402.0999755859375,1399.300048828125,1402.0,1344817,0.0013570633863251302,0.006460875807609456,0.0021263371343647414,0.45,0.4,0,1391.5812910718787,1393.3423529136714,68.0353396862672,0.5819654816368711,-1.5281964573492897,1398.8116265881763,0.0021263371343647414,0,ICICIBANK,15m,2026-02-25 04:30:00
1402.0,1402.0999755859375,1398.300048828125,1398.5999755859375,444078,-0.0024251244037535313,0.0038038660533099566,0.00221363262134096,0.4,0.45,0,1392.2497372160747,1393.5485341949368,63.04347104970726,1.0372616853546788,-1.015104828808496,1398.8997219908608,0.00221363262134096,0,ICICIBANK,15m,2026-02-25 04:45:00
1398.5999755859375,1399.0999755859375,1395.0,1397.0,146588,-0.0011439837078984771,0.003015473165303817,0.0022308138456546235,0.35,0.45,0,1392.702143195496,1393.6838857951354,67.83621138896225,1.25452120921409,-0.5611796212039789,1398.838333748591,0.0022308138456546235,0,ICICIBANK,15m,2026-02-25 05:00:00
1397.199951171875,1397.5999755859375,1395.800048828125,1396.800048828125,232574,-0.000143128970561901,0.0033041932319979317,0.002227776664411743,0.35,0.4,0,1393.0924199224132,1393.8060882670175,66.36643902152915,1.3944917260573675,-0.17004535175170965,1398.7339340873823,0.002227776664411743,0,ICICIBANK,15m,2026-02-25 05:15:00
1396.699951171875,1397.800048828125,1395.5,1395.5,106548,-0.0009307336645755226,0.004751944322790136,0.002163810447698989,0.4,0.4,0,1393.3217132631357,1393.872516178115,64.2442974549687,1.3845559939779832,0.14087491739422894,1398.67912001438,0.002163810447698989,0,ICICIBANK,15m,2026-02-25 05:30:00
1395.5999755859375,1396.199951171875,1394.5,1394.9000244140625,234557,-0.0004299359268631342,0.006058438091642637,0.00212073502498462,0.4,0.4,0,1393.4720286108432,1393.9128106187404,60.061980347694636,1.3131318723142158,0.37532630837822634,1398.5168961470904,0.00212073502498462,0,ICICIBANK,15m,2026-02-25 05:45:00
1395.0,1396.800048828125,1394.800048828125,1396.4000244140625,181347,0.0010753458841110675,0.004821237301287695,0.002076897256175425,0.4,0.4,0,1393.7508853540069,1394.0103484146355,66.77326760475492,1.3618664565115068,0.5726343380048824,1398.429320405176,0.002076897256175425,0,ICICIBANK,15m,2026-02-25 06:00:00
1396.4000244140625,1398.5,1395.4000244140625,1398.5,386045,0.0015038495769281734,0.00683945284377252,0.002087418907589592,0.4,0.4,0,1394.2031819869585,1394.186413182689,75.41003946304642,1.5520483973502905,0.768517149873964,1398.3629329213493,0.002087418907589592,0,ICICIBANK,15m,2026-02-25 06:15:00
1398.5,1400.0,1397.800048828125,1399.9000244140625,599348,0.0010010900350823082,0.010904083660825847,0.001934151171803998,0.45,0.35,0,1394.7457384085874,1394.410476368233,75.72837779647692,1.795047040470081,0.9738231279931875,1398.4471146347478,0.001934151171803998,0,ICICIBANK,15m,2026-02-25 06:30:00
1399.9000244140625,1402.800048828125,1399.199951171875,1402.800048828125,670106,0.0020715939449149623,0.012194259410023056,0.0019637067631875288,0.5,0.35,0,1395.5128155914006,1394.7394792097975,76.99413610526553,2.1963151951417785,1.2183215414229056,1398.7547740326158,0.0019637067631875288,0,ICICIBANK,15m,2026-02-25 06:45:00
1402.800048828125,1403.0,1398.5999755859375,1398.5999755859375,281352,-0.0029940640832570864,0.009309392270060446,0.0021184618515658975,0.5,0.4,0,1395.8068308289755,1394.8908712245482,68.95593063459752,2.150621266289818,1.4047814863962882,1398.806406269832,0.0021184618515658975,0,ICICIBANK,15m,2026-02-25 07:00:00
1398.699951171875,1401.199951171875,1398.0,1399.0,1382274,0.00028601774706515926,0.00763466969140314,0.002089630493982332,0.45,0.4,0,1396.1109421785968,1395.0520135294678,60.21130090176829,2.122223454592813,1.5482698800355932,1398.9025845914168,0.002089630493982332,0,ICICIBANK,15m,2026-02-25 07:15:00
1398.4000244140625,1400.0,1398.0999755859375,1399.800048828125,323401,0.0005718719286096352,0.010029601103398011,0.0020255376220173096,0.45,0.35,0,1396.462285669028,1395.2382109921602,56.37071460216615,2.139611133089602,1.6665381306463949,1398.9171003976394,0.0020255376220173096,0,ICICIBANK,15m,2026-02-25 07:30:00
1399.9000244140625,1401.5999755859375,1398.9000244140625,1401.4000244140625,597422,0.001143002950512173,0.01330442835434753,0.0019346602806172679,0.5,0.3,0,1396.9325465018883,1395.4798507341957,52.71975075335819,2.2564843053417007,1.784527365585456,1399.0255802229094,0.0019346602806172679,0,ICICIBANK,15m,2026-02-25 07:45:00
1401.4000244140625,1404.0,1399.5,1401.699951171875,1008158,0.00021401937532994353,0.012788982060603304,0.001937172962474925,0.55,0.3,0,1397.386585041887,1395.7237762415557,49.32724625305175,2.346262465930522,1.8968743856544694,1399.286561123293,0.001937172962474925,0,ICICIBANK,15m,2026-02-25 08:00:00
1401.800048828125,1402.300048828125,1400.0999755859375,1400.699951171875,261781,-0.0007134194441285047,0.011189720290480043,0.0019594194733250163,0.55,0.3,0,1397.7021437209335,1395.9189203564702,55.276314094503164,2.310091367065297,1.979517781936635,1399.3292103013803,0.0019594194733250163,0,ICICIBANK,15m,2026-02-25 08:15:00
1400.699951171875,1402.0,1400.0999755859375,1400.300048828125,285977,-0.0002855017903123924,0.011192951656173511,0.0019593469152075047,0.5,0.3,0,1397.9495632549517,1396.0907293161429,58.82368300802925,2.2235253178309904,2.028319289115506,1399.367421468647,0.0019593469152075047,0,ICICIBANK,15m,2026-02-25 08:30:00
1400.300048828125,1405.9000244140625,1400.0,1405.5,899096,0.0037134549671884454,0.008828631394782072,0.001658926253528646,0.5,0.35,0,1398.668652468766,1396.459720323353,68.35436518156065,2.5451745144171127,2.1316903341758273,1399.7021332339802,0.001658926253528646,0,ICICIBANK,15m,2026-02-25 08:45:00
1405.5999755859375,1407.4000244140625,1401.5999755859375,1404.0,1077372,-0.0010672358591248265,0.005370569280343629,0.0016263702756822353,0.55,0.35,0,1399.176399852693,1396.7554175655744,67.78249943816782,2.6485159132876106,2.235055449998184,1400.0864129658278,0.0016263702756822353,0,ICICIBANK,15m,2026-02-25 09:00:00
1404.0999755859375,1405.5,1404.0,1405.0,445416,0.0007122507122507837,0.0034997675162531383,0.0015380872855492822,0.5,0.35,0,1399.7310284381508,1397.078734523787,70.78190540778138,2.779070958974671,2.3438585517934816,1400.2438538411902,0.0015380872855492822,0,ICICIBANK,15m,2026-02-25 09:15:00
1405.0,1405.0,1402.5,1402.5999755859375,459382,-0.001708202429937744,0.00042794264332202125,0.0015666417204435097,0.5,0.4,0,1400.0042614998447,1397.2952537811263,62.30151425609627,2.6582324123487524,2.406733323904536,1400.3471421346744,0.0015666417204435097,0,ICICIBANK,15m,2026-02-25 09:30:00
1402.5999755859375,1402.5999755859375,1398.5,1399.800048828125,1214885,-0.001996240415334971,0.0008580532411954778,0.0015339690494606956,0.5,0.4,0,1399.9848126739666,1397.3934810378714,52.509756235507034,2.309909109812679,2.387368481086165,1400.3433508727835,0.0015339690494606956,0,ICICIBANK,15m,2026-02-25 09:45:00
1399.699951171875,1402.800048828125,1398.0999755859375,1399.9000244140625,640952,7.142133336923706e-05,0.0020758943550913678,0.0015082883264784942,0.55,0.4,0,1399.9767376015948,1397.4917768565456,50.0,2.018657747332554,2.313626334335443,1400.3402297994544,0.0015082883264784942,0,ICICIBANK,15m,2026-02-25 10:00:00
1394.800048828125,1395.800048828125,1392.0999755859375,1395.0,324888,0.00021513503881087637,-0.00035829451809388235,0.0017228441345018657,0.55,0.45,0,1399.0480735118074,1397.2888702219952,42.17392458137622,0.8393592253403312,1.8650157476403941,1394.3000081380208,0.0017228441345018657,0,ICICIBANK,15m,2026-02-26 04:00:00
1395.0,1399.5,1394.9000244140625,1398.4000244140625,206998,0.002437293486783121,0.0025091403962589354,0.0018040132489456223,0.6,0.4,0,1398.9863545501173,1397.3324448961941,48.846195379147474,0.6988746637555323,1.6317875308634218,1395.584296659535,0.0018040132489456223,0,ICICIBANK,15m,2026-02-26 04:15:00
1398.4000244140625,1400.4000244140625,1397.300048828125,1400.0,468591,0.0011441472811815068,0.0025780403344293212,0.0018059816448834532,0.6,0.4,0,1399.0828922120108,1397.4370549002651,50.37304594978683,0.7084774082441072,1.447125506339559,1397.2933986021303,0.0018059816448834532,0,ICICIBANK,15m,2026-02-26 04:30:00
1400.0,1401.800048828125,1399.800048828125,1401.0,766189,0.0007142857142856673,0.001787629603146268,0.0017828576301763199,0.6,0.4,0,1399.265473906105,1397.5767782375096,49.236589650047286,0.787699189159639,1.3152402429035752,1398.8431106734258,0.0017828576301763199,0,ICICIBANK,15m,2026-02-26 04:45:00
1401.0,1401.199951171875,1399.0,1400.9000244140625,682631,-7.13601612687409e-05,0.0007143367258806155,0.0017701210154416715,0.55,0.45,0,1399.4211453830533,1397.7071016169823,48.46167208943101,0.8328156466777727,1.2187553236584148,1399.2677308791242,0.0017701210154416715,0,ICICIBANK,15m,2026-02-26 05:00:00
1400.9000244140625,1403.0,1399.5,1402.0999755859375,595651,0.0008565573209815547,-0.0004990541900624645,0.0017166674510695553,0.55,0.45,0,1399.6762720690422,1397.8793711843923,52.67181974476889,0.9543951225844012,1.1658832834436121,1399.7109251537167,0.0017166674510695553,0,ICICIBANK,15m,2026-02-26 05:15:00
1402.199951171875,1405.5,1402.0,1405.0,758475,0.002068343530817529,0.0045760221119561795,0.0016264709547410912,0.55,0.4,0,1400.1832937767524,1398.1586115301025,58.18808217430139,1.2701143789313392,1.1867295025411577,1400.599484891625,0.0016264709547410912,0,ICICIBANK,15m,2026-02-26 05:30:00
1405.0,1407.0,1402.5,1403.800048828125,232876,-0.0008540577735764998,0.0034310570608471203,0.001644269207206138,0.6,0.35,0,1400.527746638788,1398.379844365319,46.5587964930662,1.4072759321140893,1.2308387884557441,1400.8206813589854,0.001644269207206138,0,ICICIBANK,15m,2026-02-26 05:45:00
1403.800048828125,1404.800048828125,1401.0999755859375,1402.0999755859375,340258,-0.0012110508498747174,0.0016430394896314038,0.0016696167994721851,0.6,0.4,0,1400.6774827289928,1398.525731864167,46.18469367244988,1.363082976602982,1.2572876260851917,1400.9641985732756,0.0016696167994721851,0,ICICIBANK,15m,2026-02-26 06:00:00
1401.9000244140625,1405.699951171875,1400.0,1405.199951171875,834132,0.002210951886395973,0.0027115218293229937,0.0017215576202432214,0.6,0.45,0,1401.1081940092674,1398.7874659546655,50.370279947916664,1.560216656757575,1.3178734322196684,1401.391470967184,0.0017215576202432214,0,ICICIBANK,15m,2026-02-26 06:15:00
1405.4000244140625,1408.0,1404.199951171875,1407.9000244140625,896336,0.0019214868602406288,0.004423252805997535,0.001767317206288391,0.6,0.45,0,1401.7550350002002,1399.1448211883674,59.70703177399594,1.9122763325317464,1.4367540122820839,1402.1706094813962,0.001767317206288391,0,ICICIBANK,15m,2026-02-26 06:30:00
1407.9000244140625,1409.0,1402.9000244140625,1403.199951171875,1181405,-0.0033383572417676755,0.0017848219369953622,0.0019303990722268792,0.65,0.5,0,1401.8926460641694,1399.303845893603,55.82171164843985,1.7913796223508598,1.5076791342958393,1402.6346362550635,0.0019303990722268792,0,ICICIBANK,15m,2026-02-26 06:45:00
1403.5999755859375,1405.4000244140625,1400.699951171875,1404.699951171875,1080426,0.001068985213937168,0.0031421139686684807,0.0019402321390367993,0.65,0.55,0,1402.1600084553795,1399.5154578653,57.84296126090546,1.7959035146893711,1.5653240103745458,1402.7592623344103,0.0019402321390367993,0,ICICIBANK,15m,2026-02-26 07:00:00
1404.5999755859375,1406.199951171875,1402.0,1404.0999755859375,765782,-0.0004271201016536885,-0.0009961041722251762,0.0017528153217439206,0.65,0.5,0,1402.3447672297184,1399.6952428739526,68.07688515585019,1.7311204375616853,1.5984832958119737,1402.8716580391094,0.0017528153217439206,0,ICICIBANK,15m,2026-02-26 07:15:00
1404.0999755859375,1404.0999755859375,1398.699951171875,1400.800048828125,1465742,-0.0023502078307745533,-0.0022791675013354995,0.001814458629979715,0.6,0.55,0,1402.1976511914713,1399.7385685976456,60.00008418642241,1.3973945766526867,1.5582655519801163,1402.6405124268013,0.001814458629979715,0,ICICIBANK,15m,2026-02-26 07:30:00
1400.800048828125,1400.800048828125,1397.699951171875,1399.300048828125,507613,-0.0010708166388592177,-0.004056904748665491,0.0018156059149760397,0.6,0.6,0,1401.9216890616287,1399.721371743939,51.66056314554308,1.0003456021322563,1.4466815620105444,1402.4863351865106,0.0018156059149760397,0,ICICIBANK,15m,2026-02-26 07:45:00
1399.300048828125,1400.800048828125,1398.699951171875,1400.199951171875,323448,0.0006431089204232965,-0.001711125378467182,0.001788849266586579,0.6,0.55,0,1401.7577140245094,1399.7401395646425,50.3786968021159,0.7496544774123777,1.3072761450909112,1402.413155417848,0.001788849266586579,0,ICICIBANK,15m,2026-02-26 08:00:00
1400.0999755859375,1401.4000244140625,1398.9000244140625,1400.699951171875,666972,0.00035709185647481156,0.0006428792058574828,0.0017329794227942666,0.65,0.5,0,1401.6569747052108,1399.7777792355143,49.42075297400223,0.5845870209805071,1.1627383202688304,1402.2984971485896,0.0017329794227942666,0,ICICIBANK,15m,2026-02-26 08:15:00
1400.5999755859375,1404.300048828125,1400.300048828125,1401.9000244140625,1020184,0.0008567668194630063,0.001428673451761009,0.0017427523726271101,0.65,0.45,0,1401.68012229653,1399.8610045366338,51.85185185185185,0.5443310442813072,1.0390568650713259,1402.2882483516353,0.0017427523726271101,0,ICICIBANK,15m,2026-02-26 08:30:00
1401.9000244140625,1405.800048828125,1399.699951171875,1405.800048828125,680926,0.002781956163880217,0.007958771094042971,0.0015991937632620213,0.65,0.45,0,1402.07249625192,1400.0939082343393,56.22906417101309,0.8177013172851275,0.9947857555140863,1402.3612004784852,0.0015991937632620213,0,ICICIBANK,15m,2026-02-26 08:45:00
1405.9000244140625,1407.5,1403.300048828125,1404.9000244140625,936620,-0.0006402222099883836,0.007096791694668481,0.001615684477740241,0.7,0.4,0,1402.3417846483146,1400.2823833786424,49.81953913070303,0.9507649532199594,0.9859815950552611,1402.5437529917992,0.001615684477740241,0,ICICIBANK,15m,2026-02-26 09:00:00
1404.699951171875,1407.300048828125,1404.4000244140625,1406.800048828125,1337458,0.0013524267784499333,0.006006882342255437,0.0015593203129383806,0.65,0.4,0,1402.766381236868,1400.5379781021516,55.281662898553215,1.195751060521843,1.0279354881485776,1402.8452130877085,0.0015593203129383806,0,ICICIBANK,15m,2026-02-26 09:15:00
1407.0,1409.800048828125,1403.699951171875,1403.9000244140625,2924914,-0.002061433262302126,0.002785731724330276,0.0016311483232667667,0.65,0.45,0,1402.8743472537437,1400.6698230555598,53.04061298889824,1.1427239712686514,1.0508931847725924,1403.3001181900172,0.0016311483232667667,0,ICICIBANK,15m,2026-02-26 09:30:00
1403.699951171875,1408.0999755859375,1402.300048828125,1404.199951171875,5500609,0.00021363825956033367,0.0022840479456638363,0.001625709651361003,0.6,0.5,0,1403.000595245947,1400.8082594522782,48.134331757353806,1.112081816821501,1.0631309111823741,1403.6518420265722,0.001625709651361003,0,ICICIBANK,15m,2026-02-26 09:45:00
1404.199951171875,1405.0999755859375,1400.5999755859375,1404.9000244140625,2408724,0.0004985566632467187,0.0028553072526877887,0.0016272590734554646,0.6,0.5,0,1403.181493261958,1400.9687208233288,43.9516248117266,1.1312474323231072,1.0767542154105207,1403.6412326929735,0.0016272590734554646,0,ICICIBANK,15m,2026-02-26 10:00:00
1395.9000244140625,1401.300048828125,1394.300048828125,1397.5999755859375,539487,0.0011461143165740761,-0.005266921291147697,0.0021248867102322743,0.5,0.6,0,1402.0311066716013,1400.6494026169082,37.8007189989387,-0.008376447448881663,0.7551910982579854,1397.7333577473958,0.0021248867102322743,-1,ICICIBANK,15m,2026-02-27 04:00:00
1397.5999755859375,1398.699951171875,1396.0,1398.0,414351,0.0002862223962867283,-0.004131677323253258,0.002123458051454936,0.45,0.6,0,1401.6471917504964,1400.5455044750686,39.4464179362954,-0.3146550817930347,0.5412218622477813,1397.6609394122222,0.002123458051454936,-1,ICICIBANK,15m,2026-02-27 04:15:00
1398.0,1398.0,1395.300048828125,1396.0,491824,-0.0014306151645206988,-0.004350599595002724,0.002129492896325391,0.45,0.6,0,1401.109363964735,1400.367249397615,41.30429013710748,-0.7105753214439119,0.29086242550944275,1397.243305050113,0.002129492896325391,-1,ICICIBANK,15m,2026-02-27 04:30:00
1395.800048828125,1395.800048828125,1392.199951171875,1392.300048828125,258394,-0.002650394822260038,-0.009180118696269557,0.002115311745442583,0.4,0.6,-1,1400.270381570772,1400.0508885909685,38.25505280146812,-1.307824316972983,-0.028874922987042417,1396.665583645327,0.002115311745442583,-1,ICICIBANK,15m,2026-02-27 04:45:00
1392.199951171875,1394.0999755859375,1392.0999755859375,1392.199951171875,456424,-7.189373894966877e-05,-0.011151412010750872,0.0020429754548916936,0.35,0.65,-1,1399.5017691518296,1399.7430086921806,36.20701266994991,-1.768835459074353,-0.3768670302045045,1395.8489317868111,0.0020429754548916936,-1,ICICIBANK,15m,2026-02-27 05:00:00
1392.0999755859375,1393.0,1388.4000244140625,1388.9000244140625,403270,-0.00237029656195209,-0.010190940176323382,0.001984273475180039,0.3,0.65,-1,1398.492079176804,1399.3177936224506,31.446755749365664,-2.3731108763404336,-0.7761157994316904,1394.9446450357518,0.001984273475180039,-1,ICICIBANK,15m,2026-02-27 05:15:00
1388.9000244140625,1388.9000244140625,1385.699951171875,1387.9000244140625,554151,-0.0007199942273899973,-0.011959797353019885,0.001949356248364633,0.3,0.65,-1,1397.483312056543,1398.8700379672198,27.848169723565675,-2.8992741134993594,-1.200747462245224,1393.6214928602317,0.001949356248364633,0,ICICIBANK,15m,2026-02-27 05:30:00
1387.9000244140625,1391.4000244140625,1387.5999755859375,1391.300048828125,470378,0.002449761765439762,-0.009116107813100016,0.002065440823041619,0.3,0.65,-1,1396.8944298443125,1398.5731756480398,26.688176094704275,-3.0072430883453762,-1.5620465874652547,1393.1598718121697,0.002065440823041619,0,ICICIBANK,15m,2026-02-27 05:45:00
1391.4000244140625,1391.5999755859375,1388.300048828125,1389.0,325646,-0.001653165203337914,-0.008423792416338505,0.002037483284584526,0.35,0.6,-1,1396.1425793829494,1398.1977569951755,25.538515855935046,-3.2410432675956145,-1.8978459234913267,1392.8664577842144,0.002037483284584526,-1,ICICIBANK,15m,2026-02-27 06:00:00
1388.9000244140625,1390.9000244140625,1388.5,1389.5999755859375,258570,0.0004319478660457232,-0.006932089547421305,0.002039962509237642,0.35,0.55,0,1395.5194742594244,1397.8605890967742,22.435844767617013,-3.339423779895469,-2.1861614947721555,1392.6681663568395,0.002039962509237642,-1,ICICIBANK,15m,2026-02-27 06:15:00
1389.5,1392.199951171875,1388.4000244140625,1392.199951171875,321419,0.0018710244902251372,-0.005713469703598095,0.0020891751402698383,0.4,0.6,0,1395.2033292034675,1397.6386032957978,31.067857608450893,-3.171040957549394,-2.3831373873276034,1392.5440838437505,0.0020891751402698383,-1,ICICIBANK,15m,2026-02-27 06:30:00
1392.0999755859375,1392.199951171875,1388.300048828125,1388.800048828125,259794,-0.002442107788387826,-0.008495682700491392,0.0021371520515909475,0.35,0.65,-1,1394.5934929772443,1397.2919933166734,27.353084788602942,-3.274197155981483,-2.5613493410583796,1392.3922966305508,0.0021371520515909475,-1,ICICIBANK,15m,2026-02-27 06:45:00
1388.9000244140625,1389.800048828125,1387.0999755859375,1388.0999755859375,207248,-0.0005040849780918455,-0.00984381809529744,0.0021157741136771254,0.3,0.7,-1,1393.9750627495007,1396.931522033115,25.294045840992652,-3.3735510497879204,-2.723789682804288,1392.2227301144555,0.0021157741136771254,-1,ICICIBANK,15m,2026-02-27 07:00:00
1388.0,1388.300048828125,1385.4000244140625,1385.800048828125,234812,-0.0016568884073653312,-0.014226774296011713,0.001982862907576145,0.25,0.7,-1,1393.196489995084,1396.494993672135,31.386884077341165,-3.596417334165153,-2.898315213076461,1391.9641049893326,0.001982862907576145,-1,ICICIBANK,15m,2026-02-27 07:15:00
1385.699951171875,1386.5999755859375,1383.5999755859375,1383.9000244140625,292776,-0.001371066782447583,-0.014947682849360322,0.0019881528146810114,0.2,0.75,-1,1392.311112320701,1396.0010733090733,25.270802668805473,-3.881611757130713,-3.0949745218873117,1391.5766146121077,0.0019881528146810114,-1,ICICIBANK,15m,2026-02-27 07:30:00
1383.9000244140625,1385.199951171875,1382.5999755859375,1382.9000244140625,292067,-0.0007225955505155701,-0.016988927768357254,0.00192578037363995,0.2,0.8,-1,1391.4148182343547,1395.4873066857394,23.321528859135668,-4.140591869059335,-3.3040979913217168,1391.1719089122646,0.00192578037363995,-1,ICICIBANK,15m,2026-02-27 07:45:00
1382.800048828125,1383.199951171875,1381.800048828125,1382.699951171875,303712,-0.00014467657723293836,-0.015100842562514871,0.001910192431424107,0.15,0.8,-1,1390.584830895071,1394.9858417636271,24.905568248820757,-4.312270541667431,-3.50573250139086,1390.7423590221415,0.001910192431424107,0,ICICIBANK,15m,2026-02-27 08:00:00
1382.699951171875,1386.9000244140625,1382.300048828125,1386.9000244140625,239851,0.0030375883347850685,-0.012320130579248967,0.002082457053301602,0.2,0.75,-1,1390.2338969444988,1394.6687508871737,39.99999999999999,-4.0625853622350405,-3.6171030735596963,1390.5384814280867,0.002082457053301602,0,ICICIBANK,15m,2026-02-27 08:15:00
1386.9000244140625,1390.199951171875,1386.300048828125,1388.5999755859375,753932,0.0012257200533205559,-0.011602283824376225,0.0021091464024384577,0.25,0.7,-1,1390.0782853865405,1394.4307596988901,43.706331015702695,-3.6850571610802945,-3.630693891063816,1390.307147398585,0.0021091464024384577,0,ICICIBANK,15m,2026-02-27 08:30:00
1388.4000244140625,1388.9000244140625,1385.0,1385.9000244140625,448382,-0.0019443693067441314,-0.007234939531473805,0.0016592630531873233,0.25,0.7,0,1389.6803557701141,1394.0962210602695,44.64285714285714,-3.5626587247572843,-3.61708685780251,1390.08629925972,0.0016592630531873233,0,ICICIBANK,15m,2026-02-27 08:45:00
1385.699951171875,1386.0,1380.9000244140625,1382.199951171875,584931,-0.0026697980929409892,-0.011018907185946447,0.0016957495616452998,0.25,0.7,0,1388.9679362845677,1393.6297006724892,40.716515238871544,-3.721324952373834,-3.637934476716775,1389.5776948869873,0.0016957495616452998,0,ICICIBANK,15m,2026-02-27 09:00:00
1382.300048828125,1384.300048828125,1381.699951171875,1384.0,552708,0.0013023071130908725,-0.010014306151645225,0.0017369205269266402,0.25,0.7,0,1388.4947994955612,1393.2520653519994,37.45700286927194,-3.659634199090533,-3.642274421191527,1389.1793502429628,0.0017369205269266402,-1,ICICIBANK,15m,2026-02-27 09:15:00
1384.0,1385.5,1379.5999755859375,1381.0,1368839,-0.0021676300578035157,-0.01074498567335247,0.0017652534499150692,0.3,0.7,0,1387.7810090674125,1392.7715922009406,36.57720320167785,-3.8089119941066656,-3.6756019357745546,1388.2043885237465,0.0017652534499150692,-1,ICICIBANK,15m,2026-02-27 09:30:00
1381.0999755859375,1381.0999755859375,1377.199951171875,1377.800048828125,2828798,-0.002317126120112256,-0.010414421813893071,0.0017457339468659203,0.3,0.7,0,1386.8304414255756,1392.1844728529873,31.790250206276056,-4.137727887170968,-3.7680271260538376,1386.114005099823,0.0017457339468659203,-1,ICICIBANK,15m,2026-02-27 09:45:00
1377.800048828125,1380.0999755859375,1377.199951171875,1379.4000244140625,1598542,0.0011612538316414511,-0.009194029023660177,0.0017838241131758596,0.3,0.65,-1,1386.1227826625743,1391.683121933814,29.617966869987455,-4.22056020237801,-3.858533741318672,1385.3165174008616,0.0017838241131758596,-1,ICICIBANK,15m,2026-02-27 10:00:00
1372.800048828125,1374.0,1367.0,1371.199951171875,866949,-0.0010927369806631448,-0.012032619748124751,0.002000890240831413,0.3,0.6,-1,1383.5449447504293,1390.1646159159795,26.197230560799397,-5.269029961506931,-4.286761753212945,1370.7333170572917,0.002000890240831413,-1,ICICIBANK,15m,2026-03-02 04:00:00
1371.300048828125,1372.0,1362.699951171875,1363.300048828125,510183,-0.00576130588175594,-0.02012506218452592,0.002176213168052405,0.25,0.65,-1,1381.6168594244955,1389.1111034811618,22.62780226438406,-6.228713114148377,-4.675152025400031,1368.979775714675,0.002176213168052405,-1,ICICIBANK,15m,2026-03-02 04:15:00
1362.699951171875,1366.199951171875,1358.9000244140625,1365.0999755859375,464248,0.0013202719088580839,-0.01720664104684122,0.0022311065899505325,0.2,0.7,-1,1380.0438228684422,1388.1694906225255,27.07311118521342,-6.766035237513279,-5.09332866782268,1367.5730007567051,0.0022311065899505325,-1,ICICIBANK,15m,2026-03-02 04:30:00
1365.0,1368.4000244140625,1364.699951171875,1364.800048828125,325770,-0.00021971047042457226,-0.017846810012612013,0.0022158744165001066,0.25,0.7,-1,1378.5920348646025,1387.253041924706,27.543413794879086,-7.133834075672894,-5.501429749392724,1367.3315348658398,0.0022158744165001066,-1,ICICIBANK,15m,2026-03-02 04:45:00
1365.0999755859375,1368.5999755859375,1364.5,1368.199951171875,254866,0.0024911358602817124,-0.017238903061157385,0.0022605423648825625,0.25,0.7,-1,1377.6023126081523,1386.5058618951832,33.333239792338986,-7.069481023154822,-5.815040004145144,1367.3071681451281,0.0022605423648825625,-1,ICICIBANK,15m,2026-03-02 05:00:00
1368.0999755859375,1368.199951171875,1363.5999755859375,1365.5,157206,-0.0019733600849514144,-0.016777108301361032,0.002245729752622083,0.25,0.7,-1,1376.4497114073758,1385.682102605176,24.52355832250676,-7.153878798874075,-6.082807763090931,1367.213271647091,0.002245729752622083,-1,ICICIBANK,15m,2026-03-02 05:15:00
1365.5999755859375,1366.800048828125,1364.300048828125,1365.0999755859375,283683,-0.000292950870789066,-0.016569411717114457,0.002247903035395038,0.25,0.65,-1,1375.3687841862866,1384.8749603691274,21.130013316857216,-7.170387507481109,-6.300323711968967,1367.0335984079136,0.002247903035395038,0,ICICIBANK,15m,2026-03-02 05:30:00
1364.9000244140625,1366.699951171875,1364.699951171875,1365.5,406654,0.000293036716150219,-0.014648613156920676,0.0022525543220577467,0.25,0.6,-1,1374.4288999780688,1384.1151580017106,23.43731621796033,-7.069697083672509,-6.454198386309676,1366.8594352773282,0.0022525543220577467,0,ICICIBANK,15m,2026-03-02 05:45:00
1365.5,1365.699951171875,1363.199951171875,1364.199951171875,190355,-0.0009520679810508526,-0.01423518526963563,0.0022482731881750943,0.25,0.6,-1,1373.454714377479,1383.3341694985797,24.99983045674952,-7.013949825283817,-6.566148674104505,1366.7222872836037,0.0022482731881750943,0,ICICIBANK,15m,2026-03-02 06:00:00
1364.300048828125,1369.0,1363.4000244140625,1366.5999755859375,444573,0.0017592907931134327,-0.011786859888900048,0.002315281895752405,0.3,0.55,0,1372.8018821116177,1382.6779266000447,26.229300425248056,-6.6988872071872265,-6.5926963807210495,1366.6780001789127,0.002315281895752405,-1,ICICIBANK,15m,2026-03-02 06:15:00
1366.5999755859375,1367.0999755859375,1365.0,1366.699951171875,363874,7.315643767280555e-05,-0.011571563292845699,0.002317998425909606,0.3,0.5,0,1372.2207458316423,1382.0513393283518,28.783125896518243,-6.3677274202598255,-6.547702588628805,1366.6429322795298,0.002317998425909606,0,ICICIBANK,15m,2026-03-02 06:30:00
1366.9000244140625,1368.199951171875,1363.699951171875,1364.4000244140625,405570,-0.0016828322528587014,-0.016223231382165304,0.0021656613666198488,0.3,0.55,0,1371.4759152204442,1381.3591309003405,29.572935856640427,-6.2191749932874245,-6.48199706956053,1366.537969894287,0.0021656613666198488,0,ICICIBANK,15m,2026-03-02 06:45:00
1364.699951171875,1368.800048828125,1363.0999755859375,1368.5,396169,0.0030049659283011287,-0.014474993474961062,0.0022870561485901202,0.3,0.6,-1,1371.192494723259,1380.85485125719,34.560733120082986,-5.704850395575704,-6.3265677347635645,1366.5584451174545,0.0022870561485901202,0,ICICIBANK,15m,2026-03-02 07:00:00
1368.5,1369.800048828125,1364.199951171875,1365.199951171875,459682,-0.0024114350223785053,-0.014936195163817279,0.002302481317049491,0.35,0.55,0,1370.6217762897938,1380.2409336067856,38.24438814948608,-5.50012874667118,-6.161279937145088,1366.545272473346,0.002302481317049491,0,ICICIBANK,15m,2026-03-02 07:15:00
1365.199951171875,1367.0,1364.5999755859375,1365.5999755859375,490851,0.00029301525664360284,-0.01200982214755797,0.002267483948592884,0.35,0.5,0,1370.1435095560932,1379.6667783902817,40.909036863236246,-5.245143983055186,-5.9780527463271085,1366.4790752598758,0.002267483948592884,0,ICICIBANK,15m,2026-03-02 07:30:00
1365.5,1368.0999755859375,1365.199951171875,1367.800048828125,305595,0.0016110671364384377,-0.011705167031701547,0.0022821318472516327,0.4,0.5,0,1369.9203228200963,1379.2014164466677,58.96419574161796,-4.810091456821965,-5.74446048842608,1366.505848877428,0.0022821318472516327,0,ICICIBANK,15m,2026-03-02 07:45:00
1368.0,1368.0,1363.4000244140625,1364.0,331736,-0.0027782195441363733,-0.012309920347574277,0.002308336702291333,0.35,0.5,0,1369.3564825515157,1378.605282468367,47.97052292086143,-4.717560279175586,-5.539080446575982,1366.4374630890907,0.002308336702291333,0,ICICIBANK,15m,2026-03-02 08:00:00
1363.800048828125,1364.800048828125,1361.9000244140625,1364.5999755859375,383698,0.00043986479907442977,-0.009580543456515822,0.002283627871547673,0.35,0.5,0,1368.9034818881273,1378.0560547474875,49.634903168033645,-4.543441671267601,-5.3399526915143065,1366.2919330990674,0.002283627871547673,0,ICICIBANK,15m,2026-03-02 08:15:00
1364.5,1367.5999755859375,1361.5999755859375,1365.199951171875,758718,0.00043967140310097186,-0.010294383783427397,0.0022619511221489007,0.4,0.55,0,1368.5507646770557,1377.5518938229538,43.90246323018599,-4.307385545153693,-5.1334392622421845,1366.1468143747347,0.0022619511221489007,0,ICICIBANK,15m,2026-03-02 08:30:00
1365.199951171875,1369.800048828125,1365.199951171875,1369.0,651334,0.0027835108145608523,-0.0026953823147705114,0.0021314112714272064,0.45,0.5,0,1368.5935489935264,1377.21652543774,56.80928677280845,-3.770216473787741,-4.860794704551296,1366.2896307083265,0.0021314112714272064,0,ICICIBANK,15m,2026-03-02 08:45:00
1369.0,1370.0,1367.5999755859375,1370.0,603643,0.0007304601899196239,-0.0008751102790293119,0.002127177965194576,0.5,0.5,0,1368.7274967084286,1376.9335244401816,59.31557523520429,-3.226620005067616,-4.53395976465456,1366.4836395296106,0.002127177965194576,0,ICICIBANK,15m,2026-03-02 09:00:00
1370.699951171875,1375.0,1370.699951171875,1374.0,1155657,0.0029197080291971655,0.007848566558090075,0.001751082718697605,0.55,0.45,0,1369.2296398790545,1376.8184842660569,64.21397718643597,-2.4448664184055815,-4.116141095404765,1367.247551133552,0.001751082718697605,0,ICICIBANK,15m,2026-03-02 09:15:00
1374.0,1375.0999755859375,1368.800048828125,1373.5,1292769,-0.0003639010189228076,0.0061534133501519594,0.0017445983343727942,0.6,0.45,0,1369.636340842954,1376.6883476281723,65.9794117153548,-1.8444057289307239,-3.661794022109957,1367.834064395251,0.0017445983343727942,0,ICICIBANK,15m,2026-03-02 09:30:00
1373.4000244140625,1378.800048828125,1370.5999755859375,1378.5,3401621,0.0036403349108118377,0.010038064684741554,0.0018905321297076575,0.6,0.45,0,1370.4804988579108,1376.7593928192243,68.76971122928757,-0.9540800522318023,-3.120251228134326,1369.6900394733875,0.0018905321297076575,0,ICICIBANK,15m,2026-03-02 09:45:00
1378.5999755859375,1378.699951171875,1373.199951171875,1374.800048828125,1005536,-0.002684041473975385,0.00482392770924811,0.0019568389129366514,0.55,0.4,0,1370.8918845693597,1376.6825557999655,61.473210271874066,-0.5408115380189429,-2.60436329011125,1370.061428205623,0.0019568389129366514,0,ICICIBANK,15m,2026-03-02 10:00:00
1348.699951171875,1350.0999755859375,1343.800048828125,1345.0,1003034,-0.0025954764553207665,-0.014724178408478839,0.00476817974150527,0.55,0.4,0,1366.4965313594982,1374.3782454731709,29.983030827330353,-3.946995193416342,-2.8256110905523646,1346.3000081380208,0.00476817974150527,0,ICICIBANK,15m,2026-03-04 04:00:00
1344.699951171875,1350.0999755859375,1344.699951171875,1348.5999755859375,905690,0.002676561773931274,-0.012376436773388844,0.004824562164016165,0.55,0.4,0,1364.792097476302,1373.3673329285734,35.932253185718224,-4.898267375700925,-3.2401423475820765,1347.0117391936262,0.004824562164016165,0,ICICIBANK,15m,2026-03-04 04:15:00
1348.699951171875,1352.699951171875,1347.5,1352.0,490602,0.0025211511757481375,-0.008942934766560384,0.0048739086493188545,0.6,0.35,0,1363.573802478559,1372.5293983039235,39.03229934731888,-5.316518364395279,-3.6554175509447173,1347.7727085421309,0.0048739086493188545,0,ICICIBANK,15m,2026-03-04 04:30:00
1352.0,1352.0,1349.9000244140625,1350.199951171875,300996,-0.0013313970622226279,-0.012000603473617755,0.00484952124053441,0.55,0.35,0,1362.3001023541128,1371.6537337105099,35.71422909549213,-5.727214420295468,-4.069776924814867,1348.0990031729716,0.00484952124053441,0,ICICIBANK,15m,2026-03-04 04:45:00
1350.300048828125,1353.5999755859375,1350.199951171875,1351.4000244140625,238363,0.0008888114987308793,-0.011194795715543604,0.004858831861384491,0.6,0.35,0,1361.2619996931558,1370.8594706008453,39.32207668068749,-5.887985095253043,-4.433418558902503,1348.3937901135275,0.004858831861384491,0,ICICIBANK,15m,2026-03-04 05:00:00
1351.0999755859375,1352.9000244140625,1350.300048828125,1352.0,277431,0.0004439659427988296,-0.009088261647743456,0.004856039118058157,0.55,0.3,0,1360.3799044842838,1370.1198835184591,39.32207668068749,-5.898984180227217,-4.726531683167446,1348.681870390555,0.004856039118058157,0,ICICIBANK,15m,2026-03-04 05:15:00
1352.0,1353.199951171875,1350.0999755859375,1352.0,282726,0.0,-0.012056996711728218,0.004789709524247005,0.55,0.3,0,1359.5818183429235,1369.4092998510687,38.69870028887114,-5.840376806002041,-4.9493007077343645,1348.9311372078248,0.004789709524247005,0,ICICIBANK,15m,2026-03-04 05:30:00
1352.0,1354.4000244140625,1350.300048828125,1350.9000244140625,304332,-0.0008135914097170405,-0.01047460245331655,0.004771112353275186,0.55,0.3,0,1358.754980825889,1368.6834459123625,33.75228744562179,-5.815649687114046,-5.1225705036103015,1349.1660424364336,0.004771112353275186,0,ICICIBANK,15m,2026-03-04 05:45:00
1350.5,1351.9000244140625,1349.9000244140625,1350.0999755859375,250110,-0.000592233928245034,-0.011350322405614732,0.004767322325704927,0.55,0.35,0,1357.9306946125603,1367.9546823701498,32.07208950923443,-5.793822937099549,-5.256820990308151,1349.256582887491,0.004767322325704927,0,ICICIBANK,15m,2026-03-04 06:00:00
1350.0,1350.300048828125,1348.199951171875,1349.699951171875,439691,-0.0002962924385573329,-0.013232999714949178,0.004740614902503551,0.5,0.4,0,1357.1468142848757,1367.2388105584528,26.58961440943068,-5.7426065142828975,-5.353978095103101,1349.27061636357,0.004740614902503551,0,ICICIBANK,15m,2026-03-04 06:15:00
1349.5999755859375,1350.300048828125,1348.5999755859375,1350.0,577956,0.0002223078009779833,-0.01026392961876832,0.0047173084090027465,0.5,0.35,0,1356.4661653053636,1366.562778771847,27.27281313159932,-5.613101358957692,-5.40580274787402,1349.311957717336,0.0047173084090027465,0,ICICIBANK,15m,2026-03-04 06:30:00
1350.0999755859375,1350.4000244140625,1347.800048828125,1347.800048828125,257158,-0.001629593460648171,-0.012311246561908296,0.004718187889046299,0.55,0.35,0,1355.6408208789599,1365.8269854407206,18.609550912404202,-5.623164919248893,-5.449275182148995,1349.2808149769987,0.004718187889046299,0,ICICIBANK,15m,2026-03-04 06:45:00
1347.5999755859375,1350.9000244140625,1347.5,1350.9000244140625,321102,0.002300026319655313,-0.01047460245331655,0.004758109327674291,0.55,0.35,0,1355.1893164537316,1365.2416144200674,25.258861439312568,-5.319676323798149,-5.423355410478826,1349.3084318827691,0.004758109327674291,0,ICICIBANK,15m,2026-03-04 07:00:00
1350.9000244140625,1353.0,1350.800048828125,1352.0999755859375,449965,0.0008882605301570035,-0.012344795043142787,0.004707552708705575,0.55,0.35,0,1354.8950935139417,1364.7262560344154,57.75854357949015,-4.9255546660870095,-5.323795261600463,1349.504543652391,0.004707552708705575,0,ICICIBANK,15m,2026-03-04 07:15:00
1352.0999755859375,1354.300048828125,1350.699951171875,1354.0,545045,0.0014052395890615799,-0.011678832116788329,0.004720068730977554,0.55,0.4,0,1354.8098465126138,1364.3056185428698,70.83323914370324,-4.409069315292982,-5.140850072338966,1349.7912870854964,0.004720068730977554,0,ICICIBANK,15m,2026-03-04 07:30:00
1354.300048828125,1357.199951171875,1354.0,1356.4000244140625,525389,0.001772543880400601,-0.012809298097479993,0.0046821645709053325,0.55,0.4,0,1354.9612920270374,1363.9955952437008,69.11762945942388,-3.7627148072494947,-4.865223019321072,1350.236491529146,0.0046821645709053325,0,ICICIBANK,15m,2026-03-04 07:45:00
1356.4000244140625,1357.800048828125,1354.300048828125,1355.0,958528,-0.0010321618909342467,-0.013469239170003644,0.0046825210254958245,0.55,0.35,0,1354.964978500653,1363.6428268027714,58.152109013228596,-3.325114621075045,-4.557201339671867,1350.8807928359963,0.0046825210254958245,1,ICICIBANK,15m,2026-03-04 08:00:00
1354.699951171875,1361.5999755859375,1354.0,1360.800048828125,1163686,0.004280478839944646,-0.012840008104370693,0.00471558640002074,0.55,0.4,0,1355.5206994842217,1363.5313453135695,73.66077753920938,-2.4816904704487115,-4.1420991658272355,1351.8725787128778,0.00471558640002074,0,ICICIBANK,15m,2026-03-04 08:15:00
1360.9000244140625,1362.0999755859375,1360.0,1360.800048828125,739123,0.0,-0.01018329902732662,0.0046923469688427135,0.6,0.4,0,1356.0234946598316,1363.4242356474738,72.16979230844528,-1.7926067003518256,-3.6722006727321537,1352.5426718743242,0.0046923469688427135,0,ICICIBANK,15m,2026-03-04 08:30:00
1360.800048828125,1370.699951171875,1360.5,1370.0,1909199,0.0067606928584384995,0.015943641082684534,0.0021827154749027005,0.65,0.35,1,1357.3545904065145,1363.6821087593376,80.20129279622483,-0.49839844852726856,-3.0374402278911767,1354.8650230169624,0.0021827154749027005,1,ICICIBANK,15m,2026-03-04 08:45:00
1370.0,1371.5,1368.0999755859375,1371.199951171875,1358114,0.0008758767677918833,0.01947951759990696,0.002031852216046477,0.7,0.35,0,1358.6731961936916,1363.976926108849,80.96766318044355,0.6169847305566236,-2.306555236201617,1356.437949562625,0.002031852216046477,1,ICICIBANK,15m,2026-03-04 09:00:00
1371.300048828125,1375.9000244140625,1371.0,1374.199951171875,494806,0.002187864722016819,0.018982630913080722,0.0020130631896854226,0.75,0.35,0,1360.1519347630424,1364.3778290524972,85.41019675938809,1.7231455149608337,-1.5006150859691267,1357.0572008942,0.0020130631896854226,1,ICICIBANK,15m,2026-03-04 09:15:00
1374.5,1375.300048828125,1366.5999755859375,1366.800048828125,1100321,-0.005384880371622436,0.010946781677607209,0.0024215688940689042,0.7,0.4,1,1360.7850884835264,1364.4728180633062,71.13939854689524,1.9798531161752635,-0.8045214455402488,1357.9814012279144,0.0024215688940689042,0,ICICIBANK,15m,2026-03-04 09:30:00
1367.0,1367.4000244140625,1361.699951171875,1362.4000244140625,1263772,-0.0032192158742129218,0.009035752987251122,0.0025328873996504305,0.7,0.45,1,1360.9388919054823,1364.3915320378458,64.59782630047341,1.8074157779287816,-0.28213400084644275,1358.439125082412,0.0025328873996504305,0,ICICIBANK,15m,2026-03-04 09:45:00
1362.4000244140625,1367.0999755859375,1362.0,1366.5,591279,0.003009377211146802,0.011173579482866014,0.0025957003809220867,0.65,0.45,1,1361.4685212478173,1364.4742170559693,67.44193248683803,1.9787815479480741,0.1700491089124606,1358.6778078373177,0.0025957003809220867,1,ICICIBANK,15m,2026-03-04 10:00:00
1357.5,1359.9000244140625,1355.199951171875,1358.800048828125,213517,0.0008839667529232376,0.005029621914293569,0.0030432310045864315,0.6,0.5,0,1360.8810369467321,1363.9926942480868,57.5816008790941,0.9917943628286139,0.5280733109532564,1357.9666748046875,0.0030432310045864315,1,ICICIBANK,15m,2026-03-05 04:00:00
1358.800048828125,1362.5,1358.5,1360.800048828125,151888,0.0014718869061896012,0.007328465641531556,0.0030438921268012976,0.6,0.5,1,1360.8733237925792,1363.867492466912,58.223127813788636,0.8354798361954181,0.5895546160016888,1359.0612766010534,0.0030438921268012976,0,ICICIBANK,15m,2026-03-05 04:15:00
1360.300048828125,1361.4000244140625,1356.5,1356.5999755859375,139567,-0.0030864734652269465,0.004814458275342881,0.003135101348127521,0.6,0.5,0,1360.4663382490894,1363.5824918049132,52.35504722478378,0.3684414745137019,0.5453319877040914,1358.8140192784442,0.003135101348127521,1,ICICIBANK,15m,2026-03-05 04:30:00
1356.9000244140625,1360.0,1356.5,1357.9000244140625,436617,0.0009583140583233618,0.006075478653657651,0.003136255356964223,0.6,0.45,1,1360.2219274076583,1363.3596499464484,51.38631912416401,0.1020370637643282,0.45667300291613877,1358.4983874028615,0.003136255356964223,1,ICICIBANK,15m,2026-03-05 04:45:00
1357.9000244140625,1358.0,1355.0,1356.699951171875,264803,-0.0008837714269173125,0.00496292679398147,0.0031475698336965643,0.6,0.5,0,1359.8865010994884,1363.098485288622,51.576944853357496,-0.20357949461845237,0.32462250340922055,1358.0743711991306,0.0031475698336965643,1,ICICIBANK,15m,2026-03-05 05:00:00
1356.5999755859375,1365.9000244140625,1356.5,1363.199951171875,641915,0.004791037247687369,0.011425954730555077,0.003270558286142152,0.6,0.45,1,1360.202067773049,1363.1024643428673,52.197708838232536,0.07781584561848831,0.2752611718510741,1359.3914284418536,0.003270558286142152,0,ICICIBANK,15m,2026-03-05 05:15:00
1363.300048828125,1367.699951171875,1362.800048828125,1367.0999755859375,280993,0.0028609335048097595,0.011991968968171118,0.0032885001210471642,0.6,0.4,1,1360.8590113742764,1363.2592294896544,55.384541548683,0.6085085486854496,0.3419106472179492,1360.2459319537018,0.0032885001210471642,0,ICICIBANK,15m,2026-03-05 05:30:00
1367.0999755859375,1370.5999755859375,1367.0,1367.9000244140625,538844,0.0005852160357051606,0.011685562542280259,0.003287806640466215,0.6,0.4,1,1361.5295840447322,1363.4412214474744,47.90422517366314,1.081180418589156,0.4897646014921906,1361.9128791058565,0.003287806640466215,0,ICICIBANK,15m,2026-03-05 05:45:00
1368.5,1368.5,1360.5999755859375,1362.5,243882,-0.003947674769854359,0.006277695716395915,0.003432325003971545,0.55,0.4,0,1361.6220046119006,1363.4043108024755,41.98903845980919,1.0084150594877883,0.5934946930913101,1362.0765080134242,0.003432325003971545,0,ICICIBANK,15m,2026-03-05 06:00:00
1363.199951171875,1363.199951171875,1358.699951171875,1359.0,638464,-0.0025688073394495303,0.001916820656989282,0.0034725738446590485,0.5,0.45,0,1361.3722898869576,1363.2315927317902,36.13150555550605,0.6607109740436954,0.6069379492817872,1361.757043039402,0.0034725738446590485,0,ICICIBANK,15m,2026-03-05 06:15:00
1359.0999755859375,1361.800048828125,1357.699951171875,1360.800048828125,943975,0.0013245392407101875,0.004280478839944646,0.003472066187584389,0.45,0.5,0,1361.3177907384975,1363.1362380689013,43.902493487160406,0.5243574122041537,0.5904218418662606,1361.4090167806721,0.003472066187584389,0,ICICIBANK,15m,2026-03-05 06:30:00
1361.300048828125,1361.9000244140625,1354.5,1355.4000244140625,830699,-0.003968271766827791,-0.003968271766827791,0.0034541387053764368,0.45,0.5,0,1360.7541939456942,1362.8328571412605,43.027949479868305,-0.019219062862930514,0.4684936609204224,1360.7628333810878,0.0034541387053764368,0,ICICIBANK,15m,2026-03-05 06:45:00
1355.4000244140625,1358.9000244140625,1355.0999755859375,1357.9000244140625,242928,0.0018444739228042906,-0.002131117217816003,0.003484059932265817,0.4,0.5,0,1360.482368276015,1362.639412720586,41.152372938827284,-0.24544884745569107,0.3257051592451997,1360.6117552001513,0.003484059932265817,-1,ICICIBANK,15m,2026-03-05 07:00:00
1358.0999755859375,1358.699951171875,1355.699951171875,1356.5999755859375,105919,-0.0009573965717292188,-0.009781039718293805,0.003089102600215537,0.35,0.5,0,1360.1126165912456,1362.4025720486393,48.78050232824018,-0.523604866147025,0.15584315416675482,1360.5443323825186,0.003089102600215537,-1,ICICIBANK,15m,2026-03-05 07:15:00
1356.0999755859375,1357.9000244140625,1354.9000244140625,1356.0,769319,-0.00044226418747972396,-0.011085145648440653,0.003072516212632485,0.3,0.55,0,1359.7209388206506,1362.15149079183,46.534626540971715,-0.7834276641008273,-0.032011009486761624,1360.0335907334977,0.003072516212632485,-1,ICICIBANK,15m,2026-03-05 07:30:00
1355.9000244140625,1357.0,1354.0999755859375,1354.300048828125,137527,-0.001253651306692527,-0.014481082121113431,0.0030066167817093203,0.25,0.6,-1,1359.2046635832673,1361.843591106979,41.89533092644794,-1.1136732241957361,-0.24834345242855654,1359.9311851379537,0.0030066167817093203,-1,ICICIBANK,15m,2026-03-05 07:45:00
1354.5999755859375,1355.199951171875,1352.300048828125,1352.4000244140625,454123,-0.0014029567640543306,-0.010535574992412977,0.0028070004133867567,0.25,0.6,-1,1358.5566027100099,1361.473255158237,44.44455208938836,-1.511290089503973,-0.5009327798436398,1359.503128484951,0.0028070004133867567,0,ICICIBANK,15m,2026-03-05 08:00:00
1352.9000244140625,1352.9000244140625,1349.4000244140625,1351.0,1123931,-0.0010352147210800355,-0.008367604381808058,0.0027383418342400586,0.25,0.6,-1,1357.8369262614376,1361.0625392696786,40.89712991860963,-1.9172734547332766,-0.7842009148215672,1358.3455575409766,0.0027383418342400586,0,ICICIBANK,15m,2026-03-05 08:15:00
1351.4000244140625,1351.4000244140625,1348.4000244140625,1349.0,525483,-0.001480384900074072,-0.012806439809732839,0.0026243719737160426,0.25,0.65,-1,1356.995314236539,1360.589498514005,40.051792878952284,-2.373046479289087,-1.1019700277150712,1357.8163745881395,0.0026243719737160426,0,ICICIBANK,15m,2026-03-05 08:30:00
1349.0,1349.699951171875,1347.800048828125,1347.9000244140625,307900,-0.0008154007308655009,-0.007144925859098206,0.0022335452851462794,0.25,0.65,0,1356.1290961582076,1360.0918720787133,27.027254898366905,-2.790837682257461,-1.4397435586235492,1357.496236860956,0.0022335452851462794,0,ICICIBANK,15m,2026-03-05 08:45:00
1347.9000244140625,1353.300048828125,1347.699951171875,1349.5999755859375,818125,0.0012611849106642925,-0.006770733670580897,0.0022461252339744248,0.3,0.65,0,1355.5072751513248,1359.6804251574279,21.865040114298267,-2.950753913809649,-1.7419456296607692,1356.8877775851813,0.0022461252339744248,0,ICICIBANK,15m,2026-03-05 09:00:00
1349.5999755859375,1355.800048828125,1348.5999755859375,1352.9000244140625,1118202,0.0024452051628796045,-0.005805426315839468,0.002297346006457983,0.3,0.65,0,1355.2589655573,1359.4145270890606,27.67863630418671,-2.7791658250180262,-1.9493896687322207,1356.432006425087,0.002297346006457983,0,ICICIBANK,15m,2026-03-05 09:15:00
1352.9000244140625,1363.199951171875,1351.5999755859375,1360.4000244140625,3453648,0.005543646880521225,0.0028011564916059495,0.002541660094592989,0.35,0.6,0,1355.748590210325,1359.4531740429823,47.05886375681729,-2.014768709012742,-1.9624654767883252,1356.904581431318,0.002541660094592989,-1,ICICIBANK,15m,2026-03-05 09:30:00
1361.0,1361.0,1351.199951171875,1352.4000244140625,1851531,-0.0058806232405396175,-0.004050371824960597,0.002865590607055993,0.35,0.65,0,1355.4296791821096,1359.1765799398872,41.79109009805082,-2.0310983906722413,-1.9761920595651086,1356.6721480250974,0.002865590607055993,-1,ICICIBANK,15m,2026-03-05 09:45:00
1352.4000244140625,1357.5999755859375,1350.5,1357.5999755859375,975139,0.003844980093170136,0.0006633923833232469,0.0029981351665641356,0.35,0.65,0,1355.6363740777122,1359.1147523181637,46.330189181092535,-1.6059349607044169,-1.9021406397929703,1356.5906171305362,0.0029981351665641356,-1,ICICIBANK,15m,2026-03-05 10:00:00
1326.0,1331.5999755859375,1320.300048828125,1328.4000244140625,3121378,0.0018855116931646432,-0.0283080622214833,0.005840949127877864,0.25,0.75,-1,1350.480120170474,1356.6587947707512,28.898396842583224,-5.246667146695472,-2.8720313571818563,1326.7666829427083,0.005840949127877864,-1,ICICIBANK,15m,2026-03-06 04:00:00
1328.5999755859375,1333.4000244140625,1327.0,1331.4000244140625,877396,0.0022583558753872524,-0.026683236602495608,0.005882986685887894,0.25,0.75,-1,1348.662968193673,1355.6682547567634,32.40223273195964,-6.094072950248119,-3.516439675795109,1327.607778571852,0.005882986685887894,-1,ICICIBANK,15m,2026-03-06 04:15:00
1331.5999755859375,1332.4000244140625,1326.5999755859375,1327.800048828125,697089,-0.002703902298275662,-0.02546785407110097,0.005860442484687235,0.25,0.75,-1,1346.6760234921921,1354.5753839360325,31.09919132350005,-6.97572429093816,-4.208296598823719,1327.8045562438106,0.005860442484687235,-1,ICICIBANK,15m,2026-03-06 04:30:00
1328.0,1329.699951171875,1327.0999755859375,1328.199951171875,389901,0.00030117662979667337,-0.02266375925542674,0.0058621687185324445,0.25,0.7,-1,1344.9163975569238,1353.541053239399,32.196338880081,-7.555080290655951,-4.877653337190166,1327.8450919137451,0.0058621687185324445,-1,ICICIBANK,15m,2026-03-06 04:45:00
1328.5999755859375,1328.9000244140625,1326.0999755859375,1326.5999755859375,170468,-0.0012046195187146447,-0.02513232805336796,0.0058336645589322,0.25,0.7,-1,1343.17197641683,1352.4845403902436,32.328674579524886,-8.050527285431144,-5.512228126838362,1327.8241702885914,0.0058336645589322,-1,ICICIBANK,15m,2026-03-06 05:00:00
1326.699951171875,1328.800048828125,1324.5,1325.0,386893,-0.0012060723770410675,-0.022428820913740544,0.005798652596116414,0.2,0.7,-1,1341.4413119961794,1351.4067152769007,32.24036607899248,-8.474587487219424,-6.104699998914574,1327.705962182555,0.005798652596116414,-1,ICICIBANK,15m,2026-03-06 05:15:00
1325.199951171875,1327.5999755859375,1324.699951171875,1327.4000244140625,272867,0.0018113391804244205,-0.022461152847508714,0.005797766484723791,0.2,0.7,-1,1340.1040465121682,1350.4652764195346,35.32604999925364,-8.518796951462036,-6.587519389424067,1327.653412992034,0.005797766484723791,-1,ICICIBANK,15m,2026-03-06 05:30:00
1327.4000244140625,1328.0999755859375,1325.0,1325.5999755859375,137161,-0.0013560711127149627,-0.022851246172705064,0.005797866780709192,0.25,0.7,-1,1338.7227064239557,1349.490166582923,34.993198217735895,-8.59994732766836,-6.990004977072926,1327.621234426829,0.005797866780709192,-1,ICICIBANK,15m,2026-03-06 05:45:00
1325.5999755859375,1327.5,1325.300048828125,1327.4000244140625,164316,0.0013579125386822266,-0.021091427423257758,0.005823170507295605,0.25,0.65,-1,1337.6443557563468,1348.6238864978695,35.080658393001286,-8.421927945783864,-7.276389570815113,1327.597769517803,0.005823170507295605,-1,ICICIBANK,15m,2026-03-06 06:00:00
1327.300048828125,1328.0999755859375,1326.0,1326.4000244140625,311126,-0.0007533524044053275,-0.020601065796463924,0.005823319588928134,0.3,0.6,-1,1336.5734670570816,1347.752362494583,31.62270884901514,-8.266249764013537,-7.474361609454799,1327.5613396316899,0.005823319588928134,-1,ICICIBANK,15m,2026-03-06 06:15:00
1326.4000244140625,1328.199951171875,1325.0,1325.9000244140625,299151,-0.00037696018606514503,-0.019594794085781908,0.005824324286679569,0.35,0.6,-1,1335.5569487101275,1346.8954080600527,23.5022445236997,-8.089963441954069,-7.597481975954653,1327.5089958499125,0.005824324286679569,0,ICICIBANK,15m,2026-03-06 06:30:00
1325.800048828125,1326.5999755859375,1324.300048828125,1324.300048828125,1420838,-0.0012067090704251937,-0.019763102273778643,0.005824547456902646,0.35,0.6,-1,1334.4848630070796,1346.0093155411535,26.064687056142105,-7.987287442159413,-7.675443069195606,1327.0883031075414,0.005824547456902646,0,ICICIBANK,15m,2026-03-06 06:45:00
1324.5,1325.0,1323.5,1324.9000244140625,286772,0.0004530510940239374,-0.017865067150435454,0.005831867266932593,0.35,0.6,-1,1333.572021236316,1345.181500202836,19.778151836926256,-7.767958763759452,-7.693946208108375,1327.0002212991592,0.005831867266932593,0,ICICIBANK,15m,2026-03-06 07:00:00
1324.9000244140625,1325.5,1323.800048828125,1324.199951171875,392478,-0.0005283970332004007,-0.01758296076334742,0.005832399502157192,0.4,0.55,0,1332.6794431349406,1344.3586943584846,46.32018389832748,-7.563442607537581,-7.667845487994216,1326.890308653488,0.005832399502157192,-1,ICICIBANK,15m,2026-03-06 07:15:00
1324.199951171875,1324.9000244140625,1321.300048828125,1322.5,659081,-0.0012837571624818578,-0.02008000598412274,0.005811173903936233,0.35,0.55,0,1331.7099723601843,1343.5014906581519,36.771202259676706,-7.45262471415117,-7.624801333225608,1326.6159846893345,0.005811173903936233,-1,ICICIBANK,15m,2026-03-06 07:30:00
1322.5999755859375,1322.9000244140625,1321.699951171875,1322.699951171875,269428,0.00015119181238176793,-0.022322472242741753,0.005762078459208343,0.3,0.55,0,1330.851875104155,1342.6857440116312,27.691980243265746,-7.264920861301107,-7.5528252388407076,1326.5016491830136,0.005762078459208343,-1,ICICIBANK,15m,2026-03-06 07:45:00
1322.800048828125,1323.9000244140625,1321.5,1322.199951171875,504111,-0.0003780146809236884,-0.028080029812290408,0.005550321284102318,0.3,0.6,-1,1330.0278823486997,1341.8823795865428,32.9264298686992,-7.074954357087563,-7.457251062490079,1326.3085615274183,0.005550321284102318,0,ICICIBANK,15m,2026-03-06 08:00:00
1322.199951171875,1323.800048828125,1319.199951171875,1319.800048828125,1012173,-0.0018150827653736767,-0.024105275804074067,0.005451471079297819,0.3,0.6,-1,1329.0538029657878,1341.016405831311,27.174057267202713,-7.036939142095889,-7.373188678411242,1325.830163319799,0.005451471079297819,0,ICICIBANK,15m,2026-03-06 08:15:00
1320.199951171875,1320.199951171875,1316.0999755859375,1316.9000244140625,1181156,-0.002197321038620581,-0.029979339940919614,0.005322788584095382,0.3,0.6,-1,1327.8963002465757,1340.0706653835757,25.38077356830378,-7.158303081989516,-7.330211559126897,1325.0683500445466,0.005322788584095382,0,ICICIBANK,15m,2026-03-06 08:30:00
1316.9000244140625,1320.300048828125,1316.800048828125,1318.699951171875,1341387,0.0013667907391932133,-0.005430328915914551,0.0014310475360493969,0.35,0.55,0,1327.0204574775566,1339.2325981595875,34.17065390749602,-7.0282287854765855,-7.269815004396835,1324.4439216403791,0.0014310475360493969,0,ICICIBANK,15m,2026-03-06 08:45:00
1318.800048828125,1319.199951171875,1317.199951171875,1317.300048828125,538401,-0.0010615776109690334,-0.008355898360385527,0.0013465119564027963,0.35,0.5,0,1326.0947042728487,1338.3724981858047,23.280177230069683,-6.957898070211741,-7.207431617559816,1324.1998196978911,0.0013465119564027963,0,ICICIBANK,15m,2026-03-06 09:00:00
1317.4000244140625,1318.9000244140625,1311.800048828125,1314.4000244140625,849038,-0.002201491161138547,-0.012768514111663465,0.001245346754350863,0.3,0.55,0,1324.9809252386785,1337.432401175148,21.999780270755267,-7.054844351166366,-7.1769141642811265,1323.6905697647132,0.001245346754350863,0,ICICIBANK,15m,2026-03-06 09:15:00
1314.4000244140625,1316.0999755859375,1312.4000244140625,1312.4000244140625,909229,-0.0015216067885357454,-0.011598150209177982,0.0011679558500406336,0.3,0.5,0,1323.7827442077628,1336.4507393413799,12.870748628199863,-7.209946487513889,-7.183520628927679,1323.1258208076188,0.0011679558500406336,0,ICICIBANK,15m,2026-03-06 09:30:00
1312.4000244140625,1314.9000244140625,1310.5999755859375,1312.300048828125,1752852,-7.617767759648952e-05,-0.011971015606288438,0.0011559154670274852,0.3,0.55,0,1322.6891541716068,1335.5036534388992,13.470965130326434,-7.25727588338782,-7.198271679819708,1322.0976516096675,0.0011559154670274852,0,ICICIBANK,15m,2026-03-06 09:45:00
1312.300048828125,1315.9000244140625,1312.300048828125,1315.0999755859375,1719582,0.0021336025707785478,-0.008668777485029477,0.0012966655805028862,0.35,0.5,0,1321.966375258686,1334.7035092093713,24.999434849443887,-6.988297339549945,-7.156276811765756,1321.427431234244,0.0012966655805028862,0,ICICIBANK,15m,2026-03-06 10:00:00
1262.9000244140625,1268.699951171875,1251.5999755859375,1266.199951171875,2355274,0.00285124002498649,-0.046105222326782935,0.008959894789189786,0.35,0.55,0,1311.5398151697732,1329.3003914796825,11.125590750420784,-13.528440737513165,-9.027458048807516,1262.1666259765625,0.008959894789189786,0,ICICIBANK,15m,2026-03-09 04:00:00
1266.300048828125,1269.5999755859375,1263.0,1266.5,554647,0.00023696796690542143,-0.04458356719553669,0.008975964468981943,0.35,0.55,0,1307.2503089631282,1326.8376310294989,11.584386621934414,-15.420658822279847,-10.306098203501982,1262.967175357427,0.008975964468981943,0,ICICIBANK,15m,2026-03-09 04:15:00
1266.4000244140625,1267.5,1265.0,1266.800048828125,296024,0.0002369118263916281,-0.04565313731456899,0.008955802014853714,0.35,0.55,0,1303.397903235985,1324.4832160412097,12.211551839509198,-16.70349634602394,-11.585577832006376,1263.2872278744724,0.008955802014853714,0,ICICIBANK,15m,2026-03-09 04:30:00
1267.199951171875,1273.300048828125,1265.800048828125,1267.699951171875,501259,0.0007103744151117919,-0.04425518106283077,0.008975019865596096,0.35,0.55,0,1299.9980982774985,1322.2564213404514,13.037464601087493,-17.446428163746305,-12.757747898354362,1264.0506520978806,0.008975019865596096,0,ICICIBANK,15m,2026-03-09 04:45:00
1267.800048828125,1269.0,1265.0999755859375,1265.0999755859375,274560,-0.0020509392490976053,-0.04585568120416439,0.008964713451045348,0.3,0.55,0,1296.6744675449688,1320.0149920951765,12.679575863472067,-18.037083017378563,-13.813614922159204,1264.212648763493,0.008964713451045348,0,ICICIBANK,15m,2026-03-09 05:00:00
1265.300048828125,1270.800048828125,1265.0,1269.300048828125,222152,0.0033199536188768253,-0.04153137353477376,0.009050634836063538,0.35,0.55,0,1294.0673800481266,1318.0261707905863,17.752154554185026,-17.959247410250555,-14.642741419777476,1264.4321656655281,0.009050634836063538,0,ICICIBANK,15m,2026-03-09 05:15:00
1269.300048828125,1277.0,1269.0,1274.300048828125,452971,0.003939178923546338,-0.03819154249643508,0.009135136604945068,0.4,0.5,0,1292.184777074793,1316.3114209097055,23.507405467368116,-17.29474090996223,-15.173141317814427,1265.3077023260116,0.009135136604945068,0,ICICIBANK,15m,2026-03-09 05:30:00
1273.9000244140625,1274.300048828125,1269.0,1272.300048828125,210077,-0.001569489071148733,-0.03919340300369312,0.00912984743891257,0.35,0.5,0,1290.2909934322531,1314.5854847496435,21.21588916116643,-16.736569254067263,-15.485826905064995,1265.590814013346,0.00912984743891257,0,ICICIBANK,15m,2026-03-09 05:45:00
1272.0,1274.5,1269.5,1271.5999755859375,378761,-0.0005502422505071491,-0.03848773112594517,0.009134164492944583,0.4,0.45,0,1288.5108964945089,1312.8997785079296,21.4017150950055,-16.164371443223672,-15.621535812696731,1266.0439535020648,0.009134164492944583,0,ICICIBANK,15m,2026-03-09 06:00:00
1271.5999755859375,1274.699951171875,1271.0,1273.0,428079,0.0011009943700395208,-0.03757462236831732,0.009147957510608021,0.45,0.45,0,1287.0336682569366,1311.3350813115403,23.59693142733471,-15.420176094652106,-15.581263869087806,1266.5612294885736,0.009147957510608021,0,ICICIBANK,15m,2026-03-09 06:15:00
1273.0,1276.699951171875,1272.800048828125,1274.4000244140625,232526,0.0010997835145816204,-0.03615181403950829,0.009166611979064038,0.45,0.4,0,1285.8304640814247,1309.8866477077177,25.578421496913734,-14.549705699126434,-15.374952235095533,1266.8790200473316,0.009166611979064038,0,ICICIBANK,15m,2026-03-09 06:30:00
1274.0999755859375,1275.0,1270.4000244140625,1271.800048828125,845279,-0.0020401565726059223,-0.03636914549489534,0.009166771628595038,0.45,0.4,0,1284.494234057301,1308.3930555947925,24.782082582112366,-13.909310071890332,-15.081823802454494,1267.5702314385874,0.009166771628595038,0,ICICIBANK,15m,2026-03-09 06:45:00
1271.800048828125,1273.199951171875,1270.300048828125,1272.4000244140625,221946,0.0004717530766651379,-0.03379147936442606,0.009180250405737327,0.45,0.4,0,1283.3424045674687,1306.9815641759403,22.663317682511305,-13.201203649714444,-14.705699771906485,1267.7101561999657,0.009180250405737327,0,ICICIBANK,15m,2026-03-09 07:00:00
1272.300048828125,1276.4000244140625,1271.0999755859375,1275.300048828125,467935,0.002279176641322378,-0.03291112758833603,0.0091984170198181,0.45,0.4,0,1282.5764659256263,1305.7391518093596,72.28073481730222,-12.264637369683214,-14.217487291461833,1268.1224430324903,0.0091984170198181,0,ICICIBANK,15m,2026-03-09 07:15:00
1275.300048828125,1281.199951171875,1274.9000244140625,1280.199951171875,934369,0.0038421564778050588,-0.02816374119871501,0.009279382662406715,0.5,0.4,0,1282.3501311871737,1304.7376145294581,73.48989439706376,-11.00021702178492,-13.574033237526452,1269.3098567390846,0.009279382662406715,0,ICICIBANK,15m,2026-03-09 07:30:00
1280.5,1280.800048828125,1274.9000244140625,1275.5,726380,-0.0036712633581752474,-0.029595270611322055,0.009291996918162532,0.5,0.35,0,1281.6977377407761,1303.5910414106559,63.157913522697264,-10.259140580341409,-12.911054706089445,1269.928870294879,0.009291996918162532,0,ICICIBANK,15m,2026-03-09 07:45:00
1275.5999755859375,1278.800048828125,1273.199951171875,1275.4000244140625,628911,-7.8381486426915e-05,-0.028192623675482698,0.00929708721568355,0.5,0.4,0,1281.0979555191843,1302.485511332358,62.647068327307586,-9.569587112215459,-12.242761187314649,1270.3083139548853,0.00929708721568355,0,ICICIBANK,15m,2026-03-09 08:00:00
1275.4000244140625,1275.699951171875,1273.800048828125,1275.0,244707,-0.00031364623365615074,-0.028423414951050052,0.009295476840766316,0.5,0.35,0,1280.5171978506905,1301.407648142854,60.895595265858205,-8.952194324210723,-11.584647814693865,1270.4193123299663,0.009295476840766316,0,ICICIBANK,15m,2026-03-09 08:15:00
1275.199951171875,1276.5999755859375,1273.9000244140625,1276.4000244140625,189749,0.0010980583639705888,-0.029427383385534966,0.009277633083125443,0.5,0.35,0,1280.1250860948212,1300.4269570162346,67.49230920401206,-8.254779858136772,-10.918674223382446,1270.5166362687014,0.009277633083125443,0,ICICIBANK,15m,2026-03-09 08:30:00
1276.5,1278.4000244140625,1275.0,1275.4000244140625,201248,-0.0007834534478790012,0.010137849735174287,0.002042880430370899,0.55,0.3,0,1279.675080220463,1299.4455086788944,60.481066501109545,-7.694073027359309,-10.27375398417782,1270.6282598521966,0.002042880430370899,0,ICICIBANK,15m,2026-03-09 08:45:00
1275.4000244140625,1277.800048828125,1275.0999755859375,1276.5999755859375,218756,0.000940842989576085,0.008213571959497568,0.0019708670344322065,0.55,0.25,0,1279.3822131124132,1298.549605420347,54.54532295652259,-7.071368459308815,-9.633276879204018,1270.749601785989,0.0019708670344322065,0,ICICIBANK,15m,2026-03-09 09:00:00
1276.9000244140625,1281.699951171875,1276.4000244140625,1279.5999755859375,359679,0.0023499922116347882,0.010343446968762438,0.002017143374815465,0.55,0.25,0,1279.402952395606,1297.8064826817426,63.87822640160781,-6.263592875117638,-8.959340078386743,1271.0283896941992,0.002017143374815465,0,ICICIBANK,15m,2026-03-09 09:15:00
1279.800048828125,1281.699951171875,1278.5999755859375,1280.699951171875,664930,0.0008596245755896348,0.010972451695599794,0.0020174052763959616,0.55,0.25,0,1279.526476088584,1297.1356383088066,67.04126185849812,-5.471592950447302,-8.261790652798856,1271.5612917107676,0.0020174052763959616,0,ICICIBANK,15m,2026-03-09 09:30:00
1280.800048828125,1281.199951171875,1277.0,1278.0999755859375,981849,-0.00203012078165421,0.008203853289138863,0.002097264198770522,0.5,0.3,0,1279.390618897856,1296.3891417314392,59.13981317407189,-4.9961313131827865,-7.608658784875643,1272.123118904216,0.002097264198770522,0,ICICIBANK,15m,2026-03-09 09:45:00
1278.300048828125,1278.4000244140625,1274.5,1278.4000244140625,502285,0.0002347616257385443,0.010513041723809291,0.0020167969782473143,0.5,0.3,0,1279.2962765660661,1295.6836861503657,57.46274095397734,-4.542747145980684,-6.995476457096652,1272.314027221443,0.0020167969782473143,0,ICICIBANK,15m,2026-03-09 10:00:00
1293.5,1299.5,1292.199951171875,1294.0999755859375,2022984,0.0003092095765329095,0.015537884327965656,0.0031417742550998522,0.5,0.25,0,1281.9472856224274,1295.5468370517638,77.60821757821236,-1.5750220621944209,-5.258550217667213,1295.2666422526042,0.0031417742550998522,0,ICICIBANK,15m,2026-03-10 04:00:00
1293.9000244140625,1294.300048828125,1289.800048828125,1292.5,674412,-0.0012363616537532929,0.01587671963895665,0.0031295449030440555,0.5,0.3,0,1282.9523060393392,1295.4273532458124,72.63166010266822,-0.6346660659864938,-4.333773387331069,1294.4999182041709,0.0031295449030440555,0,ICICIBANK,15m,2026-03-10 04:15:00
1292.4000244140625,1297.5999755859375,1291.300048828125,1297.5999755859375,300598,0.003945822503626628,0.020446681738901074,0.003188931443671313,0.5,0.3,0,1284.3473221866343,1295.5125541218956,72.7750029559043,0.5161484058862698,-3.3637890286876018,1294.6001927836605,0.003188931443671313,0,ICICIBANK,15m,2026-03-10 04:30:00
1297.5999755859375,1302.0,1294.5999755859375,1301.9000244140625,331134,0.003313847802889569,0.022702297261635973,0.0032301091793070437,0.5,0.3,0,1286.019008113056,1295.763043152961,84.92073487762266,1.7549254808975547,-2.3400461267705706,1295.0875554692573,0.0032301091793070437,0,ICICIBANK,15m,2026-03-10 04:45:00
1301.9000244140625,1302.5,1298.0999755859375,1301.199951171875,250918,-0.0005377319525764479,0.021029446205585556,0.0032515440974678965,0.5,0.3,0,1287.464812213896,1295.9762552321342,83.59363327431153,2.649631870992607,-1.342110527217935,1295.473909563824,0.0032515440974678965,0,ICICIBANK,15m,2026-03-10 05:00:00
1301.199951171875,1306.5,1300.699951171875,1305.5999755859375,519526,0.00338151289515487,0.0265764471301575,0.0032063883968168113,0.55,0.25,0,1289.1919706302808,1296.3536560303228,86.0848560924279,3.6714165245136883,-0.33940511687161035,1296.5881852108603,0.0032063883968168113,0,ICICIBANK,15m,2026-03-10 05:15:00
1305.5999755859375,1308.199951171875,1304.0999755859375,1307.9000244140625,578990,0.0017616795887980263,0.027900030901325756,0.0032014570105738847,0.6,0.2,0,1290.9736900382602,1296.8064547904694,86.37409293120655,4.6136002305183865,0.6511959526063891,1297.8436842055867,0.0032014570105738847,0,ICICIBANK,15m,2026-03-10 05:30:00
1307.9000244140625,1308.0,1304.199951171875,1304.9000244140625,368814,-0.0022937533022403533,0.02321020501264548,0.003295890651398835,0.55,0.2,0,1292.3000075978603,1297.123849677669,82.56067130515389,5.059885467638878,1.532933855612887,1298.4177480859048,0.003295890651398835,0,ICICIBANK,15m,2026-03-10 05:45:00
1304.5,1309.5999755859375,1303.699951171875,1309.5999755859375,355783,0.003601771081263694,0.02296518163990724,0.0032859914496016535,0.55,0.25,0,1293.9476235967247,1297.613109517209,83.81144157890787,5.726801510801579,2.3717073866506255,1299.0245666127348,0.0032859914496016535,0,ICICIBANK,15m,2026-03-10 06:00:00
1309.5999755859375,1309.9000244140625,1305.4000244140625,1305.699951171875,281155,-0.002978027250128523,0.02367695113435908,0.0032358314962455583,0.6,0.25,0,1295.0668928895961,1297.93024056249,76.2574820149186,5.872938326279382,3.071953574576377,1299.419043936471,0.0032358314962455583,0,ICICIBANK,15m,2026-03-10 06:15:00
1305.699951171875,1307.800048828125,1304.5999755859375,1307.4000244140625,209061,0.001302039753207973,0.025090167310214184,0.003222368466097396,0.6,0.25,0,1296.2414768443073,1298.3016046351008,76.54073809818497,6.056123288480421,3.668787517357186,1299.6737810367374,0.003222368466097396,0,ICICIBANK,15m,2026-03-10 06:30:00
1307.300048828125,1307.800048828125,1304.4000244140625,1305.4000244140625,348434,-0.001529753681086543,0.02384315640318624,0.0032645200190386794,0.6,0.3,0,1297.1137194699982,1298.5799740381974,77.46472992356513,5.971084460706379,4.129246906027024,1300.0194858242169,0.0032645200190386794,0,ICICIBANK,15m,2026-03-10 06:45:00
1305.5,1306.5999755859375,1301.699951171875,1305.9000244140625,1041286,0.00038302435318593453,0.023111876712429646,0.0032694212963646626,0.55,0.35,0,1297.9505104170519,1298.867034837251,77.55502933103708,5.87629809181567,4.478657143184753,1300.6934364550084,0.0032694212963646626,0,ICICIBANK,15m,2026-03-10 07:00:00
1305.9000244140625,1306.699951171875,1300.800048828125,1303.5,1336071,-0.0018378316633690384,0.0220322840270033,0.003310450762693845,0.55,0.4,0,1298.4790332344755,1299.0487197455939,63.24322184318357,5.543613968151931,4.691648508178189,1301.1543217265207,0.003310450762693845,0,ICICIBANK,15m,2026-03-10 07:15:00
1303.4000244140625,1306.5,1303.300048828125,1304.5,371628,0.0007671653241272391,0.02185494669248822,0.0033111053388710115,0.55,0.4,0,1299.052458640716,1299.2624954418452,63.82973888143991,5.29956100553045,4.813231007648642,1301.3036360778506,0.0033111053388710115,0,ICICIBANK,15m,2026-03-10 07:30:00
1304.4000244140625,1305.0,1302.5,1303.699951171875,779871,-0.0006132992166538731,0.018833991908214776,0.003317896086189677,0.5,0.45,0,1299.4950769770169,1299.4365133136112,65.21720381599374,4.984136002879495,4.847412006694812,1301.49756737476,0.003317896086189677,0,ICICIBANK,15m,2026-03-10 07:45:00
1304.300048828125,1305.0999755859375,1301.800048828125,1304.5,808359,0.0006136755834085239,0.018583625935448378,0.0033186598348386104,0.55,0.5,0,1299.971736312539,1299.6350814189598,60.61530256194529,4.74403044005021,4.826735693365892,1301.6735003070369,0.0033186598348386104,0,ICICIBANK,15m,2026-03-10 08:00:00
1304.5999755859375,1306.4000244140625,1302.5,1304.0999755859375,666340,-0.00030664960832693655,0.020342696578239394,0.0032597048708457427,0.6,0.45,0,1300.3649019576244,1299.8101753078608,53.846022518715806,4.4699397416684405,4.755376503026402,1301.8311077565372,0.0032597048708457427,0,ICICIBANK,15m,2026-03-10 08:15:00
1304.199951171875,1304.699951171875,1303.300048828125,1304.699951171875,235209,0.0004600687042171092,0.020572533053467845,0.003257264156066654,0.6,0.4,0,1300.7777637875529,1300.0019312240968,56.14029827732424,4.252118133077374,4.654724829036597,1301.8803231787483,0.003257264156066654,0,ICICIBANK,15m,2026-03-10 08:30:00
1305.0,1310.5,1304.5999755859375,1308.699951171875,742542,0.003065839004904758,0.011594651438621817,0.002077645323476439,0.6,0.4,0,1301.532257824155,1300.3430300455784,55.5159276619591,4.352091310015339,4.594198125232345,1302.2480360029947,0.002077645323476439,0,ICICIBANK,15m,2026-03-10 08:45:00
1308.699951171875,1309.0,1305.300048828125,1306.300048828125,584200,-0.0018338063981747643,0.009427458057607696,0.002146394190296133,0.55,0.4,0,1301.9863331578665,1300.576638625286,47.163171222647875,4.189376189767017,4.513233738139279,1302.458714279483,0.002146394190296133,0,ICICIBANK,15m,2026-03-10 09:00:00
1306.300048828125,1308.5,1306.0,1308.5,629046,0.0016841086194925303,0.012379110251450776,0.0021233110640297577,0.55,0.35,0,1302.606682380927,1300.8873586791963,56.569292661085896,4.1896453350241245,4.448516057516248,1302.7025333922138,0.0021233110640297577,0,ICICIBANK,15m,2026-03-10 09:15:00
1308.800048828125,1311.9000244140625,1308.0999755859375,1311.9000244140625,1415105,0.0025984137669563534,0.01102038308968667,0.0020315410359353294,0.55,0.35,0,1303.4917625745588,1301.319227923701,54.40620732232054,4.413337976617413,4.4414804413364815,1303.4582113951012,0.0020315410359353294,0,ICICIBANK,15m,2026-03-10 09:30:00
1312.0999755859375,1314.800048828125,1308.800048828125,1314.0,2235555,0.001600713123605102,0.009294089683563156,0.0019430688612736902,0.55,0.35,0,1304.4925470912674,1301.8165131031637,67.07825545296535,4.7058207143325035,4.494348495935686,1304.645545746513,0.0019430688612736902,0,ICICIBANK,15m,2026-03-10 09:45:00
1314.0999755859375,1315.0,1310.4000244140625,1311.0,1013960,-0.0022831050228310223,0.007531547184042697,0.002027796531325262,0.55,0.35,0,1305.1123045111467,1302.1766498442162,57.03120902176764,4.642030030612432,4.523884802871035,1305.0649885023042,0.002027796531325262,0,ICICIBANK,15m,2026-03-10 10:00:00
1301.800048828125,1302.800048828125,1297.0999755859375,1299.800048828125,697276,-0.0015363342487200171,-0.006193115249436776,0.0024724493129505173,0.45,0.45,0,1304.3209656117324,1302.0692603004952,41.10788832144065,2.9467473061313285,4.0934760084709145,1299.9000244140625,0.0024724493129505173,0,ICICIBANK,15m,2026-03-11 04:00:00
1299.800048828125,1301.9000244140625,1298.0999755859375,1301.199951171875,375407,0.001077013610679689,-0.002835522394789569,0.002444669534192203,0.45,0.45,0,1304.02372614127,1302.0351697464318,46.54645297516056,2.3522218521939067,3.7452251772155134,1300.0749952345657,0.002444669534192203,0,ICICIBANK,15m,2026-03-11 04:15:00
1301.199951171875,1301.699951171875,1298.0999755859375,1298.4000244140625,321910,-0.0021518036142645913,-0.008552192563125227,0.002316453450523175,0.4,0.4,0,1303.4881355005837,1301.8926150275154,41.3105096039814,1.63626362865989,3.323432867504389,1299.919184216312,0.002316453450523175,0,ICICIBANK,15m,2026-03-11 04:30:00
1298.300048828125,1299.5999755859375,1296.5999755859375,1298.300048828125,363249,-7.69990635071105e-05,-0.005667383488150213,0.0022377854802891864,0.35,0.45,0,1302.9940320079686,1301.7517300785196,42.15122674785843,1.048705559165228,2.8684874058365573,1299.5570354865679,0.0022377854802891864,0,ICICIBANK,15m,2026-03-11 04:45:00
1298.199951171875,1298.199951171875,1295.5,1296.0999755859375,445455,-0.0016945799579791698,-0.008643145645640726,0.0022264521825926605,0.35,0.45,0,1302.3374552058704,1301.5300926474379,38.268018317528835,0.40091256164691913,2.37497243699863,1298.95918729904,0.0022264521825926605,0,ICICIBANK,15m,2026-03-11 05:00:00
1296.199951171875,1297.199951171875,1293.300048828125,1297.199951171875,391724,0.0008486811254202475,-0.006281655499331018,0.0022282273317059467,0.35,0.45,0,1301.8481691073948,1301.360283177808,40.54781692613836,-0.023439028546590635,1.895290143889586,1298.4973939412039,0.0022282273317059467,0,ICICIBANK,15m,2026-03-11 05:15:00
1297.199951171875,1299.0999755859375,1296.800048828125,1298.4000244140625,447257,0.0009251258767803971,-0.005743165525527227,0.0022403992584596067,0.4,0.4,0,1301.5197743746967,1301.2441945988376,41.50947121126872,-0.25990877329809337,1.4642503604520503,1298.4389739209469,0.0022403992584596067,0,ICICIBANK,15m,2026-03-11 05:30:00
1298.300048828125,1300.699951171875,1294.5,1295.0,378644,-0.0026186262708958186,-0.006520905255082421,0.0022754012229226285,0.4,0.4,0,1300.8988434818684,1300.9993242224125,31.23281807054039,-0.7134421872785879,1.0287118509059228,1298.2501836657227,0.0022754012229226285,0,ICICIBANK,15m,2026-03-11 05:45:00
1294.800048828125,1295.0,1291.4000244140625,1291.9000244140625,251509,-0.0023938035412645053,-0.00965885441620351,0.0023051619338700776,0.4,0.45,0,1300.0418130944583,1300.6424889358107,30.64503955818219,-1.3079357385659023,0.5613823330115578,1297.8746422918089,0.0023051619338700776,0,ICICIBANK,15m,2026-03-11 06:00:00
1291.9000244140625,1293.300048828125,1290.9000244140625,1293.0999755859375,145236,0.0009288266500491194,-0.008130686494549066,0.002326256642665738,0.4,0.45,0,1299.3806857126945,1300.3467040985608,28.72914762821658,-1.6630791882446374,0.11649002876031878,1297.6676384897416,0.002326256642665738,0,ICICIBANK,15m,2026-03-11 06:15:00
1293.300048828125,1296.199951171875,1292.0,1296.0,212378,0.002242691569728228,-0.006515906477577604,0.002391427302773727,0.4,0.4,0,1299.0587156448187,1300.1762451143036,27.7309516400926,-1.6910320324466284,-0.24501438348107069,1297.5130036613016,0.002391427302773727,0,ICICIBANK,15m,2026-03-11 06:30:00
1295.800048828125,1296.199951171875,1293.800048828125,1294.9000244140625,147240,-0.0008487465940876238,-0.007054636411400472,0.002394289664274059,0.35,0.4,0,1298.662649813318,1299.9693344986079,22.478285800725388,-1.7814087288340943,-0.5522932525516755,1297.4232512357792,0.002394289664274059,0,ICICIBANK,15m,2026-03-11 06:45:00
1294.9000244140625,1297.4000244140625,1294.300048828125,1295.0,365231,7.720718515136227e-05,-0.007434622162101334,0.002388986683751184,0.4,0.4,0,1298.3138260215733,1299.7744586359174,24.84261278137764,-1.8239404672528963,-0.8066226954919197,1297.27397860317,0.002388986683751184,0,ICICIBANK,15m,2026-03-11 07:00:00
1295.300048828125,1297.5999755859375,1294.699951171875,1297.0,242516,0.001544401544401497,-0.00894013265714444,0.00229623349690117,0.4,0.4,0,1298.1886997338042,1299.6656563364695,40.243745099790594,-1.6769332484388997,-0.9806848060813158,1297.231371605127,0.00229623349690117,0,ICICIBANK,15m,2026-03-11 07:15:00
1297.0999755859375,1297.5999755859375,1294.0,1295.300048828125,458444,-0.0013106793923477467,-0.00842072999221588,0.00228253648318084,0.4,0.45,0,1297.9135901237394,1299.4944560420247,40.740666318369975,-1.6782549425834077,-1.1201988333817343,1297.0916537296857,0.00228253648318084,0,ICICIBANK,15m,2026-03-11 07:30:00
1295.5999755859375,1300.0999755859375,1295.0999755859375,1298.5,1695560,0.0024704323718431898,-0.007642338555598038,0.0023270298141782647,0.45,0.45,0,1297.9694386833833,1299.4554577658669,44.82765071792713,-1.4048982853382768,-1.1771387237730428,1297.2891699271934,0.0023270298141782647,0,ICICIBANK,15m,2026-03-11 07:45:00
1298.699951171875,1303.9000244140625,1297.5,1301.5999755859375,581352,0.0023873512406140662,-0.007851245244640759,0.002313245044767643,0.45,0.45,0,1298.3152041026742,1299.539556503909,56.06053600162761,-0.927428227531891,-1.1271966245248126,1297.576029924907,0.002313245044767643,0,ICICIBANK,15m,2026-03-11 08:00:00
1301.5999755859375,1302.9000244140625,1297.300048828125,1298.800048828125,483441,-0.0021511422943535363,-0.011567694955764818,0.0022952428442313965,0.4,0.5,0,1298.3613797908124,1299.5105562028978,50.85911085382531,-0.7661289979362209,-1.0549830992070943,1297.7023093829437,0.0022952428442313965,0,ICICIBANK,15m,2026-03-11 08:15:00
1298.5999755859375,1300.9000244140625,1298.0,1300.0,396497,0.0009238921518039955,-0.008390541571319576,0.0022819155799963598,0.35,0.5,0,1298.5174388583541,1299.529750077294,56.9396115433571,-0.5353015422579119,-0.9510467878172579,1297.7934544682605,0.0022819155799963598,0,ICICIBANK,15m,2026-03-11 08:30:00
1300.0999755859375,1300.4000244140625,1297.800048828125,1298.0,211172,-0.0015384615384614886,-0.0029190725807283213,0.0017036274577349696,0.35,0.5,0,1298.4681589670824,1299.4697598781845,51.37940614397683,-0.5078976776408126,-0.8624169657819689,1297.816502868813,0.0017036274577349696,0,ICICIBANK,15m,2026-03-11 08:45:00
1298.199951171875,1301.699951171875,1297.4000244140625,1299.300048828125,291224,0.001001578450019247,-0.00038467455086710345,0.0016889772103660433,0.4,0.5,0,1298.5473865728961,1299.463104542888,51.546447972817084,-0.3769318067927543,-0.7653199339841261,1297.870482951742,0.0016889772103660433,0,ICICIBANK,15m,2026-03-11 09:00:00
1299.300048828125,1300.0999755859375,1298.4000244140625,1299.4000244140625,182967,7.694572629901586e-05,-0.0013832822205315232,0.0016695480855172485,0.4,0.5,0,1298.6285901768167,1299.460630812346,58.52728399676368,-0.26205243893878105,-0.6646664349750572,1297.8992706347408,0.0016695480855172485,0,ICICIBANK,15m,2026-03-11 09:15:00
1299.300048828125,1299.9000244140625,1294.5,1296.0999755859375,792033,-0.002539671206804095,-0.0017714485404164426,0.0016970549297966044,0.4,0.55,0,1298.38776973959,1299.3288404113102,58.07690501901498,-0.4323126419926666,-0.6181956763785791,1297.8137997621402,0.0016970549297966044,0,ICICIBANK,15m,2026-03-11 09:30:00
1296.300048828125,1297.0999755859375,1293.0999755859375,1294.0,1449225,-0.001620226545400727,-0.003312060899948621,0.0017313009837341355,0.4,0.55,0,1297.969886907248,1299.1198662775334,51.6729214977106,-0.7283001681410042,-0.6402165747310642,1297.4196677380446,0.0017313009837341355,0,ICICIBANK,15m,2026-03-11 09:45:00
1293.9000244140625,1294.699951171875,1291.0,1294.5999755859375,1013971,0.00046365964910166646,-0.0011573181299705526,0.0016978460122026565,0.4,0.55,0,1297.6489429718852,1298.9426156621769,47.1543908575285,-0.9040382097707607,-0.6929809017390035,1297.092135196476,0.0016978460122026565,0,ICICIBANK,15m,2026-03-11 10:00:00
1263.699951171875,1271.199951171875,1262.5,1270.0,1138013,0.00490580070607205,-0.0218730929452029,0.005710569553290415,0.35,0.55,0,1292.0990255517445,1296.4835159515735,29.304518648164688,-4.978841820173557,-1.997419580216591,1267.8999837239583,0.005710569553290415,0,ICICIBANK,15m,2026-03-12 04:00:00
1269.9000244140625,1271.300048828125,1267.0,1268.9000244140625,1861158,-0.0008661225086121771,-0.020154421301882275,0.005699305279679878,0.35,0.5,0,1289.8895968719653,1295.401810401083,26.38642980093185,-6.177578041750621,-2.8334512725233973,1268.6239927020101,0.005699305279679878,0,ICICIBANK,15m,2026-03-12 04:15:00
1268.5999755859375,1278.5,1268.5999755859375,1276.699951171875,831800,0.0061469986663560405,-0.01176567300482978,0.005905754963350772,0.4,0.45,0,1288.6334401386234,1294.6684041568003,35.823011879596265,-6.4241427128272335,-3.5515895605841648,1269.9215286433812,0.005905754963350772,0,ICICIBANK,15m,2026-03-12 04:30:00
1276.699951171875,1276.800048828125,1270.199951171875,1270.699951171875,353809,-0.004699616377750071,-0.017322732067883928,0.005964147042486167,0.4,0.4,0,1286.925488808457,1293.7284648240582,29.678225331501068,-7.022743036744032,-4.245820255816138,1270.1451647437905,0.005964147042486167,0,ICICIBANK,15m,2026-03-12 04:45:00
1270.699951171875,1275.0,1270.0999755859375,1274.0999755859375,400949,0.002675709880154642,-0.016898166986159313,0.0059767614275132355,0.35,0.45,0,1285.7040113586932,1292.9587201480535,29.985358607504068,-7.140473616050258,-4.824750927862962,1270.4006021559474,0.0059767614275132355,0,ICICIBANK,15m,2026-03-12 05:00:00
1274.5,1278.199951171875,1274.0,1276.9000244140625,355843,0.002197668065127445,-0.013900687049677729,0.006015078473926251,0.4,0.45,0,1284.8655364115855,1292.3289673741717,34.061077952838446,-6.927974036726937,-5.245395549635758,1270.8302183586113,0.006015078473926251,0,ICICIBANK,15m,2026-03-12 05:15:00
1276.5999755859375,1279.699951171875,1274.800048828125,1278.9000244140625,337336,0.0015662933368003618,-0.012432413579874568,0.00603415963336326,0.4,0.45,0,1284.2973924118214,1291.8023421600499,34.820134786938624,-6.522990331710162,-5.500914506050639,1271.2756061177893,0.00603415963336326,0,ICICIBANK,15m,2026-03-12 05:30:00
1279.0,1279.800048828125,1273.5999755859375,1274.4000244140625,361512,-0.0035186487716752923,-0.017424807699257916,0.006045310398442856,0.4,0.5,0,1283.3547859358443,1291.119898326874,33.61110027923631,-6.490333692945569,-5.698798343429625,1271.5741353346082,0.006045310398442856,0,ICICIBANK,15m,2026-03-12 05:45:00
1274.4000244140625,1274.5,1271.300048828125,1272.0,305364,-0.0018832582925961683,-0.0179881478806434,0.006048906929655311,0.4,0.5,0,1282.2733777514782,1290.3700983924869,31.326878567349212,-6.582239029588436,-5.875486480661388,1271.6268226013842,0.006048906929655311,0,ICICIBANK,15m,2026-03-12 06:00:00
1272.0,1273.699951171875,1270.0999755859375,1270.4000244140625,306983,-0.001257842441774737,-0.021640335453167125,0.005997135495227174,0.35,0.55,0,1281.1425821955338,1289.5869582364703,30.56296451445047,-6.706866744302488,-6.041762533389608,1271.6156858232011,0.005997135495227174,0,ICICIBANK,15m,2026-03-12 06:15:00
1270.4000244140625,1273.5999755859375,1270.199951171875,1273.5,327668,0.0024401570579055676,-0.021588795415648177,0.005998751926861889,0.3,0.55,0,1280.4147172245305,1288.9560971291578,34.811799508764,-6.480786511148381,-6.129567328941363,1271.6563987737345,0.005998751926861889,0,ICICIBANK,15m,2026-03-12 06:30:00
1273.5,1274.800048828125,1272.0,1273.800048828125,178082,0.0002356096019826559,-0.019248536387534654,0.00599992309263489,0.35,0.5,0,1279.784748805825,1288.3617422938232,36.0881598283614,-6.20586748736082,-6.144827360625254,1271.7058554899318,0.00599992309263489,0,ICICIBANK,15m,2026-03-12 06:45:00
1273.800048828125,1275.9000244140625,1273.5999755859375,1274.4000244140625,210177,0.0004710123747360129,-0.019692288912259603,0.005993313659962857,0.4,0.5,0,1279.2719179113715,1287.8142239455974,36.0881598283614,-5.871891652895556,-6.090240219079315,1271.794148966603,0.005993313659962857,0,ICICIBANK,15m,2026-03-12 07:00:00
1274.800048828125,1277.800048828125,1273.4000244140625,1275.199951171875,426281,0.0006276889065348623,-0.01756552298006553,0.0060021931556560595,0.45,0.5,0,1278.8841115552289,1287.3195465819222,63.38021307933451,-5.479501708997304,-5.968092517062914,1272.0058505594798,0.0060021931556560595,0,ICICIBANK,15m,2026-03-12 07:15:00
1275.4000244140625,1276.199951171875,1272.0999755859375,1273.800048828125,274345,-0.0010977904621651824,-0.01962595169837722,0.005986105414018964,0.4,0.5,0,1278.3999151050284,1286.7893701994203,55.0265455860697,-5.221302347792289,-5.8187344832087895,1272.0783768758895,0.005986105414018964,0,ICICIBANK,15m,2026-03-12 07:30:00
1273.9000244140625,1276.5,1271.9000244140625,1274.199951171875,415674,0.00031394436208254106,-0.019393622263129462,0.005988528036665258,0.45,0.55,0,1277.999918539966,1286.2956674924576,57.142810138160904,-4.927606338255146,-5.64050885421806,1272.1874555205648,0.005988528036665258,0,ICICIBANK,15m,2026-03-12 07:45:00
1274.199951171875,1279.4000244140625,1273.699951171875,1278.5999755859375,561871,0.0034531663653070144,-0.013502044849656447,0.0060549660735828075,0.5,0.5,0,1278.0570668300586,1285.9938756529862,52.819041616407496,-4.290348470535946,-5.370476777481637,1272.5153342682383,0.0060549660735828075,0,ICICIBANK,15m,2026-03-12 08:00:00
1278.199951171875,1280.4000244140625,1276.9000244140625,1277.800048828125,445430,-0.0006256270710829348,-0.012519282203921955,0.006050763419964024,0.55,0.45,0,1278.0325889251126,1285.6725491108348,62.456418383518226,-3.805991324421484,-5.057579686869607,1272.8019916512098,0.006050763419964024,0,ICICIBANK,15m,2026-03-12 08:15:00
1277.9000244140625,1278.699951171875,1273.4000244140625,1274.0999755859375,468048,-0.002895659023945729,-0.01583500725057685,0.006065936216345308,0.55,0.45,0,1277.6580543213815,1285.2187226980939,50.0,-3.678298647219208,-4.7817234789395275,1272.9291821708039,0.006065936216345308,0,ICICIBANK,15m,2026-03-12 08:30:00
1274.0999755859375,1275.199951171875,1271.0999755859375,1272.800048828125,691819,-0.0010202706088388025,0.007121379690043117,0.002750524406149111,0.55,0.45,0,1277.1953871315475,1284.7317158796636,42.49079990520436,-3.640034454624356,-4.553385674076494,1272.9362097736716,0.002750524406149111,0,ICICIBANK,15m,2026-03-12 08:45:00
1272.800048828125,1273.5,1269.199951171875,1271.4000244140625,445721,-0.0010999562856329748,0.0011023814283956934,0.0025483485741000828,0.55,0.5,0,1276.6434478251203,1284.2089044496402,35.95490206836013,-3.680256371467067,-4.378759813554608,1272.870815344654,0.0025483485741000828,0,ICICIBANK,15m,2026-03-12 09:00:00
1271.300048828125,1271.9000244140625,1268.300048828125,1271.0999755859375,1399540,-0.00023599875913427049,0.0017337466542257651,0.0025402019282584985,0.5,0.55,0,1276.1154980880553,1283.6948288079263,42.666478585922164,-3.6937645447815157,-4.24176075979999,1272.5888271232654,0.0025402019282584985,0,ICICIBANK,15m,2026-03-12 09:15:00
1271.0999755859375,1271.300048828125,1263.5999755859375,1265.199951171875,1173773,-0.004641668261650911,-0.009007598057354183,0.002322370047574588,0.45,0.6,0,1275.0759221912763,1282.9695394888656,36.92286022817973,-4.132910906821735,-4.219990789204339,1272.0679881701565,0.002322370047574588,0,ICICIBANK,15m,2026-03-12 09:30:00
1265.199951171875,1270.5999755859375,1263.699951171875,1267.800048828125,3208475,0.002055088331169852,-0.002282129893115714,0.002157072303589367,0.45,0.6,0,1274.3829818709762,1282.3746575021698,45.18520862814954,-4.222457549439241,-4.22048414125132,1271.1526726507175,0.002157072303589367,0,ICICIBANK,15m,2026-03-12 09:45:00
1267.9000244140625,1270.0,1266.5,1266.5,845199,-0.001025436802377988,-0.005964975850849097,0.0020619897434725515,0.45,0.55,0,1273.632221692788,1281.7521219138496,36.11108419961442,-4.34820359989385,-4.246028032979826,1270.9826067990423,0.0020619897434725515,0,ICICIBANK,15m,2026-03-12 10:00:00
1253.199951171875,1255.5,1250.0999755859375,1253.9000244140625,630138,0.00047871663812548704,-0.019548048731529266,0.0029452648614995375,0.35,0.65,0,1270.000986194911,1279.5878708152802,23.097009426043044,-6.203541162659349,-4.830191448100807,1253.1666666666667,0.0029452648614995375,0,ICICIBANK,15m,2026-03-13 04:00:00
1253.9000244140625,1256.0999755859375,1252.0,1252.5999755859375,674971,-0.001036804213105036,-0.01710612712687931,0.002884439459308488,0.35,0.6,0,1268.3437470892945,1278.529521982757,20.72540170961794,-6.82681062643951,-5.2295152837685475,1253.3735286330955,0.002884439459308488,0,ICICIBANK,15m,2026-03-13 04:15:00
1252.5,1252.5,1249.5999755859375,1251.9000244140625,644181,-0.0005587986472278539,-0.01580186759900748,0.0028748588507552055,0.35,0.6,0,1266.777678263082,1277.4852279604554,21.108165822267026,-7.293165306913124,-5.642245288397463,1252.699306199083,0.0028748588507552055,0,ICICIBANK,15m,2026-03-13 04:30:00
1252.199951171875,1253.199951171875,1250.9000244140625,1252.0999755859375,416237,0.00015971816277304818,-0.01440494999719899,0.0028802425320745366,0.4,0.55,0,1265.3798018176396,1276.489727867337,20.689744494704357,-7.55947938979125,-6.025692108676221,1252.587984385489,0.0028802425320745366,0,ICICIBANK,15m,2026-03-13 04:45:00
1252.0,1252.699951171875,1250.0999755859375,1250.300048828125,371024,-0.0014375263899915058,-0.018217472455339667,0.002785174715701284,0.4,0.6,0,1263.9436348662573,1275.4626816305054,9.686685979988795,-7.825566012158561,-6.38566688937269,1252.3772023202632,0.002785174715701284,0,ICICIBANK,15m,2026-03-13 05:00:00
1250.0999755859375,1251.4000244140625,1248.800048828125,1250.0999755859375,508773,-0.00016002018265537377,-0.018605803370781104,0.002777967013905421,0.35,0.65,0,1262.6251911252746,1274.468065707189,9.855108359133126,-7.960818456271454,-6.700697202752442,1252.020205368564,0.002777967013905421,0,ICICIBANK,15m,2026-03-13 05:15:00
1250.0,1253.699951171875,1250.0,1252.699951171875,359247,0.002079814124241519,-0.017027677986874323,0.0028433441303242174,0.35,0.65,0,1261.6799301773317,1273.6144141567845,17.96405872527987,-7.76865843319365,-6.914289448840684,1252.0314769422744,0.0028433441303242174,0,ICICIBANK,15m,2026-03-13 05:30:00
1252.699951171875,1253.5999755859375,1251.300048828125,1253.4000244140625,329305,0.0005588514963479341,-0.017095300809711445,0.0028414965843089287,0.3,0.6,0,1260.891367723687,1272.8216929904033,20.426946136755248,-7.473727690001624,-7.026177097072873,1252.093021081432,0.0028414965843089287,0,ICICIBANK,15m,2026-03-13 05:45:00
1253.5,1258.4000244140625,1253.4000244140625,1258.199951171875,796895,0.003829525023391067,-0.012246896732812873,0.0030271469512337,0.35,0.55,0,1260.6350423378,1272.2482913504612,31.767891526246757,-6.774585768757788,-6.975858831409856,1252.8634484174088,0.0030271469512337,-1,ICICIBANK,15m,2026-03-13 06:00:00
1258.0,1262.300048828125,1258.0,1261.0,463184,0.002225440261317102,-0.010359403294384895,0.003087479812551953,0.35,0.5,0,1260.6698002103906,1271.8071818857372,36.95096063161016,-5.926256029143815,-6.7659382709566485,1253.5385133946177,0.003087479812551953,-1,ICICIBANK,15m,2026-03-13 06:15:00
1260.5,1261.0999755859375,1256.4000244140625,1257.0999755859375,132913,-0.0030928028660289764,-0.016815267019027802,0.002989995215775072,0.3,0.55,0,1260.3298169128236,1271.2304286975098,38.96463294162257,-5.505187599181454,-6.51378813660161,1253.6548239710262,0.002989995215775072,-1,ICICIBANK,15m,2026-03-13 06:30:00
1256.9000244140625,1258.0999755859375,1255.4000244140625,1256.800048828125,171656,-0.0002385862410606565,-0.01643449616335446,0.0029927293993093533,0.25,0.6,-1,1259.9936485238047,1270.66453144773,34.011582518346074,-5.136479281752372,-6.238326365631763,1253.7519717262498,0.0029927293993093533,0,ICICIBANK,15m,2026-03-13 06:45:00
1256.800048828125,1256.800048828125,1251.800048828125,1252.800048828125,486578,-0.003182686063490925,-0.016717625905311673,0.0030038545509412542,0.25,0.6,-1,1259.3085437908828,1269.9639635018632,31.53638104513658,-5.108158186538731,-6.012292729813157,1253.7558803079376,0.0030038545509412542,0,ICICIBANK,15m,2026-03-13 07:00:00
1252.800048828125,1254.699951171875,1249.4000244140625,1254.5,356602,0.001356921380602616,-0.014377787654057617,0.0030430505982187743,0.25,0.6,-1,1258.85058723937,1269.3575335606138,52.34366804314448,-4.892148024879589,-5.788263788826444,1253.7058782477752,0.0030430505982187743,0,ICICIBANK,15m,2026-03-13 07:15:00
1254.5999755859375,1256.5999755859375,1253.199951171875,1255.300048828125,232566,0.0006377431870268069,-0.012663186469071608,0.003056392092530643,0.3,0.55,0,1258.5124407240135,1268.8062596495358,52.71323331109566,-4.603336760653519,-5.5512783831918595,1253.7528369255906,0.003056392092530643,0,ICICIBANK,15m,2026-03-13 07:30:00
1255.199951171875,1255.5999755859375,1251.4000244140625,1253.300048828125,436602,-0.001593244580741504,-0.014003561560613886,0.0030621862626533363,0.3,0.55,0,1258.0160224482145,1268.198172950657,51.32089899441238,-4.484144610497651,-5.337851628653018,1253.732940855425,0.0030621862626533363,0,ICICIBANK,15m,2026-03-13 07:45:00
1253.300048828125,1255.0,1251.0,1253.699951171875,495251,0.00031907949267528934,-0.009089472371025864,0.0029239309467032344,0.3,0.55,0,1257.604968040944,1267.629615233842,53.43499713459039,-4.307758042520845,-5.131832911426584,1253.6999758766137,0.0029239309467032344,0,ICICIBANK,15m,2026-03-13 08:00:00
1253.699951171875,1258.0,1252.4000244140625,1256.199951171875,1268375,0.001994097549149032,-0.009149784831584795,0.002921208669045533,0.35,0.55,0,1257.4711569105566,1267.1813931137651,57.19297043315872,-3.921041978806443,-4.889674724902557,1253.9649909740137,0.002921208669045533,0,ICICIBANK,15m,2026-03-13 08:15:00
1255.9000244140625,1257.199951171875,1253.800048828125,1253.9000244140625,1173691,-0.0018308604101336945,-0.009948658180763958,0.0029349995495420835,0.35,0.55,0,1257.1310490537476,1266.6605551255416,56.20688058526647,-3.7568450095247954,-4.663108781827005,1254.0831700010615,0.0029349995495420835,0,ICICIBANK,15m,2026-03-13 08:30:00
1253.699951171875,1257.800048828125,1253.699951171875,1257.5999755859375,1314868,0.0029507545257476675,0.0034308837391596736,0.001892740824923716,0.4,0.55,0,1257.17570872348,1266.3052382808512,61.53854821625763,-3.290234811795017,-4.388533987820608,1254.3497482482715,0.001892740824923716,0,ICICIBANK,15m,2026-03-13 08:45:00
1257.699951171875,1260.800048828125,1256.300048828125,1259.5,694284,0.0015108336919116283,0.004466046317013417,0.001915450074086017,0.45,0.5,0,1257.3970697974344,1266.038366191406,60.69196634216749,-2.7355925690128515,-4.057945704059057,1254.6120178270673,0.001915450074086017,0,ICICIBANK,15m,2026-03-13 09:00:00
1259.5999755859375,1261.699951171875,1258.0,1258.5999755859375,906354,-0.00071458865745333,0.004790036816976206,0.0019056121006761997,0.45,0.5,0,1257.5116322534823,1265.7466645990348,58.12498569477611,-2.3416657785644475,-3.714689718960136,1254.9517177707137,0.0019056121006761997,0,ICICIBANK,15m,2026-03-13 09:15:00
1259.0,1260.300048828125,1255.199951171875,1255.199951171875,845859,-0.002701433720018631,0.002635934733971279,0.00201027791695286,0.45,0.5,0,1257.2914721504721,1265.3330679940482,45.09801574953924,-2.277575046673064,-3.4272667845027214,1255.0719228693583,0.00201027791695286,0,ICICIBANK,15m,2026-03-13 09:30:00
1255.199951171875,1256.699951171875,1253.5,1253.5999755859375,1780336,-0.0012746778586500973,0.0011979874045584538,0.002034733648266226,0.4,0.55,0,1256.939901049088,1264.872946723142,37.41483040819123,-2.3290396191787295,-3.2076213514379233,1255.0176794409817,0.002034733648266226,0,ICICIBANK,15m,2026-03-13 09:45:00
1253.699951171875,1255.0,1252.0,1254.0,665654,0.000319100527961913,0.002959250601759944,0.0020042915150863807,0.4,0.55,0,1256.6599104729842,1264.4465566555677,44.0154403759232,-2.3109083239326083,-3.0282787459368605,1254.962013902435,0.0020042915150863807,0,ICICIBANK,15m,2026-03-13 10:00:00
1255.699951171875,1255.699951171875,1250.0,1251.5,563030,-0.0029476986263587968,-0.0009578919283523835,0.0020772674348821635,0.4,0.55,0,1256.0426889462096,1263.5904566493125,47.54705508416019,-2.3382567809999273,-2.7536929783969946,1252.3999837239583,0.0020772674348821635,0,ICICIBANK,15m,2026-03-16 04:00:00
1251.5999755859375,1257.199951171875,1251.0999755859375,1253.199951171875,497997,0.0013583309403715216,-0.00015962441223105195,0.002097114413385562,0.45,0.55,0,1255.7719520153205,1263.1829858462756,47.54705508416019,-2.3041870864644807,-2.6637918000104923,1253.0727126383686,0.002097114413385562,0,ICICIBANK,15m,2026-03-16 04:15:00
1253.300048828125,1253.9000244140625,1250.0,1252.699951171875,424211,-0.000398978630291591,-0.0043713242834554356,0.0018933396260030263,0.4,0.6,0,1255.479380506421,1262.7718864472795,45.03792608606519,-2.2911218034355443,-2.589257800695503,1252.8234477035414,0.0018933396260030263,0,ICICIBANK,15m,2026-03-16 04:30:00
1252.699951171875,1252.800048828125,1247.199951171875,1248.0,494172,-0.0037518570727796963,-0.010309278350515427,0.001958106763703537,0.35,0.65,0,1254.7670585534286,1262.1925967826803,40.83025689979978,-2.629700700204012,-2.597346380597205,1251.952118975004,0.001958106763703537,0,ICICIBANK,15m,2026-03-16 04:45:00
1248.0,1248.0,1241.0,1242.4000244140625,462112,-0.004487159924629447,-0.011693541848191713,0.0020759517391437834,0.35,0.65,0,1253.5892457782509,1261.416417474107,33.431061948486644,-3.3117226666336137,-2.7402216378044866,1250.4091518245543,0.0020759517391437834,0,ICICIBANK,15m,2026-03-16 05:00:00
1242.5,1246.199951171875,1242.199951171875,1243.9000244140625,387026,0.0012073406073116466,-0.01026418198033241,0.0021135214855695643,0.35,0.6,0,1252.6664627911853,1260.7295000992033,31.419899466352945,-3.68867181222231,-2.9299116726880516,1249.5458766590182,0.0021135214855695643,0,ICICIBANK,15m,2026-03-16 05:15:00
1243.699951171875,1244.0,1240.0999755859375,1243.300048828125,381363,-0.0004823342504717276,-0.007583013752981871,0.002018139755216808,0.35,0.6,0,1251.7744233661317,1260.04599220622,33.12093987023135,-3.989827493687244,-3.1418948368878903,1248.7048110790774,0.002018139755216808,0,ICICIBANK,15m,2026-03-16 05:30:00
1243.300048828125,1250.0,1242.5,1250.0,476820,0.005388844935854342,-0.0035870864886409226,0.0023711348819826887,0.4,0.55,0,1251.6054306645954,1259.6520317275447,38.953453298935784,-3.6458385182331767,-3.242683573156948,1248.548987934203,0.0023711348819826887,0,ICICIBANK,15m,2026-03-16 05:45:00
1249.9000244140625,1251.300048828125,1247.800048828125,1249.0999755859375,646904,-0.0007200195312500046,-0.004939116546657907,0.0023660120299375917,0.4,0.55,0,1251.3668158951994,1259.2382256043445,34.43099875370507,-3.406580288235773,-3.275462916172713,1248.6760265295086,0.0023660120299375917,0,ICICIBANK,15m,2026-03-16 06:00:00
1249.199951171875,1249.9000244140625,1246.5999755859375,1248.0,220863,-0.0008806145284099287,-0.004228874668185556,0.002349948743816892,0.4,0.55,0,1251.0461667623233,1258.7975108747626,34.22610073061119,-3.2680531714381686,-3.2739809672258042,1248.6513259483718,0.002349948743816892,0,ICICIBANK,15m,2026-03-16 06:15:00
1248.0,1249.9000244140625,1246.800048828125,1246.800048828125,297083,-0.0009614993364382984,-0.005503631341215565,0.0023522406249378886,0.4,0.5,0,1250.641774578114,1258.3270221670514,36.62421372645068,-3.2180003594935442,-3.2627848456793527,1248.6012392628736,0.0023522406249378886,0,ICICIBANK,15m,2026-03-16 06:30:00
1247.199951171875,1250.4000244140625,1246.0999755859375,1250.4000244140625,375800,0.002887372028354651,-0.004617041062931038,0.0024054379124087695,0.4,0.55,0,1250.6187507529664,1258.0161595100715,45.20960491210117,-2.8549352850518517,-3.1812149335538527,1248.627510674239,0.0024054379124087695,0,ICICIBANK,15m,2026-03-16 06:45:00
1250.199951171875,1252.9000244140625,1250.0999755859375,1250.800048828125,413978,0.00031991715151313826,-0.002472266947587065,0.0023779568064941367,0.45,0.55,0,1250.636017236315,1257.7331747774463,45.20960491210117,-2.506036936888222,-3.046179334220727,1248.8211801885095,0.0023779568064941367,0,ICICIBANK,15m,2026-03-16 07:00:00
1251.0999755859375,1254.9000244140625,1249.699951171875,1251.0,649048,0.00015985862173750753,-0.005248072291717754,0.002267530927703125,0.45,0.55,0,1250.6706822614278,1257.4691287077426,43.518525495633305,-2.1881741838824382,-2.8745783041530695,1249.1354144861805,0.002267530927703125,0,ICICIBANK,15m,2026-03-16 07:15:00
1251.0,1255.199951171875,1249.9000244140625,1252.5999755859375,434733,0.001278957302907724,-0.005478383814261578,0.002258571931514212,0.45,0.55,0,1250.8544244828097,1257.2781815264952,51.81516024414318,-1.7865665764227288,-2.656975958607002,1249.3572197539438,0.002258571931514212,0,ICICIBANK,15m,2026-03-16 07:30:00
1252.5,1255.5999755859375,1251.199951171875,1255.0999755859375,410868,0.0019958486737401415,-0.0027808676846434732,0.0023113322101441214,0.45,0.55,0,1251.2587626831078,1257.1927616856892,53.05472800850967,-1.2521268090235935,-2.37600612869032,1249.6226147562377,0.0023113322101441214,0,ICICIBANK,15m,2026-03-16 07:45:00
1255.0999755859375,1256.9000244140625,1253.5,1254.5999755859375,988347,-0.00039837463925262995,-0.000477992040532893,0.0022328674089564593,0.5,0.5,0,1251.5769734357582,1257.0910837994245,53.05472800850967,-0.8590229820410968,-2.0726094993604756,1250.2767863887568,0.0022328674089564593,0,ICICIBANK,15m,2026-03-16 08:00:00
1254.5,1255.0999755859375,1252.5999755859375,1253.5,759593,-0.000876754031039928,-7.97507880381243e-05,0.0022228639377882696,0.5,0.5,0,1251.7601188228289,1256.950256983761,60.00008877919726,-0.6289935577044616,-1.7838863110292729,1250.572325770584,0.0022228639377882696,1,ICICIBANK,15m,2026-03-16 08:15:00
1253.5999755859375,1259.300048828125,1253.4000244140625,1258.4000244140625,909750,0.00390907412370356,0.003508791398773914,0.002388875314461827,0.55,0.45,0,1252.392490783899,1257.0071106084788,79.85096381590934,-0.05071791805471548,-1.4372526324343615,1251.1725006222557,0.002388875314461827,1,ICICIBANK,15m,2026-03-16 08:30:00
1258.5,1260.9000244140625,1255.9000244140625,1260.9000244140625,688864,0.001986649675379759,0.004541167514279909,0.002417475675289315,0.55,0.4,0,1253.2027320820098,1257.1597738949722,80.57575438226718,0.60235522318726,-1.0293310613100373,1251.7022217231329,0.002417475675289315,1,ICICIBANK,15m,2026-03-16 08:45:00
1260.9000244140625,1270.300048828125,1260.699951171875,1266.5,3078393,0.0044412526588217816,0.011985617259288928,0.0024704177300813182,0.6,0.4,1,1254.46913855039,1257.5260572716402,85.36598981748891,1.5538794663639237,-0.5126889557752451,1254.9100426371513,0.0024704177300813182,1,ICICIBANK,15m,2026-03-16 09:00:00
1267.0999755859375,1273.800048828125,1266.0,1272.4000244140625,2350174,0.004658526975177546,0.01532083784733107,0.0026289510671723974,0.6,0.4,1,1256.1768419659777,1258.109350100755,85.00017166203179,2.7523248583920576,0.1403138070582155,1257.2472459723704,0.0026289510671723974,0,ICICIBANK,15m,2026-03-16 09:15:00
1272.9000244140625,1276.300048828125,1270.5999755859375,1270.9000244140625,2215282,-0.0011788745451264404,0.014528677218484498,0.0026527821828582934,0.65,0.35,1,1257.5790498181761,1258.610945171865,83.4358079518307,3.5402541557543827,0.820301876797449,1259.1235531853017,0.0026527821828582934,0,ICICIBANK,15m,2026-03-16 09:30:00
1271.0,1276.5,1271.0,1271.300048828125,2637478,0.0003147567915477989,0.018669910919971944,0.002438815063484643,0.7,0.3,1,1258.8858116286474,1259.1085570799537,86.52056450995698,4.149143682094291,1.4860702378568176,1260.877705996125,0.002438815063484643,0,ICICIBANK,15m,2026-03-16 09:45:00
1271.4000244140625,1273.0,1266.5999755859375,1272.9000244140625,892256,0.001258534983470172,0.024549259015335556,0.0020792409341942758,0.7,0.3,0,1260.2204985605917,1259.6493989361934,90.40253060268103,4.706543572183591,2.1301649047221725,1261.2878883358437,0.0020792409341942758,0,ICICIBANK,15m,2026-03-16 10:00:00
1276.5999755859375,1281.0,1275.0,1280.0,864812,0.002349256068911565,0.029518177214314933,0.0020950212137931783,0.75,0.25,0,1263.5501133341807,1261.1011944812765,91.24298266182981,6.150643526092836,3.4601031471369934,1278.6666666666667,0.0020950212137931783,0,ICICIBANK,15m,2026-03-17 04:00:00
1280.199951171875,1285.199951171875,1279.5,1284.5,395766,0.003515624999999911,0.02760000000000007,0.0019466409948313574,0.75,0.25,0,1265.5453406356871,1262.018794697697,92.19148766073636,7.014567226144891,4.170995962938573,1280.0480678639715,0.0019466409948313574,0,ICICIBANK,15m,2026-03-17 04:15:00
1284.300048828125,1287.5999755859375,1282.5,1285.199951171875,267770,0.0005449211147332544,0.028900789601731702,0.001895236442180367,0.75,0.25,0,1267.4172083058002,1262.9278596574688,92.01035711926103,7.66732899657859,4.8702625696665764,1280.9331734359425,0.001895236442180367,0,ICICIBANK,15m,2026-03-17 04:30:00
1285.199951171875,1288.300048828125,1284.699951171875,1288.300048828125,200183,0.0024121520183868483,0.03229170579176688,0.0018259539138012369,0.8,0.2,0,1269.4060502603074,1263.9228474680829,92.13204653540501,8.338676305005947,5.563945316734451,1281.6473620158754,0.0018259539138012369,0,ICICIBANK,15m,2026-03-17 04:45:00
1288.699951171875,1289.199951171875,1282.800048828125,1283.0,336400,-0.0041139863597351445,0.029034287579551732,0.002162947342881271,0.85,0.25,0,1270.700712140278,1264.6709710967855,82.12667121437666,8.346837095347837,6.120523672457129,1282.193543664492,0.002162947342881271,0,ICICIBANK,15m,2026-03-17 05:00:00
1282.5999755859375,1284.4000244140625,1280.699951171875,1282.9000244140625,409408,-7.792329379385787e-05,0.02599168215406067,0.0021597288077773277,0.8,0.25,0,1271.862551404448,1265.3858359327573,84.0277483434352,8.250134965878942,6.546445931141491,1282.271827336242,0.0021597288077773277,1,ICICIBANK,15m,2026-03-17 05:15:00
1283.0,1284.9000244140625,1280.9000244140625,1281.5,200238,-0.0010912965838487665,0.02454425165767926,0.0022152918758957087,0.8,0.25,0,1272.7804036516434,1266.0177639353944,79.0931145706177,7.968669697898349,6.8308906844928625,1282.283920051063,0.0022152918758957087,1,ICICIBANK,15m,2026-03-17 05:30:00
1281.5,1283.0,1278.199951171875,1278.199951171875,363560,-0.0025751453984588224,0.021742566883992787,0.002363351991977163,0.75,0.25,0,1273.2965510345227,1266.4954967681977,71.3578698945376,7.394085667488525,6.943529681091995,1281.986676770592,0.002363351991977163,1,ICICIBANK,15m,2026-03-17 05:45:00
1278.300048828125,1279.199951171875,1275.0,1275.5999755859375,553132,-0.0020340914452029457,0.018361807798408458,0.0024626027132390884,0.7,0.3,1,1273.515924801324,1266.852535153207,62.13326128495675,6.652244449713862,6.885272634816369,1281.157009931469,0.0024626027132390884,0,ICICIBANK,15m,2026-03-17 06:00:00
1275.5999755859375,1279.9000244140625,1275.199951171875,1278.0999755859375,211865,0.0019598620632237385,0.018325233405619867,0.0024617829286068247,0.7,0.3,1,1273.9525010665254,1267.2936112486084,58.35767573062989,6.194650966275276,6.747148301108151,1280.9662828388166,0.0024617829286068247,0,ICICIBANK,15m,2026-03-17 06:15:00
1278.0,1280.0,1275.699951171875,1278.0999755859375,394703,0.0,0.018731070028137564,0.0024522218479592554,0.7,0.3,1,1274.3474986398028,1267.7173902422292,61.04283681569685,5.765543240318948,6.550827288950311,1280.6811064718052,0.0024522218479592554,0,ICICIBANK,15m,2026-03-17 06:30:00
1278.0999755859375,1280.800048828125,1277.9000244140625,1280.199951171875,380904,0.0016430448525552865,0.021300320041384158,0.0024189506946407074,0.75,0.25,0,1274.9048750714287,1268.2069024355485,62.973600108190446,5.531162952019713,6.346894421564192,1280.5939432363805,0.0024189506946407074,0,ICICIBANK,15m,2026-03-17 06:45:00
1280.0,1283.5999755859375,1279.5999755859375,1282.4000244140625,638562,0.0017185387643341432,0.01907183688364511,0.002331017809475955,0.75,0.25,0,1275.6186988183463,1268.7634954543137,63.610258060454285,5.460002894159061,6.169516116083167,1280.7497148337861,0.002331017809475955,0,ICICIBANK,15m,2026-03-17 07:00:00
1282.4000244140625,1285.699951171875,1282.0,1285.300048828125,595663,0.002261403898044634,0.019351276026345676,0.0023382618059045288,0.75,0.25,0,1276.5407321526109,1269.4119877434828,62.31454113419688,5.573369435769791,6.050286780020492,1281.1169333838852,0.0023382618059045288,0,ICICIBANK,15m,2026-03-17 07:15:00
1285.699951171875,1286.0,1281.199951171875,1282.699951171875,740985,-0.002022949939681884,0.012791118177556182,0.002277917648873599,0.75,0.3,0,1277.1273244401598,1269.933084348518,54.0539450725084,5.391259996524468,5.918481423321287,1281.3637456496372,0.002277917648873599,0,ICICIBANK,15m,2026-03-17 07:30:00
1282.699951171875,1285.0,1279.9000244140625,1283.699951171875,1181784,0.0007796055492841347,0.008880797344385627,0.002073563820894382,0.7,0.35,0,1277.7532888907992,1270.4729614788457,48.65764939129295,5.266914880346576,5.7881681147263455,1281.593344827195,0.002073563820894382,0,ICICIBANK,15m,2026-03-17 07:45:00
1284.0,1286.9000244140625,1283.0999755859375,1283.9000244140625,475152,0.0001558567031219038,0.010228971398433595,0.002039779565168714,0.7,0.35,0,1278.3386922739671,1270.9995129665015,47.78172637472972,5.12543192966541,5.655620877714158,1281.769264978753,0.002039779565168714,0,ICICIBANK,15m,2026-03-17 08:00:00
1284.0,1286.800048828125,1280.800048828125,1286.800048828125,752277,0.002258761865345349,0.012192243691241611,0.002075935844016486,0.65,0.4,0,1279.1445357553157,1271.61914182382,47.42271068417299,5.187514962251498,5.561999694621626,1282.0236382092164,0.002075935844016486,0,ICICIBANK,15m,2026-03-17 08:15:00
1286.800048828125,1290.9000244140625,1285.0,1288.800048828125,1229421,0.0015542430246420214,0.012491180854035777,0.0020818564332236705,0.7,0.35,0,1280.0641084289166,1272.2929028828125,61.24027706807472,5.336582694764957,5.516916294650293,1282.772649338812,0.0020818564332236705,0,ICICIBANK,15m,2026-03-17 08:30:00
1289.0,1292.5,1287.0,1289.0999755859375,1565831,0.00023271783554412728,0.00947531369298149,0.001990826749409583,0.7,0.35,0,1280.924667205776,1272.9520037731313,61.92287106679061,5.416483677331371,5.496829771186508,1283.672947120168,0.001990826749409583,0,ICICIBANK,15m,2026-03-17 08:45:00
1289.199951171875,1290.0,1287.0,1289.5,391597,0.00031031294828842704,0.007421874999999911,0.0019413079960622476,0.7,0.35,0,1281.7413655671307,1273.600944801636,65.99984375152587,5.449268632004532,5.487317543350113,1283.8392672516704,0.0019413079960622476,0,ICICIBANK,15m,2026-03-17 09:00:00
1289.699951171875,1291.699951171875,1289.0,1290.0,429692,0.0003877471888329431,0.004281821720513834,0.001795182674617743,0.7,0.35,0,1282.527902179785,1274.2440450054933,76.57645273391105,5.452740962508869,5.480402227181864,1284.0576723771546,0.001795182674617743,0,ICICIBANK,15m,2026-03-17 09:15:00
1290.0,1293.800048828125,1286.5,1288.300048828125,2842246,-0.001317791606104679,0.0024121520183868483,0.001825243404667039,0.7,0.4,0,1283.077630432008,1274.795260841675,79.81213930804454,5.25771331073156,5.435864443891804,1285.0668357424827,0.001825243404667039,0,ICICIBANK,15m,2026-03-17 09:30:00
1288.0,1292.9000244140625,1283.699951171875,1287.199951171875,4708599,-0.0008539141617286417,-0.0008539141617286417,0.0017542933183950324,0.65,0.45,0,1283.4702324072334,1275.2817192859964,72.86395171233507,4.95723982965842,5.340139521045127,1285.7373128399167,0.0017542933183950324,0,ICICIBANK,15m,2026-03-17 09:45:00
1287.5999755859375,1289.5,1286.699951171875,1287.0,1110240,-0.00015533808224044154,0.003117692907248726,0.0014710477350818425,0.6,0.4,0,1283.8064007494017,1275.7412597061534,72.13912219651283,4.649382851236169,5.2019881870833355,1285.841642468066,0.0014710477350818425,0,ICICIBANK,15m,2026-03-17 10:00:00
1280.800048828125,1283.0999755859375,1277.5,1278.199951171875,468964,-0.0021858304669203354,-0.0025751453984588224,0.0018722057321978762,0.6,0.45,0,1283.0306317908226,1276.0358168296832,41.463342017119466,3.0035421997888534,4.550231674135689,1279.5999755859375,0.0018722057321978762,0,ICICIBANK,15m,2026-03-18 04:00:00
1278.0,1278.0,1274.0999755859375,1276.5,496498,-0.0013299571560118073,-0.0013299571560118073,0.0018060529236977754,0.6,0.45,0,1282.4086668583634,1276.0540200912642,31.196594572600077,2.1497110042864733,4.070127540165846,1277.8515016750246,0.0018060529236977754,0,ICICIBANK,15m,2026-03-18 04:15:00
1276.9000244140625,1278.4000244140625,1273.0999755859375,1273.4000244140625,509243,-0.0024284963462103404,-0.0017246403370809738,0.0018306705812474388,0.65,0.45,0,1281.550700911287,1275.949941829413,30.544106155095534,1.2089653085981809,3.497895093852313,1276.8553174280526,0.0018306705812474388,0,ICICIBANK,15m,2026-03-18 04:30:00
1273.5,1275.0,1271.0,1273.9000244140625,412773,0.0003926495919694961,-0.003286089705110573,0.0017711211465446012,0.6,0.5,0,1280.8220650544085,1275.869552911164,29.0600074076779,0.4980224950693355,2.8979205740957172,1276.0778060178138,0.0017711211465446012,0,ICICIBANK,15m,2026-03-18 04:45:00
1274.0,1279.5,1273.5,1279.199951171875,338718,0.004160394580611015,0.0008606334456999765,0.0020183479732765017,0.6,0.5,0,1280.667578017977,1276.0001567645252,41.75422215178758,0.3581267273143567,2.3899618047394453,1276.278976709105,0.0020183479732765017,0,ICICIBANK,15m,2026-03-18 05:00:00
1279.300048828125,1280.9000244140625,1277.9000244140625,1280.9000244140625,314066,0.0013290129042220489,0.0005468467965075163,0.002006447786616295,0.6,0.5,0,1280.689715769985,1276.192308437056,39.1940654888862,0.38005894309594623,1.9879812324107458,1276.7266659508073,0.002006447786616295,0,ICICIBANK,15m,2026-03-18 05:15:00
1280.9000244140625,1285.699951171875,1280.199951171875,1285.699951171875,856130,0.003747307882212114,0.0025732429000226986,0.0021429847850336775,0.6,0.5,0,1281.1668810463555,1276.565157171755,44.8503110577586,0.7758112872163565,1.7455472433718682,1278.5264367103798,0.0021429847850336775,0,ICICIBANK,15m,2026-03-18 05:30:00
1285.5999755859375,1290.5999755859375,1285.0,1287.9000244140625,649928,0.0017111871554340574,0.00202285496550636,0.0021175728514465546,0.6,0.5,0,1281.8081327956609,1277.0096617694924,48.12507629394532,1.252536928998552,1.646945180497205,1280.021329034359,0.0021175728514465546,0,ICICIBANK,15m,2026-03-18 05:45:00
1287.800048828125,1294.0,1287.5999755859375,1293.5,505679,0.004348144638389284,0.008419777998945221,0.0022556127545741867,0.6,0.45,0,1282.9216439579789,1277.6563417001005,55.37635114293402,2.0584876987431926,1.7292536841464026,1281.3187050970532,0.0022556127545741867,0,ICICIBANK,15m,2026-03-18 06:00:00
1293.4000244140625,1294.800048828125,1292.0,1294.5,381434,0.0007730962504832739,0.008413219006720096,0.002255558867543428,0.65,0.4,0,1284.0243445334095,1278.3168773197044,55.96817749111184,2.746244140010276,1.9326517753191772,1282.2811347036943,0.002255558867543428,0,ICICIBANK,15m,2026-03-18 06:15:00
1294.5,1296.699951171875,1293.9000244140625,1294.300048828125,311820,-0.000154462087195828,0.00810033820102829,0.0022585470692158697,0.65,0.4,0,1285.002983037668,1278.9436683592505,58.287303995953465,3.237837906323648,2.1936890015200716,1283.0352651744822,0.0022585470692158697,0,ICICIBANK,15m,2026-03-18 06:30:00
1294.5,1294.5,1289.199951171875,1290.0,346707,-0.0033222967363852884,0.0024867508940407124,0.0023600678336776547,0.65,0.4,0,1285.4788894150329,1279.377249992221,53.553370264341744,3.2430674417178125,2.40356468955962,1283.5435524251302,0.0023600678336776547,0,ICICIBANK,15m,2026-03-18 06:45:00
1290.0999755859375,1291.699951171875,1288.4000244140625,1291.300048828125,497209,0.0010077897892442067,0.001939788877470372,0.0023457928944211194,0.6,0.45,0,1286.033285549613,1279.844810730884,55.30870225694444,3.3139142213588,2.5856345959194558,1284.108857601455,0.0023457928944211194,0,ICICIBANK,15m,2026-03-18 07:00:00
1291.300048828125,1291.9000244140625,1289.5,1290.699951171875,215017,-0.0004647236378521047,0.0012411570989365739,0.002348890450846357,0.6,0.45,0,1286.4777298945905,1280.2705025128837,63.81755581832093,3.283784515207344,2.7252645797770336,1284.3336615516075,0.002348890450846357,0,ICICIBANK,15m,2026-03-18 07:15:00
1290.699951171875,1292.9000244140625,1290.699951171875,1291.699951171875,355909,0.0007747734080969515,0.0017060497649281636,0.0023537382074548005,0.65,0.45,0,1286.975084301951,1280.7187161857853,70.27024054781263,3.3025286540894285,2.840717394639513,1284.7308728118537,0.0023537382074548005,0,ICICIBANK,15m,2026-03-18 07:30:00
1291.800048828125,1292.300048828125,1290.300048828125,1291.300048828125,227319,-0.0003095938367011497,0.0010077897892442067,0.0023542270673046475,0.6,0.5,0,1287.3869856853962,1281.1336704070536,73.12507629394531,3.247677537141044,2.9221094231398195,1284.9476883717784,0.0023542270673046475,1,ICICIBANK,15m,2026-03-18 07:45:00
1291.300048828125,1295.699951171875,1290.5999755859375,1294.699951171875,533868,0.0026329297724687617,0.004967711015435805,0.0023984852172447614,0.6,0.45,0,1288.0834585888704,1281.665681417439,82.97209761112015,3.4389097260745984,3.0254694837267757,1285.5749063889878,0.0023984852172447614,0,ICICIBANK,15m,2026-03-18 08:00:00
1295.199951171875,1295.4000244140625,1293.0999755859375,1294.9000244140625,325768,0.0001545325169791667,0.0059820335101608,0.0023846047763294385,0.6,0.4,0,1288.7326553341268,1282.1846752604438,82.8125,3.5655059193329635,3.1334767708480133,1285.9488104703148,0.0023846047763294385,0,ICICIBANK,15m,2026-03-18 08:15:00
1294.9000244140625,1296.9000244140625,1294.0999755859375,1295.0999755859375,556471,0.00015441437030272454,0.006293687323960739,0.0023824902034069967,0.65,0.4,1,1289.3390667866802,1282.6911576261496,79.55392190229847,3.64000894577498,3.234783205833407,1286.5799595126148,0.0023824902034069967,0,ICICIBANK,15m,2026-03-18 08:30:00
1295.0,1295.4000244140625,1293.0,1295.199951171875,274099,7.71952650930885e-05,0.011085051656420708,0.0020774253500609684,0.6,0.4,0,1289.8972462519368,1283.1816985495116,78.26080663138036,3.6648739397771806,3.3208013526221616,1286.8341103820007,0.0020774253500609684,0,ICICIBANK,15m,2026-03-18 08:45:00
1295.4000244140625,1297.0,1292.5999755859375,1292.5999755859375,378938,-0.002007393208735886,0.011265862121853765,0.0020653903762503922,0.65,0.4,0,1290.1546490456512,1283.5510427470185,64.93513356408698,3.4351846554043277,3.3436780131785953,1287.140107869628,0.0020653903762503922,0,ICICIBANK,15m,2026-03-18 09:00:00
1292.300048828125,1294.9000244140625,1290.9000244140625,1291.5999755859375,512919,-0.0007736345496577313,0.011829201399089273,0.0020421801025459004,0.65,0.4,0,1290.2922991923451,1283.866687172074,58.44741477336068,3.136309180121998,3.302204246567276,1287.4286240554495,0.0020421801025459004,0,ICICIBANK,15m,2026-03-18 09:15:00
1291.699951171875,1292.4000244140625,1288.199951171875,1288.800048828125,726469,-0.002167797159133844,0.012093626605000685,0.0020226369566599387,0.6,0.4,0,1290.1501801100385,1284.0601523350565,37.69636854013012,2.6430500871254026,3.1703734146789015,1287.5975869965125,0.0020226369566599387,0,ICICIBANK,15m,2026-03-18 09:30:00
1288.5999755859375,1290.0999755859375,1287.199951171875,1287.699951171875,1186887,-0.0008535828790899869,0.010832817719867549,0.002048495160976587,0.6,0.4,0,1289.9168249730706,1284.2028895443436,32.291494475032735,2.1387162258786248,2.9640419769188466,1287.6742989598624,0.002048495160976587,0,ICICIBANK,15m,2026-03-18 09:45:00
1287.699951171875,1293.9000244140625,1286.0,1293.0,958269,0.004115903571559221,0.01078803107792714,0.002044377700610637,0.6,0.45,0,1290.2104606899209,1284.547874268095,47.32500778636231,2.142005942234846,2.7996347699820467,1287.9299472567848,0.002044377700610637,0,ICICIBANK,15m,2026-03-18 10:00:00
1266.4000244140625,1269.699951171875,1263.4000244140625,1264.300048828125,777620,-0.0016582245305223342,-0.016644554061190253,0.005035162943017896,0.5,0.5,0,1285.6911094956395,1283.0700705462298,21.51892866340458,-1.8488522164466303,1.4217138345919544,1265.8000081380208,0.005035162943017896,-1,ICICIBANK,15m,2026-03-19 04:00:00
1264.0,1265.0999755859375,1257.199951171875,1257.199951171875,452009,-0.005615832778643859,-0.02383731086281693,0.005106832811432666,0.45,0.55,0,1282.9776658457572,1282.055556060961,18.92387690579507,-3.8413224177577376,0.369106584122016,1263.6066562375001,0.005106832811432666,-1,ICICIBANK,15m,2026-03-19 04:15:00
1257.5999755859375,1261.5,1256.5999755859375,1261.0,407173,0.003022628838461827,-0.025125628140703515,0.005039289522887187,0.4,0.6,-1,1280.884554812828,1281.229847980139,22.92770933892517,-5.055461017478592,-0.7158069361981055,1262.63482931294,0.005039289522887187,0,ICICIBANK,15m,2026-03-19 04:30:00
1261.0999755859375,1262.5,1257.0999755859375,1258.0999755859375,308185,-0.0022997814544508666,-0.028118983711133638,0.005020872233736792,0.4,0.6,-1,1278.7145948864575,1280.3227941607586,21.95943229126931,-6.180438095675072,-1.8087331680934988,1262.0958565308563,0.005020872233736792,0,ICICIBANK,15m,2026-03-19 04:45:00
1258.0,1265.199951171875,1258.0,1263.0,282116,0.003894781423694482,-0.024182992851205176,0.0051541632937824496,0.4,0.6,-1,1277.2179668020328,1279.6434688995523,23.888097881171873,-6.600512911993292,-2.767089116873458,1262.0921568728443,0.0051541632937824496,0,ICICIBANK,15m,2026-03-19 05:00:00
1262.5,1266.0,1262.4000244140625,1263.4000244140625,273002,0.0003167255851643791,-0.02062013611312985,0.00513990205221025,0.45,0.55,0,1275.9019722888927,1279.0064710765919,24.1379932410492,-6.82250105799244,-3.5781715050972545,1262.293208148474,0.00513990205221025,0,ICICIBANK,15m,2026-03-19 05:15:00
1263.5999755859375,1267.0,1263.199951171875,1264.4000244140625,229694,0.0007915149443373792,-0.020831738090984153,0.005135618053230639,0.5,0.5,0,1274.806548681766,1278.4336692466889,25.121674237508117,-6.838902015022995,-4.230317607082403,1262.5097464766156,0.005135618053230639,0,ICICIBANK,15m,2026-03-19 05:30:00
1264.4000244140625,1266.0,1261.5,1264.0999755859375,195706,-0.00023730530079990597,-0.02060895374001248,0.005137208886293369,0.45,0.55,0,1273.7868750535918,1277.8715636129339,24.878965542401986,-6.797751081435763,-4.743804301953075,1262.6005191227246,0.005137208886293369,0,ICICIBANK,15m,2026-03-19 05:45:00
1264.0999755859375,1266.5999755859375,1263.5,1266.0999755859375,203052,0.0015821533412125888,-0.019818825233145154,0.005155261524162152,0.45,0.55,0,1273.0547893900057,1277.4099327099143,28.385095146682815,-6.528498913167368,-5.100743224195934,1262.7822121160789,0.005155261524162152,0,ICICIBANK,15m,2026-03-19 06:00:00
1265.9000244140625,1267.5,1265.4000244140625,1266.4000244140625,216870,0.00023698667870686307,-0.01928291138582361,0.00516049123011295,0.5,0.5,0,1272.4210022494397,1276.978171600273,29.208078350166588,-6.2192119926148735,-5.3244369778797225,1263.018900045055,0.00516049123011295,0,ICICIBANK,15m,2026-03-19 06:15:00
1266.300048828125,1267.9000244140625,1265.699951171875,1266.4000244140625,166329,0.0,-0.021858289816260035,0.005097197186926192,0.5,0.5,0,1271.8475757889275,1276.563342298853,30.622955389745755,-5.906018969474189,-5.440753376198616,1263.1916709819898,0.005097197186926192,0,ICICIBANK,15m,2026-03-19 06:30:00
1266.300048828125,1269.699951171875,1266.0,1268.5,226083,0.0016582245305223342,-0.020387693193540835,0.005127550211322223,0.55,0.5,0,1271.528759047125,1276.2471327969372,33.67359225397141,-5.425815340847976,-5.437765769128488,1263.4865338612208,0.005127550211322223,0,ICICIBANK,15m,2026-03-19 06:45:00
1268.5,1269.0,1266.0,1266.800048828125,225500,-0.0013401270570555512,-0.021851538330088238,0.005120469082636676,0.5,0.5,0,1271.0784056929347,1275.8766589158072,26.268244139761165,-5.123363413716561,-5.374885298046102,1263.7016110014492,0.005120469082636676,0,ICICIBANK,15m,2026-03-19 07:00:00
1266.699951171875,1270.9000244140625,1266.4000244140625,1270.800048828125,211935,0.003157562240150069,-0.018838714687777314,0.005203132019909535,0.55,0.45,0,1271.0518955153339,1275.6775761672707,56.748458217411,-4.508925426206815,-5.201693323678246,1263.9891682902246,0.005203132019909535,0,ICICIBANK,15m,2026-03-19 07:15:00
1270.9000244140625,1272.9000244140625,1269.199951171875,1269.9000244140625,308640,-0.000708234481807346,-0.01756146650210566,0.0051971779182331595,0.55,0.4,0,1270.942193505689,1275.4510055102821,58.91708231122998,-4.0479411963594885,-4.970942898214495,1264.4487986709378,0.0051971779182331595,0,ICICIBANK,15m,2026-03-19 07:30:00
1269.9000244140625,1271.0,1266.800048828125,1267.5999755859375,272312,-0.001811204649111109,-0.018581604563063236,0.005201315814831584,0.55,0.4,0,1270.6238870371412,1275.1431219838373,69.54875659105407,-3.8241205103026914,-4.741578420632134,1264.6788373372528,0.005201315814831584,0,ICICIBANK,15m,2026-03-19 07:45:00
1267.5,1268.199951171875,1265.300048828125,1265.9000244140625,231482,-0.0013410785773242395,-0.017768485060878914,0.00519419433610913,0.55,0.4,0,1270.1739953587528,1274.7806475693365,60.0,-3.740791342512466,-4.541421005008201,1264.7618117601014,0.00519419433610913,0,ICICIBANK,15m,2026-03-19 08:00:00
1265.800048828125,1270.5999755859375,1265.5999755859375,1267.9000244140625,270182,0.001579903595408938,-0.015376195937410353,0.00522334166738968,0.6,0.35,0,1269.9574266973539,1274.5108192103062,70.76272939813379,-3.4733306971781985,-4.327802943442201,1264.9299217895907,0.00522334166738968,0,ICICIBANK,15m,2026-03-19 08:15:00
1267.800048828125,1268.0,1262.5,1262.9000244140625,261585,-0.003943528593518764,-0.023279176787267986,0.005137442733211071,0.55,0.35,0,1269.285293146564,1274.055493924179,49.789081694145274,-3.6230600411790874,-4.186854362989578,1264.9079670814806,0.005137442733211071,0,ICICIBANK,15m,2026-03-19 08:30:00
1262.9000244140625,1263.199951171875,1260.199951171875,1261.699951171875,365730,-0.0009502519748103566,-0.0037113654071209146,0.002357514661004777,0.55,0.35,0,1268.5628796251651,1273.5709628358534,46.53048005779627,-3.7948132611700203,-4.108446142625667,1264.7086082386502,0.002357514661004777,0,ICICIBANK,15m,2026-03-19 08:45:00
1261.800048828125,1262.199951171875,1259.0999755859375,1259.4000244140625,250815,-0.0018228793269559063,-0.0038756815825518043,0.0023632171382920813,0.55,0.4,0,1267.6902267479172,1273.015239760489,40.31009585813375,-4.069601955391363,-4.100677305178806,1264.5256769317684,0.0023632171382920813,0,ICICIBANK,15m,2026-03-19 09:00:00
1260.199951171875,1260.199951171875,1255.4000244140625,1256.5999755859375,629029,-0.002223319655268119,-0.00047723163318469375,0.0020550383551702907,0.55,0.4,0,1266.6340123515383,1272.3715039105068,36.74913947048318,-4.461880731108522,-4.172917990364749,1263.8631144473259,0.0020550383551702907,0,ICICIBANK,15m,2026-03-19 09:15:00
1256.5999755859375,1256.9000244140625,1243.699951171875,1248.0,2557426,-0.0068438451002893474,-0.010309278350515427,0.002434874293856275,0.55,0.4,0,1264.8593445085348,1271.4157586591145,24.068821025459854,-5.404411947074323,-4.419216781706664,1259.932036529968,0.002434874293856275,0,ICICIBANK,15m,2026-03-19 09:30:00
1247.9000244140625,1253.9000244140625,1246.9000244140625,1253.699951171875,2824048,0.004567268567207572,-0.0034973567279605877,0.002645078620858499,0.5,0.4,0,1263.7965451431385,1270.7210211105953,34.243056670412585,-5.626576630236286,-4.660688751412589,1257.9716009470128,0.002645078620858499,0,ICICIBANK,15m,2026-03-19 09:45:00
1253.800048828125,1260.0999755859375,1253.699951171875,1259.0999755859375,797176,0.004307270179770617,-0.0030879053159639236,0.0026798358366841844,0.5,0.4,0,1263.3492528043575,1270.2652938351184,42.01306714675698,-5.305745569708961,-4.789700115071864,1257.950765730361,0.0026798358366841844,0,ICICIBANK,15m,2026-03-19 10:00:00
1271.9000244140625,1273.0999755859375,1267.199951171875,1271.699951171875,302664,7.862188412777193e-05,0.00577343136417241,0.003502030399966784,0.45,0.4,0,1264.855504045028,1270.3718428008738,54.495323251146786,-2.9176912948319114,-4.288429031663744,1270.6666259765625,0.003502030399966784,0,ICICIBANK,15m,2026-03-20 04:00:00
1271.800048828125,1271.800048828125,1265.5,1268.0,203080,-0.002909452947973734,0.0030852183287597423,0.0035735969622540413,0.45,0.4,0,1265.1549798502635,1270.2788293577023,47.41692679828651,-2.3341644706647457,-3.897576119463945,1269.7698604891846,0.0035735969622540413,0,ICICIBANK,15m,2026-03-20 04:15:00
1267.699951171875,1269.199951171875,1266.0999755859375,1267.5,98999,-0.00039432176656151174,0.0011057771432423369,0.003559502436425607,0.4,0.4,0,1265.3783151026196,1270.1698556574004,47.76949100240737,-1.890271209899538,-3.496115137551064,1269.414641105849,0.003559502436425607,0,ICICIBANK,15m,2026-03-20 04:30:00
1267.5,1268.9000244140625,1265.800048828125,1268.5,196325,0.0007889546351085297,0.0016582245305223342,0.003563074617525032,0.35,0.45,0,1265.6756184261797,1270.104371121816,50.85716810167434,-1.4411779576203116,-3.0851277015649137,1269.0025937448904,0.003563074617525032,0,ICICIBANK,15m,2026-03-20 04:45:00
1268.5,1270.0,1267.199951171875,1269.5999755859375,146866,0.0008671466976251097,0.0025268091520731506,0.0035672099016607673,0.35,0.45,0,1266.049366727109,1270.0845909047227,53.564506872642085,-0.9851532493196373,-2.6651328111158583,1268.9918592578908,0.0035672099016607673,0,ICICIBANK,15m,2026-03-20 05:00:00
1269.5999755859375,1271.5999755859375,1269.0,1271.199951171875,305725,0.001260220240000498,0.0021284597334449984,0.003559350316871474,0.35,0.45,0,1266.5398985789914,1270.1283305230425,53.20381998023168,-0.4890087359685822,-2.229907996086403,1269.38402440359,0.003559350316871474,0,ICICIBANK,15m,2026-03-20 05:15:00
1271.199951171875,1273.0,1270.0,1271.300048828125,666575,7.874265268625891e-05,0.0035522575201689666,0.003542979566880522,0.4,0.45,0,1266.993246221766,1270.1742802604967,59.01290645375077,-0.08673377730656284,-1.801273152330435,1270.0954111142962,0.003542979566880522,0,ICICIBANK,15m,2026-03-20 05:30:00
1271.4000244140625,1273.5,1270.9000244140625,1273.0,415985,0.0013371754161750626,0.0017311544596678718,0.003485464212647046,0.4,0.45,0,1267.5653180101692,1270.2850927993009,61.995842857957406,0.3650359707100961,-1.368011327722329,1270.5176361395388,0.003485464212647046,0,ICICIBANK,15m,2026-03-20 05:45:00
1273.0,1274.0,1270.0999755859375,1271.0999755859375,342059,-0.0014925564918009115,0.0009449178272349368,0.003499329455486849,0.4,0.5,0,1267.9019520650043,1270.3170489870122,62.52672741435465,0.5632577747783216,-0.9817575072221989,1270.6728980649423,0.003499329455486849,0,ICICIBANK,15m,2026-03-20 06:00:00
1271.0,1272.5999755859375,1265.9000244140625,1266.5,798610,-0.003618893615206842,-0.000867762391229987,0.003572593704406011,0.4,0.5,0,1267.7684328207183,1270.1673607914431,60.206236424362785,0.34519124661142087,-0.716367756455475,1270.1355210225095,0.003572593704406011,0,ICICIBANK,15m,2026-03-20 06:15:00
1266.5,1266.5,1262.0999755859375,1262.5999755859375,432364,-0.003079371823183963,-0.0026068795042898385,0.003626715043663406,0.4,0.5,0,1267.276198798358,1269.8706005873057,66.66666666666666,-0.1407054594458259,-0.6012352970535452,1269.4274360703964,0.003626715043663406,0,ICICIBANK,15m,2026-03-20 06:30:00
1262.800048828125,1264.199951171875,1258.699951171875,1259.5999755859375,717645,-0.0023760494677720345,-0.0065462959762625506,0.0036367423723582615,0.35,0.55,0,1266.5451299209847,1269.467830979409,57.177649536221644,-0.7591065202093432,-0.6328095416847048,1268.0944597668847,0.0036367423723582615,0,ICICIBANK,15m,2026-03-20 06:45:00
1259.5999755859375,1260.699951171875,1254.0,1257.5999755859375,410826,-0.0015878056833635856,-0.004196728739936484,0.003550401358863029,0.35,0.55,0,1265.6932104605041,1269.0024248855473,48.01060750296272,-1.3945021487820668,-0.7851480631041773,1267.2250435726792,0.003550401358863029,0,ICICIBANK,15m,2026-03-20 07:00:00
1257.699951171875,1262.5999755859375,1257.5999755859375,1261.9000244140625,299683,0.0034192500887426647,0.0001585743440837284,0.0036355013000622504,0.4,0.5,0,1265.3319546465573,1268.7238993768615,33.55940479343219,-1.533403636174853,-0.9347991777183126,1266.8586770133772,0.0036355013000622504,0,ICICIBANK,15m,2026-03-20 07:15:00
1262.0,1264.0,1259.0,1263.5999755859375,404742,0.0013471361748045307,0.0033348825555479245,0.003620264388485385,0.45,0.45,0,1265.1670042598316,1268.5229611889822,36.97752098943757,-1.489146262031909,-1.045668594581032,1266.5303041561212,0.003620264388485385,0,ICICIBANK,15m,2026-03-20 07:30:00
1263.5999755859375,1266.0,1262.699951171875,1264.699951171875,340464,0.0008705093440883882,0.006445945999768554,0.003578351880846634,0.5,0.4,0,1265.1225230133596,1268.373039227527,44.21044065241228,-1.3497540131895676,-1.1064856783027393,1266.4147936884106,0.003578351880846634,0,ICICIBANK,15m,2026-03-20 07:45:00
1264.800048828125,1266.5,1263.5999755859375,1263.699951171875,278144,-0.0007907013826270459,0.012580089080028056,0.0031729031593331065,0.55,0.35,0,1264.9870399808372,1268.1897808724034,43.448191675646555,-1.3049338294733843,-1.1461753085368684,1266.3354350765892,0.0031729031593331065,0,ICICIBANK,15m,2026-03-20 08:00:00
1263.800048828125,1266.4000244140625,1261.0,1261.5,379885,-0.0017408809502880151,0.006221623300562529,0.003072876914600575,0.55,0.4,0,1264.6549409350432,1267.927436524466,38.410577288417855,-1.4304419405066255,-1.20302863493082,1266.145580506988,0.003072876914600575,0,ICICIBANK,15m,2026-03-20 08:15:00
1261.699951171875,1264.0,1260.0999755859375,1263.800048828125,210233,0.0018232650242766546,0.0037328832764056408,0.0029507822134725516,0.5,0.45,0,1264.5735226391462,1267.765578183433,40.764455018679854,-1.3289934948788868,-1.2282216069204335,1266.0393509092169,0.0029507822134725516,0,ICICIBANK,15m,2026-03-20 08:30:00
1264.0,1264.4000244140625,1261.0999755859375,1262.4000244140625,300627,-0.0011077894919854225,-0.007234941293259967,0.001866838408156267,0.5,0.45,0,1264.366522808186,1267.5551643101244,35.89758637823711,-1.3460487286865828,-1.2517870312736634,1265.8981472605824,0.001866838408156267,0,ICICIBANK,15m,2026-03-20 08:45:00
1262.5,1262.800048828125,1257.0,1258.5,494858,-0.0030893728918237606,-0.010379768560745184,0.001959637643626297,0.5,0.5,0,1263.8078063502635,1267.2000598273744,31.71421595982143,-1.6551845633764515,-1.332466537694221,1265.4851588054796,0.001959637643626297,0,ICICIBANK,15m,2026-03-20 09:00:00
1258.5,1258.5,1253.5,1254.0,688477,-0.0035756853396901045,-0.01104100946372244,0.0020074767496597334,0.5,0.5,0,1262.8737295550002,1266.6824104223795,24.867757332282707,-2.2374968604883634,-1.5134726022530496,1264.6565358962034,0.0020074767496597334,0,ICICIBANK,15m,2026-03-20 09:15:00
1254.300048828125,1254.300048828125,1244.5,1247.0999755859375,1862857,-0.005502411813447017,-0.01609469381780082,0.002291122903215779,0.5,0.55,0,1261.3714672722324,1265.9144718013424,21.96264880867497,-3.218655201962747,-1.8545091221949894,1261.7579332774721,0.002291122903215779,-1,ICICIBANK,15m,2026-03-20 09:30:00
1247.5,1247.699951171875,1241.9000244140625,1243.800048828125,4175295,-0.002646080364376635,-0.019471778614012614,0.0022938224675991188,0.5,0.55,0,1259.697998848984,1265.047239527883,22.650661238704828,-4.213931191467964,-2.326393536049584,1256.7695987991237,0.0022938224675991188,-1,ICICIBANK,15m,2026-03-20 09:45:00
1243.800048828125,1250.0,1243.300048828125,1248.0,1519405,0.003376709283644086,-0.017013213611609346,0.0024626250518785275,0.5,0.55,0,1258.5839037205094,1264.3787203307113,32.53588377016865,-4.610644979318749,-2.7832438247034172,1255.850911268528,0.0024626250518785275,-1,ICICIBANK,15m,2026-03-20 10:00:00
1227.4000244140625,1229.300048828125,1225.199951171875,1226.5999755859375,639657,-0.0004888979871329191,-0.035160915224845435,0.0042484146468806635,0.4,0.65,-1,1252.8335291660874,1261.4963860971347,23.367675250747723,-8.003989786597913,-4.426582935805609,1227.0333251953125,0.0042484146468806635,-1,ICICIBANK,15m,2026-03-23 04:00:00
1226.9000244140625,1228.5999755859375,1224.9000244140625,1226.5999755859375,581153,0.0,-0.03644935146430672,0.0042071066350953205,0.35,0.7,-1,1250.3350954917873,1260.1278994104212,17.254069772708746,-9.069036816709058,-5.355073711986299,1226.8746455754974,0.0042071066350953205,-1,ICICIBANK,15m,2026-03-23 04:15:00
1226.5999755859375,1227.0,1221.800048828125,1223.699951171875,1136628,-0.0023642788780239288,-0.03729055567970774,0.004207764265402715,0.3,0.7,-1,1247.7984150803672,1258.6993524206741,13.793065251152584,-10.031465505049255,-6.290352070598891,1225.5690058720625,0.004207764265402715,-1,ICICIBANK,15m,2026-03-23 04:30:00
1223.5999755859375,1227.199951171875,1223.5999755859375,1224.9000244140625,1265627,0.0009806924001576345,-0.0328464078846723,0.004233907116421707,0.35,0.65,-1,1245.6176159692907,1257.3738885772775,13.949389538676556,-10.575454042063484,-7.147372464891809,1225.4517413936244,0.004233907116421707,-1,ICICIBANK,15m,2026-03-23 04:45:00
1225.199951171875,1227.0,1225.0,1225.5,319946,0.0004898159637349853,-0.029383792415107912,0.004246131433901612,0.35,0.6,-1,1243.701652543644,1256.1239321624823,15.146061008371163,-10.833276592219136,-7.8845532903572755,1225.4827047398444,0.004246131433901612,-1,ICICIBANK,15m,2026-03-23 05:00:00
1225.5,1227.800048828125,1224.300048828125,1227.0,245149,0.001223990208078396,-0.025881213256433,0.004282364058059812,0.4,0.6,-1,1242.111018968059,1254.9818171757183,18.114660144227727,-10.792160053540556,-8.46607464299393,1225.5344483128,0.004282364058059812,-1,ICICIBANK,15m,2026-03-23 05:15:00
1227.199951171875,1227.199951171875,1224.0,1225.699951171875,287879,-0.0010595344972493814,-0.025365795987074335,0.004282134117402447,0.4,0.6,-1,1240.5480601303273,1253.8335087049795,14.124267809359154,-10.740666261052638,-8.920992966605674,1225.5408060656625,0.004282134117402447,-1,ICICIBANK,15m,2026-03-23 05:30:00
1225.800048828125,1226.9000244140625,1224.4000244140625,1225.199951171875,220537,-0.0004079301786068523,-0.02908318609410321,0.004144621553082977,0.35,0.6,-1,1239.0863354676176,1252.7106240958383,14.367795932398394,-10.617807406413021,-9.260355854567145,1225.538889936273,0.004144621553082977,-1,ICICIBANK,15m,2026-03-23 05:45:00
1225.0,1227.699951171875,1223.5999755859375,1223.5999755859375,194534,-0.0013058893647580616,-0.031655587822761566,0.004091954101927947,0.35,0.65,-1,1237.6114440503147,1251.5690300366266,15.030052766640324,-10.52818319488847,-9.51392132263141,1225.5161296192864,0.004091954101927947,-1,ICICIBANK,15m,2026-03-23 06:00:00
1223.5999755859375,1225.5,1222.5999755859375,1224.9000244140625,247920,0.0010624786319584079,-0.03146985711585881,0.004098272108045221,0.3,0.7,-1,1236.400832656386,1250.523186678879,18.84375808681878,-10.234277901052565,-9.65799263831564,1225.4590684900045,0.004098272108045221,-1,ICICIBANK,15m,2026-03-23 06:15:00
1224.9000244140625,1228.800048828125,1224.800048828125,1226.0999755859375,230231,0.0009796319274701926,-0.02975387911590066,0.004135382413902989,0.3,0.7,-1,1235.4197986496767,1249.5654136948422,24.390243902439025,-9.79165767250106,-9.684725645152724,1225.5065627460456,0.004135382413902989,-1,ICICIBANK,15m,2026-03-23 06:30:00
1225.800048828125,1227.0999755859375,1223.9000244140625,1225.199951171875,250504,-0.0007340546708944906,-0.02877530624504554,0.004138434934452527,0.3,0.7,-1,1234.446479842267,1248.6099053606083,25.906670208594235,-9.405086419088093,-9.628797799939798,1225.5018119297126,0.004138434934452527,-1,ICICIBANK,15m,2026-03-23 06:45:00
1225.0,1225.199951171875,1221.800048828125,1223.699951171875,346632,-0.0012242899606429436,-0.03172978011310679,0.0040670360364772245,0.3,0.7,-1,1233.4230009212774,1247.6330444120304,16.156058947139357,-9.114694851097056,-9.52597721017125,1225.3893841253582,0.0040670360364772245,-1,ICICIBANK,15m,2026-03-23 07:00:00
1223.800048828125,1226.800048828125,1222.800048828125,1226.4000244140625,334428,0.0022064830840287097,-0.02851710971465582,0.004154847748588783,0.3,0.7,-1,1232.7541460158284,1246.8003769611298,47.75303629842475,-8.567918465389994,-9.334365461214999,1225.386411285077,0.004154847748588783,-1,ICICIBANK,15m,2026-03-23 07:15:00
1226.4000244140625,1226.5999755859375,1223.699951171875,1224.800048828125,286565,-0.0013046115085507681,-0.026777871411899135,0.004136622762242286,0.3,0.65,-1,1231.996612950333,1245.9376189951297,45.21300426592906,-8.169525691815124,-9.101397507335024,1225.371051314692,0.004136622762242286,0,ICICIBANK,15m,2026-03-23 07:30:00
1224.800048828125,1225.4000244140625,1222.5,1223.0999755859375,338286,-0.00138804145526783,-0.02464116779430825,0.004103407865918701,0.3,0.65,-1,1231.1493141537237,1245.0420251359458,41.46351629768128,-7.899912971817685,-8.861100600231557,1225.2878003129065,0.004103407865918701,0,ICICIBANK,15m,2026-03-23 07:45:00
1223.0999755859375,1226.0999755859375,1222.5999755859375,1225.300048828125,363214,0.0017987681187987548,-0.017480496499544862,0.00402820316475617,0.35,0.6,-1,1230.5922412655716,1244.2678299866195,54.04059086089123,-7.423146018348234,-8.573509683854892,1225.2568484894898,0.00402820316475617,0,ICICIBANK,15m,2026-03-23 08:00:00
1225.199951171875,1226.5,1224.300048828125,1225.199951171875,744646,-8.169236289978787e-05,-0.014954250623944398,0.00400958427681777,0.4,0.55,0,1230.0786898280767,1243.5200700331002,50.80192959208319,-6.9730013975431575,-8.253408026592545,1225.2639380367361,0.00400958427681777,0,ICICIBANK,15m,2026-03-23 08:15:00
1225.300048828125,1230.0,1224.4000244140625,1228.9000244140625,996511,0.003019975016036014,-0.015304467616937045,0.003991032575926614,0.4,0.55,0,1229.966435979123,1242.946734910785,57.7980726696493,-6.2456970468515465,-7.851865830644346,1225.5401284960988,0.003991032575926614,0,ICICIBANK,15m,2026-03-23 08:30:00
1229.5,1231.0,1226.800048828125,1227.5,881082,-0.0011392500498402791,0.00024449872886522783,0.0014105512971259,0.45,0.5,0,1229.7315373144445,1242.3409806005582,51.152050402205106,-5.716378525387427,-7.424768369592963,1225.7973307830357,0.0014105512971259,0,ICICIBANK,15m,2026-03-23 08:45:00
1228.0,1230.800048828125,1222.0999755859375,1223.4000244140625,813208,-0.0033401023103361016,-0.002608797681042163,0.0015958717920023643,0.45,0.5,0,1229.128536085837,1241.5981980050094,45.30634208074457,-5.563589946760885,-7.052532685026548,1225.7697307176638,0.0015958717920023643,0,ICICIBANK,15m,2026-03-23 09:00:00
1223.0999755859375,1228.800048828125,1222.300048828125,1226.800048828125,1006565,0.002779160001808112,0.00016311205459795808,0.0017236142361174082,0.45,0.45,0,1228.9067753946263,1241.0178784294453,52.91984460759855,-5.109254042193925,-6.663876956460023,1225.7866329117312,0.0017236142361174082,0,ICICIBANK,15m,2026-03-23 09:15:00
1227.0,1229.4000244140625,1221.0,1221.0,1115013,-0.0047277865970623,-0.0022063833289275303,0.0019597816255663286,0.5,0.45,0,1228.1537491665665,1240.2328635890751,45.88617496745483,-5.157749703911122,-6.362651505950244,1225.6141958024393,0.0019597816255663286,0,ICICIBANK,15m,2026-03-23 09:30:00
1221.0999755859375,1225.0999755859375,1218.0999755859375,1219.199951171875,1512839,-0.001474241464475834,-0.004653500798903254,0.001964837933388406,0.45,0.5,0,1227.3010065004055,1239.408043494283,41.12150954302251,-5.280560744777404,-6.146233353715676,1225.1069684754982,0.001964837933388406,0,ICICIBANK,15m,2026-03-23 09:45:00
1219.199951171875,1226.5,1219.0,1225.0,1570398,0.004757258087609184,-0.000407996736026095,0.002257231688452052,0.5,0.5,0,1227.0818630241765,1238.8430221807816,48.50141858832999,-4.8539209330156154,-5.8877708695756645,1224.9485432134386,0.002257231688452052,0,ICICIBANK,15m,2026-03-23 10:00:00
1235.0999755859375,1243.300048828125,1235.0999755859375,1241.800048828125,426415,0.0056689340161941715,0.01313543142500495,0.0030923557478080605,0.55,0.4,0,1229.1486540997228,1238.806653603107,67.71026429950122,-2.1644796909499746,-4.790281031850958,1240.0666910807292,0.0030923557478080605,0,ICICIBANK,15m,2026-03-24 04:00:00
1241.800048828125,1244.0,1238.5999755859375,1240.5999755859375,348301,-0.0009663981277179268,0.012569396855862447,0.0031049759593517446,0.6,0.4,0,1230.239256146029,1238.8769799553747,64.3142978086669,-1.0461559696739187,-4.04145601941555,1240.5162581835077,0.0031049759593517446,0,ICICIBANK,15m,2026-03-24 04:15:00
1240.800048828125,1246.0,1240.0999755859375,1241.300048828125,298848,0.0005643021569921025,0.014465571751676176,0.0030716098566730267,0.6,0.35,0,1231.2926649728952,1238.97200226411,66.9402139584315,-0.10220811209319436,-3.253606437951079,1241.0591956389424,0.0030716098566730267,0,ICICIBANK,15m,2026-03-24 04:30:00
1241.4000244140625,1242.199951171875,1237.800048828125,1239.0,323719,-0.0018529354206474613,0.011511123605930429,0.0031233852123574097,0.6,0.35,0,1232.0266968802384,1238.973100214537,66.12556979827717,0.4550372613982745,-2.5118776980812085,1240.7365780400908,0.0031233852123574097,0,ICICIBANK,15m,2026-03-24 04:45:00
1239.199951171875,1240.0,1233.300048828125,1233.800048828125,316366,-0.004196893601190466,0.0062801348956129655,0.0032978772261067412,0.55,0.4,0,1232.1955875419421,1238.7702354542855,58.12611157532105,0.47162898747274085,-1.9151763609704187,1239.8067541672563,0.0032978772261067412,0,ICICIBANK,15m,2026-03-24 05:00:00
1233.300048828125,1234.5999755859375,1230.300048828125,1233.4000244140625,533269,-0.00032422142829580114,0.006692844897964845,0.0032922631112550322,0.55,0.4,0,1232.3102958154773,1238.5596389429043,57.794677688482096,0.4473427342729792,-1.442672541921739,1238.135909151175,0.0032922631112550322,0,ICICIBANK,15m,2026-03-24 05:15:00
1233.199951171875,1233.5,1226.199951171875,1228.5999755859375,524707,-0.003891721041926588,0.004004269518332437,0.003410809583449291,0.55,0.4,0,1231.9569319840925,1238.1690639092976,49.72062721350082,0.040307242094741014,-1.146076585118443,1236.4883863947118,0.003410809583449291,0,ICICIBANK,15m,2026-03-24 05:30:00
1228.5999755859375,1231.199951171875,1226.5,1230.699951171875,356967,0.001709242737804928,0.0035061372082627607,0.003397240496785042,0.5,0.4,0,1231.8372195257862,1237.876157527438,52.941110472839554,-0.11153513087151623,-0.9391682942690576,1235.687216460703,0.003397240496785042,0,ICICIBANK,15m,2026-03-24 05:45:00
1230.699951171875,1231.4000244140625,1227.4000244140625,1229.0999755859375,446943,-0.0013000533431516414,0.00351071733049535,0.003397135774484332,0.55,0.4,0,1231.576529626753,1237.5319935297323,55.49124110939676,-0.3568622774484993,-0.822707090904946,1234.8888134107078,0.003397135774484332,0,ICICIBANK,15m,2026-03-24 06:00:00
1229.0999755859375,1230.800048828125,1226.800048828125,1228.4000244140625,409271,-0.0005694826993559721,0.004333291581978704,0.003382138783629514,0.55,0.4,0,1231.2740053207824,1237.1738770938236,51.62598096013141,-0.6008399099594044,-0.7783336547158377,1234.2497540520337,0.003382138783629514,0,ICICIBANK,15m,2026-03-24 06:15:00
1228.4000244140625,1230.199951171875,1227.0,1227.699951171875,421744,-0.0005699065681160631,0.0019586242129390197,0.0033654365339282678,0.5,0.4,0,1230.9336192113626,1236.8023505870806,57.596257646635486,-0.8409895968027286,-0.7908648431332159,1233.6803092933071,0.0033654365339282678,0,ICICIBANK,15m,2026-03-24 06:30:00
1227.800048828125,1227.800048828125,1223.9000244140625,1225.300048828125,347578,-0.001954795503135154,8.16990370871018e-05,0.0033967699459144006,0.45,0.45,0,1230.3970886986733,1236.3512799298667,56.82334564044306,-1.2110023350353458,-0.874892341513642,1233.0944286157364,0.0033967699459144006,0,ICICIBANK,15m,2026-03-24 06:45:00
1225.5,1235.300048828125,1225.0,1232.199951171875,1369772,0.005631194049448673,0.0026852686892784305,0.003564607771566615,0.45,0.45,0,1230.5687898865972,1236.188482723671,57.860200323032885,-0.936678198421987,-0.8872495128953111,1232.5886749281897,0.003564607771566615,0,ICICIBANK,15m,2026-03-24 07:00:00
1232.199951171875,1237.800048828125,1231.9000244140625,1235.800048828125,1094861,0.0029216830051210785,0.0067617505728105876,0.003603345756285187,0.45,0.45,0,1231.0670050238857,1236.173250021885,51.26262314891309,-0.42389020771770447,-0.7945776518597898,1232.9796820778636,0.003603345756285187,0,ICICIBANK,15m,2026-03-24 07:15:00
1235.9000244140625,1239.0999755859375,1234.0,1234.5,594083,-0.0010519896235299253,0.009073054899809918,0.003515500586076161,0.5,0.4,0,1231.393956926373,1236.107632373968,39.23301285513665,-0.12101017613053955,-0.6598641567139397,1233.1992056765444,0.003515500586076161,0,ICICIBANK,15m,2026-03-24 07:30:00
1234.4000244140625,1243.800048828125,1232.800048828125,1243.5999755859375,475217,0.007371385650820184,0.013694103431003413,0.0038125332662752908,0.55,0.45,0,1232.5564348939504,1236.4014497548296,53.58851255453733,0.8435920056281248,-0.3591729242455268,1233.5929703714855,0.0038125332662752908,0,ICICIBANK,15m,2026-03-24 07:45:00
1243.699951171875,1246.300048828125,1241.300048828125,1244.699951171875,513186,0.0008845091729912102,0.01941027942004503,0.0035932316685145936,0.55,0.4,0,1233.712960253753,1236.7268811829492,54.028324973532115,1.677468211803216,0.04815530296422177,1234.2056186541183,0.0035932316685145936,0,ICICIBANK,15m,2026-03-24 08:00:00
1244.5999755859375,1251.0999755859375,1244.199951171875,1246.0999755859375,1906880,0.00112478867918675,0.022063669202255554,0.0035469654718307117,0.6,0.35,0,1234.8926759996755,1237.0944535124781,58.595627333157964,2.423356438141127,0.5231955299996028,1236.5077522106762,0.0035469654718307117,0,ICICIBANK,15m,2026-03-24 08:15:00
1246.199951171875,1250.800048828125,1245.300048828125,1248.9000244140625,851010,0.002247049902082132,0.019510224011479504,0.0034538470970578994,0.55,0.35,0,1236.226709181998,1237.557417077246,69.4086967982452,3.2034909215537937,1.059254608310441,1237.3783814296983,0.0034538470970578994,0,ICICIBANK,15m,2026-03-24 08:30:00
1248.800048828125,1252.9000244140625,1248.0,1248.699951171875,507085,-0.0001601995662393607,0.011256804174037294,0.0030367490682172704,0.55,0.35,0,1237.414636990558,1237.994379198604,69.76730982143702,3.7622401194771555,1.599851710543784,1237.9032033659034,0.0030367490682172704,0,ICICIBANK,15m,2026-03-24 08:45:00
1249.0,1250.5,1245.0,1249.199951171875,887975,0.00040041644874788673,0.0059590127659707726,0.00278903835924481,0.5,0.4,0,1238.537047864969,1238.4338133936342,79.94180372952928,4.197018093696215,2.1192849871742703,1238.6113045863117,0.00278903835924481,0,ICICIBANK,15m,2026-03-24 09:00:00
1249.0999755859375,1249.699951171875,1245.300048828125,1248.800048828125,749565,-0.00032012676863690803,0.0066097641492492976,0.002777303137791286,0.45,0.4,0,1239.5144765281268,1238.8403324302808,77.67603162633736,4.457925799993973,2.587013149738211,1239.121199509889,0.002777303137791286,0,ICICIBANK,15m,2026-03-24 09:15:00
1249.4000244140625,1251.699951171875,1246.0999755859375,1250.699951171875,1735176,0.0015213823426198925,0.007572627063556547,0.002789713987054432,0.45,0.4,0,1240.5797598275315,1239.3054155181865,82.72735679804687,4.763097257706022,3.022229971331773,1240.287664127775,0.002789713987054432,0,ICICIBANK,15m,2026-03-24 09:30:00
1250.800048828125,1253.9000244140625,1248.5,1250.800048828125,3465904,8.003330947303766e-05,0.009523848933111312,0.0027413116697303564,0.5,0.35,0,1241.5531206847309,1239.7561854519097,84.56791286296111,4.955896392221575,3.408963255509734,1242.263828362967,0.0027413116697303564,0,ICICIBANK,15m,2026-03-24 09:45:00
1250.800048828125,1253.0,1249.9000244140625,1251.199951171875,828543,0.0003197172434752371,0.014102692215222978,0.002512441864136274,0.5,0.3,0,1242.4718664454113,1240.2049605781829,86.60452841094911,5.082373435093359,3.743645291426459,1242.646027677173,0.002512441864136274,0,ICICIBANK,15m,2026-03-24 10:00:00
1263.300048828125,1264.5,1258.5999755859375,1260.0999755859375,444044,-0.001901009436881207,0.025638939138816985,0.0029688190057127768,0.55,0.2,0,1245.8765141981924,1241.8251856432075,88.2190837065105,6.503364427236193,4.6606018313696485,1261.066650390625,0.0029688190057127768,0,ICICIBANK,15m,2026-03-25 04:00:00
1260.0999755859375,1265.5999755859375,1257.0,1262.300048828125,816280,0.001745951341015184,0.0256765246688766,0.002969115691294215,0.6,0.25,0,1247.440660353424,1242.628121454381,87.74918272240384,6.9795631603624315,5.124394097168205,1261.4336818804463,0.002969115691294215,0,ICICIBANK,15m,2026-03-25 04:15:00
1262.5,1264.0,1260.4000244140625,1262.199951171875,595934,-7.929783124305256e-05,0.026930254855922486,0.0029256748410778073,0.55,0.25,0,1248.8463070980383,1243.3956441884006,90.8552086709157,7.265129156354533,5.55254110900547,1261.6796984215387,0.0029256748410778073,0,ICICIBANK,15m,2026-03-25 04:30:00
1262.199951171875,1267.5999755859375,1260.0999755859375,1265.0,721421,0.0022183876853467677,0.029794834629212508,0.0028964971512074177,0.6,0.25,0,1250.3847540410823,1244.2428738280712,88.76785153537578,7.629435422622009,5.967919971728778,1262.394385591595,0.0028964971512074177,0,ICICIBANK,15m,2026-03-25 04:45:00
1265.0999755859375,1266.5999755859375,1263.0999755859375,1265.300048828125,347793,0.00023719274950595448,0.030626455283605525,0.0028720555377726342,0.6,0.25,0,1251.805258306515,1245.0686453967007,88.43259788292309,7.851850946042305,6.344706166591483,1262.7041525119218,0.0028720555377726342,0,ICICIBANK,15m,2026-03-25 05:00:00
1265.300048828125,1269.0,1264.5,1267.4000244140625,282406,0.0016596660909657945,0.03435891121215717,0.0027536127815421104,0.65,0.2,0,1253.2904741262817,1245.9443857503227,88.72701769337985,8.104147759611124,6.696594485195412,1263.079404273557,0.0027536127815421104,0,ICICIBANK,15m,2026-03-25 05:15:00
1267.5,1268.300048828125,1266.0,1267.0,291697,-0.0003156260110120934,0.028242209225076476,0.002624132949552657,0.6,0.2,0,1254.596143257112,1246.7700961130552,86.0554126280876,8.177550463597754,6.9927856808758815,1263.414530813005,0.002624132949552657,0,ICICIBANK,15m,2026-03-25 05:30:00
1267.0,1268.9000244140625,1265.800048828125,1267.5999755859375,270560,0.00047354032039259586,0.025732258861753232,0.0026062949681980425,0.6,0.25,0,1255.8346034789051,1247.5869541315997,87.05869399752031,8.18972954664082,7.232174454028869,1263.7029373590692,0.0026062949681980425,0,ICICIBANK,15m,2026-03-25 05:45:00
1267.5999755859375,1268.800048828125,1266.5,1267.800048828125,517277,0.0001578362622600693,0.026974523149554397,0.0025631420033167865,0.55,0.25,0,1256.9741697026404,1248.3796245118556,86.90466963766713,8.121901570662203,7.410119877355537,1264.1851875860493,0.0025631420033167865,0,ICICIBANK,15m,2026-03-25 06:00:00
1268.0,1270.0,1266.4000244140625,1269.5,363387,0.001340866939898211,0.02082665239829984,0.0021345052111029755,0.55,0.25,0,1258.1671059214366,1249.2078745309984,89.05615182643143,8.111811351675897,7.550458172219608,1264.532741048566,0.0021345052111029755,0,ICICIBANK,15m,2026-03-25 06:15:00
1269.5,1272.0,1268.4000244140625,1269.800048828125,300168,0.00023635197174076694,0.020165580976056585,0.0021417915341419872,0.55,0.25,0,1259.2750052458832,1250.0154107779447,88.35300807906502,8.035399133897045,7.647446364555096,1264.8682542348292,0.0021417915341419872,0,ICICIBANK,15m,2026-03-25 06:30:00
1269.9000244140625,1272.5,1267.9000244140625,1271.9000244140625,395243,0.0016537844583290884,0.020704637937251746,0.002146662661100885,0.55,0.3,0,1260.4773880238051,1250.8736309205376,89.2188939360249,8.0514799315647,7.728253077957017,1265.3043225257845,0.002146662661100885,0,ICICIBANK,15m,2026-03-25 06:45:00
1272.300048828125,1272.800048828125,1268.0,1272.0,338590,7.860333675480113e-05,0.018496256813490763,0.0021365547471774633,0.6,0.3,0,1261.5747796405856,1251.7021159824774,89.09733376164472,7.98029935047839,7.778662332461293,1265.6395906583896,0.0021365547471774633,0,ICICIBANK,15m,2026-03-25 07:00:00
1272.5,1272.9000244140625,1268.5,1269.699951171875,373280,-0.001808214487519666,0.016817490847414573,0.0022108523710539685,0.6,0.3,0,1262.3486055007083,1252.4079134408853,70.45400951575093,7.6501078280048205,7.752951431569999,1265.930857841162,0.0022108523710539685,0,ICICIBANK,15m,2026-03-25 07:15:00
1269.5999755859375,1269.800048828125,1265.9000244140625,1267.300048828125,523694,-0.0018901334457286367,0.014489351876191048,0.002292455763211332,0.6,0.3,0,1262.820171531891,1252.9919187501887,70.45449816550031,7.112784849038235,7.624918115063646,1266.0689747039146,0.002292455763211332,0,ICICIBANK,15m,2026-03-25 07:30:00
1267.300048828125,1268.5,1263.199951171875,1263.199951171875,231819,-0.003235301426873116,0.01153099117609968,0.002449501448649281,0.6,0.35,0,1262.8563410214133,1253.3922337471176,52.307413018166336,6.283674612608365,7.35666941457259,1266.031469749762,0.002449501448649281,0,ICICIBANK,15m,2026-03-25 07:45:00
1263.300048828125,1267.300048828125,1263.0,1266.4000244140625,280435,0.0025333069710926637,0.012553029387645687,0.0024803085193356345,0.55,0.4,0,1263.193834677856,1253.9023431850371,59.29210709675329,5.817754490991774,7.048886429856426,1266.013096520047,0.0024803085193356345,0,ICICIBANK,15m,2026-03-25 08:00:00
1266.0,1267.4000244140625,1263.4000244140625,1264.5,316741,-0.0015003351053641811,0.010952950621252677,0.0025234449139257147,0.55,0.4,0,1263.3182313752031,1254.3179375699376,48.847936636515016,5.234849263064689,6.686078996498079,1265.974070887273,0.0025234449139257147,0,ICICIBANK,15m,2026-03-25 08:15:00
1264.5,1265.4000244140625,1261.5,1263.0,427521,-0.0011862396204033177,0.009430985684640625,0.0025529063491863606,0.55,0.45,0,1263.2879236251838,1254.6584106064106,44.97809145086834,4.5988426114060985,6.268631719479683,1265.8282204555305,0.0025529063491863606,0,ICICIBANK,15m,2026-03-25 08:30:00
1263.300048828125,1263.300048828125,1259.0,1259.4000244140625,345951,-0.002850336964321021,-0.0024554262066831534,0.0016945481017918331,0.5,0.5,0,1262.9176475098388,1254.8443562459265,33.60665579380246,3.7609607992751535,5.7670975354387775,1265.6058135947426,0.0016945481017918331,0,ICICIBANK,15m,2026-03-25 08:45:00
1259.5,1260.0,1256.800048828125,1258.5999755859375,743215,-0.0006352618807493604,-0.0011903817388001503,0.0016475770258583204,0.5,0.55,0,1262.5064406599436,1254.9916354357308,33.06458361020462,2.997819178988493,5.213241864148721,1265.0114768614278,0.0016475770258583204,0,ICICIBANK,15m,2026-03-25 09:00:00
1258.699951171875,1262.0999755859375,1258.5,1260.4000244140625,496383,0.0014301993191181417,-0.001505208223533283,0.0016308060136581077,0.5,0.5,0,1262.3058295889073,1255.2037291211557,36.15407006770145,2.5093466573155183,4.67246282278208,1264.76506444724,0.0016308060136581077,0,ICICIBANK,15m,2026-03-25 09:15:00
1260.4000244140625,1263.5999755859375,1254.800048828125,1262.0999755859375,2700034,0.0013487393993547592,-7.920740754641109e-05,0.001661536637723825,0.55,0.55,0,1262.2862244457672,1255.4741701589903,39.63627647249435,2.2336523630795,4.1847007308415645,1263.7409832519759,0.001661536637723825,0,ICICIBANK,15m,2026-03-25 09:30:00
1262.0999755859375,1262.199951171875,1257.699951171875,1259.0,3151536,-0.002456204457573441,-0.004743083003952542,0.0016614470370244444,0.5,0.5,0,1261.9732506890275,1255.6124379958928,31.83400211193242,1.7449063323856535,3.6967418511503825,1262.8935094342169,0.0016614470370244444,0,ICICIBANK,15m,2026-03-25 09:45:00
1259.0999755859375,1260.5,1257.300048828125,1258.800048828125,980905,-0.00015881745184664897,-0.005137121432991387,0.0016578620322063075,0.5,0.55,0,1261.6710409879893,1255.737442342255,30.90281015555462,1.326150159784902,3.2226235128772864,1262.6505319502432,0.0016578620322063075,0,ICICIBANK,15m,2026-03-25 10:00:00
1255.199951171875,1257.0999755859375,1250.800048828125,1251.9000244140625,553249,-0.0031849668940536757,-0.01191789706861679,0.0017619340513914787,0.45,0.6,0,1260.2431921763925,1255.593081102102,20.0001457550659,-0.026180137376059065,2.177500786868365,1253.2666829427083,0.0017619340513914787,0,ICICIBANK,15m,2026-03-27 04:00:00
1251.9000244140625,1256.300048828125,1251.0999755859375,1255.5999755859375,370345,0.0029554685675532433,-0.009466708923257183,0.0019215380987567848,0.4,0.55,0,1259.8009810725398,1255.593351474017,29.799476042406297,-0.3401095388128397,1.673978721732124,1253.694391047044,0.0019215380987567848,0,ICICIBANK,15m,2026-03-27 04:15:00
1255.5999755859375,1256.199951171875,1252.0,1254.5,368352,-0.0008760557560733018,-0.010490651771483006,0.0019175563265054843,0.4,0.55,0,1259.296125732298,1255.5504749456243,30.95236365221689,-0.6699370705682668,1.205195563272046,1253.8480464426464,0.0019175563265054843,0,ICICIBANK,15m,2026-03-27 04:30:00
1254.5,1255.4000244140625,1252.0,1253.0,379340,-0.0011956954962136779,-0.01299724300905869,0.0018709408170969853,0.35,0.5,0,1258.6964947101742,1255.4504563203059,33.54846585181451,-1.0403724635896197,0.7560819578997129,1253.761484647033,0.0018709408170969853,0,ICICIBANK,15m,2026-03-27 04:45:00
1253.0,1257.0,1252.5999755859375,1254.0999755859375,362100,0.0008778735721768349,-0.012364209039586016,0.001892353765023076,0.35,0.5,0,1258.2587309840562,1255.397496291507,28.71956679676279,-1.2309961867240418,0.35866632897496203,1253.9048664327613,0.001892353765023076,0,ICICIBANK,15m,2026-03-27 05:00:00
1254.0999755859375,1255.9000244140625,1253.0999755859375,1253.699951171875,272231,-0.0003189733050393828,-0.014309358355875434,0.0018175216922889652,0.3,0.45,0,1257.8245614781342,1255.3309258946585,30.291811458611775,-1.3982275904529615,0.007287545089377345,1253.9436475668206,0.0018175216922889652,0,ICICIBANK,15m,2026-03-27 05:15:00
1253.699951171875,1254.0,1248.5,1248.9000244140625,794729,-0.0038286088735393076,-0.018160358165045243,0.001933581402358972,0.25,0.5,0,1256.9746055672704,1255.0787336797332,27.03574254551816,-1.8962152681806401,-0.37341301756462614,1253.0523757261044,0.001933581402358972,0,ICICIBANK,15m,2026-03-27 05:30:00
1249.0,1250.5,1246.699951171875,1246.9000244140625,290572,-0.0016014092088262322,-0.01795694072191556,0.0019290964157861565,0.2,0.55,0,1256.0151216479173,1254.7579999830402,28.522228654367282,-2.424311422888195,-0.78359269862934,1252.6222870153679,0.0019290964157861565,0,ICICIBANK,15m,2026-03-27 05:45:00
1246.699951171875,1248.5,1244.9000244140625,1247.199951171875,408575,0.000240537935632279,-0.015860567254642355,0.00193059347346163,0.2,0.55,0,1255.17558160258,1254.4616059120142,30.069700242008793,-2.786508709595637,-1.1841759008225994,1252.0033607773246,0.00193059347346163,0,ICICIBANK,15m,2026-03-27 06:00:00
1247.5999755859375,1248.4000244140625,1245.699951171875,1247.0999755859375,421025,-8.016003034927444e-05,-0.012745389651892758,0.0018480329160920992,0.2,0.5,0,1254.4064762676617,1254.172914526678,25.278405532714345,-3.0465016879786617,-1.556641058253812,1251.510890779433,0.0018480329160920992,0,ICICIBANK,15m,2026-03-27 06:15:00
1247.199951171875,1248.5,1246.199951171875,1246.699951171875,275223,-0.00032076370932054843,-0.015555964041695569,0.0016939004989118536,0.25,0.45,0,1253.6725214966345,1253.879857140215,19.921511780385572,-3.247392701930721,-1.894791386989194,1251.2429008191418,0.0016939004989118536,0,ICICIBANK,15m,2026-03-27 06:30:00
1246.699951171875,1248.5999755859375,1246.0,1246.800048828125,401801,8.029009398446973e-05,-0.013997588906188185,0.0016955058175281482,0.25,0.5,0,1253.01800029011,1253.6022175985645,23.00878263781611,-3.3597936240221316,-2.1877918343957816,1250.905746986566,0.0016955058175281482,0,ICICIBANK,15m,2026-03-27 06:45:00
1246.9000244140625,1252.0,1246.9000244140625,1251.5,686602,0.0037696109943952116,-0.009105304829770344,0.001962340702523042,0.3,0.45,0,1252.873428833909,1253.5197776927384,36.531202421599815,-3.0346438982855943,-2.3571622471737443,1250.810775372017,0.001962340702523042,0,ICICIBANK,15m,2026-03-27 07:00:00
1251.4000244140625,1254.4000244140625,1250.699951171875,1253.0999755859375,628638,0.0012784463331503293,-0.005002420760676141,0.0019137059023752643,0.35,0.4,0,1252.8950047150545,1253.5033148650207,44.57350770278966,-2.6176807456447477,-2.409265946867945,1251.0053070262659,0.0019137059023752643,0,ICICIBANK,15m,2026-03-27 07:15:00
1253.300048828125,1254.0,1250.300048828125,1251.0999755859375,378330,-0.0015960418473911497,-0.005959002181378903,0.0019358439885712867,0.35,0.4,0,1252.7240495599005,1253.409066265841,48.319211357761276,-2.4207132528847524,-2.4115554080713064,1251.0509228907224,0.0019358439885712867,0,ICICIBANK,15m,2026-03-27 07:30:00
1251.0999755859375,1253.699951171875,1250.9000244140625,1252.800048828125,372411,0.0013588628210077225,-0.006029812312539851,0.001932556997159049,0.3,0.4,0,1252.7312875854457,1253.3851832290677,43.57812806226727,-2.1031891380646357,-2.3498821540699724,1251.1266376669973,0.001932556997159049,0,ICICIBANK,15m,2026-03-27 07:45:00
1253.0,1254.699951171875,1248.9000244140625,1250.0,463347,-0.0022350325023886564,-0.009587176784723428,0.0019377199159416577,0.3,0.4,0,1252.4711649582603,1253.2524309455748,40.42553191489362,-2.053814434531205,-2.2906686101622187,1251.131214082928,0.0019377199159416577,0,ICICIBANK,15m,2026-03-27 08:00:00
1249.9000244140625,1251.0999755859375,1248.300048828125,1248.5,561463,-0.0011999999999999789,-0.008339952343129453,0.0018900564123871025,0.3,0.45,0,1252.0929587717594,1253.0660611045719,40.42553191489362,-2.1113833769534267,-2.25481156352046,1251.0025070819247,0.0018900564123871025,0,ICICIBANK,15m,2026-03-27 08:15:00
1248.5,1248.5999755859375,1242.0,1242.300048828125,393745,-0.004965920041549832,-0.013107721131215833,0.0021440851647464235,0.3,0.45,0,1251.1603006818893,1252.643864544711,29.370739806479975,-2.6270088996623144,-2.329251030748831,1250.6876596840998,0.0021440851647464235,0,ICICIBANK,15m,2026-03-27 08:30:00
1242.300048828125,1245.0999755859375,1240.0,1243.9000244140625,654962,0.0012879139684867091,-0.009554900682161027,0.002149331796569567,0.3,0.45,0,1250.468845799239,1252.300968853313,33.55712945629422,-2.873418206613678,-2.4380844659218006,1250.1304943996684,0.002149331796569567,0,ICICIBANK,15m,2026-03-27 08:45:00
1244.199951171875,1246.0999755859375,1242.4000244140625,1243.199951171875,684194,-0.0005628050715066335,-0.006949495225275215,0.0020533315922822573,0.35,0.45,0,1249.7765701204423,1251.944066199139,38.91039494620847,-3.0895747233273596,-2.5683825174029122,1249.6919823731853,0.0020533315922822573,0,ICICIBANK,15m,2026-03-27 09:00:00
1242.800048828125,1243.699951171875,1240.5,1242.699951171875,618105,-0.000402187917984298,-0.010273992246648933,0.0019007315391281969,0.35,0.5,0,1249.102606411055,1251.5815518843442,41.32218898646638,-3.263605330743303,-2.7074270800709908,1249.250073912172,0.0019007315391281969,0,ICICIBANK,15m,2026-03-27 09:15:00
