open,high,low,close,volume,returns,price_change_pct,rolling_volatility,higher_high_ratio,lower_low_ratio,market_type,ema_20,ema_50,rsi,macd,macd_signal,vwap,volatility,target_market_type,symbol,timeframe,timestamp
1632.9000244140625,1636.5,1632.800048828125,1633.800048828125,299324,0.0005511815791572339,0.0006124448616460221,0.001817320229143343,0.45,0.45,0,1628.1795721801298,1629.389689359212,64.9305732160114,0.22457527698338708,-0.9869408760314272,1626.7603303251672,0.001817320229143343,0,INFY,15m,2026-01-30 08:45:00
1633.9000244140625,1636.5,1633.699951171875,1635.5,238521,0.00104048911804977,0.003866958640400986,0.001750730775572203,0.45,0.4,0,1628.8767557820222,1629.6293093843412,64.68524454422453,0.7611485031281973,-0.6373230001995024,1627.2582024098679,0.001750730775572203,0,INFY,15m,2026-01-30 09:00:00
1636.4000244140625,1641.5999755859375,1634.9000244140625,1641.5999755859375,647378,0.0037297313273845223,0.008663579469085914,0.0018926844013009468,0.5,0.4,0,1630.0884910014427,1630.0987472745999,87.85672557961095,1.6594743139075945,-0.17796353737808301,1628.9236739039286,0.0018926844013009468,1,INFY,15m,2026-01-30 09:15:00
1641.199951171875,1641.5,1637.4000244140625,1640.0,1225086,-0.0009746440117766042,0.009292864397231204,0.0018623940160375982,0.5,0.35,0,1631.0324442394005,1630.4870316952038,84.8272088226628,2.2167460640571335,0.3009783829089603,1631.135559481866,0.0018623940160375982,0,INFY,15m,2026-01-30 09:30:00
1640.199951171875,1643.9000244140625,1639.0,1640.9000244140625,1727440,0.0005487953744283125,0.01171465547444206,0.0017812406887240265,0.55,0.3,0,1631.9722137798444,1630.8953843508455,82.25768344785493,2.6998897410617246,0.7807606545395132,1633.4205268622145,0.0017812406887240265,0,INFY,15m,2026-01-30 09:45:00
1640.9000244140625,1644.0,1640.0999755859375,1641.199951171875,1277486,0.00018278185955877824,0.012961363185334474,0.0017427243521248971,0.6,0.25,1,1632.8510459124186,1631.2994850104938,81.74229723090326,3.0715789189273437,1.2389243074170793,1634.613598345221,0.0017427243521248971,0,INFY,15m,2026-01-30 10:00:00
1710.800048828125,1713.199951171875,1685.800048828125,1696.300048828125,1574131,0.04105807254920113,0.042529699637705365,0.009465150649944146,0.55,0.3,0,1638.5964411630357,1633.7769592015545,84.62302332171566,7.159279215586594,2.6066041905477686,1698.433349609375,0.009465150649944146,0,INFY,15m,2026-02-03 03:45:00
1697.199951171875,1702.699951171875,1671.9000244140625,1672.5999755859375,849431,-0.01397162799031959,0.03221423746321572,0.010045923875974708,0.55,0.3,0,1641.8348730128357,1635.2994304323147,68.67954792731219,8.926460505203295,3.870575453478874,1692.813836670397,0.010045923875974708,0,INFY,15m,2026-02-03 04:00:00
1672.699951171875,1677.199951171875,1664.0,1668.5,431687,-0.0024512589057651413,0.030065409126952325,0.01007849420644733,0.55,0.3,0,1644.3744089163752,1636.6014135526161,66.00790513833992,9.882214625481083,5.072903287879316,1689.3494759659927,0.01007849420644733,0,INFY,15m,2026-02-03 04:15:00
1668.5,1670.0999755859375,1661.199951171875,1661.199951171875,196187,-0.004375216558660466,0.022339790887074606,0.010155005122301207,0.5,0.35,0,1645.976841512137,1637.5660620867047,62.82918334149279,9.936066925728937,6.045536015449241,1687.7303865304364,0.010155005122301207,0,INFY,15m,2026-02-03 04:30:00
1661.300048828125,1668.5,1657.5999755859375,1667.0,310275,0.003491481458347767,0.025278292003685143,0.010167343937925807,0.45,0.4,0,1647.9790470824098,1638.720334161736,64.80407633200987,10.327709324739772,6.901970677307348,1685.573990366175,0.010167343937925807,0,INFY,15m,2026-02-03 04:45:00
1667.5,1670.0,1664.5999755859375,1668.5,191147,0.000899820035992871,0.026642905567959785,0.01015979509930165,0.45,0.4,0,1649.9334235507517,1639.888164194609,64.36443152087438,10.636515086645659,7.648879559175011,1684.6123529486138,0.01015979509930165,0,INFY,15m,2026-02-03 05:00:00
1668.5,1673.5999755859375,1668.0999755859375,1669.5,244008,0.0005993407252022909,0.026437134952351782,0.01016047981519499,0.45,0.35,0,1651.7969070221088,1641.0494126575657,63.69759815651866,10.837015155527297,8.286506678445468,1683.6989860323808,0.01016047981519499,0,INFY,15m,2026-02-03 05:15:00
1669.5,1671.9000244140625,1666.0999755859375,1670.9000244140625,335844,0.0008385890470574697,0.027487439788677737,0.010154902726488939,0.45,0.35,0,1653.6162515356282,1642.2200248833105,63.83295389273285,10.982286215111799,8.825662585778735,1682.555943735207,0.010154902726488939,0,INFY,15m,2026-02-03 05:30:00
1671.0,1673.800048828125,1670.5,1672.0,79891,0.0006583132263244806,0.027027027027026973,0.010156090498048623,0.45,0.35,0,1655.367084722711,1643.3878670447493,63.670411985018724,11.058695653663335,9.272269199355655,1682.3576494983115,0.010156090498048623,0,INFY,15m,2026-02-03 05:45:00
1672.0,1680.0,1671.800048828125,1679.4000244140625,201493,0.0044258519222861725,0.03214310713101143,0.010167172227910717,0.5,0.3,0,1657.6559361218874,1644.8001085102128,64.02078454597648,11.582850914577193,9.734385542399963,1682.1161297018518,0.010167172227910717,0,INFY,15m,2026-02-03 06:00:00
1679.699951171875,1680.0,1675.699951171875,1677.5999755859375,107309,-0.0010718404203626797,0.03160744432258933,0.01017369691153582,0.5,0.3,0,1659.555368451797,1646.0863778073,63.9259042915362,11.717921928552869,10.131092819630545,1682.012900870294,0.01017369691153582,0,INFY,15m,2026-02-03 06:15:00
1677.699951171875,1677.9000244140625,1674.0999755859375,1674.0999755859375,54845,-0.0020863138119547875,0.027433380693577147,0.01020642938420339,0.45,0.35,0,1660.9405691312388,1647.1849502692073,62.06392718369085,11.411006946014822,10.387075644907402,1681.9332475907456,0.01020642938420339,0,INFY,15m,2026-02-03 06:30:00
1674.5999755859375,1675.699951171875,1670.699951171875,1672.5999755859375,104861,-0.0008960038360164013,0.02431254245716641,0.01021741894576901,0.4,0.4,0,1662.050988793591,1648.181617928687,61.311234060741334,10.920848404755361,10.493830196876994,1681.7331339974885,0.01021741894576901,0,INFY,15m,2026-02-03 06:45:00
1672.5999755859375,1672.800048828125,1668.800048828125,1670.5999755859375,177958,-0.0011957431718240263,0.02252413126331332,0.010231168640367258,0.4,0.45,0,1662.8651780119096,1649.0607692093636,65.96894310020156,10.252822785195804,10.445628714540756,1681.330279255639,0.010231168640367258,0,INFY,15m,2026-02-03 07:00:00
1670.800048828125,1671.0999755859375,1666.5,1667.0999755859375,194093,-0.002095055699239068,0.019321293540774942,0.010257136181846491,0.4,0.5,0,1663.268492066579,1649.7681890672684,27.74392116070615,9.333397325025771,10.22318243663776,1680.82722202334,0.010257136181846491,0,INFY,15m,2026-02-03 07:15:00
1667.0999755859375,1670.300048828125,1666.199951171875,1667.800048828125,93238,0.0004199347684241683,0.015960083840057315,0.010237564401531807,0.35,0.55,0,1663.700068901012,1650.4753208225961,44.36631220610864,8.562532538514233,9.891052457013055,1680.5966414873096,0.010237564401531807,0,INFY,15m,2026-02-03 07:30:00
1667.5,1668.199951171875,1664.5,1665.699951171875,94602,-0.0012592022992957697,0.015670701934070053,0.0102404175523725,0.35,0.6,0,1663.8905338791894,1651.0723651500189,46.55169303483485,7.693470769797159,9.451536119569877,1680.335572806242,0.0102404175523725,0,INFY,15m,2026-02-03 07:45:00
1665.5999755859375,1666.0,1660.199951171875,1660.5,169597,-0.0031217814278116096,0.011944649457200418,0.010278478696325652,0.3,0.65,0,1663.5676258906951,1651.4420763206062,49.09097826845152,6.510096119401396,8.86324811953618,1679.768151453616,0.010278478696325652,0,INFY,15m,2026-02-03 08:00:00
1660.300048828125,1664.699951171875,1659.0,1662.300048828125,205548,0.0010840402457843457,0.012856506388014388,0.010278330386276747,0.25,0.7,0,1663.4469042656883,1651.8678791640384,43.18852476417598,5.6523552471819585,8.221069545065337,1679.1178463074723,0.010278330386276747,0,INFY,15m,2026-02-03 08:15:00
1662.699951171875,1666.300048828125,1662.0,1666.0999755859375,192395,0.0022859451640462325,0.022523598025029123,0.010113148984077417,0.3,0.65,0,1663.6995777247598,1652.4260005923481,46.739112406996455,5.21904980094223,7.620665596240716,1678.6435996853245,0.010113148984077417,0,INFY,15m,2026-02-03 08:30:00
1665.800048828125,1666.5,1662.800048828125,1663.9000244140625,168853,-0.001320419665153283,-0.019100408820034942,0.003754979754199898,0.3,0.65,0,1663.718667885646,1652.8759623108467,42.63163474109933,4.644594445579514,7.025451366108476,1678.2412385865516,0.003754979754199898,0,INFY,15m,2026-02-03 08:45:00
1663.9000244140625,1664.199951171875,1659.0,1660.0999755859375,209683,-0.002283820405293402,-0.0074733948239005255,0.002217734682364269,0.3,0.65,0,1663.374030523769,1653.1592569490856,36.63365139987551,3.8384549364782288,6.388052080182428,1677.6603128876013,0.002217734682364269,0,INFY,15m,2026-02-03 09:00:00
1660.199951171875,1660.5,1656.199951171875,1659.5,328753,-0.0003614093095362092,-0.005394066526820507,0.002163206733703512,0.3,0.65,0,1663.005075235791,1653.4079135393174,34.33589710642411,3.115259776492394,5.733493619444421,1676.70536046939,0.002163206733703512,0,INFY,15m,2026-02-03 09:15:00
1659.5,1664.5,1657.199951171875,1657.800048828125,404905,-0.0010243755178517278,-0.0020466544929474972,0.0019473658701156466,0.35,0.6,0,1662.509358435061,1653.5801541388787,18.421155953413503,2.377543705511016,5.062303636657741,1675.7182443416027,0.0019473658701156466,-1,INFY,15m,2026-02-03 09:30:00
1657.9000244140625,1658.5,1653.699951171875,1655.5,1231482,-0.0013874102789119824,-0.006898620275944789,0.001771332808415054,0.35,0.6,0,1661.8418004888647,1653.655442211864,18.15572198984742,1.588986835056403,4.3676402763374735,1672.724477834197,0.001771332808415054,-1,INFY,15m,2026-02-03 09:45:00
1655.300048828125,1656.0999755859375,1653.4000244140625,1655.9000244140625,652660,0.00024163359351403457,-0.007551678505206771,0.0017530159996520045,0.3,0.65,0,1661.2759170531692,1653.7434650433229,21.20269790008807,0.984974290550781,3.6911070791801355,1671.4205377152705,0.0017530159996520045,-1,INFY,15m,2026-02-03 10:00:00
1555.699951171875,1566.0,1554.9000244140625,1556.0,2365349,0.00032144005143042165,-0.06876534965301395,0.013565380455827713,0.25,0.65,-1,1642.1351611251566,1646.2087887616374,5.5814468441068925,-14.037652886759588,-1.6465977980209796,1558.9666748046875,0.013565380455827713,-1,INFY,15m,2026-02-04 04:00:00
1556.0,1560.9000244140625,1555.0,1555.9000244140625,1098131,-6.425166191359466e-05,-0.06943778444135018,0.013554779336820264,0.2,0.65,-1,1633.9222909621953,1642.6672685911442,5.732537933125741,-19.00101093831222,-5.117480426079228,1558.4276753696142,0.013554779336820264,-1,INFY,15m,2026-02-04 04:15:00
1555.9000244140625,1558.5,1551.5,1553.699951171875,1168817,-0.0014140196720004994,-0.07484820258118308,0.013437425812522975,0.15,0.7,-1,1626.282068125022,1639.1783541825455,5.114079469537202,-22.848650457414806,-8.663714432346344,1557.4534650301505,0.013437425812522975,-1,INFY,15m,2026-02-04 04:30:00
1553.5,1557.0,1543.5,1543.800048828125,1925952,-0.006371823810822019,-0.07975675292381901,0.013433196868600419,0.15,0.75,-1,1618.4266377157937,1635.4380284823721,4.8183874762464995,-26.39253516268127,-12.209478578413329,1554.706650547371,0.013433196868600419,-1,INFY,15m,2026-02-04 04:45:00
1543.800048828125,1544.199951171875,1534.800048828125,1535.5,1764330,-0.005376375544504874,-0.08279073986452168,0.013427924590704472,0.15,0.75,-1,1610.528862695242,1631.5188901105146,4.710144927536234,-29.53042553443356,-15.673667969617377,1551.2002867435258,0.013427924590704472,-1,INFY,15m,2026-02-04 05:00:00
1535.4000244140625,1539.5999755859375,1534.4000244140625,1538.5,834749,0.0019537609899056285,-0.08017456507432996,0.013480099746934333,0.15,0.75,-1,1603.6689710099809,1627.8710904983375,5.53157605807462,-31.413041346667796,-18.821542645027463,1549.9514180059562,0.013480099746934333,-1,INFY,15m,2026-02-04 05:15:00
1538.5,1539.9000244140625,1536.0,1537.699951171875,782264,-0.0005200187378128218,-0.07955227245077012,0.013488553502030314,0.2,0.7,-1,1597.3862072158754,1624.334967387496,2.863452508669056,-32.5938634269105,-21.576006801404073,1549.0003254170692,0.013488553502030314,-1,INFY,15m,2026-02-04 05:30:00
1537.4000244140625,1538.9000244140625,1533.199951171875,1535.699951171875,828336,-0.0013006438599908465,-0.07881952272711135,0.013495769449574842,0.2,0.7,-1,1591.5113256878753,1620.859084398648,2.867662436395591,-33.30711305186492,-23.922228051496244,1547.9951292291191,0.013495769449574842,-1,INFY,15m,2026-02-04 05:45:00
1535.699951171875,1536.4000244140625,1525.0,1526.0999755859375,1587114,-0.006251205242672531,-0.08496226711454569,0.013463009577820739,0.2,0.7,-1,1585.2816732972146,1617.1430409157967,2.750368879484455,-34.252168638934336,-25.988216168983865,1545.576447323275,0.013463009577820739,-1,INFY,15m,2026-02-04 06:00:00
1526.0999755859375,1528.0,1519.300048828125,1519.9000244140625,899388,-0.004062611408859107,-0.08753072644039972,0.013443824894912465,0.2,0.7,-1,1579.0548495940573,1613.329589288278,2.6458777259811797,-35.09684170076025,-27.809941275339142,1544.0037960174498,0.013443824894912465,-1,INFY,15m,2026-02-04 06:15:00
1520.300048828125,1523.0,1517.4000244140625,1518.800048828125,641298,-0.000723715749897158,-0.08533571284063535,0.013467252122503479,0.2,0.7,-1,1573.3162971401591,1609.6225484859192,2.6566914964917316,-35.44640592185806,-29.337234204642925,1542.8836975582894,0.013467252122503479,-1,INFY,15m,2026-02-04 06:30:00
1518.800048828125,1523.0,1518.699951171875,1519.0999755859375,455271,0.00019747613126819274,-0.08614574326887592,0.013449836256439836,0.2,0.65,-1,1568.152837944519,1606.0726436663122,2.9005202322371986,-35.29240759677464,-30.52826888306927,1542.1661942411981,0.013449836256439836,-1,INFY,15m,2026-02-04 06:45:00
1519.0999755859375,1523.9000244140625,1517.4000244140625,1521.9000244140625,666607,0.001843228802004937,-0.08654939876651913,0.013438604864306682,0.2,0.7,-1,1563.7478080844755,1602.7717566368121,4.483680553827881,-34.54619524072746,-31.331854154600908,1541.2296217606518,0.013438604864306682,-1,INFY,15m,2026-02-04 07:00:00
1522.5,1523.5,1518.0,1519.5999755859375,858480,-0.0015113008681437723,-0.08672398984965446,0.013436350191725609,0.15,0.7,-1,1559.5432526084244,1599.5101181642287,13.441912154082146,-33.75134677437882,-31.815752678556493,1540.1014824525494,0.013436350191725609,-1,INFY,15m,2026-02-04 07:15:00
1519.5,1519.5,1510.199951171875,1514.0,793497,-0.0036851643037031367,-0.0880067331694111,0.013428185816012425,0.15,0.7,-1,1555.2057999790507,1596.156780197004,11.254577640842683,-33.19069321615325,-32.09074078607584,1538.8859863818534,0.013428185816012425,-1,INFY,15m,2026-02-04 07:30:00
1513.9000244140625,1521.5,1513.9000244140625,1520.0999755859375,621871,0.004029045961649658,-0.08400121989398157,0.013534977316262171,0.2,0.65,-1,1551.8623881320875,1593.1741604083347,20.265716058545138,-31.886585473182095,-32.049909723497095,1538.152823413761,0.013534977316262171,0,INFY,15m,2026-02-04 07:45:00
1520.0999755859375,1529.699951171875,1520.0999755859375,1529.699951171875,897717,0.006315358029156615,-0.07727113878830083,0.013726246184036573,0.2,0.65,-1,1549.7516798501626,1590.684975732395,32.24848224378722,-29.73565872783729,-31.587059524365134,1537.5777024143088,0.013726246184036573,0,INFY,15m,2026-02-04 08:00:00
1529.5999755859375,1534.5,1528.0,1531.9000244140625,1148171,0.0014382384208759813,-0.07466020875018875,0.013768162861328927,0.25,0.6,-1,1548.0515221895816,1588.3796835238331,40.0667616328477,-27.536087386918553,-30.77686509687582,1537.2148549929018,0.013768162861328927,0,INFY,15m,2026-02-04 08:15:00
1531.9000244140625,1538.5999755859375,1531.5999755859375,1532.9000244140625,929404,0.0006527841138865842,-0.07427984672173871,0.013774786891424865,0.3,0.55,0,1546.608522401437,1586.2040106175677,47.528539170432055,-25.419202861846543,-29.705332649869966,1537.0842407745824,0.013774786891424865,0,INFY,15m,2026-02-04 08:30:00
1532.9000244140625,1535.0,1530.0999755859375,1534.300048828125,659291,0.0009133174974000902,-0.013629026790019316,0.003268463080074658,0.3,0.55,0,1545.4362868230264,1584.1685611356288,45.88240081188726,-23.359314715305345,-28.436129062957043,1536.9597646326106,0.003268463080074658,0,INFY,15m,2026-02-04 08:45:00
1534.4000244140625,1536.4000244140625,1532.4000244140625,1535.0,636757,0.00045620227439191474,-0.01349614395886889,0.0032707761407820136,0.35,0.55,0,1544.442354744643,1582.240382267565,47.34778354421879,-21.423402658403347,-27.033583782046307,1536.8900804217292,0.0032707761407820136,0,INFY,15m,2026-02-04 09:00:00
1535.0999755859375,1541.5999755859375,1533.0,1539.300048828125,1063820,0.0028013347414495016,-0.01066905027666476,0.003360432510130655,0.4,0.55,0,1543.9526113240222,1580.5564476228813,53.38355353430592,-19.319497263904395,-25.490766478417925,1536.9406979218325,0.003360432510130655,0,INFY,15m,2026-02-04 09:15:00
1539.4000244140625,1540.9000244140625,1535.5,1537.0999755859375,1086395,-0.001429268610666501,-0.010684157886094447,0.003360645172041168,0.4,0.5,0,1543.2999793489664,1578.8522722488835,62.008720821761536,-17.626477543785995,-23.91790869149154,1536.98159339182,0.003360645172041168,0,INFY,15m,2026-02-04 09:30:00
1537.0,1537.5,1534.800048828125,1535.199951171875,1486483,-0.0012361098459703346,-0.005570732856744143,0.003074973750253986,0.4,0.5,0,1542.5285480940054,1577.1404165203733,68.43359247460798,-16.250734952293215,-22.384473943651876,1536.9138591273152,0.003074973750253986,0,INFY,15m,2026-02-04 09:45:00
1535.199951171875,1535.300048828125,1532.5,1534.0,1103903,-0.0007816253322304734,-0.0009768804949528143,0.0028361284510581173,0.4,0.5,0,1541.716305418386,1575.4486354803587,68.26912919468995,-15.08340298745793,-20.92425975241309,1536.7887728637975,0.0028361284510581173,0,INFY,15m,2026-02-04 10:00:00
1545.4000244140625,1546.9000244140625,1538.5,1540.0999755859375,521720,-0.0032360365536242552,0.0015607885089892193,0.003336199882702198,0.4,0.5,0,1541.8539326596651,1572.918942293552,66.66659214279966,-11.815946458558528,-17.85255039589402,1541.8333333333333,0.003336199882702198,0,INFY,15m,2026-02-05 04:00:00
1540.0999755859375,1542.5999755859375,1534.0,1539.9000244140625,407532,-0.0001298299948345738,0.0027349569419354847,0.0033208752189911135,0.4,0.5,0,1541.667846160084,1571.6240827688662,69.33337983630952,-10.682232649221987,-16.418486846559617,1540.5176557776217,0.0033208752189911135,0,INFY,15m,2026-02-05 04:15:00
1540.0,1545.800048828125,1539.0,1545.0999755859375,282311,0.0033768108899494553,0.012450036238749629,0.0030305097156098095,0.45,0.45,0,1541.994715629213,1570.583921702869,79.84643969231706,-9.257449569515984,-14.986279391150891,1541.1659825069926,0.0030305097156098095,0,INFY,15m,2026-02-05 04:30:00
1545.5999755859375,1548.0999755859375,1541.300048828125,1546.199951171875,336423,0.0007119122408376644,0.01730372151809889,0.002822904272360674,0.5,0.4,0,1542.3952142523237,1569.6276875643987,77.70699481395283,-7.947921188879036,-13.57860775069652,1542.0426916821611,0.002822904272360674,0,INFY,15m,2026-02-05 04:45:00
1546.300048828125,1550.9000244140625,1540.0999755859375,1540.5,412757,-0.0036864256576615295,0.01428756286162769,0.0029836517198225166,0.55,0.4,0,1542.2147176568644,1568.4854253069714,62.50007064262181,-7.286059774012529,-12.320098155359723,1542.4196405612406,0.0029836517198225166,0,INFY,15m,2026-02-05 05:00:00
1541.0,1542.4000244140625,1535.300048828125,1536.4000244140625,261277,-0.002661457699407621,0.011388354358607744,0.0030767245851002684,0.55,0.45,0,1541.660937348026,1567.2271742915632,54.98892972949563,-7.011538942735797,-11.25838631283494,1541.903878917117,0.0030767245851002684,0,INFY,15m,2026-02-05 05:15:00
1536.300048828125,1537.0,1533.0,1534.9000244140625,244543,-0.0009763082375451315,0.008541953999248397,0.003079949638151164,0.5,0.45,0,1541.0170408781246,1565.9594429238182,52.1929895008486,-6.836213061334092,-10.373951662534772,1541.2161021584186,0.003079949638151164,0,INFY,15m,2026-02-05 05:30:00
1534.800048828125,1537.0999755859375,1534.5,1535.0999755859375,236230,0.00013026983431796424,0.010200052809308247,0.0030471952283059353,0.55,0.45,0,1540.453510850297,1564.7492677340974,50.90082287894909,-6.604993396253349,-9.620160009278488,1540.722327758712,0.0030471952283059353,0,INFY,15m,2026-02-05 05:45:00
1535.0999755859375,1535.0999755859375,1530.0999755859375,1530.5,310821,-0.002996531599957719,0.01089828269484805,0.003000811637764805,0.55,0.45,0,1539.505557435983,1563.4061591955053,45.34159606947168,-6.715517427375971,-9.039231492897985,1539.8124004106091,0.003000811637764805,0,INFY,15m,2026-02-05 06:00:00
1530.699951171875,1531.199951171875,1524.4000244140625,1524.800048828125,403608,-0.0037242412099803834,0.003091950080701622,0.003027906584149109,0.5,0.5,0,1538.1050328066633,1561.8921940830592,35.41238885886918,-7.180277175699757,-8.66744062945834,1538.2755071036026,0.003027906584149109,0,INFY,15m,2026-02-05 06:15:00
1525.0,1527.0999755859375,1522.4000244140625,1524.199951171875,256868,-0.00039355826143316897,-0.0035954763519385757,0.0026591100931477366,0.45,0.55,0,1536.7807393176358,1560.4140669100716,36.59033634238756,-7.510449701230527,-8.436042443812777,1537.3170747826334,0.0026591100931477366,0,INFY,15m,2026-02-05 06:30:00
1524.300048828125,1525.300048828125,1520.300048828125,1520.5999755859375,498196,-0.002361878822505936,-0.007376492361142906,0.002673369531196103,0.4,0.6,0,1535.2397142003313,1558.8527299953996,35.34129655185937,-7.970720248587668,-8.342978004767756,1535.496087400955,0.002673369531196103,0,INFY,15m,2026-02-05 06:45:00
1520.9000244140625,1522.300048828125,1516.5,1518.699951171875,575287,-0.001249522849249285,-0.009263535139948487,0.0026690245635509393,0.35,0.65,0,1533.6644986738117,1557.2781112180066,34.851363568241254,-8.39206555662895,-8.352795515139995,1533.5173703878693,0.0026690245635509393,0,INFY,15m,2026-02-05 07:00:00
1518.699951171875,1520.699951171875,1518.0999755859375,1520.699951171875,302739,0.001316915825576137,-0.008864040424581554,0.002681465890087828,0.35,0.6,0,1532.4297798641035,1555.8436735691387,20.53121507782761,-8.466999167697168,-8.37563624565143,1532.6970836387864,0.002681465890087828,0,INFY,15m,2026-02-05 07:15:00
1520.9000244140625,1521.9000244140625,1518.199951171875,1520.0,291495,-0.0004602822347272717,-0.009771986970684043,0.002673132436806216,0.35,0.6,0,1531.2459913056175,1554.4380393115252,22.91088802682276,-8.485054379051917,-8.397519872331527,1532.00603990256,0.002673132436806216,0,INFY,15m,2026-02-05 07:30:00
1520.0999755859375,1521.4000244140625,1518.5,1519.5,241027,-0.0003289473684210398,-0.012863020983595042,0.002559666070157187,0.3,0.6,0,1530.1273254669873,1553.067920122838,22.7270798586065,-8.442390463400216,-8.406493990545265,1531.4790704067607,0.002559666070157187,0,INFY,15m,2026-02-05 07:45:00
1519.5999755859375,1521.199951171875,1515.800048828125,1520.9000244140625,336531,0.0009213717762832641,-0.010539295705667806,0.0025756288806400665,0.3,0.65,0,1529.2485348905184,1551.8064340166115,13.98801089918257,-8.201071881486996,-8.365409568733611,1530.786659649127,0.0025756288806400665,0,INFY,15m,2026-02-05 08:00:00
1520.800048828125,1523.5999755859375,1518.4000244140625,1523.199951171875,310398,0.001512214294755232,-0.007816571379408943,0.0026088758262848323,0.35,0.6,0,1528.6724792982666,1550.6846111599552,16.953837519292833,-7.73507516704035,-8.23934268839496,1530.335576769438,0.0026088758262848323,0,INFY,15m,2026-02-05 08:15:00
1523.199951171875,1524.5,1520.800048828125,1523.300048828125,507159,6.571537516997239e-05,-0.006975196331078903,0.0026090454068939885,0.4,0.55,0,1528.1608192534911,1549.6107067547853,20.547979565729946,-7.273844023119864,-8.04624295533994,1529.7733157740263,0.0026090454068939885,0,INFY,15m,2026-02-05 08:30:00
1523.300048828125,1523.300048828125,1520.0,1520.0999755859375,326206,-0.002100750436297427,-0.016180182768121165,0.001927044434089881,0.35,0.55,0,1527.3931198565813,1548.4534231795362,21.201376847226896,-7.084864279845306,-7.853967220241014,1529.3742841470505,0.001927044434089881,0,INFY,15m,2026-02-05 08:45:00
1520.199951171875,1524.300048828125,1520.199951171875,1523.0,316571,0.0019077853171760584,-0.011103159442250932,0.0019299653450446574,0.4,0.55,0,1526.9747274892877,1547.4552497215152,29.966338269565114,-6.6247230544502145,-7.608118387082854,1529.0793942055075,0.0019299653450446574,0,INFY,15m,2026-02-05 09:00:00
1523.0,1525.199951171875,1521.5999755859375,1521.5999755859375,375177,-0.0009192543756155747,-0.011883920084414745,0.0019288556707775966,0.45,0.5,0,1526.4628463556353,1546.4413174024728,28.155443362013784,-6.300400987192006,-7.346574907104684,1528.7755986976706,0.0019288556707775966,0,INFY,15m,2026-02-05 09:15:00
1522.0,1525.5,1521.5999755859375,1523.4000244140625,434031,0.0011829974086532413,-0.014044367040809691,0.001744630952242348,0.45,0.5,0,1526.1711490278665,1545.5377372852802,37.36669026963861,-5.83090942128797,-7.043441809941342,1528.4959797719275,0.001744630952242348,0,INFY,15m,2026-02-05 09:30:00
1523.4000244140625,1523.9000244140625,1517.5,1518.199951171875,904936,-0.003413465379316638,-0.018108912743645234,0.0018108459445205444,0.4,0.55,0,1525.4119873272957,1544.4656672416174,38.043449416634964,-5.811445696138662,-6.7970425871808064,1527.6372687243968,0.0018108459445205444,0,INFY,15m,2026-02-05 09:45:00
1518.699951171875,1522.0999755859375,1517.5,1521.4000244140625,479605,0.0021078074990830142,-0.012398556044100895,0.0018070701576985077,0.35,0.5,0,1525.0298956212735,1543.5611322287723,45.364408389618475,-5.474692539494981,-6.532572577643642,1527.271360440022,0.0018070701576985077,0,INFY,15m,2026-02-05 10:00:00
1504.9000244140625,1504.9000244140625,1480.4000244140625,1491.800048828125,2096456,-0.008704880971105,-0.028079988859463723,0.0033634719745064532,0.35,0.5,0,1520.1306015823022,1540.0746197056246,25.230426142239253,-8.211694911643008,-6.857538112648568,1492.36669921875,0.0033634719745064532,0,INFY,15m,2026-02-06 04:00:00
1492.4000244140625,1500.5,1490.5,1496.0,855507,0.002815357979894406,-0.025470637878821756,0.003480077763301906,0.3,0.5,0,1517.8324490506543,1538.3462032465807,28.14173058226207,-9.151800377207792,-7.316390565560413,1493.323061223106,0.003480077763301906,0,INFY,15m,2026-02-06 04:15:00
1496.0,1501.699951171875,1492.4000244140625,1500.0999755859375,384934,0.0027406253916695267,-0.019862805889619417,0.003566808521623702,0.35,0.45,0,1516.1436420540147,1536.8463511814575,33.38903573037051,-9.456992642493333,-7.744510980946997,1493.870266831373,0.003566808521623702,0,INFY,15m,2026-02-06 04:30:00
1500.0999755859375,1504.9000244140625,1496.0,1504.0,546676,0.002599842995490542,-0.013641164849194976,0.0035924961730789294,0.4,0.4,0,1514.987104715537,1535.5582589782632,37.756770724859024,-9.277218337051181,-8.051052452167834,1494.963045721299,0.0035924961730789294,0,INFY,15m,2026-02-06 04:45:00
1503.9000244140625,1504.0999755859375,1499.0999755859375,1501.0,441038,-0.0019946808510638014,-0.015221068045591979,0.003603591437975585,0.4,0.35,0,1513.6549995045336,1534.2030331359783,34.66876574070416,-9.269962475670127,-8.294834456868294,1495.6195057503783,0.003603591437975585,0,INFY,15m,2026-02-06 05:00:00
1501.199951171875,1503.0999755859375,1497.5,1498.199951171875,377105,-0.0018654555816954854,-0.014731043518155462,0.003593676174247138,0.4,0.35,0,1512.1830901395185,1532.7911475687588,30.88696431237868,-9.382002804459034,-8.512268126386441,1495.938762608372,0.003593676174247138,0,INFY,15m,2026-02-06 05:15:00
1497.800048828125,1500.0,1496.0,1497.5999755859375,268051,-0.0004004642941473069,-0.013893445884195943,0.003592300278345853,0.4,0.35,0,1510.7942220867967,1531.4111016086483,30.50078261755472,-9.410727578263732,-8.6919600167619,1496.0427462416744,0.003592300278345853,0,INFY,15m,2026-02-06 05:30:00
1497.0,1501.699951171875,1496.199951171875,1500.5999755859375,356291,0.0020032051608616097,-0.01321758152911634,0.0036157128520187118,0.45,0.35,0,1509.8233414676672,1530.2028221567773,35.1598614682581,-9.086671744882779,-8.770902362386076,1496.2740193335726,0.0036157128520187118,0,INFY,15m,2026-02-06 05:45:00
1500.5999755859375,1502.0,1497.0999755859375,1499.300048828125,307551,-0.000866271344103442,-0.013618388928865133,0.003615679169128725,0.45,0.35,0,1508.8211231210441,1528.9909486929087,31.513326782300012,-8.832927893200349,-8.783307468548932,1496.4483133576691,0.003615679169128725,0,INFY,15m,2026-02-06 06:00:00
1499.300048828125,1503.300048828125,1498.0999755859375,1502.5999755859375,310672,0.0022009782233995967,-0.011122095698626211,0.0036723857916354367,0.5,0.35,0,1508.2286328796054,1527.9560085710666,35.60606060606061,-8.270223562703677,-8.680690687379881,1496.7036241220626,0.0036723857916354367,0,INFY,15m,2026-02-06 06:15:00
1502.5999755859375,1509.800048828125,1502.0,1506.0,392532,0.0022627608607119765,-0.009796846718970076,0.003712749784647315,0.55,0.3,0,1508.0163821291667,1527.0949886271032,37.13015480904838,-7.46388376574896,-8.437329303053698,1497.2753567272357,0.003712749784647315,0,INFY,15m,2026-02-06 06:30:00
1505.800048828125,1505.800048828125,1500.0999755859375,1501.800048828125,338412,-0.002788812199120194,-0.014049306085708535,0.003715505438186723,0.5,0.35,0,1507.4243503862103,1526.103030203614,37.687733922791274,-7.082116397050868,-8.166286721853131,1497.543610013265,0.003715505438186723,0,INFY,15m,2026-02-06 06:45:00
1501.800048828125,1502.0,1498.4000244140625,1500.199951171875,295466,-0.0010654531923198762,-0.015164509233765777,0.003711833903898086,0.45,0.4,0,1506.7363123657974,1525.0872231827616,33.692220726075575,-6.8299461474637155,-7.899018606975249,1497.6562058117752,0.003711833903898086,0,INFY,15m,2026-02-06 07:00:00
1500.0999755859375,1501.5,1496.9000244140625,1499.699951171875,345232,-0.000333288905661866,-0.013420186002041867,0.0036991804124535603,0.45,0.4,0,1506.066182728281,1524.091643888217,44.69378959509923,-6.594428759354287,-7.638100637451057,1497.736920577684,0.0036991804124535603,0,INFY,15m,2026-02-06 07:15:00
1499.5,1500.0,1497.0,1499.9000244140625,345684,0.00013340884757062632,-0.01516741666837651,0.003655148610377546,0.4,0.4,0,1505.4789295554983,1523.1429529284464,61.21881033777318,-6.318796145255419,-7.37423973901193,1497.7924058512313,0.003655148610377546,0,INFY,15m,2026-02-06 07:30:00
1499.800048828125,1502.0,1496.800048828125,1497.9000244140625,368189,-0.0013334222064442791,-0.015575677939103971,0.0036572857922730394,0.4,0.45,0,1504.757129065838,1522.1530341631765,52.80239387272289,-6.190379753636307,-7.137467741936806,1497.8431933147024,0.0036572857922730394,0,INFY,15m,2026-02-06 07:45:00
1497.5999755859375,1498.800048828125,1496.800048828125,1497.800048828125,237161,-6.674383090188307e-05,-0.016804499918387394,0.0036326064975934743,0.35,0.45,0,1504.0945499955797,1521.1980151304292,46.153971772794264,-6.027198242800068,-6.9154138421094595,1497.8419555933037,0.0036326064975934743,0,INFY,15m,2026-02-06 08:00:00
1497.800048828125,1501.300048828125,1497.699951171875,1501.300048828125,516895,0.0023367605060089502,-0.011131539248637967,0.0036457962658844266,0.4,0.4,0,1503.8284070272507,1520.4177027264172,45.423811573093225,-5.551461181685681,-6.642623310024705,1497.9748335466895,0.0036457962658844266,0,INFY,15m,2026-02-06 08:15:00
1501.199951171875,1506.0,1500.5999755859375,1504.0,349403,0.0017984087684421723,-0.011436850358119144,0.003634549811771011,0.45,0.4,0,1503.8447492151315,1519.77387124695,55.13699489143248,-4.900087479845979,-6.29411614398896,1498.187479931522,0.003634549811771011,0,INFY,15m,2026-02-06 08:30:00
1503.9000244140625,1505.199951171875,1500.5999755859375,1502.9000244140625,283790,-0.0007313667459690754,-0.0013289919380383708,0.002717316973676471,0.45,0.35,0,1503.7547754245536,1519.1121517633073,58.54562564642066,-4.421657845888603,-5.919624484368889,1498.3294949108765,0.002717316973676471,0,INFY,15m,2026-02-06 08:45:00
1502.800048828125,1503.9000244140625,1501.300048828125,1502.5,340497,-0.0002661683462400477,0.007172510270582411,0.0018077401870035669,0.45,0.3,0,1503.6352730031676,1518.460694831413,58.974427765928425,-4.0283413298543564,-5.541367853465983,1498.4773551593125,0.0018077401870035669,0,INFY,15m,2026-02-06 09:00:00
1502.5,1504.5999755859375,1501.0,1503.9000244140625,546354,0.0009317966150166335,0.005280764982662056,0.0017199668245203301,0.5,0.35,0,1503.6604874232528,1517.8896881483797,56.42034065756601,-3.5625974813569883,-5.145613779044185,1498.7260013121163,0.0017199668245203301,0,INFY,15m,2026-02-06 09:15:00
1503.9000244140625,1508.199951171875,1503.699951171875,1507.300048828125,842972,0.002260804813396522,0.004799728924317348,0.0016866383228059405,0.5,0.35,0,1504.007112318955,1517.4744081750364,64.38846393662894,-2.8858720344737776,-4.693665430130103,1499.30633942159,0.0016866383228059405,0,INFY,15m,2026-02-06 09:30:00
1507.300048828125,1510.0,1505.800048828125,1507.4000244140625,1307985,6.632759417435352e-05,0.002260654530626738,0.0015926576406033776,0.5,0.35,0,1504.3302468042034,1517.079334302057,59.75615807546495,-2.314811343769861,-4.217894612858055,1500.1913288762933,0.0015926576406033776,0,INFY,15m,2026-02-06 09:45:00
1507.4000244140625,1507.5,1503.0,1504.800048828125,704037,-0.0017248079765344038,0.0025316781000166433,0.0015748948904315044,0.5,0.4,0,1504.3749898541007,1516.5977936952363,47.47909934861773,-2.048424965102413,-3.784000683306927,1500.45395722495,0.0015748948904315044,0,INFY,15m,2026-02-06 10:00:00
1509.5999755859375,1510.0,1501.0999755859375,1504.0,752056,-0.003973509933774877,0.004273520645296847,0.00192785922704308,0.55,0.35,0,1504.8239712864633,1515.8551721115966,56.50694380575738,-1.3574223787218216,-2.917494976169355,1505.0333251953125,0.00192785922704308,0,INFY,15m,2026-02-09 04:00:00
1504.5999755859375,1504.5999755859375,1500.199951171875,1503.0999755859375,366095,-0.0005984204880734589,0.0016660002936650375,0.0018882152914989094,0.5,0.4,0,1504.6597812197465,1515.3549683262768,55.74328922027524,-1.3791669720537811,-2.6098293753462403,1504.2475306667861,0.0018882152914989094,0,INFY,15m,2026-02-09 04:15:00
1503.0999755859375,1503.199951171875,1500.199951171875,1501.5,286389,-0.001064450543493467,0.001467318815599583,0.0018939809062713524,0.45,0.4,0,1504.3588496750087,1514.8116362350504,52.5806159455958,-1.5081197118952332,-2.389487442656039,1503.714483062098,0.0018939809062713524,0,INFY,15m,2026-02-09 04:30:00
1501.5,1502.199951171875,1497.300048828125,1499.0,348165,-0.0016650016650017196,-0.0023958309892383456,0.0018626069492045112,0.4,0.45,0,1503.8484830392938,1514.1915720689701,51.74599975973369,-1.7913947107804233,-2.269868896280916,1502.877299682513,0.0018626069492045112,0,INFY,15m,2026-02-09 04:45:00
1499.0,1502.800048828125,1497.800048828125,1502.5999755859375,255191,0.002401584780478583,-0.0022576523333748266,0.0018721812166380295,0.4,0.45,0,1503.7295775675457,1513.7369996578707,56.857062140981235,-1.7057415183135163,-2.1570434206874363,1502.6471826746115,0.0018721812166380295,0,INFY,15m,2026-02-09 05:00:00
1502.9000244140625,1504.300048828125,1501.5999755859375,1504.300048828125,269314,0.0011314210500532607,0.0016646690096666639,0.0017800556647223514,0.45,0.4,0,1503.7839081637912,1513.3669231547433,54.51807893401575,-1.4835772881629055,-2.0223501941825304,1502.7362174233692,0.0017800556647223514,0,INFY,15m,2026-02-09 05:15:00
1504.300048828125,1506.5,1503.699951171875,1505.0,325488,0.00046530023875246407,0.0031996060420982353,0.001760805624132631,0.5,0.35,0,1503.8997264339064,1513.038808521224,51.60256661058727,-1.2367735694833755,-1.8652348692426997,1503.0276565245042,0.001760805624132631,0,INFY,15m,2026-02-09 05:30:00
1504.800048828125,1508.300048828125,1504.4000244140625,1505.9000244140625,221210,0.0005980228664868026,0.00413420913786311,0.0017593539617576245,0.55,0.3,0,1504.090231003445,1512.7588562032959,54.83870967741936,-0.957517727578761,-1.6836914409099122,1503.2761636646308,0.0017593539617576245,0,INFY,15m,2026-02-09 05:45:00
1505.699951171875,1506.699951171875,1504.4000244140625,1505.5,204943,-0.0002656380952102966,0.003733565900917446,0.0017625016524276621,0.55,0.3,0,1504.2244947174026,1512.4741951757157,54.83870967741936,-0.7597264345861277,-1.4988984396451555,1503.4288913675064,0.0017625016524276621,0,INFY,15m,2026-02-09 06:00:00
1505.5,1507.0,1503.0,1503.300048828125,290850,-0.0014612761022085863,0.003605063305993861,0.0017685312540517777,0.55,0.3,0,1504.1364522517572,1512.1144247307122,49.056639987716174,-0.771598575615144,-1.3534384668391533,1503.5168952810056,0.0017685312540517777,0,INFY,15m,2026-02-09 06:15:00
1503.199951171875,1504.5,1501.4000244140625,1502.5999755859375,198379,-0.0004656909595215364,0.003204651222683541,0.0017737200168367274,0.55,0.35,0,1503.9901211407268,1511.741309077976,41.92426600443816,-0.8279532629703681,-1.2483414260653962,1503.478350297487,0.0017737200168367274,0,INFY,15m,2026-02-09 06:30:00
1502.5,1503.5,1500.300048828125,1500.699951171875,161999,-0.0012644911785797408,-0.0003997186683091236,0.0017233488699513527,0.5,0.4,0,1503.6767716198838,1511.3083146502859,39.158466102799714,-1.014239330106193,-1.2015210068735556,1503.39126228393,0.0017233488699513527,0,INFY,15m,2026-02-09 06:45:00
1500.800048828125,1501.800048828125,1496.0,1497.5999755859375,419177,-0.002065686470847705,-0.004255335381690539,0.0017255256773086817,0.45,0.45,0,1503.0980291404603,1510.770732726194,38.534924133748525,-1.3959231692745107,-1.2404014393537466,1502.8876894878456,0.0017255256773086817,0,INFY,15m,2026-02-09 07:00:00
1497.699951171875,1498.5,1493.5,1495.0,342845,-0.0017360948372880936,-0.005256520251333718,0.001755808740538155,0.45,0.5,0,1502.3267882699402,1510.1522726192843,23.95837748484719,-1.8864607177088146,-1.3696132950247601,1502.3303650215341,0.001755808740538155,0,INFY,15m,2026-02-09 07:15:00
1494.800048828125,1495.5999755859375,1493.0,1494.5999755859375,304705,-0.00026757485890471777,-0.0052579197431363855,0.0017558089435997372,0.45,0.55,0,1501.5909013476542,1509.5423786179765,29.741390650074976,-2.281197659425061,-1.5519301679048203,1501.8213012777708,0.0017558089435997372,0,INFY,15m,2026-02-09 07:30:00
1494.800048828125,1498.0,1494.0,1497.9000244140625,230729,0.0022079813207753762,-0.003989626905111399,0.0018233700975441556,0.45,0.5,0,1501.2393892587409,1509.085815708019,39.84388410993915,-2.3012161812105205,-1.7017873705659603,1501.5808182318103,0.0018233700975441556,0,INFY,15m,2026-02-09 07:45:00
1497.9000244140625,1498.199951171875,1496.5999755859375,1497.5999755859375,208132,-0.000200312987004847,-0.006435396356371803,0.001729297647732832,0.45,0.5,0,1500.8927784327598,1508.6353906051925,41.97531484374608,-2.3146110414775194,-1.824352104748272,1501.41569128311,0.001729297647732832,0,INFY,15m,2026-02-09 08:00:00
1497.5999755859375,1497.5999755859375,1496.0999755859375,1496.0999755859375,164203,-0.0010016025804308049,-0.007496383604290724,0.0017331806810657348,0.4,0.55,0,1500.4363210187767,1508.1438057024766,43.77681728880157,-2.4183863759717497,-1.9431589589929676,1501.2678830252228,0.0017331806810657348,0,INFY,15m,2026-02-09 08:15:00
1496.199951171875,1497.9000244140625,1495.699951171875,1496.9000244140625,216312,0.0005347562603974509,-0.005249883145747258,0.0017140837618068202,0.45,0.55,0,1500.0995308659467,1507.7028731029309,36.0978456335076,-2.408310319830889,-2.036189231160552,1501.095548323815,0.0017140837618068202,0,INFY,15m,2026-02-09 08:30:00
1496.800048828125,1498.300048828125,1495.800048828125,1498.0,245034,0.0007348357057901378,-0.007947019867549643,0.0014978598449492755,0.45,0.55,0,1499.8995755453805,1507.322368275365,34.17084810639055,-2.2852235018128795,-2.0859960852910175,1500.9383187850037,0.0014978598449492755,0,INFY,15m,2026-02-09 08:45:00
1498.0,1499.300048828125,1495.4000244140625,1495.5,202402,-0.0016688918558077637,-0.005651595744680882,0.0012812919675926787,0.5,0.55,0,1499.4805683505822,1506.8587459900568,28.110796093785154,-2.3621757269920636,-2.141232013631227,1500.7967912513404,0.0012812919675926787,0,INFY,15m,2026-02-09 09:00:00
1495.5999755859375,1496.9000244140625,1495.0999755859375,1496.5999755859375,221381,0.0007355236281763045,-0.0043243963179935285,0.0012985869477009373,0.5,0.55,0,1499.2062261825208,1506.4564412683267,28.767153829860774,-2.307799210211442,-2.17454545294727,1500.6335764624343,0.0012985869477009373,0,INFY,15m,2026-02-09 09:15:00
1496.5999755859375,1497.5999755859375,1496.0,1497.199951171875,428956,0.00040089241996854597,-0.002863835383366653,0.001289495248751952,0.55,0.55,0,1499.0151523719833,1506.093441656701,31.22169196438435,-2.191035519721936,-2.1778434663022033,1500.3953917861802,0.001289495248751952,0,INFY,15m,2026-02-09 09:30:00
1497.199951171875,1498.0999755859375,1496.199951171875,1497.300048828125,612766,6.685657194394068e-05,-0.0011340568191293698,0.0012390435763252581,0.6,0.5,0,1498.85180917733,1505.7486027222471,35.00018310323361,-2.0665999318630384,-2.1555947594143703,1500.1263100899118,0.0012390435763252581,0,INFY,15m,2026-02-09 09:45:00
1497.4000244140625,1498.0999755859375,1495.5,1497.0,423297,-0.00020039325341625336,-0.0037268572320812154,0.00109573192390361,0.55,0.55,0,1498.6754463985367,1505.4055202625514,35.7145081431196,-1.9694921848511058,-2.1183742445017177,1499.9471156092068,0.00109573192390361,0,INFY,15m,2026-02-09 10:00:00
1499.0,1499.0999755859375,1491.5,1497.800048828125,544774,-0.0006004553099814292,-0.0047840207122092915,0.0010885506206255165,0.55,0.6,0,1498.5941867237739,1504.85461528093,50.58160578554041,-1.603929786130493,-1.954202693036065,1496.1333414713542,0.0010885506206255165,0,INFY,15m,2026-02-10 04:00:00
1497.9000244140625,1505.5,1497.9000244140625,1503.699951171875,542671,0.003939045367481464,-0.0014609689929738767,0.0014274096207503703,0.55,0.6,0,1499.0804500045454,1504.8093343354767,71.21939310213415,-1.0120333778536406,-1.7657688299995802,1499.2439727224037,0.0014274096207503703,0,INFY,15m,2026-02-10 04:15:00
1503.800048828125,1503.9000244140625,1498.0,1500.800048828125,211423,-0.0019285112974101182,-0.003121853983311218,0.0014864813190508354,0.55,0.6,0,1499.2442213210768,1504.6521074528355,63.47849162752435,-0.7680949728321593,-1.566234058566096,1499.5135362321719,0.0014864813190508354,0,INFY,15m,2026-02-10 04:30:00
1500.800048828125,1508.0,1499.5,1507.5,340259,0.004464253034310861,0.0027938209508799883,0.0017749977625876638,0.55,0.55,0,1500.0304859571647,1504.7637895135085,68.18192327077178,-0.03375288142296995,-1.259737823137471,1500.6524465638163,0.0017749977625876638,0,INFY,15m,2026-02-10 04:45:00
1507.5,1511.4000244140625,1506.300048828125,1509.5,352398,0.001326699834162559,0.004592056785686971,0.0017879553025906933,0.6,0.5,0,1500.9323444374347,1504.9495232580769,71.17462303371519,0.7015151717489516,-0.8674872241601864,1502.1413372075547,0.0017879553025906933,0,INFY,15m,2026-02-10 05:00:00
1509.5999755859375,1515.5999755859375,1507.5999755859375,1512.5999755859375,322491,0.0020536439787595118,0.007929649364464941,0.0017958498440423037,0.65,0.45,0,1502.0435474039589,1505.2495409964245,77.77805178791616,1.5168769106132913,-0.3906143972054909,1503.5059875597058,0.0017958498440423037,0,INFY,15m,2026-02-10 05:15:00
1512.5999755859375,1512.9000244140625,1509.699951171875,1509.9000244140625,201954,-0.0017849736979065334,0.008213173763783388,0.0017765870120461118,0.65,0.4,0,1502.791783309683,1505.4319128951554,70.56987452871006,1.923026020963107,0.07211368642822863,1504.0941451245285,0.0017765870120461118,0,INFY,15m,2026-02-10 05:30:00
1510.0,1510.699951171875,1508.5,1509.0999755859375,190419,-0.0005298687430881355,0.009431421796613604,0.0017194321434388228,0.65,0.4,0,1503.3925635264693,1505.5757584908722,67.73177019348145,2.155497628014018,0.4887904747453865,1504.469803697864,0.0017194321434388228,0,INFY,15m,2026-02-10 05:45:00
1509.0999755859375,1509.0999755859375,1506.199951171875,1506.9000244140625,212163,-0.0014577902110300966,0.008229659460085914,0.0017662940503596204,0.65,0.4,0,1503.7266074205259,1505.6276904878603,68.38735336622707,2.1375747465738186,0.818547329111073,1504.6828119926884,0.0017662940503596204,0,INFY,15m,2026-02-10 06:00:00
1507.300048828125,1507.300048828125,1503.5,1504.0999755859375,192339,-0.0018581516907293372,0.004139095447508456,0.0017825511947613482,0.6,0.45,0,1503.762166293422,1505.5677800995497,61.467992653317204,1.8758070583405697,1.0299992749569724,1504.7003625559828,0.0017825511947613482,0,INFY,15m,2026-02-10 06:15:00
1504.5,1508.4000244140625,1503.300048828125,1506.5,153345,0.0015956548454350017,0.005942858279348151,0.0018059794762705047,0.6,0.5,0,1504.022912360715,1505.6043377427047,63.47842701558972,1.840796634113076,1.1921587467881931,1504.7645489835654,0.0018059794762705047,0,INFY,15m,2026-02-10 06:30:00
1506.4000244140625,1506.800048828125,1504.0999755859375,1504.9000244140625,111404,-0.001062048181837083,0.0058819924949724545,0.0018083176166631997,0.6,0.45,0,1504.106446841986,1505.5767176121697,60.55562902454656,1.664755695067015,1.2866781364439577,1504.7811205763849,0.0018083176166631997,0,INFY,15m,2026-02-10 06:45:00
1504.699951171875,1504.9000244140625,1502.0999755859375,1502.699951171875,177147,-0.0014619398009805273,0.0038746253345027792,0.0018490336746080042,0.55,0.45,0,1503.972494873404,1505.463903241962,57.51979231755316,1.3323558893712288,1.295813687029412,1504.7039448971232,0.0018490336746080042,0,INFY,15m,2026-02-10 07:00:00
1502.800048828125,1505.0999755859375,1501.0999755859375,1504.800048828125,169996,0.0013975495604510169,0.004539418443341159,0.001865085457858958,0.55,0.5,0,1504.0513095357583,1505.437869735537,57.96361457456845,1.2242743060412522,1.28150581083178,1504.6565789480294,0.001865085457858958,0,INFY,15m,2026-02-10 07:15:00
1504.800048828125,1505.4000244140625,1502.800048828125,1504.5,241899,-0.0001993944832462402,0.006018054162487463,0.0018146833246920273,0.55,0.45,0,1504.0940419609242,1505.401090530222,58.88588839456284,1.1017076398663903,1.2455461766387022,1504.63075675467,0.0018146833246920273,0,INFY,15m,2026-02-10 07:30:00
1504.300048828125,1508.199951171875,1504.199951171875,1504.800048828125,393218,0.00019943424933521747,0.005479134956538401,0.0018118937920870676,0.6,0.4,0,1504.1612807101812,1505.3775202673949,51.7135425381421,1.0170600712906435,1.1998489555690903,1504.7302419555872,0.0018118937920870676,0,INFY,15m,2026-02-10 07:45:00
1504.300048828125,1505.300048828125,1501.0999755859375,1501.5,168224,-0.002193014833229756,0.0028720604918262005,0.001893396219798973,0.55,0.45,0,1503.9078254044498,1505.2254606490658,51.07683986748898,0.6758985646497422,1.0950588773852208,1504.652305737521,0.001893396219798973,0,INFY,15m,2026-02-10 08:00:00
1501.5999755859375,1502.4000244140625,1500.4000244140625,1500.9000244140625,125492,-0.000399584139818554,0.0024043114062242132,0.0018972795471266133,0.5,0.5,0,1503.62136816727,1505.0558356986737,37.50017339356641,0.3530429378945428,0.9466556894870852,1504.5600688415311,0.0018972795471266133,0,INFY,15m,2026-02-10 08:15:00
1501.300048828125,1502.800048828125,1499.699951171875,1500.4000244140625,171411,-0.0003331334478425818,0.0022712253934953353,0.001898697548717731,0.55,0.5,0,1503.3145735241073,1504.8732548639832,31.727153733399348,0.05618405154314132,0.7685613618982965,1504.432359155218,0.001898697548717731,0,INFY,15m,2026-02-10 08:30:00
1500.5,1502.300048828125,1499.199951171875,1502.199951171875,204950,0.0011996312506830087,0.002335357385754966,0.0019005626428725642,0.5,0.5,0,1503.208419014371,1504.7684194250771,27.96625511423295,-0.03345407020606217,0.6081582754774248,1504.3019600547507,0.0019005626428725642,0,INFY,15m,2026-02-10 08:45:00
1502.199951171875,1502.4000244140625,1500.0,1500.0999755859375,113303,-0.0013979334670456423,0.001535536575534291,0.0019246499125187525,0.5,0.5,0,1502.9123767830915,1504.5853431960913,28.69577216614124,-0.2708215448683404,0.4323623114082718,1504.2255188157176,0.0019246499125187525,0,INFY,15m,2026-02-10 09:00:00
1500.5,1501.199951171875,1497.0,1499.5999755859375,329753,-0.0003333111180171544,-0.0027265915535491514,0.001697276615535307,0.45,0.55,0,1502.5969100024101,1504.3898385839284,29.075069907506986,-0.4935929675255011,0.24717125562151726,1503.926634779866,0.001697276615535307,0,INFY,15m,2026-02-10 09:15:00
1499.4000244140625,1503.4000244140625,1498.800048828125,1499.5999755859375,673984,0.0,-0.0007996223368492705,0.0016439735632440104,0.5,0.55,0,1502.311487677032,1504.2020008193012,32.195214900737184,-0.66250399134492,0.06523620622822981,1503.5617720552093,0.0016439735632440104,0,INFY,15m,2026-02-10 09:30:00
1499.5,1500.5,1494.800048828125,1496.5999755859375,1400024,-0.0020005335081629827,-0.007230530291252091,0.001314547846507258,0.45,0.6,0,1501.7675341445465,1503.903882182699,31.884228900316074,-1.0266080243504803,-0.15313263988751222,1502.3998672005641,0.001314547846507258,-1,INFY,15m,2026-02-10 09:45:00
1496.199951171875,1496.300048828125,1493.0999755859375,1495.0,455385,-0.0010690736416129054,-0.009605829744948613,0.0012606215799948633,0.4,0.65,0,1501.1230070831612,1503.554710332397,21.105740329526085,-1.4278088602061416,-0.4080678839512381,1501.9672825082994,0.0012606215799948633,-1,INFY,15m,2026-02-10 10:00:00
1504.300048828125,1505.300048828125,1495.0,1496.5,563933,-0.005713889924547688,-0.008874775943700342,0.002314662533771777,0.4,0.7,-1,1501.0254073226456,1503.3362772454855,41.092036677166575,-1.1980035513456642,-0.6479917744346618,1498.933349609375,0.002314662533771777,-1,INFY,15m,2026-02-11 04:00:00
1496.4000244140625,1496.699951171875,1490.300048828125,1491.0,355072,-0.0036752422318743205,-0.0119938876673229,0.0024250911462641946,0.4,0.7,-1,1500.0706066252508,1502.8525016672313,31.937085775275293,-1.8407713383160171,-0.8865476872109329,1496.5121183366036,0.0024250911462641946,-1,INFY,15m,2026-02-11 04:15:00
1491.0,1493.5,1489.5,1490.5999755859375,258711,-0.0002682926989017176,-0.010816941113570566,0.002417530052996611,0.4,0.7,-1,1499.1686417643639,1502.3720104483573,31.853719326986507,-2.3552976621258495,-1.1802976821939162,1495.3451939232675,0.002417530052996611,-1,INFY,15m,2026-02-11 04:30:00
1490.5999755859375,1490.5999755859375,1485.800048828125,1490.0,279744,-0.0004025061020825893,-0.00937436062416308,0.00239761452990987,0.4,0.7,-1,1498.2954377868055,1501.8868335680297,30.828879542076464,-2.7794368780962486,-1.5001255213743827,1494.0889148814356,0.00239761452990987,-1,INFY,15m,2026-02-11 04:45:00
1489.4000244140625,1491.9000244140625,1487.5999755859375,1488.0999755859375,178859,-0.0012751841705117561,-0.012213756663831732,0.0023530811622261673,0.4,0.65,-1,1497.3244413867228,1501.3461724706929,31.989131754506275,-3.231634087421753,-1.8464272345838568,1493.5545277097797,0.0023530811622261673,-1,INFY,15m,2026-02-11 05:00:00
1488.199951171875,1490.0,1487.300048828125,1489.800048828125,118088,0.0011424455816673174,-0.010033872909143371,0.002382322504427536,0.4,0.7,-1,1496.6078325716182,1500.8933833082392,35.509142542063344,-3.413473533101296,-2.1598364942873447,1493.2502112327506,0.002382322504427536,-1,INFY,15m,2026-02-11 05:15:00
1489.800048828125,1490.5,1486.699951171875,1489.0,164941,-0.0005370175875308858,-0.009116890674809142,0.0023716485522493453,0.45,0.7,-1,1495.883277088607,1500.426976119681,35.23311965744392,-3.5808619109272968,-2.4440415776153355,1492.8620476260496,0.0023716485522493453,-1,INFY,15m,2026-02-11 05:30:00
1489.0,1489.800048828125,1485.300048828125,1487.0999755859375,233321,-0.0012760405735812164,-0.011762408737274854,0.002336816598058953,0.4,0.7,-1,1495.046772183591,1499.9043486477697,30.491024537032658,-3.822768007372588,-2.719786863566786,1492.27003616593,0.002336816598058953,-1,INFY,15m,2026-02-11 05:45:00
1487.5999755859375,1490.9000244140625,1486.800048828125,1490.800048828125,146016,0.0024881133097520713,-0.009105982832751769,0.0024355736875699475,0.4,0.7,-1,1494.6423223402132,1499.5473172822933,38.46167826279234,-3.6735687301977578,-2.9105432368929804,1492.0940818009788,0.0024355736875699475,-1,INFY,15m,2026-02-11 06:00:00
1490.699951171875,1491.199951171875,1486.0,1486.5,143875,-0.0028843900505001185,-0.012161116583147558,0.0024890266385194644,0.4,0.75,-1,1493.8668630697166,1499.0356577810269,35.147493972635345,-3.857834516647017,-3.100001492843788,1491.8470353166217,0.0024890266385194644,-1,INFY,15m,2026-02-11 06:15:00
1486.300048828125,1487.699951171875,1483.9000244140625,1485.5,220591,-0.0006727211570803915,-0.010656010656010628,0.002461152548305604,0.4,0.75,-1,1493.0700189678387,1498.5048476719671,34.36817417805939,-4.038010451709624,-3.287603284616955,1491.3378706231051,0.002461152548305604,-1,INFY,15m,2026-02-11 06:30:00
1485.4000244140625,1486.0,1482.9000244140625,1483.0999755859375,117487,-0.0016156340720716589,-0.011859583275757424,0.002472686537879069,0.4,0.75,-1,1492.1204910267052,1497.9007350411423,34.83154389295177,-4.3246116594848445,-3.4950049595905335,1491.0278322772663,0.002472686537879069,-1,INFY,15m,2026-02-11 06:45:00
1483.300048828125,1484.199951171875,1481.9000244140625,1482.699951171875,166107,-0.0002697218128565604,-0.01179690279537271,0.0024730785096000038,0.35,0.75,-1,1491.2232967548166,1497.3046258697984,35.79680645925191,-4.531784221006092,-3.7023608118736453,1490.5715467855027,0.0024730785096000038,-1,INFY,15m,2026-02-11 07:00:00
1482.699951171875,1483.4000244140625,1480.0,1483.300048828125,249729,0.0004047330383842862,-0.012581482464438909,0.0024490698038181725,0.35,0.75,-1,1490.4687017141794,1496.755426770125,17.751983618220763,-4.594583603226283,-3.880805370144173,1489.9201141099054,0.0024490698038181725,-1,INFY,15m,2026-02-11 07:15:00
1483.300048828125,1484.5999755859375,1478.9000244140625,1481.0,391237,-0.0015506295101535006,-0.012732468433297006,0.0024518261798034454,0.35,0.8,-1,1489.5669205985432,1496.1375668967867,21.818682196693942,-4.774905149907909,-4.059625326096921,1489.0019074360632,0.0024518261798034454,-1,INFY,15m,2026-02-11 07:30:00
1480.4000244140625,1482.300048828125,1479.5999755859375,1480.0,182276,-0.0006752194463200967,-0.013070135972947816,0.0024507842236248184,0.35,0.75,-1,1488.655785303444,1495.5047211361284,26.087464175777512,-4.941539921240519,-4.236008245125641,1488.597293645675,0.0024507842236248184,-1,INFY,15m,2026-02-11 07:45:00
1480.199951171875,1482.300048828125,1479.199951171875,1481.5999755859375,185120,0.001081064585092939,-0.012003201048977674,0.00247775831548972,0.3,0.8,-1,1487.9838034255863,1494.9594369969052,31.405296343001268,-4.888147003933682,-4.366435996887249,1488.2432597751551,0.00247775831548972,-1,INFY,15m,2026-02-11 08:00:00
1481.199951171875,1484.0,1479.699951171875,1480.300048828125,299988,-0.0008773803855514073,-0.01089130497374946,0.0024570025900749423,0.35,0.75,-1,1487.252017273447,1494.3845590295023,30.52249196015373,-4.894307428274487,-4.472010283164697,1487.7561037860576,0.0024570025900749423,0,INFY,15m,2026-02-11 08:15:00
1480.5,1480.5999755859375,1473.5,1475.4000244140625,340380,-0.003310156219978211,-0.013110351562499956,0.0025321382573628504,0.35,0.75,-1,1486.1232560487438,1493.6400674759557,27.240549527476375,-5.234243526776936,-4.624456931887146,1486.9223809159084,0.0025321382573628504,0,INFY,15m,2026-02-11 08:30:00
1475.4000244140625,1478.0,1474.0999755859375,1477.5999755859375,250309,0.0014910879324057102,-0.018271211511576957,0.0019208731077315071,0.3,0.75,-1,1485.311515052286,1493.0110442645826,28.52120091981689,-5.265431048624805,-4.752651755234678,1486.3874555968985,0.0019208731077315071,0,INFY,15m,2026-02-11 08:45:00
1477.5999755859375,1478.0,1473.0999755859375,1475.800048828125,331596,-0.001218142113936338,-0.013832242680838602,0.0015593639095144575,0.3,0.75,0,1484.4056611261753,1492.3361032670743,27.551215299402926,-5.373444705412339,-4.8768103452702105,1485.6986861367518,0.0015593639095144575,0,INFY,15m,2026-02-11 09:00:00
1475.800048828125,1476.300048828125,1473.199951171875,1473.5,267842,-0.001558509792672358,-0.011737089201877882,0.0014112453310352073,0.3,0.7,0,1483.367026733206,1491.5974325507184,27.18137987817616,-5.5803146312882745,-5.017511202473823,1485.1396421114443,0.0014112453310352073,0,INFY,15m,2026-02-11 09:15:00
1473.199951171875,1475.5,1472.4000244140625,1473.4000244140625,438176,-6.78490573040591e-05,-0.011538945024545555,0.0014143526091895395,0.3,0.7,0,1482.4177884170972,1490.883808702222,16.79393936570206,-5.686774139826639,-5.151363789944386,1484.292621774435,0.0014143526091895395,-1,INFY,15m,2026-02-11 09:30:00
1473.4000244140625,1474.0999755859375,1470.0,1470.5,1079470,-0.0019682532686368104,-0.013087248322147693,0.0014470150111941253,0.3,0.7,0,1481.2827609488022,1490.0844436550763,17.74199899587522,-5.936717022682615,-5.308434436492032,1482.3145176543703,0.0014470150111941253,-1,INFY,15m,2026-02-11 09:45:00
1470.5,1471.0,1469.0999755859375,1471.0,552857,0.0003400204012240504,-0.011491147010606162,0.0014557719817502653,0.25,0.75,0,1480.3034503822496,1489.3360340999752,20.164669004249845,-6.025000283920917,-5.451747605977809,1481.435632709449,0.0014557719817502653,-1,INFY,15m,2026-02-11 10:00:00
1419.199951171875,1419.9000244140625,1397.699951171875,1398.4000244140625,3182917,-0.014933750025689307,-0.060846189110770665,0.008262165540581252,0.2,0.75,-1,1467.2724391964816,1483.1424136761618,5.207253650759469,-14.91443702584911,-8.092132906137419,1405.3333333333333,0.008262165540581252,-1,INFY,15m,2026-02-12 04:00:00
1398.699951171875,1403.9000244140625,1395.699951171875,1402.800048828125,1577133,0.0031464704928807485,-0.05668746428739413,0.008372023425112922,0.2,0.75,-1,1461.1322115423525,1479.9917327017292,8.886577987920148,-18.14525871302544,-10.102758067515024,1403.831320378583,0.008372023425112922,-1,INFY,15m,2026-02-12 04:15:00
1403.4000244140625,1407.300048828125,1399.5999755859375,1407.300048828125,1033252,0.003207869862678736,-0.05601019403349028,0.00839781885287655,0.2,0.75,-1,1456.0053389029022,1477.141078432176,13.186783704747938,-20.110771331604838,-12.104360720332988,1403.992201326167,0.00839781885287655,-1,INFY,15m,2026-02-12 04:30:00
1407.199951171875,1409.0,1401.5,1407.0,740049,-0.00021320885220943442,-0.05348133198789107,0.008418353259339147,0.2,0.7,-1,1451.3381637692924,1474.3904479054243,13.279641992228761,-21.445455810152907,-13.972579738296973,1404.2007509511254,0.008418353259339147,-1,INFY,15m,2026-02-12 04:45:00
1407.0,1407.0999755859375,1402.0999755859375,1404.4000244140625,593851,-0.001847885988583875,-0.05459439622075901,0.008407478472845129,0.2,0.65,-1,1446.86786478308,1471.645725415567,11.553771781790601,-22.454161578718185,-15.668896106381219,1404.2284616218044,0.008407478472845129,-1,INFY,15m,2026-02-12 05:00:00
1404.5999755859375,1408.800048828125,1401.4000244140625,1407.199951171875,668546,0.0019936817923231764,-0.05117660687984049,0.008472024406150755,0.25,0.65,-1,1443.0899682486795,1469.1184401511086,14.131419179552537,-22.765214259122104,-17.0881597369294,1404.3632339537512,0.008472024406150755,-1,INFY,15m,2026-02-12 05:15:00
1407.199951171875,1407.5,1403.0,1405.800048828125,680489,-0.0009948140934656902,-0.05186477701234893,0.008463126559210072,0.25,0.6,-1,1439.5385473514839,1466.63536598158,14.634079775112241,-22.861156981913155,-18.24275918592615,1404.4491449461384,0.008463126559210072,-1,INFY,15m,2026-02-12 05:30:00
1405.9000244140625,1408.4000244140625,1401.199951171875,1401.800048828125,655258,-0.0028453548592023425,-0.054945053136342015,0.00843304613082282,0.3,0.6,-1,1435.9444046349736,1464.0928045245817,12.175620738343909,-22.994888095417082,-19.193184967824337,1404.4025641741387,0.00843304613082282,-1,INFY,15m,2026-02-12 05:45:00
1401.800048828125,1402.699951171875,1398.0999755859375,1398.9000244140625,530958,-0.002068786070086759,-0.055435500058026665,0.008429842676425901,0.25,0.6,-1,1432.4163684234582,1461.5362249124046,12.04339584671429,-23.068954156458858,-19.96833880555124,1404.155144485715,0.008429842676425901,-1,INFY,15m,2026-02-12 06:00:00
1398.9000244140625,1401.5999755859375,1397.199951171875,1398.0999755859375,445372,-0.000571912798743468,-0.055337854333825987,0.008431253106264,0.25,0.65,-1,1429.1481405341704,1459.0485288603863,12.224408943185892,-22.927910616140025,-20.560253167669,1403.9265278208034,0.008431253106264,-1,INFY,15m,2026-02-12 06:15:00
1397.9000244140625,1400.9000244140625,1396.5,1399.300048828125,512676,0.0008583601052454259,-0.05554800763631551,0.008425992013214824,0.25,0.65,-1,1426.3054651335945,1456.7054512120624,13.280496701440768,-22.460387348808126,-20.940280003896827,1403.683886945335,0.008425992013214824,-1,INFY,15m,2026-02-12 06:30:00
1399.300048828125,1402.699951171875,1398.4000244140625,1402.0999755859375,403174,0.0020009480884084496,-0.05282717737130005,0.008485273544818228,0.25,0.65,-1,1424.00018041477,1454.564060011038,16.07139180844635,-21.614779379776337,-21.075179879072728,1403.588165533854,0.008485273544818228,-1,INFY,15m,2026-02-12 06:45:00
1402.0999755859375,1403.5999755859375,1400.0,1400.4000244140625,340962,-0.0012124322098818752,-0.050833671383315404,0.008489974401312342,0.3,0.6,-1,1421.7525465099407,1452.4399801837058,15.392127412836302,-20.841552382082682,-21.02845437967472,1403.5205160262844,0.008489974401312342,-1,INFY,15m,2026-02-12 07:00:00
1400.4000244140625,1400.699951171875,1398.5999755859375,1399.699951171875,252138,-0.0004999094758516565,-0.05272064543935273,0.008451431965219951,0.3,0.65,-1,1419.6522993348867,1450.3717437518692,30.604237011866772,-20.054083484325474,-20.83358020060487,1403.4368687033952,0.008451431965219951,-1,INFY,15m,2026-02-12 07:15:00
1399.5999755859375,1400.0,1397.699951171875,1398.0,260262,-0.001214511131797713,-0.05271720168995997,0.008451464828787164,0.3,0.65,-1,1417.590175588707,1448.317949879247,49.37102934684555,-19.344192749260174,-20.535702710335933,1403.3301474093116,0.008451464828787164,-1,INFY,15m,2026-02-12 07:30:00
1398.0,1400.0999755859375,1396.199951171875,1399.9000244140625,371913,0.0013591018698586588,-0.0499490842116983,0.008496712085813065,0.35,0.7,-1,1415.9053992863599,1446.4192077041419,45.05114050619727,-18.41599500927782,-20.11176117012431,1403.1905745506822,0.008496712085813065,-1,INFY,15m,2026-02-12 07:45:00
1399.800048828125,1400.9000244140625,1396.5999755859375,1397.5,449328,-0.0017144255819747656,-0.05151352189249914,0.008479623551312016,0.4,0.65,-1,1414.1525041162304,1444.5008074020186,31.985172020716078,-17.670360607743532,-19.623481057648156,1403.018701287102,0.008479623551312016,-1,INFY,15m,2026-02-12 08:00:00
1397.800048828125,1398.5,1389.199951171875,1389.199951171875,1167857,-0.00593921204159209,-0.05528735044415167,0.008510337506377768,0.4,0.65,-1,1411.7760705024823,1442.3321463733855,24.715804659485784,-17.546914637186774,-19.208167773555882,1402.1159300141242,0.008510337506377768,0,INFY,15m,2026-02-12 08:15:00
1389.199951171875,1390.5,1386.5,1388.4000244140625,646977,-0.0005758183025688091,-0.056152260765423234,0.008494976654555111,0.4,0.65,-1,1409.5497803988233,1440.2171611985102,26.0478341593205,-17.314044690653873,-18.82934315697548,1401.5074627062418,0.008494976654555111,0,INFY,15m,2026-02-12 08:30:00
1388.4000244140625,1388.9000244140625,1385.5999755859375,1387.699951171875,724490,-0.0005042302145471522,-0.022471136209266107,0.0038895765332455532,0.4,0.65,-1,1407.468844281971,1438.1576627660932,18.849888849888842,-16.990131974762107,-18.461500920532806,1400.836705755911,0.0038895765332455532,-1,INFY,15m,2026-02-12 08:45:00
1387.800048828125,1393.699951171875,1387.0999755859375,1393.5999755859375,950823,0.004251657146114418,-0.003432529136386586,0.002377572073815098,0.45,0.6,0,1406.1479996442538,1436.4103024845183,32.96087290086096,-16.072077250081065,-17.98361618644246,1400.2863569957185,0.002377572073815098,-1,INFY,15m,2026-02-12 09:00:00
1393.0,1395.0,1390.0,1390.300048828125,1306694,-0.002367915338420623,-0.008910749618552094,0.0022909910379918887,0.5,0.55,0,1404.6386709950987,1434.6020572430912,33.61827919593796,-15.432888050454721,-17.473470559244912,1399.6500305456368,0.0022909910379918887,-1,INFY,15m,2026-02-12 09:15:00
1390.5,1390.800048828125,1387.4000244140625,1389.699951171875,1867051,-0.00043163175945781784,-0.012506286538471856,0.0021240356089555364,0.45,0.6,-1,1403.2159357738392,1432.8411903383376,35.97557117815845,-14.804096461497465,-16.939595739695424,1398.6520008988482,0.0021240356089555364,-1,INFY,15m,2026-02-12 09:30:00
1389.699951171875,1390.4000244140625,1383.0,1385.9000244140625,2799987,-0.002734350501061855,-0.014996428987873123,0.002172451223113499,0.4,0.65,-1,1401.5668013586223,1431.0003603020916,32.96098529020642,-14.44587388716559,-16.44085136918946,1397.1082854216925,0.002172451223113499,-1,INFY,15m,2026-02-12 09:45:00
1385.9000244140625,1386.0999755859375,1380.5,1384.0,1697563,-0.0013709678768970557,-0.01452579326362069,0.0021623945280230287,0.4,0.7,-1,1399.8937726578013,1429.157208917696,29.041029002568493,-14.152158730766132,-15.983112841504795,1396.142458907099,0.0021623945280230287,-1,INFY,15m,2026-02-12 10:00:00
1313.800048828125,1317.300048828125,1303.0,1303.0,2864929,-0.008295931358189401,-0.073125654614836,0.011357968418890196,0.35,0.7,-1,1383.2559021705229,1419.8672283752273,6.902690621229198,-24.07631872511547,-18.140901195710263,1307.7666829427083,0.011357968418890196,-1,INFY,15m,2026-02-13 04:00:00
1303.0,1310.800048828125,1296.800048828125,1302.0,2900944,-0.0007674597083653367,-0.07119421126540526,0.011375940922922548,0.3,0.7,-1,1375.5172448209494,1415.2449841252185,6.884417887548821,-27.582492889767536,-20.02921953452172,1305.4690955607487,0.011375940922922548,-1,INFY,15m,2026-02-13 04:15:00
1301.699951171875,1303.9000244140625,1296.199951171875,1301.5999755859375,1679011,-0.00030723841325841494,-0.06955468377297347,0.011395406120925388,0.3,0.7,-1,1368.4775048938054,1410.788317123678,6.964321720317599,-30.047075816588176,-22.03279079093501,1304.3634692853716,0.011395406120925388,-1,INFY,15m,2026-02-13 04:30:00
1301.699951171875,1302.5,1298.5,1300.699951171875,1336752,-0.0006914754386480038,-0.06966599393097239,0.011393801421073737,0.3,0.65,-1,1362.0224997774312,1406.471126302039,5.3153314645232115,-31.707396857053027,-23.967712004158617,1303.785512598122,0.011393801421073737,-1,INFY,15m,2026-02-13 04:45:00
1301.0,1321.300048828125,1300.0,1320.0,2447061,0.01483820216240983,-0.05667122565638194,0.012085674932535335,0.35,0.6,-1,1358.0203569414855,1403.0801017411748,19.702927584423122,-31.10727529440942,-25.39562466220878,1305.9607011070466,0.012085674932535335,-1,INFY,15m,2026-02-13 05:00:00
1320.5,1330.0,1318.9000244140625,1329.4000244140625,1599718,0.007121230616714103,-0.05185076131357447,0.012246808340921412,0.35,0.6,-1,1355.294610986493,1400.1906869440331,26.82175574794492,-29.532736221764253,-26.223046974119875,1308.4720967068547,0.012246808340921412,0,INFY,15m,2026-02-13 05:15:00
1329.5999755859375,1330.4000244140625,1317.9000244140625,1319.300048828125,1415666,-0.007597393862234236,-0.05791200669242369,0.01229227162824156,0.35,0.65,-1,1351.8665574476008,1397.0185050571347,25.018116341778793,-28.76826364780959,-26.732090308857817,1309.8695937228392,0.01229227162824156,0,INFY,15m,2026-02-13 05:30:00
1319.0999755859375,1335.5,1318.800048828125,1330.5999755859375,1300635,0.008565092351698,-0.04936770593446449,0.012550030375708867,0.4,0.6,-1,1349.8411686988711,1394.4138568425778,30.826069098835944,-26.940055779867635,-26.77368340305978,1311.4116767080086,0.012550030375708867,0,INFY,15m,2026-02-13 05:45:00
1330.5,1338.800048828125,1329.199951171875,1333.0,1376709,0.001803715961294472,-0.046494992846924155,0.012583787571045777,0.45,0.55,0,1348.2372478704071,1392.0054702997318,29.16094724531679,-25.00923506648519,-26.420793735744866,1313.2223188360206,0.012583787571045777,0,INFY,15m,2026-02-13 06:00:00
1333.300048828125,1350.0,1332.0999755859375,1347.5,2728751,0.01087771942985749,-0.037431261876000654,0.012905373044290886,0.45,0.5,0,1348.1670337875112,1390.260157738958,36.33460340424735,-22.0547831107981,-25.547591610755514,1317.3852131147921,0.012905373044290886,0,INFY,15m,2026-02-13 06:15:00
1347.699951171875,1357.0,1347.0,1356.800048828125,1984005,0.006901705994897922,-0.029123399765205726,0.013052218383783383,0.45,0.5,0,1348.989225696141,1388.9479966052,40.04842933290403,-18.746820753406155,-24.187437439285645,1320.7063626672496,0.013052218383783383,0,INFY,15m,2026-02-13 06:30:00
1356.800048828125,1373.300048828125,1356.5,1365.0,3080883,0.006043595870266483,-0.017420063361980986,0.013107492196493133,0.5,0.45,0,1350.5140613441274,1388.0088594834274,43.8420697131241,-15.287346211785234,-22.407419193785564,1326.219525498275,0.013107492196493133,0,INFY,15m,2026-02-13 06:45:00
1364.5999755859375,1371.4000244140625,1362.9000244140625,1370.199951171875,2232345,0.003809488038003739,-0.013108666754646836,0.013147961207499927,0.5,0.4,0,1352.3889079943892,1387.31047092219,46.01154658146676,-11.987905993536287,-20.32351655373571,1329.6944603557063,0.013147961207499927,0,INFY,15m,2026-02-13 07:00:00
1370.0,1372.0999755859375,1364.5999755859375,1366.800048828125,1375077,-0.002481318395057719,-0.01506082228085448,0.013154829241491828,0.55,0.35,0,1353.7613975976021,1386.5061406439913,74.88243690637097,-9.537477451178347,-18.166308733224238,1331.5461299809454,0.013154829241491828,0,INFY,15m,2026-02-13 07:15:00
1366.800048828125,1367.4000244140625,1354.5999755859375,1358.0,1665774,-0.0064384317484258435,-0.02554533310103535,0.013161326918628617,0.5,0.4,0,1354.165074016878,1385.3882527755995,76.3915670695848,-8.210935024495711,-16.175233991478535,1333.126672395781,0.013161326918628617,0,INFY,15m,2026-02-13 07:30:00
1357.699951171875,1360.9000244140625,1353.800048828125,1360.0999755859375,971672,0.0015463737746226336,-0.021721982436555987,0.01317228035352896,0.45,0.45,0,1354.7303027377407,1384.396555630907,77.5878518508214,-6.910529828364815,-14.322293158855793,1333.915687188454,0.01317228035352896,0,INFY,15m,2026-02-13 07:45:00
1360.0999755859375,1361.300048828125,1352.0999755859375,1352.300048828125,898993,-0.00573481868820136,-0.02691221390071452,0.013213275151472945,0.5,0.45,0,1354.498849984444,1383.1378690896215,72.49341176750931,-6.435157751354154,-12.744866077355466,1334.5172277805736,0.013213275151472945,1,INFY,15m,2026-02-13 08:00:00
1352.800048828125,1356.0,1350.5999755859375,1350.699951171875,999692,-0.0011832415872768953,-0.025398710312505846,0.013208829349092961,0.5,0.45,0,1354.1370500975327,1381.8657938771607,72.04587436435114,-6.117023227683603,-11.419297507421096,1335.0623074163266,0.013208829349092961,1,INFY,15m,2026-02-13 08:15:00
1350.5,1369.800048828125,1349.800048828125,1368.9000244140625,1630036,0.01347454941891213,-0.010910386984058884,0.013609789325172083,0.55,0.45,0,1355.5430476514878,1381.3573323295884,71.77206425054975,-4.346205171554402,-10.004679040247757,1336.374850365684,0.013609789325172083,1,INFY,15m,2026-02-13 08:30:00
1368.9000244140625,1371.699951171875,1365.800048828125,1369.5999755859375,719340,0.0005113238069920367,0.04239283821972273,0.0067673022166367695,0.6,0.4,1,1356.8818026928639,1380.896259516112,69.40154826850794,-2.8534461432518583,-8.574432460848577,1337.0421007620344,0.0067673022166367695,1,INFY,15m,2026-02-13 08:45:00
1369.4000244140625,1377.0,1368.300048828125,1368.5,941683,-0.0008031363942357927,0.05026861089792778,0.006356431266873453,0.65,0.4,1,1357.9882976744957,1380.410131691951,76.00424278867867,-1.73913502943401,-7.207372974565664,1337.9336359232802,0.006356431266873453,1,INFY,15m,2026-02-13 09:00:00
1369.0,1373.0,1367.4000244140625,1368.800048828125,777792,0.00021925380206422318,0.05130572106614828,0.006333733632035582,0.65,0.4,1,1359.0179882605555,1379.954834324742,72.84694042937807,-0.8223445348326095,-5.930367286619053,1338.60342376893,0.006333733632035582,1,INFY,15m,2026-02-13 09:15:00
1368.800048828125,1371.699951171875,1367.0,1371.699951171875,920103,0.0021185726477965794,0.053856773894284116,0.006299803047546859,0.65,0.4,1,1360.2257942521098,1379.6311134167865,73.00833447033584,0.13664130499546445,-4.71696556829615,1339.3699388625582,0.006299803047546859,1,INFY,15m,2026-02-13 09:30:00
1371.699951171875,1372.199951171875,1367.199951171875,1368.300048828125,1505871,-0.002478604989994637,0.051972092099600076,0.006361986608628058,0.7,0.4,1,1360.9947708783968,1379.1867579427214,64.24665643279255,0.6152090403450075,-3.650530646567918,1340.5126697877333,0.006361986608628058,1,INFY,15m,2026-02-13 09:45:00
1368.5999755859375,1370.9000244140625,1366.5,1369.0999755859375,961388,0.0005846135564326893,0.03719695120146782,0.005674919465951056,0.65,0.45,1,1361.7666951362578,1378.7911978502984,59.534881080129686,1.046956163645973,-2.71103328452514,1341.1880328262175,0.005674919465951056,0,INFY,15m,2026-02-13 10:00:00
1357.699951171875,1358.0,1347.0,1353.5,1222753,-0.0032403154392468547,0.025922799898516757,0.005690392858063104,0.6,0.5,1,1360.646208326357,1377.0122523764492,37.48124098652279,-0.32094018053248874,-1.7224741291403347,1352.8333333333333,0.005690392858063104,0,INFY,15m,2026-02-16 04:00:00
1354.0,1355.9000244140625,1345.0999755859375,1346.300048828125,772759,-0.005319505852881434,0.011799243597065301,0.0056031517019214435,0.55,0.55,0,1359.2799074217635,1375.8078522372994,35.46094255922594,-1.5190336629043486,-1.6817860358931376,1351.3876119566262,0.0056031517019214435,0,INFY,15m,2026-02-16 04:15:00
1346.4000244140625,1356.0,1344.5999755859375,1354.5,599528,0.006090730798838262,0.016129032258064502,0.0057320788970143316,0.55,0.6,0,1358.8246781435003,1374.9722501887777,47.496411220045474,-1.7862728087393407,-1.7026833904623784,1351.4597805936787,0.0057320788970143316,0,INFY,15m,2026-02-16 04:30:00
1354.9000244140625,1356.9000244140625,1348.0999755859375,1352.5999755859375,766251,-0.0014027496596991096,0.003784768523886761,0.0052335938225355335,0.55,0.6,0,1358.2318493284943,1374.0949060867056,44.61977652457178,-2.1268607217405133,-1.7875188567180054,1351.7045093673987,0.0052335938225355335,0,INFY,15m,2026-02-16 04:45:00
1352.0999755859375,1353.5,1344.0999755859375,1345.800048828125,699273,-0.005027300665791268,-0.008107311028991204,0.00510810058788694,0.5,0.65,0,1357.0478683284591,1372.9853038412712,45.269266579955506,-2.9119096744673243,-2.012397020267869,1351.0321120629428,0.00510810058788694,0,INFY,15m,2026-02-16 05:00:00
1346.199951171875,1349.5,1345.0999755859375,1346.4000244140625,320009,0.00044581331859805395,-0.01362635574061355,0.004885265831492239,0.45,0.65,0,1356.0337879556594,1371.9427438637335,46.824259144060086,-3.4459310616348375,-2.299103828541263,1350.7375587820934,0.004885265831492239,0,INFY,15m,2026-02-16 05:15:00
1346.4000244140625,1346.4000244140625,1341.0,1342.699951171875,442079,-0.0027481232732432526,-0.020070063479772027,0.004787564934851843,0.45,0.7,0,1354.763898738156,1370.795967679739,25.375678906682026,-4.120216554528724,-2.663326373738755,1350.061889002656,0.004787564934851843,0,INFY,15m,2026-02-16 05:30:00
1343.0,1344.9000244140625,1341.5,1341.5999755859375,278310,-0.0008192266522222269,-0.018437278564478854,0.004774950063926468,0.4,0.7,0,1353.5101917712782,1369.6510268133154,23.880406661079334,-4.689296214739443,-3.0685203419388927,1349.6584034780963,0.004774950063926468,0,INFY,15m,2026-02-16 05:45:00
1341.5,1344.0999755859375,1339.199951171875,1341.5,430878,-7.451966887062067e-05,-0.012150220913107468,0.004596508314969457,0.4,0.7,0,1352.3663639835374,1368.547064977499,24.334410159295984,-5.0896923346974745,-3.4727547404906094,1349.030728185008,0.004596508314969457,0,INFY,15m,2026-02-16 06:00:00
1341.5,1343.0999755859375,1338.5,1340.5999755859375,721898,-0.0006709089929649581,-0.014337181346981032,0.004568643449720506,0.4,0.7,0,1351.2457555647186,1367.451100687634,23.495964993999692,-5.4171876259893,-3.8616413175903475,1348.0729195114952,0.004568643449720506,0,INFY,15m,2026-02-16 06:15:00
1340.5999755859375,1346.5999755859375,1340.199951171875,1345.800048828125,334875,0.0038789149163713788,-0.00480662557516931,0.004517814698224993,0.4,0.65,0,1350.7271168279,1366.6020398303983,26.666652003501554,-5.1972172665020935,-4.128756507372697,1347.8760728236368,0.004517814698224993,0,INFY,15m,2026-02-16 06:30:00
1345.800048828125,1348.5,1343.4000244140625,1346.800048828125,457144,0.0007430524325442445,-0.0028873195267138385,0.004516983571188946,0.45,0.6,0,1350.353110351731,1365.8254911636427,29.75512305916864,-4.885876189792725,-4.280180443856703,1347.7694899056032,0.004516983571188946,0,INFY,15m,2026-02-16 06:45:00
1346.800048828125,1349.800048828125,1344.300048828125,1348.0,1187866,0.0008909646037800201,-0.015267750778957367,0.0032083568081703756,0.45,0.55,0,1350.129004603947,1365.1264522944803,30.280351654569884,-4.490545894446086,-4.32225353397458,1347.7113792340278,0.0032083568081703756,0,INFY,15m,2026-02-16 07:00:00
1348.199951171875,1349.5,1343.5999755859375,1343.5999755859375,851423,-0.003264113066811958,-0.01898364519820961,0.003240275342247454,0.4,0.6,0,1349.5071923165174,1364.2822767372827,34.68943920787524,-4.4806389679376935,-4.353930620767203,1347.5103817414408,0.003240275342247454,0,INFY,15m,2026-02-16 07:15:00
1344.0,1347.5,1343.5999755859375,1347.0999755859375,147506,0.0026049419943414698,-0.015637577211591203,0.003336741703622581,0.35,0.6,0,1349.2779335802716,1363.6084610058574,43.01306261044316,-4.142613438987382,-4.311667184411239,1347.4873156339731,0.003336741703622581,0,INFY,15m,2026-02-16 07:30:00
1347.300048828125,1349.0,1345.699951171875,1346.699951171875,170680,-0.00029695228365544946,-0.016145599698926483,0.003330576299221576,0.4,0.55,0,1349.0324114461384,1362.9453821888385,50.51269531250001,-3.8624801323676365,-4.221829774002519,1347.4808898374956,0.003330576299221576,0,INFY,15m,2026-02-16 07:45:00
1347.0,1348.5,1344.800048828125,1345.5999755859375,244755,-0.0008167933658721482,-0.0190274670226821,0.0032587124115694963,0.4,0.55,0,1348.7055127927858,1362.2651701651953,36.050129149526455,-3.686732943069501,-4.114810407815916,1347.4509326349876,0.0032587124115694963,0,INFY,15m,2026-02-16 08:00:00
1345.5999755859375,1347.0,1345.0,1345.699951171875,216472,7.429814785342437e-05,-0.016516916502053558,0.003245866163392153,0.35,0.55,0,1348.4192688288895,1361.6155537340849,38.538156128461864,-3.4990499651905793,-3.9916583192908486,1347.4168976197204,0.003245866163392153,0,INFY,15m,2026-02-16 08:15:00
1345.5999755859375,1346.300048828125,1342.0,1344.699951171875,337237,-0.0007431077032655775,-0.017821944963237635,0.003229001119684471,0.35,0.55,0,1348.06504809965,1360.9521967708608,47.73642912400912,-3.3919017635455475,-3.871707008141789,1347.314964375557,0.003229001119684471,0,INFY,15m,2026-02-16 08:30:00
1344.699951171875,1345.9000244140625,1342.4000244140625,1344.0999755859375,366715,-0.00044617803801849654,-0.010162787083003222,0.0027358740311667663,0.3,0.5,0,1347.6874221459632,1360.2913253518443,45.26739875217264,-3.317160891464937,-3.7607977848064187,1347.2045647285981,0.0027358740311667663,0,INFY,15m,2026-02-16 08:45:00
1344.0999755859375,1360.0,1343.4000244140625,1359.699951171875,910829,0.011606261341636337,0.0045806805850572285,0.0037728655425290575,0.35,0.45,0,1348.8314725293835,1360.2681342075318,73.48069465520149,-1.976358327948219,-3.403909893434779,1347.772846490614,0.0037728655425290575,0,INFY,15m,2026-02-16 09:00:00
1360.0,1361.9000244140625,1357.199951171875,1360.0,551371,0.00022067282407878253,0.010176001392705913,0.0035397421737381573,0.4,0.4,0,1349.8951418122992,1360.2576191405697,75.98871712465991,-0.8794138679299977,-2.899010688333823,1348.3194755912104,0.0035397421737381573,0,INFY,15m,2026-02-16 09:15:00
1360.0,1364.0,1355.9000244140625,1363.300048828125,723183,0.0024265064912682988,0.0064968983596345176,0.003324071452835773,0.4,0.4,0,1351.1717996233303,1360.376930108709,78.23833377607428,0.253289121141961,-2.268550726438666,1349.042285567548,0.003324071452835773,0,INFY,15m,2026-02-16 09:30:00
1363.300048828125,1369.0,1362.800048828125,1365.0,460532,0.0012469383928623845,0.00916754741821646,0.0033041584341221225,0.4,0.4,0,1352.4887710877751,1360.558226967191,80.96447880036558,1.2734566377309875,-1.5601492536047354,1349.619338444755,0.0033041584341221225,0,INFY,15m,2026-02-16 09:45:00
1365.800048828125,1370.0,1365.0,1370.0,406903,0.00366300366300365,0.017981832585715507,0.003110063701650587,0.45,0.35,0,1354.1565071746536,1360.9284925763209,80.86732310681788,2.4570812545712215,-0.7567031519695442,1350.1783761543584,0.003110063701650587,0,INFY,15m,2026-02-16 10:00:00
1386.800048828125,1404.800048828125,1375.5999755859375,1402.9000244140625,2448468,0.011536520093984093,0.04483509006583808,0.00447287234431803,0.55,0.3,0,1361.6201837713718,1363.5529856049823,89.27039001363904,7.688165869656359,1.806074620402343,1394.433349609375,0.00447287234431803,0,INFY,15m,2026-02-17 04:00:00
1401.699951171875,1406.800048828125,1393.5,1403.800048828125,1999719,0.0006415456542874232,0.04636260761336253,0.004432638982646255,0.6,0.3,0,1365.6373137767769,1365.1313018098115,95.33136378594317,10.009922083280344,3.4468441129779435,1397.550293871725,0.004432638982646255,0,INFY,15m,2026-02-17 04:15:00
1403.9000244140625,1410.800048828125,1399.800048828125,1403.800048828125,1804030,0.0,0.04644058801947448,0.0044305884117822655,0.65,0.25,0,1369.2718599721434,1366.6477232615102,95.07158285737574,11.714888665654826,5.10045302351332,1399.6421559158598,0.0044305884117822655,0,INFY,15m,2026-02-17 04:30:00
1403.800048828125,1407.0999755859375,1398.0,1406.300048828125,847744,0.0017808804053589533,0.049007962433739394,0.004378206590600036,0.65,0.25,0,1372.7983541489036,1368.2027164209853,95.84622896634616,13.116615889274271,6.703685596665511,1400.1386085406311,0.004378206590600036,0,INFY,15m,2026-02-17 04:45:00
1406.300048828125,1407.800048828125,1402.699951171875,1407.300048828125,468945,0.0007110858033698708,0.04569772460147559,0.004379347394225122,0.65,0.25,0,1376.084229832639,1369.735945142834,97.53470726647244,14.145130199639198,8.191974517260249,1400.4976320045878,0.004379347394225122,0,INFY,15m,2026-02-17 05:00:00
1407.0,1407.4000244140625,1403.199951171875,1404.4000244140625,626837,-0.002060700855142761,0.042768023090032026,0.004473838826856476,0.6,0.25,0,1378.7809721737272,1371.0953208005294,93.35303525610396,14.55840721091613,9.465261055991427,1400.8419877081694,0.004473838826856476,0,INFY,15m,2026-02-17 05:15:00
1404.4000244140625,1406.699951171875,1400.199951171875,1405.9000244140625,580501,0.0010680717558559927,0.04295254036651519,0.004471482788984777,0.55,0.3,0,1381.3637390537592,1372.4602111383151,94.86804070199304,14.835950086293451,10.539398862051833,1401.0685100550525,0.004471482788984777,0,INFY,15m,2026-02-17 05:30:00
1406.0999755859375,1406.300048828125,1402.5999755859375,1405.0,574944,-0.0006401766828602051,0.045698143442795436,0.004341985184302803,0.55,0.25,0,1383.6148115248297,1373.7362812897536,94.45249334851636,14.812530732418281,11.394025236125124,1401.2876884561085,0.004341985184302803,0,INFY,15m,2026-02-17 05:45:00
1405.0999755859375,1422.5,1404.5999755859375,1419.4000244140625,1278021,0.01024912769684172,0.05367088570889278,0.004697194356071051,0.6,0.25,0,1387.02292703809,1375.5270163142363,94.35358220135927,15.774098363040594,12.270039861508218,1402.9965298771058,0.004697194356071051,0,INFY,15m,2026-02-17 06:00:00
1419.199951171875,1427.699951171875,1417.199951171875,1427.0999755859375,1999945,0.005424792898008901,0.0597015128307532,0.004683906859346698,0.6,0.25,0,1390.8397888045517,1377.5494853052835,94.91292489659985,16.961942630224257,13.208420415251428,1406.322619944339,0.004683906859346698,0,INFY,15m,2026-02-17 06:15:00
1426.800048828125,1428.0,1421.5,1424.4000244140625,761351,-0.0018919145246053537,0.05856127397283273,0.004734869136923543,0.65,0.2,0,1394.0360017197434,1379.386761348765,91.2280672853102,17.48391063632721,14.063518459466586,1407.3637222885238,0.004734869136923543,0,INFY,15m,2026-02-17 06:30:00
1424.4000244140625,1430.300048828125,1423.5,1429.0999755859375,879123,0.0032996005976679843,0.06197520059463124,0.004689700999709948,0.7,0.2,0,1397.375427802238,1381.3362991619877,91.56938773248385,18.068537963807103,14.86452236033469,1408.612492643635,0.004689700999709948,0,INFY,15m,2026-02-17 06:45:00
1428.800048828125,1431.0,1424.300048828125,1424.4000244140625,860500,-0.003288749039372152,0.05926978220883461,0.004829706560777178,0.75,0.15,0,1399.9491989081262,1383.025072701285,85.41671633725134,17.94574517289334,15.48076692284642,1409.63360679119,0.004829706560777178,0,INFY,15m,2026-02-17 07:00:00
1424.300048828125,1424.699951171875,1420.0999755859375,1424.300048828125,577013,-7.01878575006809e-05,0.05966823502636087,0.004816734426470834,0.75,0.2,0,1402.2683274719357,1384.643699216063,81.16675042063481,17.63705481791021,15.912024501859179,1410.1258549804384,0.004816734426470834,0,INFY,15m,2026-02-17 07:15:00
1424.199951171875,1424.300048828125,1416.0,1416.199951171875,647348,-0.005687072511802893,0.04155328530482394,0.004725360160486485,0.7,0.25,0,1403.5951487766918,1385.8811992927615,62.763851238159056,16.548049686095055,16.039229538706355,1410.4705168464736,0.004725360160486485,0,INFY,15m,2026-02-17 07:30:00
1417.0999755859375,1422.4000244140625,1414.0999755859375,1414.4000244140625,907561,-0.0012709552463429086,0.04000001795151653,0.00476730912981615,0.65,0.3,0,1404.6241845516795,1386.999584591636,60.0,15.362674873524838,15.903918605670054,1410.8120556331596,0.00476730912981615,0,INFY,15m,2026-02-17 07:45:00
1414.199951171875,1418.0,1410.0,1410.0,847285,-0.0031108769358833,0.03425507921900084,0.00489861583295434,0.6,0.3,0,1405.136166975329,1387.9015616664738,55.400663519203775,13.907890097044174,15.50471290394488,1410.898827682466,0.00489861583295434,0,INFY,15m,2026-02-17 08:00:00
1410.5999755859375,1411.800048828125,1405.0,1405.5999755859375,645359,-0.003120584690824435,0.02974357185782961,0.005015678968522711,0.55,0.35,0,1405.1803392239583,1388.595617114296,49.40971829101352,12.258607881904481,14.8554918995368,1410.7807254756772,0.005015678968522711,0,INFY,15m,2026-02-17 08:15:00
1405.5999755859375,1407.0,1400.4000244140625,1404.5999755859375,684969,-0.0007114399668249893,0.02525545663207107,0.005010779513713413,0.5,0.4,0,1405.1250664965278,1389.2232390151446,47.723375567380636,10.746963891331461,14.033786297895734,1410.5418022624326,0.005010779513713413,0,INFY,15m,2026-02-17 08:30:00
1404.5999755859375,1406.5999755859375,1396.199951171875,1398.5999755859375,657568,-0.0042716788440047004,0.008436045112060642,0.0044199171255984385,0.45,0.45,0,1404.5036292669477,1389.5909541747835,45.35251770413553,8.961522429870229,13.019333524290634,1410.212149477497,0.0044199171255984385,0,INFY,15m,2026-02-17 08:45:00
1398.5999755859375,1400.4000244140625,1391.0,1393.300048828125,668299,-0.0037894514874362573,-0.006842950615776777,0.0036552983159931053,0.4,0.5,0,1403.4366216061076,1389.7364088670715,40.483377557812986,7.037760490154824,11.823018917463473,1409.7193579201532,0.0036552983159931053,0,INFY,15m,2026-02-17 09:00:00
1393.300048828125,1398.300048828125,1388.0999755859375,1393.0999755859375,959607,-0.00014359666631447165,-0.007622220309167149,0.0036484462732417184,0.35,0.55,0,1402.4521791279963,1389.868313444282,40.91599496808461,5.434376939831282,10.545290521937035,1408.98821968173,0.0036484462732417184,0,INFY,15m,2026-02-17 09:15:00
1393.0999755859375,1394.5999755859375,1388.699951171875,1390.0,935222,-0.0022252355468125318,-0.009830494620402086,0.003670235221220408,0.3,0.55,0,1401.2662573062823,1389.8734776229376,22.878120741883535,3.86894303525969,9.210021024601566,1408.2499489676713,0.003670235221220408,0,INFY,15m,2026-02-17 09:30:00
1389.9000244140625,1393.5,1388.300048828125,1389.5999755859375,1161240,-0.0002877873482464155,-0.011875184997756194,0.0036318942808064914,0.3,0.55,0,1400.1551828567256,1389.8627520528592,10.02123871693162,2.566462182006262,7.881309256082506,1407.3830613465245,0.0036318942808064914,0,INFY,15m,2026-02-17 09:45:00
1389.300048828125,1391.9000244140625,1389.300048828125,1391.199951171875,643115,0.0011513929289346247,-0.01144041575899657,0.0036415235205201637,0.25,0.55,0,1399.3023036486447,1389.9151912339971,13.755320595000427,1.6443859228425026,6.633924589434506,1406.9471351278821,0.0036415235205201637,0,INFY,15m,2026-02-17 10:00:00
1378.9000244140625,1378.9000244140625,1363.4000244140625,1365.0,1618561,-0.010080516475419632,-0.029091701901853506,0.0045298935791992755,0.3,0.6,0,1394.2773980609866,1388.5230974799713,2.5558725398239943,-2.5353371191545193,3.7261693252534087,1369.100016276042,0.0045298935791992755,0,INFY,15m,2026-02-18 04:00:00
1365.300048828125,1368.0,1356.199951171875,1360.0,1306561,-0.00366300366300365,-0.03202846975088969,0.004551291400360038,0.3,0.65,0,1391.0128839599402,1387.4045446376194,2.3703342013888857,-4.830593453631991,2.014816769476329,1365.6606512747587,0.004551291400360038,0,INFY,15m,2026-02-18 04:15:00
1360.0,1361.0999755859375,1348.5,1350.300048828125,1223154,-0.007132317038143432,-0.04868252388149874,0.003756379076057885,0.25,0.7,0,1387.1354710902435,1385.9494663705805,2.3154543816445425,-7.347606989185806,0.14233201774390203,1362.016011888355,0.003756379076057885,0,INFY,15m,2026-02-18 04:30:00
1350.0,1355.5999755859375,1345.300048828125,1354.0,908729,0.0027400955625278556,-0.05122274321105236,0.0034979001774143323,0.2,0.75,0,1383.9797119387918,1384.6965461207537,7.464698408441095,-8.940739927954837,-1.674282371395846,1360.150276397611,0.0034979001774143323,0,INFY,15m,2026-02-18 04:45:00
1354.300048828125,1360.300048828125,1352.199951171875,1359.0,957011,0.0036927621861151394,-0.045914085434648366,0.003771288552886905,0.2,0.75,0,1381.600691754145,1383.6888384297438,14.385401997456299,-9.688171832370017,-3.2770602635906805,1359.675494266632,0.003771288552886905,0,INFY,15m,2026-02-18 05:00:00
1359.5999755859375,1361.9000244140625,1355.0999755859375,1361.5,655671,0.0018395879323032105,-0.04730248180028218,0.003669113085389314,0.2,0.75,0,1379.6863401585122,1382.8186879030873,18.364358884095964,-9.96392991323819,-4.614434193520182,1359.6582421075284,0.003669113085389314,0,INFY,15m,2026-02-18 05:15:00
1361.5,1365.9000244140625,1361.199951171875,1365.300048828125,1009257,0.0027910751583730686,-0.04149113631913104,0.0038406364020912255,0.2,0.75,0,1378.3162171746658,1382.1316824491673,22.89655660115268,-9.763292834600861,-5.644205921736319,1360.2464122203246,0.0038406364020912255,0,INFY,15m,2026-02-18 05:30:00
1365.300048828125,1365.9000244140625,1364.5999755859375,1365.300048828125,1000292,0.0,-0.041423855913326424,0.0038426295041023304,0.2,0.7,0,1377.0765820940428,1381.4716183855971,24.96241512426414,-9.494835945815339,-6.414331926552124,1360.82500423481,0.0038426295041023304,0,INFY,15m,2026-02-18 05:45:00
1365.300048828125,1371.0,1361.199951171875,1371.0,905513,0.004174870700962341,-0.031916362611418725,0.003988888617668058,0.25,0.7,0,1376.4978599898482,1381.0609666842013,33.33327251096627,-8.721606256322957,-6.8757867925062905,1361.4776626475473,0.003988888617668058,0,INFY,15m,2026-02-18 06:00:00
1370.5,1371.5,1360.300048828125,1363.0,505384,-0.005835156819839482,-0.03634051437135388,0.004097380014810597,0.3,0.7,0,1375.2123495146245,1380.3526934808995,29.85271455908331,-8.654584633429522,-7.231546360690937,1361.6507474720502,0.004097380014810597,0,INFY,15m,2026-02-18 06:15:00
1363.699951171875,1370.9000244140625,1362.199951171875,1369.9000244140625,618534,0.005062380347808038,-0.028439698997118845,0.004363053215505741,0.3,0.65,0,1374.7064137907614,1379.9427848900432,37.197447871230395,-7.953017771824989,-7.3758406429177485,1361.998227747898,0.004363053215505741,0,INFY,15m,2026-02-18 06:30:00
1369.800048828125,1375.199951171875,1369.0,1369.199951171875,656271,-0.0005110396596181843,-0.025896432161567784,0.00434891011725661,0.35,0.6,0,1374.1819887794388,1379.5214972932522,37.0558100410671,-7.368570742630482,-7.374386662860296,1362.5257346744356,0.00434891011725661,0,INFY,15m,2026-02-18 06:45:00
1369.199951171875,1370.5,1367.0,1369.199951171875,270105,0.0,-0.025202922561133545,0.0043568972627585885,0.35,0.6,0,1373.70750900729,1379.1167307786884,35.75128632463766,-6.826698332376964,-7.26484899676363,1362.6737114837626,0.0043568972627585885,0,INFY,15m,2026-02-18 07:00:00
1369.199951171875,1371.800048828125,1368.0,1368.300048828125,218699,-0.0006572468418362121,-0.021664469674481768,0.004300275333667934,0.4,0.55,0,1373.1925127997504,1378.6925471727839,41.9452983398048,-6.396144370769207,-7.091108071564745,1362.7971956733675,0.004300275333667934,0,INFY,15m,2026-02-18 07:15:00
1368.300048828125,1370.0,1365.199951171875,1369.5,379665,0.000876964941207703,-0.01708178281350292,0.004272360358128136,0.4,0.55,0,1372.8408449140597,1378.3320551267925,54.23729982482517,-5.890202633624995,-6.8509269839767954,1362.96590623987,0.004272360358128136,0,INFY,15m,2026-02-18 07:30:00
1369.0999755859375,1370.699951171875,1368.199951171875,1370.4000244140625,326834,0.0006571919781397373,-0.0162945600241845,0.004283091607839304,0.45,0.5,0,1372.6083858188217,1378.0209950988424,60.61229624794784,-5.354887899029791,-6.551719166987395,1363.1428703406373,0.004283091607839304,0,INFY,15m,2026-02-18 07:45:00
1370.4000244140625,1373.800048828125,1367.699951171875,1369.800048828125,504897,-0.0004378105481966932,-0.01453233897257189,0.004270689143141647,0.5,0.55,0,1372.340925153041,1377.6986050490102,74.43615003365355,-4.922318704717554,-6.225839074533427,1363.4246079779548,0.004270689143141647,0,INFY,15m,2026-02-18 08:00:00
1369.5,1370.800048828125,1367.4000244140625,1370.0,216404,0.00014597106493474676,-0.014104761032161739,0.004274115567034507,0.5,0.55,0,1372.1179799003708,1377.396698968657,71.97808094222437,-4.511365895409199,-5.8829444387085825,1363.5219689634819,0.004274115567034507,0,INFY,15m,2026-02-18 08:15:00
1370.0,1371.300048828125,1366.4000244140625,1369.5,320326,-0.00036496350364967345,-0.015598010302973364,0.004252917839733428,0.55,0.6,0,1371.8686484812877,1377.087024499298,66.4577306332369,-4.1778687838950646,-5.541929307745879,1363.6525479881373,0.004252917839733428,0,INFY,15m,2026-02-18 08:30:00
1369.800048828125,1375.0,1369.5,1375.0,525113,0.004016064257028162,-0.0028283590869612185,0.0039292293654926225,0.55,0.55,0,1372.1668724354508,1377.0051804012865,69.34102833158447,-3.43022439414608,-5.11958832502592,1364.0061966128249,0.0039292293654926225,0,INFY,15m,2026-02-18 08:45:00
1374.5,1375.5,1373.0,1373.199951171875,442972,-0.0013091264204545539,0.006007290235805929,0.0031784087185917935,0.6,0.5,0,1372.265260886539,1376.8559557256233,62.005966250612204,-2.948965882550283,-4.685463836530793,1364.3069985896188,0.0031784087185917935,0,INFY,15m,2026-02-18 09:00:00
1373.800048828125,1375.4000244140625,1369.300048828125,1370.300048828125,660318,-0.0021117844792196694,0.007573565314797692,0.003094315356589787,0.6,0.5,0,1372.0780978333569,1376.5988613374861,56.98327832183093,-2.7696362854162544,-4.302298326307885,1364.6260834026014,0.003094315356589787,0,INFY,15m,2026-02-18 09:15:00
1371.0,1374.5,1370.5,1373.5999755859375,827808,0.0024081782385065864,0.0172553698550435,0.0025650763337660763,0.6,0.45,0,1372.223038571698,1376.4812579746804,53.89220462627599,-2.3343310615637165,-3.9087048733590515,1365.0508922489112,0.0025650763337660763,0,INFY,15m,2026-02-18 09:30:00
1373.0999755859375,1375.300048828125,1372.0999755859375,1372.4000244140625,1031248,-0.0008735812414113475,0.013589382875969447,0.0025528351830197025,0.65,0.4,0,1372.239894366209,1376.3212095997544,67.66939721438241,-2.0624004974804393,-3.539443998183329,1365.5466705625565,0.0025528351830197025,0,INFY,15m,2026-02-18 09:45:00
1372.4000244140625,1374.199951171875,1371.0,1372.0,574544,-0.00029147799981521505,0.009565857247976428,0.0024589417717781016,0.6,0.45,0,1372.217047283713,1376.151750399764,55.223889661538834,-1.857757125631224,-3.203106623672908,1365.7695848918677,0.0024589417717781016,1,INFY,15m,2026-02-18 10:00:00
1393.0,1398.0,1385.0999755859375,1385.199951171875,849865,-0.005599460752422791,0.014575479112324485,0.004372085585045274,0.6,0.5,0,1375.2443356431727,1377.1413870547347,66.597611256876,0.8314398744330447,-1.8838665527360807,1389.4333089192708,0.004372085585045274,0,INFY,15m,2026-02-19 04:00:00
1384.699951171875,1393.0,1382.4000244140625,1392.0,571615,0.00490907382892436,0.019556105044303163,0.004465580559134222,0.6,0.55,1,1376.8401132009658,1377.7240777584705,71.90389588118758,2.0166460894479314,-1.1037640242992786,1389.312684012314,0.004465580559134222,0,INFY,15m,2026-02-19 04:15:00
1392.0,1397.0,1390.0,1397.0,526896,0.0035919540229885083,0.018964259664478567,0.004445475937910574,0.6,0.5,1,1378.7601024199214,1378.479996277746,73.74788115939585,3.3211051343801046,-0.21879019256340193,1390.7605524138175,0.004445475937910574,0,INFY,15m,2026-02-19 04:30:00
1396.9000244140625,1401.5,1390.5,1393.800048828125,810418,-0.0022905878109341637,0.022597247856291247,0.004226009803893206,0.6,0.45,0,1380.1924782683218,1379.0807826522707,69.43529139807404,4.050003094512249,0.6349684648517282,1392.084264619572,0.004226009803893206,0,INFY,15m,2026-02-19 04:45:00
1393.800048828125,1393.800048828125,1387.0999755859375,1389.5,414668,-0.0030851260421036475,0.01430759561765882,0.004219310094480669,0.6,0.5,0,1381.078908909434,1379.4893794110053,65.41469583623068,4.231899275340766,1.3543546269495357,1391.8293425817394,0.004219310094480669,1,INFY,15m,2026-02-19 05:00:00
1389.5,1396.0,1387.5999755859375,1395.0,879175,0.003958258366318912,0.01884315640388623,0.004268799582796356,0.6,0.5,0,1382.4047271085356,1380.0976390419464,68.06359656086056,4.764930194504586,2.0364697404605456,1392.0543768613013,0.004268799582796356,1,INFY,15m,2026-02-19 05:15:00
1395.0,1401.9000244140625,1394.5,1401.4000244140625,857930,0.0045878311211917655,0.023517436744449283,0.004338194548041273,0.65,0.45,0,1384.2138030423953,1380.933026703598,71.23837202687173,5.638789070817211,2.756933606531879,1393.3144459646087,0.004338194548041273,0,INFY,15m,2026-02-19 05:30:00
1401.300048828125,1401.9000244140625,1391.199951171875,1391.699951171875,609477,-0.006921701921792978,0.01710144084536913,0.004689159819636445,0.6,0.5,1,1384.9267695309172,1381.3552590356874,60.529597029675536,5.4853816176021155,3.302623208745926,1393.493187245841,0.004689159819636445,0,INFY,15m,2026-02-19 05:45:00
1391.699951171875,1392.9000244140625,1388.699951171875,1392.199951171875,664651,0.0003592728443937432,0.01657535682502731,0.004690481773081522,0.6,0.5,1,1385.6194534967226,1381.780541080244,62.17948717948718,5.342565161463654,3.7106115992894715,1393.253906997373,0.004690481773081522,0,INFY,15m,2026-02-19 06:00:00
1392.0999755859375,1392.5999755859375,1387.5999755859375,1388.5999755859375,374421,-0.0025858179228546163,0.013280758061615439,0.0047525143956404165,0.55,0.55,0,1385.9033127433145,1382.047969884389,61.62637212642564,4.882610453514189,3.945011370134415,1393.0453257414536,0.0047525143956404165,0,INFY,15m,2026-02-19 06:15:00
1388.5999755859375,1389.0,1386.0,1387.0999755859375,219111,-0.0010802247057271064,0.012629527041273514,0.004762560131822011,0.5,0.55,0,1386.0172806330881,1382.246087755038,58.77761656978313,4.346946674311539,4.02539843096984,1392.8617587922108,0.004762560131822011,0,INFY,15m,2026-02-19 06:30:00
1387.0,1388.0,1380.0,1383.199951171875,388121,-0.0028116390186042617,0.009635000855383158,0.0048241757932218085,0.5,0.55,0,1385.748963541544,1382.2834941635413,56.78385486554667,3.5666161627111705,3.9336419773181066,1392.3673730974888,0.0048241757932218085,0,INFY,15m,2026-02-19 06:45:00
1383.0,1388.800048828125,1382.4000244140625,1385.199951171875,574796,0.0014459225495964123,0.011464002316082578,0.004824267546535841,0.5,0.5,0,1385.6966766491946,1382.3978650266133,58.12802920059171,3.0741450648738464,3.761742594829255,1391.854981934644,0.004824267546535841,0,INFY,15m,2026-02-19 07:00:00
1384.800048828125,1385.300048828125,1380.0,1380.199951171875,249636,-0.003609587190477437,0.003781782670454481,0.0048398186972934375,0.45,0.55,0,1385.1731789846879,1382.3116723264275,40.184041039466784,2.254412494603912,3.460276574784187,1391.5419005745969,0.0048398186972934375,0,INFY,15m,2026-02-19 07:15:00
1380.9000244140625,1385.4000244140625,1380.0999755859375,1385.0999755859375,217989,0.0035502279288606164,0.00866590797932032,0.00488187116631632,0.45,0.55,0,1385.166207232426,1382.4210175522906,49.919762992223184,1.9773657048349378,3.163694400794337,1391.3292278415288,0.00488187116631632,0,INFY,15m,2026-02-19 07:30:00
1384.800048828125,1387.800048828125,1381.0999755859375,1382.5999755859375,478618,-0.0018049238640281962,0.008976082842828026,0.004873895624839272,0.5,0.5,0,1384.9218042184748,1382.4280355143944,41.89654773254872,1.5383419726244938,2.838623915160368,1390.9162532569128,0.004873895624839272,0,INFY,15m,2026-02-19 07:45:00
1382.800048828125,1385.800048828125,1381.800048828125,1385.5,432295,0.002097515163656416,0.008663384264393503,0.004867845012163644,0.5,0.5,0,1384.976870483382,1382.5485047099082,39.71380155218875,1.4081875263152597,2.5525366373913463,1390.6057885430196,0.004867845012163644,0,INFY,15m,2026-02-19 08:00:00
1385.0,1386.9000244140625,1384.5,1385.0,223526,-0.00036088054853844476,0.00918097884129443,0.004861895279483438,0.5,0.5,0,1384.9790732944887,1382.6446417801078,41.72930778126549,1.2502809085365243,2.2920854916203823,1390.4828408854833,0.004861895279483438,0,INFY,15m,2026-02-19 08:15:00
1385.0999755859375,1385.5,1381.199951171875,1381.699951171875,188394,-0.0023827067351083198,0.007069935256468707,0.0049014205356499915,0.5,0.5,0,1384.666775949478,1382.6075950895888,42.528716816642664,0.8490649236055106,2.0034813780174083,1390.3309873714154,0.0049014205356499915,0,INFY,15m,2026-02-19 08:30:00
1381.699951171875,1386.4000244140625,1380.5999755859375,1385.699951171875,249267,0.0028949845417649556,-0.005240523207555636,0.0034934792197009704,0.5,0.55,0,1384.7651735897064,1382.7288639555609,40.82838954485044,0.8441342810115202,1.7716119586162309,1390.1755872749422,0.0034934792197009704,0,INFY,15m,2026-02-19 08:45:00
1385.699951171875,1388.0,1382.199951171875,1384.300048828125,272366,-0.0010102492553067943,-0.0006496551945360807,0.0032675027044713313,0.5,0.5,0,1384.7208759933653,1382.7904790486027,31.29108514190318,0.7189783566172991,1.5610852382164446,1390.0308529344975,0.0032675027044713313,0,INFY,15m,2026-02-19 09:00:00
1384.4000244140625,1386.0,1375.0,1378.800048828125,466327,-0.003973127072166238,-0.009482723543013605,0.0031631917488223462,0.5,0.5,0,1384.1569876919139,1382.6339915889762,34.45794898343374,0.17398179640395028,1.2836645498539458,1389.5832355875875,0.0031631917488223462,0,INFY,15m,2026-02-19 09:15:00
1378.800048828125,1379.199951171875,1371.699951171875,1376.5,749193,-0.001668152557783742,-0.014674302075876833,0.003023125107674893,0.45,0.55,0,1383.4277507688744,1382.3934428992125,31.870746573295676,-0.43847218773225904,0.9392372023367049,1388.6668674522111,0.003023125107674893,-1,INFY,15m,2026-02-19 09:30:00
1376.5,1377.199951171875,1365.0,1365.199951171875,1753795,-0.008209261771249587,-0.020519512594576517,0.003443874200123777,0.4,0.6,0,1381.6917698548743,1381.71918832167,27.05885450450343,-1.8147466152936431,0.3884404388106354,1386.036209742339,0.003443874200123777,-1,INFY,15m,2026-02-19 09:45:00
1365.4000244140625,1366.699951171875,1363.5999755859375,1366.5,636157,0.0009522772301662208,-0.016552716804606016,0.0034354173796182,0.4,0.6,0,1380.2449346306005,1381.1223574070946,29.724501688072948,-2.7686358287712665,-0.24297481470574495,1385.0843880646182,0.0034354173796182,0,INFY,15m,2026-02-19 10:00:00
1344.5,1353.4000244140625,1338.300048828125,1352.300048828125,1552055,0.00430750005802083,-0.035036374147678906,0.004420035691100622,0.35,0.7,-1,1374.6757901415601,1378.68757597651,26.73280660800863,-6.370102857748179,-2.2423044717829628,1348.0000406901042,0.004420035691100622,0,INFY,15m,2026-02-20 04:00:00
1352.9000244140625,1355.5,1348.300048828125,1351.9000244140625,622241,-0.0002958103968192516,-0.028598065785875093,0.004259147973594898,0.4,0.65,0,1372.5066695960843,1377.6370837583747,28.59316740936633,-7.3402820620040075,-3.261899989827172,1349.1161397733842,0.004259147973594898,0,INFY,15m,2026-02-20 04:15:00
1351.9000244140625,1356.800048828125,1350.0,1352.5999755859375,336149,0.0005177536498517377,-0.028444172514590638,0.004262819521562069,0.45,0.6,0,1370.6107939760705,1376.6552363790636,23.748042738312634,-7.960907475422346,-4.201701486946207,1349.6540437440235,0.004262819521562069,0,INFY,15m,2026-02-20 04:30:00
1352.5999755859375,1361.699951171875,1352.0,1359.5999755859375,473140,0.0051752181918882645,-0.02088434431072428,0.004499067175832822,0.5,0.55,0,1369.5621446055816,1375.9864026224705,32.68076109936575,-7.79802530672805,-4.920966250902576,1350.9405480193666,0.004499067175832822,0,INFY,15m,2026-02-20 04:45:00
1359.5999755859375,1365.0,1358.199951171875,1361.699951171875,591111,0.001544554003858778,-0.01831160324498815,0.004536117439144331,0.55,0.5,0,1368.813364278562,1375.4261496244078,31.859745885715554,-7.414025266773251,-5.419578054076712,1352.7086994307958,0.004536117439144331,0,INFY,15m,2026-02-20 05:00:00
1362.0,1362.800048828125,1360.0,1361.0,200087,-0.0005140274634456432,-0.016049704999676062,0.004514567146496414,0.55,0.45,0,1368.0692343472704,1374.860418266588,31.7629314662897,-7.08451677890389,-5.752565799042147,1353.162325837121,0.004514567146496414,0,INFY,15m,2026-02-20 05:15:00
1361.0,1363.0,1358.199951171875,1359.0,317081,-0.0014695077149154967,-0.01891420162822699,0.00448524075611837,0.55,0.5,0,1367.2054977427683,1374.238441079663,32.40313862645348,-6.905163783805165,-5.983085395994751,1353.6973460953088,0.00448524075611837,0,INFY,15m,2026-02-20 05:30:00
1359.0,1359.0,1356.0,1356.0999755859375,302786,-0.0021339399661975955,-0.017461220430760815,0.004451103466453455,0.55,0.5,0,1366.1478289659274,1373.5271287073601,26.656179662785703,-6.917294709179714,-6.169927258631743,1353.9271909675451,0.004451103466453455,0,INFY,15m,2026-02-20 05:45:00
1356.199951171875,1361.0,1356.0,1360.5,228135,0.0032446165424944162,-0.017760433195828318,0.004435624555425917,0.55,0.5,0,1365.6099404929819,1373.0162609149145,32.07831602169317,-6.496970327548524,-6.235335872415099,1354.1857597282856,0.004435624555425917,-1,INFY,15m,2026-02-20 06:00:00
1360.5,1362.300048828125,1357.0999755859375,1358.0,276710,-0.0018375597206908845,-0.017792547389212987,0.004435986313742146,0.55,0.5,0,1364.885184255555,1372.427387937859,33.59621390366095,-6.29304700487387,-6.246878098906854,1354.4651855352565,0.004435986313742146,0,INFY,15m,2026-02-20 06:15:00
1358.0,1359.4000244140625,1355.699951171875,1355.699951171875,235544,-0.0016937031134941494,-0.0215085159351317,0.004382380659633333,0.55,0.55,0,1364.0104001523473,1371.7714100254675,33.59621390366095,-6.24504206308643,-6.246510891742769,1354.578398240041,0.004382380659633333,0,INFY,15m,2026-02-20 06:30:00
1356.0999755859375,1359.9000244140625,1355.0,1359.4000244140625,155266,0.002729271502141195,-0.01848373688515348,0.004462709974776479,0.55,0.6,-1,1363.571316748701,1371.2862576485495,44.8029489297004,-5.841100245350617,-6.165428762464339,1354.6817547659837,0.004462709974776479,-1,INFY,15m,2026-02-20 06:45:00
1359.4000244140625,1361.699951171875,1358.0,1358.0,217544,-0.0010298840583484736,-0.017152748070790702,0.004449652278545289,0.6,0.55,0,1363.0407151535867,1370.7652279368417,42.397157669009076,-5.569739227501714,-6.046290855471815,1354.8615282251146,0.004449652278545289,0,INFY,15m,2026-02-20 07:00:00
1358.300048828125,1358.4000244140625,1354.699951171875,1356.9000244140625,299650,-0.0008099967495858174,-0.020783667296413344,0.004361555462246743,0.55,0.55,0,1362.4558874641082,1370.2214944653601,64.05404067897263,-5.3814089699171745,-5.9133144783608875,1354.9546681006464,0.004361555462246743,0,INFY,15m,2026-02-20 07:15:00
1356.5999755859375,1360.0999755859375,1354.0999755859375,1359.300048828125,284919,0.0017687555242684727,-0.018059668509846305,0.004406603907284901,0.55,0.6,-1,1362.1553314035382,1369.7932024795864,60.416636391379534,-4.981075236842344,-5.726866630057179,1355.089292221879,0.004406603907284901,0,INFY,15m,2026-02-20 07:30:00
1359.5999755859375,1359.9000244140625,1354.300048828125,1354.4000244140625,166530,-0.0036048144177489583,-0.017696564802706982,0.004393843002943142,0.55,0.55,0,1361.4167307378739,1369.1895484378012,53.28083148572966,-5.001544199950104,-5.581802144035764,1355.118845365185,0.004393843002943142,0,INFY,15m,2026-02-20 07:45:00
1354.4000244140625,1359.300048828125,1353.0,1358.5,560979,0.003027152622587348,-0.013076643661460219,0.004474389376260389,0.55,0.55,0,1361.1389468580762,1368.7703504598483,57.10844224032191,-4.6335199026525515,-5.3921456957591225,1355.2680989827682,0.004474389376260389,0,INFY,15m,2026-02-20 08:00:00
1358.699951171875,1360.4000244140625,1355.800048828125,1357.199951171875,269769,-0.0009569737417187696,-0.0058599474700631315,0.004108280264007752,0.6,0.5,0,1360.7638044117714,1368.3166093113002,46.64802659619811,-4.396085731199946,-5.192933702847288,1355.3644402928755,0.004108280264007752,0,INFY,15m,2026-02-20 08:15:00
1357.199951171875,1359.4000244140625,1356.300048828125,1358.0999755859375,424836,0.0006631479858847378,-0.006147108974798754,0.004104201201725885,0.6,0.45,0,1360.5101064283585,1367.915957008345,44.797756178447315,-4.088167145251191,-4.971980391328069,1355.509674242027,0.004104201201725885,0,INFY,15m,2026-02-20 08:30:00
1358.0,1363.0999755859375,1357.0,1363.0,569565,0.003607999780685045,0.012253991830672106,0.0024404916831210085,0.65,0.4,0,1360.7472391494673,1367.723174380567,52.57730012710318,-3.409446452058546,-4.659473603474165,1355.8988430329516,0.0024404916831210085,0,INFY,15m,2026-02-20 08:45:00
1362.800048828125,1363.4000244140625,1355.5999755859375,1358.9000244140625,1152626,-0.003008052520863891,0.004880555607209347,0.0024054325194212776,0.65,0.4,0,1360.5713139365714,1367.3771684995274,49.87778125979317,-3.165894714081105,-4.360757825595553,1356.3232653448902,0.0024054325194212776,0,INFY,15m,2026-02-20 09:00:00
1359.0999755859375,1359.9000244140625,1356.4000244140625,1358.5999755859375,352138,-0.00022080272480262675,0.004955951661276714,0.002404601290637403,0.6,0.4,0,1360.3835674269872,1367.0329648558572,53.26368260686648,-2.9629347721649992,-4.081193214909443,1356.3958585604646,0.002404601290637403,0,INFY,15m,2026-02-20 09:15:00
1358.699951171875,1358.800048828125,1355.199951171875,1355.199951171875,460314,-0.0025025941963499054,0.0019222058501155992,0.0024805427926813967,0.55,0.45,0,1359.889889688405,1366.5689251035442,42.895432708041525,-3.041381953014252,-3.873230962530405,1356.396047518315,0.0024805427926813967,0,INFY,15m,2026-02-20 09:30:00
1355.300048828125,1357.0,1350.800048828125,1350.800048828125,896781,-0.0032466813033348307,-0.006472438155215476,0.002280200484983731,0.5,0.5,0,1359.0241905588546,1365.9505377986256,40.81643456814727,-3.4191731568505475,-3.7824194013944337,1356.1068948396974,0.002280200484983731,0,INFY,15m,2026-02-20 09:45:00
1350.9000244140625,1353.4000244140625,1350.199951171875,1352.5,452062,0.0012584772804455913,-0.006756224940712929,0.002268742712480018,0.45,0.55,0,1358.4028390770588,1365.4230657280914,45.85499601533149,-3.5405898395147233,-3.7340534890184918,1355.9453311326931,0.002268742712480018,0,INFY,15m,2026-02-20 10:00:00
1344.0,1350.4000244140625,1340.0999755859375,1341.199951171875,886805,-0.0020833696637835297,-0.013097902007450313,0.0026445183472409094,0.4,0.55,0,1355.5234078368187,1363.6659653335944,31.249965940240102,-5.022259856780238,-4.077995155687113,1343.8999837239583,0.0026445183472409094,0,INFY,15m,2026-02-23 04:00:00
1341.300048828125,1342.5,1331.800048828125,1334.4000244140625,793860,-0.005070032064846908,-0.01600173406278471,0.0028073801763510682,0.4,0.55,0,1353.5116570346515,1362.518281375966,27.72277227722772,-6.094159743553746,-4.481228073260439,1340.2786625815806,0.0028073801763510682,0,INFY,15m,2026-02-23 04:15:00
1334.4000244140625,1335.5,1330.0,1332.300048828125,561153,-0.0015737226824914519,-0.02072763775955533,0.0026437736400914623,0.35,0.6,0,1351.4915038721251,1361.3332526485997,23.107543563581174,-7.032037653225416,-4.991389989253435,1338.3566085119407,0.0026437736400914623,0,INFY,15m,2026-02-23 04:30:00
1332.800048828125,1334.800048828125,1329.0999755859375,1333.699951171875,520039,0.0010507410436420006,-0.017893997664304107,0.0026767898760001237,0.3,0.65,0,1349.797070281625,1360.2495937671597,27.837099577849514,-7.575031980637732,-5.508118387530294,1337.2601236350279,0.0026767898760001237,0,INFY,15m,2026-02-23 04:45:00
1333.4000244140625,1333.9000244140625,1327.5,1328.199951171875,728448,-0.004123866087846317,-0.020284724489536776,0.002768353716591421,0.3,0.65,0,1347.740201794982,1358.992745037933,18.50297182476639,-8.352876174700214,-6.077069944964278,1335.7170622493281,0.002768353716591421,0,INFY,15m,2026-02-23 05:00:00
1328.0999755859375,1329.0999755859375,1322.4000244140625,1323.5,612942,-0.003538587068707688,-0.026408727210032512,0.002674711970926177,0.25,0.65,0,1345.431611147841,1357.6008726835043,17.281445698601047,-9.24203367179689,-6.710062690330801,1334.1161501986455,0.002674711970926177,0,INFY,15m,2026-02-23 05:15:00
1323.5,1327.5999755859375,1322.0,1327.5999755859375,362302,0.0030978281722233714,-0.022385879539074005,0.002852730808871952,0.2,0.7,0,1343.7333601419455,1356.4243669149723,22.120508814996654,-9.506281137916858,-7.269306379848013,1333.4360284011289,0.002852730808871952,0,INFY,15m,2026-02-23 05:30:00
1327.5999755859375,1329.800048828125,1323.199951171875,1323.199951171875,347654,-0.0033142697310766245,-0.024836076819100827,0.0028927401000305294,0.25,0.65,0,1341.777797382891,1355.121448650537,13.283889334330325,-9.955978038842886,-7.806640711646987,1332.855590992568,0.0028927401000305294,0,INFY,15m,2026-02-23 05:45:00
1323.300048828125,1324.800048828125,1318.5,1318.5999755859375,668611,-0.003476402475577123,-0.029941934657676028,0.002841708777307246,0.2,0.65,0,1339.5703857831813,1353.689234020553,13.162463735773272,-10.561795850824637,-8.357671739482518,1331.3648562696044,0.002841708777307246,0,INFY,15m,2026-02-23 06:00:00
1318.5,1327.5,1318.4000244140625,1327.199951171875,365568,0.006522050466530649,-0.020082747158805425,0.0033128897088926727,0.25,0.7,0,1338.392249153533,1352.6504386147226,25.079200841708754,-10.230039151352912,-8.732145221856598,1330.927341301065,0.0033128897088926727,0,INFY,15m,2026-02-23 06:15:00
1327.4000244140625,1331.0,1325.9000244140625,1329.5999755859375,347359,0.0018083367257084593,-0.02127348135006446,0.0032452638281182454,0.3,0.65,0,1337.5548897661429,1351.7464988881036,29.354736454545275,-9.66207922954709,-8.918132023394698,1330.8099235569396,0.0032452638281182454,0,INFY,15m,2026-02-23 06:30:00
1329.5,1330.0,1325.0999755859375,1326.5999755859375,197740,-0.0022563177309611326,-0.02254640192074564,0.003255879560030998,0.25,0.7,0,1336.5115646061233,1350.7603607193912,30.032854383169536,-9.34630345913456,-9.003766310542671,1330.6992876130485,0.003255879560030998,0,INFY,15m,2026-02-23 06:45:00
1326.9000244140625,1326.9000244140625,1325.0999755859375,1326.300048828125,155967,-0.00022608681089419935,-0.02341501165559834,0.003236049840979708,0.25,0.7,0,1335.539039293933,1349.8011328020868,27.871553352413784,-9.016315990527119,-9.00627624653956,1330.5897449316956,0.003236049840979708,0,INFY,15m,2026-02-23 07:00:00
1326.4000244140625,1329.300048828125,1325.4000244140625,1326.5999755859375,291753,0.00022613793769932222,-0.02670581395015592,0.003056103004278884,0.25,0.7,0,1334.6876998931714,1348.8912834994928,32.94103004148026,-8.631102978994477,-8.931241593030544,1330.4408986032804,0.003056103004278884,0,INFY,15m,2026-02-23 07:15:00
1326.5999755859375,1327.0999755859375,1325.0,1325.199951171875,254696,-0.0010553478364448976,-0.024799523612282326,0.003031372187675611,0.2,0.7,0,1333.7841047768575,1347.9622116435078,33.87084071667651,-8.342620624311621,-8.81351739928676,1330.2730999170567,0.003031372187675611,0,INFY,15m,2026-02-23 07:30:00
1325.199951171875,1328.199951171875,1325.199951171875,1326.5999755859375,205933,0.001056462772145883,-0.02355365860079528,0.0030674458210566647,0.25,0.7,0,1333.0999019967699,1347.1244768961521,41.17635686746722,-7.909846226508762,-8.63278316473116,1330.1713728534232,0.0030674458210566647,0,INFY,15m,2026-02-23 07:45:00
1327.0,1328.9000244140625,1325.5,1325.800048828125,197320,-0.0006029901798084714,-0.02169414359728039,0.0030539324917015294,0.3,0.65,0,1332.4046778854704,1346.288224815053,42.424182065480295,-7.544449089520185,-8.415116349688965,1330.080898651024,0.0030539324917015294,0,INFY,15m,2026-02-23 08:00:00
1325.9000244140625,1326.0999755859375,1323.199951171875,1325.199951171875,344806,-0.0004526305884363646,-0.018951803916841148,0.003013803534874235,0.3,0.65,0,1331.7185134365566,1345.461233691791,39.90495299841685,-7.220063691642736,-8.17610581807972,1329.8501940497072,0.003013803534874235,0,INFY,15m,2026-02-23 08:15:00
1325.199951171875,1325.699951171875,1322.4000244140625,1324.5,261140,-0.0005281853287544269,-0.020702402957486155,0.0029710120318436604,0.3,0.65,0,1331.0310359664084,1344.6392245274071,45.040253959942405,-6.939472220502012,-7.928779098564178,1329.668126389193,0.0029710120318436604,0,INFY,15m,2026-02-23 08:30:00
1324.5,1328.0999755859375,1323.5999755859375,1326.800048828125,317769,0.0017365412065872832,-0.01279758271716891,0.002759834842097355,0.35,0.6,0,1330.6280848103813,1343.9396490097884,54.72787688002798,-6.457073614709316,-7.634438001793206,1329.5360113108145,0.002759834842097355,0,INFY,15m,2026-02-23 08:45:00
1326.800048828125,1332.699951171875,1326.5,1329.699951171875,624346,0.002185636295620741,-0.008574411287408656,0.002807024519621745,0.4,0.6,0,1330.5396911305236,1343.381229486733,53.11570658060123,-5.774209863493297,-7.262392374133225,1329.5427259775086,0.002807024519621745,0,INFY,15m,2026-02-23 09:00:00
1329.699951171875,1331.800048828125,1326.0999755859375,1327.699951171875,294178,-0.001504098724104952,-0.005021038009295209,0.0026023578253050743,0.4,0.6,0,1330.2692397058902,1342.7662773959544,57.188543259180676,-5.332943849138928,-6.876502669134366,1329.5109346352738,0.0026023578253050743,0,INFY,15m,2026-02-23 09:15:00
1327.699951171875,1330.199951171875,1326.0999755859375,1329.5,370488,0.001355764776925783,-0.002101665334762859,0.00260627839226009,0.4,0.55,0,1330.19597878152,1342.2460312235642,69.12293175597826,-4.782854685231769,-6.457773072353847,1329.4761798550135,0.00260627839226009,0,INFY,15m,2026-02-23 09:30:00
1329.5999755859375,1330.5,1325.300048828125,1326.5,1136593,-0.002256487401278706,-0.005398478994880884,0.0026340623741169865,0.45,0.55,0,1329.8439808023275,1341.6285398030323,48.47171581483614,-4.536683919375719,-6.073555241758221,1329.2621330259021,0.0026340623741169865,0,INFY,15m,2026-02-23 09:45:00
1326.5999755859375,1329.5,1324.5999755859375,1328.0,869819,0.0011307953260459858,-0.00015054297487260282,0.002487110681303859,0.45,0.55,0,1329.6683635830582,1341.0940872617368,46.36367167342681,-4.1724568644244755,-5.693335566291473,1329.1214247330768,0.002487110681303859,-1,INFY,15m,2026-02-23 10:00:00
1288.4000244140625,1291.4000244140625,1281.0999755859375,1284.0,1402695,-0.0031055900621117516,-0.032841199448421676,0.007101718410162085,0.45,0.55,0,1321.7285243843173,1336.8546341850943,16.26787737667385,-9.508547968670428,-6.6703127740950405,1285.5,0.007101718410162085,0,INFY,15m,2026-02-24 04:00:00
1284.300048828125,1284.5,1277.0999755859375,1283.5,1635211,-0.0003894080996884597,-0.0300029871802181,0.007095622492452839,0.4,0.6,-1,1318.087712538192,1334.7622955896004,15.739301385468409,-11.381621775465192,-7.612574574369071,1283.454572950124,0.007095622492452839,0,INFY,15m,2026-02-24 04:15:00
1283.5,1284.5,1280.0,1281.800048828125,741363,-0.001324465268309316,-0.027908332655216306,0.007080336567150467,0.4,0.55,0,1314.6317445658046,1332.6853447362093,15.66460769429861,-12.85503329278481,-8.66106631805222,1283.1888553736383,0.007080336567150467,0,INFY,15m,2026-02-24 04:30:00
1282.0999755859375,1283.0999755859375,1278.0,1281.0,818125,-0.0006241603976037124,-0.034810091072623894,0.006836144046093411,0.35,0.55,0,1311.4287212738232,1330.6584684720444,13.578280055926157,-13.926740988737038,-9.714201252189184,1282.7459519678227,0.006836144046093411,0,INFY,15m,2026-02-24 04:45:00
1280.9000244140625,1286.9000244140625,1279.4000244140625,1285.699951171875,702680,0.003668970469847821,-0.03301746782502479,0.00689944652770975,0.35,0.55,0,1308.9783622164946,1328.8953893622338,19.849550634398497,-14.23276383665575,-10.617913769082499,1282.9122127542287,0.00689944652770975,0,INFY,15m,2026-02-24 05:00:00
1285.4000244140625,1287.199951171875,1279.5,1280.199951171875,801565,-0.00427782547163269,-0.03497665103873404,0.00692349559213465,0.4,0.5,0,1306.2375611646262,1326.9857643351609,18.48735185704419,-14.749075027057643,-11.444146020677527,1282.831782822377,0.00692349559213465,0,INFY,15m,2026-02-24 05:15:00
1280.199951171875,1281.5999755859375,1277.800048828125,1280.4000244140625,748997,0.00015628280723212207,-0.03460757198540276,0.006928466960431631,0.4,0.55,0,1303.7768433788583,1325.1588725735492,18.89988688269719,-14.96955145574998,-12.149227107692019,1282.5148899410096,0.006928466960431631,-1,INFY,15m,2026-02-24 05:30:00
1280.4000244140625,1282.5,1280.0,1280.9000244140625,440640,0.00039050296037657084,-0.034448931111799586,0.006931014189733129,0.4,0.55,0,1301.5980987155444,1323.4232314692556,16.787235433261444,-14.931810179588865,-12.70574372207139,1282.4313976253068,0.006931014189733129,-1,INFY,15m,2026-02-24 05:45:00
1280.9000244140625,1281.199951171875,1279.5999755859375,1279.9000244140625,377741,-0.0007807010546801996,-0.03418346545949824,0.006932689000257371,0.4,0.55,0,1299.5316154487366,1321.7164390357186,12.94652345218826,-14.811849804481426,-13.126964938553398,1282.3231301443711,0.006932689000257371,-1,INFY,15m,2026-02-24 06:00:00
1279.9000244140625,1281.0,1277.0999755859375,1279.5,635147,-0.000312543484984773,-0.03550427894824448,0.006910615158461059,0.35,0.6,-1,1297.623842548857,1320.060892406867,13.262287028559953,-14.580978525909586,-13.417767656024637,1282.0842557783728,0.006910615158461059,-1,INFY,15m,2026-02-24 06:15:00
1279.5,1279.5999755859375,1272.4000244140625,1273.0,1052798,-0.005080109417741285,-0.03982504667637854,0.006942826355937551,0.3,0.65,-1,1295.2787146870612,1318.215367214441,9.815106147269134,-14.752449991120784,-13.684704123043867,1281.2871711781618,0.006942826355937551,-1,INFY,15m,2026-02-24 06:30:00
1273.199951171875,1274.5,1269.0,1274.0,901183,0.0007855459544383603,-0.03863564221127447,0.006962903758872023,0.3,0.65,-1,1293.2521704311505,1316.4814312452472,11.56664533863318,-14.638902563680858,-13.875543811171266,1280.515213939904,0.006962903758872023,-1,INFY,15m,2026-02-24 06:45:00
1273.5999755859375,1274.0,1268.5,1269.0,508018,-0.003924646781789609,-0.04190260475651186,0.00696795453847781,0.3,0.65,-1,1290.9424399138982,1314.6194143336688,8.91367696612977,-14.781976202425312,-14.056830289422077,1280.042630629088,0.00696795453847781,-1,INFY,15m,2026-02-24 07:00:00
1269.0,1269.4000244140625,1265.0,1266.0,1494424,-0.0023640661938534313,-0.04582457536222262,0.006908752032494377,0.25,0.7,-1,1288.566969445908,1312.7127706343094,18.39084894872353,-14.96493160369323,-14.238450552276309,1278.4285078408732,0.006908752032494377,-1,INFY,15m,2026-02-24 07:15:00
1266.0,1271.0,1265.699951171875,1270.699951171875,736632,0.0037124416839455776,-0.04437091236109536,0.0069693234389966606,0.25,0.7,-1,1286.8653486579049,1311.0652090867632,31.267536861795776,-14.562807319138756,-14.303321905648799,1277.9016915298805,0.0069693234389966606,-1,INFY,15m,2026-02-24 07:30:00
1270.5,1272.699951171875,1269.0,1271.300048828125,725075,0.00047225755828250726,-0.04247940379448645,0.006994321418480401,0.3,0.65,-1,1285.3829391503068,1309.5057910374048,32.8652841213019,-14.033923723970474,-14.249442269313136,1277.537011689467,0.006994321418480401,-1,INFY,15m,2026-02-24 07:45:00
1271.4000244140625,1271.5999755859375,1268.5999755859375,1270.199951171875,592648,-0.0008653328199460519,-0.04460327102529149,0.006953334385779941,0.3,0.7,-1,1283.9369402952182,1307.964385552482,33.428547512921924,-13.547382558180743,-14.109030327086659,1277.2304931955512,0.006953334385779941,0,INFY,15m,2026-02-24 08:00:00
1270.199951171875,1274.800048828125,1269.0,1274.199951171875,719943,0.003149110497374652,-0.039427100511213675,0.007057569966757754,0.3,0.65,-1,1283.0096079977568,1306.640290086576,41.099458036147965,-12.692714892012873,-13.825767240071903,1277.011955111443,0.007057569966757754,0,INFY,15m,2026-02-24 08:15:00
1274.0999755859375,1277.800048828125,1272.0999755859375,1272.5999755859375,1198426,-0.0012556707324199445,-0.041716885853962715,0.007022200680220562,0.35,0.6,-1,1282.0182144347264,1305.3053757924333,31.339182933912042,-12.006090529170024,-13.461831897891528,1276.8019013738094,0.007022200680220562,0,INFY,15m,2026-02-24 08:30:00
1272.800048828125,1276.0999755859375,1272.4000244140625,1274.5,1436845,0.0014930256565404143,-0.010481366459627384,0.0024601096618495034,0.35,0.55,0,1281.3021940123715,1304.097321839789,40.95252857973261,-11.179746524918528,-13.00541482329693,1276.601170285407,0.0024601096618495034,0,INFY,15m,2026-02-24 08:45:00
1274.4000244140625,1275.4000244140625,1272.4000244140625,1273.699951171875,1182802,-0.0006277354477246533,-0.00802184488171731,0.002384477440258628,0.35,0.5,0,1280.578170884705,1302.905268088106,39.56382028026544,-10.468743048903207,-12.498080468418186,1276.427520978885,0.002384477440258628,0,INFY,15m,2026-02-24 09:00:00
1273.5999755859375,1277.300048828125,1272.199951171875,1272.4000244140625,1136639,-0.0010205910399985196,-0.008648208481447206,0.002388504431766575,0.4,0.5,0,1279.799299792263,1301.7089840224571,37.08212438501325,-9.896084989413112,-11.977681372617171,1276.2875935088819,0.002388504431766575,0,INFY,15m,2026-02-24 09:15:00
1272.5999755859375,1274.4000244140625,1270.199951171875,1271.9000244140625,1651480,-0.00039295818170881347,-0.007723532561192736,0.0023792391669177427,0.4,0.55,0,1279.0469878514818,1300.540005214285,37.65437680373142,-9.374531410161353,-11.457051380126009,1275.9731161720385,0.0023792391669177427,0,INFY,15m,2026-02-24 09:30:00
1272.199951171875,1277.800048828125,1271.9000244140625,1277.0999755859375,2388813,0.00408833325895297,-0.0030445155457162754,0.002579239867129439,0.45,0.5,0,1278.8615581119063,1299.6207883661145,46.774167085052,-8.444263624556015,-10.85449382901201,1275.9360262859902,0.002579239867129439,0,INFY,15m,2026-02-24 09:45:00
1277.0999755859375,1280.4000244140625,1275.199951171875,1280.4000244140625,1133263,0.0025840176111591173,-0.004122211214974247,0.0025050485727662578,0.45,0.5,0,1279.0080787121117,1298.8670329170145,60.882349773273155,-7.355938659521371,-10.154782795113883,1276.0590050601418,0.0025050485727662578,0,INFY,15m,2026-02-24 10:00:00
1309.4000244140625,1314.699951171875,1295.199951171875,1304.9000244140625,2413691,-0.0035127724978522012,0.019134645058454858,0.005675637232520234,0.5,0.45,0,1284.1014000917526,1299.5042477985337,79.0923677457775,-1.8658540556778007,-7.527922755250872,1304.9333089192708,0.005675637232520234,0,INFY,15m,2026-02-25 04:00:00
1304.699951171875,1307.9000244140625,1300.0999755859375,1307.199951171875,1175570,0.0017625310098718927,0.020532380557837238,0.005676641614289477,0.45,0.45,0,1286.3012620993832,1299.8060400876846,83.77045178022541,0.0877651165531006,-6.004785180890077,1304.9769814840354,0.005676641614289477,0,INFY,15m,2026-02-25 04:15:00
1307.5999755859375,1323.5,1305.800048828125,1321.4000244140625,1843226,0.01086296953228727,0.032424407538392375,0.0060647701579615325,0.5,0.4,0,1289.6440013674478,1300.6528630024445,85.95743649324632,2.750147631306845,-4.253798618450693,1309.0224329922935,0.0060647701579615325,0,INFY,15m,2026-02-25 04:30:00
1321.9000244140625,1322.5,1315.0999755859375,1317.5,920261,-0.0029514335871091424,0.029699101211410728,0.006137164658481742,0.5,0.35,0,1292.296953618167,1301.3135350415644,81.30075921729494,4.493606085546844,-2.5043176776511857,1310.3760403345505,0.006137164658481742,0,INFY,15m,2026-02-25 04:45:00
1317.699951171875,1317.699951171875,1309.5999755859375,1310.9000244140625,493577,-0.0050094691354364285,0.029772210851580994,0.006133208302522768,0.5,0.35,0,1294.0686746463475,1301.6894758012702,75.66211275736,5.28186059884456,-0.9470820223520369,1310.5459851696235,0.006133208302522768,0,INFY,15m,2026-02-25 05:00:00
1310.9000244140625,1311.4000244140625,1305.5,1308.800048828125,458162,-0.0016019342030877404,0.02731557992788458,0.006170671803217801,0.5,0.35,0,1295.4716626636598,1301.9683218023233,72.35151247516008,5.67172735769168,0.3766798536567063,1310.421837185192,0.006170671803217801,0,INFY,15m,2026-02-25 05:15:00
1308.800048828125,1309.699951171875,1306.0999755859375,1306.4000244140625,302184,-0.0018337594166590865,0.029472044455526092,0.006093544607089744,0.5,0.3,0,1296.5124590208409,1302.1421140616071,71.61129791106657,5.721088513413861,1.4455615856081372,1310.3017904832473,0.006093544607089744,0,INFY,15m,2026-02-25 05:30:00
1306.5999755859375,1309.0999755859375,1304.199951171875,1305.699951171875,462497,-0.0005358796915986286,0.03135857122580954,0.006046520719552494,0.5,0.3,0,1297.3874582733204,1302.2816370855392,70.25970855316558,5.63871789514792,2.2841928475160937,1310.0743298149955,0.006046520719552494,0,INFY,15m,2026-02-25 05:45:00
1305.699951171875,1306.300048828125,1303.4000244140625,1305.800048828125,251246,7.666206631951056e-05,0.0276226481506352,0.006033111831399956,0.45,0.35,0,1298.188657373778,1302.419614016621,71.03543716502679,5.517908615293891,2.930936001071653,1309.9261376081968,0.006033111831399956,0,INFY,15m,2026-02-25 06:00:00
1305.800048828125,1307.5,1302.199951171875,1306.9000244140625,317693,0.0008423767382492731,0.02800281146748418,0.006030746671392681,0.45,0.4,0,1299.0183113776145,1302.595316385148,72.66751361860214,5.448122660835907,3.434373333024504,1309.764578396915,0.006030746671392681,0,INFY,15m,2026-02-25 06:15:00
1306.699951171875,1308.5999755859375,1304.699951171875,1306.199951171875,244386,-0.0005356746722087191,0.02834199447637098,0.006024679827972655,0.5,0.35,0,1299.7022770723058,1302.7366746120783,72.47696587958423,5.275513889039303,3.802601444227464,1309.6747582078983,0.006024679827972655,0,INFY,15m,2026-02-25 06:30:00
1306.5,1309.5,1306.199951171875,1308.0,337656,0.0013780806120151645,0.026526487304476154,0.0060108562218883655,0.5,0.35,0,1300.492536398753,1302.9430795292517,71.19335430903267,5.223752918632954,4.086831739108562,1309.6097632438095,0.0060108562218883655,0,INFY,15m,2026-02-25 06:45:00
1308.0,1308.0999755859375,1297.0,1297.0999755859375,525628,-0.008333351998518701,0.01925192556185573,0.006368603628056676,0.45,0.4,0,1300.1694353689609,1302.7139381981412,60.372609021347834,4.254151886923637,4.1202957686715775,1309.131021666188,0.006368603628056676,0,INFY,15m,2026-02-25 07:00:00
1297.0,1298.300048828125,1291.0999755859375,1291.300048828125,468155,-0.004471456994047385,0.013181678170360867,0.006481617240003444,0.45,0.45,0,1299.3247318888814,1302.2663346934348,34.09100609495843,2.983340375565831,3.8929046900504285,1308.4176314472952,0.006481617240003444,0,INFY,15m,2026-02-25 07:15:00
1291.5,1294.4000244140625,1291.0999755859375,1294.300048828125,267844,0.00232324005774065,0.01617343051422493,0.006483994285682388,0.45,0.45,0,1298.8461906449998,1301.953931326168,40.46768552528448,2.1930083894528707,3.552925429930917,1308.0304746666827,0.006483994285682388,0,INFY,15m,2026-02-25 07:30:00
1294.300048828125,1294.300048828125,1290.199951171875,1291.300048828125,224735,-0.0023178551238688394,0.014853838456004409,0.0065098373407211415,0.4,0.45,0,1298.1275104719641,1301.5361320125194,35.87937868052002,1.3094946295127556,3.104239269847285,1307.6925879919525,0.0065098373407211415,0,INFY,15m,2026-02-25 07:45:00
1291.4000244140625,1292.300048828125,1286.5999755859375,1290.9000244140625,475089,-0.0003097842476080803,0.014938281024684308,0.006509090269472958,0.4,0.45,0,1297.4391784664497,1301.1190297537564,14.117853183288247,0.5704491990418319,2.5974812556861946,1306.9380252456601,0.006509090269472958,0,INFY,15m,2026-02-25 08:00:00
1290.9000244140625,1292.800048828125,1290.300048828125,1292.0,138512,0.0008520997483416615,0.01166707751852103,0.00646209299725386,0.4,0.45,0,1296.9211614696449,1300.7614207438053,17.884288982362932,0.07267149599510958,2.0925193037479777,1306.7515743656713,0.00646209299725386,0,INFY,15m,2026-02-25 08:15:00
1292.0,1293.199951171875,1290.5,1291.300048828125,172815,-0.0005417578729682848,0.008512983603737867,0.006449364470384685,0.4,0.45,0,1296.3858174085478,1300.3903865510335,21.006099873235314,-0.3739900058121748,1.5992174418359473,1306.5247480468402,0.006449364470384685,0,INFY,15m,2026-02-25 08:30:00
1291.300048828125,1298.0999755859375,1289.300048828125,1297.9000244140625,401659,0.005111109220453436,-0.008858324235156534,0.003973573084152244,0.4,0.5,0,1296.5300275995494,1300.2927252907602,35.77026660929707,-0.19318270258554548,1.2407374129516486,1306.138955187944,0.003973573084152244,0,INFY,15m,2026-02-25 08:45:00
1298.0,1298.0,1290.5,1293.9000244140625,767774,-0.003081901475274096,-0.008429764575212828,0.00395715530491962,0.35,0.5,0,1296.2795511056934,1300.042031138733,34.33589710642411,-0.3684113658400747,0.918907657193304,1305.4110025736097,0.00395715530491962,0,INFY,15m,2026-02-25 09:00:00
1294.0,1294.9000244140625,1290.0999755859375,1291.5,417090,-0.00185487624142322,-0.012010367012177725,0.003934960107681461,0.35,0.55,0,1295.824355762294,1299.7070495254493,32.93279106071809,-0.6929552989608965,0.596535065962464,1304.9886545342483,0.003934960107681461,0,INFY,15m,2026-02-25 09:15:00
1291.9000244140625,1292.800048828125,1289.0,1291.0999755859375,529903,-0.0003097362865369657,-0.02293026204654469,0.0028719398581977455,0.3,0.6,0,1295.3744147931172,1299.3695172140958,32.45815671022157,-0.9712414642206113,0.28297975992584895,1304.4426852200102,0.0028719398581977455,0,INFY,15m,2026-02-25 09:30:00
1291.199951171875,1292.199951171875,1288.800048828125,1289.0,912490,-0.0016265011429378307,-0.02163187855787474,0.0028434671420890906,0.3,0.65,0,1294.7673276699634,1298.9628694802097,29.137512555593176,-1.345723076744207,-0.042760807408162266,1303.5351691535986,0.0028434671420890906,0,INFY,15m,2026-02-25 09:45:00
1289.0,1290.0,1287.5,1289.9000244140625,559498,0.0006982346113750815,-0.016019528269813232,0.0027127015938139083,0.3,0.65,0,1294.3037749789253,1298.6074637913414,31.09056149543298,-1.5519876566393123,-0.3446061772543923,1303.000880207771,0.0027127015938139083,0,INFY,15m,2026-02-25 10:00:00
1310.0,1312.5999755859375,1300.0,1301.5,775775,-0.0064885496183205715,-0.0037507840802898373,0.004763316482552925,0.4,0.65,0,1296.3416389283266,1299.1501424694388,53.72884196413608,0.37398659984614824,-0.1605486550889697,1304.6999918619792,0.004763316482552925,0,INFY,15m,2026-02-26 04:00:00
1301.5,1314.0,1301.0999755859375,1310.9000244140625,592717,0.007222454409575585,0.0039825943452937995,0.005040417262638224,0.45,0.6,0,1297.72815183173,1299.6109221535419,65.65493868206912,1.4850554084027863,0.16857215760938152,1306.4180257198389,0.005040417262638224,0,INFY,15m,2026-02-26 04:15:00
1311.300048828125,1312.199951171875,1305.9000244140625,1311.0999755859375,393435,0.00015252968811596546,0.004058758278167263,0.005040339570228972,0.45,0.55,0,1299.0016588559401,1300.0614732685378,64.04677870748202,2.3545777261579133,0.6057732713190879,1307.1583240678128,0.005040339570228972,0,INFY,15m,2026-02-26 04:30:00
1310.800048828125,1312.0,1305.0999755859375,1305.4000244140625,306716,-0.0043474573091404345,-0.0011477542061203438,0.005138946230466355,0.4,0.55,0,1299.6110270043328,1300.2708282154213,61.28000250000489,2.5542976511308098,0.9954781472814322,1307.2089840778854,0.005138946230466355,0,INFY,15m,2026-02-26 04:45:00
1305.4000244140625,1306.4000244140625,1301.5,1302.4000244140625,325806,-0.002298146119115163,-0.0029091463021441166,0.005162860494810364,0.35,0.6,0,1299.8766458052594,1300.3543261055643,58.83258515876677,2.4423483313676115,1.2848521840986682,1306.6952440217608,0.005162860494810364,0,INFY,15m,2026-02-26 05:00:00
1302.4000244140625,1303.300048828125,1300.0,1301.5999755859375,245957,-0.0006142880936177431,-0.00489298502604163,0.005151377080290747,0.3,0.65,0,1300.0407724510383,1300.4031751047946,57.4073969418338,2.262984162000521,1.4804785796790387,1306.2237217007275,0.005151377080290747,0,INFY,15m,2026-02-26 05:15:00
1301.5,1301.9000244140625,1295.5,1299.300048828125,415580,-0.001766999693417426,0.0016961477785808476,0.0048055576778708925,0.3,0.65,0,1299.9702273440942,1300.3599152508075,56.024105245354335,1.9131977447846111,1.5670224127001533,1305.2277805811045,0.0048055576778708925,0,INFY,15m,2026-02-26 05:30:00
1299.5999755859375,1300.0,1298.0,1298.800048828125,125321,-0.0003848225823210871,0.0058081001443517355,0.004686552372956817,0.3,0.6,0,1299.8587817711448,1300.2987440185454,50.746289807015295,1.577459694318577,1.569109869023838,1304.9798245102795,0.004686552372956817,0,INFY,15m,2026-02-26 05:45:00
1298.800048828125,1301.5,1297.0999755859375,1298.199951171875,207177,-0.00046204006289607413,0.0030131362100163095,0.004664597275505233,0.35,0.65,0,1299.7007979045477,1300.2164384167152,53.778492893537134,1.2485692754287356,1.5050017503048176,1304.6101314674327,0.004664597275505233,0,INFY,15m,2026-02-26 06:00:00
1298.199951171875,1298.5999755859375,1294.4000244140625,1297.9000244140625,307588,-0.00023103279085923134,0.005111109220453436,0.004629444112750334,0.35,0.65,0,1299.5292956673588,1300.1255986519054,55.83944613863018,0.9527371058698009,1.3945488214178143,1303.974041167249,0.004629444112750334,0,INFY,15m,2026-02-26 06:15:00
1297.9000244140625,1299.5,1295.0,1298.199951171875,225190,0.00023108617934419762,0.005654912556939395,0.004627488740139115,0.4,0.6,0,1299.4026914296937,1300.0500830644532,56.489943115502975,0.7340281433812379,1.2624446858104992,1303.6060779123102,0.004627488740139115,0,INFY,15m,2026-02-26 06:30:00
1298.199951171875,1299.699951171875,1296.0999755859375,1296.0999755859375,383115,-0.0016176056577739129,0.00317335571666999,0.00464467884392187,0.4,0.6,0,1299.0881470636216,1299.8951768888253,56.489943115502975,0.38679055459488154,1.0873138595673757,1303.0447967999526,0.00464467884392187,0,INFY,15m,2026-02-26 06:45:00
1296.199951171875,1296.5,1292.0,1292.4000244140625,344905,-0.0028546803808111587,0.0008518357812623556,0.0046918517870382466,0.35,0.65,0,1298.4511830017589,1299.6012493407954,52.173922273786836,-0.18482235693568327,0.832886616266764,1302.3466120049432,0.0046918517870382466,0,INFY,15m,2026-02-26 07:00:00
1292.5999755859375,1293.5,1290.300048828125,1291.5,332279,-0.0006963977074130323,-0.004931061170872386,0.0045395709893958055,0.3,0.65,0,1297.78916557302,1299.2835532882154,25.84844080675184,-0.7023578123116749,0.5258377305510762,1301.6409118742272,0.0045395709893958055,0,INFY,15m,2026-02-26 07:15:00
1291.5,1292.199951171875,1287.699951171875,1291.800048828125,680612,0.0002323258444638654,-0.0016229813326484877,0.00449049691089821,0.3,0.7,0,1297.2187735020775,1298.9900825250747,33.887045884061024,-1.0758947120027642,0.2054912420403081,1300.3097488636872,0.00449049691089821,0,INFY,15m,2026-02-26 07:30:00
1291.5999755859375,1292.4000244140625,1286.300048828125,1287.4000244140625,327531,-0.0034061187859948383,-0.003174584270954295,0.004536083481516769,0.35,0.7,0,1296.2836545413143,1298.53557044229,3.1869777937729253,-1.7072900173041035,-0.17706500982857423,1299.674902468397,0.004536083481516769,0,INFY,15m,2026-02-26 07:45:00
1287.4000244140625,1291.300048828125,1286.800048828125,1288.800048828125,360968,0.0010874820471591384,-0.001781369995587423,0.004544233914839544,0.35,0.65,0,1295.5709301876773,1298.1537852809504,7.604583915450988,-2.0708337930727794,-0.5558187664774152,1299.0662561967129,0.004544233914839544,0,INFY,15m,2026-02-26 08:00:00
1288.699951171875,1291.0,1288.699951171875,1289.4000244140625,357021,0.00046553038734220564,0.00031033701634020083,0.004530805441699639,0.35,0.6,0,1294.9832248759044,1297.8105005410725,12.264064029481204,-2.28420099181335,-0.9014952115446022,1298.5677311361517,0.004530805441699639,0,INFY,15m,2026-02-26 08:15:00
1289.4000244140625,1293.4000244140625,1289.300048828125,1290.5999755859375,542196,0.0009306275392853003,0.0005426398624908124,0.004532919833500363,0.4,0.55,0,1294.5657725625742,1297.5277348565573,19.5873499282676,-2.3296156438755133,-1.1871192980107845,1298.0092446370768,0.004532919833500363,0,INFY,15m,2026-02-26 08:30:00
1290.699951171875,1292.9000244140625,1289.0999755859375,1289.800048828125,260726,-0.0006198099898842013,-0.015419810054866367,0.0026757637117599967,0.35,0.6,0,1294.1118941116742,1297.2246883456385,19.587473178835026,-2.4024604186915894,-1.4301875221469456,1297.7520382067567,0.0026757637117599967,0,INFY,15m,2026-02-26 08:45:00
1290.0999755859375,1291.9000244140625,1288.5999755859375,1291.300048828125,457223,0.00116297095922957,-0.007837073508932035,0.0023417518099878676,0.3,0.6,0,1293.8440993227648,1296.99234954103,28.49445428890202,-2.3124959497447435,-1.6066492076665053,1297.341629646338,0.0023417518099878676,0,INFY,15m,2026-02-26 09:00:00
1291.300048828125,1295.0,1290.199951171875,1293.800048828125,480303,0.0019360333814506525,-0.013044454395811589,0.0016262368210002833,0.3,0.6,0,1293.839904037561,1296.867161277779,37.86399137205637,-2.016227537324994,-1.688564873598203,1297.0947945445062,0.0016262368210002833,0,INFY,15m,2026-02-26 09:15:00
1293.9000244140625,1295.0,1288.0,1288.699951171875,665855,-0.003941951973853719,-0.0170849094891119,0.0017705434030158944,0.3,0.65,0,1293.3503847170196,1296.546878528528,31.07558676769544,-2.167976855872439,-1.7844472700530503,1296.6178580365702,0.0017705434030158944,0,INFY,15m,2026-02-26 09:30:00
1288.699951171875,1290.300048828125,1287.5,1289.800048828125,836649,0.0008536491797408452,-0.011950341117037744,0.0016055965815329903,0.3,0.65,0,1293.0122574895058,1296.2822969716494,34.36299623420511,-2.1744054051659987,-1.86243889707564,1295.9941681879454,0.0016055965815329903,0,INFY,15m,2026-02-26 09:45:00
1289.800048828125,1291.0,1288.5999755859375,1291.0,615798,0.0009303389102561788,-0.008753089834431793,0.0015880486559049054,0.35,0.6,0,1292.8206139190768,1296.0751480708004,36.567279750029606,-2.0589398684785465,-1.9017390913562213,1295.6564914320893,0.0015880486559049054,0,INFY,15m,2026-02-26 10:00:00
1316.5999755859375,1320.5,1305.0,1305.300048828125,1072958,-0.00895902131693771,0.00461787098785349,0.005311638557649077,0.4,0.55,0,1296.101230720711,1297.2290784720808,60.950780192701075,0.9146664224397227,-1.012253714773998,1310.2666829427083,0.005311638557649077,0,INFY,15m,2026-02-27 04:00:00
1305.0999755859375,1308.800048828125,1304.4000244140625,1305.5999755859375,490087,0.0002297761024998568,0.00523554550521288,0.0053095885500399126,0.4,0.6,0,1297.005873088828,1297.5573489471342,62.09261861040677,1.5374219899315449,-0.5023185738328895,1309.0124976825268,0.0053095885500399126,0,INFY,15m,2026-02-27 04:15:00
1305.5999755859375,1309.0,1304.0,1304.0,409403,-0.0012254715194977006,0.004467762321889834,0.005317899329491817,0.4,0.6,0,1297.6719804137015,1297.8100019295996,60.23488352087694,1.8801820374933413,-0.025818451567643286,1308.3180341248633,0.005317899329491817,0,INFY,15m,2026-02-27 04:30:00
1304.0,1305.0,1302.0999755859375,1302.9000244140625,266470,-0.000843539559768014,0.0038523768440925643,0.005322493587091111,0.4,0.6,0,1298.1698893661169,1298.0096106544806,63.765589495412044,2.0395523181866793,0.3872557023832212,1307.7247684403144,0.005322493587091111,0,INFY,15m,2026-02-27 04:45:00
1302.9000244140625,1305.5,1301.0,1304.699951171875,232851,0.0013814772615587945,0.005006932864334512,0.005328995555903509,0.4,0.65,0,1298.7918000142843,1298.2719769492803,64.02115035178822,2.284756213162609,0.7667558045390989,1307.3487569902202,0.005328995555903509,0,INFY,15m,2026-02-27 05:00:00
1304.9000244140625,1306.800048828125,1304.199951171875,1305.5999755859375,159514,0.000689832488499853,0.007329681489813611,0.00531108275788898,0.4,0.65,0,1299.440197687775,1298.5593494448356,64.21054435026193,2.522627238403402,1.1179300913119596,1307.2387016342084,0.00531108275788898,0,INFY,15m,2026-02-27 05:15:00
1305.5999755859375,1305.9000244140625,1301.300048828125,1303.0,175610,-0.001991402906369233,0.008201776064452826,0.005286876154916058,0.4,0.65,0,1299.7792264794155,1298.7334926038616,60.6164992025685,2.4728400776666604,1.3889120885828998,1306.9985392530168,0.005286876154916058,0,INFY,15m,2026-02-27 05:30:00
1302.800048828125,1307.699951171875,1302.300048828125,1306.699951171875,277246,0.002839563447333049,0.011769222742450625,0.00530660553566029,0.45,0.6,0,1300.4383431167926,1299.0459027437837,63.78462984499212,2.7008053292313434,1.6512907367125886,1306.8698208458559,0.00530660553566029,0,INFY,15m,2026-02-27 05:45:00
1306.199951171875,1311.0999755859375,1306.0,1306.0999755859375,347247,-0.00045915329330148413,0.01106976793412029,0.005311366984045308,0.5,0.55,0,1300.977546209092,1299.3225330513192,62.251639567901854,2.800770874692944,1.8811867643086597,1306.9572043314015,0.005311366984045308,0,INFY,15m,2026-02-27 06:00:00
1306.0999755859375,1308.0999755859375,1305.0,1306.0,150584,-7.654512503352251e-05,0.014447704857239563,0.005231969992213917,0.45,0.55,0,1301.4558751415593,1299.584394500287,60.517243556554575,2.8391985815219414,2.0727891277513164,1306.9323781186856,0.005231969992213917,0,INFY,15m,2026-02-27 06:15:00
1306.0999755859375,1306.5999755859375,1304.0999755859375,1305.0,176706,-0.0007656967840734552,0.012569794039506199,0.00524171344028722,0.45,0.6,0,1301.793410842363,1299.7967711865504,65.12073487247082,2.757178140074302,2.2096669302159135,1306.852500447954,0.00524171344028722,0,INFY,15m,2026-02-27 06:30:00
1305.0999755859375,1307.4000244140625,1304.0999755859375,1307.199951171875,159847,0.0016857863386015026,0.013804813417698902,0.005246703317321085,0.5,0.6,0,1302.3083194451735,1300.0870919702886,65.81823347153295,2.8369909573225414,2.335131735637239,1306.8272423066985,0.005246703317321085,0,INFY,15m,2026-02-27 06:45:00
1307.0999755859375,1307.800048828125,1305.5999755859375,1306.5999755859375,171183,-0.00045897766856528577,0.012397334807584981,0.005252668200550407,0.5,0.6,0,1302.7170486014368,1300.3424991709023,64.33833511728051,2.819330685264731,2.4319715255627377,1306.820521085225,0.005252668200550407,0,INFY,15m,2026-02-27 07:00:00
1306.5999755859375,1307.300048828125,1302.5,1303.199951171875,198466,-0.002602192314091978,0.010389131521528983,0.005296003773346736,0.5,0.6,0,1302.7630393224308,1300.454556112117,28.07538421845095,2.502138146373909,2.446004849724972,1306.705408584055,0.005296003773346736,0,INFY,15m,2026-02-27 07:15:00
1303.199951171875,1305.699951171875,1303.0999755859375,1305.699951171875,152462,0.0019183548907839576,0.011151476650851366,0.0053034429394516,0.5,0.55,0,1303.042745212854,1300.6602578791662,50.89265278095675,2.4245412780533115,2.44171213539064,1306.6411325053305,0.0053034429394516,0,INFY,15m,2026-02-27 07:30:00
1305.699951171875,1307.9000244140625,1305.5999755859375,1306.0999755859375,197927,0.0003063677943033749,0.009506821992280257,0.005293826634808526,0.5,0.55,0,1303.3339100102905,1300.873580142177,51.1111231675691,2.3680266902852054,2.426975046369553,1306.636532376659,0.005293826634808526,1,INFY,15m,2026-02-27 07:45:00
1306.199951171875,1308.4000244140625,1304.5,1308.4000244140625,195294,0.001761005184226505,0.01528678046761267,0.0051954205777496355,0.55,0.55,0,1303.8163970963642,1301.168734819506,59.48288109106407,2.4802424988040457,2.437628536856452,1306.6552577262291,0.0051954205777496355,0,INFY,15m,2026-02-27 08:00:00
1308.800048828125,1313.5,1307.699951171875,1312.9000244140625,550934,0.0034393151299543234,0.01790973384357164,0.005229629386923034,0.6,0.5,0,1304.6815044599546,1301.6287853918416,68.797095995521,2.898870354494875,2.529876900384137,1307.137295349185,0.005229629386923034,0,INFY,15m,2026-02-27 08:15:00
1312.5,1315.0,1308.9000244140625,1308.9000244140625,454684,-0.0030466904757543434,0.013865239670071583,0.005303537496112411,0.6,0.5,1,1305.0832682651078,1301.913932020164,57.291812367279995,2.874731263033482,2.598847772914006,1307.4328708463645,0.005303537496112411,0,INFY,15m,2026-02-27 08:30:00
1308.5999755859375,1309.0,1306.5999755859375,1306.9000244140625,351297,-0.001528000582699418,-0.0077442497615546335,0.0026648080320037623,0.55,0.55,0,1305.2562926602463,1302.1094650552188,52.17400179635829,2.663514239660117,2.611781066263228,1307.4366801092324,0.0026648080320037623,0,INFY,15m,2026-02-27 08:45:00
1306.800048828125,1307.199951171875,1303.699951171875,1303.699951171875,392082,-0.002448598349075848,-0.0012258466225344433,0.001828884404954063,0.55,0.55,0,1305.1080696613537,1302.1718370597937,51.1474609375,2.2124008802086337,2.531905029052309,1307.2836043367224,0.001828884404954063,0,INFY,15m,2026-02-27 09:00:00
1303.800048828125,1305.0999755859375,1303.5,1304.5999755859375,342542,0.000690361622897484,-0.0007659313868715323,0.001835609329833423,0.55,0.55,0,1305.0596797494093,1302.267058178466,46.20944037299653,1.9055487611874469,2.406633775479337,1307.140975459299,0.001835609329833423,0,INFY,15m,2026-02-27 09:15:00
1304.5999755859375,1306.4000244140625,1298.0999755859375,1299.800048828125,2992970,-0.0036792325982197838,-0.0032208214508243627,0.00199438078103943,0.55,0.55,0,1304.558762518811,1302.1703127137466,40.1255142064479,1.2605217612037904,2.1774113726242277,1305.4186397051315,0.00199438078103943,0,INFY,15m,2026-02-27 09:30:00
1300.199951171875,1302.4000244140625,1298.0999755859375,1300.9000244140625,7253624,0.0008462652289704664,-0.0015350371958887665,0.0019996588797263127,0.55,0.5,0,1304.2103112707396,1302.120497486308,42.249282976584034,0.8285411468618804,1.9076373274717584,1303.326878899742,0.0019996588797263127,0,INFY,15m,2026-02-27 09:45:00
1300.800048828125,1300.9000244140625,1296.5999755859375,1299.0,3824929,-0.0014605460668803971,-0.004368783157196687,0.001991682135659929,0.5,0.5,0,1303.7140911497168,1301.9981250358646,41.12427317707393,0.329083833114737,1.5919266286003542,1302.508306689842,0.001991682135659929,0,INFY,15m,2026-02-27 10:00:00
1290.5,1298.699951171875,1290.0999755859375,1298.4000244140625,616650,0.006277590699383495,-0.0035302959216710894,0.0028611281051474083,0.5,0.5,0,1302.052131033803,1301.4162650851601,41.422653979539206,-0.9584443309884136,0.7055454050514751,1295.7333170572917,0.0028611281051474083,0,INFY,15m,2026-03-02 04:00:00
1298.4000244140625,1298.800048828125,1291.5,1294.4000244140625,404046,-0.003080714667889173,-0.009412969478403754,0.0028392245857429845,0.5,0.5,0,1301.3233589747801,1301.141118392176,40.9091711581289,-1.422092553059656,0.280017813429249,1295.4034553165518,0.0028392245857429845,0,INFY,15m,2026-03-02 04:15:00
1294.0,1297.0999755859375,1292.0,1293.800048828125,188920,-0.00046351635863817187,-0.009417293459709764,0.0028392239621295653,0.45,0.5,0,1300.6068532465272,1300.8532333112328,37.20440608198924,-1.817004824465812,-0.13938671414976322,1295.231116953825,0.0028392239621295653,0,INFY,15m,2026-03-02 04:30:00
1294.5,1296.300048828125,1293.300048828125,1296.0,117376,0.0017003795709140679,-0.007656967840735107,0.002879670336000257,0.45,0.45,0,1300.1681053182865,1300.6629104362823,39.54452287621344,-1.930207737646242,-0.49755091884905905,1295.2283674551552,0.002879670336000257,0,INFY,15m,2026-03-02 04:45:00
1295.9000244140625,1295.9000244140625,1293.0,1294.5,117668,-0.0011574074074074403,-0.008045977011494232,0.0028837586100102295,0.45,0.45,0,1299.6282857641638,1300.4212276740752,35.368357751741755,-2.116560929025127,-0.8213529208842727,1295.1663273552042,0.0028837586100102295,0,INFY,15m,2026-03-02 05:00:00
1294.5999755859375,1296.9000244140625,1293.300048828125,1294.0999755859375,138902,-0.00030901847359021684,-0.010021401526364548,0.0028420197215958103,0.45,0.45,0,1299.1017800329041,1300.1733354353248,28.340908835210342,-2.270354568645871,-1.1111532504365924,1295.1312725811035,0.0028420197215958103,0,INFY,15m,2026-03-02 05:15:00
1294.0,1297.0,1293.9000244140625,1296.0,106009,0.0014682207324840935,-0.008112640275524274,0.0028759395707566708,0.45,0.45,0,1298.8063724107226,1300.0096752221748,34.38250933263184,-2.2134062752766113,-1.3316038554045964,1295.1627739628073,0.0028759395707566708,0,INFY,15m,2026-03-02 05:30:00
1295.800048828125,1297.0,1287.5999755859375,1289.5,220169,-0.005015432098765427,-0.010512547333627165,0.0030200654795864332,0.45,0.45,0,1297.9200512287491,1299.597531095815,31.004309781898925,-2.6620831818929673,-1.5976997207022707,1294.725129603353,0.0030200654795864332,0,INFY,15m,2026-03-02 05:45:00
1289.199951171875,1289.4000244140625,1281.0,1282.0,337513,-0.005816207832493259,-0.018151146555994035,0.0031817514146102554,0.45,0.5,0,1296.4038558736302,1298.9074318371556,28.34329878319177,-3.5815641408444208,-1.9944726047307009,1293.1343580312182,0.0031817514146102554,0,INFY,15m,2026-03-02 06:00:00
1282.0,1284.4000244140625,1279.0,1282.300048828125,237938,0.0002340474478355059,-0.018222132457460183,0.0031803362584144237,0.4,0.55,0,1295.0606361550106,1298.256161915233,27.4747659080204,-4.237204140732501,-2.4430189119310612,1292.058756649997,0.0031803362584144237,0,INFY,15m,2026-03-02 06:15:00
1282.300048828125,1282.699951171875,1274.0,1276.0,262941,-0.004913084760374553,-0.024763087595150557,0.0032345368953429843,0.35,0.55,0,1293.245337473581,1297.3833712518906,26.666618795955884,-5.205162974333007,-2.9954477244114504,1290.672153345663,0.0032345368953429843,0,INFY,15m,2026-03-02 06:30:00
1276.199951171875,1279.800048828125,1276.0,1276.800048828125,191022,0.0006269975142045858,-0.02749636294816027,0.0030773508128889336,0.3,0.55,0,1291.6791195073472,1296.5761821372332,26.232800028892342,-5.840395624348275,-3.5644373043988153,1289.818235021468,0.0030773508128889336,0,INFY,15m,2026-03-02 06:45:00
1276.5999755859375,1278.4000244140625,1275.699951171875,1278.199951171875,194816,0.0010964147009822067,-0.02345486490148896,0.003099231179417665,0.25,0.6,0,1290.3953891896833,1295.855545628788,29.282799741269045,-6.159854685977507,-4.0835207807145535,1289.0483547215526,0.003099231179417665,0,INFY,15m,2026-03-02 07:00:00
1277.800048828125,1279.800048828125,1273.0,1274.5,317305,-0.002894657575665538,-0.02479150953309439,0.003122255027301273,0.3,0.6,0,1288.8815426001895,1295.0180732511885,32.52205099951928,-6.635098150412205,-4.593836254654084,1287.8272579199977,0.003122255027301273,0,INFY,15m,2026-03-02 07:15:00
1274.5,1277.5999755859375,1274.5,1276.800048828125,189796,0.001804667577971708,-0.02063350721120305,0.0031806074142272096,0.3,0.55,0,1287.7309241457074,1294.3036409208723,22.58888045482007,-6.748346563319274,-5.024738316387122,1287.226383644374,0.0031806074142272096,0,INFY,15m,2026-03-02 07:30:00
1277.300048828125,1277.5999755859375,1275.5999755859375,1277.300048828125,142511,0.0003916039950491168,-0.020925898565613,0.003172759107917631,0.3,0.5,0,1286.7375074487948,1293.6368333878236,26.183894210334827,-6.720283678123451,-5.363847388734388,1286.834922855926,0.003172759107917631,0,INFY,15m,2026-03-02 07:45:00
1276.9000244140625,1280.300048828125,1276.800048828125,1278.9000244140625,280674,0.0012526231306460023,-0.016079415009182085,0.0031493934453251187,0.3,0.45,0,1285.991080493106,1293.0589193104213,29.810278379674813,-6.494079277702667,-5.589893766528044,1286.2708329666548,0.0031493934453251187,0,INFY,15m,2026-03-02 08:00:00
1278.9000244140625,1280.4000244140625,1275.5,1276.9000244140625,208147,-0.0015638438985223768,-0.01844876589252875,0.0031289095276404587,0.35,0.5,0,1285.1252656284353,1292.425237157623,23.97828682807412,-6.402391165946256,-5.752393246411686,1285.8483998577694,0.0031289095276404587,0,INFY,15m,2026-03-02 08:15:00
1276.9000244140625,1280.699951171875,1274.0,1277.800048828125,299146,0.0007048511213518793,-0.016320208754330268,0.003146851058598574,0.4,0.5,0,1284.4276259331677,1291.851700360388,26.8699362936713,-6.185797208708209,-5.839074038870991,1285.302110093873,0.003146851058598574,0,INFY,15m,2026-03-02 08:30:00
1277.800048828125,1285.199951171875,1277.699951171875,1285.0999755859375,359163,0.0057128865854303434,-0.00403012713741302,0.0031499982381936074,0.45,0.45,0,1284.4916592334314,1291.5869268398212,39.53488372093023,-5.363277333226506,-5.7439146977420945,1285.1101361189124,0.0031499982381936074,0,INFY,15m,2026-03-02 08:45:00
1285.0,1287.4000244140625,1281.5999755859375,1287.4000244140625,391668,0.0017897820183805369,-0.008471965336695142,0.0028054986443745923,0.45,0.45,0,1284.7686463934915,1291.4227345878307,40.09219959891205,-4.474253281152642,-5.489982414424205,1285.136373402605,0.0028054986443745923,0,INFY,15m,2026-03-02 09:00:00
1287.9000244140625,1290.5999755859375,1286.300048828125,1287.5999755859375,522979,0.000155313941341495,-0.005253436881850537,0.0027365343400910045,0.45,0.45,0,1285.0382967927721,1291.2728224701095,47.43931851159669,-3.7107853032114235,-5.134142992181649,1285.4074910090592,0.0027365343400910045,0,INFY,15m,2026-03-02 09:15:00
1287.699951171875,1291.0999755859375,1285.199951171875,1290.5,594124,0.0022522712558632474,-0.002550663706585965,0.0027926957534623177,0.5,0.5,0,1285.5584590029844,1291.2425157065757,63.07692307692307,-2.8389975005320593,-4.675113893851731,1285.73279244088,0.0027926957534623177,0,INFY,15m,2026-03-02 09:30:00
1290.300048828125,1291.0999755859375,1285.800048828125,1290.9000244140625,1585658,0.00030997629915741065,-0.003935166347173946,0.002762028355246781,0.5,0.5,0,1286.0671795183252,1291.2290846754968,63.19015648227545,-2.0917088414646514,-4.158432883374315,1286.4310408262165,0.002762028355246781,0,INFY,15m,2026-03-02 09:45:00
1290.9000244140625,1291.199951171875,1286.5999755859375,1288.300048828125,573200,-0.002014079740309538,-0.004789456293453065,0.0027843161416949837,0.55,0.45,0,1286.2798337383063,1291.1142205246197,71.2804332032372,-1.68979459587149,-3.6647052258737505,1286.5822982296738,0.0027843161416949837,1,INFY,15m,2026-03-02 10:00:00
1311.5999755859375,1315.5999755859375,1304.699951171875,1306.300048828125,1090702,-0.0044961915586728685,0.00794756854021994,0.0051666890207952496,0.55,0.45,0,1290.420000396465,1292.5042074874757,74.86745051269753,1.8294996570989497,-1.891367842360745,1308.8666585286458,0.0051666890207952496,1,INFY,15m,2026-03-04 04:00:00
1306.699951171875,1317.0,1306.4000244140625,1313.699951171875,732405,0.005664779964134947,0.018766926073574997,0.005128380904178483,0.6,0.4,1,1292.6371385655516,1293.3354131221581,82.55825742766994,3.400710228104572,-0.8329522282676816,1310.2727293187859,0.005128380904178483,1,INFY,15m,2026-03-04 04:15:00
1314.0,1314.0,1305.5999755859375,1307.699951171875,644312,-0.004567252967199842,0.020046763784613786,0.0050487352160497176,0.6,0.4,1,1294.0716921471062,1293.8987283397942,74.17845667149348,4.114328650082143,0.15650394740228346,1309.9664905716907,0.0050487352160497176,1,INFY,15m,2026-03-04 04:30:00
1308.0,1310.800048828125,1305.0,1307.4000244140625,335223,-0.0002293544153945115,0.01957418282006307,0.005053520293481099,0.6,0.4,1,1295.3410571249115,1294.4281909309418,73.62650840220994,4.602618684910567,1.0457268949039402,1309.6993863590374,0.005053520293481099,1,INFY,15m,2026-03-04 04:45:00
1307.4000244140625,1310.0,1301.199951171875,1301.800048828125,371200,-0.00428329163329122,0.02021947400323265,0.005016682807148715,0.6,0.4,1,1295.9561991918843,1294.717283397498,66.9129725295035,4.4860089083631465,1.7337832975957816,1309.071794033036,0.005016682807148715,1,INFY,15m,2026-03-04 05:00:00
1301.800048828125,1304.199951171875,1298.199951171875,1304.0,524938,0.001689930165431619,0.021303219088094183,0.005018005659613528,0.6,0.45,1,1296.7222754593238,1295.0813114995572,69.95593573196844,4.519020044056788,2.290830646887983,1308.087069672407,0.005018005659613528,1,INFY,15m,2026-03-04 05:15:00
1304.0,1307.0999755859375,1302.9000244140625,1305.199951171875,578509,0.0009202079538919161,0.021123455665325253,0.0050181048676526665,0.65,0.4,1,1297.5296731462333,1295.4781208984716,70.08806314772056,4.589107266142491,2.7504859707388847,1307.6785539657799,0.0050181048676526665,1,INFY,15m,2026-03-04 05:30:00
1305.699951171875,1310.0,1305.199951171875,1305.800048828125,272685,0.0004597745009959908,0.024558688762750025,0.004934415603368831,0.65,0.35,1,1298.3173279730802,1295.882902385909,66.82942805252031,4.6395924267806095,3.1283072619472296,1307.6378874722661,0.004934415603368831,1,INFY,15m,2026-03-04 05:45:00
1305.800048828125,1306.5999755859375,1297.5999755859375,1299.0,392891,-0.005207572808890282,0.017387179137603015,0.005136087031861683,0.65,0.4,1,1298.3823443565964,1296.0051415080302,58.78790905341346,4.083819441825881,3.3194096979229597,1307.1155628875883,0.005136087031861683,1,INFY,15m,2026-03-04 06:00:00
1299.0,1300.0,1297.9000244140625,1298.0999755859375,178475,-0.0006928594411567124,0.01628429183643698,0.005147168147234056,0.65,0.4,1,1298.3554520927241,1296.0872918640266,57.871099040270565,3.530048694749894,3.3615374972883467,1306.8211249566898,0.005147168147234056,1,INFY,15m,2026-03-04 06:15:00
1298.300048828125,1303.0,1298.199951171875,1302.699951171875,241059,0.0035436219647575484,0.018609685122741748,0.005182662458527014,0.65,0.4,1,1298.7692139097862,1296.3466118368835,58.918137526100686,3.422903869055972,3.373810771641872,1306.5729291943253,0.005182662458527014,0,INFY,15m,2026-03-04 06:30:00
1302.5999755859375,1303.5,1300.4000244140625,1301.300048828125,270391,-0.0010746161021121248,0.01910879782875652,0.005171389713177103,0.65,0.35,1,1299.0102458067709,1296.5408642679126,57.49286306046743,3.18827791986223,3.3367042012859436,1306.3406150901058,0.005171389713177103,0,INFY,15m,2026-03-04 06:45:00
1301.300048828125,1302.300048828125,1299.5,1299.5999755859375,177262,-0.0013064421566097995,0.017060514888698863,0.005196099135016223,0.6,0.35,1,1299.066410547644,1296.6608294176392,58.24816581692207,2.8325021406910764,3.23586378916697,1306.161403888059,0.005196099135016223,0,INFY,15m,2026-03-04 07:00:00
1299.5,1301.9000244140625,1299.0999755859375,1301.699951171875,253601,0.0016158630543146035,0.012917263949342672,0.005073990249162282,0.55,0.4,0,1299.317223940428,1296.8584420354525,38.75795945253604,2.6890006266496584,3.126491156663508,1305.9413547831653,0.005073990249162282,0,INFY,15m,2026-03-04 07:15:00
1301.699951171875,1305.0,1301.5,1303.9000244140625,252594,0.0016901538946874073,0.012816529196129078,0.005072865355152026,0.55,0.4,0,1299.753681128393,1297.1345825208882,47.209266014676864,2.7214312019009412,3.045479165710995,1305.8423894775838,0.005072865355152026,0,INFY,15m,2026-03-04 07:30:00
1303.9000244140625,1305.0999755859375,1302.300048828125,1303.5,159411,-0.0003067907098492917,0.012348574647049748,0.0050762839103292694,0.55,0.4,0,1300.1104734018795,1297.3842067357552,35.8334011501736,2.68391553179481,2.973166438927758,1305.7880094359384,0.0050762839103292694,0,INFY,15m,2026-03-04 07:45:00
1303.4000244140625,1304.800048828125,1297.800048828125,1297.800048828125,355699,-0.004372804888281512,0.005656760037291653,0.005179681833982832,0.5,0.4,0,1299.890432966284,1297.4005142687893,36.13457159074589,2.1692400211995846,2.812381155382124,1305.4935810717195,0.005179681833982832,0,INFY,15m,2026-03-04 08:00:00
1297.800048828125,1301.800048828125,1295.4000244140625,1298.0999755859375,519920,0.0002311039809894666,0.005577466136576392,0.00517969963843655,0.5,0.45,0,1299.7199132157748,1297.4279441243636,36.97470371408837,1.7652093195481484,2.6029467882153288,1304.9942453043554,0.00517969963843655,0,INFY,15m,2026-03-04 08:15:00
1298.199951171875,1298.5,1296.199951171875,1298.0,489173,-7.701686142658204e-05,0.00752926399459386,0.0051523716976766875,0.45,0.45,0,1299.5561119571296,1297.4503776881143,43.70851825802958,1.4205694430850144,2.366471319189266,1304.5308307188743,0.0051523716976766875,0,INFY,15m,2026-03-04 08:30:00
1298.199951171875,1306.9000244140625,1297.4000244140625,1305.5999755859375,626732,0.00585514297838019,-0.005029702660820368,0.003214272992824728,0.45,0.45,0,1300.131718017016,1297.769969762539,52.247158262897116,1.7406294790011998,2.2413029511516527,1304.439726512334,0.003214272992824728,0,INFY,15m,2026-03-04 08:45:00
1306.0,1309.800048828125,1303.0,1309.4000244140625,646235,0.0029105766691053248,0.002373096126512708,0.0031243845282376173,0.45,0.45,0,1301.0144138643539,1298.2260503371085,55.49746752520491,2.274690331275906,2.247980427176503,1304.6496420812718,0.0031243845282376173,0,INFY,15m,2026-03-04 09:00:00
1309.4000244140625,1313.5,1308.800048828125,1311.199951171875,1173060,0.001374619462541915,-0.0019030220696666378,0.0028599788361924642,0.45,0.45,0,1301.9844650364987,1298.7348307620014,56.85268493388359,2.8107755799060214,2.360539457722407,1305.3928373326823,0.0028599788361924642,0,INFY,15m,2026-03-04 09:15:00
1311.4000244140625,1314.5999755859375,1307.699951171875,1308.199951171875,945053,-0.002287980561102687,0.00038235070633141355,0.0027139195380227656,0.5,0.45,0,1302.576416097011,1299.1060119545455,62.921332903570914,2.9594375202298124,2.480319070223888,1305.7945175382522,0.0027139195380227656,0,INFY,15m,2026-03-04 09:30:00
1308.199951171875,1309.5,1306.0,1306.5,1504631,-0.0012994582138243782,-0.0006884078302399343,0.0027296515592893375,0.5,0.45,0,1302.9500907544384,1299.3959722700536,61.53856472616177,2.9065761261999796,2.5655704814191065,1305.9763109333396,0.0027296515592893375,0,INFY,15m,2026-03-04 09:45:00
1306.5,1307.5999755859375,1305.300048828125,1307.4000244140625,830772,0.0006888820620456482,0.004301717142335848,0.0025419429053076133,0.5,0.45,0,1303.3738939601167,1299.7098566678578,57.18669389309272,2.9038339487949543,2.633223174894276,1306.0247094133033,0.0025419429053076133,0,INFY,15m,2026-03-04 10:00:00
1311.4000244140625,1311.800048828125,1300.199951171875,1300.800048828125,607718,-0.00800732068101695,-0.0033710561663747862,0.0031829407140357797,0.5,0.45,0,1303.8117451833382,1300.1893024318156,51.36372337680713,2.5220030709729144,2.698416478623381,1304.2666829427083,0.0031829407140357797,0,INFY,15m,2026-03-05 04:00:00
1300.699951171875,1304.0,1297.5999755859375,1301.9000244140625,292050,0.0008456146560944511,-0.0029866934203001128,0.003188085607595709,0.45,0.5,0,1303.6296765386453,1300.2563895683743,50.23264396530922,2.065714962815264,2.5718761754617576,1303.2604682813533,0.003188085607595709,0,INFY,15m,2026-03-05 04:15:00
1302.0999755859375,1303.699951171875,1300.9000244140625,1300.9000244140625,160762,-0.0007681081352234331,0.001462682381880187,0.0029636795249227575,0.45,0.45,0,1303.3697096696374,1300.2816301505582,46.41146648599398,1.6049112887565116,2.3784831981207084,1303.044133931063,0.0029636795249227575,0,INFY,15m,2026-03-05 04:30:00
1300.5999755859375,1301.0,1294.4000244140625,1295.5999755859375,347150,-0.004074140002043758,-0.001925891724072759,0.0031030877817890337,0.45,0.5,0,1302.6297349949991,1300.0980358539064,41.54169879628298,0.8027972639451946,2.063346011285606,1301.5535813238166,0.0031030877817890337,0,INFY,15m,2026-03-05 04:45:00
1295.4000244140625,1296.0,1290.300048828125,1292.0999755859375,336914,-0.002701451116049247,-0.00813692790607845,0.003031395568849216,0.4,0.55,0,1301.6269007655646,1299.784386431633,43.59540575460234,-0.11399061605152383,1.6278786858181802,1299.8631012715412,0.003031395568849216,0,INFY,15m,2026-03-05 05:00:00
1292.5999755859375,1295.199951171875,1292.0999755859375,1294.0,476101,0.001470493344139845,-0.005609812152623017,0.003055092657172682,0.35,0.55,0,1300.9005292640823,1299.5575477480397,45.553169460692544,-0.6794037811262115,1.1664221924293021,1298.5560644045356,0.003055092657172682,0,INFY,15m,2026-03-05 05:15:00
1294.0999755859375,1295.5999755859375,1292.800048828125,1294.0999755859375,257476,7.726088557769017e-05,-0.004232071486089617,0.0030462029825784067,0.4,0.5,0,1300.2528574852113,1299.3435253103103,45.7700363563184,-1.1066735499716742,0.711803043949107,1298.100016548292,0.0030462029825784067,0,INFY,15m,2026-03-05 05:30:00
1294.0,1295.300048828125,1293.5,1295.0,219140,0.0006954829078449354,-0.005147077992776472,0.003024077556067424,0.4,0.45,0,1299.7525853437626,1299.1731909844157,36.548262667885304,-1.3570205831308613,0.29803831853311336,1297.815662960715,0.003024077556067424,0,INFY,15m,2026-03-05 05:45:00
1295.0,1295.9000244140625,1293.5999755859375,1295.0,240597,0.0,-0.006825695411779686,0.002990326864196194,0.4,0.45,0,1299.299958168166,1299.0095364360072,29.775232739554582,-1.5376967990459889,-0.06910870498270708,1297.571428096533,0.002990326864196194,0,INFY,15m,2026-03-05 06:00:00
1294.5999755859375,1295.800048828125,1293.5,1294.800048828125,319188,-0.00015440244932429792,-0.006674300860663562,0.0029906050856832,0.35,0.5,0,1298.8713953738763,1298.8444584906001,25.882496553308826,-1.6776791494532972,-0.3908227938768251,1297.2900378639326,0.0029906050856832,0,INFY,15m,2026-03-05 06:15:00
1294.800048828125,1298.5,1290.199951171875,1298.0999755859375,592754,0.002548599500594051,0.0002311039809894666,0.0028972280184971612,0.4,0.5,0,1298.797926822644,1298.8152630825741,35.27697208036015,-1.5049910598393126,-0.6136564470693227,1297.029822225523,0.0028972280184971612,0,INFY,15m,2026-03-05 06:30:00
1298.5,1299.4000244140625,1295.4000244140625,1295.800048828125,457284,-0.0017717639635378424,-0.0017717639635378424,0.002923877334305236,0.45,0.45,0,1298.5124146326898,1298.6970193863212,34.67051416579223,-1.5360131690570142,-0.798127791466861,1297.0125036231696,0.002923877334305236,0,INFY,15m,2026-03-05 06:45:00
1295.800048828125,1301.0,1295.800048828125,1298.5999755859375,269188,0.0021607706839836816,0.00046223080580709563,0.002966686496493547,0.5,0.45,0,1298.5207537710944,1298.6932137470903,38.04334845951756,-1.3194578361224103,-0.902393800397971,1297.0980407492743,0.002966686496493547,0,INFY,15m,2026-03-05 07:00:00
1298.5,1300.0999755859375,1296.0999755859375,1300.0,250155,0.001078102911122203,-0.004289197066983941,0.002647965508803046,0.45,0.45,0,1298.6616343643236,1298.7444602668124,33.527531816758255,-1.0230725612073002,-0.9265295525598369,1297.1827966788753,0.002647965508803046,0,INFY,15m,2026-03-05 07:15:00
1300.0999755859375,1300.9000244140625,1298.0999755859375,1298.699951171875,186778,-0.0010000375600961453,-0.008171737469590767,0.002547775356322782,0.45,0.45,0,1298.6652835840905,1298.742714812109,45.816514118413764,-0.8829105279910436,-0.9178057476460784,1297.2591925724096,0.002547775356322782,0,INFY,15m,2026-03-05 07:30:00
1299.0999755859375,1302.0,1298.4000244140625,1298.4000244140625,388779,-0.0002309438431423727,-0.009761994535137597,0.0025137482348623567,0.45,0.45,0,1298.6400208059927,1298.7292759729698,42.79829602539886,-0.7869610920145078,-0.8916368165197643,1297.4276593200593,0.0025137482348623567,0,INFY,15m,2026-03-05 07:45:00
1300.300048828125,1303.800048828125,1298.699951171875,1300.300048828125,379323,0.0014633582704375314,-0.006038757558944563,0.0025122769528768633,0.45,0.4,0,1298.7981187128626,1298.790874908466,48.8095641769644,-0.5512499157885031,-0.8235594363735121,1297.6576726123737,0.0025122769528768633,0,INFY,15m,2026-03-05 08:00:00
1300.5,1301.9000244140625,1297.5,1300.699951171875,244608,0.00030754620374762176,-0.004439379126004561,0.0025043079470150847,0.45,0.4,0,1298.9792456137209,1298.8657406442862,62.56171261914068,-0.3283928253317754,-0.7245261141651648,1297.754105901815,0.0025043079470150847,0,INFY,15m,2026-03-05 08:15:00
1300.699951171875,1301.0,1298.800048828125,1301.0,244442,0.00023068258582981116,-0.004895230453227817,0.0024976479633166872,0.45,0.35,0,1299.1716984124141,1298.9494370896084,76.02387190268487,-0.1261118043503302,-0.6048432522021978,1297.8520547840853,0.0024976479633166872,0,INFY,15m,2026-03-05 08:30:00
1301.0,1301.0,1296.300048828125,1297.5999755859375,348963,-0.0026133930930534177,-0.010447702838439543,0.0024298500388365302,0.4,0.4,0,1299.0220105241783,1298.8965170306408,59.67749345339275,-0.23741937018075987,-0.5313584757979103,1297.8756701955592,0.0024298500388365302,0,INFY,15m,2026-03-05 08:45:00
1297.5999755859375,1301.9000244140625,1297.5999755859375,1299.699951171875,433447,0.0016183535954439332,-0.0008457084985821206,0.0017183402774358831,0.45,0.35,0,1299.0865763001495,1298.9280242518655,63.592350950797915,-0.15440109871747154,-0.4559670003818226,1297.9898361322735,0.0017183402774358831,0,INFY,15m,2026-03-05 09:00:00
1299.699951171875,1309.4000244140625,1299.5,1307.5999755859375,615244,0.006078344780223732,0.0043781788654932985,0.00219318723619831,0.5,0.3,0,1299.8973762321293,1299.2681007747703,72.82626483323529,0.5426026410004852,-0.256253072105361,1298.5924113150525,0.00219318723619831,0,INFY,15m,2026-03-05 09:15:00
1307.699951171875,1311.199951171875,1305.699951171875,1309.0,780218,0.0010706825024489053,0.00622643972167336,0.0021880881712887713,0.55,0.3,0,1300.7642927814504,1299.649743881642,74.13813424479935,1.1941875454226647,0.03383505140024412,1299.5197105552336,0.0021880881712887713,1,INFY,15m,2026-03-05 09:30:00
1309.0999755859375,1309.199951171875,1303.4000244140625,1303.699951171875,708794,-0.004048929586038974,0.006251910881886369,0.002185433642017287,0.55,0.3,0,1301.0438792948241,1299.8085755400825,63.04976623971705,1.268283646126065,0.28072477034540827,1299.9774466723136,0.002185433642017287,0,INFY,15m,2026-03-05 09:45:00
1304.199951171875,1306.0,1301.5,1305.800048828125,512561,0.001610874998010381,0.01060295139776235,0.00208258381499183,0.55,0.3,0,1301.4968478218052,1300.0435352768684,61.70223028603019,1.4794119295559085,0.5204622021875083,1300.2136419683634,0.00208258381499183,0,INFY,15m,2026-03-05 10:00:00
1323.300048828125,1326.0,1316.0999755859375,1317.5,582957,-0.004006689319992374,0.018082083962228213,0.0036641211038085262,0.55,0.3,0,1304.8566075263955,1301.5855182564082,68.8622170892815,3.706169356590408,1.5517843667576146,1319.8666585286458,0.0036641211038085262,0,INFY,15m,2026-03-06 04:00:00
1317.5,1322.0,1316.800048828125,1318.4000244140625,293166,0.0006831304850569708,0.01806951692205594,0.0036641589244499023,0.55,0.3,0,1306.1464567537923,1302.2449106547476,68.54832953916201,4.301460916702354,2.1017196767465625,1319.59897550145,0.0036641589244499023,0,INFY,15m,2026-03-06 04:15:00
1318.0999755859375,1319.199951171875,1317.800048828125,1318.199951171875,226649,-0.000151754580159702,0.017915020209942067,0.0036662819436649504,0.5,0.3,0,1307.2944086031334,1302.8705985181643,70.10299158851689,4.702877681895416,2.621951277776333,1319.352550775961,0.0036662819436649504,0,INFY,15m,2026-03-06 04:30:00
1318.300048828125,1320.199951171875,1318.0999755859375,1320.0,117977,0.0013655354990149693,0.01946242680071153,0.0036591399745332285,0.55,0.25,0,1308.5044649266447,1303.542339752746,71.59981738415001,5.107377587559313,3.119036539732929,1319.3603554954188,0.0036591399745332285,0,INFY,15m,2026-03-06 04:45:00
1320.0,1320.5999755859375,1318.300048828125,1319.0,260331,-0.0007575757575757347,0.016100473620784594,0.0036587785020099233,0.55,0.2,0,1309.5040396955358,1304.1485225075405,69.04258757427343,5.286317655101584,3.55249276280666,1319.3497481765037,0.0036587785020099233,0,INFY,15m,2026-03-06 05:00:00
1318.4000244140625,1320.9000244140625,1315.0,1317.699951171875,545971,-0.00098563216688774,0.016900680289027248,0.0036337735188008086,0.55,0.25,0,1310.2846026932823,1304.6799510826124,66.99983398599623,5.262562329648972,3.894506676175123,1318.9502890912954,0.0036337735188008086,0,INFY,15m,2026-03-06 05:15:00
1317.5,1319.4000244140625,1316.300048828125,1317.0,211488,-0.0005311916201048428,0.014169124256883103,0.0036323100969922442,0.5,0.25,0,1310.924164341541,1305.1630902558434,65.87289285022283,5.128141826427964,4.141233706225691,1318.8195724157947,0.0036323100969922442,0,INFY,15m,2026-03-06 05:30:00
1317.0,1318.5999755859375,1314.199951171875,1314.800048828125,145653,-0.0016704260986142305,0.01138465294471147,0.003669453369802305,0.5,0.3,0,1311.293296197406,1305.5410101998546,67.4796364709998,4.788891574280115,4.270765279836576,1318.6391755490972,0.003669453369802305,0,INFY,15m,2026-03-06 05:45:00
1314.800048828125,1315.5999755859375,1313.0,1314.800048828125,228460,0.0,0.012397088058502037,0.0036536763991157624,0.45,0.35,0,1311.6272726384268,1305.9041097539045,66.02971133561059,4.4685229542294564,4.3103168147151525,1318.2743165781865,0.0036536763991157624,0,INFY,15m,2026-03-06 06:00:00
1314.300048828125,1315.199951171875,1312.300048828125,1313.0,151776,-0.0013690665966504811,0.011244589734605182,0.003676461189296128,0.4,0.4,0,1311.7580085776242,1306.1823799596339,56.585336806847785,4.023004921413531,4.252854436054829,1318.0121912224274,0.003676461189296128,0,INFY,15m,2026-03-06 06:15:00
1312.9000244140625,1315.5999755859375,1311.199951171875,1313.5999755859375,275258,0.0004569501796933828,0.010228352117496842,0.0036704096427480426,0.4,0.45,0,1311.9334340069875,1306.4732660626262,55.72131749873224,3.675967421972473,4.137477033238358,1317.600569443602,0.0036704096427480426,0,INFY,15m,2026-03-06 06:30:00
1313.5,1316.5,1312.5,1315.0,719948,0.0010657920524381748,0.010994118063309966,0.0036720662741627007,0.45,0.4,0,1312.2254879110837,1306.8076477856605,65.56467992951589,3.473863437811815,4.00475431415305,1317.0387441604894,0.0036720662741627007,0,INFY,15m,2026-03-06 06:45:00
1313.699951171875,1315.0,1308.300048828125,1310.9000244140625,240371,-0.0031178521566064266,0.007609549895513101,0.0037627641868381656,0.45,0.45,0,1312.0992532923199,1306.968133143637,56.65790186610572,2.9488680936472065,3.7935770700518816,1316.6998984080044,0.0037627641868381656,0,INFY,15m,2026-03-06 07:00:00
1310.9000244140625,1312.5,1308.9000244140625,1311.300048828125,103400,0.00030515249569940117,0.01055800978726218,0.0036963349131798446,0.45,0.4,0,1312.0231385814443,1307.1380121900875,23.50254263984519,2.5358524001258047,3.5420321360666662,1316.5537497897292,0.0036963349131798446,0,INFY,15m,2026-03-06 07:15:00
1311.5,1312.699951171875,1310.0999755859375,1310.699951171875,98234,-0.0004576356546209803,0.008463491892941821,0.003693362025534319,0.45,0.4,0,1311.897120732914,1307.2776960717263,30.00014361006994,2.1354949651004063,3.2607247018734142,1316.427799245034,0.003693362025534319,0,INFY,15m,2026-03-06 07:30:00
1310.699951171875,1311.300048828125,1307.0,1307.4000244140625,152164,-0.0025176828265401907,-0.0001529146341452403,0.003496105777048002,0.4,0.45,0,1311.4688258454044,1307.2824932616218,21.649698601865012,1.5342464644988922,2.9154290543985097,1316.1530560693063,0.003496105777048002,0,INFY,15m,2026-03-06 07:45:00
1307.4000244140625,1309.300048828125,1307.0,1307.9000244140625,270229,0.00038243842027152475,-0.0008403174835275307,0.003488371593392265,0.35,0.45,0,1311.1289399948005,1307.3067101695606,23.85815110637428,1.0855845741189114,2.5494601583425904,1315.6804879027154,0.003488371593392265,0,INFY,15m,2026-03-06 08:00:00
1307.800048828125,1311.800048828125,1307.4000244140625,1309.5999755859375,204255,0.0012997562047118993,0.004525599934830815,0.0033674859536612562,0.4,0.4,0,1310.9833243368137,1307.3966421466735,23.46929242727154,0.8573061543513631,2.211029357544345,1315.4232607055528,0.0033674859536612562,0,INFY,15m,2026-03-06 08:15:00
1309.5999755859375,1310.699951171875,1305.5,1308.800048828125,318066,-0.0006108176334186366,0.0022974420951296093,0.003356201921432502,0.4,0.4,0,1310.7753933359863,1307.4516777028089,23.711333719262043,0.604873848732268,1.8897982557819297,1314.9850737332304,0.003356201921432502,0,INFY,15m,2026-03-06 08:30:00
1308.5,1311.800048828125,1308.5,1311.0,428917,0.001680891725091893,-0.008920508310064523,0.00151567372801722,0.4,0.4,0,1310.7967844468449,1307.5908275968166,33.49749843652283,0.5757007814167991,1.6269787609089037,1314.6349002248564,0.00151567372801722,0,INFY,15m,2026-03-06 08:45:00
1310.9000244140625,1314.4000244140625,1310.5,1313.0999755859375,269890,0.001601812041142292,-0.0033396769746204535,0.0013298136985909524,0.45,0.4,0,1311.0161359839012,1307.806872615998,41.01369785953365,0.7138031169406531,1.4443436321152536,1314.5440204961546,0.0013298136985909524,0,INFY,15m,2026-03-06 09:00:00
1313.0999755859375,1314.5,1305.699951171875,1310.0,487085,-0.002360806978580765,-0.006371377623264007,0.0013998134010054484,0.5,0.45,0,1310.9193611282917,1307.892877611449,39.380354114228304,0.5665769442769033,1.2687902945475835,1314.1996150257642,0.0013998134010054484,0,INFY,15m,2026-03-06 09:15:00
1310.0,1312.699951171875,1306.9000244140625,1307.300048828125,407719,-0.00206103142891223,-0.008268777687375883,0.0014519680821500065,0.5,0.45,0,1310.574664718752,1307.8696294238678,35.1777511869379,0.22939136572381358,1.0609105087828294,1313.8830600480228,0.0014519680821500065,0,INFY,15m,2026-03-06 09:30:00
1307.199951171875,1310.0,1306.5999755859375,1308.300048828125,714873,0.000764935334391259,-0.008863599372632591,0.0014190626506167194,0.45,0.5,0,1310.3580346339306,1307.8865086161916,40.40816733266236,0.04237256354440433,0.8572029197351445,1313.3476797213893,0.0014190626506167194,0,INFY,15m,2026-03-06 09:45:00
1308.5,1312.4000244140625,1307.4000244140625,1310.5,431191,0.001681534120437922,-0.006444275966641433,0.0014935585465766163,0.45,0.5,0,1310.371555144985,1307.9889984743802,44.061288346140714,0.070859663142528,0.6999342684166212,1313.1701044897693,0.0014935585465766163,0,INFY,15m,2026-03-06 10:00:00
1288.5,1300.0,1286.699951171875,1300.0,754365,0.008690216284565455,-0.012908124525436548,0.004499856410376441,0.45,0.5,0,1307.525018736527,1306.9527066982482,39.812991564541406,-2.065943584516617,-0.22741944713946738,1295.566650390625,0.004499856410376441,0,INFY,15m,2026-03-09 04:00:00
1299.800048828125,1300.4000244140625,1288.0999755859375,1291.4000244140625,583701,-0.006615365835336506,-0.017797401540195268,0.0046912506955792705,0.5,0.45,0,1305.9893049915304,1306.3427975890645,33.87345358428152,-3.0631893536294683,-0.7945734284374676,1294.5778790224808,0.0046912506955792705,0,INFY,15m,2026-03-09 04:15:00
1290.699951171875,1294.800048828125,1289.4000244140625,1292.9000244140625,228424,0.0011615301003888856,-0.016656543657403988,0.004709961433084873,0.5,0.4,0,1304.7427068412953,1305.8156300135743,35.782689663913885,-3.689941003462536,-1.3736469434424814,1294.255447002176,0.004709961433084873,0,INFY,15m,2026-03-09 04:30:00
1292.9000244140625,1294.800048828125,1290.300048828125,1292.5,203949,-0.0003094008867730036,-0.015613099771515593,0.00470952522267596,0.5,0.35,0,1303.576734761172,1305.2934484444145,37.520830820003304,-4.170845913103676,-1.9330867373747203,1294.0570686781093,0.00470952522267596,0,INFY,15m,2026-03-09 04:45:00
1292.5,1296.0999755859375,1291.199951171875,1293.0,184191,0.0003868471953578645,-0.01568207671193722,0.004708585347958899,0.5,0.3,0,1302.5694266886794,1304.8113524269866,37.520830820003304,-4.460206216519509,-2.4385106332036783,1293.9982898126768,0.004708585347958899,0,INFY,15m,2026-03-09 05:00:00
1293.0,1296.0,1292.9000244140625,1294.300048828125,170878,0.0010054515298723032,-0.01574140773526611,0.004707359979328462,0.45,0.3,0,1301.781866892436,1304.3991444427177,37.0994868078957,-4.532376847248088,-2.8572838760125605,1294.0305868471814,0.004707359979328462,0,INFY,15m,2026-03-09 05:15:00
1294.5,1301.800048828125,1294.4000244140625,1295.4000244140625,381221,0.0008498613493319596,-0.011823937532481232,0.004687320775474589,0.5,0.25,0,1301.1740723706862,1304.0462377749272,38.758318125679736,-4.449522430310935,-3.1757315868722356,1294.5125931833543,0.004687320775474589,0,INFY,15m,2026-03-09 05:30:00
1295.300048828125,1297.0999755859375,1293.0,1296.5999755859375,216174,0.000926317082954986,-0.011210304808060179,0.004695573338628429,0.5,0.3,0,1300.738444105472,1303.754227493006,37.71323344075292,-4.238178592158874,-3.3882209879295635,1294.5962758421654,0.004695573338628429,0,INFY,15m,2026-03-09 05:45:00
1296.5,1302.800048828125,1295.4000244140625,1298.699951171875,531790,0.0016196017472456248,-0.00915541347908877,0.004720699446067831,0.5,0.3,0,1300.5443019213199,1303.5560205784518,37.71323344075292,-3.856778061484647,-3.4819324026405805,1295.310362997015,0.004720699446067831,0,INFY,15m,2026-03-09 06:00:00
1298.5999755859375,1304.699951171875,1298.5,1301.9000244140625,317619,0.0024640589531861323,-0.0042068226229878825,0.004737209116578022,0.55,0.25,0,1300.6734183492001,1303.4910795523972,43.10051178179505,-3.2587315972034503,-3.4372922415531546,1295.8784733777607,0.004737209116578022,0,INFY,15m,2026-03-09 06:15:00
1301.5999755859375,1301.9000244140625,1295.300048828125,1297.199951171875,894966,-0.0036101644934700694,-0.008181109444493795,0.004795142929131216,0.55,0.3,0,1300.3426119513597,1303.244368635514,41.680308252925066,-3.127974750237854,-3.3754287432900947,1296.3302093740988,0.004795142929131216,0,INFY,15m,2026-03-09 06:30:00
1297.5,1298.699951171875,1294.300048828125,1295.5999755859375,174826,-0.0012334070661135232,-0.010690287309860547,0.004781327527904381,0.5,0.35,0,1299.8909322975098,1302.944588515923,39.64103718071008,-3.1175168712914,-3.323846368890356,1296.3253052601942,0.004781327527904381,0,INFY,15m,2026-03-09 06:45:00
1295.5,1299.5999755859375,1293.0999755859375,1296.800048828125,421707,0.0009262683426995988,-0.009168703814417367,0.004792238884670881,0.55,0.35,0,1299.596562443283,1302.703626175225,38.64018235629927,-2.9780637801898138,-3.254689851150248,1296.339853590422,0.004792238884670881,0,INFY,15m,2026-03-09 07:00:00
1296.4000244140625,1299.800048828125,1295.699951171875,1295.699951171875,149442,-0.0008483170996516076,-0.01167051779414574,0.004766364141121225,0.55,0.35,0,1299.2254566079107,1302.4289722535252,58.69001057732517,-2.922624689595068,-3.188276818839212,1296.3606877926784,0.004766364141121225,0,INFY,15m,2026-03-09 07:15:00
1295.699951171875,1302.5999755859375,1295.300048828125,1302.4000244140625,621433,0.005171006787588306,-0.008148618818685449,0.00491664239063279,0.55,0.4,0,1299.5277963989727,1302.4278370441345,53.40909484985834,-2.3114044632325204,-3.012902347717874,1296.7589512326308,0.00491664239063279,0,INFY,15m,2026-03-09 07:30:00
1302.4000244140625,1302.9000244140625,1299.5,1299.699951171875,365103,-0.002073152020557023,-0.00786263269322518,0.0049110142388325605,0.55,0.35,0,1299.54419209163,1302.3208611275752,64.16349691078995,-2.021577883969485,-2.8146374549681963,1296.9910374789365,0.0049110142388325605,0,INFY,15m,2026-03-09 07:45:00
1299.800048828125,1303.4000244140625,1299.5,1302.0,211500,0.001769676782745977,-0.004054194622631568,0.004916825749968364,0.6,0.35,0,1299.778078559094,1302.3082783382586,65.11600556404943,-1.587988174508837,-2.5693075988763243,1297.1441809878934,0.004916825749968364,0,INFY,15m,2026-03-09 08:00:00
1302.0,1304.699951171875,1300.5999755859375,1300.800048828125,183878,-0.0009216214837749481,-0.00573262991675183,0.004914019927359222,0.65,0.3,0,1299.8754090609066,1302.2491320829592,63.430329941217366,-1.3259070064541447,-2.3206274803918885,1297.2804938452587,0.004914019927359222,0,INFY,15m,2026-03-09 08:15:00
1301.0,1303.9000244140625,1300.4000244140625,1302.199951171875,167811,0.0010761856482179866,-0.006333497770412033,0.004903181217723134,0.6,0.35,0,1300.0967940238559,1302.2472034197795,64.46519876548896,-0.9937895851837766,-2.0552599013502664,1297.4017353378872,0.004903181217723134,0,INFY,15m,2026-03-09 08:30:00
1302.300048828125,1306.0,1301.800048828125,1302.300048828125,229388,7.686811549945105e-05,0.010474859938339742,0.0030689661674512146,0.65,0.3,0,1300.3066278147387,1302.2492757887342,63.07174941558494,-0.7142733926905294,-1.7870625996183191,1297.597418906897,0.0030689661674512146,0,INFY,15m,2026-03-09 08:45:00
1302.300048828125,1307.5999755859375,1301.4000244140625,1306.0,238328,0.002841089636143712,0.004615384615384688,0.0024702727541741744,0.65,0.35,0,1300.8488537371445,1302.3963630127055,65.9636660452906,-0.19198655702416545,-1.4680473910994885,1297.841412408317,0.0024702727541741744,0,INFY,15m,2026-03-09 09:00:00
1306.0,1312.0999755859375,1305.9000244140625,1311.199951171875,349526,0.003981585889643924,0.015332140609797706,0.00201933002115433,0.65,0.35,0,1301.8346725404522,1302.7416017640455,69.62345567605703,0.6342113314337894,-1.0475956465928329,1298.3897513568354,0.00201933002115433,0,INFY,15m,2026-03-09 09:15:00
1311.199951171875,1316.699951171875,1309.699951171875,1316.0,530760,0.003660806137031125,0.01786679182437667,0.002120107303354188,0.7,0.35,0,1303.1837513461232,1303.2615389497691,71.67904694307113,1.6571997678661319,-0.5066365637010399,1299.4199654977288,0.002120107303354188,0,INFY,15m,2026-03-09 09:30:00
1316.0,1317.0,1313.5999755859375,1315.4000244140625,584639,-0.0004559084999524732,0.017717620436412007,0.0021247103345690527,0.75,0.35,0,1304.347205924022,1303.7375579875848,68.0963726093388,2.3919396668441095,0.07307868240798993,1300.4898807571299,0.0021247103345690527,0,INFY,15m,2026-03-09 09:45:00
1315.300048828125,1316.4000244140625,1314.0,1315.800048828125,497866,0.0003041085651802611,0.017633448436291665,0.002125802673097467,0.7,0.35,0,1305.4379528672698,1304.2105968440767,78.18175765153252,2.9722427926142245,0.6529115044492368,1301.2973279419464,0.002125802673097467,0,INFY,15m,2026-03-09 10:00:00
1309.800048828125,1310.0,1299.5,1301.5,512302,-0.006260938747487899,0.00470895126676929,0.0028932300308156015,0.7,0.45,0,1305.430156756498,1304.311125812177,55.280815041174506,2.1675777315811047,1.316404037026451,1303.6666666666667,0.0028932300308156015,0,INFY,15m,2026-03-10 04:00:00
1301.5,1301.5,1294.699951171875,1298.5,614943,-0.0023050326546292244,0.0014653898271159704,0.0029426250283297937,0.7,0.45,0,1304.7701418273077,1304.083238525425,53.01728447028493,1.324704873302835,1.3180642042817279,1300.702625744917,0.0029426250283297937,0,INFY,15m,2026-03-10 04:15:00
1298.9000244140625,1299.9000244140625,1294.5,1295.300048828125,249249,-0.0024643443757219607,-0.002617927521042951,0.0029715263353022893,0.65,0.5,0,1303.8682282083378,1303.7387997137664,41.72497488881364,0.3939712883109223,1.1332456210875668,1299.9537103271134,0.0029715263353022893,0,INFY,15m,2026-03-10 04:30:00
1295.300048828125,1300.800048828125,1294.5,1297.5,210764,0.0016984104755228824,-0.003379694547622991,0.002941167344564147,0.65,0.5,0,1303.2617302837343,1303.494140901462,47.40571198249554,-0.1642309573117018,0.8737503054077131,1299.6411751419196,0.002941167344564147,0,INFY,15m,2026-03-10 04:45:00
1297.699951171875,1301.5999755859375,1296.0,1301.5,177150,0.003082851637765005,0.003314869711674273,0.0029091539068308385,0.7,0.45,0,1303.0939464471883,1303.4159392974832,49.433104692940944,-0.28060900208924977,0.6428784439083206,1299.6470804551798,0.0029091539068308385,0,INFY,15m,2026-03-10 05:00:00
1301.300048828125,1302.0,1299.0,1300.5,148613,-0.0007683442182097044,0.003782050406296422,0.0028991916965948683,0.75,0.4,0,1302.8469039284084,1303.3015887367976,49.65825797768806,-0.44836263828733536,0.4246302274691894,1299.7133394937969,0.0028991916965948683,0,INFY,15m,2026-03-10 05:15:00
1300.5,1300.9000244140625,1296.9000244140625,1297.0,108746,-0.0026912725874663757,0.00015418812796608172,0.002963161567036827,0.7,0.4,0,1302.2900559352265,1303.0544676098643,44.34787916100544,-0.8538862833054282,0.16892692531426587,1299.6355273060897,0.002963161567036827,0,INFY,15m,2026-03-10 05:30:00
1297.0999755859375,1297.9000244140625,1295.199951171875,1295.4000244140625,156090,-0.0012335972135215645,-0.00023147855916894056,0.0029702919950914957,0.65,0.45,0,1301.6338624570203,1302.7542933668917,42.73679774053696,-1.2895067210631623,-0.1227598039612198,1299.3869093035266,0.0029702919950914957,0,INFY,15m,2026-03-10 05:45:00
1295.4000244140625,1296.800048828125,1294.199951171875,1295.5999755859375,185421,0.00015435476926550784,-0.005221167614139377,0.0027104297104011037,0.6,0.45,0,1301.0592065645362,1302.4737318852858,38.18175765091677,-1.6001590307116658,-0.418239649311309,1299.0845600162531,0.0027104297104011037,0,INFY,15m,2026-03-10 06:00:00
1296.0999755859375,1296.5,1292.0,1292.300048828125,190836,-0.002547025949363846,-0.0056935466813535784,0.0027291369939932294,0.55,0.5,0,1300.2250010658304,1302.07476392226,27.553482060530854,-2.0885541824191023,-0.7523025559328678,1298.6747707941563,0.0027291369939932294,0,INFY,15m,2026-03-10 06:15:00
1292.199951171875,1293.0999755859375,1290.199951171875,1292.0,186323,-0.00023218201407415595,-0.007680491551459334,0.0026863072042594546,0.5,0.55,0,1299.4416676309893,1301.679675140995,18.084982046503768,-2.4713342883374025,-1.0961089024137747,1298.2050853993642,0.0026863072042594546,0,INFY,15m,2026-03-10 06:30:00
1291.800048828125,1293.0999755859375,1289.0,1289.9000244140625,280684,-0.0016253681005707898,-0.008379477248545819,0.002698329779265964,0.45,0.6,0,1298.5329397055677,1301.2177280536644,17.39118218203842,-2.910589297968272,-1.4590049815246742,1297.5047117554193,0.002698329779265964,0,INFY,15m,2026-03-10 06:45:00
1289.9000244140625,1292.0,1287.199951171875,1291.800048828125,382836,0.0014730013009540688,-0.007986409717179677,0.0027113161221564474,0.45,0.6,0,1297.8917120029541,1300.8484072997217,20.443243113225137,-3.069996952847987,-1.7812033757893366,1296.6981616639823,0.0027113161221564474,0,INFY,15m,2026-03-10 07:00:00
1291.800048828125,1292.699951171875,1284.300048828125,1287.0999755859375,663211,-0.0036383906676975553,-0.011671713639161196,0.002802844240875902,0.45,0.65,0,1296.863927582286,1300.3092531148675,21.173374854028808,-3.5348378874973605,-2.1319302781309415,1295.2852338333091,0.002802844240875902,0,INFY,15m,2026-03-10 07:15:00
1287.0999755859375,1291.9000244140625,1286.9000244140625,1289.4000244140625,269479,0.001787000910382197,-0.012710547921851112,0.0027443674836568127,0.4,0.6,0,1296.1530796615027,1299.8814402246398,31.831828529324426,-3.675266771517272,-2.4405975768082078,1294.9195272519137,0.0027443674836568127,0,INFY,15m,2026-03-10 07:30:00
1289.4000244140625,1291.0,1287.699951171875,1288.300048828125,412436,-0.0008530910230417632,-0.017464843804549712,0.00252000007196863,0.35,0.6,0,1295.4051719630859,1299.427268013012,33.75798902141291,-3.83115335962475,-2.7187087333715163,1294.4054435558253,0.00252000007196863,0,INFY,15m,2026-03-10 07:45:00
1288.300048828125,1293.300048828125,1287.5,1292.0999755859375,371948,0.002949566571288198,-0.01816111277664323,0.0024568107127279624,0.35,0.65,0,1295.0903913557383,1299.1399232119502,44.999866485086386,-3.606498798576922,-2.8962667464125977,1294.155680732783,0.0024568107127279624,0,INFY,15m,2026-03-10 08:00:00
1292.199951171875,1294.9000244140625,1291.300048828125,1292.0,254216,-7.737449719569245e-05,-0.01778928385263323,0.0024619709303161054,0.35,0.65,0,1294.7960683694776,1298.8599262232465,40.80264554584796,-3.3973629493571025,-2.996485987001499,1294.0884136360237,0.0024619709303161054,0,INFY,15m,2026-03-10 08:15:00
1291.9000244140625,1293.9000244140625,1291.9000244140625,1293.300048828125,114347,0.0010062297431308043,-0.017099862566534285,0.0024848566275303165,0.35,0.65,0,1294.6535903179201,1298.6418918155946,34.92653328665931,-3.0910860903247794,-3.0154060076661553,1294.0664372302751,0.0024848566275303165,0,INFY,15m,2026-03-10 08:30:00
1293.5999755859375,1295.800048828125,1291.5,1292.199951171875,276851,-0.0008506128622254305,-0.013361839087144833,0.002320774899707274,0.35,0.65,0,1294.4199103992491,1298.3892666923114,34.798472558821686,-2.9036566139141087,-2.9930561289157462,1294.0232386251892,0.002320774899707274,0,INFY,15m,2026-03-10 08:45:00
1292.4000244140625,1295.0,1291.4000244140625,1293.5999755859375,352636,0.0010834425529833158,-0.006069938082260862,0.0019392086534910898,0.35,0.65,0,1294.34182136941,1298.2014513548065,43.253939420361455,-2.612037194932782,-2.9168523421191535,1293.9834801316345,0.0019392086534910898,0,INFY,15m,2026-03-10 09:00:00
1293.699951171875,1297.5999755859375,1291.199951171875,1297.300048828125,405157,0.0028602916759576935,-0.0009241056387176982,0.0020014478668886394,0.4,0.65,0,1294.623557317859,1298.1661022361131,53.47987641017156,-2.058631098691194,-2.7452080934335616,1294.0693758959824,0.0020014478668886394,0,INFY,15m,2026-03-10 09:15:00
1297.0,1298.0,1294.5999755859375,1296.0,748404,-0.0010021188462140396,0.0005403776310424213,0.0019339629488998368,0.45,0.6,0,1294.7546470971104,1298.0811570503831,50.704261675012354,-1.7052982392217473,-2.537226122591199,1294.2886306745643,0.0019339629488998368,0,INFY,15m,2026-03-10 09:30:00
1296.0999755859375,1297.199951171875,1292.5999755859375,1296.300048828125,1289384,0.00023151915750396768,-0.000924817858863225,0.0018947283513279236,0.4,0.65,0,1294.9018282143497,1298.0113096691182,57.87389465590157,-1.3851013831008459,-2.3068011746931285,1294.4509744780762,0.0018947283513279236,0,INFY,15m,2026-03-10 09:45:00
1296.300048828125,1298.0,1295.0999755859375,1296.5999755859375,464718,0.00023137140053619554,-0.0037649054276315264,0.0017486660404357516,0.4,0.65,0,1295.0635565354532,1297.9559632344838,59.05497431264088,-1.0945244879887923,-2.064345837352261,1294.5598944473063,0.0017486660404357516,0,INFY,15m,2026-03-10 10:00:00
1296.5,1298.5,1290.5,1291.5,457005,-0.0038565368299267044,-0.004240555127216661,0.001848978411799636,0.4,0.65,0,1294.8479453725593,1297.647930690502,49.43387535123682,-1.069509330551,-1.6730618539050726,1293.5,0.001848978411799636,0,INFY,15m,2026-03-11 04:00:00
1292.0999755859375,1292.300048828125,1286.0999755859375,1289.300048828125,812812,-0.001703407798586909,-0.00470895126676929,0.0018655660997084998,0.4,0.65,0,1294.3195742730893,1297.3205627743305,54.58346260852758,-1.3951072036470578,-1.6174709238534697,1290.7689151093239,0.0018655660997084998,0,INFY,15m,2026-03-11 04:15:00
1289.0999755859375,1289.300048828125,1286.300048828125,1286.5999755859375,232512,-0.002094216349903699,-0.006946588584126667,0.0019081781767133733,0.4,0.6,0,1293.5843743981227,1296.900147590472,44.26222947079835,-1.8496970528440215,-1.6639161496515802,1290.2475196537766,0.0019081781767133733,0,INFY,15m,2026-03-11 04:30:00
1286.300048828125,1286.4000244140625,1282.0,1285.5999755859375,350827,-0.000777242358911634,-0.005184611149913088,0.001840612586671816,0.4,0.6,0,1292.8239554636289,1296.457003590294,44.44433281257064,-2.2645501021827386,-1.784042940157812,1289.190990192194,0.001840612586671816,0,INFY,15m,2026-03-11 04:45:00
1285.5999755859375,1286.5,1284.0999755859375,1285.0999755859375,147396,-0.0003889234672489472,-0.005340576171875,0.0018408293797281222,0.45,0.55,0,1292.08833833242,1296.0116299430645,33.33352709348152,-2.6036566211553236,-1.9479656763573143,1288.899398076922,0.0018408293797281222,0,INFY,15m,2026-03-11 05:00:00
1285.199951171875,1285.199951171875,1282.0,1283.5,183729,-0.0012450203224134704,-0.004961643765352797,0.0018279675799378978,0.45,0.55,0,1291.2704013483801,1295.5209777884345,31.111316066448936,-2.967300446337731,-2.1518326303533977,1288.4508383908485,0.0018279675799378978,0,INFY,15m,2026-03-11 05:15:00
1283.5,1285.5,1282.800048828125,1285.0999755859375,122890,0.0012465723302981235,-0.0051866178889414805,0.0018174244021146799,0.5,0.5,0,1290.6827417519569,1295.1123110353954,32.01751802932877,-3.090757807402042,-2.339617665763127,1288.2386244443733,0.0018174244021146799,0,INFY,15m,2026-03-11 05:30:00
1285.0999755859375,1286.0,1283.199951171875,1283.4000244140625,103808,-0.0013228162821339318,-0.0028746416300650113,0.0016574895309978664,0.5,0.45,0,1289.9891496245384,1294.6530056776962,31.196757315081925,-3.28786998938358,-2.5292681304872175,1288.0647355921217,0.0016574895309978664,0,INFY,15m,2026-03-11 05:45:00
1283.4000244140625,1284.800048828125,1282.300048828125,1282.699951171875,123498,-0.0005454832701184964,-0.0051962719988563055,0.0015954702382625103,0.5,0.5,0,1289.2949402480942,1294.184258442174,25.991213116869858,-3.460680305248843,-2.7155505654395427,1287.8309398598672,0.0015954702382625103,0,INFY,15m,2026-03-11 06:00:00
1282.5999755859375,1284.699951171875,1282.5,1283.9000244140625,88308,0.0009355837591566996,-0.003415372387872595,0.0016104916743173632,0.5,0.5,0,1288.7811387400911,1293.780955146954,16.83174300062244,-3.4609027122592124,-2.864620994803477,1287.691852685052,0.0016104916743173632,0,INFY,15m,2026-03-11 06:15:00
1283.9000244140625,1285.0,1282.199951171875,1284.9000244140625,126215,0.0007788768447576366,-0.005572286439065932,0.0014548262573923683,0.5,0.5,0,1288.4115088042788,1293.4326833535074,22.110648321381916,-3.341864396244546,-2.960069675091691,1287.5238784954859,0.0014548262573923683,0,INFY,15m,2026-03-11 06:30:00
1285.0,1285.0,1283.0999755859375,1283.300048828125,119684,-0.0012452140676603163,-0.00673370833736453,0.0014696959083347106,0.45,0.5,0,1287.924703092264,1293.0353251368258,19.339552023953473,-3.3381502136724066,-3.035685782807834,1287.3685153743254,0.0014696959083347106,0,INFY,15m,2026-03-11 06:45:00
1283.0999755859375,1285.0,1281.5,1282.5999755859375,212258,-0.0005455257660332835,-0.008273465428137117,0.001435631898362489,0.45,0.55,0,1287.4175861868996,1292.6260957426734,17.592739109794962,-3.3530449422171387,-3.099157614689695,1287.0698473705081,0.001435631898362489,0,INFY,15m,2026-03-11 07:00:00
1282.800048828125,1285.0,1281.5999755859375,1283.0,192758,0.00031188556188754823,-0.007119603404667885,0.0014405629799068445,0.4,0.5,0,1286.996863692909,1292.2486017919803,19.17828835156014,-3.294592483491215,-3.138244588449999,1286.841987270892,0.0014405629799068445,0,INFY,15m,2026-03-11 07:15:00
1283.0,1283.5,1280.800048828125,1282.0999755859375,177875,-0.0007014999330182681,-0.00888991977198439,0.001401438368584789,0.4,0.5,0,1286.530493397007,1291.8506164505668,23.595690547871,-3.283048003463364,-3.1672052714526724,1286.599329825641,0.001401438368584789,0,INFY,15m,2026-03-11 07:30:00
1282.199951171875,1283.699951171875,1278.0,1280.9000244140625,573254,-0.0009359263666833817,-0.012641658673239853,0.0011677380742318962,0.4,0.5,0,1285.9942582557742,1291.421181468743,25.000181650402908,-3.332312131073195,-3.2002266433767774,1285.7828288633173,0.0011677380742318962,0,INFY,15m,2026-03-11 07:45:00
1280.800048828125,1282.0,1279.0999755859375,1281.199951171875,266351,0.00023415313615093858,-0.01141979076244215,0.0011799534087397875,0.35,0.5,0,1285.5376575811172,1291.0203489080816,31.249947018183363,-3.3090085337787514,-3.2219830214571727,1285.4714771325696,0.0011799534087397875,0,INFY,15m,2026-03-11 08:00:00
1281.0999755859375,1281.5999755859375,1278.0999755859375,1278.800048828125,223411,-0.0018731676828077637,-0.01349996092017447,0.0011980977335334145,0.35,0.5,0,1284.8959805570228,1290.5411214539656,28.481144684894886,-3.4444864318811597,-3.2664837035419705,1285.1759700362093,0.0011980977335334145,0,INFY,15m,2026-03-11 08:15:00
1278.800048828125,1281.4000244140625,1277.699951171875,1281.199951171875,197841,0.0018766830248007071,-0.011877236390586243,0.0013146876088238652,0.3,0.55,0,1284.5439777584372,1290.1748010507463,38.98287550776913,-3.3199314763985512,-3.277173258113287,1284.9628656735285,0.0013146876088238652,0,INFY,15m,2026-03-11 08:30:00
1281.199951171875,1281.5,1278.199951171875,1278.5999755859375,146622,-0.0020293285084497237,-0.013806420681883869,0.0013461966122758446,0.3,0.5,0,1283.9778823134372,1289.720886326636,36.8982107070351,-3.3919171679738156,-3.300122040085393,1284.7960112466335,0.0013461966122758446,0,INFY,15m,2026-03-11 08:45:00
1278.9000244140625,1281.9000244140625,1277.0,1279.4000244140625,295865,0.0006257225429386892,-0.009368931928716573,0.001150935671237379,0.35,0.55,0,1283.5418958468301,1289.31614664379,34.07826181838021,-3.3458403284403175,-3.309265697756378,1284.4882229214809,0.001150935671237379,0,INFY,15m,2026-03-11 09:00:00
1279.0,1280.9000244140625,1278.300048828125,1279.800048828125,198936,0.00031266562953646826,-0.007368339129929291,0.001125215881230753,0.35,0.5,0,1283.1855294640964,1288.9429663372935,39.15668409480318,-3.2397002265051924,-3.2953526035061413,1284.3090673372558,0.001125215881230753,0,INFY,15m,2026-03-11 09:15:00
1280.0,1280.5,1277.300048828125,1278.199951171875,362485,-0.001250271601188957,-0.006528854790500804,0.0010716673761859176,0.35,0.55,0,1282.710712483885,1288.5216716249242,37.14285714285714,-3.2472654841601525,-3.285735179636944,1283.951270983806,0.0010716673761859176,0,INFY,15m,2026-03-11 09:30:00
1278.300048828125,1278.9000244140625,1275.300048828125,1276.199951171875,721579,-0.0015647004196537306,-0.007311780174683258,0.0011030880976084327,0.35,0.55,0,1282.0906399779792,1288.0384669012753,28.961464315969934,-3.375730965409275,-3.3037343367914103,1283.1497385176474,0.0011030880976084327,0,INFY,15m,2026-03-11 09:45:00
1276.9000244140625,1277.5,1271.5999755859375,1275.800048828125,837349,-0.00031335398765908185,-0.007236734055319105,0.0011031359029840774,0.3,0.6,0,1281.4915360589453,1287.5585289376224,24.293606074608434,-3.469811732095195,-3.3369498158521678,1282.2079065168216,0.0011031359029840774,0,INFY,15m,2026-03-11 10:00:00
1269.800048828125,1271.4000244140625,1265.300048828125,1266.0999755859375,432157,-0.00275677384003159,-0.014784841927443781,0.0015010393248756436,0.3,0.6,0,1279.0010035468351,1286.0403779686349,17.131282280734183,-4.646478183392901,-3.7047151120579316,1267.6000162760417,0.0015010393248756436,0,INFY,15m,2026-03-12 04:00:00
1266.0,1267.9000244140625,1264.699951171875,1267.4000244140625,325851,0.0010268137218178985,-0.012466884599994343,0.001544620798029151,0.25,0.65,0,1277.896148391333,1285.3093837115928,19.99990609931875,-4.997437712284864,-3.9632596321033184,1267.1987897671336,0.001544620798029151,0,INFY,15m,2026-03-12 04:15:00
1267.5,1271.9000244140625,1266.699951171875,1267.300048828125,240393,-7.888242386910882e-05,-0.01200584932562021,0.0015494161720394572,0.3,0.6,0,1276.88699605198,1284.6031352847901,20.634866811666527,-5.223430407448404,-4.215293787172336,1267.5441982631514,0.0015494161720394572,0,INFY,15m,2026-03-12 04:30:00
1267.300048828125,1267.300048828125,1258.199951171875,1261.0999755859375,401498,-0.004892348302141025,-0.017758430091572186,0.0017763179357565325,0.3,0.65,0,1275.3834702933093,1283.6814427475804,17.21840920298466,-5.835556676170199,-4.539346364971909,1266.0114532710784,0.0017763179357565325,-1,INFY,15m,2026-03-12 04:45:00
1261.300048828125,1268.9000244140625,1260.9000244140625,1267.199951171875,210799,0.004837027756743328,-0.013775447821521403,0.002166412428984601,0.3,0.6,0,1274.6040875198394,1283.0351097446114,30.555555555555557,-5.762032974710564,-4.783883686919641,1265.9663295598532,0.002166412428984601,-1,INFY,15m,2026-03-12 05:00:00
1267.300048828125,1269.0,1266.9000244140625,1267.5999755859375,116961,0.0003156758439681884,-0.012234140610003386,0.0021735033291438778,0.35,0.6,0,1273.9370292404203,1282.42981036584,33.52936319018846,-5.606853962191963,-4.948477741974106,1266.0927240788815,0.0021735033291438778,-1,INFY,15m,2026-03-12 05:15:00
1267.699951171875,1275.699951171875,1266.699951171875,1273.800048828125,230190,0.004891190723888661,-0.006861006490969546,0.002498129595311392,0.4,0.6,-1,1273.9239834868683,1282.091388344753,40.211845249628624,-4.926786454862622,-4.944139484551809,1266.7950959664481,0.002498129595311392,0,INFY,15m,2026-03-12 05:30:00
1273.9000244140625,1274.699951171875,1270.0,1271.300048828125,238266,-0.001962631421077443,-0.009119213695927497,0.00251852278068193,0.4,0.6,-1,1273.6740849479404,1281.6681985597875,40.31848103069217,-4.537254516586245,-4.862762490958697,1267.35979848178,0.00251852278068193,0,INFY,15m,2026-03-12 05:45:00
1270.800048828125,1274.4000244140625,1269.5999755859375,1272.9000244140625,112295,0.001258534983470172,-0.007175689374512739,0.002546403885713449,0.4,0.6,-1,1273.6003648970948,1281.3243485932885,41.558495088682726,-4.052725691803744,-4.700755131127706,1267.6001201072052,0.002546403885713449,0,INFY,15m,2026-03-12 06:00:00
1272.800048828125,1276.0,1271.199951171875,1275.9000244140625,157151,0.0023568229573889266,-0.00390350527340122,0.002612585065799111,0.4,0.55,0,1273.8193800891868,1281.1116299980247,45.25547011669384,-3.387607943705916,-4.438125693643348,1268.0314086778255,0.002612585065799111,0,INFY,15m,2026-03-12 06:15:00
1276.0,1278.5,1275.4000244140625,1277.0999755859375,143279,0.0009404742918051046,-0.0032001059492605677,0.002623404568318957,0.45,0.55,0,1274.131817755544,1280.9543102171585,48.648681073137084,-2.7321764755738513,-4.09693585002945,1268.523968894646,0.002623404568318957,0,INFY,15m,2026-03-12 06:30:00
1277.199951171875,1277.199951171875,1272.0999755859375,1272.4000244140625,129699,-0.003680174819296056,-0.005004710798945822,0.0027151341628113197,0.45,0.55,0,1273.9668850563553,1280.618848028802,45.62220665873491,-2.5624507581208036,-3.790038831647721,1268.7785804767148,0.0027151341628113197,0,INFY,15m,2026-03-12 06:45:00
1272.0999755859375,1275.0,1272.0,1273.0999755859375,106741,0.0005501030795698192,-0.006322179124756189,0.002676442979885457,0.45,0.55,0,1273.884322249649,1280.3239902859445,46.91067652538751,-2.3444364899025913,-3.5009183632986955,1268.9507027421303,0.002676442979885457,-1,INFY,15m,2026-03-12 07:00:00
1273.199951171875,1274.5,1271.800048828125,1273.5999755859375,166882,0.0003927421330518488,-0.003910527213727422,0.0026493867664369075,0.4,0.6,0,1273.8572416150096,1280.060303434964,55.26315789473684,-2.107024325459406,-3.2221395557308377,1269.191666137551,0.0026493867664369075,0,INFY,15m,2026-03-12 07:15:00
1273.699951171875,1274.5,1271.800048828125,1272.199951171875,206849,-0.0010992654215609132,-0.005627695095195118,0.002649424149940134,0.35,0.55,0,1273.699404429949,1279.7520543266075,58.49578194652712,-2.008688829932453,-2.979449410571161,1269.4256744145591,0.002649424149940134,0,INFY,15m,2026-03-12 07:30:00
1272.0999755859375,1272.199951171875,1268.800048828125,1269.699951171875,250439,-0.0019650999024933835,-0.007891934107596255,0.0026715248892222264,0.35,0.6,-1,1273.3185041196564,1279.3578542028927,53.099633788821514,-2.108184509163948,-2.8051964302897185,1269.4839733425747,0.0026715248892222264,0,INFY,15m,2026-03-12 07:45:00
1269.699951171875,1275.0,1269.199951171875,1274.300048828125,306914,0.0036229801001443906,-0.0030510894169371028,0.002807945722913888,0.4,0.55,0,1273.4119845680818,1279.1595088940783,58.41344178785638,-1.7951527125173925,-2.6031876867352537,1269.7561837206533,0.002807945722913888,0,INFY,15m,2026-03-12 08:00:00
1274.300048828125,1274.9000244140625,1270.0,1270.199951171875,138013,-0.003217529231063443,-0.004701457631690498,0.002875317777687846,0.4,0.5,0,1273.106076625586,1278.808153689286,61.51892083996477,-1.8565156169249803,-2.453853272773199,1269.8247184563238,0.002875317777687846,0,INFY,15m,2026-03-12 08:15:00
1270.4000244140625,1272.5999755859375,1269.5,1271.300048828125,201854,0.0008660822693584702,-0.0035271984854785554,0.002885630770545016,0.4,0.5,0,1272.9340739782087,1278.5137182045346,55.94212846659542,-1.795678015413614,-2.3222182213012825,1269.8888914315712,0.002885630770545016,0,INFY,15m,2026-03-12 08:30:00
1271.300048828125,1273.300048828125,1268.5,1271.699951171875,211193,0.00031456173081934047,0.0016540450742907886,0.002666958843185446,0.45,0.5,0,1272.8165384728436,1278.2465116542342,55.94197257850508,-1.695648619110898,-2.196904300863206,1269.9512512061683,0.002666958843185446,0,INFY,15m,2026-03-12 08:45:00
1272.5,1272.5,1265.699951171875,1270.0,192365,-0.0013367549242323529,0.0030803447510199256,0.0026054873524842116,0.4,0.55,0,1272.5482967135251,1277.9231190403425,43.666585286458336,-1.7335630189763833,-2.1042360444858415,1269.9277889230361,0.0026054873524842116,0,INFY,15m,2026-03-12 09:00:00
1269.9000244140625,1271.0,1265.0,1266.800048828125,349677,-0.0025196465920275246,-0.00047339085875031106,0.0026632175748396857,0.4,0.55,0,1272.0008445339633,1277.4869202084908,42.67099811526319,-1.9987790893455895,-2.0831446534577913,1269.760631260187,0.0026632175748396857,0,INFY,15m,2026-03-12 09:15:00
1267.0,1267.0,1260.4000244140625,1264.9000244140625,559453,-0.0014998613363017554,-0.001893809138792224,0.002683737775159648,0.35,0.6,0,1271.3245759511155,1276.9933164518466,37.09677419354839,-2.3353602477156983,-2.133587772309373,1269.1773018653803,0.002683737775159648,-1,INFY,15m,2026-03-12 09:30:00
1264.9000244140625,1270.0999755859375,1263.199951171875,1267.800048828125,1286346,0.002292690614347892,0.005312880320273106,0.0024804438229415185,0.4,0.55,0,1270.988906701307,1276.632796152877,36.8932537440792,-2.341108663576506,-2.1750919505627997,1268.766611324704,0.0024804438229415185,0,INFY,15m,2026-03-12 09:45:00
1268.0,1268.0,1264.199951171875,1265.0,439722,-0.002208588673516143,-0.001736072645710407,0.0022904080008714174,0.35,0.55,0,1270.418534634516,1276.1766080684504,31.38472286387146,-2.5422988256702865,-2.248533325584297,1268.580195022081,0.0022904080008714174,-1,INFY,15m,2026-03-12 10:00:00
1250.0,1254.9000244140625,1248.5999755859375,1248.9000244140625,341071,-0.0008799804687500412,-0.019547828120253352,0.0032273564186688316,0.3,0.55,0,1266.6097324908183,1274.1206606930348,21.99092388724371,-4.949499337477846,-3.047766887987268,1250.8000081380208,0.0032273564186688316,0,INFY,15m,2026-03-13 04:00:00
1248.9000244140625,1254.5,1248.300048828125,1254.0,228404,0.004083573934054563,-0.013608155560185908,0.0034087090009754187,0.3,0.6,-1,1265.4088055869306,1273.331615175661,29.498006787902327,-5.3339515332695555,-3.5050038170437254,1251.3882594082081,0.0034087090009754187,0,INFY,15m,2026-03-13 04:15:00
1254.199951171875,1254.800048828125,1249.5,1254.5,306306,0.0003987240829346206,-0.014455199985193179,0.0033883438595120516,0.35,0.55,0,1264.3698717215086,1272.59312046289,31.130174958225524,-5.534488706231514,-3.9109007948812833,1251.9286575204742,0.0033883438595120516,0,INFY,15m,2026-03-13 04:30:00
1254.300048828125,1261.0999755859375,1252.699951171875,1260.199951171875,232752,0.004543603963232279,-0.01230509674878133,0.003525443024826906,0.35,0.55,0,1263.9727364310672,1272.1071138240268,40.518980556503095,-5.1738366689867235,-4.163487969702372,1253.2034122044497,0.003525443024826906,0,INFY,15m,2026-03-13 04:45:00
1260.699951171875,1265.5,1258.5,1264.5,280245,0.0034121956790478247,-0.009866083961168837,0.0036246919306155145,0.35,0.55,0,1264.0229520090606,1271.8087956348493,40.16060319343468,-4.4892895917621445,-4.228648294114326,1255.1466581708778,0.0036246919306155145,0,INFY,15m,2026-03-13 05:00:00
1264.300048828125,1269.5999755859375,1264.0999755859375,1265.699951171875,258707,0.0009489530817516911,-0.005265697197131769,0.0035573904860508954,0.4,0.5,0,1264.182666215043,1271.5692331068894,45.202548646031794,-3.8060809381547642,-4.144134822922414,1256.9242506930968,0.0035573904860508954,0,INFY,15m,2026-03-13 05:15:00
1265.699951171875,1268.0,1262.0,1262.199951171875,177565,-0.002765268337696858,-0.0085617976773944,0.0035948053376376006,0.4,0.5,0,1263.9938362109317,1271.2018102859083,40.770655468177395,-3.5066316404490863,-4.016634186427749,1257.6191577927882,0.0035948053376376006,0,INFY,15m,2026-03-13 05:30:00
1262.0999755859375,1263.9000244140625,1258.9000244140625,1262.0,201074,-0.00015841481509282218,-0.009108021206266748,0.0035903270265994465,0.4,0.5,0,1263.8039470479857,1270.8409549805785,40.12221984655393,-3.248009274015203,-3.8629092039452395,1258.0142210459069,0.0035903270265994465,0,INFY,15m,2026-03-13 05:45:00
1261.5,1266.699951171875,1260.9000244140625,1264.9000244140625,114767,0.0022979591236629293,-0.0057380341439946525,0.0036380995671934386,0.45,0.5,0,1263.9083353685644,1270.6079773113036,44.93043438165108,-2.777029583248577,-3.6457332798059072,1258.3440359344545,0.0036380995671934386,0,INFY,15m,2026-03-13 06:00:00
1264.9000244140625,1266.300048828125,1263.300048828125,1264.699951171875,94579,-0.00015817316651578484,-0.003937938247052131,0.0036164580346073256,0.45,0.45,0,1263.983727349832,1270.376290011718,47.78002591088102,-2.3923415988820125,-3.3950549436211284,1258.6157673964708,0.0036164580346073256,0,INFY,15m,2026-03-13 06:15:00
1265.0999755859375,1265.9000244140625,1260.0999755859375,1261.0999755859375,127745,-0.002846505673224531,-0.010358685345987828,0.0035460042078237076,0.4,0.5,0,1263.7090843246992,1270.012512975413,46.122399154974495,-2.3508622664317045,-3.1862164081832436,1258.8185240596097,0.0035460042078237076,0,INFY,15m,2026-03-13 06:30:00
1261.300048828125,1264.199951171875,1261.0,1263.0999755859375,89855,0.0015859170872403183,-0.0055896519121947374,0.003515832929052596,0.4,0.5,0,1263.6510739686266,1269.7414330777867,45.114266499168856,-2.132029601219074,-2.97537904679041,1258.9631420934331,0.003515832929052596,0,INFY,15m,2026-03-13 06:45:00
1263.4000244140625,1263.9000244140625,1259.5999755859375,1260.0999755859375,191638,-0.002375108905063761,-0.008809936924419781,0.003535146802767798,0.4,0.5,0,1263.3128741226562,1269.3633367055572,44.9275032665863,-2.175599113076032,-2.8154230600475345,1259.1252263068682,0.003535146802767798,0,INFY,15m,2026-03-13 07:00:00
1260.5999755859375,1261.0,1258.699951171875,1258.699951171875,152915,-0.0011110423309161899,-0.010222537154318867,0.003533580269577831,0.35,0.5,0,1262.8735481273438,1268.9451647238443,62.535970337224114,-2.2966244774693223,-2.711663343531892,1259.1438872826022,0.003533580269577831,0,INFY,15m,2026-03-13 07:15:00
1258.800048828125,1258.9000244140625,1255.0999755859375,1255.300048828125,125822,-0.0027011221702079036,-0.011574764702263818,0.0035634723738428875,0.35,0.5,0,1262.1522624797992,1268.4100621396983,58.648710174429155,-2.6364898419228666,-2.696628643210087,1259.0272285901622,0.0035634723738428875,0,INFY,15m,2026-03-13 07:30:00
1255.300048828125,1255.800048828125,1251.5,1251.9000244140625,136864,-0.0027085352360469717,-0.011761938616789647,0.0035691409392907348,0.35,0.5,0,1261.175858854491,1267.7626096798697,47.02552415994356,-3.143947675116351,-2.78609244959134,1258.7606597548938,0.0035691409392907348,-1,INFY,15m,2026-03-13 07:45:00
1251.9000244140625,1253.699951171875,1250.0,1252.199951171875,149259,0.0002395772441596833,-0.010040377102586096,0.0035668754700078228,0.35,0.5,0,1260.3210105037656,1267.1523093462229,46.723563494216414,-3.4817743537744263,-2.9252288304279577,1258.444707741088,0.0035668754700078228,0,INFY,15m,2026-03-13 08:00:00
1252.300048828125,1252.300048828125,1249.699951171875,1251.9000244140625,321681,-0.00023951986065151587,-0.012541429091093237,0.003507029247064717,0.3,0.55,0,1259.5190118285557,1266.554180525354,36.02697892733691,-3.730700816551007,-3.0863232276525676,1257.7938575424716,0.003507029247064717,0,INFY,15m,2026-03-13 08:15:00
1251.5999755859375,1252.199951171875,1248.0999755859375,1250.199951171875,270458,-0.001357994415714825,-0.011699643342391264,0.003491939102166517,0.3,0.6,-1,1258.631482242205,1265.9128381977666,23.6160034594283,-4.018831941276403,-3.272824970377335,1257.2512471322393,0.003491939102166517,0,INFY,15m,2026-03-13 08:30:00
1250.5,1252.4000244140625,1249.699951171875,1252.4000244140625,518238,0.0017597770981556682,0.0019200195312500945,0.00230287872338834,0.35,0.55,0,1258.0380100680961,1265.382923931739,26.334629335997747,-4.023272627182678,-3.4229145017384033,1256.5613043641445,0.00230287872338834,0,INFY,15m,2026-03-13 08:45:00
1252.699951171875,1253.300048828125,1249.5999755859375,1251.300048828125,348398,-0.0008782941268722366,0.001921710599043669,0.0023028410451787938,0.35,0.6,0,1257.396299473813,1264.8306543198328,28.793924021773208,-4.06864987653239,-3.552061576697201,1256.1761185258185,0.0023028410451787938,0,INFY,15m,2026-03-13 09:00:00
1251.5999755859375,1252.800048828125,1249.0,1249.4000244140625,489597,-0.0015184402940301434,-0.0036682420940490346,0.002126563616881156,0.35,0.6,0,1256.6347494681227,1264.22553157843,27.007364308276266,-4.209404371286837,-3.683530135615128,1255.6278456981327,0.002126563616881156,0,INFY,15m,2026-03-13 09:15:00
1249.5,1252.0,1247.699951171875,1248.4000244140625,523024,-0.0008003841687684865,-0.004862475556745682,0.0021262450573007736,0.3,0.65,0,1255.8504899391646,1263.6049234543373,17.64705882352942,-4.351483768928574,-3.8171208622778177,1255.0514028341868,0.0021262450573007736,0,INFY,15m,2026-03-13 09:30:00
1248.300048828125,1251.0999755859375,1243.300048828125,1248.0,989239,-0.0003204296749755864,-0.009680964644166234,0.001803842574874952,0.25,0.7,0,1255.1028242306727,1262.9929656718143,17.50976089372739,-4.445120757161021,-3.9427208412544585,1253.9265332056052,0.001803842574874952,0,INFY,15m,2026-03-13 09:45:00
1248.0,1252.300048828125,1247.5,1248.300048828125,309115,0.0002404237404847187,-0.012811349285784868,0.0015670932441666401,0.25,0.7,0,1254.4549408590015,1262.4167728544146,21.428766055770822,-4.443890904020691,-4.042954853807705,1253.724577501216,0.0015670932441666401,0,INFY,15m,2026-03-13 10:00:00
1243.5999755859375,1246.699951171875,1239.5,1239.9000244140625,454184,-0.002975193988832059,-0.017667507225862633,0.0016794901668290884,0.25,0.7,0,1252.1334098588566,1260.82478728224,10.85288189483046,-5.261364836253733,-4.402519166502665,1242.0333251953125,0.0016794901668290884,0,INFY,15m,2026-03-16 04:00:00
1239.9000244140625,1244.0,1238.699951171875,1241.699951171875,239696,0.0014516708785961008,-0.016085617137975405,0.001753344833475267,0.25,0.7,0,1251.139747126763,1260.0747937092847,17.55719144574384,-5.444973399302853,-4.611010013062703,1241.8375657191978,0.001753344833475267,0,INFY,15m,2026-03-16 04:15:00
1241.5,1242.0,1236.300048828125,1237.800048828125,232896,-0.0031407767553420785,-0.021424598832220698,0.0016656722088721995,0.2,0.75,0,1249.86929966975,1259.2012743021805,17.22840448780667,-5.837878604050047,-4.8563837312601725,1241.0491131432912,0.0016656722088721995,0,INFY,15m,2026-03-16 04:30:00
1237.9000244140625,1239.699951171875,1234.300048828125,1234.699951171875,175176,-0.0025045221634827364,-0.023721041478812377,0.0016798262575735696,0.2,0.8,0,1248.4245998128097,1258.2404381009922,17.424133833327943,-6.326483023606443,-5.150403589729427,1240.2835517620686,0.0016798262575735696,0,INFY,15m,2026-03-16 04:45:00
1234.0999755859375,1234.0999755859375,1228.0999755859375,1230.0,279856,-0.0038065532985679384,-0.02466099134724642,0.001741971932599046,0.2,0.8,0,1246.6698760211134,1257.132969940169,13.961175360859883,-7.012120961202072,-5.522747064023957,1238.3493536075202,0.001741971932599046,0,INFY,15m,2026-03-16 05:00:00
1229.9000244140625,1232.9000244140625,1228.5,1231.0,219951,0.0008130081300812275,-0.025413645955496666,0.001683422357377938,0.2,0.8,0,1245.1775068762454,1256.1081475895742,16.82548663238377,-7.389619391384485,-5.896121529496063,1237.312689486787,0.001683422357377938,0,INFY,15m,2026-03-16 05:15:00
1230.9000244140625,1231.5999755859375,1225.5999755859375,1227.199951171875,331306,-0.0030869608676888927,-0.026109058845719124,0.0017149158575559752,0.2,0.8,0,1243.4653587139244,1254.974492828096,15.773908999752948,-7.904305881191249,-6.2977583998351,1235.7394436029308,0.0017149158575559752,-1,INFY,15m,2026-03-16 05:30:00
1227.0,1233.300048828125,1226.5999755859375,1232.800048828125,271446,0.004563313134833713,-0.02057670878562967,0.0021624004616495637,0.25,0.75,0,1242.4496149152767,1254.1049067888814,23.513633889246307,-7.770741285171653,-6.592354976902411,1235.1435559066836,0.0021624004616495637,-1,INFY,15m,2026-03-16 05:45:00
1232.800048828125,1233.0,1229.800048828125,1231.199951171875,148996,-0.001297937697010143,-0.019198674993081144,0.002128049968729127,0.25,0.7,0,1241.378218368286,1253.2066732352735,23.20004427054512,-7.7051843202966666,-6.814920845581263,1234.9023380464694,0.002128049968729127,-1,INFY,15m,2026-03-16 06:00:00
1231.199951171875,1231.5999755859375,1224.800048828125,1226.0,167858,-0.004223482275909407,-0.02068857249698086,0.0022183609780618,0.25,0.7,-1,1239.913626142735,1252.1397448731059,21.32361960895777,-7.98082457725036,-7.048101591915082,1234.4073142952716,0.0022183609780618,-1,INFY,15m,2026-03-16 06:15:00
1226.0999755859375,1229.5,1225.0,1227.699951171875,151511,0.0013865833375814596,-0.019565565369230042,0.002267529199648384,0.25,0.65,-1,1238.7504190026532,1251.1813215907048,25.060226079436646,-7.9702238352012955,-7.232526040572325,1234.010106320719,0.002267529199648384,-1,INFY,15m,2026-03-16 06:30:00
1227.5,1229.0,1227.4000244140625,1228.0999755859375,95540,0.00032583239388483953,-0.01901114175571994,0.002280797355631908,0.25,0.6,-1,1237.736091058204,1250.2761707669883,26.02413749488923,-7.8391788693948,-7.353856606336821,1233.8084450730782,0.002280797355631908,-1,INFY,15m,2026-03-16 06:45:00
1228.0999755859375,1230.4000244140625,1226.199951171875,1226.4000244140625,205976,-0.0013842123651732763,-0.019036896246479307,0.0022810476145738116,0.3,0.6,-1,1236.656465663524,1249.3398513021677,24.475510546698274,-7.782781580899382,-7.439641601249334,1233.3831282523504,0.0022810476145738116,0,INFY,15m,2026-03-16 07:00:00
1226.4000244140625,1230.300048828125,1225.5999755859375,1227.0,371352,0.0004892168737717917,-0.020281079462567075,0.002218197121990477,0.25,0.65,-1,1235.736802266998,1248.4637787020827,28.60823850318863,-7.602041703218447,-7.472121621643156,1232.744945886725,0.002218197121990477,0,INFY,15m,2026-03-16 07:15:00
1227.0,1232.5,1227.0,1230.5,410324,0.002852485737571353,-0.01662275075239128,0.0023817260163195037,0.25,0.6,-1,1235.2380591939504,1247.759316792197,37.82379487114617,-7.0946011528615145,-7.3966175278868285,1232.4450798629937,0.0023817260163195037,0,INFY,15m,2026-03-16 07:30:00
1230.5,1233.699951171875,1229.199951171875,1233.699951171875,204767,0.0026005291929094287,-0.012566090071552849,0.0024949197424626673,0.3,0.55,0,1235.0915727156575,1247.2079691208119,39.99999999999999,-6.360916854365769,-7.189477393182616,1232.4324072152579,0.0024949197424626673,0,INFY,15m,2026-03-16 07:45:00
1233.9000244140625,1235.9000244140625,1229.300048828125,1229.4000244140625,532560,-0.003485391041580299,-0.01521948063796108,0.0025755562536700955,0.35,0.5,0,1234.549520496458,1246.5096183479982,39.60393646304505,-6.0566179931547595,-6.962905513177046,1232.3258522716974,0.0025755562536700955,0,INFY,15m,2026-03-16 08:00:00
1229.300048828125,1234.5,1229.300048828125,1233.699951171875,608375,0.0034975814807405303,-0.011458372458433508,0.002745973399948629,0.35,0.45,0,1234.468609132212,1246.0072784587385,48.79807269077955,-5.406171816446886,-6.651558773831015,1232.3466190103402,0.002745973399948629,0,INFY,15m,2026-03-16 08:15:00
1233.9000244140625,1235.0,1231.5999755859375,1232.300048828125,365524,-0.0011347186505278328,-0.012817431205758956,0.0027417606923903467,0.35,0.45,0,1234.2620795794417,1245.4697400418518,53.00269002269309,-4.946627314351872,-6.310572481935187,1232.3880737545287,0.0027417606923903467,0,INFY,15m,2026-03-16 08:30:00
1232.300048828125,1237.0999755859375,1232.0999755859375,1237.0999755859375,396732,0.003895095810778404,-0.005226761119014545,0.0028164280060208463,0.35,0.4,0,1234.5323553895842,1245.1415139847572,57.24467280018325,-4.147313364060437,-5.877920658360238,1232.5940998255896,0.0028164280060208463,0,INFY,15m,2026-03-16 08:45:00
1237.0999755859375,1246.199951171875,1236.699951171875,1244.300048828125,1453061,0.005820122370285619,0.0035486929005763557,0.003047082423640821,0.4,0.4,0,1235.4626119075406,1245.108515351164,68.79141693540166,-2.8994425932123704,-5.282225045330665,1234.5413976318405,0.003047082423640821,0,INFY,15m,2026-03-16 09:00:00
1244.300048828125,1251.4000244140625,1244.199951171875,1250.9000244140625,1233817,0.005304167264281068,0.00740925634530698,0.003246824143882934,0.45,0.35,0,1236.9328416700664,1245.3356333536306,69.46249261665682,-1.3622302035760185,-4.498226076979736,1236.603592837331,0.003246824143882934,0,INFY,15m,2026-03-16 09:15:00
1251.199951171875,1254.0,1248.699951171875,1249.4000244140625,1250601,-0.0011991365982286784,0.009371445409878332,0.0031641696491499895,0.5,0.3,0,1238.12019240759,1245.4950212383533,69.61234395759067,-0.26199565097135746,-3.650979991778061,1238.4021911869338,0.0031641696491499895,0,INFY,15m,2026-03-16 09:30:00
1249.5,1253.199951171875,1248.5,1248.800048828125,1307232,-0.0004802109606319993,0.011419857628460539,0.0030956045561883316,0.5,0.3,0,1239.137321590498,1245.6246301634424,77.27307240773081,0.5551358822592647,-2.8097568169705958,1239.786587883905,0.0030956045561883316,0,INFY,15m,2026-03-16 09:45:00
1248.800048828125,1249.9000244140625,1244.4000244140625,1249.800048828125,466860,0.0008007687066784452,0.01609760067327226,0.0029189716969798595,0.5,0.3,0,1240.152819422653,1245.7883720718614,76.88601910373995,1.268784395391549,-1.994048574498167,1240.119191962795,0.0029189716969798595,0,INFY,15m,2026-03-16 10:00:00
1231.0,1231.199951171875,1215.699951171875,1215.699951171875,981999,-0.012749774996681618,-0.009370926057337692,0.0053297314092850415,0.5,0.35,0,1237.06976573363,1244.066312478527,42.681181564810224,-1.6339816188058194,-1.547684463192255,1220.8666178385417,0.0053297314092850415,0,INFY,15m,2026-03-17 04:00:00
1215.699951171875,1226.5,1215.199951171875,1225.0,665078,0.007649954101881962,-0.006327099707320372,0.005523909611075037,0.45,0.4,0,1235.920264235189,1243.3186139499574,48.77750319353414,-2.4244647920527314,-1.7230405289643504,1221.4184812808749,0.005523909611075037,0,INFY,15m,2026-03-17 04:15:00
1225.300048828125,1230.800048828125,1224.300048828125,1228.5999755859375,674330,0.0029387555803570553,-0.002111741137954759,0.0055648209420835065,0.5,0.4,0,1235.2230938876412,1242.7414124454858,48.840030823209226,-2.7289824475183195,-1.9242289126751442,1223.3012614142176,0.0055648209420835065,1,INFY,15m,2026-03-17 04:30:00
1228.5999755859375,1232.699951171875,1226.5,1232.5,491132,0.0031743647172080003,0.005301794453507425,0.005521369371199121,0.55,0.35,0,1234.9637516126277,1242.3397884280157,49.273636017013025,-2.625352082473455,-2.0644535466348066,1224.5699602727084,0.005521369371199121,1,INFY,15m,2026-03-17 04:45:00
1232.300048828125,1233.4000244140625,1230.5,1231.4000244140625,441683,-0.0008924751204361092,0.0030138253558253947,0.005520825168396673,0.6,0.35,0,1234.624349022288,1241.9107780745273,51.259447392857794,-2.601988998966135,-2.1719606371010727,1225.5467436817853,0.005520825168396673,0,INFY,15m,2026-03-17 05:00:00
1231.4000244140625,1240.800048828125,1230.0,1240.800048828125,484720,0.007633607461178471,0.010341237272745829,0.005768308736746634,0.65,0.4,1,1235.2125109085582,1241.8672200648646,54.20124121671598,-1.8041727951085704,-2.0984030687025723,1227.0574871437623,0.005768308736746634,0,INFY,15m,2026-03-17 05:15:00
1240.800048828125,1241.0999755859375,1237.0,1238.9000244140625,247733,-0.0015312897640977763,0.010192432934736928,0.00577097125718674,0.65,0.35,1,1235.5637026709871,1241.7508594511078,53.882333004462026,-1.3101116451155121,-1.9407447839851604,1227.799597934688,0.00577097125718674,0,INFY,15m,2026-03-17 05:30:00
1239.0,1240.800048828125,1232.0,1233.0,313843,-0.004762308739845955,0.004889975550122161,0.005890818761057545,0.65,0.35,0,1235.3195405118454,1241.4076884922408,47.61906787290542,-1.3787538695178227,-1.828346601091693,1228.3445305126177,0.005890818761057545,0,INFY,15m,2026-03-17 05:45:00
1232.9000244140625,1233.800048828125,1229.199951171875,1230.0999755859375,239045,-0.002352006824057229,-0.00032509095007116073,0.005885242486952914,0.6,0.4,0,1234.8224390903304,1240.964248770425,41.32026676336764,-1.6481620741510596,-1.7923096957035662,1228.4861174726234,0.005885242486952914,0,INFY,15m,2026-03-17 06:00:00
1230.0,1233.9000244140625,1229.800048828125,1231.5999755859375,134941,0.001219413080051135,-0.0017021769223082295,0.005861179475143067,0.6,0.4,0,1234.5155378041977,1240.5970223710333,37.41851389720019,-1.7207962849133764,-1.7780070135455284,1228.5808190249375,0.005861179475143067,0,INFY,15m,2026-03-17 06:15:00
1231.5999755859375,1234.5999755859375,1229.4000244140625,1233.300048828125,221383,0.001380377781656561,0.0031722989560873938,0.005812682317664772,0.6,0.45,0,1234.3997769493335,1240.3108665458212,39.531911989040694,-1.6224748377303513,-1.746900578382493,1228.7550233679656,0.005812682317664772,0,INFY,15m,2026-03-17 06:30:00
1233.199951171875,1235.0,1231.0,1231.0,122196,-0.0018649547855856818,-0.002188499050608139,0.005774885996724292,0.65,0.45,0,1234.0759886684446,1239.9457345244166,38.67686296191609,-1.7104323017224488,-1.7396069230504843,1228.8421592651853,0.005774885996724292,0,INFY,15m,2026-03-17 06:45:00
1230.9000244140625,1232.9000244140625,1230.300048828125,1232.0999755859375,117993,0.0008935626205828218,-0.00016235757060767408,0.005773450348306048,0.6,0.5,0,1233.887796946301,1239.6380577032999,38.75476374759001,-1.6721053985452272,-1.726106618149433,1228.909345444339,0.005773450348306048,0,INFY,15m,2026-03-17 07:00:00
1232.4000244140625,1234.9000244140625,1231.0,1234.9000244140625,152522,0.002272582488116237,-0.0017783131640860539,0.005727166735287464,0.6,0.5,0,1233.9841995622785,1239.452252476271,52.77336057169609,-1.3996561473898055,-1.6608165239975077,1229.0446233566688,0.005727166735287464,0,INFY,15m,2026-03-17 07:15:00
1235.9000244140625,1235.9000244140625,1231.800048828125,1234.0999755859375,142709,-0.0006478652622139425,-0.008197438593524065,0.005556947943592743,0.6,0.5,0,1233.9952258502462,1239.2423592648854,69.08703657273392,-1.2340698184159464,-1.5754671828811957,1229.173075906819,0.005556947943592743,0,INFY,15m,2026-03-17 07:30:00
1234.0999755859375,1235.0,1232.0999755859375,1234.800048828125,265678,0.0005672743343627662,-0.012870713303790193,0.0053999063833831676,0.55,0.5,0,1234.0718756576634,1239.0681510124634,62.37369222517462,-1.0344271673541243,-1.4672591797757817,1229.3966246379437,0.0053999063833831676,0,INFY,15m,2026-03-17 07:45:00
1234.800048828125,1235.9000244140625,1232.9000244140625,1233.4000244140625,281850,-0.0011338065749115778,-0.012806146700296117,0.005399566015162009,0.55,0.5,0,1234.0078898249394,1238.8458715380164,56.417110554075926,-0.9779065003522192,-1.3693886438910692,1229.6167775986626,0.005399566015162009,0,INFY,15m,2026-03-17 08:00:00
1233.300048828125,1234.699951171875,1231.699951171875,1234.199951171875,172986,0.0006485541932694794,-0.011691301317573455,0.005407111455661928,0.55,0.5,0,1234.0261813817906,1238.6636785824815,52.4780417669082,-0.8586678717322229,-1.2672444894593,1229.7269077314697,0.005407111455661928,1,INFY,15m,2026-03-17 08:15:00
1234.5999755859375,1235.0,1231.699951171875,1233.5,165312,-0.0005671294762330525,-0.013042125293088902,0.005397450934097761,0.6,0.45,0,1233.976068869239,1238.4611813831684,53.09728458721477,-0.8112984656213484,-1.1760552846917098,1229.8230278445765,0.005397450934097761,0,INFY,15m,2026-03-17 08:30:00
1233.5,1235.5999755859375,1231.5999755859375,1231.9000244140625,307126,-0.0012971022180279235,0.0004060418954741074,0.004271600263181302,0.65,0.45,0,1233.7783503496983,1238.20388110987,32.95028833606936,-0.8925734965707761,-1.1193589270675233,1229.9718695163986,0.004271600263181302,0,INFY,15m,2026-03-17 08:45:00
1232.300048828125,1233.0999755859375,1231.0999755859375,1231.800048828125,178083,-8.115560025667712e-05,0.013243479726005036,0.0030381390953648536,0.65,0.45,1,1233.589940680977,1237.9527504321547,35.391099479069865,-0.9540539977990647,-1.0862979412138316,1230.0249652826672,0.0030381390953648536,0,INFY,15m,2026-03-17 09:00:00
1231.800048828125,1234.0,1231.800048828125,1233.5999755859375,268999,0.001461216663796172,0.007020388233418329,0.002567744085808445,0.7,0.4,0,1233.5908963862112,1237.782053379362,51.48508269931533,-0.8477661705276205,-1.0385915870765894,1230.1432101935518,0.002567744085808445,0,INFY,15m,2026-03-17 09:15:00
1233.9000244140625,1236.699951171875,1230.0,1231.800048828125,890369,-0.0014590846250280842,0.0026046502570222785,0.0025225632686719044,0.7,0.45,0,1233.4203394759172,1237.547464965588,54.45045920225991,-0.8984149797502141,-1.0105562656113143,1230.444050371082,0.0025225632686719044,1,INFY,15m,2026-03-17 09:30:00
1231.5,1237.4000244140625,1229.0,1232.9000244140625,2105730,0.0008929822555081568,0.0003245634191175739,0.0024275938556344904,0.7,0.5,0,1233.3707856605024,1237.36521239494,53.476075461844765,-0.8401114077014427,-0.97646729402934,1230.9995785972299,0.0024275938556344904,1,INFY,15m,2026-03-17 09:45:00
1232.800048828125,1235.0,1230.300048828125,1234.0,696890,0.0008921855496435427,0.002111398030201217,0.0024251247620131647,0.65,0.5,0,1233.4307108356925,1237.233243281413,51.93358242173274,-0.6971107115462019,-0.9205959775327124,1231.135562352279,0.0024251247620131647,1,INFY,15m,2026-03-17 10:00:00
1253.300048828125,1260.0,1251.199951171875,1256.5,800190,0.0024732531718170137,0.01420613063129239,0.003936818252350551,0.65,0.45,1,1237.3484978218128,1238.5979313768746,82.79588240505872,2.5131782408209347,0.06872645416940065,1255.8999837239583,0.003936818252350551,1,INFY,15m,2026-03-18 04:00:00
1256.5999755859375,1273.9000244140625,1256.5999755859375,1273.9000244140625,719053,0.013848009879874557,0.03317114713224867,0.004699997979298328,0.7,0.4,1,1240.8295955925032,1239.9823271822545,87.64492958543069,5.081263251501241,1.0712338136357689,1261.6899940043006,0.004699997979298328,1,INFY,15m,2026-03-18 04:15:00
1274.4000244140625,1276.0,1269.0999755859375,1273.0999755859375,503153,-0.0006280310956843227,0.03495650829479757,0.004638268927228224,0.75,0.35,1,1243.9029651156875,1241.2810584922029,87.64492958543069,6.9715679744174395,2.251300645792103,1264.4374683486337,0.004638268927228224,1,INFY,15m,2026-03-18 04:30:00
1273.199951171875,1278.199951171875,1271.300048828125,1277.0,452487,0.003063407814667185,0.03686263828680514,0.004645915336085221,0.75,0.35,1,1247.0550636760984,1242.6818012964302,88.36376226812087,8.684240938799348,3.537888704393552,1266.4600495208879,0.004645915336085221,1,INFY,15m,2026-03-18 04:45:00
1277.199951171875,1280.5999755859375,1275.0,1276.5999755859375,451277,-0.0003132532608163263,0.035108996224362254,0.004669758004612045,0.75,0.3,1,1249.868864810369,1244.0119257783717,90.00013563429377,9.895202243232688,4.80935141216138,1268.1472233894933,0.004669758004612045,1,INFY,15m,2026-03-18 05:00:00
1276.5,1282.5,1275.5999755859375,1282.0,335833,0.004230005105227974,0.04142973192526411,0.004620939579729359,0.75,0.3,1,1252.928972923667,1245.50165417922,90.78512654931778,11.16196644078218,6.07987441788554,1269.3709369988585,0.004620939579729359,1,INFY,15m,2026-03-18 05:15:00
1282.0,1283.9000244140625,1281.0,1282.0,326605,0.0,0.04049998003638633,0.0046369183361573835,0.8,0.25,1,1255.6976421690322,1246.9329618584663,91.8826267720254,12.027243616175383,7.269348257543509,1270.5476358877856,0.0046369183361573835,1,INFY,15m,2026-03-18 05:30:00
1282.0,1286.0999755859375,1280.0,1285.699951171875,270120,0.0028860773571568465,0.041136874041213245,0.004640863765842716,0.8,0.3,1,1258.5550049312076,1248.4532359491882,94.83336351188865,12.863257523813218,8.388130110797452,1271.484666787495,0.004640863765842716,1,INFY,15m,2026-03-18 05:45:00
1285.5,1289.300048828125,1283.0,1287.800048828125,439375,0.001633427499422302,0.04351355182281025,0.004599488892895909,0.8,0.3,1,1261.3402472071045,1249.9962482189503,95.16129032258064,13.539193503529077,9.418342789343777,1273.0400662013317,0.004599488892895909,1,INFY,15m,2026-03-18 06:00:00
1287.5999755859375,1290.4000244140625,1284.0,1284.0,455965,-0.0029508065569519015,0.03984446811333364,0.004728347112474952,0.85,0.3,1,1263.498318901666,1251.3297286809523,89.37494397174078,13.611342373102161,10.256942706095455,1274.2958513134392,0.004728347112474952,1,INFY,15m,2026-03-18 06:15:00
1284.5,1286.0,1280.0,1280.699951171875,283611,-0.002570131486078653,0.038349218275946395,0.004788432326336569,0.8,0.35,1,1265.1365695940667,1252.481502111969,87.32803059387452,13.249502494050148,10.855454663686395,1274.742715249335,0.004788432326336569,1,INFY,15m,2026-03-18 06:30:00
1280.5,1282.5,1278.0999755859375,1281.4000244140625,474759,0.0005466333012247304,0.038243457389032454,0.004789881761960821,0.8,0.35,1,1266.685470053114,1253.6155618100902,87.25018844857135,12.8708645284255,11.258536636634215,1275.252916788646,0.004789881761960821,1,INFY,15m,2026-03-18 06:45:00
1281.4000244140625,1286.0999755859375,1280.0,1284.5,569038,0.002419209869576111,0.04134576408593427,0.004755708445727763,0.8,0.35,1,1268.3820919528173,1254.82671624891,87.63021070210993,12.674825832544457,11.541794475816264,1276.0277081035877,0.004755708445727763,1,INFY,15m,2026-03-18 07:00:00
1284.5999755859375,1288.699951171875,1283.199951171875,1288.5,638491,0.003114052160373637,0.045945267038093096,0.0046947730733064574,0.8,0.3,1,1270.2980831954062,1256.1472371803254,83.94560939156469,12.695880121155824,11.772611604884176,1277.051225164935,0.0046947730733064574,1,INFY,15m,2026-03-18 07:15:00
1288.300048828125,1289.300048828125,1282.199951171875,1283.5,475909,-0.0038804811796663286,0.04197105790104483,0.004868112473549957,0.85,0.3,1,1271.5554086053676,1257.2198945458028,75.18640655531618,12.168832853017648,11.85185585451087,1277.5769288791203,0.004868112473549957,1,INFY,15m,2026-03-18 07:30:00
1283.5,1283.5999755859375,1280.5,1280.5999755859375,222891,-0.0022594658465621142,0.0380998710523448,0.004962734156453834,0.8,0.35,1,1272.4167959368503,1258.1367604689456,58.56763760107396,11.385886944915455,11.758662072591788,1277.6967970750218,0.004962734156453834,1,INFY,15m,2026-03-18 07:45:00
1280.5,1284.5999755859375,1280.5,1282.5999755859375,330628,0.0015617679510613325,0.04124040001958207,0.004901253802325692,0.8,0.3,1,1273.3866225700967,1259.0961022382394,61.78651481189798,10.802258248312455,11.567381307735921,1277.9045696740127,0.004901253802325692,1,INFY,15m,2026-03-18 08:00:00
1283.0,1283.300048828125,1280.0,1280.4000244140625,205073,-0.0017152278292146272,0.03852704928169204,0.004967463411880622,0.75,0.3,1,1274.0545656028553,1259.9315501667031,54.40415163196959,10.046401959504237,11.263185438089586,1277.990388790359,0.004967463411880622,1,INFY,15m,2026-03-18 08:15:00
1280.0,1283.9000244140625,1279.0,1279.4000244140625,378508,-0.0007810059207532527,0.0367909436094509,0.00499938056203624,0.8,0.35,1,1274.5636569182084,1260.695019745031,53.57147305747241,9.259945870443744,10.862537524560418,1278.1164962948196,0.00499938056203624,0,INFY,15m,2026-03-18 08:30:00
1279.199951171875,1279.5999755859375,1276.0999755859375,1277.0,269844,-0.0018758983650650762,0.01882876585786719,0.0038375698108108107,0.75,0.4,1,1274.7956895926648,1261.3344307354218,43.09395991259543,8.346795182218102,10.359389056091956,1278.099249300155,0.0038375698108108107,0,INFY,15m,2026-03-18 08:45:00
1276.699951171875,1278.0,1274.5,1274.5,269174,-0.0019577133907595634,0.014325507361719003,0.003872146058601276,0.7,0.45,1,1274.7675286790775,1261.8507275693269,40.310126422569326,7.336813358882409,9.754873916650048,1278.0254452899374,0.003872146058601276,0,INFY,15m,2026-03-18 09:00:00
1274.5,1275.800048828125,1271.5,1273.0999755859375,420914,-0.0010984891440271038,-0.0006280310956843227,0.002346612070991705,0.65,0.5,0,1274.6087140987784,1262.2918745503703,32.692468920926515,6.350223790658447,9.073943891451728,1277.8189596145294,0.002346612070991705,0,INFY,15m,2026-03-18 09:15:00
1273.199951171875,1274.199951171875,1266.699951171875,1269.5999755859375,618247,-0.0027491949313636077,-0.0027491949313636077,0.0024218489699075504,0.6,0.55,0,1274.1316913832698,1262.5784667478435,25.92593788651388,5.225685253837128,8.304292163928809,1277.3416149369293,0.0024218489699075504,-1,INFY,15m,2026-03-18 09:30:00
1269.5,1269.800048828125,1266.0,1266.9000244140625,1151186,-0.0021266156457107055,-0.007909142980373929,0.002337712684537654,0.55,0.6,0,1273.4429611957262,1262.7479395974992,26.70307703053747,4.069703853684132,7.457374501879874,1276.324401160346,0.002337712684537654,-1,INFY,15m,2026-03-18 09:45:00
1266.9000244140625,1267.0999755859375,1263.5,1267.0999755859375,690772,0.000157827111864961,-0.00744164200350983,0.0023409438442423525,0.5,0.65,0,1272.8388673281274,1262.9186076754772,29.761926387188424,3.1335925498542565,6.592618111474751,1275.7117207744625,0.0023409438442423525,-1,INFY,15m,2026-03-18 10:00:00
1243.4000244140625,1245.199951171875,1239.9000244140625,1240.5,400504,-0.0020915257316387326,-0.03237129485179402,0.004580938640093084,0.4,0.75,-1,1267.1964403122893,1261.2927238124735,10.992840260763415,-1.8651845768147268,3.918227738657226,1241.8666585286458,0.004580938640093084,-1,INFY,15m,2026-03-19 04:00:00
1240.699951171875,1244.699951171875,1237.699951171875,1239.699951171875,467557,-0.0006449406111447287,-0.03577817667183736,0.0044641216488010595,0.35,0.75,-1,1264.5777270608212,1260.445948414803,4.135250359098151,-3.7215879642201344,2.390264598081754,1241.2382439453277,0.0044641216488010595,-1,INFY,15m,2026-03-19 04:15:00
1239.800048828125,1241.9000244140625,1238.5,1240.5,231971,0.0006453568279718436,-0.03672934231612057,0.004429334596313627,0.3,0.75,-1,1262.2846101978857,1259.6637543593208,6.122448979591837,-5.069802244824132,0.8982512295005769,1241.0403919751516,0.004429334596313627,-1,INFY,15m,2026-03-19 04:30:00
1240.300048828125,1240.800048828125,1236.5999755859375,1240.300048828125,242834,-0.00016118595072556197,-0.03403422988463789,0.004437089009835858,0.25,0.8,-1,1260.1908424483847,1258.9043933580974,6.479491891407349,-6.084270481289423,-0.4982531126574231,1240.7136212104863,0.004437089009835858,-1,INFY,15m,2026-03-19 04:45:00
1240.300048828125,1240.9000244140625,1236.199951171875,1236.4000244140625,161715,-0.00314442010846272,-0.03459040247270784,0.004444729124197288,0.3,0.8,-1,1257.92505025464,1258.0218690857823,2.074690898408022,-7.120858420595823,-1.8227741742451031,1240.404042826834,0.004444729124197288,-1,INFY,15m,2026-03-19 05:00:00
1236.5,1238.199951171875,1234.300048828125,1234.5999755859375,274440,-0.0014558789975582798,-0.03652259086659915,0.0044127313764458055,0.3,0.8,-1,1255.7036145719064,1257.1033634583373,2.092048072159315,-7.995444223485947,-3.057308184093272,1239.6783741884117,0.0044127313764458055,-1,INFY,15m,2026-03-19 05:15:00
1234.5999755859375,1235.300048828125,1231.5,1232.4000244140625,262508,-0.0017819141546887574,-0.04056051038220121,0.004297332074904173,0.25,0.85,-1,1253.4842250330641,1256.1346050644443,2.040816326530603,-8.7650395275125,-4.198854452777118,1238.8282174141355,0.004297332074904173,-1,INFY,15m,2026-03-19 05:30:00
1232.4000244140625,1233.0,1230.4000244140625,1232.0999755859375,205595,-0.00024346707414879543,-0.043771846654297675,0.004147569224313776,0.2,0.9,-1,1251.4476298476234,1255.192070575091,2.132195052120622,-9.292047840004443,-5.217493130222583,1238.1882379592444,0.004147569224313776,-1,INFY,15m,2026-03-19 05:45:00
1232.0,1233.0,1230.0999755859375,1232.699951171875,210385,0.00048695365459461293,-0.03957931346172572,0.004170848502253982,0.15,0.9,-1,1249.6621366404092,1254.3100266769259,3.555501302083343,-9.551192507153019,-6.08423300560867,1237.652759453947,0.004170848502253982,-1,INFY,15m,2026-03-19 06:00:00
1232.699951171875,1232.9000244140625,1230.5999755859375,1231.0999755859375,168992,-0.0012979440653149155,-0.038653756788767146,0.004173347873107873,0.15,0.85,-1,1247.8943117780786,1253.3998285949265,3.5397728193411524,-9.773013959698346,-6.821989196426605,1237.2590282373076,0.004173347873107873,-1,INFY,15m,2026-03-19 06:15:00
1231.0999755859375,1236.4000244140625,1231.0,1233.4000244140625,181889,0.0018682876076172583,-0.03835954475938508,0.004187503321433678,0.15,0.85,-1,1246.513903457696,1252.6155225486182,8.863691850142047,-9.651952638968169,-7.387981884934918,1237.022047609039,0.004187503321433678,-1,INFY,15m,2026-03-19 06:30:00
1233.699951171875,1235.5,1232.0999755859375,1233.0,146434,-0.00032432658192338426,-0.03701969971123187,0.004203048084825052,0.15,0.8,-1,1245.2268650331534,1251.846286370241,9.352560105618437,-9.479021043062176,-7.80618971656037,1236.8491548824563,0.004203048084825052,-1,INFY,15m,2026-03-19 06:45:00
1233.0,1233.0,1231.0,1232.199951171875,145080,-0.0006488636075628884,-0.036892349805764724,0.00420496316792434,0.1,0.8,-1,1243.9862065701745,1251.075841852658,8.747182726687697,-9.29933185258119,-8.104818143764534,1236.6253267407865,0.00420496316792434,-1,INFY,15m,2026-03-19 07:00:00
1232.199951171875,1233.4000244140625,1230.699951171875,1232.699951171875,105870,0.00040577829882604277,-0.03469071952084968,0.004235613177231744,0.15,0.8,-1,1242.9113251036697,1250.3552186887057,22.34061203420535,-9.012688391633674,-8.286392193338363,1236.4813821187502,0.004235613177231744,-1,INFY,15m,2026-03-19 07:15:00
1232.5999755859375,1233.4000244140625,1230.0999755859375,1230.5999755859375,219267,-0.0017035577748998332,-0.0344448995010298,0.004235354735895296,0.15,0.8,-1,1241.7388156257905,1249.5805032729108,22.951005569822897,-8.852920901830657,-8.399697935036823,1236.1539436742378,0.004235354735895296,-1,INFY,15m,2026-03-19 07:30:00
1230.5999755859375,1231.9000244140625,1229.199951171875,1230.5,166662,-8.124133586939752e-05,-0.033461610559163746,0.0042495792672913235,0.15,0.8,-1,1240.668452232858,1248.8322482426006,23.86392009987516,-8.634834215514502,-8.446725191132359,1235.8931360526346,0.0042495792672913235,-1,INFY,15m,2026-03-19 07:45:00
1230.5,1231.9000244140625,1229.4000244140625,1230.4000244140625,102701,-8.124793656039131e-05,-0.03087582854889681,0.004256501659849114,0.15,0.75,-1,1239.690506726306,1248.1094159355991,20.118458593665366,-8.37354116938127,-8.43208838678214,1235.7450658293837,0.004256501659849114,0,INFY,15m,2026-03-19 08:00:00
1230.4000244140625,1233.0,1230.0999755859375,1231.699951171875,239883,0.0010565074219919257,-0.027784412790162638,0.004293478820733392,0.2,0.7,-1,1238.9295014354077,1247.4659075134923,26.110839843750014,-7.969701563732087,-8.33961102217213,1235.4923296454529,0.004293478820733392,0,INFY,15m,2026-03-19 08:15:00
1231.699951171875,1232.0,1226.0,1226.4000244140625,204123,-0.004302936565654614,-0.03212055240791423,0.004324101092453882,0.2,0.7,-1,1237.7362179095653,1246.6397944507696,24.22667438524074,-7.985266382564987,-8.268742094250703,1235.129354796885,0.004324101092453882,0,INFY,15m,2026-03-19 08:30:00
1226.0999755859375,1227.4000244140625,1224.0,1227.4000244140625,330038,0.0008153946347788654,-0.012629677001220085,0.0014822363928427007,0.2,0.7,0,1236.7518185290412,1245.8852936650164,30.645140119446083,-7.826688774726563,-8.180331430345875,1234.4747609662286,0.0014822363928427007,0,INFY,15m,2026-03-19 08:45:00
1227.4000244140625,1227.4000244140625,1223.800048828125,1225.199951171875,288863,-0.0017924663503553484,-0.012333775758262777,0.001468203621991278,0.2,0.7,0,1235.6516406855017,1245.0741037633247,30.64493899757828,-7.78875844289405,-8.10201683285551,1233.9277917239654,0.001468203621991278,0,INFY,15m,2026-03-19 09:00:00
1225.300048828125,1228.699951171875,1224.0,1224.199951171875,522752,-0.0008161933070953697,-0.012503025417842428,0.0014688602252766363,0.25,0.65,0,1234.5610035889658,1244.2555095440523,29.53353783877803,-7.750052246240102,-8.031623915532428,1233.1065966493447,0.0014688602252766363,0,INFY,15m,2026-03-19 09:15:00
1224.800048828125,1224.800048828125,1218.0999755859375,1218.199951171875,922331,-0.004901160136672522,-0.017976661691354257,0.001718248581852056,0.25,0.7,0,1233.0028081206715,1243.233722941222,20.647715254371306,-8.110039673405936,-8.04730706710713,1231.2120959344913,0.001718248581852056,0,INFY,15m,2026-03-19 09:30:00
1218.0999755859375,1225.199951171875,1215.199951171875,1221.9000244140625,1823609,0.003037328345505186,-0.014835139635322458,0.0019272778200723141,0.3,0.7,0,1231.9454001486133,1242.3971073127059,32.835943264737224,-8.004496462567658,-8.038744946199238,1228.8387572572726,0.0019272778200723141,0,INFY,15m,2026-03-19 09:45:00
1221.9000244140625,1226.5,1221.0999755859375,1226.0,665773,0.0033554100204749027,-0.00841153688830698,0.0020458023923651428,0.3,0.65,0,1231.3791715630312,1241.7540834965214,37.062883337388115,-7.50352300035388,-7.931700557030166,1228.5089696028062,0.0020458023923651428,0,INFY,15m,2026-03-19 10:00:00
1246.4000244140625,1250.800048828125,1244.0999755859375,1244.9000244140625,824822,-0.0008828054461778034,0.010142810574791383,0.004226438506123586,0.35,0.55,0,1233.92671646178,1242.0374305903047,63.092891966243066,-3.8314370418759154,-6.7113870601515355,1246.6000162760417,0.004226438506123586,0,INFY,15m,2026-03-20 04:00:00
1244.5,1245.699951171875,1238.699951171875,1240.5,407440,-0.0035344399773254986,0.006817648389342512,0.004320463826405633,0.35,0.55,0,1234.55274346542,1241.9771391946065,57.44280855425617,-2.886282364339422,-5.946366120989113,1244.9578017460167,0.004320463826405633,0,INFY,15m,2026-03-20 04:15:00
1240.5,1248.9000244140625,1240.4000244140625,1247.699951171875,546642,0.005804071883817041,0.012168411287548198,0.0044897037457613575,0.4,0.5,0,1235.8048584850824,1242.201563193715,64.86957555531495,-1.5385293768965767,-5.064798772170606,1245.1756298794933,0.0044897037457613575,0,INFY,15m,2026-03-20 04:30:00
1247.699951171875,1249.9000244140625,1246.199951171875,1248.0999755859375,396159,0.0003206094651897473,0.013808789161829704,0.004467953087991912,0.45,0.5,0,1236.9758220184972,1242.4328734836063,65.22491166786695,-0.43315367134664484,-4.138469752005815,1245.7021910846947,0.004467953087991912,0,INFY,15m,2026-03-20 04:45:00
1248.300048828125,1254.0999755859375,1246.5,1250.800048828125,354703,0.0021633469233264258,0.0141073650637622,0.004472514656956782,0.45,0.5,0,1238.2924150479855,1242.7609980069208,66.8874306028533,0.6532081078355532,-3.1801341800375416,1246.370227839451,0.004472514656956782,0,INFY,15m,2026-03-20 05:00:00
1250.800048828125,1253.5999755859375,1250.0,1250.9000244140625,160723,7.992931086886479e-05,0.014517456945711604,0.004468505274246113,0.45,0.5,0,1239.4931397495166,1243.080175513083,66.21625801343184,1.5048775472944271,-2.2431318345711477,1246.6766674387059,0.004468505274246113,0,INFY,15m,2026-03-20 05:15:00
1250.9000244140625,1253.199951171875,1247.300048828125,1249.0,210556,-0.0015189258749535028,0.01363419046734049,0.004486836780773888,0.45,0.5,0,1240.3985550114674,1243.3123254929621,70.25081215886593,2.0034214278307445,-1.3938211820907693,1246.9057762405719,0.004486836780773888,0,INFY,15m,2026-03-20 05:30:00
1249.0,1250.0,1246.4000244140625,1246.800048828125,134531,-0.0017613700335268323,0.011438385831723075,0.004520027082567606,0.4,0.5,0,1241.0082210892444,1243.449098957086,67.01752883101864,2.1956927914307016,-0.6759183873864753,1246.9424530912568,0.004520027082567606,0,INFY,15m,2026-03-20 05:45:00
1247.199951171875,1249.9000244140625,1246.800048828125,1249.199951171875,139688,0.0019248494143111472,0.015114558715216386,0.004496367230985064,0.4,0.45,0,1241.7883858590187,1243.6746225733523,70.97903888753729,2.5127558098047302,-0.0381835479482342,1247.0168396040124,0.004496367230985064,0,INFY,15m,2026-03-20 06:00:00
1249.0,1249.199951171875,1244.300048828125,1245.199951171875,194725,-0.003202049436719534,0.011946323585432683,0.004580459413876571,0.4,0.45,0,1242.1132968411955,1243.7344393811375,67.44187461219326,2.413443293604132,0.4521418203622391,1246.9715660354905,0.004580459413876571,0,INFY,15m,2026-03-20 06:15:00
1245.199951171875,1245.199951171875,1238.9000244140625,1239.5999755859375,210176,-0.004497250084749216,0.007477203339829375,0.0047195472503415185,0.4,0.5,0,1241.8739329121233,1243.5723035460317,67.893018916839,1.8614090157243481,0.7339952594346609,1246.6346982606137,0.0047195472503415185,0,INFY,15m,2026-03-20 06:30:00
1239.5999755859375,1241.199951171875,1236.9000244140625,1236.9000244140625,161736,-0.002178082627501521,0.004221866889935422,0.004750574182388951,0.35,0.55,0,1241.4002273408796,1243.3106455408563,62.755144408828954,1.1923101687377766,0.8256582412952841,1246.2758887790485,0.004750574182388951,0,INFY,15m,2026-03-20 06:45:00
1237.0,1237.0,1233.300048828125,1235.5,230421,-0.0011318816286107758,0.007420071269392814,0.004643334784334096,0.35,0.55,0,1240.8383009274626,1243.0043457157246,58.46704528145876,0.5428169858600995,0.7690899902082472,1245.6372818841353,0.004643334784334096,0,INFY,15m,2026-03-20 07:00:00
1235.699951171875,1238.0999755859375,1234.300048828125,1236.9000244140625,182308,0.0011331642363920924,0.007739937926541263,0.004645446655761737,0.4,0.5,0,1240.4632269738054,1242.7649605666397,37.86665972219962,0.1394517162275406,0.6431623354121059,1245.233407054091,0.004645446655761737,0,INFY,15m,2026-03-20 07:15:00
1236.9000244140625,1238.9000244140625,1236.0,1238.4000244140625,231161,0.0012127091683991065,0.010773811433441471,0.004619471408680679,0.45,0.45,0,1240.2667314919252,1242.5937865998721,41.424780015202465,-0.05850627811400955,0.5028286127068828,1244.8398599351535,0.004619471408680679,0,INFY,15m,2026-03-20 07:30:00
1238.4000244140625,1240.0,1236.4000244140625,1238.5,179887,8.072963821592616e-05,0.011681138211479425,0.004609894653866075,0.45,0.45,0,1240.0984713498372,1242.4332459488967,47.02379654859219,-0.20495957419711885,0.36127097532608254,1244.5821907959303,0.004609894653866075,0,INFY,15m,2026-03-20 07:45:00
1238.5,1239.5999755859375,1236.800048828125,1239.199951171875,142459,0.0005651604133023458,0.017238549369336775,0.004425498368204771,0.45,0.4,0,1240.012897999555,1242.306450075288,34.317258403077446,-0.26152990272589705,0.23671079971568662,1244.3991639756405,0.004425498368204771,0,INFY,15m,2026-03-20 08:00:00
1239.300048828125,1239.9000244140625,1236.5,1236.9000244140625,257549,-0.001855977121075214,0.012275963417868851,0.00443428743993246,0.45,0.4,0,1239.7164338485557,1242.0944333826908,30.689576791291685,-0.4863409282336306,0.09210045412582318,1244.0551654107794,0.00443428743993246,0,INFY,15m,2026-03-20 08:15:00
1236.800048828125,1239.4000244140625,1235.699951171875,1238.699951171875,214640,0.0014551917877640985,0.01035885087428623,0.004392744681111244,0.4,0.45,0,1239.6196259745861,1241.961316433247,28.469277820254405,-0.5133486749086842,-0.02898937168107829,1243.8015143321913,0.004392744681111244,0,INFY,15m,2026-03-20 08:30:00
1238.699951171875,1239.4000244140625,1236.0,1237.5,222947,-0.0009687181877578999,-0.006821829855537698,0.00234679184458369,0.35,0.45,0,1239.4177568341495,1241.7863628476296,27.054426574917542,-0.6243810636508442,-0.1480677100750315,1243.5470064376605,0.00234679184458369,0,INFY,15m,2026-03-20 08:45:00
1237.699951171875,1238.0,1234.0,1235.300048828125,181713,-0.0017777383207070452,-0.007711443005598673,0.0023661467136068446,0.35,0.5,0,1239.025594166909,1241.5319975919626,26.779359430604984,-0.8797514780724214,-0.29440446367450945,1243.293865978,0.0023661467136068446,0,INFY,15m,2026-03-20 09:00:00
1235.5999755859375,1236.5999755859375,1231.5999755859375,1232.9000244140625,254204,-0.001942867578074936,-0.00612654218938935,0.002279814833457399,0.35,0.5,0,1238.4422065713998,1241.1934888398882,26.59895848318324,-1.2612572947318768,-0.4877750298859829,1242.8762051079498,0.002279814833457399,0,INFY,15m,2026-03-20 09:15:00
1232.5999755859375,1260.0999755859375,1229.300048828125,1255.5999755859375,4375826,0.01841183447349115,0.006331670051475502,0.004610050392861099,0.35,0.55,0,1240.0762798108797,1241.7584491044393,56.40007128958464,0.2650377548695815,-0.33721247293487006,1245.2138855945948,0.004610050392861099,-1,INFY,15m,2026-03-20 09:30:00
1255.5999755859375,1258.9000244140625,1250.4000244140625,1256.699951171875,10758883,0.0008760557560731908,0.00689045409355149,0.0046116913303172555,0.3,0.55,0,1241.659486607165,1242.344390361986,62.208169189301266,1.54557993158528,0.03934600796915999,1250.4048114327377,0.0046116913303172555,0,INFY,15m,2026-03-20 09:45:00
1256.5999755859375,1263.9000244140625,1256.0999755859375,1259.0,5667671,0.0018302291059852926,0.006555764991820645,0.004605407652322059,0.3,0.55,0,1243.3109640731493,1242.9975515242609,72.14630706758787,2.7147199488442766,0.5744207961441834,1252.375158837772,0.004605407652322059,0,INFY,15m,2026-03-20 10:00:00
1235.9000244140625,1245.699951171875,1233.699951171875,1242.699951171875,771302,0.0055020039028126355,-0.005044074321957526,0.0063609233124624935,0.35,0.55,0,1242.614187998549,1242.7184616000998,55.17240774519433,1.5291469038395462,0.954585532733919,1240.699951171875,0.0063609233124624935,0,INFY,15m,2026-03-23 04:00:00
1242.800048828125,1253.9000244140625,1242.5,1248.4000244140625,765557,0.004586845953290952,0.0012832655785033342,0.00643858890068744,0.4,0.5,0,1243.1652200381216,1242.941267984961,57.780820831667725,1.7878765371410736,1.12124373361535,1244.469174291422,0.00643858890068744,0,INFY,15m,2026-03-23 04:15:00
1248.4000244140625,1251.4000244140625,1246.199951171875,1248.4000244140625,486178,0.0,-0.0006403512560676505,0.006423990745867236,0.4,0.5,0,1243.6637728358303,1243.1553368645336,56.90610995147514,1.9702102779085635,1.2910370424739928,1245.4779192862054,0.006423990745867236,0,INFY,15m,2026-03-23 04:30:00
1248.800048828125,1250.4000244140625,1246.699951171875,1249.199951171875,348347,0.0006407615685428691,0.0032123354937778625,0.006380892859691343,0.4,0.45,0,1244.1910279154536,1243.3923805628606,57.31874716114035,2.1544236306665425,1.4637143601125029,1245.961019779072,0.006380892859691343,0,INFY,15m,2026-03-23 04:45:00
1249.199951171875,1252.800048828125,1245.699951171875,1249.0999755859375,308253,-8.003169215919925e-05,0.0076637626549722615,0.006286233737379907,0.45,0.45,0,1244.658546741214,1243.6162078186676,56.82763753184368,2.2662232348820908,1.6242161350664206,1246.3336160902413,0.006286233737379907,0,INFY,15m,2026-03-23 05:00:00
1249.0999755859375,1256.5,1248.5999755859375,1252.9000244140625,311997,0.003042229527178142,0.012935564462923654,0.006281904802974812,0.5,0.4,0,1245.4434493767233,1243.9802790577028,60.81084647792994,2.631127409831379,1.8255983900194126,1246.9940888555238,0.006281904802974812,0,INFY,15m,2026-03-23 05:15:00
1252.699951171875,1253.5,1248.300048828125,1249.199951171875,226250,-0.0029532070956083123,0.011088588564852397,0.006322343802374586,0.5,0.4,0,1245.801211452452,1244.184972081788,56.91700494715105,2.591874098408198,1.9788535316971698,1247.2288717324404,0.006322343802374586,0,INFY,15m,2026-03-23 05:30:00
1249.5,1254.4000244140625,1247.699951171875,1250.300048828125,227908,0.0008806417701330282,0.010833554975803628,0.006321413120948583,0.5,0.45,0,1246.2296721548971,1244.4247790130169,58.443298537411785,2.6193401307159547,2.106950851500927,1247.4650701320895,0.006321413120948583,0,INFY,15m,2026-03-23 05:45:00
1250.300048828125,1251.199951171875,1243.5999755859375,1247.5999755859375,324218,-0.002159540219740186,0.007428900993625032,0.006347946656906063,0.45,0.5,0,1246.3601772435677,1244.5492965256803,58.060222285861464,2.395618613851184,2.1646844039709787,1247.4652046333972,0.006347946656906063,0,INFY,15m,2026-03-23 06:00:00
1247.5999755859375,1251.5,1245.300048828125,1246.0999755859375,314636,-0.00120230845571756,0.006136435676978191,0.006357704675104572,0.45,0.5,0,1246.3353961333173,1244.6101074692199,58.7532662649471,2.073379606463277,2.1464234444694386,1247.4781560377903,0.006357704675104572,0,INFY,15m,2026-03-23 06:15:00
1246.199951171875,1252.0,1245.0,1251.5,166532,0.004333540261505453,0.009925798347952819,0.006420720717141304,0.5,0.55,0,1246.8272631682394,1244.880299333172,46.47163504266141,2.228056068389833,2.1627499692535173,1247.55735801868,0.006420720717141304,0,INFY,15m,2026-03-23 06:30:00
1251.0,1255.0,1249.199951171875,1250.5,268284,-0.0007990411506192396,0.010995210055380289,0.006404520647364961,0.5,0.5,0,1247.177047628407,1245.100679751479,44.655237004828074,2.2440782984647285,2.1790156350957597,1247.7953573634504,0.006404520647364961,0,INFY,15m,2026-03-23 06:45:00
1250.0,1250.9000244140625,1244.800048828125,1247.800048828125,292839,-0.002159097298580548,0.007346490687789808,0.006429066569598046,0.5,0.5,0,1247.2363810759994,1245.206537362328,40.41102476098107,2.015677065598993,2.1463479211964067,1247.7976707600342,0.006429066569598046,0,INFY,15m,2026-03-23 07:00:00
1247.9000244140625,1249.5,1246.0999755859375,1247.9000244140625,182359,8.012147942393355e-05,0.008404060132575664,0.006421710701212697,0.5,0.5,0,1247.299585203434,1245.3121643055333,66.94908240746489,1.8217348123394004,2.0814252994250055,1247.7989728288846,0.006421710701212697,0,INFY,15m,2026-03-23 07:15:00
1247.699951171875,1248.0,1244.0999755859375,1244.199951171875,217609,-0.0029650398027075697,0.007204648257071566,0.006448704484846383,0.5,0.5,0,1247.004381962333,1245.2685481042136,52.32196036341098,1.353862704997482,1.935912780539501,1247.7002078269809,0.006448704484846383,0,INFY,15m,2026-03-23 07:30:00
1244.199951171875,1247.699951171875,1243.199951171875,1245.300048828125,292923,0.0008841807582566918,0.010057607404100555,0.006426081195392068,0.5,0.5,0,1246.8420645209799,1245.2697834267199,44.40444031182659,1.0596246823076854,1.7606551608931382,1247.57781635636,0.006426081195392068,0,INFY,15m,2026-03-23 07:45:00
1245.0,1249.699951171875,1244.0999755859375,1247.699951171875,343404,0.0019271679512165019,-0.006291832245676754,0.004882163222610709,0.5,0.45,0,1246.9237680115414,1245.3650841226083,48.83709612662776,1.008466023208257,1.6102173333561622,1247.553673054073,0.004882163222610709,0,INFY,15m,2026-03-23 08:00:00
1247.699951171875,1250.5999755859375,1247.0,1250.0,372491,0.0018434310476367344,-0.005331384922572235,0.004899233040486757,0.55,0.45,0,1247.2167424866327,1245.546845529565,51.26588635222312,1.1403716409927256,1.516248194883475,1247.6522472966572,0.004899233040486757,0,INFY,15m,2026-03-23 08:15:00
1250.4000244140625,1255.9000244140625,1250.0999755859375,1255.300048828125,476656,0.004240039062499923,-0.0029388015662231703,0.004982166363099811,0.55,0.45,0,1247.9865811858226,1245.9293240902928,58.423917550394904,1.6535167279280358,1.5437019014923872,1248.087391260423,0.004982166363099811,0,INFY,15m,2026-03-23 08:30:00
1255.300048828125,1258.9000244140625,1253.800048828125,1258.0999755859375,709143,0.002230484066678917,0.017962578471830692,0.002558181243710228,0.6,0.4,0,1248.9497616048811,1246.4066045411023,57.262442204612725,2.260065962156432,1.6869747136251962,1248.9343125498083,0.002558181243710228,0,INFY,15m,2026-03-23 08:45:00
1258.0999755859375,1258.9000244140625,1254.0999755859375,1254.9000244140625,516061,-0.0025434792416911822,0.00981739254973224,0.0024244600283275675,0.55,0.4,0,1249.5164533009938,1246.739679830238,58.073719045988824,2.454260101050295,1.8404317911102162,1249.3923653296156,0.0024244600283275675,0,INFY,15m,2026-03-23 09:00:00
1254.800048828125,1258.300048828125,1254.5,1257.4000244140625,523010,0.001992190574039876,0.00720922767061305,0.002257445306006165,0.5,0.4,0,1250.2672695974766,1247.1577325590156,59.672971957145755,2.7778679295165603,2.027919018791485,1249.8469511680732,0.002257445306006165,0,INFY,15m,2026-03-23 09:15:00
1257.4000244140625,1260.9000244140625,1255.5,1257.5,1064092,7.950976936244025e-05,0.007289310644005065,0.0022568448263808735,0.55,0.4,0,1250.9561010643836,1247.5633116743484,64.51617522293063,3.007725472298489,2.223880309492886,1250.7554778185597,0.0022568448263808735,0,INFY,15m,2026-03-23 09:30:00
1257.300048828125,1260.0999755859375,1253.0999755859375,1253.0999755859375,1540867,-0.0034990253789761727,0.0031220177445603348,0.002414610956456522,0.55,0.45,0,1251.1602795902459,1247.7804357493126,59.45945945945946,2.8025381184011167,2.339611871274532,1251.4077238020293,0.002414610956456522,0,INFY,15m,2026-03-23 09:45:00
1253.0,1256.800048828125,1248.5999755859375,1256.800048828125,681904,0.002952735866471823,0.006164497152099768,0.0024927970895415835,0.5,0.45,0,1251.697400470044,1248.1341460661288,57.50714093049955,2.9050035770503655,2.452690212429699,1251.5622612809316,0.0024927970895415835,0,INFY,15m,2026-03-23 10:00:00
1257.699951171875,1263.199951171875,1251.300048828125,1258.9000244140625,749894,0.0009541808768214199,0.007765028515321237,0.002298821836835489,0.5,0.45,0,1252.9005912462762,1248.916756020705,66.4687707147799,3.1784385477326396,2.6892437511380187,1257.8000081380208,0.002298821836835489,0,INFY,15m,2026-03-24 04:00:00
1259.300048828125,1260.9000244140625,1255.800048828125,1257.9000244140625,221720,-0.0007943442534013023,0.006078521386175151,0.0023104623979156897,0.45,0.4,0,1253.3767277384463,1249.2690410557386,64.45082626550571,3.183471691957493,2.788089339301914,1257.8912927562806,0.0023104623979156897,0,INFY,15m,2026-03-24 04:15:00
1257.5,1265.699951171875,1256.5,1264.199951171875,401092,0.0050082889224420946,0.01330552734111845,0.0024590987127852404,0.5,0.35,0,1254.4075109225823,1249.854566942646,76.8817557146701,3.653694418774421,2.9612103551964157,1259.1307682759848,0.0024590987127852404,0,INFY,15m,2026-03-24 04:30:00
1264.9000244140625,1269.0,1264.300048828125,1268.5,478066,0.0034013992993267017,0.017976105330978376,0.002490475607668484,0.5,0.35,0,1255.7496527394794,1250.5857603958757,78.71288026202879,4.323488832982321,3.233666050753597,1261.2323259940947,0.002490475607668484,0,INFY,15m,2026-03-24 04:45:00
1268.5,1273.199951171875,1268.300048828125,1269.300048828125,524078,0.0006307046339180111,0.014222971496703929,0.00235530146223485,0.5,0.3,0,1257.0401666526839,1251.3196540598856,77.83514236274972,4.862807567349364,3.5594943540727506,1263.2260130568209,0.00235530146223485,0,INFY,15m,2026-03-24 05:00:00
1268.4000244140625,1272.4000244140625,1266.5999755859375,1270.199951171875,505416,0.0007089752691500362,0.015753659473710435,0.002328467932831178,0.45,0.35,0,1258.2934794640355,1252.060057868199,77.00535282981917,5.301721206399407,3.907939724538082,1264.3678852167889,0.002328467932831178,0,INFY,15m,2026-03-24 05:15:00
1270.199951171875,1274.0999755859375,1269.0,1272.300048828125,346498,0.0016533598937020777,0.01963455605167619,0.002228729838495761,0.5,0.3,0,1259.6274384510916,1252.8537830038824,74.8538366539837,5.752710096109013,4.276893798852268,1265.1659651903974,0.002228729838495761,0,INFY,15m,2026-03-24 05:30:00
1272.5999755859375,1280.4000244140625,1271.0,1280.0,500343,0.006051993143415535,0.025723194933832794,0.00248753571250739,0.55,0.3,0,1261.5676824081306,1253.918340533142,78.00516379598322,6.6547321391240075,4.752461466906616,1266.7725176587173,0.00248753571250739,0,INFY,15m,2026-03-24 05:45:00
1280.4000244140625,1284.300048828125,1279.199951171875,1283.699951171875,349334,0.0028905868530273438,0.03174730875274201,0.00229991474904385,0.6,0.25,0,1263.6755175284873,1255.0862468327002,86.36356630487387,7.580759962728507,5.318121166070995,1268.111726353369,0.00229991474904385,0,INFY,15m,2026-03-24 06:00:00
1283.699951171875,1287.0999755859375,1283.0,1284.5,320661,0.000623236627371293,0.031478318184251064,0.0023047238589550246,0.65,0.2,0,1265.6588015733932,1256.239727349065,85.7519236529598,8.283711469360242,5.911239226728844,1269.3335886859363,0.0023047238589550246,0,INFY,15m,2026-03-24 06:15:00
1284.5,1295.0,1284.0999755859375,1294.800048828125,888608,0.008018722326294192,0.03774953875089304,0.0027215413179692695,0.65,0.2,0,1268.4341584547963,1257.7518968188324,88.77336080967221,9.56171199823143,6.641333781029362,1273.0264768800444,0.0027215413179692695,0,INFY,15m,2026-03-24 06:30:00
1294.699951171875,1295.0,1288.0,1290.9000244140625,661557,-0.003012066934653168,0.03272001953125003,0.0029313821479801726,0.6,0.2,0,1270.5737647366311,1259.0518233911944,89.70585218238703,10.142916026302373,7.341650230083964,1275.0591723212333,0.0029313821479801726,0,INFY,15m,2026-03-24 06:45:00
1290.9000244140625,1296.0,1290.199951171875,1292.4000244140625,303866,0.0011619799919679874,0.02955466752396907,0.0028664004769524873,0.6,0.2,0,1272.6524561344818,1260.3595959803265,89.20700048666772,10.602344640588171,7.993789112184807,1275.924789738732,0.0028664004769524873,0,INFY,15m,2026-03-24 07:00:00
1292.0,1293.0999755859375,1286.800048828125,1288.800048828125,350917,-0.0027854963772301344,0.024401934534566294,0.003011330735395094,0.55,0.25,0,1274.190322105305,1261.4749078567108,82.3285182064583,10.554293854149364,8.505890060577718,1276.6498940765105,0.003011330735395094,0,INFY,15m,2026-03-24 07:15:00
1288.800048828125,1292.4000244140625,1288.0,1288.0,346732,-0.0006207703272920195,0.02637658374530072,0.0029143076618609307,0.55,0.25,0,1275.5055295238476,1262.5151075486046,80.50307222610355,10.332548814620168,8.871221811386208,1277.2894288921718,0.0029143076618609307,0,INFY,15m,2026-03-24 07:30:00
1288.0,1291.800048828125,1286.800048828125,1291.699951171875,491990,0.002872632897418459,0.027278452435052225,0.0029318060086536684,0.55,0.3,0,1277.0478553950884,1263.6596112201055,83.53165712790977,10.336219902037556,9.164221429516477,1278.1364755275197,0.0029318060086536684,0,INFY,15m,2026-03-24 07:45:00
1291.699951171875,1296.699951171875,1290.5999755859375,1296.0999755859375,532888,0.0034063827362311727,0.030695805634940454,0.0029502114247067167,0.55,0.3,0,1278.862343032312,1264.9317823717067,82.88654033469834,10.572303528890416,9.445837849391264,1279.227837028906,0.0029502114247067167,0,INFY,15m,2026-03-24 08:00:00
1296.0,1296.5999755859375,1293.5,1295.0,588911,-0.0008486811254202475,0.033437096185777504,0.002766872200505279,0.55,0.25,0,1280.3992627435205,1266.1109281610516,79.24941659615519,10.549039901718743,9.66647825985676,1280.3148967264626,0.002766872200505279,0,INFY,15m,2026-03-24 08:15:00
1295.0,1296.9000244140625,1291.0999755859375,1292.300048828125,759862,-0.0020849043798262246,0.028246338813482152,0.0028693886934264756,0.6,0.25,0,1281.5326709420542,1267.1379525009368,74.36443198452395,10.19521571399332,9.772225750684072,1281.3841684331635,0.0028693886934264756,0,INFY,15m,2026-03-24 08:30:00
1292.300048828125,1293.699951171875,1289.0,1289.300048828125,399460,-0.00232144230182485,0.025125307214018955,0.0029854024091169992,0.55,0.3,0,1282.2724212169182,1268.0070543176894,69.37127661154938,9.562501997524805,9.73028100005222,1281.7655742709314,0.0029854024091169992,0,INFY,15m,2026-03-24 08:45:00
1289.4000244140625,1290.0999755859375,1285.0,1286.300048828125,388503,-0.002326843935767098,0.021765051936364355,0.0030905628510564734,0.55,0.3,0,1282.6560047989378,1268.724426651432,63.94423667073568,8.718495501744428,9.527923900390661,1281.9718365835713,0.0030905628510564734,0,INFY,15m,2026-03-24 09:00:00
1286.199951171875,1288.699951171875,1284.699951171875,1286.300048828125,622540,0.0,0.022577330362396175,0.003070222026095003,0.55,0.35,0,1283.0030566112414,1269.4136667367925,57.4118221507353,7.9578807771101765,9.213915275734564,1282.2383485042092,0.003070222026095003,0,INFY,15m,2026-03-24 09:15:00
1286.5,1286.5999755859375,1280.0999755859375,1280.0999755859375,744474,-0.004820083189638447,0.012577143670448487,0.0031991983437455874,0.5,0.4,0,1282.7265727040697,1269.8327376720533,46.00003797732754,6.776676722511866,8.726467565090024,1282.2401837579853,0.0031991983437455874,0,INFY,15m,2026-03-24 09:30:00
1280.199951171875,1280.199951171875,1275.0999755859375,1276.4000244140625,1270126,-0.0028903610986957817,0.006227847389879804,0.0032215990507006727,0.45,0.45,0,1282.1240442954977,1270.0902783286026,41.54491497131732,5.478852065198225,8.076944465111666,1281.741314676534,0.0032215990507006727,0,INFY,15m,2026-03-24 09:45:00
1277.0,1282.0,1276.0,1280.0999755859375,495786,0.0028987395025892315,0.008508568772043645,0.003272793369657773,0.45,0.45,0,1281.9312758469682,1270.482815475949,32.20326959852689,4.694753614458705,7.400506294981074,1281.6524154356234,0.003272793369657773,0,INFY,15m,2026-03-24 10:00:00
1265.800048828125,1271.4000244140625,1265.800048828125,1270.0,407605,0.0027635215159889093,-0.0018077880530174006,0.004131569527526347,0.4,0.45,0,1279.4652847636182,1270.3138177461567,28.867852824322,1.8144913124385766,5.569947357421464,1269.0666910807292,0.004131569527526347,0,INFY,15m,2026-03-25 04:00:00
1270.199951171875,1273.5999755859375,1268.5,1272.800048828125,270491,0.002204762856791387,-0.005624961853027299,0.003914804067366386,0.4,0.45,0,1278.8305003888092,1270.411317004273,34.674315166198184,1.1337785073678788,4.682713587410747,1270.0905222651197,0.003914804067366386,0,INFY,15m,2026-03-25 04:15:00
1273.300048828125,1282.5999755859375,1270.800048828125,1281.199951171875,963870,0.006599545899989456,-0.0019474955948372008,0.004153227097476477,0.4,0.45,0,1279.0561623681488,1270.8344006971201,44.314321874744834,1.2576136361458339,3.9976935971577645,1274.8509585106478,0.004153227097476477,0,INFY,15m,2026-03-25 04:30:00
1281.4000244140625,1282.5,1277.699951171875,1280.0,472009,-0.0009365838414038263,-0.0035033086804203695,0.004153788717432469,0.35,0.45,0,1279.1460516664204,1271.1938359638998,39.790583723902856,1.2445810807521411,3.44707109387664,1276.0155198269247,0.004153788717432469,0,INFY,15m,2026-03-25 04:45:00
1280.0999755859375,1284.0,1279.199951171875,1281.300048828125,283743,0.0010156631469726562,-0.010426320274098178,0.00369752537662097,0.35,0.45,0,1279.3511942532493,1271.5901580370069,36.346887985495655,1.3238947278496198,3.022435820671236,1276.6645464671506,0.00369752537662097,0,INFY,15m,2026-03-25 05:00:00
1281.5999755859375,1285.5999755859375,1280.199951171875,1284.0,242560,0.0021071966510455287,-0.00534512687548705,0.003692931125736631,0.4,0.45,0,1279.7939376577017,1272.0768185061438,40.143334675090564,1.5863286505075394,2.7352143866384973,1277.2710751560687,0.003692931125736631,0,INFY,15m,2026-03-25 05:15:00
1284.0,1285.9000244140625,1282.4000244140625,1285.300048828125,224015,0.001012499087324814,-0.005493636220841425,0.0036900488044430556,0.4,0.45,0,1280.3183291977418,1272.5953765579861,43.56616492087855,1.8775690531181226,2.5636853199344225,1277.8390554771233,0.0036900488044430556,0,INFY,15m,2026-03-25 05:30:00
1285.5999755859375,1290.5,1285.5,1288.0999755859375,286244,0.0021784226650931604,-0.0005431977154439771,0.003678794389508453,0.45,0.4,0,1281.0594383775701,1273.2034000492783,48.892917872546484,2.3077080380876396,2.512489863565066,1278.7652621971883,0.003678794389508453,0,INFY,15m,2026-03-25 05:45:00
1288.300048828125,1288.300048828125,1284.5999755859375,1285.4000244140625,237479,-0.0020960726830592247,-0.0020186145853552384,0.003706148728359081,0.45,0.45,0,1281.4728275239027,1273.6816990439759,49.165094542596826,2.4030321289758376,2.4905983166472203,1279.279383164708,0.003706148728359081,0,INFY,15m,2026-03-25 06:00:00
1285.699951171875,1287.199951171875,1283.0,1286.5,560072,0.0008557457328810525,-0.004025664913246629,0.003648150044784496,0.45,0.45,0,1281.9516058549593,1274.1843775128395,50.18177459949663,2.5380786044304386,2.500094374203864,1280.1712888997763,0.003648150044784496,0,INFY,15m,2026-03-25 06:15:00
1286.699951171875,1288.800048828125,1285.9000244140625,1286.5999755859375,187825,7.771129882438998e-05,-0.0073296814898135,0.003549790029891428,0.45,0.45,0,1282.3943077341,1274.6712637117846,56.64626322437629,2.62293553530958,2.5246626064250077,1280.485944507727,0.003549790029891428,0,INFY,15m,2026-03-25 06:30:00
1286.9000244140625,1287.9000244140625,1284.699951171875,1286.9000244140625,215271,0.00023321065896042548,-0.006254807402268359,0.003550222837756957,0.45,0.5,0,1282.8234236083822,1275.150822955011,61.538523451040156,2.6834634015147003,2.5564227654429463,1280.7834846117257,0.003550222837756957,0,INFY,15m,2026-03-25 06:45:00
1287.0999755859375,1289.4000244140625,1286.0,1288.199951171875,199601,0.0010101225683047943,-0.003172713380277248,0.0035361041948627266,0.45,0.45,0,1283.3354738525245,1275.6625534733196,59.396781968601395,2.8040026004296124,2.60593873244028,1281.094158176175,0.0035361041948627266,0,INFY,15m,2026-03-25 07:00:00
1288.0999755859375,1288.5999755859375,1285.0999755859375,1285.5,188182,-0.0020959100094817273,-0.0029473735237806054,0.003529177647966451,0.45,0.45,0,1283.541619199903,1276.0483356900522,79.50337402380772,2.6511069778864567,2.6149723815295154,1281.3048498444714,0.003529177647966451,0,INFY,15m,2026-03-25 07:15:00
1285.5,1286.5,1284.9000244140625,1286.199951171875,220337,0.0005444972165500328,-7.781827913411199e-05,0.003493831097698373,0.45,0.45,0,1283.794793673424,1276.4464382579667,77.55125767100422,2.556941475611893,2.603366200345991,1281.5075265184655,0.003493831097698373,0,INFY,15m,2026-03-25 07:30:00
1286.4000244140625,1287.699951171875,1284.5999755859375,1285.0,339635,-0.000932942946220483,-0.0010106886253401504,0.0035000805414129076,0.5,0.45,0,1283.9095752283358,1276.781872051772,71.94270508575795,2.358303550140363,2.5543536703048657,1281.7805141434153,0.0035000805414129076,0,INFY,15m,2026-03-25 07:45:00
1285.0999755859375,1287.800048828125,1285.0,1287.0,198710,0.0015564202334630295,0.005390223065119715,0.0033284050307760484,0.55,0.4,0,1284.203901397066,1277.1825829517027,63.55173239934743,2.3353444512652004,2.5105518264969326,1281.9547128361244,0.0033284050307760484,0,INFY,15m,2026-03-25 08:00:00
1287.199951171875,1288.800048828125,1285.5999755859375,1286.9000244140625,198682,-7.768110795458583e-05,0.00822626120272929,0.003246063915227542,0.6,0.35,0,1284.4606750177325,1277.5636590874815,66.99539974142337,2.2827676808890374,2.4649949973753538,1282.1341755776768,0.003246063915227542,0,INFY,15m,2026-03-25 08:15:00
1287.300048828125,1289.800048828125,1285.300048828125,1286.5999755859375,274684,-0.00023315628442976966,0.005077728399318859,0.003195068070331488,0.6,0.4,0,1284.6644179289901,1277.9180244403622,63.73060599735615,2.1916250889673847,2.41032101569376,1282.3687527400366,0.003195068070331488,0,INFY,15m,2026-03-25 08:30:00
1286.9000244140625,1287.199951171875,1282.300048828125,1283.0,410220,-0.002798053516438137,0.01302803000394781,0.0020750953219963383,0.6,0.4,0,1284.505901935753,1278.1173175995636,47.524716575213326,1.8080637512452995,2.2898695628040677,1282.4843322870963,0.0020750953219963383,0,INFY,15m,2026-03-25 08:45:00
1282.5999755859375,1284.4000244140625,1276.5999755859375,1279.5,511207,-0.002727981293842552,0.007480314960629952,0.0021428493146903515,0.6,0.45,0,1284.0291493704433,1278.1715404387965,37.05326488572083,1.207745737345931,2.0734447977124404,1282.3124328516244,0.0021428493146903515,0,INFY,15m,2026-03-25 09:00:00
1279.5999755859375,1281.699951171875,1279.199951171875,1279.300048828125,474644,-0.00015627289712782932,0.005106850841170685,0.0021013672841941116,0.55,0.45,0,1283.5787588426035,1278.2157956697506,27.777606520385447,0.7076971060519099,1.8002952593803343,1282.167742376935,0.0021013672841941116,0,INFY,15m,2026-03-25 09:15:00
1279.199951171875,1280.5,1277.4000244140625,1279.4000244140625,747548,7.814866108146745e-05,-0.001404875762105795,0.00147923260049908,0.5,0.5,0,1283.1807841351235,1278.2622360126647,32.55784244144783,0.3158314490040084,1.5034024973050693,1281.8851328949459,0.00147923260049908,0,INFY,15m,2026-03-25 09:30:00
1279.300048828125,1280.699951171875,1277.300048828125,1277.800048828125,1067536,-0.0012505671059919177,-0.0017187118530272993,0.0014905450249395674,0.55,0.55,0,1282.6683331535046,1278.2441110250359,25.423459957516073,-0.12241840253568625,1.1782383173369182,1281.5031991848448,0.0014905450249395674,0,INFY,15m,2026-03-25 09:45:00
1277.800048828125,1280.5,1276.300048828125,1279.5,826102,0.0013303733815270835,-0.0014048612811428107,0.0015043726407429243,0.5,0.6,0,1282.366587138885,1278.2933615730738,31.605978381181885,-0.3287728263271674,0.8768360886041011,1281.2773218764883,0.0015043726407429243,0,INFY,15m,2026-03-25 10:00:00
1288.5,1294.699951171875,1285.0,1285.4000244140625,689924,-0.0027928437439390663,7.778384979340025e-05,0.002300531180499974,0.5,0.6,0,1283.2270725227395,1278.975456988537,45.45461751568501,0.45088074460113603,0.6947328354715729,1288.3666585286458,0.002300531180499974,0,INFY,15m,2026-03-27 04:00:00
1284.9000244140625,1287.0,1283.5,1285.199951171875,431301,-0.0001556505666621133,-0.002251396994820465,0.002243031325298189,0.45,0.65,0,1283.414965727419,1279.2195547996482,49.46987473687843,0.57060873166688,0.6699080147106344,1287.161357799589,0.002243031325298189,0,INFY,15m,2026-03-27 04:15:00
1285.300048828125,1286.9000244140625,1276.9000244140625,1278.199951171875,477679,-0.005446623300613407,-0.005601426097272433,0.0025085569573931087,0.45,0.65,0,1282.91829767451,1279.1795703436571,38.43925741421526,0.0995054881238957,0.5558275093932866,1285.2210427051975,0.0025085569573931087,0,INFY,15m,2026-03-27 04:30:00
1278.199951171875,1284.5,1277.0999755859375,1283.9000244140625,299792,0.0044594534970539,-0.002020968197386286,0.0027151800916854476,0.45,0.6,0,1283.0117954592292,1279.3646861895554,48.5933807253666,0.18398023699705846,0.481458054914041,1284.686144981702,0.0027151800916854476,0,INFY,15m,2026-03-27 04:45:00
1283.699951171875,1286.5999755859375,1282.4000244140625,1284.300048828125,285085,0.0003115697534510353,-0.0017876004985660776,0.0027164782706699197,0.45,0.6,0,1283.1344862562669,1279.5582298224406,46.400065104166664,0.27997829564606036,0.44116210306044484,1284.6531434267292,0.0027164782706699197,0,INFY,15m,2026-03-27 05:00:00
1284.199951171875,1284.199951171875,1276.0,1276.0999755859375,355884,-0.0063848578450727,-0.00839229825412613,0.003057262198804994,0.45,0.6,0,1282.4645328590927,1279.4226120092444,38.15786655815996,-0.30213708280189167,0.29250226588797756,1283.8282662937797,0.003057262198804994,0,INFY,15m,2026-03-27 05:15:00
1276.0999755859375,1277.4000244140625,1273.5999755859375,1274.4000244140625,301654,-0.0013321457600486974,-0.010712565813450592,0.0030445581591329552,0.4,0.65,0,1281.6964844357565,1279.2256477898254,37.021328540558514,-0.8903758678575286,0.05592663913887633,1282.9051531718867,0.0030445581591329552,0,INFY,15m,2026-03-27 05:30:00
1274.4000244140625,1278.9000244140625,1274.0,1275.300048828125,262955,0.0007062338330354745,-0.007934617792201504,0.003033351588193669,0.45,0.6,0,1281.0873000921724,1279.071702732504,41.30931976875554,-1.269303157957438,-0.20911932028038657,1282.325884782827,0.003033351588193669,0,INFY,15m,2026-03-27 05:45:00
1275.5,1277.5999755859375,1270.5999755859375,1273.0,248665,-0.0018035354348481247,-0.010262752039329803,0.003040552221823409,0.45,0.6,0,1280.3170810357751,1278.8335967429941,42.4594138372475,-1.7351981987926592,-0.5143350959828411,1281.6886316584873,0.003040552221823409,0,INFY,15m,2026-03-27 06:00:00
1273.300048828125,1274.4000244140625,1271.199951171875,1273.0999755859375,140632,7.853541707580902e-05,-0.009260719388375471,0.003041581133429551,0.4,0.55,0,1279.6297376596,1278.608748854482,42.79063297535606,-2.072466082064011,-0.8259612931990752,1281.3348489140321,0.003041581133429551,0,INFY,15m,2026-03-27 06:15:00
1273.0,1277.0,1272.300048828125,1276.0,178029,0.0022779235485632654,-0.008547008547008517,0.0030709020310087203,0.4,0.55,0,1279.2840483586856,1278.5064449778356,46.288196804328415,-2.0817484751626125,-1.0771187295917826,1281.0325335693026,0.0030709020310087203,0,INFY,15m,2026-03-27 06:30:00
1276.300048828125,1279.4000244140625,1274.300048828125,1276.699951171875,207046,0.0005485510751370715,-0.007926080541362679,0.003077810488140423,0.4,0.55,0,1279.0379438647037,1278.4356020834844,48.77495092735072,-2.009460815302191,-1.2635871467338644,1280.8065971315752,0.003077810488140423,0,INFY,15m,2026-03-27 06:45:00
1276.800048828125,1279.199951171875,1275.4000244140625,1278.699951171875,317416,0.001566538792583394,-0.006140233611044987,0.003108890729305796,0.35,0.5,0,1279.0057540844343,1278.4459687144017,49.11499405855028,-1.7703811864626005,-1.3649459546796117,1280.5766362020506,0.003108890729305796,0,INFY,15m,2026-03-27 07:00:00
1278.5,1281.199951171875,1277.5999755859375,1280.4000244140625,304179,0.0013295325777009648,-0.0020264813608242838,0.003071340400708458,0.4,0.45,0,1279.1385417348752,1278.5225983496825,38.502788992861866,-1.4272744244738078,-1.377411648638451,1280.5196348160953,0.003071340400708458,0,INFY,15m,2026-03-27 07:15:00
1280.4000244140625,1281.0,1276.800048828125,1277.4000244140625,264213,-0.002343017762259758,-0.001641247038638105,0.003055147374192267,0.4,0.45,0,1278.9729686567025,1278.4785758424034,39.1305213156952,-1.3815095890186058,-1.378231236714482,1280.4020917307485,0.003055147374192267,0,INFY,15m,2026-03-27 07:30:00
1277.0,1282.0,1276.199951171875,1278.9000244140625,281091,0.0011742601936211017,-0.00031269006393686016,0.003067806370732366,0.45,0.5,0,1278.9660215859749,1278.4951032373706,41.73242726285335,-1.2102521300262197,-1.3446354153768296,1280.3258367465571,0.003067806370732366,0,INFY,15m,2026-03-27 07:45:00
1279.0,1280.9000244140625,1272.199951171875,1273.4000244140625,291147,-0.004300570720936481,-0.004689698206585491,0.003213864930662514,0.45,0.5,0,1278.4359266172212,1278.2952962246918,43.442762374553496,-1.5010304498466667,-1.375914422270797,1280.062559815595,0.003213864930662514,0,INFY,15m,2026-03-27 08:00:00
1273.300048828125,1276.5999755859375,1272.0999755859375,1274.9000244140625,197169,0.0011779487759082663,-0.002269544766978271,0.003219153268722752,0.4,0.5,0,1278.0991740264442,1278.1621483105494,36.11117390419784,-1.5920843420155961,-1.419148406219757,1279.8655556514416,0.003219153268722752,0,INFY,15m,2026-03-27 08:15:00
1274.9000244140625,1276.300048828125,1272.300048828125,1273.199951171875,200520,-0.0013334953405219618,-0.004923836520613567,0.003211578635660691,0.4,0.45,0,1277.632581373628,1277.9675523443268,33.531107826943696,-1.7808978285102057,-1.491498290677847,1279.6581180996718,0.003211578635660691,0,INFY,15m,2026-03-27 08:30:00
1273.199951171875,1274.0999755859375,1268.699951171875,1270.199951171875,375827,-0.0023562677623720774,-0.014584987453937215,0.0026840687842488342,0.35,0.5,0,1276.9247118306039,1277.6629405336425,39.64912430987737,-2.147849730139569,-1.6227685785701915,1279.1255716064124,0.0026840687842488342,0,INFY,15m,2026-03-27 08:45:00
1270.5,1275.800048828125,1270.0,1271.199951171875,502922,0.0007872776243436075,-0.011047201627882752,0.0026585792836408897,0.35,0.5,0,1276.3794965297725,1277.409489970436,44.24450796745398,-2.3310986589931417,-1.7644345946547817,1278.6090285992775,0.0026585792836408897,0,INFY,15m,2026-03-27 09:00:00
1271.0999755859375,1274.300048828125,1269.300048828125,1270.199951171875,716178,-0.0007866583058614429,-0.011671335644171665,0.002657373062120402,0.35,0.5,0,1275.790968400449,1277.1267629587278,40.86008803017177,-2.527876609986606,-1.9171229977211466,1277.8915766341495,0.002657373062120402,0,INFY,15m,2026-03-27 09:15:00
