open,high,low,close,volume,returns,price_change_pct,rolling_volatility,higher_high_ratio,lower_low_ratio,market_type,ema_20,ema_50,rsi,macd,macd_signal,vwap,volatility,target_market_type,symbol,timeframe,timestamp
323.0,323.20001220703125,322.3999938964844,323.04998779296875,1079594,0.00015476096894340152,0.01047849689717295,0.00330316157622356,0.55,0.3,0,321.4272667042353,320.75150004830215,59.55883672919846,0.5368915207334908,0.3637418386767223,321.7953791381315,0.00330316157622356,0,ITC,15m,2026-01-30 08:45:00
323.1000061035156,323.1499938964844,321.79998779296875,321.95001220703125,1164190,-0.0034049702135956483,0.0038977235809802835,0.0033549788956018416,0.5,0.35,0,321.4770519902159,320.79850052511506,50.95557991804871,0.5112096567314666,0.3932354022876712,321.8154958408232,0.0033549788956018416,0,ITC,15m,2026-01-30 09:00:00
321.95001220703125,322.3500061035156,321.45001220703125,322.20001220703125,1716072,0.0007765180634291546,0.003269557311233573,0.0033460648080878177,0.45,0.4,0,321.54590534419833,320.8534617675432,66.40646979443335,0.5052058070805288,0.4156294832462427,321.82573669730357,0.0033460648080878177,0,ITC,15m,2026-01-30 09:15:00
322.1499938964844,322.70001220703125,321.6499938964844,322.0,2648843,-0.0006207703272920195,-0.007551277900608944,0.0023537181922434554,0.45,0.4,0,321.5891524542747,320.89842405116894,61.78878732843064,0.4787892154018891,0.428261429677372,321.8486939913648,0.0023537181922434554,0,ITC,15m,2026-01-30 09:30:00
321.95001220703125,322.70001220703125,321.95001220703125,322.1000061035156,3723755,0.0003105779612286863,-0.002477509470703798,0.0021159507827166993,0.4,0.4,0,321.6378051827739,320.9455449159668,63.41459783746768,0.4606138630520604,0.43473191635230973,321.88876714768054,0.0021159507827166993,0,ITC,15m,2026-01-30 09:45:00
322.1000061035156,322.6000061035156,322.04998779296875,322.1499938964844,2713231,0.0001551933934229588,-0.0012400989354279801,0.00210440845753924,0.4,0.35,0,321.68658506027015,320.9927782093205,64.22772699754866,0.44511238400559705,0.4368080098829672,321.914396817294,0.00210440845753924,0,ITC,15m,2026-01-30 10:00:00
323.0,323.0,316.6000061035156,317.70001220703125,3344121,-0.013813384366796022,-0.012587374647921479,0.0037064650837478025,0.45,0.4,0,321.3069114551998,320.86365013079933,37.61909190785382,0.07291055044873929,0.3640285179961216,319.1000061035156,0.0037064650837478025,0,ITC,15m,2026-02-03 03:45:00
317.75,318.6000061035156,312.1499938964844,313.04998779296875,4074205,-0.014636525764538777,-0.027190802771656197,0.004843587641119703,0.45,0.45,0,320.52053777308254,320.55723199990405,21.678215719374023,-0.5904735806729491,0.17312809826230746,316.6285639014667,0.004843587641119703,0,ITC,15m,2026-02-03 04:00:00
312.8500061035156,314.6000061035156,311.95001220703125,314.29998779296875,2236670,0.003992972524332616,-0.018119394564057645,0.004892668531767142,0.45,0.45,0,319.92810444164314,320.3118498741419,26.797300882219773,-1.003774839179357,-0.06225248922602547,315.9308302475487,0.004892668531767142,0,ITC,15m,2026-02-03 04:15:00
314.3999938964844,314.3999938964844,312.3999938964844,312.75,1064886,-0.004931555371200713,-0.024333140196550196,0.004940297720412119,0.45,0.4,0,319.24447544720095,320.0153067418226,24.332278647224697,-1.4397930868593676,-0.33776060875269387,315.65790043992365,0.004940297720412119,0,ITC,15m,2026-02-03 04:30:00
312.6000061035156,313.29998779296875,312.20001220703125,313.0,2123420,0.0007993605115907965,-0.023248593924902305,0.004957259815611954,0.4,0.45,0,318.64976349984846,319.7401966735158,26.68703673539693,-1.7450519067014625,-0.6192188683424475,315.1909066492711,0.004957259815611954,0,ITC,15m,2026-02-03 04:45:00
313.29998779296875,315.6000061035156,313.29998779296875,315.6000061035156,1289238,0.008306728765225646,-0.014981235594278886,0.005390083378046393,0.45,0.4,0,318.35931041448345,319.577836259006,33.79495858560412,-1.756920274027209,-0.8467591494793999,315.1582870984548,0.005390083378046393,0,ITC,15m,2026-02-03 05:00:00
315.5,315.6499938964844,314.04998779296875,314.3999938964844,781119,-0.0038023199740929714,-0.018420212679801762,0.005431819890849321,0.45,0.4,0,317.9822326508645,319.3747836173385,27.34800202326757,-1.8419244384583067,-1.0457922072751813,315.13428339038956,0.005431819890849321,0,ITC,15m,2026-02-03 05:15:00
314.3500061035156,315.0,313.75,314.95001220703125,606314,0.0017494221412992506,-0.01930556377793846,0.005404240992916765,0.4,0.45,0,317.6934497514518,319.20126316987546,27.94523892337328,-1.8436564463484046,-1.205365055089826,315.112108641817,0.005404240992916765,0,ITC,15m,2026-02-03 05:30:00
314.8500061035156,315.54998779296875,314.8500061035156,315.04998779296875,665480,0.0003174331864186364,-0.01975733112664846,0.005397413190206127,0.4,0.45,0,317.44169146969153,319.0384680570556,28.142061922375234,-1.8160278422975011,-1.3274976125313611,315.1136663294069,0.005397413190206127,0,ITC,15m,2026-02-03 05:45:00
315.0,316.54998779296875,314.70001220703125,316.5,775638,0.0046024829811581736,-0.015245780925753682,0.005537834846358774,0.45,0.5,0,317.3520065678162,318.93892029011226,35.3887263468625,-1.6580155366563076,-1.3936011973563505,315.15038788084433,0.005537834846358774,0,ITC,15m,2026-02-03 06:00:00
316.5,316.79998779296875,315.6499938964844,316.0,735367,-0.0015797788309637184,-0.014348116082163687,0.0055265548367518765,0.5,0.45,0,317.223244037548,318.8236685140294,33.59787249158748,-1.5552079976307596,-1.4259225574112324,315.19192598281387,0.0055265548367518765,0,ITC,15m,2026-02-03 06:15:00
315.8999938964844,316.25,315.75,315.8999938964844,511880,-0.00031647501112541665,-0.01726557193898115,0.005471182063953757,0.5,0.45,0,317.0972202145895,318.70901460745904,33.77659531295909,-1.4649153072486456,-1.433721107378715,315.2137057421652,0.005471182063953757,0,ITC,15m,2026-02-03 06:30:00
315.79998779296875,316.3999938964844,315.79998779296875,316.20001220703125,394785,0.0009497255977952701,-0.0198387903763112,0.0053900558849656844,0.5,0.45,0,317.0117718329173,318.6106223564619,34.47372521053079,-1.3535458947717984,-1.4176860648573317,315.2332215178437,0.0053900558849656844,0,ITC,15m,2026-02-03 06:45:00
316.25,316.45001220703125,315.79998779296875,315.95001220703125,460447,-0.0007906388056566627,-0.021826587594330538,0.005364956776294266,0.5,0.4,0,316.9106518685472,318.50628470354303,33.85425027855176,-1.2708086525774434,-1.388310582401354,315.25335201764005,0.005364956776294266,0,ITC,15m,2026-02-03 07:00:00
315.8500061035156,316.25,315.6499938964844,315.70001220703125,473987,-0.0007912644100047661,-0.022751821277417372,0.0053575785103715055,0.45,0.45,0,316.7953528531647,318.39623480171906,43.33336045995907,-1.211446896982693,-1.3529378453176217,315.26823126456316,0.0053575785103715055,0,ITC,15m,2026-02-03 07:15:00
315.6000061035156,316.20001220703125,315.5,316.20001220703125,463347,0.0015837820103474787,-0.01785991545887078,0.005362528538100892,0.45,0.45,0,316.73865374400907,318.3101084254568,64.51619254417298,-1.1112466964798386,-1.3045996155500652,315.28441161916044,0.005362528538100892,0,ITC,15m,2026-02-03 07:30:00
316.1000061035156,316.45001220703125,315.8999938964844,316.3500061035156,441125,0.0004743639806887856,-0.018156442836372966,0.005358019241488316,0.5,0.4,0,316.7016396830097,318.23324166773364,60.51288150765754,-1.0081131607939255,-1.2453023245988373,315.3048887883351,0.005358019241488316,0,ITC,15m,2026-02-03 07:45:00
316.3500061035156,317.3999938964844,316.29998779296875,317.1000061035156,897446,0.002370791798735006,-0.015217372349330405,0.005407810325716804,0.5,0.4,0,316.7395793421055,318.18880105737213,74.30159406700196,-0.8559930042218298,-1.1674404605234359,315.3733739498217,0.005407810325716804,0,ITC,15m,2026-02-03 08:00:00
317.1499938964844,318.20001220703125,316.79998779296875,317.6000061035156,932296,0.0015767896259100134,-0.013970816251874907,0.005428283705129239,0.55,0.4,0,316.8215247479541,318.1657110591817,74.99991707218369,-0.6871695994519769,-1.071386288309144,315.4637899023821,0.005428283705129239,0,ITC,15m,2026-02-03 08:15:00
317.6000061035156,317.6000061035156,316.8999938964844,317.1000061035156,732538,-0.0015743072745314501,-0.01567588976764489,0.005427900935151078,0.55,0.4,0,316.8480467818171,318.1239187079791,60.56332579710643,-0.586955597430574,-0.97450015013343,315.51907699502374,0.005427900935151078,0,ITC,15m,2026-02-03 08:30:00
317.1000061035156,317.75,317.0,317.20001220703125,862563,0.0003153771731021493,-0.001573811711641282,0.004478051373711642,0.55,0.35,0,316.8815672985042,318.087687080491,73.333367241581,-0.4937737061370058,-0.8783548613341452,315.5840431057784,0.004478051373711642,0,ITC,15m,2026-02-03 08:45:00
317.1499938964844,317.3999938964844,316.8999938964844,317.20001220703125,1810469,0.0,0.013256746768528949,0.0028845488416115194,0.55,0.35,0,316.9118953850306,318.05287630113963,70.64215560010302,-0.41514090006779725,-0.7857120690808757,315.69563140830775,0.0028845488416115194,0,ITC,15m,2026-02-03 09:00:00
317.25,318.04998779296875,317.04998779296875,317.8500061035156,1192476,0.0020491610071569077,0.011294999835906205,0.0027978774060628286,0.6,0.3,0,317.0012392629816,318.0449206071152,73.333367241581,-0.29695168533606875,-0.6879599923319143,315.78236554432556,0.0027978774060628286,0,ITC,15m,2026-02-03 09:15:00
317.75,317.95001220703125,316.54998779296875,316.79998779296875,1482319,-0.0033035025653103123,0.012949601256494914,0.00264926431530136,0.6,0.35,0,316.98207245631374,317.9960997124428,52.67844492158123,-0.2847313773666542,-0.6073142693388623,315.8512544829625,0.00264926431530136,0,ITC,15m,2026-02-03 09:30:00
316.79998779296875,317.1499938964844,316.0,316.95001220703125,2677876,0.0004735619313234185,0.012619847306809095,0.0026492788809772045,0.6,0.35,0,316.9790190992392,317.9550766730149,59.04763011962751,-0.25994450045834583,-0.537840315562759,315.9245010127523,0.0026492788809772045,0,ITC,15m,2026-02-03 09:45:00
316.95001220703125,317.20001220703125,315.6499938964844,317.0,2132228,0.00015771506876016694,0.004435975505099332,0.0019376423010412124,0.6,0.4,0,316.9810172802641,317.91762268583784,60.57689486193844,-0.2335746219548014,-0.47698717684116754,315.9690052237447,0.0019376423010412124,0,ITC,15m,2026-02-03 10:00:00
314.29998779296875,314.75,313.79998779296875,314.04998779296875,872334,-0.00127213992219255,-0.002857673850385045,0.0025209250379241628,0.6,0.4,0,316.4837804747103,317.63529873889604,37.49989961371357,-0.5819677940643828,-0.48785262740226293,314.1999918619792,0.0025209250379241628,0,ITC,15m,2026-02-04 04:00:00
313.79998779296875,314.3500061035156,312.8999938964844,314.1499938964844,756702,0.00031844008088777187,-0.0028566701518991655,0.0025209346651420537,0.55,0.45,0,316.26151508630784,317.498620117625,39.59725220483117,-0.6992148643785754,-0.5301250747975255,314.01419106846845,0.0025209346651420537,0,ITC,15m,2026-02-04 04:15:00
314.1000061035156,314.5,313.75,314.0,609751,-0.00047745949195787674,-0.00789889415481837,0.002260409168393647,0.55,0.4,0,316.0461326971357,317.36141932869856,34.507036199678495,-0.7950721691661897,-0.5831144936712583,314.03302250046426,0.002260409168393647,0,ITC,15m,2026-02-04 04:30:00
314.0,314.8999938964844,313.8999938964844,314.3999938964844,494366,0.0012738659123705531,-0.005063310454163417,0.0022716569274292622,0.55,0.4,0,315.8893575732642,317.2452849980235,36.7346769304867,-0.8292050496173715,-0.632332604860481,314.0993993850239,0.0022716569274292622,0,ITC,15m,2026-02-04 04:45:00
314.29998779296875,314.5,313.70001220703125,313.70001220703125,355584,-0.002226404907894497,-0.006964171357895066,0.002314285316696553,0.55,0.45,0,315.6808484907658,317.1062546924944,26.712428984101635,-0.9023366998461597,-0.6863334238576168,314.0841197619371,0.002314285316696553,0,ITC,15m,2026-02-04 05:00:00
313.75,314.70001220703125,313.70001220703125,314.6499938964844,267634,0.003028312567696645,-0.004902018503187167,0.002419839597768513,0.55,0.45,0,315.582671862739,317.0099307397097,30.96766318044355,-0.8735685223784913,-0.7237804435617916,314.10532129929453,0.002419839597768513,0,ITC,15m,2026-02-04 05:15:00
314.6499938964844,314.6499938964844,314.04998779296875,314.04998779296875,291518,-0.0019069000958348292,-0.006013686787951333,0.0024458715159795964,0.5,0.45,0,315.43670195133234,316.89385454571993,30.57314688468253,-0.8889378899149847,-0.7568119328324302,314.11688236378905,0.0024458715159795964,0,ITC,15m,2026-02-04 05:30:00
313.8500061035156,314.1499938964844,312.79998779296875,312.95001220703125,526798,-0.003502549366958263,-0.008710801056911577,0.0025476300151369108,0.5,0.45,0,315.199874356637,316.7391940618498,25.988634325990702,-0.9785964110520808,-0.8011688284763603,314.0138008471981,0.0025476300151369108,0,ITC,15m,2026-02-04 05:45:00
312.95001220703125,313.0,312.70001220703125,312.75,328603,-0.0006391187065969417,-0.010910854123472813,0.002503054535196558,0.5,0.45,0,314.96655298933825,316.58275507903215,25.414264036418814,-1.0536449850274607,-0.8516640597865804,313.92644681358354,0.002503054535196558,0,ITC,15m,2026-02-04 06:00:00
312.70001220703125,313.1000061035156,312.6000061035156,312.75,343730,0.0,-0.011379819927481272,0.002495117796352468,0.5,0.5,0,314.75545270463937,316.4324509582858,19.64279875459127,-1.1004363750648736,-0.9014185228422391,313.84774622409583,0.002495117796352468,0,ITC,15m,2026-02-04 06:15:00
312.8500061035156,313.5,312.6000061035156,313.5,295594,0.0023980815347721673,-0.011352904554471799,0.002496817027589034,0.5,0.5,0,314.635885780388,316.31745288149034,29.629643583754046,-1.0647266507344852,-0.9340801484206884,313.81051432296965,0.002496817027589034,0,ITC,15m,2026-02-04 06:30:00
313.5,313.70001220703125,312.95001220703125,313.1000061035156,391962,-0.001275897596441422,-0.014168765470783162,0.002448880343618167,0.5,0.5,0,314.48961152544774,316.1912784980404,26.94591957194703,-1.0565236544603067,-0.9585688496286121,313.7708190820305,0.002448880343618167,0,ITC,15m,2026-02-04 06:45:00
313.0,313.54998779296875,313.0,313.29998779296875,183877,0.0006387150608582193,-0.011983658900676208,0.002457771367277288,0.5,0.5,0,314.3763140271164,316.0778945488219,28.23506602615197,-1.0221036946371669,-0.9712758186303231,313.75514370384553,0.002457771367277288,0,ITC,15m,2026-02-04 07:00:00
313.29998779296875,313.6000061035156,312.79998779296875,312.8500061035156,241501,-0.0014362646249143074,-0.013713763985218397,0.002454652633333552,0.5,0.55,0,314.2309513677258,315.9513106882217,37.49982118418982,-1.019384559522564,-0.9808975668087714,313.7279215346326,0.002454652633333552,0,ITC,15m,2026-02-04 07:15:00
312.8999938964844,313.29998779296875,312.79998779296875,313.1499938964844,176869,0.0009588869653704979,-0.012768026969379509,0.0024780371832491916,0.5,0.5,0,314.1280030371314,315.84145512776144,42.85707365514569,-0.9817066147996911,-0.9810593764069554,313.7093436043615,0.0024780371832491916,0,ITC,15m,2026-02-04 07:30:00
313.25,313.3999938964844,313.1499938964844,313.29998779296875,193711,0.00047898419098779677,-0.014314985757983734,0.0024123793315182825,0.5,0.5,0,314.04914444244923,315.7417897420833,43.30691632263677,-0.9290339926927231,-0.970654299664109,313.6963076658395,0.0024123793315182825,0,ITC,15m,2026-02-04 07:45:00
313.29998779296875,313.45001220703125,313.0,313.04998779296875,260479,-0.0007979572605830709,-0.011837121668232697,0.0023348508030963736,0.55,0.5,0,313.9539866663082,315.63622888133375,42.635438845516916,-0.8971220067947456,-0.9559478410902363,313.6753760794774,0.0023348508030963736,0,ITC,15m,2026-02-04 08:00:00
313.0,313.3999938964844,312.70001220703125,313.04998779296875,332625,0.0,-0.012304856487953097,0.0023258533871887655,0.55,0.5,0,313.86789153551393,315.5348076621822,38.84273341303351,-0.8618961260280003,-0.9371374980777891,313.64533170177253,0.0023258533871887655,0,ITC,15m,2026-02-04 08:15:00
313.1499938964844,313.45001220703125,312.8999938964844,312.95001220703125,318290,-0.00031935981420194715,-0.012775986728608024,0.0023199363477282987,0.55,0.45,0,313.7804744566108,315.4334431345292,43.11912734766101,-0.8324505838379537,-0.916200115229822,313.6213640947114,0.0023199363477282987,0,ITC,15m,2026-02-04 08:30:00
312.95001220703125,313.8999938964844,312.95001220703125,313.75,297724,0.0025562797947409344,-0.002226147813186863,0.0016549726200081366,0.6,0.4,0,313.7775721274098,315.36742575670456,41.509325317993635,-0.7360774082233092,-0.8801755738285195,313.6178880371057,0.0016549726200081366,0,ITC,15m,2026-02-04 08:45:00
313.75,314.04998779296875,313.54998779296875,314.0,320491,0.0007968127490038945,-0.000159171453309237,0.0016431353095959743,0.6,0.4,0,313.7987557343232,315.31380121722594,49.49506159138831,-0.6322399924770252,-0.8305884575582207,313.62803145353,0.0016431353095959743,0,ITC,15m,2026-02-04 09:00:00
314.0,314.25,313.8999938964844,313.95001220703125,394306,-0.00015919679289411182,-0.0006365802748320437,0.0016416316325516594,0.65,0.35,0,313.81316111267637,315.26031929525755,62.820833855014406,-0.5476685078701848,-0.7740044676206136,313.64739237819447,0.0016416316325516594,0,ITC,15m,2026-02-04 09:15:00
313.95001220703125,314.3500061035156,313.95001220703125,314.0,468426,0.0001592221405481986,0.0,0.0016386798591559388,0.65,0.35,0,313.8309552924215,315.210895009169,66.66720921905011,-0.47117993094286703,-0.7134395602850644,313.67169813024265,0.0016386798591559388,0,ITC,15m,2026-02-04 09:30:00
314.0,314.0,313.3500061035156,313.8999938964844,857889,-0.0003184907755274802,-0.0015903308196775212,0.0016120622022765048,0.6,0.4,0,313.8375303975704,315.1594871223971,64.93543554255547,-0.4138611062124937,-0.6535238694705503,313.6787095035261,0.0016120622022765048,0,ITC,15m,2026-02-04 09:45:00
313.95001220703125,313.95001220703125,313.70001220703125,313.8500061035156,635433,-0.00015924751175766527,0.00047814437566984225,0.00153133690846711,0.6,0.35,0,313.8387185600414,315.1081349255782,55.55587850603109,-0.3682244594245958,-0.5964639874613594,313.6883275197022,0.00153133690846711,0,ITC,15m,2026-02-04 10:00:00
314.20001220703125,314.3500061035156,313.1499938964844,314.1000061035156,791046,-0.0012718406883446276,0.0001592686275786459,0.0014079773728291295,0.6,0.4,0,313.9205842551533,315.04568726600223,61.1117233661973,-0.23325451830652355,-0.4726153111133048,313.8666687011719,0.0014079773728291295,0,ITC,15m,2026-02-05 04:00:00
314.1000061035156,314.1000061035156,312.04998779296875,312.3500061035156,689112,-0.005571473944585903,-0.0019172586039674089,0.0017207999797707362,0.6,0.4,0,313.77100538356876,314.9399742792381,44.897857498754355,-0.336377126171044,-0.4453676741248527,313.3855823563344,0.0017207999797707362,0,ITC,15m,2026-02-05 04:15:00
312.3500061035156,312.5,311.95001220703125,312.3500061035156,507365,0.0,-0.001278957302907724,0.0017160825810105824,0.6,0.4,0,313.6356721188018,314.838406899798,41.30431898095934,-0.4133378345985079,-0.43896170621958375,313.0999526744751,0.0017160825810105824,0,ITC,15m,2026-02-05 04:30:00
312.3500061035156,312.95001220703125,312.04998779296875,312.3500061035156,400018,0.0,-0.001278957302907724,0.0017160825810105824,0.6,0.35,0,313.51322773639356,314.7408225548457,39.325858107876414,-0.4689242832571381,-0.44495422162709464,312.9910573905409,0.0017160825810105824,0,ITC,15m,2026-02-05 04:45:00
312.45001220703125,312.54998779296875,311.1499938964844,311.25,1035798,-0.0035217098832105442,-0.0071770334928229484,0.001778709023441024,0.55,0.4,0,313.29768223768946,314.60392755269487,33.018748416518875,-0.5948808278341176,-0.4749395428684992,312.5852924677516,0.001778709023441024,0,ITC,15m,2026-02-05 05:00:00
311.25,311.6000061035156,310.45001220703125,310.6499938964844,739115,-0.0019277304530622708,-0.007825014881095993,0.001802218421090138,0.5,0.45,0,313.045521443289,314.4488713308827,29.660837225661965,-0.7346491963406265,-0.5268814735629247,312.28604064783104,0.001802218421090138,0,ITC,15m,2026-02-05 05:15:00
310.54998779296875,310.8500061035156,310.20001220703125,310.6499938964844,515048,0.0,-0.008458327480802552,0.0017886159070874222,0.5,0.5,0,312.8173759626409,314.29989574522006,30.172109885137303,-0.8357822577477805,-0.5886616303998959,312.0967177924875,0.0017886159070874222,0,ITC,15m,2026-02-05 05:30:00
310.54998779296875,311.3999938964844,310.54998779296875,310.8999938964844,349581,0.0008047642198998339,-0.006233057915894791,0.00179199740954492,0.5,0.45,0,312.63476814681644,314.1665662609559,22.85692694921265,-0.8855499581921435,-0.6480392959583454,312.0169750077527,0.00179199740954492,0,ITC,15m,2026-02-05 05:45:00
310.8500061035156,311.04998779296875,309.8999938964844,310.45001220703125,1545481,-0.0014473518761243254,-0.008622007798427811,0.0017830012653907584,0.5,0.5,0,312.4266961525512,314.0208190431549,17.431012856694878,-0.9503459841013182,-0.70850063358694,311.6524330680197,0.0017830012653907584,0,ITC,15m,2026-02-05 06:00:00
310.3999938964844,310.70001220703125,310.04998779296875,310.1000061035156,361257,-0.0011274153317868407,-0.010213794491328532,0.001776002418624427,0.45,0.5,0,312.2051066240716,313.867061672973,16.52150837247565,-1.0182026624120795,-0.770441039351968,311.58110210521085,0.001776002418624427,0,ITC,15m,2026-02-05 06:15:00
310.1000061035156,310.5,310.0,310.3500061035156,524600,0.0008061915352448601,-0.008624762161750121,0.0017984742539128371,0.4,0.5,0,312.02843038401863,313.7291379251512,19.32768799142427,-1.0398202575282767,-0.8243168829872297,311.4898216008755,0.0017984742539128371,0,ITC,15m,2026-02-05 06:30:00
310.3999938964844,310.54998779296875,310.04998779296875,310.1000061035156,336601,-0.0008055421140111818,-0.009423356666616645,0.0017973224642624111,0.45,0.45,0,311.8447709287326,313.5868190301851,18.85243441195894,-1.0648503362373276,-0.8724235736372494,311.4355642476836,0.0017973224642624111,0,ITC,15m,2026-02-05 06:45:00
310.1000061035156,310.5,310.04998779296875,310.1000061035156,396160,0.0,-0.009106905231977436,0.0018001640318804513,0.4,0.45,0,311.6786028501405,313.45008126835495,19.00820193093429,-1.0723257501975354,-0.9124040089493066,311.3766131376136,0.0018001640318804513,0,ITC,15m,2026-02-05 07:00:00
310.1000061035156,310.45001220703125,310.04998779296875,310.1499938964844,342075,0.00016119894222788034,-0.011474123039093675,0.0016637392198845403,0.35,0.45,0,311.5330210450304,313.3206660773012,10.091553041968808,-1.061974689328963,-0.942318145025238,311.33011396560903,0.0016637392198845403,0,ITC,15m,2026-02-05 07:15:00
310.1000061035156,310.79998779296875,310.0,310.6499938964844,379486,0.0016121231979353556,-0.010668809246865085,0.0017085206797361123,0.35,0.5,0,311.44892322135934,313.21593383491626,18.918740583519366,-1.0018765682572734,-0.9542298296716452,311.29405955326723,0.0017085206797361123,0,ITC,15m,2026-02-05 07:30:00
310.6499938964844,310.75,310.20001220703125,310.5,497203,-0.0004828388843759468,-0.010989049443820953,0.0017063074569724323,0.3,0.5,0,311.35854958122985,313.10942662570386,26.5820926657035,-0.9553390740516079,-0.9544516785476378,311.25122259271444,0.0017063074569724323,0,ITC,15m,2026-02-05 07:45:00
310.5,310.6499938964844,310.04998779296875,310.1000061035156,337044,-0.0012882251094504804,-0.01242036272765723,0.0017052963462897191,0.25,0.55,0,311.238688297638,312.99141013463765,24.13778588466394,-0.9398993643616222,-0.9515412157104347,311.2171772065004,0.0017052963462897191,0,ITC,15m,2026-02-05 08:00:00
310.1499938964844,310.3500061035156,310.0,310.20001220703125,388414,0.0003224962965084899,-0.011787135270455829,0.0017173080414694568,0.25,0.55,0,311.1397667651993,312.8819435492413,25.84266580714184,-0.909113926980865,-0.9430557579645208,311.17755796059157,0.0017173080414694568,0,ITC,15m,2026-02-05 08:15:00
310.20001220703125,310.45001220703125,310.0,310.0,399635,-0.0006447846523544021,-0.012267025740460902,0.0017143084563922102,0.3,0.55,0,311.031217549466,312.7689261551534,32.394305658236334,-0.8905893993718905,-0.9325624862459948,311.1385788453304,0.0017143084563922102,0,ITC,15m,2026-02-05 08:30:00
310.04998779296875,310.04998779296875,309.3500061035156,309.8500061035156,831517,-0.00048385127898187275,-0.014785354201858114,0.0015945867440101096,0.25,0.55,0,310.9187212212803,312.654458702148,37.09686946249262,-0.8778920387212565,-0.9216283967410472,311.03699777576696,0.0015945867440101096,0,ITC,15m,2026-02-05 08:45:00
309.79998779296875,310.25,309.79998779296875,310.25,404778,0.0012909275088113237,-0.0122572621098479,0.0016518214109460649,0.3,0.55,0,310.8550334859203,312.5601662040246,44.28575165450312,-0.8260311514409295,-0.9025089476810237,311.00477732116724,0.0016518214109460649,0,ITC,15m,2026-02-05 09:00:00
310.25,310.8500061035156,310.25,310.6000061035156,655629,0.0011281421547642,-0.0056026891813795165,0.0012155049159781987,0.35,0.5,0,310.8307451637865,312.48329718047523,45.83347461937541,-0.7480652269215398,-0.8716202035291271,310.9816634370639,0.0012155049159781987,0,ITC,15m,2026-02-05 09:15:00
310.6000061035156,310.8500061035156,310.3500061035156,310.79998779296875,618667,0.0006438560383881242,-0.004962440468252116,0.0012317340455699523,0.35,0.45,0,310.8278158903753,312.4172850476318,55.223554276136,-0.6625028979893841,-0.8297967424211785,310.96672524650114,0.0012317340455699523,0,ITC,15m,2026-02-05 09:30:00
310.95001220703125,310.95001220703125,310.0,310.04998779296875,1149012,-0.002413127507905788,-0.007363592974557576,0.0013211115880082235,0.35,0.5,0,310.75373702395564,312.32444986117446,49.33308376533012,-0.6477460545469285,-0.7933866048463285,310.91545414653734,0.0013211115880082235,0,ITC,15m,2026-02-05 09:45:00
310.04998779296875,310.1499938964844,309.8999938964844,310.1000061035156,884992,0.00016132337531415963,-0.003694759506777112,0.0010959779088031889,0.35,0.5,0,310.6914769362947,312.2372167726388,46.47886113164727,-0.6248126389909316,-0.7596718116752492,310.8646623437274,0.0010959779088031889,0,ITC,15m,2026-02-05 10:00:00
309.70001220703125,309.79998779296875,308.6499938964844,308.75,591975,-0.0035501245178227725,-0.006116188423675006,0.0012807965562702467,0.35,0.5,0,310.434066680127,312.0105182888314,35.483786284791734,-0.6963244648977138,-0.7246016542531645,309.06666056315106,0.0012807965562702467,0,ITC,15m,2026-02-06 04:00:00
308.79998779296875,309.20001220703125,308.3999938964844,309.1000061035156,556064,0.0011336230073379916,-0.005789603822147549,0.0012978041120631615,0.3,0.55,0,310.3070132918783,311.89638055607395,39.394088852171976,-0.7205272953609096,-0.7237867824747136,308.9859388483332,0.0012978041120631615,0,ITC,15m,2026-02-06 04:15:00
309.1499938964844,309.8999938964844,309.1000061035156,309.6000061035156,389210,0.001617599450426832,-0.0027379805768820153,0.0013343280233682835,0.35,0.5,0,310.23967927393903,311.80632665597363,39.394088852171976,-0.6913924497652602,-0.717307915932823,309.1245320101155,0.0013343280233682835,0,ITC,15m,2026-02-06 04:30:00
309.6000061035156,310.3999938964844,309.25,310.29998779296875,458932,0.002260922724979242,0.0006448941809642506,0.0014145494330516843,0.4,0.5,0,310.24542294241803,311.74725454369894,48.18170720880682,-0.6048478923790981,-0.694815911222078,309.3219733281965,0.0014145494330516843,0,ITC,15m,2026-02-06 04:45:00
310.20001220703125,312.20001220703125,310.20001220703125,311.8999938964844,1980996,0.005156320227067246,0.004994321773758026,0.0018168920576927992,0.45,0.45,0,310.4030011285196,311.75324432223954,63.43272024997039,-0.40251365947551676,-0.6363554608727657,310.37362574793445,0.0018168920576927992,0,ITC,15m,2026-02-06 05:00:00
311.8999938964844,316.0,311.8500061035156,315.6499938964844,3260186,0.0120230845571756,0.01789741271761236,0.0031785940432578715,0.45,0.45,0,310.90271472546857,311.90605803103347,76.32839843254735,0.059742661568350286,-0.49713583638454256,312.2324170739111,0.0031785940432578715,0,ITC,15m,2026-02-06 05:15:00
315.6000061035156,317.20001220703125,314.70001220703125,316.8999938964844,1699062,0.003960082446286872,0.021928370393836216,0.003242790507788494,0.5,0.45,0,311.4738841703272,312.101898653208,80.26314732770274,0.5209435665278761,-0.29351995580205886,312.9994408615911,0.003242790507788494,1,ITC,15m,2026-02-06 05:30:00
316.8999938964844,321.1000061035156,316.79998779296875,319.70001220703125,7480187,0.008835652775245784,0.030791612118278078,0.0036646681169638594,0.55,0.45,0,312.2573249357276,312.39986389061283,85.05335682061552,1.0997099120921234,-0.01487398222322242,315.82471059924075,0.0036646681169638594,1,ITC,15m,2026-02-06 05:45:00
319.6000061035156,322.1499938964844,319.29998779296875,322.04998779296875,3003683,0.007350564579946539,0.03669722877986947,0.003889678480898627,0.55,0.4,0,313.1899594935601,312.7783001220778,86.87496185302734,1.72808946134586,0.33371870649059404,316.65093450940435,0.003889678480898627,1,ITC,15m,2026-02-06 06:00:00
322.04998779296875,327.70001220703125,322.04998779296875,327.0,10758921,0.0153703226041213,0.0531400966183575,0.00488551555093271,0.6,0.4,1,314.5052014465544,313.33601384278063,89.80579863441285,2.5955890624748577,0.7860927776874469,319.8353437162951,0.00488551555093271,1,ITC,15m,2026-02-06 06:15:00
326.95001220703125,327.45001220703125,325.54998779296875,325.8999938964844,3708724,-0.0033639330382740917,0.05095126566264718,0.004993395630164108,0.6,0.35,1,315.59041977511913,313.8287189429259,85.11624341921299,3.1579248549595036,1.2604591931418585,320.54284078946364,0.004993395630164108,1,ITC,15m,2026-02-06 06:30:00
325.8999938964844,326.45001220703125,323.79998779296875,326.20001220703125,3166750,0.0009205839710515473,0.051579624017942916,0.004981447527778791,0.6,0.35,1,316.60085714958694,314.313867698381,88.361014138087,3.586446667520022,1.7256566880174913,320.96506312215183,0.004981447527778791,0,ITC,15m,2026-02-06 06:45:00
326.04998779296875,327.5,324.20001220703125,324.5,3168766,-0.005211563897650318,0.04677419354838719,0.005232928318672467,0.6,0.35,1,317.35315646867394,314.71332386707195,81.71798853240301,3.745698433865357,2.1296650371870647,321.3144435951876,0.005232928318672467,0,ITC,15m,2026-02-06 07:00:00
324.54998779296875,325.79998779296875,324.1499938964844,324.75,1752923,0.0007704160246533309,0.04808776376627377,0.005205236936875732,0.6,0.35,1,318.0576177573717,315.10691900953975,82.81930804546707,3.847725334177312,2.4732770965851145,321.4641752714429,0.005205236936875732,0,ITC,15m,2026-02-06 07:15:00
324.70001220703125,325.79998779296875,323.6000061035156,325.0,1622627,0.0007698229407235857,0.04754230459307007,0.005212190160319355,0.55,0.4,0,318.71879701857443,315.49488296994997,87.18529236768522,3.9037552380208353,2.759372724872259,321.5883247983973,0.005212190160319355,0,ITC,15m,2026-02-06 07:30:00
324.8999938964844,326.1499938964844,324.6499938964844,326.1000061035156,1108429,0.0033846341646635025,0.0499034117688788,0.005209047242696915,0.55,0.4,0,319.42176931237833,315.9107701516584,87.61055852478806,3.9909158462924097,3.0056813491562897,321.688612424164,0.005209047242696915,1,ITC,15m,2026-02-06 07:45:00
326.1000061035156,326.1000061035156,323.70001220703125,324.54998779296875,2434926,-0.004753199268738628,0.044240670978273,0.005442156541390772,0.55,0.45,0,319.9101710724346,316.2495630003373,81.60665320369307,3.8900753653641686,3.182560152397866,321.8484563776382,0.005442156541390772,1,ITC,15m,2026-02-06 08:00:00
324.5,326.5,324.45001220703125,325.79998779296875,2312471,0.003851486818718941,0.050798260345415125,0.005343212783271288,0.55,0.4,0,320.47110599819973,316.62408946279345,82.02469646451144,3.8664530470829845,3.31933873133489,322.02309643401554,0.005343212783271288,1,ITC,15m,2026-02-06 08:15:00
325.79998779296875,326.8500061035156,323.8500061035156,323.8999938964844,2272962,-0.005831780134048836,0.04450173338068919,0.005640692191949155,0.6,0.4,1,320.7976667504173,316.9094190484284,74.48973490878382,3.6523169250966134,3.3859343700872353,322.1480453484715,0.005640692191949155,1,ITC,15m,2026-02-06 08:30:00
324.0,324.8500061035156,323.45001220703125,323.5,1248721,-0.0012349302377949734,0.04405355374407871,0.0056534960727323376,0.6,0.4,1,321.0550318218061,317.167873203392,68.55788585156807,3.411016268833862,3.390950749836561,322.19012690516377,0.0056534960727323376,1,ITC,15m,2026-02-06 08:45:00
323.6000061035156,324.0,322.5,323.79998779296875,2096276,0.0009273192982033329,0.04874489973431184,0.00550154866128321,0.6,0.4,1,321.31645620001206,317.42795612847345,67.079156689303,3.2070217179949623,3.3541649434682412,322.23744782755267,0.00550154866128321,1,ITC,15m,2026-02-06 09:00:00
323.8500061035156,325.0,323.3999938964844,323.8999938964844,2074969,0.00030885147401416013,0.04788090424046243,0.005514591654373802,0.65,0.35,1,321.5625074091999,317.6817615311406,61.99992675794022,3.018627366273506,3.2870574280292946,322.30507479273274,0.005514591654373802,1,ITC,15m,2026-02-06 09:15:00
323.8999938964844,324.8999938964844,323.5,324.5,2028504,0.0018524424662613725,0.048126594324105154,0.005513187349480773,0.6,0.35,1,321.84226860832376,317.9491434318802,57.777786389406664,2.8844883768431373,3.206543617792063,322.3734587927034,0.005513187349480773,1,ITC,15m,2026-02-06 09:30:00
324.54998779296875,326.6000061035156,324.3500061035156,326.20001220703125,4542998,0.005238866585612456,0.05124081546748549,0.0055502503669769224,0.6,0.35,1,322.25729180820065,318.2727069132587,46.80006445281028,2.8821355739831347,3.141662009030278,322.6118203678267,0.0055502503669769224,0,ITC,15m,2026-02-06 09:45:00
326.04998779296875,326.75,325.70001220703125,326.3500061035156,3623124,0.0004598218604270343,0.046328991631295224,0.005531994955009591,0.6,0.35,1,322.6470741220402,318.58946374424914,51.94809655668055,2.8594126851487545,3.0852121442539735,322.80845705152586,0.005531994955009591,0,ITC,15m,2026-02-06 10:00:00
324.8999938964844,325.29998779296875,323.0,323.45001220703125,1726438,-0.004309662521718605,0.020669038929317374,0.005348441475891854,0.55,0.45,0,322.9133662192413,319.015957052366,45.78318568886318,2.4138097734810913,2.88759626026875,323.9166666666667,0.005348441475891854,0,ITC,15m,2026-02-09 04:00:00
323.6499938964844,325.5,323.0,325.29998779296875,1520574,0.005719510020464558,0.017516344610931878,0.005151044434104346,0.55,0.45,0,323.14066351197727,319.26238963042886,51.957253632789595,2.3179868703363695,2.773674382282274,324.23666939926164,0.005151044434104346,0,ITC,15m,2026-02-09 04:15:00
325.29998779296875,325.75,323.54998779296875,324.29998779296875,1612024,-0.0030740855749322726,0.0069864930454413,0.004986767262142617,0.55,0.45,0,323.25107534826213,319.4599424995481,47.63509194458993,2.136724061657958,2.6462843181574107,324.3350873288619,0.004986767262142617,0,ITC,15m,2026-02-09 04:30:00
324.20001220703125,324.5,323.3500061035156,323.6499938964844,602815,-0.002004298245300351,-0.010244666983228234,0.003536821185045487,0.5,0.5,0,323.28906759094997,319.62425824060443,41.463357577304244,1.918507543895089,2.5007289633049465,324.27970961262344,0.003536821185045487,0,ITC,15m,2026-02-09 04:45:00
323.6499938964844,323.8999938964844,322.8999938964844,323.1499938964844,709753,-0.0015448787561538335,-0.008438171376196735,0.0034825066781149065,0.5,0.55,0,323.27582247719135,319.7625223839723,44.73684814358452,1.685790812953826,2.3377413332347228,324.1689560788565,0.0034825066781149065,0,ITC,15m,2026-02-09 05:00:00
323.25,323.54998779296875,322.1499938964844,322.54998779296875,827650,-0.0018567418067407804,-0.011189528747613697,0.003481700640833835,0.5,0.55,0,323.20669536440823,319.87183475295257,37.15411300945203,1.4363878637826701,2.1574706393443126,324.00116570891754,0.003481700640833835,0,ITC,15m,2026-02-09 05:15:00
322.5,323.04998779296875,321.6499938964844,322.6499938964844,759880,0.00031004838722803463,-0.005701097391419441,0.0033077403367704063,0.45,0.6,0,323.15367617698695,319.98078217034595,44.23961837471733,1.2325952951821932,1.9724955705118887,323.8492536549678,0.0033077403367704063,0,ITC,15m,2026-02-09 05:30:00
322.6499938964844,323.20001220703125,322.3500061035156,323.0,887767,0.001084785712495373,-0.005388760585065433,0.003313739333312796,0.5,0.55,0,323.1390403506072,320.0991828695481,47.68518256879178,1.086802797611142,1.7953570159317396,323.7466621021086,0.003313739333312796,0,ITC,15m,2026-02-09 05:45:00
322.8999938964844,323.5,322.29998779296875,322.3999938964844,443476,-0.0018576040356520496,-0.00800001878004808,0.0033226282530347683,0.55,0.55,0,323.0686549740241,320.1894107529574,43.69372465461544,0.9123289545316311,1.618751403651718,323.69722634209285,0.0033226282530347683,0,ITC,15m,2026-02-09 06:00:00
322.5,323.3999938964844,322.5,323.04998779296875,317756,0.0020161101389259972,-0.009353015190004865,0.003254049853241087,0.5,0.55,0,323.06687714725695,320.30159024472255,46.35190322386293,0.8170873774278107,1.4584185984069367,323.67311467973434,0.003254049853241087,0,ITC,15m,2026-02-09 06:15:00
322.95001220703125,323.1000061035156,322.70001220703125,322.8999938964844,132457,-0.0004643055321225109,-0.00508394379462096,0.0030939423911267197,0.5,0.5,0,323.0509835043262,320.40348842714457,42.85710393159692,0.721191046046556,1.3109730879348607,323.66238118084544,0.0030939423911267197,0,ITC,15m,2026-02-09 06:30:00
322.8500061035156,323.29998779296875,322.6000061035156,323.04998779296875,352306,0.00046452121189100026,-0.008440761519449502,0.002946809810413947,0.5,0.55,0,323.0508886746731,320.5072727160004,33.67856804022644,0.6498052163813668,1.178739513624162,323.63819869866114,0.002946809810413947,0,ITC,15m,2026-02-09 06:45:00
323.04998779296875,323.79998779296875,322.54998779296875,322.8500061035156,1081965,-0.0006190425538146194,-0.003241703651604033,0.0026594388246380983,0.5,0.55,0,323.03175700122955,320.59914461355004,31.958672069668523,0.5705180046203395,1.0570952118233976,323.581853177858,0.0026594388246380983,0,ITC,15m,2026-02-09 07:00:00
322.8500061035156,323.1000061035156,322.29998779296875,323.04998779296875,1019097,0.0006194260048704159,-0.0013910732829405248,0.0026522680553084195,0.5,0.55,0,323.03349326710946,320.69525611078217,39.28551965674716,0.5178497198679679,0.9492461134323118,323.5168366505307,0.0026522680553084195,0,ITC,15m,2026-02-09 07:15:00
323.0,324.1499938964844,322.8500061035156,324.04998779296875,948663,0.0030954961702114314,0.000772081560916682,0.0027379443438921213,0.55,0.5,0,323.1303022695722,320.82681421596595,53.74987602139298,0.5504560526703131,0.869488101279912,323.529040158806,0.0027379443438921213,0,ITC,15m,2026-02-09 07:30:00
323.8500061035156,324.0,323.1499938964844,323.8999938964844,426103,-0.00046287271141698394,0.0,0.0027394254422221233,0.5,0.5,0,323.20360623404,320.94733106618236,38.88886197726183,0.5577639962839953,0.8071432802807288,323.53395783462366,0.0027394254422221233,0,ITC,15m,2026-02-09 07:45:00
323.75,323.95001220703125,323.5,323.6000061035156,393295,-0.0009261741235617738,-0.0027734788797669774,0.002711035919338248,0.5,0.5,0,323.2413586025615,321.05135753823464,43.75010218039336,0.5332026581230593,0.7523551558491949,323.53822690569876,0.002711035919338248,0,ITC,15m,2026-02-09 08:00:00
323.54998779296875,323.6499938964844,322.54998779296875,322.6499938964844,613738,-0.002935760782177943,-0.01088294965572767,0.0024630230170770233,0.45,0.55,0,323.18503815436367,321.1140491601268,41.5253711270884,0.4320986113320373,0.6883038469457634,323.5131136404103,0.0024630230170770233,0,ITC,15m,2026-02-09 08:15:00
322.6499938964844,323.20001220703125,322.6000061035156,322.8999938964844,237887,0.0007748334254740197,-0.010571509552651737,0.002470775820150616,0.4,0.55,0,323.1578910821847,321.1840862086114,47.787596279532025,0.367904858303973,0.6242240492174054,323.50313318675956,0.002470775820150616,0,ITC,15m,2026-02-09 08:30:00
322.8999938964844,323.25,322.75,323.04998779296875,218709,0.00046452121189100026,-0.005541075193864375,0.0022843514719125975,0.4,0.5,0,323.1476145784498,321.2572588197627,54.807737452462554,0.325383284473844,0.5644558962686931,323.495959982611,0.0022843514719125975,0,ITC,15m,2026-02-09 08:45:00
323.1000061035156,323.29998779296875,322.79998779296875,323.1000061035156,258569,0.000154831488738294,-0.001082102613406577,0.0020782000808242697,0.45,0.45,0,323.1430804379799,321.32952341912556,54.36908162176896,0.2923506541437746,0.5100348478437094,323.488604333858,0.0020782000808242697,0,ITC,15m,2026-02-09 09:00:00
323.1000061035156,323.1000061035156,322.70001220703125,322.8999938964844,248795,-0.0006190411737942991,-0.007377786617108084,0.001573809944034844,0.4,0.5,0,323.11992933878986,321.39111049666906,48.99993286091834,0.24718336709469213,0.457464551693906,323.4790578211751,0.001573809944034844,0,ITC,15m,2026-02-09 09:15:00
322.79998779296875,323.0,322.3999938964844,322.54998779296875,565646,-0.0010839458350310194,-0.005396238254307906,0.0014519741535596697,0.35,0.55,0,323.0656491915688,321.4365566651514,51.578893264887846,0.18105827220779247,0.4021832957966833,323.44957363444223,0.0014519741535596697,0,ITC,15m,2026-02-09 09:30:00
322.54998779296875,323.6000061035156,322.54998779296875,322.95001220703125,1201937,0.0012401935489121385,-0.002162773683465624,0.001429016831782586,0.4,0.5,0,323.05463614542236,321.4959078628722,48.88916015625,0.1590982990198313,0.353566296441313,323.42032926663165,0.001429016831782586,0,ITC,15m,2026-02-09 09:45:00
322.95001220703125,322.95001220703125,322.0,322.70001220703125,1025054,-0.0007741136106219626,-0.0013924855266971292,0.001398268966308363,0.4,0.5,0,323.02086243700415,321.5431276410745,47.82628886839644,0.12013708584947835,0.30688045432294603,323.37112847592533,0.001398268966308363,0,ITC,15m,2026-02-09 10:00:00
322.3500061035156,323.20001220703125,322.25,323.1000061035156,532922,0.0023266635203944563,0.0013947379995167264,0.00145437011980819,0.45,0.45,0,322.97059371437587,321.63458311684855,52.33643260509953,0.07260017178441558,0.22057506439172078,322.8500061035156,0.00145437011980819,0,ITC,15m,2026-02-10 04:00:00
323.20001220703125,323.25,322.25,322.25,453307,-0.002630783309992557,-0.0023219814241486336,0.0015520443320472899,0.45,0.45,0,322.9019657415782,321.65871711226623,43.33350287370937,0.013585620610626847,0.179177175635502,322.72743352307737,0.0015520443320472899,0,ITC,15m,2026-02-10 04:15:00
322.25,322.45001220703125,321.6000061035156,322.29998779296875,627400,0.0001551211573893596,-0.0003101926346429362,0.0014974024713940513,0.4,0.45,0,322.8446345083773,321.6838649820977,32.67343485617597,-0.028818042785701437,0.13757813195126134,322.48996019478227,0.0014974024713940513,0,ITC,15m,2026-02-10 04:30:00
322.29998779296875,322.3500061035156,321.1499938964844,321.8500061035156,657942,-0.0013961579475522123,-0.003714538724026051,0.0014474269996883463,0.4,0.5,0,322.7499079936286,321.6903803201925,30.841366721807077,-0.09760785067038569,0.09054093542693194,322.2852920810015,0.0014474269996883463,0,ITC,15m,2026-02-10 04:45:00
321.79998779296875,322.1499938964844,321.45001220703125,321.95001220703125,277614,0.0003107227019392145,-0.0029420306825947984,0.001449929998776467,0.4,0.5,0,322.6737274425241,321.7005619628136,33.98081264777164,-0.14241296425205974,0.0439501554911336,322.23788811410475,0.001449929998776467,0,ITC,15m,2026-02-10 05:00:00
321.95001220703125,321.95001220703125,321.3999938964844,321.45001220703125,238311,-0.0015530361268583093,-0.004952718298701364,0.001475160722243202,0.35,0.5,0,322.55718313438194,321.69073648219467,37.23435339034225,-0.21577978584173252,-0.007995832775439624,322.18335375788484,0.001475160722243202,0,ITC,15m,2026-02-10 05:15:00
321.54998779296875,321.6000061035156,321.25,321.54998779296875,213357,0.00031101441014436126,-0.00402669439668546,0.001477479105063894,0.3,0.5,0,322.46125976853307,321.68521692575445,35.16482779435931,-0.2628266245526447,-0.058961991130880645,322.1323980323638,0.001477479105063894,0,ITC,15m,2026-02-10 05:30:00
321.54998779296875,321.54998779296875,321.20001220703125,321.45001220703125,197604,-0.00031091771025615333,-0.004952718298701364,0.0014648915845123112,0.3,0.5,0,322.36495047696144,321.6759932112947,32.22249348958333,-0.30466676857986386,-0.10810294662067729,322.087149971585,0.0014648915845123112,0,ITC,15m,2026-02-10 05:45:00
321.45001220703125,321.6000061035156,320.8500061035156,321.20001220703125,480076,-0.0007777258998483694,-0.008794864043501605,0.0012382070718957572,0.3,0.55,0,322.2540039750633,321.6573272895589,29.787220227389298,-0.35391854217863283,-0.15726606573226842,321.97354646817115,0.0012382070718957572,0,ITC,15m,2026-02-10 06:00:00
321.20001220703125,322.3500061035156,321.0,322.29998779296875,1014155,0.003424581395185422,-0.004939815170317607,0.0015098890439948789,0.35,0.55,0,322.2583833862924,321.6825296622417,44.64275009673077,-0.3007255141577616,-0.18595795541736707,321.95404971810694,0.0015098890439948789,0,ITC,15m,2026-02-10 06:15:00
322.3500061035156,322.3999938964844,321.6499938964844,321.79998779296875,183000,-0.0015513497329735504,-0.005562479223103156,0.001531024430248568,0.4,0.55,0,322.21472666311877,321.68713586344666,43.47819164181006,-0.29550903335331213,-0.20786817100455607,321.95389741392523,0.001531024430248568,0,ITC,15m,2026-02-10 06:30:00
321.8500061035156,322.1000061035156,321.29998779296875,322.0,312814,0.0006215419969497482,-0.0020145479894009277,0.0014076417969697526,0.4,0.55,0,322.19427650472653,321.6994050452723,41.44121851974046,-0.2720990329216306,-0.220714343387971,321.94461883948094,0.0014076417969697526,0,ITC,15m,2026-02-10 06:45:00
322.0,322.25,321.70001220703125,322.25,268325,0.0007763975155279379,-0.002012988258812909,0.0014076929939324698,0.45,0.55,0,322.1995835042764,321.7209970042812,45.945782470031894,-0.23071400086922722,-0.22271427488422227,321.9506204178793,0.0014076929939324698,0,ITC,15m,2026-02-10 07:00:00
322.29998779296875,322.6000061035156,322.04998779296875,322.6000061035156,231766,0.0010861322064099621,-0.0013929165963674217,0.001427531080112755,0.45,0.55,0,322.2377189899182,321.7554679493492,52.25228197514571,-0.1677398962643224,-0.21171939916024232,321.96960818425606,0.001427531080112755,0,ITC,15m,2026-02-10 07:15:00
322.45001220703125,322.6000061035156,322.04998779296875,322.25,180487,-0.001084953803141997,-0.002630783309992557,0.0014441341637247713,0.4,0.55,0,322.23888860992605,321.77486136310023,41.74740597204198,-0.14441035936124536,-0.19825759120044295,321.97976839002024,0.0014441341637247713,0,ITC,15m,2026-02-10 07:30:00
322.3500061035156,322.8999938964844,322.1000061035156,322.20001220703125,702831,-0.00015512115738947063,-0.002167797159133844,0.001439596381658419,0.45,0.5,0,322.23518609536467,321.7915339452152,49.425416380193354,-0.1284741602653412,-0.1843009050134226,322.02471036542136,0.001439596381658419,0,ITC,15m,2026-02-10 07:45:00
322.1000061035156,322.20001220703125,320.8500061035156,321.1499938964844,569680,-0.0032589021439024535,-0.00434039358074001,0.0015913848207716587,0.45,0.5,0,322.13183445737604,321.7663755119316,39.2522831375815,-0.19828658562971668,-0.18709804113668144,321.97487795651705,0.0015913848207716587,0,ITC,15m,2026-02-10 08:00:00
321.20001220703125,321.3999938964844,320.79998779296875,321.25,294922,0.00031139998572715655,-0.00526401035074564,0.0015598858305940985,0.4,0.55,0,322.0478502233402,321.7461254918559,43.999902343153956,-0.2427455592315937,-0.1982275447556639,321.94216417564246,0.0015598858305940985,0,ITC,15m,2026-02-10 08:15:00
321.20001220703125,321.3999938964844,320.8500061035156,321.0,257851,-0.0007782101167315147,-0.005268088449716601,0.001559956784200279,0.4,0.5,0,321.94805496397447,321.7168656686458,40.776514927053576,-0.2947547771904624,-0.2175329912426236,321.9133833184436,0.001559956784200279,0,ITC,15m,2026-02-10 08:30:00
320.95001220703125,321.29998779296875,320.79998779296875,321.29998779296875,323143,0.0009345414111177064,-0.0032573857318609623,0.0015692887213722218,0.35,0.55,0,321.8863342810215,321.70051751665846,48.4845869297164,-0.3082130610275726,-0.23566900519961342,321.88194316666636,0.0015692887213722218,0,ITC,15m,2026-02-10 08:45:00
321.25,321.3999938964844,320.75,321.29998779296875,318150,0.0,-0.005571087206882264,0.0014573412603128095,0.4,0.55,0,321.8304917583498,321.68481046867066,47.42266743852407,-0.3152449009451743,-0.2515841843487256,321.85400659726236,0.0014573412603128095,0,ITC,15m,2026-02-10 09:00:00
321.29998779296875,321.3999938964844,321.0,321.0,521364,-0.0009336688589046682,-0.0038789759503491394,0.0013592625349468956,0.35,0.55,0,321.7513973051736,321.6579551561738,45.54442282357776,-0.34109229290152143,-0.26948580605928474,321.8115844153241,0.0013592625349468956,0,ITC,15m,2026-02-10 09:15:00
321.1000061035156,321.5,321.0,321.25,408225,0.0007788161993769194,-0.003257796564495097,0.0013747463411565809,0.4,0.5,0,321.7036451808713,321.6419569147552,50.49492983961614,-0.3375129869653506,-0.2830912422404979,321.78684111137454,0.0013747463411565809,0,ITC,15m,2026-02-10 09:30:00
321.25,321.75,321.25,321.5,1103327,0.0007782101167315147,-0.0010874820471591384,0.0013579036173856256,0.45,0.45,0,321.6842504017407,321.6363899769217,40.47636347783122,-0.3109193656539446,-0.28865686692318726,321.75631815099325,0.0013579036173856256,0,ITC,15m,2026-02-10 09:45:00
321.5,321.5,321.0,321.25,598785,-0.0007776049766718973,-0.002174288493522747,0.0013643300266459632,0.45,0.5,0,321.6428932206225,321.62123742880715,43.038150717740315,-0.30648368667027626,-0.29222223087260507,321.7286746917351,0.0013643300266459632,0,ITC,15m,2026-02-10 10:00:00
320.95001220703125,321.1499938964844,320.04998779296875,320.1499938964844,667782,-0.002337176735010882,-0.004353891928572495,0.0014289679356164152,0.5,0.5,0,321.43669833188994,321.5363667227462,27.173876987786343,-0.3999500457107388,-0.3194020709530343,320.4499918619792,0.0014289679356164152,0,ITC,15m,2026-02-11 04:00:00
320.0,320.0,319.29998779296875,319.3999938964844,524335,-0.0023426519265919987,-0.006377409341103202,0.001506119104192393,0.5,0.5,0,321.24272648089897,321.45258739622614,17.9998779296875,-0.5120339064230848,-0.3579284380470444,320.06147167765914,0.001506119104192393,0,ITC,15m,2026-02-11 04:15:00
319.29998779296875,320.0,318.79998779296875,319.0,473714,-0.0012523290674013587,-0.006849352812643206,0.0015174274754969801,0.45,0.5,0,321.02913348271807,321.35640749833493,17.821704395750487,-0.6259220977955806,-0.41152716999675165,319.8354510377956,0.0015174274754969801,0,ITC,15m,2026-02-11 04:30:00
318.8500061035156,319.20001220703125,318.54998779296875,318.95001220703125,514841,-0.00015670154535663006,-0.01039396746142407,0.0012344085736909999,0.4,0.55,0,320.83112193265265,321.26203905553876,17.821704395750487,-0.7120053526086849,-0.47162280651913835,319.6145987258219,0.0012344085736909999,0,ITC,15m,2026-02-11 04:45:00
318.8500061035156,319.1499938964844,318.70001220703125,318.79998779296875,246141,-0.0004703696765031573,-0.009322560950282166,0.0012103772268559129,0.35,0.55,0,320.6376805860161,321.1654880256341,21.686631810393635,-0.7833032365314807,-0.5339588925216068,319.5404294776154,0.0012103772268559129,0,ITC,15m,2026-02-11 05:00:00
318.79998779296875,319.5,318.70001220703125,319.29998779296875,306502,0.0015683814904181581,-0.008385131077736752,0.0012721560401337771,0.4,0.5,0,320.51028127239255,321.09233115376486,28.571236937770806,-0.7903508295019606,-0.5852372799176776,319.4985173492726,0.0012721560401337771,0,ITC,15m,2026-02-11 05:15:00
319.29998779296875,319.5,319.0,319.29998779296875,232097,0.0,-0.009154421123448442,0.0012452831860286081,0.35,0.5,0,320.39501522673316,321.0220431788317,30.232360080055642,-0.7868656008662924,-0.6255629441074007,319.48037053112864,0.0012452831860286081,0,ITC,15m,2026-02-11 05:30:00
319.29998779296875,319.3500061035156,318.54998779296875,319.20001220703125,327141,-0.00031310864315570175,-0.01053934851877647,0.0011920762513599693,0.3,0.55,0,320.28120541533303,320.9505909838592,24.39038913865484,-0.7831431396923563,-0.6570789832243917,319.4359540766771,0.0011920762513599693,0,ITC,15m,2026-02-11 05:45:00
319.25,319.25,318.6000061035156,319.0,237346,-0.000626604634656247,-0.010085337470907674,0.0011852106248270934,0.3,0.55,0,320.159185851968,320.8740972197863,23.25587997331479,-0.7872573630977513,-0.6831146591990637,319.403279268304,0.0011852106248270934,0,ITC,15m,2026-02-11 06:00:00
319.1000061035156,319.29998779296875,318.6000061035156,318.79998779296875,341405,-0.0006269975142045858,-0.010552527266441514,0.00118255126523891,0.3,0.55,0,320.0297384177776,320.7927595952052,23.80945460886751,-0.7974645533569173,-0.7059846380306345,319.3588952203537,0.00118255126523891,0,ITC,15m,2026-02-11 06:15:00
318.79998779296875,318.8500061035156,318.20001220703125,318.45001220703125,356118,-0.0010977904621651824,-0.008407229459027832,0.001005523123288521,0.3,0.55,0,319.8792883024684,320.70088714861015,17.44190997998608,-0.8242920049640361,-0.7296461114173148,319.28654274987355,0.001005523123288521,0,ITC,15m,2026-02-11 06:30:00
318.54998779296875,318.54998779296875,317.75,317.8999938964844,435595,-0.0017271731495155374,-0.010428034563472743,0.0010303302562420142,0.3,0.55,0,319.69078407332705,320.5910481975464,10.869550795114534,-0.8797931270934782,-0.7596755145525476,319.1725876471739,0.0010303302562420142,0,ITC,15m,2026-02-11 06:45:00
317.79998779296875,318.0,317.3500061035156,317.6000061035156,346561,-0.0009436546043672944,-0.010591881297459138,0.0010331432152778464,0.3,0.6,0,319.49166236191644,320.4737524291531,10.752702285868054,-0.9371814298864365,-0.7951766976193254,319.0672558033675,0.0010331432152778464,0,ITC,15m,2026-02-11 07:00:00
317.6000061035156,317.6000061035156,316.3500061035156,316.6499938964844,13189434,-0.0029912222568460045,-0.014472437202458388,0.001109968469567915,0.3,0.6,0,319.22102726997053,320.3238011141465,9.523809523809518,-1.0472480946880864,-0.8455909770330776,317.4724165700256,0.001109968469567915,0,ITC,15m,2026-02-11 07:15:00
316.79998779296875,317.3999938964844,316.54998779296875,317.1000061035156,463765,0.001421166005701524,-0.013071838932528723,0.0012008041103140253,0.25,0.55,0,319.0190252541177,320.19737778039627,19.192118469562644,-1.0856498002289072,-0.8936027416722436,317.46109120612095,0.0012008041103140253,0,ITC,15m,2026-02-11 07:30:00
317.20001220703125,317.45001220703125,317.0,317.1499938964844,203481,0.00015764046675048604,-0.0119937884844723,0.0012123102049153278,0.3,0.55,0,318.84102226767646,320.0778725300468,23.529411764705884,-1.0993768988605552,-0.9347575731099059,317.4582752430545,0.0012123102049153278,0,ITC,15m,2026-02-11 07:45:00
317.1499938964844,317.79998779296875,317.0,317.79998779296875,470513,0.00204948418411921,-0.010739337609435795,0.0013172601795003952,0.3,0.55,0,318.7418761272281,319.9885437168281,36.666531032986114,-1.0457518715861056,-0.956956432805146,317.4601013999753,0.0013172601795003952,0,ITC,15m,2026-02-11 08:00:00
317.6000061035156,318.29998779296875,317.25,317.8999938964844,384095,0.00031468252786970297,-0.011197530648571097,0.001296785370882761,0.3,0.55,0,318.6616968671573,319.90663980230477,38.46138368154532,-0.9838428662150704,-0.962333719487131,317.46704595260195,0.001296785370882761,0,ITC,15m,2026-02-11 08:15:00
317.8500061035156,317.8999938964844,317.5,317.8500061035156,232078,-0.0001572437682556549,-0.010583638588278155,0.0012987765321384216,0.3,0.5,0,318.58439298490566,319.8259875003915,39.326004512505406,-0.9281144054208994,-0.9554898566738848,317.4703370664051,0.0012987765321384216,0,ITC,15m,2026-02-11 08:30:00
317.70001220703125,318.6000061035156,317.70001220703125,318.6000061035156,487974,0.0023596035412871696,-0.007167303947380854,0.001441834149063315,0.3,0.45,0,318.5858799485828,319.7779097985532,42.5533572713283,-0.8140466437682221,-0.9272012140927522,317.4901433153955,0.001441834149063315,0,ITC,15m,2026-02-11 08:45:00
318.6000061035156,319.20001220703125,318.3999938964844,318.75,417405,0.0004707906265251083,-0.004372931198421415,0.001374154972911554,0.35,0.4,0,318.6015104296701,319.7375996103747,44.32999421106944,-0.703435104933078,-0.8824479922608175,317.5160219456502,0.001374154972911554,0,ITC,15m,2026-02-11 09:00:00
318.8999938964844,319.20001220703125,318.6499938964844,318.8500061035156,502261,0.0003137446384804399,-0.0017219405243539265,0.0012833879713900196,0.35,0.35,0,318.625176684322,319.7027920218704,46.39169419537518,-0.6007795935432227,-0.8261143125172985,317.54856413856317,0.0012833879713900196,0,ITC,15m,2026-02-11 09:15:00
318.8500061035156,319.0,318.29998779296875,318.45001220703125,663847,-0.0012544892232321248,-0.0017240996644788398,0.0012834914350213016,0.35,0.35,0,318.60849435315146,319.6536634016806,44.55456314434547,-0.5454133402531625,-0.7699741180644714,317.5797535221,0.0012834914350213016,0,ITC,15m,2026-02-11 09:30:00
318.45001220703125,318.5,318.0,318.20001220703125,1299233,-0.0007850525684309773,-0.0023514656569857406,0.0012929815924248595,0.35,0.35,0,318.5695912916162,319.5966574724787,44.11785825414682,-0.515762704880558,-0.7191318354276888,317.6161610842001,0.0012929815924248595,0,ITC,15m,2026-02-11 09:45:00
318.25,318.45001220703125,317.95001220703125,318.1000061035156,1008306,-0.00031428692545287795,-0.0021956766507397196,0.0012912057316687884,0.35,0.4,0,318.52486889274945,319.5379652619311,46.39169419537518,-0.49463220730638113,-0.6742319098034273,317.63897421190217,0.0012912057316687884,0,ITC,15m,2026-02-11 10:00:00
319.04998779296875,319.45001220703125,318.70001220703125,318.8500061035156,534521,-0.0007834534478790012,-0.0014092756237275017,0.001448321748089815,0.4,0.45,0,318.60539264980457,319.49448512672035,61.904761904761905,-0.32824979027316203,-0.5599852699481536,319.00001017252606,0.001448321748089815,0,ITC,15m,2026-02-12 04:00:00
318.8999938964844,319.0,317.6000061035156,317.6499938964844,507940,-0.0037635633810891855,-0.004855946902475483,0.00166775070083677,0.4,0.45,0,318.5144022923455,319.42215213729935,59.09090909090909,-0.3697663669901772,-0.5219414893565584,318.55335861078936,0.00166775070083677,0,ITC,15m,2026-02-12 04:15:00
317.70001220703125,318.0,317.5,317.70001220703125,272935,0.00015746359675095079,-0.004075196843162265,0.0016674504182724247,0.4,0.5,0,318.4368413318394,319.35461723807316,55.88240573969135,-0.3940896730697432,-0.49637112609919537,318.3832102383395,0.0016674504182724247,0,ITC,15m,2026-02-12 04:30:00
317.6000061035156,318.0,317.29998779296875,317.54998779296875,217529,-0.0004722203597673502,-0.003920953726045173,0.0016657365001878806,0.35,0.55,0,318.3523790900422,319.2838474559122,53.846063558203,-0.42062310347813536,-0.48122152157498344,318.2744330790799,0.0016657365001878806,0,ITC,15m,2026-02-12 04:45:00
317.70001220703125,317.8999938964844,317.25,317.8999938964844,294452,0.0011022078947262592,-0.0017271731495155374,0.0016755992131822909,0.35,0.55,0,318.3092947858938,319.22957868887585,51.02045900414162,-0.4086972631646404,-0.4667166698929149,318.1791863399216,0.0016755992131822909,0,ITC,15m,2026-02-12 05:00:00
317.79998779296875,318.0,317.20001220703125,317.45001220703125,299619,-0.0014154819065509416,-0.0014154819065509416,0.0016609076969286436,0.4,0.55,0,318.2274583498117,319.1597917680192,45.71448501159661,-0.4305921126398289,-0.4594917584422977,318.0905572387502,0.0016609076969286436,0,ITC,15m,2026-02-12 05:15:00
317.45001220703125,318.0,317.25,318.0,215792,0.0017325177880607168,0.0012594266020071743,0.0016942434862398563,0.4,0.5,0,318.2057956498296,319.11430973790084,51.304287829654434,-0.3989654942694756,-0.44738650560773335,318.0591888316795,0.0016942434862398563,0,ITC,15m,2026-02-12 05:30:00
318.0,318.0,317.3999938964844,317.6499938964844,238574,-0.0011006481242630262,0.003158061011448776,0.001562402705559086,0.4,0.45,0,318.152862149511,319.05688558725706,41.121442016998465,-0.3975609041540906,-0.4374213853170048,318.02445123175255,0.001562402705559086,0,ITC,15m,2026-02-12 05:45:00
317.6000061035156,317.75,317.3999938964844,317.6000061035156,161969,-0.00015736752378170404,0.0015767896259100134,0.001534906663195321,0.4,0.45,0,318.10020919274956,318.9997530584829,39.04774084042015,-0.3959174634269971,-0.4291206009390033,317.99840719080777,0.001534906663195321,0,ITC,15m,2026-02-12 06:00:00
317.6000061035156,317.95001220703125,317.45001220703125,317.95001220703125,183228,0.0011020343097900565,0.0025225234934356244,0.001551857162870404,0.4,0.45,0,318.0859047179192,318.95858675058287,41.81828270217783,-0.3621972726803051,-0.4157359352872637,317.98494246445597,0.001551857162870404,0,ITC,15m,2026-02-12 06:15:00
317.95001220703125,317.95001220703125,317.20001220703125,317.45001220703125,182181,-0.0015725742437601165,-0.00110124480610585,0.0015268553672933079,0.35,0.5,0,318.02534352640606,318.89942696456126,41.071486959270196,-0.37153675545505394,-0.40689609932082177,317.95847760112616,0.0015268553672933079,0,ITC,15m,2026-02-12 06:30:00
317.3999938964844,317.95001220703125,317.3500061035156,317.79998779296875,156209,0.0011024588832249105,-0.0003145835339278813,0.0015468962778247188,0.3,0.5,0,318.0038810756025,318.8563117029302,46.49102142650633,-0.34670169658033956,-0.39485721877272534,317.9461110343632,0.0015468962778247188,0,ITC,15m,2026-02-12 06:45:00
317.6499938964844,318.0,317.54998779296875,318.0,201890,0.0006293650557391839,0.00047190150575460166,0.0015530660945886235,0.35,0.5,0,318.0035114493547,318.82273085183493,49.13788113967009,-0.3073376231509428,-0.37735329964836883,317.94051380927715,0.0015530660945886235,0,ITC,15m,2026-02-12 07:00:00
318.0,319.3999938964844,317.8500061035156,319.25,1174991,0.0039308176100629755,0.0020401565726060333,0.001709273529051342,0.35,0.5,0,318.12222464465424,318.83948650470415,51.239615227468775,-0.17327930210905151,-0.3365385001405054,318.166514094809,0.001709273529051342,0,ITC,15m,2026-02-12 07:15:00
319.25,319.6000061035156,318.70001220703125,319.1000061035156,298065,-0.00046983209548745464,0.0010980583639705888,0.0017115688351261094,0.35,0.5,0,318.21534668835534,318.84970295955947,52.10083602605529,-0.07823848617340445,-0.28487849734708526,318.22485084123576,0.0017115688351261094,0,ITC,15m,2026-02-12 07:30:00
319.1000061035156,319.29998779296875,318.6000061035156,318.79998779296875,257237,-0.0009402015192990776,-0.00015687097252437,0.001724558235769381,0.35,0.55,0,318.2710267935566,318.8477533451834,61.38603689894186,-0.02681778636809895,-0.233266355151288,318.2582676900098,0.001724558235769381,0,ITC,15m,2026-02-12 07:45:00
318.75,320.3999938964844,318.6499938964844,320.0,897650,0.0037641538675670105,0.004867287591626912,0.0018905339465217692,0.4,0.5,0,318.43569090845597,318.89293948850957,68.54825213376517,0.10950217200456791,-0.16471264972011682,318.4681532153957,0.0018905339465217692,0,ITC,15m,2026-02-12 08:00:00
319.95001220703125,320.20001220703125,319.1499938964844,319.25,314070,-0.002343749999999978,0.003299772949994617,0.0019658376614415827,0.4,0.45,0,318.5132441552697,318.9069418615092,62.50011219717981,0.15522861036487257,-0.10072439770311895,318.52035316612285,0.0019658376614415827,0,ITC,15m,2026-02-12 08:15:00
319.29998779296875,319.95001220703125,319.1000061035156,319.8999938964844,405844,0.0020360028080952386,0.005658559441784394,0.002005429753195307,0.4,0.45,0,318.64531555919496,318.945885078567,64.08455547341093,0.2411365454337897,-0.032352209075737215,318.5876286602948,0.002005429753195307,0,ITC,15m,2026-02-12 08:30:00
319.8999938964844,319.8999938964844,319.1499938964844,319.1499938964844,282197,-0.0023444826955598685,0.00015665243501294945,0.001968693700612377,0.35,0.4,0,318.69338016274634,318.9538893459363,61.486372240528205,0.24586627751989454,0.02329148824338914,318.6199311104736,0.001968693700612377,0,ITC,15m,2026-02-12 08:45:00
319.25,320.3999938964844,318.25,318.3500061035156,1089077,-0.0025066201105058417,-0.0015681354568883865,0.0020415880920532986,0.35,0.45,0,318.66067787139104,318.9302076501551,52.28762341677471,0.18295332313374502,0.05522385522146031,318.6704961975676,0.0020415880920532986,0,ITC,15m,2026-02-12 09:00:00
318.3500061035156,318.6499938964844,317.54998779296875,317.8500061035156,1515893,-0.0015705983678775404,0.0006296622410653097,0.0018861117651615708,0.35,0.45,0,318.58347103635526,318.8878468051889,51.282131538792605,0.09169156886383689,0.06251739794993563,318.56833625392886,0.0018861117651615708,0,ITC,15m,2026-02-12 09:15:00
317.8500061035156,318.25,317.3999938964844,318.04998779296875,1042166,0.0006291700035014891,0.0011015913518739318,0.0018906916487154458,0.35,0.45,0,318.53266310841366,318.8549895890234,52.8300800368515,0.03509823155616232,0.05703356467118097,318.50350734465394,0.0018906916487154458,0,ITC,15m,2026-02-12 09:30:00
318.0,318.04998779296875,317.0,317.5,1191872,-0.001729249533336752,-0.00015741708357852602,0.001929692581861295,0.35,0.45,0,318.4343142409457,318.801852742395,47.23917650847382,-0.05351492767158561,0.034923866202627656,318.4049649202242,0.001929692581861295,0,ITC,15m,2026-02-12 09:45:00
317.3999938964844,317.5,316.95001220703125,317.3999938964844,717737,-0.000314979853592523,-0.001572821672223168,0.0019127987765000223,0.35,0.45,0,318.3358075414732,318.74687788569264,49.67729995156546,-0.13030903016556294,0.001877286928989537,318.341344084063,0.0019127987765000223,0,ITC,15m,2026-02-12 10:00:00
316.6499938964844,317.04998779296875,316.20001220703125,316.20001220703125,419678,-0.0012634045760365753,-0.005660338971599788,0.0019329373980649055,0.35,0.45,0,317.98282827006966,318.56611135978847,39.28574023614896,-0.37780861136366184,-0.11480938449865666,316.48333740234375,0.0019329373980649055,0,ITC,15m,2026-02-13 04:00:00
316.3500061035156,316.5,315.8999938964844,316.25,376335,0.00015808915572090854,-0.004407347468549316,0.0019253568896756622,0.35,0.5,0,317.8177970062535,318.47528346332615,29.16652538062459,-0.46745117661640734,-0.1853377429222068,316.3572611988564,0.0019253568896756622,0,ITC,15m,2026-02-13 04:15:00
316.1499938964844,317.1499938964844,316.1000061035156,316.8999938964844,283393,0.002055316668725382,-0.002204068619580224,0.001991524342324457,0.4,0.5,0,317.7303871862755,318.4135074018814,35.71411585655855,-0.4805055117630559,-0.24437129669037663,316.45162089036694,0.001991524342324457,0,ITC,15m,2026-02-13 04:30:00
317.20001220703125,317.20001220703125,316.29998779296875,316.79998779296875,409160,-0.0003155762241772164,-0.0036169975465000226,0.0019712993565667095,0.4,0.5,0,317.6417777202463,318.3502321231005,36.66655815883918,-0.49323511579933665,-0.2941440605121687,316.53821595229533,0.0019712993565667095,0,ITC,15m,2026-02-13 04:45:00
316.79998779296875,316.79998779296875,315.8999938964844,316.0,304706,-0.002525214090259187,-0.004567686726329678,0.0020176992316997067,0.4,0.5,0,317.4854179373657,318.2580661574887,21.830646894476672,-0.5614042293317993,-0.34759609427609484,316.4864104129955,0.0020176992316997067,0,ITC,15m,2026-02-13 05:00:00
316.0,316.5,315.8999938964844,316.5,355925,0.0015822784810126667,-0.004090584779429363,0.0020370975327650173,0.4,0.5,0,317.39156860999753,318.1891223866068,29.926756898840765,-0.568529270084241,-0.3917827294377241,316.4555389524562,0.0020370975327650173,0,ITC,15m,2026-02-13 05:15:00
316.5,316.95001220703125,316.20001220703125,316.75,288470,0.0007898894154818592,-0.0039308176100628645,0.0020408622617062167,0.4,0.5,0,317.3304668376168,318.13268621458303,25.58114227044112,-0.547689580986173,-0.4229640997474139,316.4765798463217,0.0020408622617062167,0,ITC,15m,2026-02-13 05:30:00
316.75,316.75,316.20001220703125,316.3999938964844,201534,-0.0011049916448796493,-0.008927192180158583,0.001801690593302469,0.35,0.5,0,317.24185036703284,318.0647374962262,27.272452129698763,-0.5530414273466704,-0.44897956526726523,316.4745503181704,0.001801690593302469,0,ITC,15m,2026-02-13 05:45:00
316.3500061035156,316.5,316.25,316.29998779296875,155995,-0.00031607492239194013,-0.008774735998088756,0.001801914820946966,0.3,0.5,0,317.1521491695029,317.99553162551024,30.840753649312347,-0.5589096978258681,-0.47096559177898584,316.46759915566577,0.001801914820946966,0,ITC,15m,2026-02-13 06:00:00
316.3500061035156,316.3999938964844,316.1000061035156,316.25,143403,-0.00015803918715762144,-0.007998707310568398,0.0017989506298884204,0.3,0.5,0,317.0662302009788,317.927079404902,33.67318340070129,-0.5611256345598008,-0.4889976003351489,316.45698036360875,0.0017989506298884204,0,ITC,15m,2026-02-13 06:15:00
316.29998779296875,316.29998779296875,315.6000061035156,316.0,223562,-0.0007905138339920903,-0.012499999999999956,0.0015089904474631718,0.25,0.55,0,316.9646844675522,317.85150766353325,29.292848335388413,-0.5764101931454206,-0.5064801188972032,316.422315472873,0.0015089904474631718,0,ITC,15m,2026-02-13 06:30:00
316.0,316.1000061035156,315.79998779296875,315.79998779296875,207719,-0.0006329500222508333,-0.010806616153582582,0.0014540815626176017,0.25,0.55,0,316.8537609747347,317.7710559039033,31.52150837247565,-0.5977718872632067,-0.524738472570404,316.3901196333992,0.0014540815626176017,0,ITC,15m,2026-02-13 06:45:00
315.95001220703125,316.0,315.54998779296875,315.95001220703125,245034,0.0004750614941786413,-0.012347551624934616,0.0013463171290775367,0.25,0.55,0,316.76768966352483,317.6996424255946,34.408778573350574,-0.5957282825327184,-0.5389364345628669,316.3523783277277,0.0013463171290775367,0,ITC,15m,2026-02-13 07:00:00
315.95001220703125,316.0,314.8500061035156,315.0,471745,-0.003006843393975722,-0.013003271113426473,0.001398116224682918,0.25,0.6,0,316.59933826699864,317.5937740951792,33.33333333333333,-0.6631226909824477,-0.5637736858467831,316.22897295646646,0.001398116224682918,0,ITC,15m,2026-02-13 07:15:00
315.1000061035156,315.5,314.79998779296875,315.20001220703125,178864,0.0006349593874008796,-0.009894750545285436,0.001354740104010919,0.2,0.6,0,316.4660691184303,317.4999010799577,39.1305213156952,-0.6924122344663601,-0.5895013955706986,316.18442780872755,0.001354740104010919,0,ITC,15m,2026-02-13 07:30:00
315.1000061035156,315.54998779296875,315.04998779296875,315.3999938964844,166423,0.0006344596500895694,-0.007708076639876937,0.001352425971879616,0.25,0.55,0,316.36453814491165,317.417551778645,41.05262481609262,-0.6915161894964399,-0.6099043543558469,316.1524681709475,0.001352425971879616,0,ITC,15m,2026-02-13 07:45:00
315.5,315.5,314.6000061035156,314.75,293264,-0.002060855767478831,-0.010375689104307861,0.0013796467618396571,0.25,0.55,0,316.210772607301,317.3129419049727,27.368630701128822,-0.7347849985472976,-0.634880483194137,316.0778386774355,0.0013796467618396571,0,ITC,15m,2026-02-13 08:00:00
314.79998779296875,315.20001220703125,314.54998779296875,314.6000061035156,251765,-0.0004765493136914545,-0.0091338390440453,0.0013499972038783542,0.25,0.55,0,316.05736627360716,317.20655226569994,27.083611487281203,-0.7722767694771164,-0.662359740450733,316.0123549999526,0.0013499972038783542,0,ITC,15m,2026-02-13 08:15:00
314.70001220703125,314.8500061035156,314.3500061035156,314.6000061035156,322055,0.0,-0.008821637828644424,0.0013535837642312876,0.25,0.55,0,315.9185700669318,317.10433476914375,32.50020980674891,-0.7928497892144151,-0.6884577502034694,315.92651777618863,0.0013535837642312876,0,ITC,15m,2026-02-13 08:30:00
314.70001220703125,315.0,314.3999938964844,314.6499938964844,272754,0.00015889317227890665,-0.006159229846614989,0.0012668689617142655,0.25,0.5,0,315.79775328879396,317.00808610747083,23.943710402572066,-0.7959452965299647,-0.7099552594687685,315.86566031305557,0.0012668689617142655,0,ITC,15m,2026-02-13 08:45:00
314.6499938964844,314.70001220703125,313.79998779296875,313.79998779296875,442299,-0.002701433720018631,-0.007590209745125143,0.0013612342696765788,0.25,0.55,0,315.60748990823913,316.8822783304315,14.457893343530301,-0.8571067045758127,-0.7393855484901773,315.7358065031691,0.0013612342696765788,0,ITC,15m,2026-02-13 09:00:00
313.8500061035156,314.54998779296875,313.8500061035156,314.25,432124,0.0014340733732856048,-0.006324110671936722,0.0014165589062540161,0.25,0.5,0,315.4782051550735,316.7790517292381,24.706135784296123,-0.8593591792123334,-0.7633802746346086,315.63397023544337,0.0014165589062540161,0,ITC,15m,2026-02-13 09:15:00
314.25,314.3999938964844,313.79998779296875,314.0,406719,-0.0007955449482895949,-0.009151132699079967,0.0013043534744241827,0.2,0.55,0,315.3374237117332,316.6700693084837,23.86392009987516,-0.8712736914864081,-0.7849589580049685,315.5409508999646,0.0013043534744241827,0,ITC,15m,2026-02-13 09:30:00
313.95001220703125,314.0,313.6000061035156,313.8500061035156,631912,-0.000477687568421592,-0.009311811247230684,0.0013039205676484895,0.15,0.6,0,315.19576489190297,316.55947859456336,23.333581993394688,-0.8826447034835496,-0.8044961071006849,315.3953774984862,0.0013039205676484895,0,ITC,15m,2026-02-13 09:45:00
313.8999938964844,313.8999938964844,313.3999938964844,313.6000061035156,604739,-0.0007965588502093501,-0.007594917393937917,0.0012145264457832027,0.15,0.6,0,315.0437878644375,316.4434208498164,23.333581993394688,-0.90143800686036,-0.82388448705262,315.26365515296243,0.0012145264457832027,0,ITC,15m,2026-02-13 10:00:00
314.1000061035156,315.25,314.1000061035156,315.04998779296875,618598,0.0030244561317838148,-0.0053670472203039,0.001415055913331324,0.2,0.65,0,314.96305473537467,316.30048166606554,41.96403269754769,-0.7525900086781689,-0.8163645962113196,314.7999979654948,0.001415055913331324,0,ITC,15m,2026-02-16 04:00:00
315.04998779296875,315.3500061035156,314.45001220703125,314.79998779296875,340480,-0.0007935248680736029,-0.005056909400697029,0.0014070519178574815,0.25,0.65,0,314.94752455038366,316.24163876908136,47.9590438584472,-0.6750999626798944,-0.7881116695050346,314.8236665848181,0.0014070519178574815,0,ITC,15m,2026-02-16 04:15:00
314.6000061035156,315.6499938964844,314.6000061035156,315.3999938964844,393994,0.0019059915082024759,-0.002845380749977977,0.0014872145490329924,0.3,0.65,0,314.9906168690599,316.2086330878031,51.886634920452124,-0.5588312065582386,-0.7422555769156755,314.93810164271963,0.0014872145490329924,0,ITC,15m,2026-02-16 04:30:00
315.3999938964844,315.6499938964844,315.04998779296875,315.54998779296875,436591,0.0004755672142897627,-0.0022134773344861802,0.0014935765602923342,0.3,0.6,0,315.0438902903846,316.1828038605547,51.42852160366446,-0.44940367988800745,-0.6836851975101419,315.05484582368376,0.0014935765602923342,0,ITC,15m,2026-02-16 04:45:00
315.5,315.8500061035156,314.79998779296875,315.8500061035156,449784,0.0009507790275806727,-0.0004746642293809167,0.0015025287073972072,0.35,0.6,0,315.1206632249685,316.16975296812177,61.224566058182766,-0.33461536863677566,-0.6138712317354688,315.14425326491374,0.0015025287073972072,0,ITC,15m,2026-02-16 05:00:00
315.8500061035156,316.54998779296875,315.75,316.1499938964844,343684,0.0009497792850141629,0.0011083157601168292,0.001510353904492653,0.4,0.6,0,315.2186947174938,316.16897810256734,65.3464508877313,-0.21693757583977913,-0.5344845005563309,315.2780664409473,0.001510353904492653,0,ITC,15m,2026-02-16 05:15:00
315.95001220703125,316.75,315.79998779296875,316.75,314509,0.0018978526493727,0.0025320074760577516,0.0015636741912508241,0.45,0.55,0,315.36453331582777,316.1917632750157,69.0265152128941,-0.07440391709053529,-0.4424683838631718,315.4034583306634,0.0015636741912508241,0,ITC,15m,2026-02-16 05:30:00
316.70001220703125,317.70001220703125,316.70001220703125,317.5,487258,0.0023677979479084232,0.007936507936507908,0.0014546797018402057,0.5,0.5,0,315.56791109527273,316.24306667599546,72.4409713711751,0.09794472058581505,-0.33438576297337447,315.6764677584315,0.0014546797018402057,0,ITC,15m,2026-02-16 05:45:00
317.5,317.70001220703125,317.1000061035156,317.70001220703125,232711,0.000629959707185046,0.00793147177404907,0.0014546369666597779,0.5,0.45,0,315.77096834401164,316.3002017948596,84.21066720920022,0.24781491510293563,-0.2179456273581125,315.79377130857375,0.0014546369666597779,0,ITC,15m,2026-02-16 06:00:00
317.6000061035156,318.20001220703125,317.45001220703125,317.45001220703125,421534,-0.000786905855820641,0.006499741123075831,0.0014769288284281687,0.5,0.45,0,315.93087728334683,316.34529239925854,79.09102006392045,0.3424674616323955,-0.10586300956001089,315.99271087344937,0.0014769288284281687,0,ITC,15m,2026-02-16 06:15:00
317.54998779296875,317.6000061035156,317.1000061035156,317.3500061035156,282106,-0.00031502945241790314,0.008260543617206073,0.0013766838063696179,0.5,0.45,0,316.0660324090772,316.3846929366804,81.30843253911664,0.40474498171965934,-0.003741411304076847,316.0813197752213,0.0013766838063696179,0,ITC,15m,2026-02-16 06:30:00
317.25,317.5,316.5,316.8500061035156,322796,-0.00157554747245503,0.007151938831367,0.001434738848289037,0.5,0.45,0,316.1406965704523,316.4029405118504,76.3157331163199,0.4090393922527369,0.0788147494072859,316.14169971524507,0.001434738848289037,0,ITC,15m,2026-02-16 06:45:00
317.0,317.04998779296875,316.5,316.70001220703125,318360,-0.00047339085875031106,0.006675162310151528,0.0014448142575634814,0.5,0.4,0,316.19396472631695,316.4145903822496,77.67859575697135,0.39577721625846607,0.14220724277752195,316.1807248408957,0.0014448142575634814,0,ITC,15m,2026-02-16 07:00:00
316.8999938964844,317.04998779296875,316.5,316.5,327003,-0.0006315509924910145,0.005879568216754061,0.0014605727374215594,0.45,0.4,0,316.2231109428582,316.4179397790242,72.64137363175199,0.36492095112930656,0.18674998444787888,316.2117969673556,0.0014605727374215594,0,ITC,15m,2026-02-16 07:15:00
316.54998779296875,316.8999938964844,315.54998779296875,316.20001220703125,1822222,-0.0009478287297590704,0.007648261655274213,0.001316840958843903,0.45,0.4,0,316.22091106325564,316.4093935997304,62.36578899010317,0.312656521163035,0.2119312917909101,316.2130442152999,0.001316840958843903,0,ITC,15m,2026-02-16 07:30:00
316.20001220703125,317.1499938964844,315.95001220703125,316.8999938964844,370678,0.0022137307477230195,0.008432757029385396,0.0013604477983206768,0.5,0.4,0,316.28558561880124,316.4286328270541,70.58827049312757,0.323984563839133,0.2343419462005547,316.23551694203445,0.0013604477983206768,0,ITC,15m,2026-02-16 07:45:00
316.79998779296875,318.1499938964844,316.79998779296875,318.0,458577,0.003471145865262981,0.01273885350318471,0.0014882012437688271,0.55,0.35,0,316.4488631789154,316.49025506913046,73.21431490836562,0.4169174538077982,0.2708570477220034,316.31720136365004,0.0014882012437688271,0,ITC,15m,2026-02-16 08:00:00
318.0,318.0,317.6000061035156,317.75,312668,-0.0007861635220125507,0.012426298616027509,0.0015018668874047843,0.55,0.3,0,316.57278097139965,316.53965683112534,69.29831136429344,0.4650339065889284,0.30969241949538845,316.3727426786233,0.0015018668874047843,0,ITC,15m,2026-02-16 08:15:00
317.75,317.8500061035156,317.54998779296875,317.6499938964844,269048,-0.0003147320330940673,0.012914501639492704,0.0014816982265462675,0.55,0.3,0,316.67537267855056,316.58319946113943,66.363525390625,0.48945475556337215,0.3456448867089852,316.4141162803805,0.0014816982265462675,0,ITC,15m,2026-02-16 08:30:00
317.6499938964844,317.70001220703125,317.20001220703125,317.54998779296875,288618,-0.00031483112053265483,0.010983704624049295,0.0014786657066968817,0.5,0.3,0,316.7586693561142,316.62111272905435,63.20744396013152,0.49503237250718257,0.3755223838686247,316.44913940961817,0.0014786657066968817,0,ITC,15m,2026-02-16 08:45:00
317.70001220703125,318.0,317.5,317.95001220703125,324979,0.001259721081530385,0.00920496596231657,0.0013718676172367857,0.5,0.3,0,316.87213058001106,316.67322643407306,61.76474108115224,0.5256716852229601,0.4055522441394918,316.49778316304946,0.0013718676172367857,0,ITC,15m,2026-02-16 09:00:00
317.95001220703125,318.0,317.6499938964844,317.79998779296875,343319,-0.0004718490589797897,0.009529860598257,0.0013582262304326766,0.45,0.3,0,316.9604979336261,316.71741315402977,53.33315249087876,0.5317185247164389,0.4307855002548812,316.5455488530235,0.0013582262304326766,0,ITC,15m,2026-02-16 09:15:00
317.75,317.95001220703125,317.6000061035156,317.95001220703125,445129,0.0004720718056170359,0.008085029676264899,0.0013159127638888548,0.4,0.35,0,317.0547373882361,316.7657503717945,52.80894253188863,0.5423643661853248,0.45310127344096995,316.6033075626059,0.0013159127638888548,0,ITC,15m,2026-02-16 09:30:00
317.79998779296875,318.25,317.70001220703125,318.25,756564,0.0009435061533302758,0.008556527686518933,0.0013214095205018289,0.45,0.35,0,317.1685719226898,316.82395623956734,58.88863269541158,0.5684549848244274,0.4761720157176615,316.7069594799141,0.0013214095205018289,0,ITC,15m,2026-02-16 09:45:00
318.20001220703125,318.20001220703125,317.79998779296875,318.0,585972,-0.0007855459544383603,0.006807009197206559,0.0013420577970593062,0.4,0.3,0,317.2477555491003,316.8700756027216,56.989099118610255,0.5624752132758886,0.49343265522930696,316.77420659988036,0.0013420577970593062,0,ITC,15m,2026-02-16 10:00:00
318.54998779296875,321.75,318.3999938964844,321.75,2139725,0.01052137615494031,0.015785319652722896,0.002635134719222197,0.4,0.3,0,317.7758265788926,317.11908916723957,82.58030981988864,0.8601851363534365,0.5811600991222652,320.6333312988281,0.002635134719222197,0,ITC,15m,2026-02-17 04:00:00
321.8999938964844,324.70001220703125,321.5,324.0,2696156,0.006993006993007089,0.020472440944881987,0.0029636714057596383,0.4,0.3,0,318.3686049999504,317.38892880773994,88.26511546797539,1.2468113841002264,0.7142903561178575,322.1758385254046,0.0029636714057596383,0,ITC,15m,2026-02-17 04:15:00
324.1000061035156,326.70001220703125,323.79998779296875,326.20001220703125,5772247,0.0067901611328125,0.02675479909790157,0.0032294215330578623,0.45,0.3,0,319.11445330538663,317.7344614900651,92.73477521466504,1.7110145590028765,0.9136351966948613,324.02090685916227,0.0032294215330578623,0,ITC,15m,2026-02-17 04:30:00
326.20001220703125,327.70001220703125,325.70001220703125,326.04998779296875,4501070,-0.00045991541523082713,0.027090802505084888,0.003218972608870003,0.45,0.3,0,319.7749803994421,318.0605605607672,91.03093601775748,2.043240004212123,1.1395561581983138,324.75447142327727,0.003218972608870003,0,ITC,15m,2026-02-17 04:45:00
326.1000061035156,326.5,325.1000061035156,325.5,3842426,-0.0016868204679031384,0.025681404568260735,0.003270350634894313,0.45,0.3,0,320.3202203614,318.3523032838744,85.37703256713806,2.2363721387209807,1.3589193543028473,324.9461769681097,0.003270350634894313,0,ITC,15m,2026-02-17 05:00:00
325.3999938964844,325.8500061035156,325.04998779296875,325.3500061035156,1319856,-0.0004608107418875296,0.02682657357192242,0.003228465608914623,0.45,0.3,0,320.79924757493484,318.62672300229167,86.19018970142443,2.3502354416653475,1.5571825717753476,324.97681008673635,0.003228465608914623,0,ITC,15m,2026-02-17 05:15:00
325.3500061035156,325.75,324.25,324.29998779296875,1754810,-0.0032273499027161145,0.023997395936218968,0.0033652388923389753,0.45,0.35,0,321.1326514052238,318.8492039744751,79.03901150595554,2.3288991278412823,1.7115258829885347,324.96006787026175,0.0033652388923389753,0,ITC,15m,2026-02-17 05:30:00
324.3999938964844,324.5,323.79998779296875,324.3500061035156,1352455,0.00015423469759356934,0.02480254693053907,0.0033473709154189196,0.45,0.4,0,321.4390661383945,319.0649217050257,79.82433832406662,2.289632546309349,1.8271472156526978,324.91706216459255,0.0033473709154189196,0,ITC,15m,2026-02-17 05:45:00
324.3500061035156,325.1000061035156,324.04998779296875,324.25,803188,-0.00030832773742484054,0.025458530936735224,0.0033284631768664428,0.5,0.35,0,321.7067741252141,319.26825810875016,78.37807372542119,2.2247977571215074,1.9066773239464598,324.9021024881565,0.0033284631768664428,0,ITC,15m,2026-02-17 06:00:00
324.3999938964844,326.0,324.29998779296875,325.8500061035156,1151125,0.0049344829715207705,0.028242386807854514,0.0034236047958047912,0.5,0.35,0,322.1013676469571,319.52636587325077,82.07158332948319,2.2762832637974952,1.980598511916667,324.9239693513944,0.0034236047958047912,0,ITC,15m,2026-02-17 06:15:00
325.8500061035156,325.8500061035156,325.45001220703125,325.5,1187844,-0.001074132567008279,0.02358490566037741,0.0034296730818425825,0.45,0.35,0,322.4250469186755,319.76062603508404,79.60765353260219,2.2627596466530235,2.037030738863938,324.95424834415974,0.0034296730818425825,0,ITC,15m,2026-02-17 06:30:00
325.5,325.95001220703125,324.95001220703125,325.25,1282811,-0.0007680491551459445,0.023603461841070095,0.0034291311531048506,0.5,0.4,0,322.6940900692778,319.97589560233564,77.55889618316209,2.2064347654525704,2.070911544181665,324.9740458936305,0.0034291311531048506,0,ITC,15m,2026-02-17 06:45:00
325.1000061035156,325.5,324.95001220703125,325.20001220703125,846129,-0.0001536903703881487,0.023768356542160918,0.0034256419209964897,0.5,0.35,0,322.93274932049246,320.1807629201669,78.79990820357322,2.13317339908491,2.0833639151623142,324.9812115651858,0.0034256419209964897,0,ITC,15m,2026-02-17 07:00:00
325.20001220703125,325.25,324.3500061035156,324.45001220703125,428745,-0.00230627297616004,0.021728939314464846,0.0034995467321584975,0.5,0.35,0,323.0772505477819,320.34818446082824,73.54080428241318,1.9916361644768017,2.0650183650252116,324.9768196328796,0.0034995467321584975,0,ITC,15m,2026-02-17 07:15:00
324.5,324.8500061035156,324.29998779296875,324.3999938964844,398434,-0.00015416338007401276,0.020286150155117033,0.0035100155022312397,0.45,0.4,0,323.2032261048012,320.50707894850103,63.87419832106782,1.8540583956151409,2.0228263711431977,324.9705997978368,0.0035100155022312397,0,ITC,15m,2026-02-17 07:30:00
324.3999938964844,325.20001220703125,324.20001220703125,324.45001220703125,754104,0.00015418715008608253,0.02092518775801433,0.003498874254679781,0.5,0.45,0,323.32196763834696,320.6617037821689,53.0612668571049,1.7291307394210662,1.9640872447987716,324.96177137399957,0.003498874254679781,0,ITC,15m,2026-02-17 07:45:00
324.45001220703125,325.0,324.20001220703125,324.8500061035156,370612,0.0012328367435201493,0.021701505367426988,0.0034964890850926332,0.5,0.4,0,323.46749511122016,320.82595093202565,37.83795672614303,1.643456097513706,1.8999610153417585,324.9583993360956,0.0034964890850926332,0,ITC,15m,2026-02-17 08:00:00
324.8999938964844,326.25,324.70001220703125,325.95001220703125,583010,0.0033861969612065668,0.024194853753436663,0.0035339384676877916,0.5,0.4,0,323.7039253108212,321.02689451143766,49.230964252514156,1.6453530205446327,1.8490394163823336,324.9710176207422,0.0035339384676877916,0,ITC,15m,2026-02-17 08:15:00
325.95001220703125,326.0,325.1000061035156,325.3999938964844,608445,-0.0016874314770619625,0.023270421058126933,0.0035662411162799804,0.5,0.4,0,323.86545565231296,321.1983886049689,49.23073311580084,1.5842126474848897,1.7960740626028449,324.9811410674143,0.0035662411162799804,0,ITC,15m,2026-02-17 08:30:00
325.3999938964844,325.5,324.20001220703125,325.20001220703125,779673,-0.0006145718906089837,0.02135684183699338,0.0035879619281824,0.45,0.45,0,323.99255627657186,321.3553150207361,48.85502229386907,1.502303985131391,1.7373200471085541,324.98079479899553,0.0035879619281824,0,ITC,15m,2026-02-17 08:45:00
325.20001220703125,325.3500061035156,324.8500061035156,325.25,475784,0.00015371399474894964,0.01087801087801088,0.0028153019317988482,0.4,0.45,0,324.1123128216603,321.508047765021,58.558593234504905,1.4249978885940209,1.6748556154056475,324.9832308157696,0.0028153019317988482,0,ITC,15m,2026-02-17 09:00:00
325.29998779296875,325.95001220703125,325.29998779296875,325.79998779296875,772522,0.0016909693865296838,0.005555517879533234,0.0023943135062236666,0.4,0.45,0,324.2730437713087,321.676359138666,61.983283479699566,1.392064811958619,1.6182974547162419,324.9992220259401,0.0023943135062236666,0,ITC,15m,2026-02-17 09:15:00
325.79998779296875,325.8500061035156,325.29998779296875,325.6000061035156,846002,-0.0006138173632473931,-0.0018393809965120411,0.001843826879039697,0.35,0.45,0,324.3994211362808,321.8302276470915,60.975670270887186,1.334445602194421,1.5615270842118778,325.0134764139249,0.001843826879039697,0,ITC,15m,2026-02-17 09:30:00
325.6000061035156,325.6499938964844,325.1499938964844,325.25,1290526,-0.0010749573002291068,-0.0024535740620138524,0.0018554061302340197,0.3,0.5,0,324.48042864711124,321.96433636681337,43.877481113332465,1.246174274580767,1.4984565222856556,325.025554138539,0.0018554061302340197,0,ITC,15m,2026-02-17 09:45:00
325.20001220703125,325.54998779296875,325.0,325.04998779296875,2698492,-0.0006149491376825633,-0.0013825259816627744,0.0018230000912628816,0.3,0.5,0,324.53467237528815,322.08534230509395,45.26302939967105,1.1468590210510001,1.4281370220387246,325.0377311996778,0.0018230000912628816,0,ITC,15m,2026-02-17 10:00:00
327.3500061035156,328.1499938964844,327.1499938964844,327.8500061035156,1522670,0.0013745027960310185,0.01094671120620938,0.002303079405514532,0.4,0.4,0,325.0973168977168,322.51165201804866,68.2757430472831,1.3408426481590823,1.3811271326744774,327.71666463216144,0.002303079405514532,0,ITC,15m,2026-02-18 04:00:00
327.8999938964844,329.8999938964844,327.54998779296875,329.3500061035156,1948308,0.0045752629924502575,0.015415445987086773,0.0024695459890171057,0.45,0.35,0,325.50233491731666,322.77982276649834,80.62484502851476,1.5215306336693288,1.4092078328734479,328.3995953324301,0.0024695459890171057,0,ITC,15m,2026-02-18 04:15:00
329.5,330.75,329.04998779296875,330.5,2210635,0.0034917075305076484,0.019275250578257408,0.0025278659753672416,0.45,0.35,0,325.9783030204294,323.08257481487095,83.5164945722344,1.7374933190888555,1.4748649301165293,329.06119707777896,0.0025278659753672416,0,ITC,15m,2026-02-18 04:30:00
330.5,330.70001220703125,329.75,330.29998779296875,2320886,-0.0006051806566754747,0.013656534006752263,0.0023676501358784194,0.4,0.35,0,326.3898920463855,323.3656106179336,81.62148965371622,1.8709389698499308,1.5540797380632096,329.4059738854914,0.0023676501358784194,0,ITC,15m,2026-02-18 04:45:00
330.20001220703125,330.25,328.20001220703125,328.70001220703125,2004252,-0.00484400740256874,0.009831066688267942,0.0026481859476228955,0.4,0.4,0,326.6099034902565,323.5748028371139,68.4211141125794,1.8265357837349825,1.6085709471975644,329.3346775115435,0.0026481859476228955,0,ITC,15m,2026-02-18 05:00:00
328.70001220703125,329.3999938964844,327.45001220703125,328.3500061035156,1503070,-0.0010648192592557226,0.009531148665689937,0.002656440051219819,0.35,0.4,0,326.7756275486621,323.7620657103061,62.37112591198965,1.7430110252876148,1.6354589628155747,329.2126183056472,0.002656440051219819,0,ITC,15m,2026-02-18 05:15:00
328.3500061035156,329.8500061035156,327.8500061035156,329.8500061035156,745860,0.00456829594066499,0.014298873683694868,0.002803153316020552,0.4,0.4,0,327.0684255062672,324.0008084708241,70.89214792909581,1.7773661458740548,1.6638403994272708,329.21083644325364,0.002803153316020552,0,ITC,15m,2026-02-18 05:30:00
329.8500061035156,330.45001220703125,329.70001220703125,330.1499938964844,2125879,0.0009094672954912397,0.017568135228843706,0.002711532081507739,0.45,0.35,0,327.36190821009745,324.2419529973206,73.02323600800557,1.8079583161900814,1.692663982779833,329.34227330463636,0.002711532081507739,0,ITC,15m,2026-02-18 05:45:00
330.25,331.25,330.20001220703125,330.75,1463426,0.0018173742680842597,0.019574618443247926,0.0027079965246344898,0.5,0.3,0,327.6845836186596,324.49717052683746,74.3363094755832,1.8591867619751383,1.7259685386188943,329.47075050040365,0.0027079965246344898,0,ITC,15m,2026-02-18 06:00:00
330.6000061035156,330.6000061035156,329.6000061035156,329.95001220703125,1236033,-0.002418708368764122,0.01695176388679087,0.0028082120797755525,0.45,0.3,0,327.9003387223141,324.71100745547255,67.96549264142467,1.8143190051087004,1.7436386319168555,329.5126672944542,0.0028082120797755525,0,ITC,15m,2026-02-18 06:15:00
330.0,330.1499938964844,329.6499938964844,330.1000061035156,941384,0.00045459582038209767,0.016161304914142693,0.0028079408544583948,0.45,0.3,0,328.1098308538571,324.92234073578794,69.56521739130434,1.7704555291624047,1.7490020113659654,329.5363814367781,0.0028079408544583948,0,ITC,15m,2026-02-18 06:30:00
330.1000061035156,330.8999938964844,330.0,330.8999938964844,404900,0.0024234710032629003,0.015186321534202296,0.0027693616587183135,0.45,0.3,0,328.37556066744065,325.15675850679565,73.64017804927255,1.7797301166303328,1.7551476324188389,329.5597520574656,0.0027693616587183135,0,ITC,15m,2026-02-18 06:45:00
330.79998779296875,331.3500061035156,330.75,330.8999938964844,1392252,0.0,0.01690227444119019,0.0027161462710126676,0.5,0.3,0,328.61598287973055,325.3819834240383,74.89370764863398,1.7667147066222242,1.757461047259516,329.66092426231523,0.0027161462710126676,0,ITC,15m,2026-02-18 07:00:00
330.79998779296875,331.1000061035156,330.75,330.8500061035156,408977,-0.00015106616467452927,0.017373904318574995,0.0027050195943774434,0.5,0.25,0,328.8287469962815,325.5964156859786,68.25412716046193,1.7323963169303624,1.7524481011936854,329.6859757659094,0.0027050195943774434,0,ITC,15m,2026-02-18 07:15:00
330.8500061035156,331.70001220703125,330.79998779296875,331.6000061035156,666440,0.0022668882761494036,0.019523462270609082,0.0027170151306389052,0.55,0.25,0,329.0926764350657,325.8318506043134,69.23088961644642,1.7455953413378893,1.7510775492225261,329.73958105429057,0.0027170151306389052,1,ITC,15m,2026-02-18 07:30:00
331.6000061035156,331.8999938964844,331.0,331.25,1093438,-0.0010555069272416562,0.0167280921155053,0.0027479276106265028,0.55,0.25,0,329.2981358222023,326.0443270512031,61.04654670106422,1.7081229181135882,1.7424866230007385,329.8213213429193,0.0027479276106265028,1,ITC,15m,2026-02-18 07:45:00
331.20001220703125,331.5,331.1000061035156,331.20001220703125,416274,-0.00015090654481131338,0.017199035622054826,0.0027370240586058036,0.55,0.25,0,329.4792669064717,326.2465107828042,54.6667860252769,1.6553107635202196,1.7250514511046346,329.84817564802944,0.0027370240586058036,1,ITC,15m,2026-02-18 08:00:00
331.3999938964844,331.54998779296875,331.3500061035156,331.3500061035156,403099,0.00045288010554367375,0.01875482276253848,0.002701366188550129,0.6,0.2,1,329.6574325442854,326.4466478542046,57.04717781082177,1.607035104073816,1.701448181698471,329.87589676240174,0.002701366188550129,1,ITC,15m,2026-02-18 08:15:00
331.3500061035156,331.5,331.0,331.25,888183,-0.00030181409890894795,0.019074026887766493,0.00269281651681867,0.6,0.2,1,329.80910563530585,326.63501460502016,71.42864470066883,1.5429208087390407,1.6697427071065851,329.92740152637214,0.00269281651681867,0,ITC,15m,2026-02-18 08:30:00
331.1499938964844,331.79998779296875,331.1000061035156,331.70001220703125,522948,0.0013585274174527928,0.013133837479259114,0.002256763242976729,0.6,0.2,1,329.98919197547013,326.8336419619618,77.68619637317461,1.5110040775279003,1.637994981190848,329.96207772574786,0.002256763242976729,0,ITC,15m,2026-02-18 08:45:00
331.70001220703125,332.6000061035156,331.6499938964844,332.1000061035156,1534579,0.0012058905087850569,0.012963245145275692,0.0022542476535920833,0.6,0.2,1,330.19022189242685,327.0401660459443,72.72749691738593,1.5006870168679711,1.6105333883262727,330.090463807763,0.0022542476535920833,0,ITC,15m,2026-02-18 09:00:00
332.1000061035156,332.3999938964844,331.5,331.70001220703125,828624,-0.001204438088326043,0.0071352848336581065,0.0020884761802080656,0.55,0.25,0,330.3340114461987,327.222905111085,65.34684578521487,1.4435936583195144,1.5771454423249212,330.1458320842474,0.0020884761802080656,0,ITC,15m,2026-02-18 09:15:00
331.70001220703125,332.20001220703125,331.29998779296875,332.1000061035156,1514729,0.0012058905087850569,0.004841168240591998,0.001966947807620422,0.5,0.3,0,330.50220141356226,327.41416397353333,63.9177463299837,1.4143195297367583,1.5445802598072886,330.2386041031394,0.001966947807620422,0,ITC,15m,2026-02-18 09:30:00
332.04998779296875,332.75,331.8500061035156,332.45001220703125,2233885,0.0010539177870612093,0.006509308185049356,0.0019642623225207354,0.55,0.3,0,330.6877072034165,327.6116482179842,78.4093273592365,1.4031870722416784,1.5163016222941668,330.3941107164686,0.0019642623225207354,0,ITC,15m,2026-02-18 09:45:00
332.45001220703125,332.8999938964844,332.29998779296875,332.6000061035156,3206902,0.00045117729275623297,0.011864903412379446,0.0015422097198764962,0.6,0.25,0,330.86983090818785,327.8072700958482,78.4093273592365,1.3904396505933505,1.4911292279540036,330.60503966623133,0.0015422097198764962,0,ITC,15m,2026-02-18 10:00:00
332.3999938964844,332.45001220703125,330.29998779296875,330.3500061035156,1343918,-0.005568952545259576,0.0015158405055268886,0.0018138880594316216,0.6,0.3,0,330.93494258065914,328.07249416339073,45.29923001481543,1.1246935017830992,1.3924931731764394,331.03333536783856,0.0018138880594316216,0,ITC,15m,2026-02-19 04:00:00
330.29998779296875,330.70001220703125,329.29998779296875,330.20001220703125,1276803,-0.0004540453873561612,0.00015150177637912599,0.0018065740085124278,0.55,0.35,0,330.8649492117422,328.15592624353354,44.537849606860576,0.9369442438685951,1.3013833873148706,330.5623808853364,0.0018065740085124278,0,ITC,15m,2026-02-19 04:15:00
330.20001220703125,332.04998779296875,329.95001220703125,331.6000061035156,1287263,0.004239835992515317,0.0025699353091930277,0.002004550164482892,0.55,0.35,0,330.93495463000636,328.29098819882694,50.0,0.8908502444372175,1.21927675873934,330.77240889807706,0.002004550164482892,0,ITC,15m,2026-02-19 04:30:00
331.6000061035156,332.0,330.1499938964844,330.3500061035156,699546,-0.0037696018606518944,0.0012122863515258153,0.0021146931744508253,0.55,0.3,0,330.87924524653107,328.37173399901087,44.00001627610789,0.7448694728663554,1.1243953015647432,330.781658853039,0.0021146931744508253,0,ITC,15m,2026-02-19 04:45:00
330.3500061035156,330.3500061035156,329.75,330.04998779296875,705365,-0.0009081831542417929,-0.0001515247186368862,0.0021233390588509785,0.55,0.35,0,330.80026834619184,328.43754787328373,42.58048765120968,0.5980754478841845,1.0191313308286316,330.68452010251923,0.0021233390588509785,0,ITC,15m,2026-02-19 05:00:00
329.8999938964844,330.5,329.70001220703125,330.1000061035156,608358,0.00015154768185676737,-0.0024176119907062255,0.0020459175288290504,0.55,0.4,0,330.7335767040322,328.50274231368496,41.8300914327658,0.48024027419086224,0.9113531195010778,330.624466298467,0.0020459175288290504,0,ITC,15m,2026-02-19 05:15:00
330.0,330.5,329.75,330.45001220703125,330294,0.0010603032324871808,-0.001359872160027531,0.00206283194879044,0.5,0.4,0,330.7065705614607,328.57910583891424,44.93680176769628,0.41036716033335097,0.8111559276675324,330.60380140902186,0.00206283194879044,0,ITC,15m,2026-02-19 05:30:00
330.45001220703125,330.5,329.54998779296875,329.70001220703125,409894,-0.0022696322357226295,-0.0034758769087782637,0.002121004230306758,0.5,0.45,0,330.61070786103886,328.6230629513894,37.80489620317234,0.2911176590451987,0.7071482739430657,330.56152040584504,0.002121004230306758,0,ITC,15m,2026-02-19 05:45:00
329.54998779296875,329.70001220703125,329.1000061035156,329.3500061035156,482561,-0.0010615895982917234,-0.006785283349173499,0.00204892986551448,0.45,0.5,0,330.490641026989,328.6515705259826,33.1288848947802,0.16645026762392945,0.5990086726792384,330.48193711278236,0.00204892986551448,-1,ITC,15m,2026-02-19 06:00:00
329.3500061035156,329.8999938964844,329.20001220703125,329.45001220703125,230022,0.0003036468852659624,-0.005433925412735796,0.002046430573663786,0.45,0.5,0,330.39153352032633,328.6828819644551,35.66885666524122,0.07485721117683397,0.49417838037875755,330.45182708946083,0.002046430573663786,0,ITC,15m,2026-02-19 06:15:00
329.3999938964844,329.45001220703125,328.75,328.8500061035156,565726,-0.001821235639046126,-0.0070954287949924755,0.0020751787152545904,0.45,0.55,0,330.244721385392,328.6894358522614,29.81378703787948,-0.04562053886894546,0.386218596529217,330.3495689437474,0.0020751787152545904,-1,ITC,15m,2026-02-19 06:30:00
328.79998779296875,329.0,328.20001220703125,328.5,717922,-0.0010643335776781004,-0.008601195264880346,0.0020718618108832364,0.4,0.6,-1,330.07855744392606,328.68200699530996,25.465911503351222,-0.16741276110695935,0.27549232500198173,330.2017252916277,0.0020718618108832364,-1,ITC,15m,2026-02-19 06:45:00
328.45001220703125,328.95001220703125,328.3999938964844,328.75,338201,0.0007610350076103778,-0.007547169811320753,0.0020888779532463133,0.4,0.55,0,329.95202816355214,328.6846733876507,26.38048985063338,-0.2409831601697192,0.17219722796764156,330.14526781303925,0.0020888779532463133,0,ITC,15m,2026-02-19 07:00:00
328.70001220703125,328.75,327.6499938964844,327.95001220703125,708494,-0.002433422944391639,-0.011305396026513925,0.0020951747975640946,0.35,0.6,-1,329.76135997721684,328.6558631452735,25.146340766968393,-0.3596942294139467,0.06581893649132392,329.99716435619723,0.0020951747975640946,0,ITC,15m,2026-02-19 07:15:00
327.8999938964844,328.45001220703125,327.8500061035156,328.3500061035156,385585,0.0012196794681984535,-0.01129177937693604,0.002095790813421333,0.3,0.6,-1,329.62694532257865,328.64386875147903,35.9155656038581,-0.4166940528410805,-0.030683661375156976,329.92912339190735,0.002095790813421333,-1,ITC,15m,2026-02-19 07:30:00
328.25,329.1499938964844,328.25,328.70001220703125,609272,0.0010659543079323264,-0.009044316821211207,0.002120704255826406,0.35,0.55,0,329.5386659782408,328.64607045561837,39.726096117186714,-0.42868266917344044,-0.11028346293481368,329.8591305375034,0.002120704255826406,0,ITC,15m,2026-02-19 07:45:00
328.5,328.79998779296875,327.70001220703125,327.8500061035156,642243,-0.002585963102977429,-0.012797349960527504,0.0021341384668790066,0.35,0.55,0,329.37784122826696,328.614852245732,22.222473393433575,-0.5009969418604783,-0.1884261587199466,329.76045865342076,0.0021341384668790066,-1,ITC,15m,2026-02-19 08:00:00
327.79998779296875,328.25,327.6499938964844,327.79998779296875,449988,-0.0001525646167933603,-0.013987138647378772,0.0021004752453799434,0.3,0.6,-1,329.2275694725243,328.58289677699617,27.027190498446643,-0.5559341211106812,-0.26192775119809353,329.68945920381555,0.0021004752453799434,0,ITC,15m,2026-02-19 08:15:00
327.75,327.8999938964844,327.1499938964844,327.29998779296875,677779,-0.001525320374068384,-0.015935111886009268,0.002089835594481953,0.25,0.65,0,329.0439902649476,328.5325866207598,26.087210351452626,-0.6325266789720558,-0.336047536752886,329.56773048050485,0.002089835594481953,0,ITC,15m,2026-02-19 08:30:00
327.25,328.45001220703125,327.25,328.45001220703125,825501,0.0035136708125693694,-0.011288380078875337,0.0022978435319705977,0.25,0.6,-1,328.9874209260984,328.5293484084567,37.956366973621485,-0.593586972710682,-0.3875554239444452,329.4734915722872,0.0022978435319705977,0,ITC,15m,2026-02-19 08:45:00
328.3999938964844,328.54998779296875,327.5,327.75,594024,-0.0021312594946412133,-0.007870458772447853,0.0020149973141266805,0.3,0.55,0,328.86957131408906,328.49878572577217,31.250105962735034,-0.6121555615544594,-0.43247545146644806,329.407618633256,0.0020149973141266805,0,ITC,15m,2026-02-19 09:00:00
327.70001220703125,328.04998779296875,327.20001220703125,327.5,858208,-0.0007627765064835978,-0.008176899173881202,0.0020166708636571145,0.3,0.55,0,328.7391359508425,328.4596176580949,33.582177929199986,-0.6396704894341951,-0.4739144590599975,329.30145332898184,0.0020166708636571145,0,ITC,15m,2026-02-19 09:15:00
327.45001220703125,327.6000061035156,326.6000061035156,326.70001220703125,1247036,-0.0024427108182252244,-0.014776820887496434,0.0017406939101807053,0.25,0.6,0,328.5449336895271,328.39061352275905,31.468716521620365,-0.7177547669621731,-0.5226825206404326,329.1194130435185,0.0017406939101807053,-1,ITC,15m,2026-02-19 09:30:00
326.70001220703125,326.75,325.1000061035156,325.29998779296875,1494056,-0.004285351581729713,-0.015286872157539655,0.0017909906122283042,0.25,0.65,0,328.2358912231882,328.2694125137477,25.44385536599107,-0.8824352252131575,-0.5946330615549776,328.82870630010694,0.0017909906122283042,0,ITC,15m,2026-02-19 09:45:00
325.29998779296875,325.79998779296875,325.04998779296875,325.6000061035156,928855,0.0009222819606677923,-0.013482750656074738,0.0018298220907304685,0.25,0.65,0,327.98485454512416,328.16472990942486,30.061558739169186,-0.9774690497796996,-0.6712002591999221,328.6599824804522,0.0018298220907304685,0,ITC,15m,2026-02-19 10:00:00
327.0,327.29998779296875,326.0,326.5,654535,-0.001376394525858915,-0.011953433382101086,0.002096900689503428,0.25,0.6,0,327.7542697384513,328.05367847320963,37.96804010653298,-0.9235915635761103,-0.763581471711278,326.59999593098956,0.002096900689503428,0,ITC,15m,2026-02-20 04:00:00
326.5,326.8999938964844,326.20001220703125,326.8999938964844,406773,0.0012250961607485067,-0.008492624224680445,0.0020959678406311296,0.25,0.55,0,327.67291013445447,328.00843594078907,44.13404392434456,-0.8737132593681736,-0.7856078292426572,326.6255491682813,0.0020959678406311296,0,ITC,15m,2026-02-20 04:15:00
326.8999938964844,327.0,326.29998779296875,326.3500061035156,311791,-0.0016824343935072372,-0.009108850597856377,0.0021104511214536555,0.3,0.5,0,327.54691927436505,327.9433994765823,39.011106937811874,-0.8685516397342212,-0.80219659134097,326.60839367907914,0.0021104511214536555,0,ITC,15m,2026-02-20 04:30:00
326.3999938964844,326.79998779296875,325.45001220703125,326.75,668370,0.0012256592278336864,-0.008195514059761266,0.0021377953567709605,0.25,0.55,0,327.47102220061595,327.89659949710847,39.34429510055698,-0.8227012663443247,-0.806297526341641,326.5183398583813,0.0021377953567709605,0,ITC,15m,2026-02-20 04:45:00
326.75,327.1499938964844,326.20001220703125,326.75,264186,0.0,-0.006385908665163864,0.002113129366010153,0.3,0.5,0,327.4023534196049,327.85163481094736,43.37352055504694,-0.7774030961232938,-0.8005186402979716,326.5391550296283,0.002113129366010153,0,ITC,15m,2026-02-20 05:00:00
326.75,327.3500061035156,326.3500061035156,327.04998779296875,331206,0.0009180957703711634,-0.004414040204052561,0.0021227588805254284,0.35,0.45,0,327.3687947884967,327.82019767298743,45.614060135347366,-0.7091231320252973,-0.7822395386434368,326.58657281890765,0.0021227588805254284,0,ITC,15m,2026-02-20 05:15:00
327.04998779296875,327.3500061035156,326.6000061035156,327.1499938964844,199962,0.00030578231844780035,-0.004866938717918212,0.002114119720838441,0.35,0.45,0,327.3479566083051,327.79391517194813,49.07979824834027,-0.6395685634968231,-0.7537053436141141,326.61806422066564,0.002114119720838441,0,ITC,15m,2026-02-20 05:30:00
327.1499938964844,327.54998779296875,326.79998779296875,327.5,266450,0.0010698643131454855,-0.001372197561459898,0.0020675953675747816,0.4,0.4,0,327.36243693132366,327.7823890867737,43.53736412479344,-0.5498649979761012,-0.7129372744865116,326.67518416683043,0.0020675953675747816,0,ITC,15m,2026-02-20 05:45:00
327.3999938964844,327.54998779296875,327.1499938964844,327.3999938964844,216891,-0.00030536214813936535,-0.00289329127264204,0.002045665418118636,0.4,0.4,0,327.3660137851485,327.76739319695844,47.40737391776115,-0.4812958537833083,-0.666608990345871,326.72035499749074,0.002045665418118636,0,ITC,15m,2026-02-20 06:00:00
327.45001220703125,327.8500061035156,327.25,327.45001220703125,262782,0.0001527743172857754,-0.0038028596093044875,0.0020273736750803656,0.4,0.4,0,327.3740136348516,327.75494688362795,49.61841663871184,-0.41809867212106155,-0.6169069267009091,326.77875888550454,0.0020273736750803656,0,ITC,15m,2026-02-20 06:15:00
327.54998779296875,327.54998779296875,326.6499938964844,326.79998779296875,314341,-0.001985110367476506,-0.003202739945093458,0.0019941573452358858,0.4,0.4,0,327.31934450705324,327.7174975075237,50.7810488370097,-0.4156743528850484,-0.576660411937737,326.7966025689514,0.0019941573452358858,0,ITC,15m,2026-02-20 06:30:00
326.79998779296875,327.45001220703125,326.6499938964844,327.3500061035156,241214,0.0016830426287999245,-0.0013727324777611516,0.002036242030889345,0.4,0.35,0,327.3222646590973,327.7030860799156,68.46836939488082,-0.36516182326465696,-0.5343606942031209,326.81720070084396,0.002036242030889345,0,ITC,15m,2026-02-20 06:45:00
327.45001220703125,327.5,327.1499938964844,327.25,148739,-0.00030550206705659555,-0.00015272775689922913,0.0020083304839442445,0.45,0.3,0,327.3153823106119,327.68531799835023,65.42031019160235,-0.32940278611300755,-0.49336911258509825,326.8339505870987,0.0020083304839442445,0,ITC,15m,2026-02-20 07:00:00
327.3999938964844,327.3999938964844,326.70001220703125,326.75,180557,-0.0015278838808250317,-0.005175862821888644,0.001853793133926828,0.4,0.35,0,327.2615363762679,327.64863886116,47.77767228634594,-0.3375186084458619,-0.46219901175725103,326.83864057216056,0.001853793133926828,0,ITC,15m,2026-02-20 07:15:00
326.8500061035156,327.0,326.70001220703125,326.79998779296875,232544,0.00015298482928471913,-0.0028985879695843098,0.0018019350845104522,0.35,0.35,0,327.2175793683346,327.61535842711334,53.658355042798654,-0.3360431625901015,-0.43696784192382115,326.838378002584,0.0018019350845104522,0,ITC,15m,2026-02-20 07:30:00
326.79998779296875,326.8999938964844,326.20001220703125,326.25,605417,-0.001682949245754517,-0.003816793893129722,0.001830104052592867,0.35,0.35,0,327.12542895230274,327.5618149593834,42.353067892148054,-0.37493130487627013,-0.42456053451431097,326.7940621077644,0.001830104052592867,0,ITC,15m,2026-02-20 07:45:00
326.20001220703125,326.5,326.20001220703125,326.3999938964844,251997,0.0004597514068487296,-0.0009183296582087053,0.0017555962194123523,0.35,0.3,0,327.05633989936763,327.5162533490737,50.64918594143852,-0.389161176123082,-0.4174806628360652,326.77468344564613,0.0017555962194123523,0,ITC,15m,2026-02-20 08:00:00
326.29998779296875,326.5,326.04998779296875,326.20001220703125,397338,-0.0006126890110069727,0.002766752068356304,0.0014550028735072762,0.35,0.3,0,326.97478488104986,327.4646360493857,42.46597103775794,-0.4118280057329571,-0.41635013141544364,326.73967531547487,0.0014550028735072762,0,ITC,15m,2026-02-20 08:15:00
326.20001220703125,326.79998779296875,326.20001220703125,326.5,219404,0.0009196437208540686,0.0027641089668721808,0.0014549282558951888,0.4,0.25,0,326.9295672733308,327.42680718470393,46.83545281765224,-0.40096307102254514,-0.41327271933686394,326.73115871518877,0.0014549282558951888,0,ITC,15m,2026-02-20 08:30:00
326.45001220703125,326.8500061035156,326.20001220703125,326.70001220703125,364282,0.0006125948147970295,-0.0007646428832114305,0.001118315196988617,0.4,0.25,0,326.90770488606415,327.3983054208736,45.454905753103255,-0.3719258883264729,-0.40500335313478575,326.7229237801826,0.001118315196988617,0,ITC,15m,2026-02-20 08:45:00
326.8500061035156,326.8999938964844,326.6499938964844,326.70001220703125,221484,0.0,0.0006125948147970295,0.0010730284543247308,0.45,0.25,0,326.8879246309181,327.3709213732719,44.00029296636583,-0.3449374872018325,-0.3929901799481951,326.7238108683728,0.0010730284543247308,0,ITC,15m,2026-02-20 09:00:00
326.70001220703125,327.20001220703125,326.70001220703125,327.04998779296875,294681,0.0010712444838101298,0.00045883725691320265,0.0010645365265183426,0.5,0.25,0,326.9033592177801,327.35833574267184,43.999837239583336,-0.29194353659130456,-0.372780851276817,326.73465114415063,0.0010645365265183426,0,ITC,15m,2026-02-20 09:15:00
327.20001220703125,327.5,327.0,327.29998779296875,569479,0.0007644091402878583,0.0029109289771296343,0.0009966001426763545,0.5,0.25,0,326.9411333677981,327.3560475877815,48.7178684612074,-0.22715404780416293,-0.34365549058228617,326.77438783642634,0.0009966001426763545,0,ITC,15m,2026-02-20 09:30:00
327.29998779296875,327.3999938964844,326.70001220703125,326.79998779296875,1519159,-0.0015276505305471533,0.00015298482928471913,0.0010292160141872066,0.5,0.25,0,326.92769093210006,327.3342413213183,42.52841307703101,-0.21369044208432797,-0.31766248088269455,326.80633363455365,0.0010292160141872066,0,ITC,15m,2026-02-20 09:45:00
326.70001220703125,327.20001220703125,326.3999938964844,327.20001220703125,1506133,0.0012240649602346387,0.0013772370528883915,0.0010644961133988915,0.45,0.3,0,326.95362629161735,327.32897743448353,54.878375561973385,-0.16879603486199812,-0.2878891916785553,326.82429539503534,0.0010644961133988915,0,ITC,15m,2026-02-20 10:00:00
326.79998779296875,327.6499938964844,326.79998779296875,327.5,440093,0.001682177006986807,0.0010698643131454855,0.0011249497677075786,0.45,0.3,0,327.0053504651725,327.3214056195633,52.9412187100573,-0.09260004170954517,-0.22703177459953153,327.31666056315106,0.0011249497677075786,0,ITC,15m,2026-02-23 04:00:00
327.3999938964844,327.95001220703125,327.3999938964844,327.45001220703125,501762,-0.0001526344823473691,-0.0001526344823473691,0.0010997819035683646,0.45,0.3,0,327.0476992024924,327.3264490151503,59.210864467217064,-0.04927463458011516,-0.19148034659564825,327.4676095149796,0.0010997819035683646,0,ITC,15m,2026-02-23 04:15:00
327.5,327.5,326.6000061035156,326.75,527602,-0.0021377681506655755,-0.001985320429449655,0.001197891580527417,0.45,0.35,0,327.0193468974931,327.3038431714189,49.43833324189389,-0.070610122608457,-0.16730630179821002,327.28176485132946,0.001197891580527417,0,ITC,15m,2026-02-23 04:30:00
326.75,326.75,325.6000061035156,325.75,574529,-0.003060443764345777,-0.005191669395805065,0.001366064853292208,0.4,0.4,0,326.8984567167795,327.24290814508873,44.897921052303786,-0.166293366817456,-0.1671037148020592,326.93085298465303,0.001366064853292208,0,ITC,15m,2026-02-23 04:45:00
325.75,326.0,325.3999938964844,325.70001220703125,451001,-0.00015345446805448137,-0.003365898491508923,0.001304278516407885,0.4,0.4,0,326.7843191444225,327.1824024220277,42.70845916648123,-0.2433514206446148,-0.18235325597057034,326.7083608396568,0.001304278516407885,0,ITC,15m,2026-02-23 05:00:00
325.75,325.8999938964844,325.25,325.5,484098,-0.0006140994766193897,-0.005651461949050973,0.0012318499154910585,0.4,0.45,0,326.6620030354299,327.11642585645797,42.70818763272001,-0.31690669391167603,-0.2092639435587915,326.5201281606107,0.0012318499154910585,0,ITC,15m,2026-02-23 05:15:00
325.5,326.29998779296875,325.3999938964844,326.25,343124,0.0023041474654377225,-0.0030557677616500634,0.0013607645531267837,0.4,0.45,0,326.62276465110324,327.082448371891,47.61904761904762,-0.31109493713910297,-0.2296301422748538,326.4646863498825,0.0013607645531267837,0,ITC,15m,2026-02-23 05:30:00
326.25,326.45001220703125,325.95001220703125,326.25,152757,0.0,-0.0015302218821728886,0.0013217940094314038,0.45,0.4,0,326.58726325576004,327.04980333769925,45.54442282357776,-0.3029963249994694,-0.24430337881977693,326.4537839411656,0.0013217940094314038,0,ITC,15m,2026-02-23 05:45:00
326.20001220703125,326.25,325.0,325.1499938964844,1850255,-0.0033716662176723755,-0.0050489411203089585,0.0015111050276666567,0.45,0.45,0,326.45038045963855,326.97530100667126,37.398212610967484,-0.38094808357504917,-0.2716323197708314,326.110808046441,0.0015111050276666567,0,ITC,15m,2026-02-23 06:00:00
325.1499938964844,325.3999938964844,324.54998779296875,324.54998779296875,504779,-0.0018453209742536059,-0.005210765385536442,0.0015196100173735132,0.45,0.45,0,326.2693906818605,326.88019068456526,30.468824505521752,-0.48554384475005463,-0.3144146247666761,326.00019954848466,0.0015196100173735132,0,ITC,15m,2026-02-23 06:15:00
324.54998779296875,324.8999938964844,324.3999938964844,324.8500061035156,264508,0.000924413254756562,-0.004748737199610109,0.0015346721932580814,0.45,0.5,0,326.1342111982086,326.80057560295546,31.00801968252466,-0.5380257428948312,-0.35913684839230714,325.9444927951837,0.0015346721932580814,0,ITC,15m,2026-02-23 06:30:00
324.79998779296875,324.95001220703125,324.45001220703125,324.70001220703125,145345,-0.00046173278025607445,-0.004598405713878373,0.0015330968891652664,0.5,0.45,0,325.9976208180965,326.71820056782116,32.78718869755761,-0.5849780167404788,-0.4043050820619415,325.91550508808785,0.0015330968891652664,0,ITC,15m,2026-02-23 06:45:00
324.79998779296875,324.8500061035156,324.3999938964844,324.75,156355,0.00015395069630264047,-0.0053598774885145195,0.0015123147156100895,0.45,0.5,0,325.8787997878016,326.6410162318282,28.69554602581522,-0.6111099399240629,-0.4456660536343658,325.8849772923405,0.0015123147156100895,0,ITC,15m,2026-02-23 07:00:00
324.70001220703125,325.29998779296875,324.6000061035156,325.1499938964844,163308,0.001231697910652363,-0.004744469705022958,0.0015374071883650752,0.45,0.5,0,325.80938970291425,326.5825447676971,34.745591757141895,-0.5927111080558234,-0.47507506451865733,325.8633594266078,0.0015374071883650752,0,ITC,15m,2026-02-23 07:15:00
325.1499938964844,325.1499938964844,324.45001220703125,324.5,176937,-0.0019990586150566703,-0.006734043847041793,0.0015854456552467163,0.4,0.55,0,325.6846859216843,326.50087634543445,25.0,-0.6233928912625402,-0.5047386298674339,325.83280314322155,0.0015854456552467163,0,ITC,15m,2026-02-23 07:30:00
324.6000061035156,324.8500061035156,324.5,324.8500061035156,153424,0.0010786012434995662,-0.0067267444475361815,0.0015857902926415207,0.35,0.55,0,325.60519260566826,326.4361363359474,29.365090898522084,-0.6124064180954747,-0.5262721875130421,325.8083202051621,0.0015857902926415207,0,ITC,15m,2026-02-23 07:45:00
324.75,325.04998779296875,324.6000061035156,325.04998779296875,269637,0.0006156123924756507,-0.006874427387462134,0.0015806957025057086,0.35,0.55,0,325.5523159568398,326.3817775695561,35.3446915087291,-0.5808668366196343,-0.5371911173343605,325.7741114053898,0.0015806957025057086,0,ITC,15m,2026-02-23 08:00:00
325.04998779296875,325.45001220703125,324.95001220703125,325.29998779296875,269001,0.0007691124731228349,-0.004589963451743673,0.001573565470086041,0.4,0.5,0,325.5282847031378,326.33935444106254,45.54442282357776,-0.5295937532796415,-0.5356716445234168,325.75452892523145,0.001573565470086041,0,ITC,15m,2026-02-23 08:15:00
325.25,325.3999938964844,324.79998779296875,325.0,412706,-0.0009221881470209414,-0.006723753438124036,0.0015421381112358224,0.4,0.5,0,325.47797187426755,326.28683073749147,43.3960960442218,-0.5073179278423368,-0.5300009011872008,325.7183244361294,0.0015421381112358224,0,ITC,15m,2026-02-23 08:30:00
324.8999938964844,325.20001220703125,324.70001220703125,325.1000061035156,370731,0.0003077110877403033,-0.005658376003803811,0.0015451042405123542,0.35,0.55,0,325.44197513419596,326.2402885949826,46.15389129835145,-0.47610626230084563,-0.5192219734099298,325.6858959264085,0.0015451042405123542,0,ITC,15m,2026-02-23 08:45:00
325.1000061035156,325.5,324.75,325.3999938964844,457163,0.0009227554209065847,-0.0064122323771469425,0.001503038542466202,0.4,0.55,0,325.4379769210806,326.20733586170815,41.052509845997676,-0.42229631564487136,-0.4998368418569182,325.66115116455313,0.001503038542466202,0,ITC,15m,2026-02-23 09:00:00
325.3999938964844,325.6499938964844,325.0,325.29998779296875,754100,-0.00030733283771189335,-0.006565962235185796,0.001502527075808325,0.4,0.55,0,325.4248350993557,326.1717535845027,40.206010420075,-0.38330272677154653,-0.4765300188398439,325.63358304024337,0.001502527075808325,0,ITC,15m,2026-02-23 09:15:00
325.29998779296875,325.75,325.0,325.5,1100016,0.0006148546404451949,-0.0038255547054323324,0.0014533160982360693,0.45,0.5,0,325.4319936613218,326.1454103066791,54.43047754436658,-0.332428682201396,-0.44770975151215436,325.6109083045471,0.0014533160982360693,0,ITC,15m,2026-02-23 09:30:00
325.54998779296875,325.70001220703125,325.1000061035156,325.45001220703125,1486901,-0.0001535723286290036,-0.0009209141764198181,0.0012870493956601472,0.45,0.45,0,325.43370971329415,326.11813979296744,63.23579570954133,-0.2927693694308573,-0.416721675095895,325.5868616945626,0.0012870493956601472,0,ITC,15m,2026-02-23 09:45:00
325.3999938964844,325.70001220703125,325.0,325.3999938964844,1006909,-0.00015368968711260145,-0.000921149214929029,0.0012870504372644884,0.45,0.45,0,325.4304986831218,326.08997720879165,58.73006646127613,-0.2623509198743932,-0.3858475240515946,325.56982907503084,0.0012870504372644884,0,ITC,15m,2026-02-23 10:00:00
324.0,324.04998779296875,322.1499938964844,322.29998779296875,512433,-0.005860654973847357,-0.012107317109674276,0.0018694311777324537,0.4,0.5,0,325.026326475689,325.87014041886994,29.7519243767844,-0.5330319652241542,-0.4065494615993677,322.8333231608073,0.0018694311777324537,0,ITC,15m,2026-02-24 04:00:00
322.20001220703125,323.0,322.20001220703125,322.95001220703125,373080,0.0020168304023642225,-0.010114905112547867,0.0019562880197035487,0.35,0.5,0,324.8285822596264,325.75562558703314,32.539878608208724,-0.633191812405471,-0.45187793176058844,322.78417744673965,0.0019562880197035487,0,ITC,15m,2026-02-24 04:15:00
322.95001220703125,323.3999938964844,322.8999938964844,323.3999938964844,216807,0.0013933478013452572,-0.005382131425034409,0.0018775393470430084,0.4,0.45,0,324.69252622504143,325.6632478736783,40.98356555019136,-0.6685527908116455,-0.49521290357079983,322.87251732719164,0.0018775393470430084,0,ITC,15m,2026-02-24 04:30:00
323.45001220703125,324.25,323.3500061035156,323.6499938964844,329633,0.0007730365019116281,-0.002773051703389595,0.0018529006249241025,0.45,0.4,0,324.5932374318455,325.5842967373178,39.999898274739586,-0.6686954059069308,-0.5299094040380261,323.0745122571131,0.0018529006249241025,0,ITC,15m,2026-02-24 04:45:00
323.6000061035156,324.25,323.54998779296875,323.8999938964844,214752,0.0007724393780770278,-0.0029244641809503813,0.0018486245214713506,0.45,0.35,0,324.5272142380016,325.51824564552044,40.495946975237956,-0.6412436609712131,-0.5521762554246635,323.1821659249032,0.0018486245214713506,0,ITC,15m,2026-02-24 05:00:00
323.8999938964844,324.20001220703125,323.3500061035156,323.3500061035156,197366,-0.0016980172995758602,-0.004157702657106355,0.0018801799802218445,0.4,0.4,0,324.41509917757435,325.4332166438732,34.64582822705057,-0.6563019336263096,-0.5730013910649928,323.2304540401118,0.0018801799802218445,0,ITC,15m,2026-02-24 05:15:00
323.29998779296875,323.95001220703125,323.04998779296875,323.8999938964844,122305,0.0017009054664829382,-0.0026174167929657877,0.0019270297302516589,0.4,0.4,0,324.36604153175625,325.3730902616227,41.666628134406686,-0.6167468311832636,-0.581750479088647,323.2555122706472,0.0019270297302516589,0,ITC,15m,2026-02-24 05:30:00
323.8999938964844,324.25,322.8999938964844,323.0,781218,-0.0027786165898231463,-0.006612314122228957,0.0019857138708008278,0.4,0.45,0,324.23594233825565,325.2800278984218,35.81075786756185,-0.650522297294458,-0.5955048427298092,323.29185480362605,0.0019857138708008278,0,ITC,15m,2026-02-24 05:45:00
323.0,323.6499938964844,322.8999938964844,323.3999938964844,615021,0.0012383711965460176,-0.003389849317459559,0.001974398019150246,0.4,0.4,0,324.1563282009441,325.20630107481645,36.666666666666664,-0.6376628525360957,-0.6039364446910666,323.29639176757485,0.001974398019150246,0,ITC,15m,2026-02-24 06:00:00
323.3999938964844,323.5,322.70001220703125,322.95001220703125,214486,-0.001391409084556594,-0.005848834418303639,0.0019695686647963674,0.4,0.45,0,324.04144096342856,325.1178191584327,35.03195608565164,-0.6562169510716558,-0.6143925459671844,323.28161839685697,0.0019695686647963674,0,ITC,15m,2026-02-24 06:15:00
322.95001220703125,323.0,322.5,322.70001220703125,198877,-0.0007741136106219626,-0.0072295821387147186,0.0019603780203684613,0.35,0.5,0,323.9136858437717,325.02300319955424,32.27847612278167,-0.6832184020489649,-0.6281577171835405,323.25274098301986,0.0019603780203684613,0,ITC,15m,2026-02-24 06:30:00
322.70001220703125,323.0,322.6499938964844,322.6499938964844,276549,-0.00015499940704921666,-0.008146308010841152,0.00194315709845608,0.3,0.5,0,323.79333422974435,324.92994401119853,32.27835143143004,-0.7005774849715749,-0.6426416707411474,323.2195704473531,0.00194315709845608,0,ITC,15m,2026-02-24 06:45:00
322.70001220703125,322.8500061035156,322.3500061035156,322.75,282453,0.00030995228702135336,-0.006923076923076921,0.0019454978676177702,0.3,0.5,0,323.6939690650068,324.84445601075936,33.33333333333333,-0.6982164221949461,-0.6537566210319071,323.1824593805749,0.0019454978676177702,0,ITC,15m,2026-02-24 07:00:00
322.79998779296875,323.0,322.5,322.79998779296875,233025,0.0001548808457592088,-0.007074802421918491,0.0019430958318857794,0.35,0.45,0,323.60882799147936,324.7642807865323,39.705684357917974,-0.6844220741736535,-0.6598897116602565,323.1612485795054,0.0019430958318857794,0,ITC,15m,2026-02-24 07:15:00
322.75,323.3999938964844,322.70001220703125,323.3500061035156,464009,0.0017038981764139205,-0.006299901141426867,0.001977635353415034,0.35,0.45,0,323.5841782878638,324.70881903425715,59.63322787468152,-0.6219387502480913,-0.6522995193778234,323.16021170757494,0.001977635353415034,0,ITC,15m,2026-02-24 07:30:00
323.3999938964844,323.75,323.25,323.70001220703125,281241,0.0010824372874871369,-0.0049184618689742665,0.002002149272045571,0.35,0.45,0,323.59521008968926,324.6692579822091,57.281605176766185,-0.5379762431855397,-0.6294348641393668,323.18172638050567,0.002002149272045571,0,ITC,15m,2026-02-24 07:45:00
323.70001220703125,323.70001220703125,322.8500061035156,322.8999938964844,1138686,-0.0024714806313791415,-0.007987729964717749,0.002050770666241902,0.3,0.5,0,323.52899902366977,324.5998750768866,45.45454545454546,-0.529881993272113,-0.6095242899659161,323.17612779366374,0.002050770666241902,0,ITC,15m,2026-02-24 08:00:00
322.95001220703125,323.70001220703125,322.54998779296875,323.70001220703125,489666,0.0024776039816318818,-0.005377169870519949,0.0021493637390008554,0.3,0.55,0,323.5452859935137,324.56458633689226,50.41337321624035,-0.4536826787575592,-0.5783559677242448,323.18604179488045,0.0021493637390008554,0,ITC,15m,2026-02-24 08:15:00
323.70001220703125,325.0,323.5,324.3500061035156,697731,0.0020080131973201354,-0.0032267603339377615,0.002208908210827885,0.35,0.5,0,323.6219260039901,324.5561714257795,53.488460119041996,-0.33696082317902665,-0.5300769388152011,323.2862619634283,0.002208908210827885,0,ITC,15m,2026-02-24 08:30:00
324.29998779296875,324.5,323.75,324.20001220703125,756952,-0.00046244456192956473,0.0,0.00204975078344937,0.35,0.45,0,323.6769818328512,324.5422043975933,57.024822569824515,-0.25363739162554566,-0.4747890293772701,323.36413103587626,0.00204975078344937,0,ITC,15m,2026-02-24 08:45:00
324.1499938964844,324.3999938964844,323.8999938964844,324.04998779296875,489928,-0.00046275264779049863,0.005429724065407315,0.0015255111656768885,0.35,0.4,0,323.71250621000524,324.52290178564726,51.32736670969693,-0.1974328057282264,-0.4193177846474614,323.40562048498475,0.0015255111656768885,0,ITC,15m,2026-02-24 09:00:00
324.1499938964844,324.3999938964844,323.75,324.1000061035156,577804,0.00015435368748972778,0.003560903709603158,0.0014691937319411346,0.35,0.45,0,323.7494109617681,324.50631764124995,61.458207503385495,-0.14715786259432662,-0.3648858002368344,323.44699667732954,0.0014691937319411346,0,ITC,15m,2026-02-24 09:15:00
324.25,324.6499938964844,323.5,323.5,827222,-0.0018512992663257677,0.00030923347372624477,0.0015066811106918784,0.35,0.5,0,323.7256575368378,324.4668542043382,51.00004272382708,-0.15395538420762023,-0.3226997170309916,323.48206975481804,0.0015066811106918784,0,ITC,15m,2026-02-24 09:30:00
323.3500061035156,323.6499938964844,322.95001220703125,323.54998779296875,1518692,0.00015452177115538035,-0.0003089946096139773,0.0014966505210935095,0.3,0.55,0,323.7089270850407,324.43089865879426,56.52133531472242,-0.15353897025795504,-0.28886756767638433,323.4693725392528,0.0014966505210935095,0,ITC,15m,2026-02-24 09:45:00
323.6499938964844,324.20001220703125,323.3999938964844,323.5,867535,-0.00015449789786647905,-0.0012349302377949734,0.001485311699974325,0.35,0.55,0,323.68902926741777,324.39439282903766,59.09059383279466,-0.1554506183661033,-0.2621841778143281,323.4851548004911,0.001485311699974325,0,ITC,15m,2026-02-24 10:00:00
325.79998779296875,326.54998779296875,323.8500061035156,324.25,765981,-0.004757482661275292,0.001080599290247175,0.0023988088760288286,0.45,0.5,0,323.92435170446856,324.44169011389096,59.25921739720144,0.04829232017203822,-0.15361173323099028,324.8833312988281,0.0023988088760288286,0,ITC,15m,2026-02-25 04:00:00
324.29998779296875,324.3999938964844,322.79998779296875,323.25,764371,-0.0030840400925211675,0.0007739938080495445,0.0024186988656511076,0.4,0.5,0,323.8601277326144,324.3949571682482,52.48624187326337,-0.016365016805877985,-0.12616238994596782,324.18406569834303,0.0024186988656511076,0,ITC,15m,2026-02-25 04:15:00
323.20001220703125,323.25,322.79998779296875,323.0,439699,-0.0007733952049496784,-0.0012368395300972335,0.0024081114534475687,0.4,0.5,0,323.77821080569873,324.34025296557184,47.999972098311595,-0.086778998577131,-0.11828571167220045,323.9235110345455,0.0024081114534475687,0,ITC,15m,2026-02-25 04:30:00
322.95001220703125,323.3999938964844,322.6000061035156,323.0,404691,0.0,0.00015478492360831986,0.002387607657001671,0.45,0.5,0,323.70409549087026,324.2876940257455,45.833272782759074,-0.14095771365629162,-0.12282011206901869,323.76613115745516,0.002387607657001671,0,ITC,15m,2026-02-25 04:45:00
322.95001220703125,323.3999938964844,322.8500061035156,323.20001220703125,175627,0.000619232839106143,0.0015494266535052148,0.0023838355002995895,0.45,0.45,0,323.65608755907607,324.2450398367763,51.923189783677834,-0.16584367945478107,-0.1314248255461712,323.72370257078313,0.0023838355002995895,0,ITC,15m,2026-02-25 05:00:00
323.1499938964844,323.54998779296875,322.8500061035156,322.8999938964844,222251,-0.0009282744406416965,0.0007748334254740197,0.00239409830608023,0.5,0.45,0,323.5840786388292,324.192292937157,44.520436274858184,-0.2073843591472837,-0.1466167322663937,323.6737067457509,0.00239409830608023,0,ITC,15m,2026-02-25 05:15:00
322.8999938964844,322.8999938964844,321.3999938964844,321.45001220703125,777835,-0.004490497729516707,-0.004027847538245588,0.002597738212326847,0.5,0.45,0,323.3808342167532,324.08475251636776,32.09881659702887,-0.35323517619445965,-0.18794042105200692,323.28877375267973,0.002597738212326847,-1,ITC,15m,2026-02-25 05:30:00
321.45001220703125,321.79998779296875,321.3500061035156,321.6000061035156,314500,0.000466616552460275,-0.00371741553541427,0.0026009039231113832,0.45,0.5,0,323.21123153930205,323.98731148056964,33.950591701485564,-0.4515149621819887,-0.2406553292780033,323.1499982658023,0.0026009039231113832,0,ITC,15m,2026-02-25 05:45:00
321.70001220703125,321.8500061035156,321.20001220703125,321.25,433074,-0.0010883274156499034,-0.006494529345527078,0.0025690341119740554,0.45,0.55,0,323.024447583178,323.879965932312,33.13257884944885,-0.5512900396642522,-0.3027822713552531,322.97702588574384,0.0025690341119740554,-1,ITC,15m,2026-02-25 06:00:00
321.20001220703125,321.6499938964844,320.79998779296875,321.25,326608,0.0,-0.0075687739099135065,0.0025492015785441783,0.4,0.6,-1,322.85545257525627,323.77683001339784,32.727171842343765,-0.6231788890915482,-0.36686159490251213,322.85387980301033,0.0025492015785441783,-1,ITC,15m,2026-02-25 06:15:00
321.3999938964844,321.45001220703125,320.29998779296875,321.1499938964844,316036,-0.0003113030459630517,-0.005419634664226791,0.0025010849751582634,0.4,0.6,0,322.69302793918274,323.6738168323424,34.83861059810751,-0.6803780028652682,-0.42956487649506336,322.7331618494573,0.0025010849751582634,-1,ITC,15m,2026-02-25 06:30:00
321.1499938964844,321.1499938964844,320.25,320.5,227654,-0.002023957368325169,-0.009885733970824151,0.0024428037392830596,0.4,0.6,-1,322.48416813545106,323.54935342715254,31.73654664269111,-0.7692898928306704,-0.4975098797621848,322.64066870338263,0.0024428037392830596,-1,ITC,15m,2026-02-25 06:45:00
320.5,320.54998779296875,319.54998779296875,319.6000061035156,386466,-0.0028080932807624803,-0.014644673687732368,0.0024204798532017637,0.35,0.65,-1,322.20948603717153,323.39447706151975,28.804338812134077,-0.9019777540008818,-0.5784034546099243,322.44999055751424,0.0024204798532017637,-1,ITC,15m,2026-02-25 07:00:00
319.6000061035156,319.6499938964844,318.8500061035156,318.95001220703125,424096,-0.0020337731041026874,-0.016193706978170574,0.0024366291363025695,0.35,0.7,-1,321.89905995811057,323.2201843221281,4.635849926030119,-1.0475078961871418,-0.6722243429253678,322.21591511810925,0.0024366291363025695,-1,ITC,15m,2026-02-25 07:15:00
318.95001220703125,319.3500061035156,318.70001220703125,319.04998779296875,371619,0.00031345220915879324,-0.015429718217408017,0.002448656128586734,0.35,0.75,-1,321.6277197519066,323.05664720333755,7.376778531548297,-1.1416145660167558,-0.7661023875436455,322.02967692988625,0.002448656128586734,-1,ITC,15m,2026-02-25 07:30:00
318.8999938964844,319.0,318.54998779296875,318.70001220703125,393870,-0.0010969302596074426,-0.016661505074947902,0.0024396472314992834,0.35,0.75,-1,321.3488904619185,322.8857987721098,8.256618734041126,-1.2302532906473402,-0.8589325681643845,321.8381446118023,0.0024396472314992834,-1,ITC,15m,2026-02-25 07:45:00
318.70001220703125,319.04998779296875,318.20001220703125,319.0,428043,0.0009412857906445637,-0.01391035548686248,0.0024583777638557285,0.35,0.75,-1,321.1251866084024,322.73341450653686,13.635960093662263,-1.2617489542020053,-0.9394958453719087,321.6538471919953,0.0024583777638557285,-1,ITC,15m,2026-02-25 08:00:00
319.0,319.8500061035156,319.0,319.8500061035156,414151,0.0026645959357856075,-0.011435579752890113,0.00256587385773465,0.4,0.7,-1,321.0037408460322,322.6203396672027,25.19668388802114,-1.2042393837242003,-0.9924445530423671,321.53990821974793,0.00256587385773465,-1,ITC,15m,2026-02-25 08:15:00
319.70001220703125,319.8999938964844,319.54998779296875,319.6000061035156,330938,-0.000781616367764193,-0.012055622554820289,0.0025643374220594736,0.4,0.7,-1,320.8700518229354,322.5018952137248,21.874657269697167,-1.1654015221394047,-1.0270359468617747,321.4623064830465,0.0025643374220594736,-1,ITC,15m,2026-02-25 08:30:00
319.54998779296875,320.0,319.54998779296875,320.0,377698,0.0012515453343102667,-0.01780229591860627,0.0018803242007496407,0.4,0.7,-1,320.78718974456064,322.4037816759317,27.692040434013023,-1.089783724059771,-1.039585502301374,321.38889464444156,0.0018803242007496407,-1,ITC,15m,2026-02-25 08:45:00
320.1000061035156,321.25,319.8500061035156,321.20001220703125,949424,0.003750038146972612,-0.009406284635215867,0.0019226257838549526,0.4,0.65,-1,320.82650616955783,322.3565750300925,47.999980468559265,-0.9223923532192657,-1.0161468724849523,321.32499243819404,0.0019226257838549526,-1,ITC,15m,2026-02-25 09:00:00
321.25,321.3500061035156,319.54998779296875,319.79998779296875,1287143,-0.00435873088684724,-0.010672891591744005,0.002031843540499002,0.45,0.65,-1,320.7287425146446,322.25631670706804,37.9998291008671,-0.8924165332754797,-0.9914008046430578,321.1915743551733,0.002031843540499002,-1,ITC,15m,2026-02-25 09:15:00
319.79998779296875,320.45001220703125,319.6000061035156,320.0,1034828,0.0006254290639959859,-0.009287925696594423,0.0020472014669203607,0.45,0.65,-1,320.6593384656308,322.16783369894773,41.49657039411403,-0.8428058255418023,-0.9616818088228067,321.0864595641329,0.0020472014669203607,-1,ITC,15m,2026-02-25 09:30:00
320.0,320.20001220703125,319.5,319.6499938964844,890242,-0.0010937690734863503,-0.010371535924196928,0.0020487495742331756,0.4,0.65,-1,320.5632104114264,322.06909488316484,39.610325270596434,-0.822253127449244,-0.9337960725480943,320.99333037365506,0.0020487495742331756,-1,ITC,15m,2026-02-25 09:45:00
319.6499938964844,319.6499938964844,319.04998779296875,319.20001220703125,613364,-0.0014077325138284191,-0.012376237156320857,0.0020395863858423033,0.4,0.7,-1,320.43338201100784,321.956581837042,37.888248205898066,-0.8326761554248492,-0.9135720891234452,320.91386499255833,0.0020395863858423033,0,ITC,15m,2026-02-25 10:00:00
320.0,320.0,319.1000061035156,319.1000061035156,526653,-0.0028124809265136497,-0.007310642446023863,0.00201626368756448,0.4,0.7,-1,320.2690502546973,321.77083952837233,46.95120135766815,-0.7795486317083942,-0.863401698331152,319.40000406901044,0.00201626368756448,0,ITC,15m,2026-02-26 04:00:00
319.1499938964844,320.20001220703125,319.0,319.8999938964844,361490,0.002507012778649731,-0.005286107508605142,0.002109992156940054,0.45,0.7,0,320.2339020301056,321.69747303300414,55.688550533421534,-0.7162594356079808,-0.8339732457865179,319.52210857757115,0.002109992156940054,0,ITC,15m,2026-02-26 04:15:00
319.8999938964844,319.8999938964844,319.1499938964844,319.54998779296875,256088,-0.001094111004043552,-0.005291866792315192,0.0021101116369992208,0.4,0.65,0,320.16876734085446,321.6132579255518,52.90698499666435,-0.686432097227339,-0.8044650160746821,319.5246189458483,0.0021101116369992208,0,ITC,15m,2026-02-26 04:30:00
319.5,320.0,319.5,319.75,225851,0.0006259183685553005,-0.0046692607003890885,0.0021188434244252888,0.45,0.6,0,320.1288847369636,321.5401889872949,56.21293654519846,-0.6392851221833098,-0.7714290372964077,319.5617718582004,0.0021188434244252888,0,ITC,15m,2026-02-26 04:45:00
319.70001220703125,319.75,319.04998779296875,319.29998779296875,235698,-0.001407387668588722,-0.005760567145182471,0.0021351193534595034,0.45,0.6,0,320.04994217086886,321.4523379600665,51.74410764852416,-0.6309597181121944,-0.7433351734595651,319.53313292786794,0.0021351193534595034,0,ITC,15m,2026-02-26 05:00:00
319.29998779296875,319.29998779296875,318.8500061035156,319.0,213521,-0.0009395170824849641,-0.004680187207488307,0.002102193901867458,0.45,0.6,0,319.9499476784051,321.3561678439854,44.720470993202746,-0.6411771916480689,-0.7229035770972659,319.47643012811085,0.002102193901867458,0,ITC,15m,2026-02-26 05:15:00
319.0,319.6000061035156,318.75,319.3500061035156,1025946,0.0010971978166633978,-0.0007822277697924207,0.0020305104779516497,0.5,0.6,0,319.8928103855585,321.2774948345553,48.46626226316184,-0.6139547573385471,-0.7011138131455222,319.3887751689351,0.0020305104779516497,0,ITC,15m,2026-02-26 05:30:00
319.25,319.5,319.04998779296875,319.5,220261,0.0004696849651406598,0.0017243698759030757,0.0019774196718807028,0.5,0.55,0,319.8553998726482,321.20778915476876,46.83545281765224,-0.5736646788028565,-0.6756239862769892,319.3859888269229,0.0019774196718807028,0,ITC,15m,2026-02-26 05:45:00
319.45001220703125,320.0,319.3500061035156,319.54998779296875,325703,0.00015645631602123622,0.0015671525438967215,0.0019767891237632905,0.55,0.5,0,319.82631300791684,321.142777336659,37.777596932870374,-0.5315732585303294,-0.6468138407276572,319.40974440719407,0.0019767891237632905,0,ITC,15m,2026-02-26 06:00:00
319.54998779296875,319.6000061035156,318.75,318.8999938964844,292959,-0.0020340914452029457,0.0006274919416169311,0.0020168605858199144,0.55,0.5,0,319.7380921401613,321.0548250448874,42.50001271572223,-0.5443892001043196,-0.6263289126029898,319.38378874776816,0.0020168605858199144,0,ITC,15m,2026-02-26 06:15:00
318.8999938964844,319.0,318.45001220703125,318.6499938964844,342235,-0.0007839448252895398,-0.0010971978166633978,0.0020128721024977527,0.5,0.5,0,319.6344637360016,320.9605179410285,38.84284597341673,-0.5681693343847769,-0.6146969969593473,319.3256684777473,0.0020128721024977527,0,ITC,15m,2026-02-26 06:30:00
318.5,318.70001220703125,317.70001220703125,318.25,564314,-0.0012552766488184153,-0.005002363836121959,0.0019231769663652927,0.45,0.55,0,319.50261004685854,320.85422311981176,38.52453685405962,-0.612233974530568,-0.6142043924735915,319.18934546263375,0.0019231769663652927,0,ITC,15m,2026-02-26 06:45:00
318.3500061035156,318.45001220703125,318.0,318.1000061035156,258564,-0.00047130839429498916,-0.004693366618754524,0.0019199024520470355,0.4,0.55,0,319.36902871892113,320.7462146093688,40.517118908935934,-0.6517458527172266,-0.6217126845223185,319.13570517353304,0.0019199024520470355,0,ITC,15m,2026-02-26 07:00:00
318.1000061035156,318.5,318.0,318.25,248182,0.00047153063063931633,-0.005468750000000022,0.0018959216746893093,0.4,0.55,0,319.26245455521433,320.64832384037396,33.009587920878914,-0.6633098241956077,-0.6300321124569764,319.0925825466238,0.0018959216746893093,0,ITC,15m,2026-02-26 07:15:00
318.25,318.8999938964844,318.1499938964844,318.3999938964844,240827,0.00047130839429487814,-0.008717366762558187,0.001656425617095861,0.4,0.55,0,319.1803154448591,320.56015403865285,42.04524962199503,-0.6528455044183943,-0.6345947908492601,319.06509713927244,0.001656425617095861,0,ITC,15m,2026-02-26 07:30:00
318.54998779296875,318.70001220703125,317.75,317.95001220703125,253858,-0.0014132591020068475,-0.005784789420114511,0.0014005042756998739,0.35,0.55,0,319.06314370792313,320.457795535452,25.925898017466793,-0.673103103701294,-0.6422964534196669,319.02279969904885,0.0014005042756998739,0,ITC,15m,2026-02-26 07:45:00
317.95001220703125,318.79998779296875,317.8500061035156,318.6499938964844,427700,0.0022015463518754164,-0.004218769073486284,0.0014957764867650025,0.4,0.55,0,319.0237961068337,320.38690135353175,39.772640573739224,-0.6254647563602589,-0.6389301140077853,318.98091883741074,0.0014957764867650025,0,ITC,15m,2026-02-26 08:00:00
318.5,318.79998779296875,318.1499938964844,318.25,276162,-0.0012552766488184153,-0.004379771385003561,0.001501223239747427,0.4,0.5,0,318.9501012395162,320.3031013004521,33.69534930007298,-0.6129218063811663,-0.6337284524824616,318.95543772436076,0.001501223239747427,0,ITC,15m,2026-02-26 08:15:00
318.25,318.6499938964844,318.04998779296875,318.45001220703125,464657,0.0006284751202867422,-0.002349623970294701,0.001485279178508759,0.4,0.5,0,318.90247371261285,320.23043113992577,40.22997376138293,-0.5801544551940765,-0.6230136530247845,318.9161171696392,0.001485279178508759,0,ITC,15m,2026-02-26 08:30:00
318.3999938964844,319.0,318.20001220703125,318.25,372507,-0.0006280803873897067,-0.005468750000000022,0.001353483732025024,0.4,0.5,0,318.84033335903064,320.1527671736542,41.176343869828095,-0.5638259720022347,-0.6111761168202746,318.8935166488087,0.001353483732025024,0,ITC,15m,2026-02-26 08:45:00
318.3500061035156,319.1499938964844,317.95001220703125,319.1000061035156,505368,0.002670875423458341,0.0,0.00136735622496554,0.45,0.5,0,318.8650640966007,320.1114824258056,47.36838723770608,-0.4768008789417877,-0.5843010692445773,318.88291914941254,0.00136735622496554,0,ITC,15m,2026-02-26 09:00:00
319.1000061035156,320.0,319.04998779296875,319.95001220703125,1022674,0.0026637608500699184,0.00015635608471775697,0.0013828384214141182,0.45,0.45,0,318.96839248807026,320.1051502603635,54.128589347309955,-0.3353784430277642,-0.5345165440012146,318.9754601994658,0.0013828384214141182,0,ITC,15m,2026-02-26 09:15:00
319.95001220703125,320.0,318.45001220703125,318.6000061035156,1016690,-0.004219428198183883,-0.002972873496301265,0.0016623580596988653,0.45,0.5,0,318.93330807049364,320.0461249993106,42.96306678180511,-0.3284482072727428,-0.4933028766555203,318.979789689736,0.0016623580596988653,0,ITC,15m,2026-02-26 09:30:00
318.6499938964844,318.6499938964844,317.95001220703125,318.1000061035156,736629,-0.001569365946080814,-0.005160262381499248,0.0016809714612586082,0.4,0.55,0,318.8539459784005,319.96980661124024,43.93946399837238,-0.3591615757578097,-0.4664746164759782,318.92699248886095,0.0016809714612586082,0,ITC,15m,2026-02-26 09:45:00
318.1000061035156,318.5,318.1000061035156,318.45001220703125,502653,0.0011003020961959376,-0.002661996925877208,0.001684193038426957,0.4,0.5,0,318.8154760954129,319.910206830683,48.5075952538204,-0.3512110319741737,-0.44342189957561734,318.9004266841481,0.001684193038426957,0,ITC,15m,2026-02-26 10:00:00
316.3999938964844,316.95001220703125,315.29998779296875,315.29998779296875,784743,-0.004420664225131987,-0.012682067428030908,0.0022220969211095166,0.35,0.5,0,318.2983828154557,319.6084608041683,34.94616775446852,-0.6881448725336554,-0.49831190353633414,315.84999593098956,0.0022220969211095166,0,ITC,15m,2026-02-27 04:00:00
315.3500061035156,315.3999938964844,314.5,314.54998779296875,674861,-0.002378687056887707,-0.015492995953149458,0.0022387447265617374,0.35,0.55,0,317.9413928133141,319.41008931353304,31.313115744565422,-0.9027533218788903,-0.5792001872048455,315.372224056101,0.0022387447265617374,0,ITC,15m,2026-02-27 04:15:00
314.6000061035156,315.29998779296875,314.3500061035156,315.04998779296875,436235,0.0015895724667109867,-0.014082303776883465,0.0022925181716876197,0.3,0.6,-1,317.66602090661456,319.2391049401776,33.658555465905266,-1.0207200178401763,-0.6675041533319117,315.2635632870798,0.0022925181716876197,0,ITC,15m,2026-02-27 04:30:00
315.04998779296875,315.54998779296875,314.70001220703125,315.25,410592,0.0006348586407902701,-0.011445575309948608,0.002288840566296184,0.35,0.55,0,317.4359236774132,319.0826694523275,36.500021362174294,-1.0855565406923233,-0.7511146308039941,315.24631370225865,0.002288840566296184,0,ITC,15m,2026-02-27 04:45:00
315.25,315.6499938964844,315.0,315.5,213020,0.0007930214115781098,-0.009885435295215128,0.002308268428248325,0.4,0.5,0,317.25154999385,318.94217261105973,33.5080223815017,-1.1040403515800108,-0.8216997749591974,315.25789856277834,0.002308268428248325,0,ITC,15m,2026-02-27 05:00:00
315.6000061035156,315.79998779296875,315.20001220703125,315.54998779296875,265665,0.00015843991432240578,-0.008483934664670123,0.002305375553775206,0.45,0.45,0,317.08949645090894,318.8091457554483,35.32613743415553,-1.1019526831602207,-0.8777503565994021,315.28258139370024,0.002305375553775206,0,ITC,15m,2026-02-27 05:15:00
315.5,315.8500061035156,315.29998779296875,315.75,288575,0.0006338526850537818,-0.007387633003536953,0.002317380138381759,0.5,0.45,0,316.9619253603462,318.68917925523465,35.32613743415553,-1.07180379043956,-0.9165610433674337,315.3155117220489,0.002317380138381759,0,ITC,15m,2026-02-27 05:30:00
315.79998779296875,315.8500061035156,315.5,315.70001220703125,205622,-0.00015831446704273056,-0.008012530378534999,0.002309635670289933,0.45,0.45,0,316.84174315526855,318.5719570180502,35.9117456634924,-1.039956205092551,-0.9412400757124572,315.3385755376629,0.002309635670289933,0,ITC,15m,2026-02-27 05:45:00
315.75,315.79998779296875,315.29998779296875,315.3999938964844,237870,-0.0009503272060380485,-0.009422110733379396,0.0023032885765639347,0.4,0.5,0,316.704433702051,318.4475663074006,28.235378594765365,-1.0270861250484131,-0.9584092855796484,315.3494921198019,0.0023032885765639347,0,ITC,15m,2026-02-27 06:00:00
315.3500061035156,315.5,315.1000061035156,315.5,169008,0.0003170770623046604,-0.007705652187350531,0.002298513368671483,0.4,0.5,0,316.5897257304271,318.3319754718163,21.290469927624684,-0.9973203489493585,-0.9661914982535905,315.3502796480836,0.002298513368671483,0,ITC,15m,2026-02-27 06:15:00
315.5,316.20001220703125,315.3500061035156,316.1499938964844,323643,0.002060202524514665,-0.007845598769451567,0.0022903474205547346,0.4,0.5,0,316.54784650814685,318.2464075669013,32.624147245212455,-0.9107827451755952,-0.9551097476379915,315.39464918077795,0.0022903474205547346,0,ITC,15m,2026-02-27 06:30:00
316.1000061035156,316.29998779296875,315.20001220703125,315.20001220703125,298256,-0.003004844876777657,-0.009583622287411608,0.0023575121652657264,0.45,0.55,0,316.419481336612,318.1269410822005,30.666786023819895,-0.9083853528285317,-0.9457648686760997,315.4065585097098,0.0023575121652657264,0,ITC,15m,2026-02-27 06:45:00
315.25,315.75,315.04998779296875,315.6000061035156,241890,0.0012690161199031547,-0.008949618446435381,0.0023776105869514072,0.45,0.55,0,316.3414360763171,318.0278455928403,31.125833168282824,-0.8642467391296123,-0.9294612427668022,315.40975392374673,0.0023776105869514072,0,ITC,15m,2026-02-27 07:00:00
315.6499938964844,315.6499938964844,315.29998779296875,315.3999938964844,149288,-0.0006337522280200902,-0.008955243058965001,0.002377633697449546,0.4,0.55,0,316.25177491633303,317.9247925851401,39.16656918045461,-0.8357716282269507,-0.9107233198588319,315.41103221673256,0.002377633697449546,0,ITC,15m,2026-02-27 07:15:00
315.45001220703125,315.6499938964844,315.29998779296875,315.45001220703125,180637,0.00015858691031955807,-0.011438401211751548,0.002268082469593633,0.35,0.5,0,316.17541656306616,317.8277423742339,51.61315727298979,-0.7999475407441423,-0.8885681640358941,315.41309153399914,0.002268082469593633,0,ITC,15m,2026-02-27 07:30:00
315.45001220703125,315.5,315.29998779296875,315.3999938964844,234502,-0.00015856176449935422,-0.01422102871370634,0.0021403254449112105,0.3,0.5,0,316.1015667852965,317.7325365515771,60.75945455247808,-0.7667540891047793,-0.8642053490496712,315.4124909908291,0.0021403254449112105,0,ITC,15m,2026-02-27 07:45:00
315.3999938964844,315.6499938964844,315.29998779296875,315.5,227037,0.0003170770623046604,-0.009730088023000238,0.001983914506337643,0.35,0.45,0,316.04427471050633,317.64498609857407,56.33811292208238,-0.7240321903706217,-0.8361707173138613,315.41550187088166,0.001983914506337643,0,ITC,15m,2026-02-27 08:00:00
315.5,315.8999938964844,315.29998779296875,315.8999938964844,238068,0.0012678094975733245,-0.006916102372897526,0.0020037751068973275,0.4,0.4,0,316.03053368059943,317.5765550318255,58.66651475818068,-0.6504011931770606,-0.7990168124865011,315.4276405602868,0.0020037751068973275,0,ITC,15m,2026-02-27 08:15:00
315.8999938964844,316.25,315.6499938964844,316.0,294848,0.00031657519926509003,-0.007693553503268391,0.0019815623285374187,0.45,0.4,0,316.0276257110185,317.5147293443029,56.94437380262109,-0.5773234156858962,-0.7546781331263802,315.45469545129527,0.0019815623285374187,0,ITC,15m,2026-02-27 08:30:00
316.1000061035156,316.29998779296875,315.8999938964844,316.1499938964844,256917,0.0004746642293809167,-0.0017367170487739836,0.0015800899091297034,0.5,0.35,0,316.03927982392,317.46121030713357,58.10809696229885,-0.5015242374113313,-0.7040473539833705,315.4824334849779,0.0015800899091297034,0,ITC,15m,2026-02-27 08:45:00
316.1499938964844,316.29998779296875,315.3999938964844,315.6499938964844,401973,-0.001581527786344683,0.0011100733176858668,0.001266567314295432,0.5,0.35,0,316.00220497368804,317.39018221259835,48.74993324330717,-0.4763080807869642,-0.6584994993440892,315.5009465287889,0.001266567314295432,0,ITC,15m,2026-02-27 09:00:00
315.6000061035156,315.79998779296875,315.0,315.1499938964844,503567,-0.0015840329785147267,0.0019075063640139334,0.0011966998323815954,0.5,0.35,0,315.9210420139544,317.30233169039786,43.8200783162688,-0.4910098602888979,-0.625001571533051,315.4877587009886,0.0011966998323815954,0,ITC,15m,2026-02-27 09:15:00
315.1499938964844,315.25,314.1000061035156,314.1000061035156,1612691,-0.003331708117734089,-0.0030153363791824983,0.0013672272050893745,0.5,0.35,0,315.747610022484,317.1767502948338,37.50014671878118,-0.5806925045196181,-0.6161397581303645,315.3004854839995,0.0013672272050893745,0,ITC,15m,2026-02-27 09:30:00
314.04998779296875,314.04998779296875,312.70001220703125,313.25,2629162,-0.0027061639191292564,-0.006344171292624878,0.0014667564079226133,0.45,0.4,0,315.50974240129506,317.0227600871933,31.092475765502385,-0.7121458607697946,-0.6353409786582506,314.84192417466517,0.0014667564079226133,0,ITC,15m,2026-02-27 09:45:00
313.29998779296875,314.20001220703125,313.20001220703125,314.20001220703125,2023882,0.003032760437450044,-0.00412040504902933,0.0016321553505688083,0.45,0.4,0,315.3850061923176,316.9120640918929,34.40022265516282,-0.7312363101397068,-0.6545200449545419,314.6935480277265,0.0016321553505688083,0,ITC,15m,2026-02-27 10:00:00
311.1499938964844,311.29998779296875,309.54998779296875,311.04998779296875,873711,0.00016073245327574703,-0.014885232643012669,0.002749668446220044,0.35,0.45,0,314.5943009585744,316.4594250824751,22.085965378696244,-1.183014966270889,-0.8143968886881412,310.63332112630206,0.002749668446220044,0,ITC,15m,2026-03-02 04:00:00
311.1499938964844,312.29998779296875,310.29998779296875,311.79998779296875,636011,0.0024111880065373903,-0.012353577013816897,0.0028372061546277994,0.4,0.45,0,314.32817589518345,316.27670205151406,29.31041135388641,-1.2584732213486518,-0.9032121552202435,310.98438520741547,0.0028372061546277994,0,ITC,15m,2026-03-02 04:15:00
311.54998779296875,312.45001220703125,311.29998779296875,311.79998779296875,544811,0.0,-0.011414096934628248,0.0028392956851317104,0.45,0.4,0,314.0873960759249,316.1011446296103,28.901652531011422,-1.3032513616933556,-0.983219996514866,311.21392362024267,0.0028392956851317104,0,ITC,15m,2026-03-02 04:30:00
311.95001220703125,312.1000061035156,311.1000061035156,311.29998779296875,300618,-0.0016035921089644356,-0.013312241543680714,0.0028401950195496312,0.45,0.4,0,313.8219286204053,315.91286396934987,27.472509046276016,-1.3633681227987609,-1.0592496217716452,311.2504392021013,0.0028401950195496312,0,ITC,15m,2026-03-02 04:45:00
311.3500061035156,311.8999938964844,310.95001220703125,311.29998779296875,882241,0.0,-0.015340838833302728,0.002772672650873757,0.4,0.45,0,313.5817437796971,315.73196686439377,26.6665988498264,-1.3949311906415005,-1.1263859355456163,311.28665441987795,0.002772672650873757,0,ITC,15m,2026-03-02 05:00:00
311.3500061035156,312.25,311.1000061035156,311.95001220703125,443387,0.002088096497115277,-0.01031091330626388,0.0027903391822721134,0.4,0.4,0,313.42634077277654,315.5836549170462,28.648818066346635,-1.3519096387909144,-1.171490676194676,311.34447747752046,0.0027903391822721134,0,ITC,15m,2026-03-02 05:15:00
312.0,313.79998779296875,312.0,313.45001220703125,690357,0.004808462706533012,-0.006812401314653882,0.0030127761614083246,0.45,0.35,0,313.4285951950865,315.4999826539084,38.02825376812425,-1.1831387974402787,-1.1738203004437966,311.61910432785214,0.0030127761614083246,0,ITC,15m,2026-03-02 05:30:00
313.3500061035156,313.45001220703125,312.95001220703125,313.25,527745,-0.0006380992159576993,-0.006816721427046146,0.0030127988229001553,0.45,0.35,0,313.41158612888773,315.41174804002964,36.44868076173852,-1.0533832568012258,-1.1497328917152825,311.79120686132813,0.0030127988229001553,0,ITC,15m,2026-03-02 05:45:00
313.25,313.25,312.29998779296875,312.8500061035156,408182,-0.0012769158706603667,-0.008242212721200404,0.0030174510412234222,0.45,0.4,0,313.3581023169475,315.3112875719311,36.79255603986849,-0.971626910358566,-1.1141116954439392,311.8687959855728,0.0030174510412234222,0,ITC,15m,2026-03-02 06:00:00
312.8500061035156,313.45001220703125,312.6499938964844,313.1000061035156,347163,0.000799104986807242,-0.007292288641335909,0.0030292165105080637,0.5,0.4,0,313.3335217251921,315.2245706516011,40.09671236915819,-0.8765571014890838,-1.0666007766529682,311.9423441231729,0.0030292165105080637,0,ITC,15m,2026-03-02 06:15:00
313.04998779296875,313.5,312.3999938964844,312.45001220703125,438073,-0.0020759945187273088,-0.009667156237618824,0.0030482051414898502,0.5,0.45,0,313.24937796155774,315.1157644380886,41.70860898715814,-0.8439343187441182,-1.0220674850711982,312.0028164600567,0.0030482051414898502,-1,ITC,15m,2026-03-02 06:30:00
312.5,313.45001220703125,312.25,312.75,774987,0.0009601145183184556,-0.009971490843132425,0.003039677778378387,0.45,0.5,0,313.2018181556951,315.0229893620851,47.34043243945199,-0.7848270232086065,-0.9746193926986799,312.09466154754836,0.003039677778378387,0,ITC,15m,2026-03-02 06:45:00
312.75,313.29998779296875,311.79998779296875,311.8999938964844,440496,-0.0027178452550459253,-0.012974702859226639,0.0030725078284357735,0.4,0.55,0,313.07783489291313,314.90051895166937,37.63433450481225,-0.7973807455257997,-0.939171663264104,312.1090475111682,0.0030725078284357735,0,ITC,15m,2026-03-02 07:00:00
311.8500061035156,311.95001220703125,311.29998779296875,311.45001220703125,726151,-0.0014427114403935404,-0.014866303274362891,0.0030655309842014204,0.35,0.6,-1,312.9228041609244,314.7652049616836,53.4352140893631,-0.8340252981178651,-0.9181423902348562,312.06002451858166,0.0030655309842014204,0,ITC,15m,2026-03-02 07:15:00
311.45001220703125,312.0,311.29998779296875,311.75,562407,0.0009631972426102919,-0.012355437896074739,0.003081712752425365,0.4,0.55,0,312.81110852655064,314.6469616298529,55.14715782104101,-0.8293002057168337,-0.9003739533312517,312.0353796059954,0.003081712752425365,0,ITC,15m,2026-03-02 07:30:00
311.8999938964844,312.29998779296875,311.6499938964844,311.75,401034,0.0,-0.01078849424823769,0.003075898534844503,0.45,0.5,0,312.7100505716411,314.5333552914273,49.58687691050513,-0.8161474956508528,-0.883528661795172,312.02934514831605,0.003075898534844503,0,ITC,15m,2026-03-02 07:45:00
311.8500061035156,312.20001220703125,311.29998779296875,312.0,590136,0.000801924619085792,-0.006685788165262108,0.003016582714197517,0.45,0.5,0,312.64242670767527,314.43400802509683,51.58740154428932,-0.7765988197227784,-0.8621426933806934,312.0172801149084,0.003016582714197517,0,ITC,15m,2026-03-02 08:00:00
312.20001220703125,312.5,311.8999938964844,312.45001220703125,645395,0.0014423468174078469,-0.0025538317413208445,0.002987153706006704,0.5,0.45,0,312.6241015171377,314.35620426752564,59.2001953125,-0.7008648511871343,-0.8298871249419817,312.0340603674334,0.002987153706006704,0,ITC,15m,2026-03-02 08:15:00
312.45001220703125,313.45001220703125,311.8500061035156,312.54998779296875,1231095,0.0003199730581904259,-0.0052515097070565675,0.0028965031537373197,0.5,0.5,0,312.61704306721685,314.2853722489156,59.84255752705742,-0.6255667966051419,-0.7890230592746138,312.09662545873,0.0028965031537373197,0,ITC,15m,2026-03-02 08:30:00
312.54998779296875,315.0,312.45001220703125,314.8999938964844,1102478,0.007518816814263474,0.01254017330059276,0.002358843663510376,0.55,0.45,0,312.83446695571854,314.3094750586242,68.32296488374826,-0.37197875359970567,-0.7056141981396322,312.2738472096327,0.002358843663510376,0,ITC,15m,2026-03-02 08:45:00
314.95001220703125,314.95001220703125,313.3500061035156,314.0,958374,-0.0028580308476608973,0.009484045403643337,0.0024834686391699314,0.55,0.45,0,312.94547010279297,314.29733878181537,53.69121743404883,-0.24085397371555928,-0.6126621532548177,312.4032492322032,0.0024834686391699314,0,ITC,15m,2026-03-02 09:00:00
314.45001220703125,315.75,314.45001220703125,314.8999938964844,2045162,0.0028662226002686975,0.00994229065067831,0.0025041384716401544,0.55,0.45,0,313.13161522600166,314.32097231572396,60.12274533152098,-0.06358172452877398,-0.5028460675096089,312.74871791459026,0.0025041384716401544,0,ITC,15m,2026-03-02 09:15:00
314.8999938964844,315.3500061035156,314.1000061035156,315.20001220703125,1514669,0.0009527415571990439,0.01090450464135384,0.002503233171657468,0.5,0.5,0,313.32860541467113,314.35544446832427,64.59638867090503,0.09996445245076302,-0.3822839635175345,312.9379662681067,0.002503233171657468,0,ITC,15m,2026-03-02 09:30:00
315.0,315.54998779296875,314.6499938964844,314.95001220703125,2360487,-0.0007931471774048626,0.011725102978449087,0.002472991641905965,0.55,0.45,0,313.4830251091816,314.37876085023436,61.49078212608187,0.20701670561186347,-0.26442382969165495,313.1943499029771,0.002472991641905965,0,ITC,15m,2026-03-02 09:45:00
314.95001220703125,314.95001220703125,314.29998779296875,314.70001220703125,1515627,-0.0007937767592010037,0.010922019105004566,0.002489206289032995,0.55,0.45,0,313.59892864231017,314.3913589426578,64.70595275138227,0.26858736885077406,-0.15782158998316917,313.29960490624353,0.002489206289032995,0,ITC,15m,2026-03-02 10:00:00
313.8500061035156,314.0,311.54998779296875,313.8500061035156,1867568,0.0,0.001276101071644442,0.0023330570988503883,0.5,0.5,0,313.64447557404816,314.34973242676836,63.265433226486856,0.2254271153513514,-0.016566968429620466,313.1333312988281,0.0023330570988503883,0,ITC,15m,2026-03-04 04:00:00
313.75,314.75,313.20001220703125,313.75,1303065,-0.0003186429873213159,0.0015961691939345712,0.00232907056287827,0.55,0.5,0,313.6545255193769,314.3262135080716,66.42848423549107,0.19879428421381817,0.026505282099067266,313.44841805067784,0.00232907056287827,0,ITC,15m,2026-03-04 04:15:00
313.75,314.1000061035156,312.5,312.70001220703125,906977,-0.0033465746389442774,-0.00047944348268524895,0.002436157893778436,0.55,0.5,0,313.5636194896297,314.26244090803084,56.12911101310485,0.09190293406345518,0.03958481249194485,313.37092127619445,0.002436157893778436,0,ITC,15m,2026-03-04 04:30:00
312.75,313.3999938964844,312.6499938964844,312.8500061035156,741674,0.00047967345899890823,-0.0007984669279034184,0.00243153985567906,0.5,0.5,0,313.49565630999973,314.2070513078538,56.9620693251747,0.019074147949311282,0.035482679583418136,313.30870733690256,0.00243153985567906,0,ITC,15m,2026-03-04 04:45:00
312.79998779296875,313.20001220703125,312.70001220703125,312.8999938964844,948251,0.00015978197856325593,0.0014401717774776834,0.002383796535425604,0.45,0.45,0,313.4389265563316,314.1557941544668,55.84413010823858,-0.03421518131000312,0.021543107404733888,313.2469924124861,0.002383796535425604,0,ITC,15m,2026-03-04 05:00:00
312.95001220703125,313.0,312.04998779296875,312.3500061035156,596138,-0.001757711101620263,-0.001278957302907724,0.0024080065964558195,0.45,0.45,0,313.3352198465396,314.0849789367824,49.358931722413715,-0.11944983380067242,-0.006655480836347375,313.1738926409694,0.0024080065964558195,0,ITC,15m,2026-03-04 05:15:00
312.3500061035156,312.5,311.8999938964844,312.25,649341,-0.0003201732081364872,0.0011221741274922703,0.002327110981832135,0.45,0.45,0,313.23186557544057,314.01301897847725,48.07699831761806,-0.19284556314016754,-0.04389349729711141,313.08526207607,0.002327110981832135,0,ITC,15m,2026-03-04 05:30:00
312.25,312.3999938964844,311.25,311.29998779296875,702615,-0.003042473040932747,-0.00048169660678254456,0.0024075360400435996,0.45,0.45,0,313.0478772152052,313.9066255986534,21.874925494122976,-0.32393611901682107,-0.09990202164105334,312.95456100788755,0.0024075360400435996,0,ITC,15m,2026-03-04 05:45:00
311.29998779296875,311.45001220703125,310.5,311.04998779296875,1135060,-0.0008030838734445211,-0.002245428089915791,0.0024019090922888487,0.4,0.5,0,312.857602032135,313.7946005866658,24.34771993885869,-0.4428938352275509,-0.16850038435835285,312.70389758297085,0.0024019090922888487,0,ITC,15m,2026-03-04 06:00:00
311.04998779296875,311.6000061035156,311.0,311.29998779296875,723817,0.0008037293355125374,-0.0014435034708299987,0.0024105484102887385,0.4,0.5,0,312.7092578188811,313.6967726339718,14.705864753436217,-0.511104081999747,-0.23702112388663168,312.5977650671603,0.0024105484102887385,0,ITC,15m,2026-03-04 06:15:00
311.29998779296875,312.1499938964844,311.25,311.95001220703125,763632,0.002088096497115277,-0.00016021728515625,0.002451821909344507,0.45,0.45,0,312.63694871299066,313.6282722250722,20.183553022073397,-0.5068668111753709,-0.29099026134437955,312.53760678912687,0.002451821909344507,0,ITC,15m,2026-03-04 06:30:00
311.95001220703125,312.1499938964844,311.5,311.6499938964844,665733,-0.0009617512383610638,-0.002560468168638641,0.0024360016921763723,0.4,0.45,0,312.54295301618055,313.55069268277464,20.0,-0.5217038367420059,-0.33713297642390483,312.49096474930104,0.0024360016921763723,0,ITC,15m,2026-03-04 06:45:00
311.5,311.79998779296875,311.29998779296875,311.54998779296875,603035,-0.00032089236474952543,-0.003199488206866885,0.0024340495606129937,0.35,0.45,0,312.4483848996842,313.4722336674881,20.56072100849923,-0.5353606389708148,-0.37677850893328685,312.4420764375613,0.0024340495606129937,0,ITC,15m,2026-03-04 07:00:00
311.54998779296875,312.1000061035156,311.25,312.0,642097,0.001444430186690493,-0.00920925358111524,0.001691524905860302,0.35,0.5,0,312.40568157590474,313.4144990138612,31.313230951338753,-0.5040610271763626,-0.40223501258190203,312.4075450014398,0.001691524905860302,0,ITC,15m,2026-03-04 07:15:00
311.95001220703125,312.6000061035156,311.8999938964844,312.29998779296875,594118,0.0009614993364384095,-0.005414051614749171,0.0016208050029510792,0.4,0.5,0,312.3956155013394,313.37079269147324,35.238006661512614,-0.4498636039418784,-0.41176073085389736,312.4010278338471,0.0016208050029510792,0,ITC,15m,2026-03-04 07:30:00
312.3500061035156,312.79998779296875,312.1499938964844,312.29998779296875,347087,0.0,-0.008256608935884313,0.0014462026253421233,0.4,0.5,0,312.38650810054224,313.32880034251224,35.922278318993094,-0.4022745845537088,-0.40986350159385965,312.40143908625606,0.0014462026253421233,0,ITC,15m,2026-03-04 07:45:00
312.29998779296875,313.0,312.20001220703125,312.70001220703125,616776,0.00128089794972297,-0.00793147177404907,0.0014642673584955058,0.45,0.45,0,312.41636563449356,313.3041419842581,50.0,-0.3284946350844393,-0.3935897282919756,312.411798468542,0.0014642673584955058,0,ITC,15m,2026-03-04 08:00:00
312.6000061035156,312.95001220703125,312.45001220703125,312.6499938964844,340594,-0.00015995621552378214,-0.007302804322595113,0.0014620962010252658,0.4,0.45,0,312.43861594515937,313.27848911807087,47.7271781498384,-0.27093636742324634,-0.36905905611822976,312.41833564575774,0.0014620962010252658,0,ITC,15m,2026-03-04 08:15:00
312.75,312.75,312.04998779296875,312.25,717883,-0.0012793663978666325,-0.007785230734021931,0.0014735710675690878,0.4,0.45,0,312.42065252181084,313.23815621147986,43.15809085710982,-0.25466160965982,-0.3461795668265478,312.4150353835286,0.0014735710675690878,0,ITC,15m,2026-03-04 08:30:00
312.25,313.45001220703125,312.04998779296875,313.29998779296875,760850,0.003362651058346655,-0.0017524878121731868,0.0015920219894540062,0.4,0.4,0,312.50439873811155,313.2405809793814,59.04728688929579,-0.155248894484032,-0.30799343235804466,312.44027127568523,0.0015920219894540062,0,ITC,15m,2026-03-04 08:45:00
313.3999938964844,313.54998779296875,312.04998779296875,312.25,571907,-0.0033513815316922324,-0.005097996088577084,0.0017508880858656724,0.45,0.4,0,312.48017028686286,313.20173466646446,50.0,-0.15935193138386694,-0.27826513216320914,312.4464989424989,0.0017508880858656724,0,ITC,15m,2026-03-04 09:00:00
312.29998779296875,313.70001220703125,312.29998779296875,313.5,828090,0.004003202562049557,-0.0007968127490040056,0.001992522720370709,0.45,0.4,0,312.5772969262092,313.213431346211,66.92301191582862,-0.06103548529250702,-0.23481920278906873,312.4815249558135,0.001992522720370709,0,ITC,15m,2026-03-04 09:15:00
313.3999938964844,313.6499938964844,311.6000061035156,311.79998779296875,1215983,-0.0054226864658094565,-0.0028782359415663317,0.0022155619878492226,0.45,0.4,0,312.50326748494825,313.1580021872603,54.71693767561841,-0.11892487896938064,-0.2116403380251311,312.47275757795546,0.0022155619878492226,0,ITC,15m,2026-03-04 09:30:00
311.79998779296875,312.3500061035156,311.3999938964844,312.3500061035156,1879642,0.0017640100451576934,-0.001598209973614484,0.0022528219452745816,0.45,0.45,0,312.48867116290705,313.12631606632914,56.36367671701086,-0.1190484432142398,-0.19312195906295285,312.43171000852624,0.0022528219452745816,0,ITC,15m,2026-03-04 09:45:00
312.29998779296875,312.45001220703125,311.45001220703125,311.95001220703125,1501510,-0.0012805951294004858,-0.0030360553147450453,0.002267808575983329,0.5,0.45,0,312.4373703099665,313.0801865032194,50.0,-0.14969692041091776,-0.18443695133254584,312.3982614006462,0.002267808575983329,0,ITC,15m,2026-03-04 10:00:00
311.70001220703125,311.70001220703125,309.95001220703125,310.79998779296875,1162854,-0.0028874699352424704,-0.00464375406575257,0.002327095972261783,0.55,0.45,0,312.217892591995,312.93876499246505,45.71431560884759,-0.29465712001689326,-0.20768248601253103,310.81667073567706,0.002327095972261783,0,ITC,15m,2026-03-05 04:00:00
310.79998779296875,310.79998779296875,309.6000061035156,310.0,669150,-0.0025739633989356747,-0.004175996928831638,0.0022994901244705,0.55,0.45,0,312.0066647260907,312.823519306486,39.011033233844195,-0.4355873090918294,-0.25326345062839073,310.56707707530984,0.0022994901244705,0,ITC,15m,2026-03-05 04:15:00
310.0,311.0,309.95001220703125,310.1499938964844,509561,0.0004838512789817617,-0.00289340598554666,0.002299929337701961,0.6,0.4,0,311.82983893279487,312.7186751727604,37.98891825078851,-0.5290734163785942,-0.30842544377843145,310.5234650929245,0.002299929337701961,0,ITC,15m,2026-03-05 04:30:00
310.1499938964844,310.3999938964844,308.95001220703125,309.0,661301,-0.0037078636760128347,-0.007388332422609611,0.0024203509421777017,0.55,0.45,0,311.5603304630049,312.57284477382865,33.66348600124488,-0.6880255956946257,-0.3843454741616703,310.28706353721213,0.0024203509421777017,0,ITC,15m,2026-03-05 04:45:00
308.95001220703125,309.0,308.25,308.29998779296875,481684,-0.0022654116732402363,-0.01170067084863613,0.002383325311214321,0.5,0.5,0,311.24982163728714,312.4052817549714,28.846086129793292,-0.8605614610108887,-0.47958867153151397,310.04233357030995,0.002383325311214321,0,ITC,15m,2026-03-05 05:00:00
308.54998779296875,310.1000061035156,308.5,309.6499938964844,426114,0.00437887173846474,-0.006417455604585398,0.002625813543010099,0.55,0.5,0,311.097457090544,312.297231250717,37.17950055557584,-0.8782393704680658,-0.5593188113188243,309.9741596164804,0.002625813543010099,0,ITC,15m,2026-03-05 05:15:00
309.5,310.6000061035156,309.5,309.75,862708,0.00032296497815864633,-0.0057775248386942035,0.0026297276665019596,0.6,0.45,0,310.96912784382556,312.19733982912027,39.035111201533375,-0.874103463688698,-0.6222757417927991,309.96979353329414,0.0026297276665019596,0,ITC,15m,2026-03-05 05:30:00
309.75,310.75,309.6499938964844,310.6499938964844,791459,0.0029055493026128865,-0.004326942639473197,0.0026997063006787025,0.6,0.4,0,310.938734134555,312.1366595964679,38.222281298065056,-0.7891074029460583,-0.655642074023451,310.0238678815498,0.0026997063006787025,0,ITC,15m,2026-03-05 05:45:00
310.6000061035156,310.95001220703125,310.20001220703125,310.8500061035156,438470,0.0006438506710477743,-0.004642913051967068,0.0026933578883250567,0.6,0.4,0,310.93028384588456,312.0862025967443,43.26929566388587,-0.6975669809720557,-0.664027055413172,310.07081745873364,0.0026933578883250567,0,ITC,15m,2026-03-05 06:00:00
310.79998779296875,310.8500061035156,310.0,310.1499938964844,1247583,-0.0022519292047179507,-0.00688438674518832,0.0027300919747988224,0.55,0.45,0,310.8559705173702,312.0102728437929,32.99500878342582,-0.6737392255023451,-0.6659694894310066,310.1159857916405,0.0027300919747988224,0,ITC,15m,2026-03-05 06:15:00
310.25,310.70001220703125,310.0,310.29998779296875,979227,0.0004836172801423455,-0.007675165719128629,0.0027109039970571393,0.5,0.45,0,310.8030197817129,311.9432028417998,40.963908580168834,-0.6354274911498692,-0.6598610897747792,310.1418460238062,0.0027109039970571393,0,ITC,15m,2026-03-05 06:30:00
310.25,311.1499938964844,310.0,311.1499938964844,702644,0.0027393043408134865,-0.004797697199049433,0.0027994554572176337,0.55,0.45,0,310.83606493550064,311.9120966086502,43.02321455185482,-0.5303630814348139,-0.6339614881067861,310.19099364027124,0.0027994554572176337,0,ITC,15m,2026-03-05 06:45:00
311.20001220703125,311.8500061035156,311.1499938964844,311.6499938964844,803573,0.0016069420209159357,-0.0019215567766713848,0.0028172163305369953,0.6,0.4,0,310.9135819794039,311.9018180709182,48.27576530343794,-0.4021175971118396,-0.5875927099077968,310.30315699206386,0.0028172163305369953,0,ITC,15m,2026-03-05 07:00:00
311.70001220703125,311.70001220703125,310.8500061035156,311.1000061035156,404895,-0.0017647611222204596,-0.007021965448996137,0.0027178009547160265,0.55,0.45,0,310.9313366578907,311.87037446435335,46.666644061129894,-0.3409314991797032,-0.5382604677621781,310.3396297917195,0.0027178009547160265,0,ITC,15m,2026-03-05 07:15:00
311.04998779296875,311.6499938964844,310.8999938964844,311.04998779296875,454525,-0.00016077887999210727,-0.0038431135533426586,0.002624309801102231,0.5,0.45,0,310.94263676599337,311.83820243802455,51.53373773683816,-0.2930984785736541,-0.4892280699244733,310.3765366783296,0.002624309801102231,0,ITC,15m,2026-03-05 07:30:00
311.1499938964844,311.6499938964844,311.0,311.25,374039,0.0006430227130063138,-0.0071770334928229484,0.002443084919435446,0.45,0.45,0,310.9719094549464,311.81513567574905,58.27809215844786,-0.2363269219416111,-0.4386478403279009,310.40802412073754,0.002443084919435446,0,ITC,15m,2026-03-05 07:45:00
311.3500061035156,311.95001220703125,311.20001220703125,311.6000061035156,462304,0.0011245176016565495,-0.0006413781182887934,0.0021496417597212806,0.5,0.4,0,311.0317281833816,311.806699221936,59.35484379060775,-0.16123388302429476,-0.3831650488671797,310.45555303325403,0.0021496417597212806,0,ITC,15m,2026-03-05 08:00:00
311.6000061035156,311.79998779296875,311.0,311.5,368253,-0.00032094384325009884,-0.0027213257144420577,0.0021082237752761755,0.5,0.4,0,311.07632549925,311.7946718014679,68.65651247107694,-0.10854057722389143,-0.3282401545385221,310.48606646832167,0.0021082237752761755,0,ITC,15m,2026-03-05 08:15:00
311.45001220703125,311.54998779296875,310.04998779296875,310.20001220703125,1575308,-0.0041733155472512,-0.0056098731576217364,0.002283001003189351,0.45,0.45,0,310.99286709046726,311.7321361310979,63.013778803384504,-0.1697224484464641,-0.2965366133201105,310.4994844305994,0.002283001003189351,0,ITC,15m,2026-03-05 08:30:00
310.20001220703125,310.3500061035156,309.95001220703125,310.29998779296875,1264613,0.0003222939458518148,-0.004491576385093676,0.00228328897486348,0.4,0.45,0,310.9268785859436,311.6759734511713,55.371834126115395,-0.20774754356375524,-0.2787787993688395,310.4736154090092,0.00228328897486348,0,ITC,15m,2026-03-05 08:45:00
310.29998779296875,311.1000061035156,310.1000061035156,310.8500061035156,709808,0.0017725373257631016,0.00016093408143946775,0.00223427673051189,0.45,0.4,0,310.9195573971409,311.6435825747926,58.46154568459996,-0.19129568683348452,-0.2612821768617685,310.4833133298434,0.00223427673051189,0,ITC,15m,2026-03-05 09:00:00
310.8500061035156,312.45001220703125,310.8500061035156,311.8500061035156,1207442,0.0032169856212485026,0.00596776162424395,0.002256851022653509,0.5,0.35,0,311.0081715596528,311.6516776151347,59.09095112590743,-0.09645396789289862,-0.22831653506799454,310.57325511433874,0.002256851022653509,0,ITC,15m,2026-03-05 09:15:00
311.8999938964844,312.95001220703125,311.54998779296875,311.54998779296875,849890,-0.000962059659050607,0.0045139252749804015,0.0022737462026756207,0.5,0.35,0,311.0597731056829,311.64768977897137,55.22371064054621,-0.04498167192451774,-0.1916495624392992,310.64372728328044,0.0022737462026756207,0,ITC,15m,2026-03-05 09:30:00
311.6499938964844,311.6499938964844,311.0,311.29998779296875,780318,-0.000802439447264991,0.007443326190837318,0.002094845070427128,0.5,0.35,0,311.08265069494826,311.6340544069713,59.19990625045776,-0.024084782810518846,-0.15813660651354314,310.67259851422466,0.002094845070427128,0,ITC,15m,2026-03-05 09:45:00
311.25,312.0,311.1499938964844,311.5,1033313,0.000642506311835378,0.010379540492165606,0.002000895895732078,0.55,0.3,0,311.12239824781034,311.6287973714038,59.52383259058322,0.008517283954347477,-0.12480582841996501,310.71976705702275,0.002000895895732078,0,ITC,15m,2026-03-05 10:00:00
310.70001220703125,312.29998779296875,310.5,311.04998779296875,2148692,0.001126409952324936,0.004196893601190466,0.0019075382595936967,0.5,0.35,0,311.07910593793963,311.5711043598279,45.081922105210495,-0.031657658560448,-0.09098382819630794,311.2833251953125,0.0019075382595936967,0,ITC,15m,2026-03-06 04:00:00
311.0,311.1499938964844,310.6499938964844,310.79998779296875,622179,-0.0008037293355124264,0.0004828388843760578,0.001809589156763517,0.45,0.35,0,311.0525232574662,311.54086449446095,47.413643419010285,-0.052653391180342624,-0.08331774079311488,311.18976571527895,0.001809589156763517,0,ITC,15m,2026-03-06 04:15:00
310.75,311.04998779296875,310.1499938964844,310.75,952933,-0.00016083589102988682,-0.0003217181970468497,0.0018040589153913162,0.4,0.4,0,311.02371151865987,311.50985020056055,47.413892893598664,-0.07249063080678297,-0.0811523187958485,311.0516364317293,0.0018040589153913162,0,ITC,15m,2026-03-06 04:30:00
310.75,311.25,310.6000061035156,310.95001220703125,947156,0.0006436434659091717,0.0025794561544112415,0.0017297099074426035,0.45,0.35,0,311.0166925366,311.48789576944176,47.413892893598664,-0.07125113387564852,-0.0791720818118085,311.02764870576226,0.0017297099074426035,0,ITC,15m,2026-03-06 04:45:00
310.8999938964844,310.95001220703125,310.0,310.1499938964844,620036,-0.002572819678856364,-0.00048338350752519244,0.0018290143688384504,0.45,0.4,0,310.9341498089699,311.4354290293258,38.39990234375,-0.133287163800901,-0.089995098209627,310.9501904354997,0.0018290143688384504,0,ITC,15m,2026-03-06 05:00:00
310.1499938964844,310.25,309.6000061035156,309.6000061035156,950680,-0.0017732961592522578,-0.00498148103285645,0.001746867221318176,0.4,0.45,0,310.80708850368853,311.36345165968623,35.82090232070874,-0.2242456190069788,-0.11684520236909737,310.7775421743232,0.001746867221318176,0,ITC,15m,2026-03-06 05:15:00
309.5,310.5,309.45001220703125,310.5,827534,0.0029069569726800637,-0.0036900173881163623,0.0018411717852562489,0.4,0.5,0,310.7778419795277,311.3295908102868,52.3808601129637,-0.22115947542891945,-0.1377080569810618,310.70408147384296,0.0018411717852562489,0,ITC,15m,2026-03-06 05:30:00
310.5,310.8500061035156,310.04998779296875,310.29998779296875,641760,-0.0006441616973631437,-0.0025715792184223263,0.001807247866579416,0.45,0.45,0,310.73233205699825,311.28921422137233,50.0,-0.2321766105035863,-0.15660176768556672,310.6787732125418,0.001807247866579416,0,ITC,15m,2026-03-06 05:45:00
310.3500061035156,310.79998779296875,309.79998779296875,310.5,617906,0.0006445769091190101,-0.0017681652935309655,0.0018154136688425446,0.45,0.5,0,310.710205194427,311.2582646440636,47.10739632882213,-0.22220699200397576,-0.16972281254924854,310.65561792293636,0.0018154136688425446,0,ITC,15m,2026-03-06 06:00:00
310.5,310.75,310.25,310.3999938964844,527186,-0.00032208084868157183,-0.002730943304467881,0.0018078007692799586,0.45,0.5,0,310.6806612612896,311.2246069676879,35.922278318993094,-0.21984145879326888,-0.1797465417980526,310.6443698614898,0.0018078007692799586,0,ITC,15m,2026-03-06 06:15:00
310.3999938964844,310.45001220703125,309.8999938964844,310.04998779296875,500440,-0.0011275970051479733,-0.004974384724600878,0.0017953040916189877,0.4,0.55,0,310.62059712144946,311.17854347064014,35.57695693510334,-0.24340351984824338,-0.19247793740809077,310.61703655484393,0.0017953040916189877,0,ITC,15m,2026-03-06 06:30:00
310.04998779296875,310.70001220703125,309.95001220703125,310.3999938964844,588628,0.0011288699154838877,-0.0035313197544643016,0.001821276667782272,0.45,0.5,0,310.5995872905004,311.14801211479084,41.509520875678724,-0.23116927999723202,-0.20021620592591904,310.6012316734091,0.001821276667782272,0,ITC,15m,2026-03-06 06:45:00
310.3500061035156,310.3999938964844,310.04998779296875,310.1499938964844,437747,-0.0008054123869711827,-0.00016124535325123812,0.0015706118558183857,0.45,0.45,0,310.55676887202264,311.1088741454455,37.38313492176671,-0.2388926615385003,-0.20795149704843532,310.58431521338224,0.0015706118558183857,0,ITC,15m,2026-03-06 07:00:00
310.1499938964844,310.3500061035156,310.0,310.20001220703125,611481,0.0001612713575083191,-0.00032219010593126374,0.0015692477194238176,0.45,0.45,0,310.52279204678536,311.0732325008018,44.565260657847595,-0.23823125579031057,-0.21400744879681038,310.56201385946866,0.0015692477194238176,0,ITC,15m,2026-03-06 07:15:00
310.20001220703125,310.54998779296875,310.04998779296875,310.3999938964844,694762,0.0006446862720290714,-0.0014476827994057695,0.0015211604451989972,0.45,0.45,0,310.5110969848519,311.046830986907,42.69676791090324,-0.21904521901365115,-0.21501500284017855,310.54842125308056,0.0015211604451989972,0,ITC,15m,2026-03-06 07:30:00
310.3999938964844,310.54998779296875,310.20001220703125,310.5,503045,0.0003221846181769017,-0.004329023816236566,0.0013156439918863582,0.4,0.45,0,310.5100401291517,311.02538663447933,46.511809458922386,-0.1935394871388212,-0.2107198996999071,310.5429850991307,0.0013156439918863582,0,ITC,15m,2026-03-06 07:45:00
310.54998779296875,310.6499938964844,310.04998779296875,310.1499938964844,1117837,-0.001127233827747598,-0.004493641313877084,0.001321080423803052,0.4,0.5,0,310.4757500117548,310.99105750749914,43.47828971373602,-0.19927150048442854,-0.2084302198568114,310.52117763073926,0.001321080423803052,0,ITC,15m,2026-03-06 08:00:00
310.1499938964844,310.29998779296875,310.0,310.20001220703125,451979,0.0001612713575083191,-0.00353349061699626,0.0013164518672617409,0.4,0.5,0,310.4494892684478,310.9600361231671,41.57317240433411,-0.1975014291818411,-0.20624446172181735,310.50953457506074,0.0013164518672617409,0,ITC,15m,2026-03-06 08:15:00
310.20001220703125,310.54998779296875,309.95001220703125,310.54998779296875,923364,0.0011282255711322353,-0.0030497984174358006,0.0013366742833617687,0.4,0.55,0,310.4590605564974,310.9439557964926,54.999885559955146,-0.1659456122838492,-0.19818469183422371,310.49950333367383,0.0013366742833617687,0,ITC,15m,2026-03-06 08:30:00
310.54998779296875,310.54998779296875,310.20001220703125,310.5,1338667,-0.00016096536768206438,-0.0006437470201898776,0.0012100245223002348,0.4,0.5,0,310.4629595511167,310.92654576525763,62.8569435604112,-0.143318906036086,-0.18721153467459617,310.4925830497579,0.0012100245223002348,0,ITC,15m,2026-03-06 08:45:00
310.54998779296875,310.54998779296875,310.25,310.45001220703125,355817,-0.00016099128170288246,-0.0019288719160369672,0.00117903094407293,0.35,0.5,0,310.46172647072757,310.9078581747389,49.05684278409876,-0.12794579595299638,-0.17535838693027622,310.4909339275551,0.00117903094407293,0,ITC,15m,2026-03-06 09:00:00
310.3999938964844,310.54998779296875,309.6499938964844,310.0,963773,-0.0014495480410261496,-0.0025739633989356747,0.0012079275050631791,0.35,0.55,0,310.41775252113445,310.87225589337663,44.82784021551542,-0.15034167441518775,-0.17035504442725855,310.46735732488446,0.0012079275050631791,0,ITC,15m,2026-03-06 09:15:00
309.95001220703125,310.3999938964844,309.5,309.70001220703125,1504848,-0.0009677025579637455,-0.0033788826805108974,0.0012224629172330804,0.35,0.55,0,310.34939630074365,310.82628555273567,36.6668701171875,-0.19010565755644393,-0.17430516705309562,310.41939873550353,0.0012224629172330804,0,ITC,15m,2026-03-06 09:30:00
309.70001220703125,309.95001220703125,309.54998779296875,309.75,777430,0.00016140713916201754,-0.003859180446766697,0.0012102962732215919,0.3,0.55,0,310.2923109387681,310.7840782761578,38.9830859152744,-0.21510569895389153,-0.18246527343325483,310.39288218394296,0.0012102962732215919,0,ITC,15m,2026-03-06 09:45:00
309.75,309.95001220703125,309.5,309.95001220703125,728582,0.0006457214109161225,-0.0006447902414593587,0.001084605834378209,0.3,0.55,0,310.25971105955506,310.75136980285873,48.214713896457766,-0.2162858892433519,-0.18922939659527427,310.3716604312812,0.001084605834378209,-1,ITC,15m,2026-03-06 10:00:00
305.20001220703125,305.45001220703125,303.95001220703125,304.3500061035156,1244905,-0.002294645853020638,-0.01980674362796897,0.003599892503370341,0.25,0.55,0,309.24797162126947,310.2855203087018,12.820532884698139,-0.9596104735188646,-0.40992984960316864,304.5833435058594,0.003599892503370341,-1,ITC,15m,2026-03-09 04:00:00
304.3500061035156,304.79998779296875,303.79998779296875,304.75,758775,0.001314256245976031,-0.0178858782188277,0.0036363476619749235,0.2,0.6,-1,308.81959337162476,310.06844108090957,16.564192048169318,-1.1941008346114472,-0.5667640466048244,304.53284447727935,0.0036363476619749235,0,ITC,15m,2026-03-09 04:15:00
304.70001220703125,304.75,303.79998779296875,303.79998779296875,603126,-0.0031173493257793394,-0.021578139153079712,0.0036497554862985216,0.2,0.55,0,308.34153569746707,309.82261938334324,12.921288597047678,-1.4399948168305627,-0.7414102006499721,304.4365532433112,0.0036497554862985216,0,ITC,15m,2026-03-09 04:30:00
303.79998779296875,304.3999938964844,303.70001220703125,304.3500061035156,518507,0.0018104619244478926,-0.01949094043792532,0.0037039272297727187,0.2,0.6,-1,307.96139002185265,309.6080070978598,17.11235357283904,-1.5723604953137738,-0.9076002595827325,304.38901312405943,0.0037039272297727187,0,ITC,15m,2026-03-09 04:45:00
304.3500061035156,305.54998779296875,304.3500061035156,304.95001220703125,602837,0.0019714345046260018,-0.016448881750458,0.003761673204240198,0.25,0.55,0,307.6745921347268,309.4253406315528,22.91677925314633,-1.61028342609211,-1.048136892884608,304.4797243003282,0.003761673204240198,0,ITC,15m,2026-03-09 05:00:00
304.75,305.45001220703125,304.6000061035156,305.0,293982,0.00016392126895481418,-0.017396887895188673,0.00374146614133271,0.2,0.55,0,307.4198690742766,309.251797861688,22.916534211563658,-1.617656685512486,-1.1620408514101837,304.51897044766116,0.00374146614133271,0,ITC,15m,2026-03-09 05:15:00
305.0,306.95001220703125,305.0,306.25,505184,0.004098360655737654,-0.012574541264656736,0.003903135452567338,0.25,0.55,0,307.3084529719646,309.13408029848455,29.52386765252976,-1.5052835219755707,-1.2306893855232612,304.6916717617071,0.003903135452567338,0,ITC,15m,2026-03-09 05:30:00
306.25,306.45001220703125,305.5,306.3500061035156,298823,0.0003265505420917414,-0.012411366705382565,0.0039050627872865137,0.25,0.5,0,307.2171723178266,309.0249009182897,30.331816617154033,-1.3921099465938482,-1.2629734977373788,304.7788724604483,0.0039050627872865137,0,ITC,15m,2026-03-09 05:45:00
306.3999938964844,306.70001220703125,306.20001220703125,306.6499938964844,226651,0.0009792322082324834,-0.012081185804567407,0.003911462700825439,0.25,0.5,0,307.16315532531786,308.93176730959146,32.407352463301265,-1.2636460399857015,-1.2631080061870434,304.85682428073005,0.003911462700825439,0,ITC,15m,2026-03-09 06:00:00
306.6499938964844,306.75,306.25,306.3500061035156,205565,-0.0009782742505777264,-0.013365519795440872,0.003906127388412415,0.3,0.5,0,307.0857125422891,308.8305217720983,32.86386859954324,-1.1725278055865829,-1.2449919660669513,304.91910641743533,0.003906127388412415,0,ITC,15m,2026-03-09 06:15:00
306.3500061035156,306.3500061035156,305.95001220703125,306.1000061035156,303083,-0.0008160600457619571,-0.013058158544799081,0.0039048098803478,0.25,0.5,0,306.9918357385964,308.7234427262715,33.01884891216413,-1.1077197552102689,-1.2175375238956148,304.9852788719061,0.0039048098803478,0,ITC,15m,2026-03-09 06:30:00
306.04998779296875,306.1000061035156,305.25,305.54998779296875,726800,-0.0017968582148961687,-0.014990406934474954,0.003907953374991376,0.25,0.5,0,306.85451688663187,308.5989935132008,31.08108851168187,-1.0881967347572186,-1.1916693660679356,305.0601813332771,0.003907953374991376,0,ITC,15m,2026-03-09 06:45:00
305.54998779296875,305.70001220703125,305.1000061035156,305.20001220703125,266154,-0.0011453955160182216,-0.017227421659098963,0.0038835074091221567,0.2,0.5,0,306.69694501238416,308.46570012864515,28.888888888888886,-1.0884180989812648,-1.1710191126506015,305.0712736214529,0.0038835074091221567,0,ITC,15m,2026-03-09 07:00:00
304.8999938964844,305.20001220703125,304.6499938964844,305.1499938964844,401243,-0.0001638869873732407,-0.01723029340906801,0.0038834797348079476,0.2,0.55,0,306.5496163346794,308.33567243326627,50.78129842882007,-1.0801779720895297,-1.1528508845383871,305.0671621288728,0.0038834797348079476,0,ITC,15m,2026-03-09 07:15:00
305.1499938964844,305.5,304.6499938964844,304.70001220703125,254806,-0.0014746246057791845,-0.018521500318593898,0.0038821183448406616,0.25,0.55,0,306.37346356061767,308.19309752243356,52.84558090143557,-1.0973082869643918,-1.141742365023588,305.0630218696285,0.0038821183448406616,0,ITC,15m,2026-03-09 07:30:00
304.70001220703125,304.70001220703125,303.70001220703125,303.95001220703125,538061,-0.0024614373808767853,-0.019516089654737945,0.0038958550798526307,0.25,0.55,0,306.1426586697999,308.02670201986876,43.846247746394226,-1.1580535959180907,-1.1450046112024885,304.9973071987498,0.0038958550798526307,0,ITC,15m,2026-03-09 07:45:00
304.0,305.0,303.79998779296875,304.6499938964844,685778,0.002302950029086759,-0.01630616116079131,0.003964339363457018,0.3,0.5,0,306.00050011996035,307.8942820934615,56.80008203165055,-1.1366098872967427,-1.1433256664213394,304.95551629838434,0.003964339363457018,0,ITC,15m,2026-03-09 08:00:00
304.6000061035156,304.6000061035156,304.0,304.3999938964844,530182,-0.0008206138355772996,-0.017272013247830897,0.00395769620624225,0.3,0.5,0,305.84807095581976,307.7572511837762,50.420068934389235,-1.12679946159858,-1.1400204254567874,304.91871875171876,0.00395769620624225,0,ITC,15m,2026-03-09 08:15:00
304.3999938964844,304.8999938964844,304.29998779296875,304.79998779296875,250143,0.0013140404221572144,-0.016615661271929705,0.003973895840131602,0.35,0.45,0,305.7482535117387,307.6412800704112,48.69542602991285,-1.0743638661144246,-1.126889113588315,304.91187617851057,0.003973895840131602,0,ITC,15m,2026-03-09 08:30:00
304.79998779296875,304.95001220703125,304.3999938964844,304.79998779296875,284525,0.0,-0.0008195378134867592,0.0018333191755990712,0.4,0.4,0,305.65794249090345,307.52985684384487,48.245491926157534,-1.0210383839987571,-1.1057189676704036,304.90602905722415,0.0018333191755990712,0,ITC,15m,2026-03-09 08:45:00
304.79998779296875,305.3999938964844,304.70001220703125,305.25,295163,0.0014764180612005795,0.0029571016212770473,0.001782379041113906,0.45,0.35,0,305.6190908251031,307.4404506931059,39.79584210460756,-0.9317249853813792,-1.0709201712125989,304.91237694055036,0.001782379041113906,0,ITC,15m,2026-03-09 09:00:00
305.29998779296875,306.29998779296875,305.1000061035156,305.79998779296875,500111,0.0018017618115273581,0.0034454070318910013,0.001802372557744038,0.5,0.3,0,305.63631910775695,307.37611881466916,44.8595891778423,-0.8072584817790585,-1.0181878333258907,304.95225941165955,0.001802372557744038,0,ITC,15m,2026-03-09 09:15:00
305.70001220703125,306.95001220703125,305.70001220703125,306.79998779296875,525796,0.0032701113143176475,0.009874918105804653,0.0017538126341518335,0.55,0.3,0,305.74714469682476,307.35352544126914,51.23962773336023,-0.6207703837227996,-0.9387043434052725,305.0266605025072,0.0017538126341518335,0,ITC,15m,2026-03-09 09:30:00
306.79998779296875,307.1499938964844,305.79998779296875,306.0,1431769,-0.0026075222451070745,0.005421369684228461,0.0018544693726705978,0.6,0.25,0,305.77122615427004,307.30044601219976,47.32818025523112,-0.5314038586594165,-0.8572442464561014,305.17741032050196,0.0018544693726705978,0,ITC,15m,2026-03-09 09:45:00
305.95001220703125,306.0,304.8999938964844,305.0,772657,-0.0032679738562091387,0.00016392126895481418,0.001968340205739945,0.55,0.3,0,305.69777604433955,307.21023244309384,42.46566752367216,-0.5351035457618423,-0.7928161063172496,305.1846825601822,0.001968340205739945,0,ITC,15m,2026-03-09 10:00:00
306.79998779296875,306.95001220703125,305.1000061035156,305.20001220703125,760049,-0.00489077254743453,-0.0034285315688775686,0.0024193058541411316,0.55,0.35,0,305.73673045027,307.1121762926854,50.0,-0.4026760157994431,-0.6513440080852725,305.75001017252606,0.0024193058541411316,0,ITC,15m,2026-03-10 04:00:00
305.20001220703125,305.79998779296875,304.75,305.29998779296875,582559,0.0003275739906252184,-0.0034275119622229067,0.0024193168967251957,0.55,0.4,0,305.6951359114794,307.0411100770102,50.77717585520969,-0.3951146692435259,-0.6000981403169232,305.547515078172,0.0024193168967251957,0,ITC,15m,2026-03-10 04:15:00
305.29998779296875,305.54998779296875,304.5,304.79998779296875,636105,-0.0016377334424888534,-0.006032956596568995,0.0024247165288452384,0.5,0.45,0,305.6098837097165,306.95322292861647,50.51534066597871,-0.4245738459390509,-0.5649932814413487,305.35542683422943,0.0024247165288452384,0,ITC,15m,2026-03-10 04:30:00
304.79998779296875,305.25,303.8500061035156,304.8999938964844,1848214,0.0003281040272993252,-0.0047331881121011055,0.0024230707130155358,0.45,0.5,0,305.54227515607533,306.87270414304265,55.24854239940111,-0.43483825422714517,-0.5389622759985081,305.02279018233304,0.0024230707130155358,0,ITC,15m,2026-03-10 04:45:00
304.8999938964844,304.8999938964844,303.95001220703125,304.54998779296875,1185183,-0.0011479373910202595,-0.005063764389546255,0.0024283942425901736,0.45,0.45,0,305.4477715976842,306.78161722735354,49.42525106899443,-0.46584546266223015,-0.5243389133312526,304.89128657448543,0.0024283942425901736,0,ITC,15m,2026-03-10 05:00:00
304.54998779296875,305.29998779296875,304.5,305.29998779296875,871825,0.00246264990990519,-0.0008181967271730928,0.002472074720646026,0.5,0.4,0,305.43369694961603,306.72351411227964,54.891280911548606,-0.4250010195539744,-0.504471334575797,304.9123324936879,0.002472074720646026,0,ITC,15m,2026-03-10 05:15:00
305.25,305.6499938964844,304.8500061035156,305.25,1587042,-0.00016373336052222243,0.0001637869953126092,0.002458639578699467,0.55,0.35,0,305.4162020020335,306.66572924513144,52.5424488613636,-0.39214470123528145,-0.4820060079076939,304.98406240458877,0.002458639578699467,1,ITC,15m,2026-03-10 05:30:00
305.25,306.1499938964844,305.25,305.6000061035156,948373,0.0011466211417383576,0.0014747246142299275,0.0024711630130265687,0.6,0.3,0,305.4337071545556,306.62393618075436,54.347934254391056,-0.3340129712038902,-0.4524074005669332,305.0609523606828,0.0024711630130265687,1,ITC,15m,2026-03-10 05:45:00
305.6000061035156,306.25,305.6000061035156,306.25,616444,0.002126943336068443,0.005086930524687894,0.0024833703993362715,0.6,0.3,0,305.5114493303122,306.60927201680323,55.31916965891604,-0.23281038788474007,-0.40848799803049457,305.12729071129843,0.0024833703993362715,1,ITC,15m,2026-03-10 06:00:00
306.25,306.75,306.20001220703125,306.6499938964844,491119,0.001306102519132546,0.008882979374957412,0.002408089195064841,0.65,0.25,1,305.61988214613814,306.61086895326133,54.59464274520543,-0.11895915977697769,-0.3505822303797912,305.199773292558,0.002408089195064841,0,ITC,15m,2026-03-10 06:15:00
306.6499938964844,307.20001220703125,306.45001220703125,307.04998779296875,307602,0.001304398840521026,0.007877872787024787,0.0023777011300509035,0.65,0.25,1,305.75608268393154,306.6280892999165,51.44509282322309,0.0035045253237058205,-0.27976487923909177,305.25295277190173,0.0023777011300509035,1,ITC,15m,2026-03-10 06:30:00
307.04998779296875,307.04998779296875,306.20001220703125,306.6000061035156,440311,-0.0014654997796532676,0.0072273727041511915,0.0023993297770344155,0.65,0.3,1,305.8364563429396,306.62698799809687,53.61451320535494,0.06351594411773931,-0.21110871456772556,305.3113926057766,0.0023993297770344155,1,ITC,15m,2026-03-10 06:45:00
306.6000061035156,307.1499938964844,306.3500061035156,306.3500061035156,377602,-0.0008153946347789764,0.005085362114908287,0.0024021452481692816,0.65,0.3,0,305.88536584394683,306.61612596301524,58.94048836485487,0.08986658910885126,-0.1509136538324102,305.35766138733266,0.0024021452481692816,1,ITC,15m,2026-03-10 07:00:00
306.3500061035156,307.20001220703125,306.3500061035156,307.20001220703125,310122,0.0027746240789314758,0.007874096162013844,0.00246583538320785,0.65,0.3,1,306.0105702594787,306.6390234627806,53.73137047698867,0.17729431536116635,-0.08527205999369489,305.4017647200391,0.00246583538320785,1,ITC,15m,2026-03-10 07:15:00
307.1499938964844,308.75,307.1499938964844,308.6499938964844,457456,0.004719992291132957,0.011138391143273862,0.002641129795697263,0.65,0.3,1,306.26194393919354,306.717885048416,75.93997384181179,0.3594394286449756,0.0036702377340391973,305.51318702491096,0.002641129795697263,1,ITC,15m,2026-03-10 07:30:00
308.6000061035156,309.75,308.29998779296875,309.75,514458,0.0035639271837619724,0.012916979609905788,0.0027132385343737013,0.65,0.3,1,306.59413975450843,306.83679151710555,79.08518633763374,0.5857993127957002,0.1200960527463714,305.6749878008992,0.0027132385343737013,1,ITC,15m,2026-03-10 07:45:00
309.6000061035156,309.79998779296875,308.70001220703125,308.8999938964844,326480,-0.0027441682115112442,0.006844870231653033,0.0027401811730487853,0.65,0.3,1,306.8137449108871,306.91770141433614,75.6251358991085,0.6886642700374068,0.23380969620457848,305.7670753257426,0.0027401811730487853,1,ITC,15m,2026-03-10 08:00:00
308.95001220703125,309.54998779296875,308.70001220703125,309.20001220703125,272312,0.000971247382566931,0.010457556232128296,0.0026527029489495824,0.6,0.3,1,307.0410084629009,307.00720379836343,76.21968239317893,0.7853415317371741,0.3441160633110977,305.84057674404414,0.0026527029489495824,0,ITC,15m,2026-03-10 08:15:00
309.04998779296875,309.5,308.20001220703125,308.25,642986,-0.0030724843775075117,0.010655737704918122,0.0026383177477230925,0.6,0.3,1,307.15615051405314,307.05594090431,71.02282579293794,0.7763516144825644,0.43056317354539103,305.9776736824558,0.0026383177477230925,0,ITC,15m,2026-03-10 08:30:00
308.20001220703125,310.0,308.20001220703125,309.1499938964844,885150,0.0029196882286597337,0.007988202125663202,0.0024299683490402375,0.6,0.3,1,307.346040359999,307.13806062949334,71.50845798965469,0.8322553050768988,0.5109015998516926,306.1752701537594,0.0024299683490402375,0,ITC,15m,2026-03-10 08:45:00
309.25,309.29998779296875,308.6499938964844,308.75,307551,-0.0012938505721540317,0.011631676444890271,0.00213264169326383,0.6,0.25,0,307.4797508019039,307.2012739381407,68.81722900026908,0.8346617569046657,0.5756536312622873,306.23358978880833,0.00213264169326383,0,ITC,15m,2026-03-10 09:00:00
308.79998779296875,309.5,308.45001220703125,309.5,603764,0.0024291497975708065,0.013757000900633365,0.0021709509145797427,0.65,0.25,0,307.67215548743684,307.2914200582136,70.10309927040828,0.886864398571447,0.6378957847241192,306.3511921670204,0.0021709509145797427,0,ITC,15m,2026-03-10 09:15:00
309.3999938964844,309.8999938964844,308.1499938964844,308.8500061035156,800182,-0.002100141830321034,0.013287462180929577,0.002199274374322264,0.7,0.25,0,307.7843317365872,307.352541079598,63.402118616072414,0.8658058223962257,0.6834777922585406,306.4838789556043,0.002199274374322264,0,ITC,15m,2026-03-10 09:30:00
308.8999938964844,309.45001220703125,308.70001220703125,309.3500061035156,928355,0.001618908823438403,0.014594989492003885,0.002207867573514617,0.7,0.2,0,307.93344358105657,307.43087304132024,63.775589643940386,0.8793262447957773,0.7226474827659879,306.63300490270257,0.002207867573514617,0,ITC,15m,2026-03-10 09:45:00
309.29998779296875,309.6000061035156,308.95001220703125,309.5,1054792,0.0004848679279940704,0.016253529487567198,0.0021646522744694007,0.75,0.2,0,308.08263943047973,307.5120152749939,62.82730543820742,0.8918636814973979,0.7564907225122699,306.79440754519595,0.0021646522744694007,0,ITC,15m,2026-03-10 10:00:00
309.8999938964844,310.3999938964844,308.8999938964844,309.79998779296875,1563149,-0.001128505917792899,0.01490577491554057,0.0021846350768971227,0.7,0.25,0,308.4243358044768,307.70113296116824,67.5125865567828,0.945059912171132,0.8241059065738559,309.6999918619792,0.0021846350768971227,0,ITC,15m,2026-03-11 04:00:00
309.79998779296875,309.8500061035156,308.79998779296875,309.70001220703125,875417,-0.0003227101028948631,0.013416250070776625,0.0021950049232629075,0.65,0.3,0,308.54582879519626,307.7795203825747,63.73630058889023,0.9276355031700518,0.8448118258930951,309.61024840422664,0.0021950049232629075,0,ITC,15m,2026-03-11 04:15:00
309.70001220703125,309.75,309.0,309.04998779296875,757121,-0.0020988840440470113,0.009142817283163351,0.0022499639813804003,0.6,0.3,0,308.59384393784126,307.82934263396265,52.409596470263814,0.8515587564984912,0.8461612120141744,309.5288461800863,0.0022499639813804003,0,ITC,15m,2026-03-11 04:30:00
309.1000061035156,309.1000061035156,308.25,308.54998779296875,825156,-0.0016178612514132773,0.006195969131914447,0.002286624177203973,0.55,0.35,0,308.5896671621391,307.8576032284335,42.207725294672514,0.742364054616246,0.8254017805345888,309.3450689280624,0.002286624177203973,0,ITC,15m,2026-03-11 04:45:00
308.6000061035156,309.3500061035156,308.54998779296875,309.1000061035156,779493,0.0017825906086761378,0.006676496961560252,0.0023000148818405593,0.55,0.35,0,308.63827087084167,307.90632490980926,51.351429372659645,0.6922287653262629,0.7987671774929237,309.2890355974909,0.0023000148818405593,0,ITC,15m,2026-03-11 05:00:00
308.95001220703125,309.0,308.54998779296875,309.0,341271,-0.00032353963617237635,0.007827768586782247,0.0022668936344970012,0.55,0.3,0,308.67272126409483,307.94921412903244,48.61102869495189,0.6370826385043529,0.7664302696952097,309.2598946098529,0.0022668936344970012,0,ITC,15m,2026-03-11 05:15:00
308.8500061035156,309.1499938964844,308.6000061035156,309.1499938964844,168582,0.00048541714072602993,0.00913983266585161,0.0022490074927355103,0.55,0.3,0,308.7181758005129,307.99630353167765,57.03120902176764,0.5985821076540105,0.7328606372869698,309.2505854692368,0.0022490074927355103,0,ITC,15m,2026-03-11 05:30:00
309.1499938964844,309.20001220703125,308.45001220703125,308.6499938964844,245055,-0.0016173378938102445,0.004719992291132957,0.002225136099062953,0.55,0.35,0,308.71168228584355,308.0219384479446,45.833333333333336,0.5217103856754761,0.6906305869646712,309.2292389313589,0.002225136099062953,0,ITC,15m,2026-03-11 05:45:00
308.6000061035156,308.6000061035156,308.20001220703125,308.45001220703125,318094,-0.0006479238406211785,-0.0006479238406211785,0.001964518897624155,0.5,0.4,0,308.6867613259567,308.0387256541833,47.413892893598664,0.43958488028664533,0.640421445629066,309.18523139660687,0.001964518897624155,0,ITC,15m,2026-03-11 06:00:00
308.5,308.6000061035156,308.25,308.45001220703125,193099,0.0,-0.004196893601190466,0.0017736785540965923,0.45,0.4,0,308.6642137908209,308.0548545386087,39.60405612830708,0.37023202130347954,0.5863835607639487,309.16129814129783,0.0017736785540965923,0,ITC,15m,2026-03-11 06:15:00
308.45001220703125,308.95001220703125,308.29998779296875,308.8500061035156,290446,0.0012967867746942474,-0.0001618251665796988,0.001698215259146001,0.45,0.4,0,308.68190829679185,308.0860369529188,50.0,0.34358491246013045,0.5378238311031851,309.140221521037,0.001698215259146001,0,ITC,15m,2026-03-11 06:30:00
308.8999938964844,309.0,308.70001220703125,308.8500061035156,211789,0.0,-0.0011319731232134478,0.001682592316497583,0.5,0.4,0,308.69791761171797,308.115996527452,44.1860300066713,0.31879205040382885,0.4940174749633139,309.1308643125995,0.001682592316497583,0,ITC,15m,2026-03-11 06:45:00
308.8500061035156,309.0,308.6499938964844,308.70001220703125,507588,-0.00048565288496094094,0.0014598936156731135,0.0015310532618842462,0.5,0.4,0,308.6981170969859,308.1388991031218,40.69778995330088,0.2837691604646011,0.45196781206357134,309.1059356748709,0.0015310532618842462,0,ITC,15m,2026-03-11 07:00:00
308.79998779296875,309.0,308.5,308.8500061035156,286549,0.0004858888582868204,-0.0009703632504977078,0.0013824878016704485,0.45,0.45,0,308.71258271665545,308.1667856521568,32.894842512729085,0.26506106281908615,0.4145864622146743,309.09338057594334,0.0013824878016704485,0,ITC,15m,2026-03-11 07:15:00
308.8500061035156,309.1499938964844,308.54998779296875,308.54998779296875,247877,-0.0009714045802748927,-0.0006478128162955565,0.001369004150467571,0.5,0.45,0,308.6970974858282,308.1818131870906,33.33333333333333,0.22344999786434983,0.37635916934460945,309.0821964765654,0.001369004150467571,0,ITC,15m,2026-03-11 07:30:00
308.54998779296875,308.70001220703125,307.75,307.95001220703125,780758,-0.0019445004364740948,-0.0050080381032916454,0.0013029827198835974,0.45,0.45,0,308.6259465068951,308.1727229525785,29.411764705882362,0.140440997122937,0.32917553490027496,308.99391296586583,0.0013029827198835974,0,ITC,15m,2026-03-11 07:45:00
307.8999938964844,308.70001220703125,307.8500061035156,308.6000061035156,395691,0.002110712358236233,-0.0008094544117192015,0.0013282856853322476,0.4,0.4,0,308.6234759922876,308.1894791545761,44.70605975743736,0.12565635298949474,0.28847169851811894,308.96641849295344,0.0013282856853322476,0,ITC,15m,2026-03-11 08:00:00
308.6000061035156,309.1499938964844,308.6000061035156,308.79998779296875,594834,0.0006480287929289119,-0.001777980603507201,0.0012813945552180587,0.45,0.4,0,308.6402866399715,308.21342066980714,53.16459608134001,0.1285939163970511,0.25649614209390537,308.95903708951636,0.0012813945552180587,0,ITC,15m,2026-03-11 08:15:00
308.8500061035156,309.0,308.5,309.0,371370,0.0006477079499283,-0.001615508885298822,0.001285737430880895,0.4,0.45,0,308.6745450552123,308.24426691805,48.611005145681276,0.145385358187184,0.2342739853125611,308.95425076926915,0.001285737430880895,0,ITC,15m,2026-03-11 08:30:00
308.95001220703125,309.25,308.8500061035156,309.1000061035156,602027,0.00032364434794707186,-0.0033854193571875024,0.0011845767933124833,0.4,0.45,0,308.71506515505075,308.27782531748005,51.388994854318724,0.16486192786800302,0.2203915738236495,308.9607864972306,0.0011845767933124833,0,ITC,15m,2026-03-11 08:45:00
309.1000061035156,309.95001220703125,308.8500061035156,309.3500061035156,1004438,0.0008087997252135271,-0.0014524909850991419,0.0011811797981395547,0.45,0.4,0,308.7755357215712,308.3198716228148,52.70290333223358,0.1981856000924722,0.21595037907741405,308.9981489616797,0.0011811797981395547,0,ITC,15m,2026-03-11 09:00:00
309.1499938964844,309.29998779296875,309.04998779296875,309.1000061035156,726157,-0.0008081460968724086,-0.0019373783657280486,0.0011915445560335212,0.45,0.35,0,308.8064376627088,308.3504651318619,56.52200835043521,0.20209234499657214,0.21317877226124568,309.00727221322114,0.0011915445560335212,0,ITC,15m,2026-03-11 09:15:00
309.04998779296875,309.29998779296875,308.75,309.0,491502,-0.00032353963617237635,-0.00016174662657564287,0.00109687198563735,0.45,0.4,0,308.82487217102226,308.37593708747517,58.208832853551,0.19487244348721333,0.20951750650643922,309.0076391705901,0.00109687198563735,0,ITC,15m,2026-03-11 09:30:00
309.1000061035156,309.1499938964844,308.6499938964844,308.79998779296875,931673,-0.0006472886958940327,0.0008102414840078787,0.0010419726374197706,0.45,0.4,0,308.8225022302553,308.3925665269063,54.92925055447622,0.17103966717411367,0.2018219386399741,308.9979162795316,0.0010419726374197706,0,ITC,15m,2026-03-11 09:45:00
308.79998779296875,309.29998779296875,308.70001220703125,308.8999938964844,857600,0.00032385397496415,-0.0006470792723448637,0.00096160340020145,0.45,0.4,0,308.8298823889438,308.41246563943884,50.76904296875,0.15839578895082695,0.1931367087021447,308.99605076096253,0.00096160340020145,0,ITC,15m,2026-03-11 10:00:00
306.1000061035156,306.25,305.3999938964844,305.6000061035156,1087735,-0.0016334530873249875,-0.011483059560264519,0.0022415899327712934,0.4,0.5,0,308.2870476886394,308.21504468319716,25.781179219416828,-0.29986184843062347,0.05136691376423855,305.75,0.0022415899327712934,0,ITC,15m,2026-03-12 04:00:00
305.6499938964844,306.6000061035156,305.3999938964844,306.6000061035156,557767,0.0032722512435463535,-0.006641787894077433,0.0023840299388671617,0.4,0.45,0,308.1263770614848,308.1517098369352,34.48275862068965,-0.3915330016574785,-0.03721306932010487,305.90253477952615,0.0023840299388671617,0,ITC,15m,2026-03-12 04:15:00
306.6000061035156,306.8500061035156,306.20001220703125,306.20001220703125,632029,-0.0013046115085507681,-0.007294536913455496,0.0023931375616707243,0.45,0.4,0,307.94291374201305,308.0751726749782,34.01371842354388,-0.49080156072392356,-0.1279307676008686,306.04521239481613,0.0023931375616707243,0,ITC,15m,2026-03-12 04:30:00
306.25,306.29998779296875,305.3999938964844,305.5,698120,-0.002286127299557239,-0.009563987973037258,0.0024291991115718103,0.45,0.45,0,307.71025529039275,307.9741855112536,33.556991995805376,-0.618824322254568,-0.2261094785316085,305.9720407522449,0.0024291991115718103,0,ITC,15m,2026-03-12 04:45:00
305.45001220703125,306.3500061035156,305.3500061035156,306.1000061035156,760838,0.0019640134321297076,-0.008903998528911439,0.0024592455889995216,0.45,0.5,0,307.5568982249759,307.9006882795776,33.10816383761403,-0.6642111918656042,-0.31372982119840764,305.9641602442592,0.0024592455889995216,0,ITC,15m,2026-03-12 05:00:00
306.0,306.5,305.95001220703125,306.1499938964844,2077106,0.00016330542950671045,-0.00874214717070887,0.0024610685272088146,0.45,0.5,0,307.4229073365482,307.8320335978877,31.7242569527169,-0.6882137165733866,-0.38862660027340346,306.04842280427073,0.0024610685272088146,0,ITC,15m,2026-03-12 05:15:00
306.1499938964844,306.95001220703125,306.0,306.95001220703125,537491,0.002613158015666528,-0.0056689340161941715,0.0025535873068434317,0.5,0.45,0,307.3778697051656,307.79744452373643,36.94281382420401,-0.6353570975792309,-0.437972699734569,306.09792434137626,0.0025535873068434317,0,ITC,15m,2026-03-12 05:30:00
306.95001220703125,307.0,306.1499938964844,306.45001220703125,431754,-0.0016289297283453852,-0.007770742590433977,0.002563920576074192,0.55,0.4,0,307.2895023243909,307.7446040407284,33.93949033983509,-0.6265907197624188,-0.47569630374013894,306.1256399372504,0.002563920576074192,0,ITC,15m,2026-03-12 05:45:00
306.45001220703125,306.70001220703125,306.20001220703125,306.3500061035156,355821,-0.000326337410775035,-0.0071300657154109714,0.0025602346924259423,0.5,0.4,0,307.2000264938314,307.6899139255436,31.48156520559712,-0.6205595349183568,-0.5046689499757826,306.1401464450516,0.0025602346924259423,0,ITC,15m,2026-03-12 06:00:00
306.25,306.70001220703125,306.25,306.29998779296875,763671,-0.00016327177917530022,-0.005358091731307413,0.0025328513991698972,0.5,0.35,0,307.1143085223207,307.63540701838383,32.27848834738806,-0.6127524087745542,-0.5262856417355369,306.1668689965922,0.0025328513991698972,0,ITC,15m,2026-03-12 06:15:00
306.3500061035156,307.04998779296875,306.29998779296875,307.0,1096801,0.002285381113055651,-0.00518472479543286,0.002541761537133518,0.55,0.35,0,307.1034219963854,307.6104890960943,38.23537859476537,-0.5438113514483689,-0.5297907836781033,306.2420017649614,0.002541761537133518,0,ITC,15m,2026-03-12 06:30:00
307.0,307.29998779296875,306.45001220703125,306.6000061035156,1167327,-0.0013029117149327973,-0.007124293317420927,0.002542644909441345,0.55,0.35,0,307.05547762563594,307.5708623120716,37.35648916280522,-0.5155087672063701,-0.5269343803837566,306.3041584380458,0.002542644909441345,0,ITC,15m,2026-03-12 06:45:00
306.6000061035156,307.1499938964844,306.45001220703125,307.1499938964844,1628598,0.0017938283823224488,-0.0059870747686590065,0.002579072425723255,0.55,0.3,0,307.06447917524054,307.55435766832306,40.437183985485014,-0.44358596396278926,-0.5102646970995632,306.38873027110634,0.002579072425723255,0,ITC,15m,2026-03-12 07:00:00
307.1499938964844,307.29998779296875,306.70001220703125,307.0,279861,-0.0004883408740516959,-0.006793937437880038,0.0025751756286063903,0.55,0.3,0,307.0583383014081,307.53261815191826,56.92299746940041,-0.39414640371700216,-0.4870410384230511,306.4028977001051,0.0025751756286063903,0,ITC,15m,2026-03-12 07:15:00
307.0,307.0,306.45001220703125,306.54998779296875,243817,-0.0014658378079194234,-0.009051295475358545,0.0025721062414418737,0.5,0.35,0,307.00992396727105,307.4940836280379,57.36415036313311,-0.38681841828798724,-0.46699651439603834,306.40811831349595,0.0025721062414418737,0,ITC,15m,2026-03-12 07:30:00
306.54998779296875,306.6499938964844,305.79998779296875,306.5,689352,-0.0001630657150849535,-0.00841153688830698,0.0025714413603266685,0.5,0.4,0,306.9613597799119,307.4550999563501,49.09085864891109,-0.3806565622680296,-0.4497285239704366,306.4032715917398,0.0025714413603266685,0,ITC,15m,2026-03-12 07:45:00
306.5,307.8500061035156,306.45001220703125,307.79998779296875,468810,0.004241395735623987,-0.003883534650586551,0.00277491772846866,0.55,0.35,0,307.0412291144887,307.4686249695509,62.499761582330386,-0.26778820085002053,-0.41334045934635344,306.4367845113206,0.00277491772846866,0,ITC,15m,2026-03-12 08:00:00
307.79998779296875,308.0,306.8999938964844,306.8999938964844,803822,-0.002923956894662849,-0.0061528302188865736,0.0028405474937322176,0.6,0.3,0,307.02777814134544,307.4463257117836,60.606004559137,-0.24810124047468207,-0.3802926155720192,306.4834960400891,0.0028405474937322176,0,ITC,15m,2026-03-12 08:15:00
307.04998779296875,307.20001220703125,305.95001220703125,306.20001220703125,1110242,-0.0022808136310658034,-0.008740633676923681,0.0028697717798453616,0.55,0.35,0,306.9489432904584,307.3974506723815,50.74631624496118,-0.28568861437651094,-0.3613718153329176,306.48108065125365,0.0028697717798453616,0,ITC,15m,2026-03-12 08:30:00
306.20001220703125,306.25,305.0,305.1499938964844,1586744,-0.003429190949335803,-0.0031036007451433756,0.0021689998314573596,0.55,0.35,0,306.77761477674653,307.30931511254244,43.506503800819615,-0.3956438453190003,-0.36822622133013416,306.386272876175,0.0021689998314573596,0,ITC,15m,2026-03-12 08:45:00
305.0,305.3999938964844,304.70001220703125,305.3500061035156,939683,0.0006554553859801082,-0.0008180628108865884,0.0021470586163437025,0.55,0.35,0,306.64165204596264,307.23247946512964,38.73236106991958,-0.4613269545242247,-0.3868463679689523,306.32143637675415,0.0021470586163437025,0,ITC,15m,2026-03-12 09:00:00
305.5,305.79998779296875,304.0,304.04998779296875,1301692,-0.004257469410713477,-0.00831708499603201,0.0021955418843272348,0.55,0.4,0,306.39482687901085,307.10767587014294,34.81001900582537,-0.6112359571129673,-0.43172428579775535,306.20597322392905,0.0021955418843272348,0,ITC,15m,2026-03-12 09:15:00
304.04998779296875,304.45001220703125,303.54998779296875,304.3999938964844,1152261,0.001151146579732698,-0.005878570342217504,0.002211793876585267,0.5,0.45,0,306.2048427854369,307.0014922633328,38.036770763124395,-0.6937996636229968,-0.48413936136280367,306.08873870608244,0.002211793876585267,0,ITC,15m,2026-03-12 09:30:00
304.45001220703125,304.6499938964844,304.04998779296875,304.20001220703125,973336,-0.0006569700836496217,-0.004255279191387018,0.002163987045865518,0.55,0.4,0,306.0139065398744,306.8916303003406,37.34952605763787,-0.7665327346784352,-0.54061803602593,306.0071705626099,0.002163987045865518,0,ITC,15m,2026-03-12 09:45:00
304.45001220703125,304.5,303.0,303.79998779296875,1457328,-0.0013150045956942247,-0.007513944020533847,0.002114171435879118,0.5,0.4,0,305.80305713540724,306.77038941769854,29.999923706054688,-0.8466926981977849,-0.601832968460301,305.86397460908057,0.002114171435879118,0,ITC,15m,2026-03-12 10:00:00
305.0,306.0,304.8500061035156,305.29998779296875,696727,0.0009835665343238542,-0.005375547641124023,0.0022480896282948745,0.5,0.45,0,305.6859481024641,306.6460222017597,39.18127402584887,-0.7376703781812353,-0.6613663273348612,305.3833312988281,0.0022480896282948745,0,ITC,15m,2026-03-13 04:00:00
305.20001220703125,305.70001220703125,304.29998779296875,304.6000061035156,733660,-0.002292766843894567,-0.006036893554651868,0.0022740063151532584,0.45,0.5,0,305.5825250549452,306.5657862763384,36.813229193565164,-0.7330414394095328,-0.6757013497497956,305.1183298122399,0.0022740063151532584,0,ITC,15m,2026-03-13 04:15:00
304.6000061035156,304.79998779296875,303.75,303.8999938964844,936245,-0.002298135892989328,-0.007997428295148712,0.002317523938009404,0.45,0.55,0,305.42228399223467,306.46124539869703,35.8289188951012,-0.7769024590022582,-0.6959415716002881,304.735253922348,0.002317523938009404,0,ITC,15m,2026-03-13 04:30:00
303.8999938964844,304.0,303.3500061035156,303.79998779296875,529109,-0.0003290757009678513,-0.008161933070953253,0.0023169333681309807,0.45,0.6,0,305.2677795923046,306.35688235533513,35.638270242192064,-0.810390611282628,-0.7188313795367561,304.5491375670727,0.0023169333681309807,0,ITC,15m,2026-03-13 04:45:00
303.79998779296875,304.3999938964844,303.79998779296875,304.20001220703125,605352,0.0013167361097299324,-0.009120481410321624,0.0022672797708918804,0.45,0.6,0,305.1660874603738,306.2722992122644,28.823825081678805,-0.7954817675168897,-0.7341614571327828,304.47724311694117,0.0022672797708918804,0,ITC,15m,2026-03-13 05:00:00
304.20001220703125,304.54998779296875,303.95001220703125,304.0,739354,-0.0006575022978471123,-0.008480124108796616,0.0022591632695536557,0.45,0.6,0,305.05503151176674,306.1831894392344,31.410484637685684,-0.7906911199135607,-0.7454673896889384,304.4230917643087,0.0022591632695536557,0,ITC,15m,2026-03-13 05:15:00
304.0,304.0,303.3999938964844,303.79998779296875,2029620,-0.0006579348915501937,-0.01090674318764484,0.0021982217016153992,0.45,0.65,0,304.9355035385479,306.0897305511456,33.561724008193636,-0.7938824282505834,-0.7551503974012674,304.19981506016927,0.0021982217016153992,0,ITC,15m,2026-03-13 05:30:00
303.8500061035156,303.95001220703125,303.20001220703125,303.95001220703125,465716,0.0004938262675795446,-0.009934813657878627,0.002210511438765475,0.4,0.7,0,304.8416472212606,306.005820027847,40.625312918715046,-0.7753678883244675,-0.7591938955859074,304.16525839681594,0.002210511438765475,0,ITC,15m,2026-03-13 05:45:00
303.8999938964844,304.0,303.79998779296875,304.0,446565,0.00016446057233476807,-0.008318342503705778,0.0022029421295492314,0.45,0.65,0,304.7614903430453,305.92716041891185,39.20010937339785,-0.7480384631503512,-0.7569628090987962,304.1508381218513,0.0022029421295492314,0,ITC,15m,2026-03-13 06:00:00
303.8999938964844,304.5,303.8500061035156,304.5,2086682,0.00164473684210531,-0.006525285481239762,0.0022504119004300403,0.5,0.6,0,304.73658650085054,305.8711933436604,54.12849687548995,-0.6782158256133357,-0.7412134124017041,304.18066644458315,0.0022504119004300403,0,ITC,15m,2026-03-13 06:15:00
304.5,304.5,302.95001220703125,303.0,754868,-0.0049261083743842304,-0.015594502869822446,0.002204553823685676,0.45,0.65,0,304.5711973102933,305.75859752626195,39.39409352155397,-0.7354406443452035,-0.740058858790404,304.1281528037363,0.002204553823685676,0,ITC,15m,2026-03-13 06:30:00
302.95001220703125,303.1499938964844,302.70001220703125,302.8500061035156,1291564,-0.0004950293613346091,-0.013196441425589511,0.0021465584800250018,0.4,0.7,0,304.4072743382192,305.6445351175268,39.69473473324232,-0.7838591391470118,-0.7488189148617256,303.9879700438616,0.0021465584800250018,0,ITC,15m,2026-03-13 06:45:00
302.70001220703125,303.1000061035156,302.45001220703125,302.95001220703125,1529719,0.0003302166138356988,-0.010613977369153593,0.0021221710339403444,0.4,0.7,0,304.26848746858224,305.5388675524094,43.20026171619417,-0.8048832947466735,-0.7600317908387153,303.8504667924021,0.0021221710339403444,0,ITC,15m,2026-03-13 07:00:00
303.0,303.0,301.8999938964844,302.20001220703125,1074191,-0.0024756559490991537,-0.009667316888277044,0.0020635404270528414,0.4,0.7,0,304.071489824625,305.40793204866907,25.86237740455445,-0.8720118121566998,-0.7824277951023123,303.73595856922816,0.0020635404270528414,0,ITC,15m,2026-03-13 07:15:00
302.20001220703125,302.45001220703125,301.79998779296875,301.79998779296875,678763,-0.00132370747155508,-0.011626062680815563,0.002053474086362947,0.4,0.7,0,303.8551562978006,305.2664440386416,20.339412622715102,-0.946578702848683,-0.8152579766515864,303.65601722798476,0.002053474086362947,0,ITC,15m,2026-03-13 07:30:00
301.79998779296875,302.0,300.79998779296875,301.0,1016820,-0.002650721753897245,-0.010031205115671682,0.0019298421870683655,0.35,0.7,0,303.58323665039103,305.0991325077145,20.000406894832935,-1.0580295243074715,-0.8638122861827635,303.5004264129481,0.0019298421870683655,0,ITC,15m,2026-03-13 07:45:00
301.0,302.1499938964844,300.75,301.8500061035156,628577,0.00282394054324131,-0.008377095414252578,0.0020384624815567294,0.4,0.7,0,303.4181670744981,304.97171578598125,33.33366414259203,-1.065484472756168,-0.9041467234974444,303.4262405390443,0.0020384624815567294,0,ITC,15m,2026-03-13 08:00:00
301.8999938964844,301.95001220703125,301.3500061035156,301.6000061035156,461379,-0.0008282259232894607,-0.008547028268184653,0.002039875875850301,0.35,0.7,0,303.2450088867855,304.83949187686494,32.54004776183025,-1.0791259910819804,-0.9391425770143517,303.37672180895635,0.002039875875850301,0,ITC,15m,2026-03-13 08:15:00
301.6000061035156,301.6000061035156,300.79998779296875,301.3999938964844,667183,-0.0006631704342956457,-0.007899914394071339,0.002030127207939927,0.35,0.7,0,303.0692931734235,304.70460960312454,27.04928284480731,-1.0934714479826653,-0.9700083512080144,303.2956840460492,0.002030127207939927,0,ITC,15m,2026-03-13 08:30:00
301.45001220703125,302.29998779296875,301.29998779296875,302.25,751702,0.002820192835861768,-0.00901639344262295,0.0019153470606709552,0.35,0.65,0,302.99126525214507,304.608350403002,37.03715425026901,-1.0244427982885327,-0.9808952406241181,303.2398701588178,0.0019153470606709552,0,ITC,15m,2026-03-13 08:45:00
302.29998779296875,302.29998779296875,301.70001220703125,301.8500061035156,977840,-0.0013233875814205875,-0.011300300777583483,0.0018937490977304738,0.3,0.65,0,302.88257390465657,304.50018003831633,35.97144099166151,-0.9905943061019116,-0.9828350537196769,303.1738399692215,0.0018937490977304738,0,ITC,15m,2026-03-13 09:00:00
301.95001220703125,302.3500061035156,300.8999938964844,301.3500061035156,1426533,-0.0016564518465788103,-0.010669730580686543,0.0018683937547535094,0.35,0.65,0,302.73661506645266,304.376643805579,32.19178368526005,-0.9926720480514177,-0.9848024525860252,303.0598388641778,0.0018683937547535094,0,ITC,15m,2026-03-13 09:15:00
301.3500061035156,302.0,301.1000061035156,301.25,1461916,-0.0003318603002824272,-0.008719953766721744,0.0018218634865233398,0.35,0.6,0,302.5950326791715,304.2540303230073,31.29261021565648,-0.9909651014484098,-0.9860349823585022,302.95281580270773,0.0018218634865233398,0,ITC,15m,2026-03-13 09:30:00
301.20001220703125,301.5,300.95001220703125,301.45001220703125,1550293,0.0006639409362032556,-0.007735272153924333,0.001838393846682854,0.35,0.6,0,302.4859831103962,304.1440688282632,28.36903071648716,-0.9623793107974166,-0.9813038480462851,302.84396724671126,0.001838393846682854,0,ITC,15m,2026-03-13 09:45:00
301.5,302.0,301.20001220703125,301.79998779296875,1166629,0.001160973865534709,-0.007889626291103125,0.0018311136852141932,0.35,0.6,0,302.42065022302216,304.0521440817811,39.83044710653177,-0.9010974701180885,-0.9652625724606458,302.7883768225698,0.0018311136852141932,0,ITC,15m,2026-03-13 10:00:00
305.3999938964844,305.6000061035156,303.1000061035156,303.95001220703125,3141787,-0.004747811782683242,0.0004938262675795446,0.0034850289436984894,0.4,0.55,0,302.8230272364461,304.0989229478389,54.67289186522083,-0.3943108656523009,-0.7855319380446286,304.2166748046875,0.0034850289436984894,0,ITC,15m,2026-03-16 04:00:00
303.8500061035156,305.0,303.8500061035156,304.79998779296875,1949849,0.0027964321493711974,0.0027964321493711974,0.0035387630780194116,0.4,0.5,0,303.0113091942101,304.12641568686365,62.036937614087826,-0.19561884128199836,-0.6675493186921025,304.3443213669667,0.0035387630780194116,0,ITC,15m,2026-03-16 04:15:00
304.75,305.04998779296875,304.20001220703125,304.3999938964844,810792,-0.0013123159859050881,0.0013157693963301575,0.003553723340665095,0.4,0.5,0,303.143564880141,304.1371442441037,62.03711291266004,-0.06962752229219404,-0.5479649594121209,304.37257430637976,0.003553723340665095,0,ITC,15m,2026-03-16 04:30:00
304.54998779296875,304.95001220703125,303.8500061035156,303.8999938964844,1313752,-0.0016425755914108997,-0.0019704633941399763,0.0035531613833605924,0.35,0.55,0,303.2156057388404,304.12784423047157,63.80953488169318,-0.0100089387840967,-0.44037375528651607,304.34722533210925,0.0035531613833605924,0,ITC,15m,2026-03-16 04:45:00
303.8999938964844,304.04998779296875,303.45001220703125,303.6000061035156,1997998,-0.000987126683098749,0.0019802181634178684,0.003375890535324409,0.35,0.55,0,303.2522152973809,304.10714469608115,58.79401300453932,0.012884189468763907,-0.3497221663354601,304.20688173833815,0.003375890535324409,0,ITC,15m,2026-03-16 05:00:00
303.6000061035156,303.8999938964844,303.1000061035156,303.5,717620,-0.00032940086134758406,0.00214625683798797,0.0033745458062780557,0.35,0.55,0,303.27581384048756,304.0833351001564,59.69388867263526,0.022695877825526622,-0.2752385575032628,304.1558061452717,0.0033745458062780557,0,ITC,15m,2026-03-16 05:15:00
303.70001220703125,303.70001220703125,302.45001220703125,303.1499938964844,1740524,-0.0011532326310235153,0.0006601144789406543,0.003385794887823479,0.35,0.55,0,303.2638309886777,304.0467334843261,58.79401300453932,0.0022037407554194033,-0.21975009785152638,303.9983700060119,0.003385794887823479,0,ITC,15m,2026-03-16 05:30:00
303.0,303.6000061035156,302.8999938964844,303.45001220703125,606195,0.0009896695252757937,0.004136333386855151,0.003338707966267219,0.35,0.5,0,303.2815625332828,304.0233326499224,56.3830685219695,0.010056618356486524,-0.17378875460992382,303.96471425677277,0.003338707966267219,0,ITC,15m,2026-03-16 05:45:00
303.54998779296875,303.6000061035156,302.8500061035156,303.3500061035156,809243,-0.0003295636826252668,0.005135912436186718,0.003322004464900166,0.35,0.5,0,303.2880809685431,303.99692768731825,58.241780353334136,0.008116857582820103,-0.13740763217137503,303.9215529223097,0.003322004464900166,0,ITC,15m,2026-03-16 06:00:00
303.3500061035156,304.0,303.3500061035156,303.75,1142801,0.001318588720739644,0.009136212624584639,0.0032567992077144874,0.4,0.45,0,303.3320732572533,303.9872442485999,63.333344636178374,0.03841294720808719,-0.10224351629548259,303.90376103229676,0.0032567992077144874,0,ITC,15m,2026-03-16 06:15:00
303.70001220703125,303.8999938964844,303.25,303.6000061035156,821764,-0.0004938070666152816,0.0057975814630260025,0.0032142631753732873,0.35,0.45,0,303.35759067118306,303.97205843898877,62.98352043001326,0.04974612030366643,-0.0718455889756528,303.88626765850825,0.0032142631753732873,0,ITC,15m,2026-03-16 06:30:00
303.6000061035156,304.04998779296875,303.6000061035156,303.79998779296875,468094,0.0006587012036651796,0.007294368849243504,0.0032041210078093017,0.4,0.45,0,303.39972373040075,303.9653105705174,62.98339560543318,0.07401143490409368,-0.0426741841997035,303.8841683167512,0.0032041210078093017,0,ITC,15m,2026-03-16 06:45:00
303.8500061035156,304.1499938964844,303.29998779296875,303.3500061035156,1141167,-0.0014811774441537695,0.0064698481968150645,0.0032231452115642233,0.45,0.45,0,303.3949887183165,303.94118098357615,58.47010756274493,0.056283310889341465,-0.02288268518189451,303.864705094646,0.0032231452115642233,0,ITC,15m,2026-03-16 07:00:00
303.3999938964844,303.5,302.8999938964844,303.0,1224553,-0.0011538028563486957,0.002481389578163684,0.0031836345026086026,0.4,0.5,0,303.35737074514344,303.9042719253967,29.660837225661965,0.013831634974678764,-0.015539821150579855,303.81463246713315,0.0031836345026086026,0,ITC,15m,2026-03-16 07:15:00
303.04998779296875,303.75,302.70001220703125,303.3500061035156,837549,0.0011551356551671166,0.004969355539736542,0.0031723546143298206,0.45,0.55,0,303.3566693507027,303.88253601081317,43.74988078964936,0.008334864268135789,-0.010764884066836726,303.7901211050435,0.0031723546143298206,0,ITC,15m,2026-03-16 07:30:00
303.1000061035156,304.3500061035156,302.79998779296875,304.25,748062,0.0029668497721317966,0.009623341090918114,0.003194291085750474,0.45,0.5,0,303.4417484601596,303.8969463633303,44.32999421106944,0.07572767822881588,0.006533628392293794,303.7905005523959,0.003194291085750474,0,ITC,15m,2026-03-16 07:45:00
304.25,304.5,303.79998779296875,304.0,997001,-0.0008216926869351049,0.009128630705394158,0.0032027408590705794,0.5,0.5,0,303.4949152734778,303.9009876824154,45.744729204137414,0.1077223025201306,0.026771363217861156,303.8055755905334,0.0032027408590705794,0,ITC,15m,2026-03-16 08:00:00
304.0,304.6499938964844,303.95001220703125,304.1000061035156,535418,0.00032896744577515236,0.008790823649608592,0.00320249029217596,0.55,0.45,0,303.5525429715766,303.90879232638014,52.32572993995827,0.13953940613401983,0.049324971801092896,303.81647968170483,0.00320249029217596,0,ITC,15m,2026-03-16 08:15:00
304.04998779296875,304.3500061035156,303.8500061035156,304.25,362724,0.0004932387157969842,0.008117999688959321,0.003198084112179241,0.5,0.5,0,303.6189674504741,303.9221730194633,57.83126328251965,0.17484246872908216,0.07442847118669074,303.82214158584134,0.003198084112179241,0,ITC,15m,2026-03-16 08:30:00
304.25,305.1499938964844,304.25,305.1499938964844,840326,0.0029580736121097573,-0.0008185985756264946,0.0018368583451912272,0.5,0.5,0,303.7647794929512,303.97032285777783,66.66666666666666,0.27230344149342045,0.11400346524803669,303.86103581795754,0.0018368583451912272,0,ITC,15m,2026-03-16 08:45:00
305.20001220703125,308.3500061035156,305.1499938964844,308.04998779296875,3594901,0.009503503046007333,0.013488979836410842,0.002542772451997988,0.5,0.5,0,304.17289456914335,304.1303097179814,82.66675889794473,0.5768971248147636,0.2065821971613821,304.32391700882994,0.002542772451997988,0,ITC,15m,2026-03-16 09:00:00
308.1499938964844,309.20001220703125,307.8500061035156,309.1000061035156,2883157,0.003408597150318826,0.014107672187531728,0.0025731780492970844,0.55,0.5,0,304.6421432867026,304.32519977231607,84.24251391791665,0.8927267177190288,0.3438111012729115,304.76543306560114,0.0025731780492970844,0,ITC,15m,2026-03-16 09:15:00
309.1000061035156,309.3500061035156,308.5,308.75,2828939,-0.0011323393613859034,0.014290427696246555,0.002566061013487591,0.55,0.5,0,305.0333677355881,304.4987213498723,81.76478402452904,1.1020773168055484,0.49546434437943887,305.1335889936324,0.002566061013487591,1,ITC,15m,2026-03-16 09:30:00
308.75,309.20001220703125,307.75,307.8500061035156,2932279,-0.0029149599886133526,0.012997737039694535,0.002642175048324127,0.55,0.5,0,305.30161900872406,304.63014428138774,72.77788892242066,1.1817447708796749,0.6327204296794862,305.40029467045724,0.002642175048324127,1,ITC,15m,2026-03-16 09:45:00
307.75,308.04998779296875,306.79998779296875,307.29998779296875,1987334,-0.0017866438188794964,0.012187027717619925,0.0026740912589578937,0.55,0.5,0,305.49193984531877,304.7348440269399,69.68076644622572,1.1868190104567589,0.7435401458349408,305.5084616132894,0.0026740912589578937,1,ITC,15m,2026-03-16 10:00:00
306.70001220703125,307.0,305.70001220703125,306.6499938964844,1792441,-0.00016308545339449587,0.011545439783829048,0.002704924034016797,0.6,0.5,1,305.70632764553204,304.88399118893244,67.55308096876826,1.0675674973213631,0.870084512960877,306.4500020345052,0.002704924034016797,1,ITC,15m,2026-03-17 04:00:00
306.6000061035156,307.1499938964844,306.3999938964844,306.8500061035156,625088,0.0006522491798868213,0.01120446122824581,0.0027032703374707903,0.65,0.5,1,305.81524940343525,304.96108981303377,70.81077514392702,1.022906142740453,0.9006488389167921,306.5404986765353,0.0027032703374707903,1,ITC,15m,2026-03-17 04:15:00
306.8500061035156,306.95001220703125,305.79998779296875,305.95001220703125,748372,-0.002933009218128446,0.008570977587613493,0.0028090117007427877,0.65,0.5,1,305.8280839561587,304.9998710833866,63.26531247761789,0.9044636180046837,0.9014117947343705,306.4678903109897,0.0028090117007427877,1,ITC,15m,2026-03-17 04:30:00
306.0,306.70001220703125,305.8999938964844,306.70001220703125,913676,0.00245138084679164,0.009711974344135843,0.002839119343269037,0.6,0.5,1,305.9111247419561,305.06654328431387,62.69433165091773,0.8611885502714927,0.893367145841795,306.46015217919773,0.002839119343269037,1,ITC,15m,2026-03-17 04:45:00
306.70001220703125,306.8999938964844,305.79998779296875,305.95001220703125,808758,-0.002445386273717265,0.0077404679060328885,0.0029073281587896284,0.65,0.5,1,305.9148283100585,305.1011891244204,59.60594835776738,0.7576404083121702,0.8662217983358701,306.41986801259173,0.0029073281587896284,1,ITC,15m,2026-03-17 05:00:00
305.79998779296875,306.0,305.6000061035156,305.8999938964844,449699,-0.00016348523795128855,0.00691246276463553,0.0029091352242675405,0.6,0.55,1,305.91341550876575,305.13251480175626,58.91079834903523,0.6638888032769046,0.825755199324077,306.37045580226714,0.0029091352242675405,1,ITC,15m,2026-03-17 05:15:00
306.0,306.70001220703125,305.95001220703125,306.5,915813,0.0019614452941723037,0.010384024503396372,0.00289700005152111,0.6,0.5,1,305.96928069840715,305.1861416722756,60.66345775576794,0.6307347414553419,0.7867511077503301,306.37234277891747,0.00289700005152111,0,ITC,15m,2026-03-17 05:30:00
306.54998779296875,306.79998779296875,305.70001220703125,305.70001220703125,1370955,-0.002610074365314019,0.008910931376340692,0.0029589394305667574,0.65,0.5,1,305.94363608018085,305.20629345795226,52.63165579817012,0.5337547865554484,0.7361518435113539,306.3173823201356,0.0029589394305667574,0,ITC,15m,2026-03-17 05:45:00
305.75,306.04998779296875,305.20001220703125,305.3999938964844,1638930,-0.0009814141268129628,0.006757830069959558,0.002970604149552342,0.6,0.5,1,305.8918606341145,305.21388955358094,33.12120234341894,0.4277575801764897,0.6744729908443811,306.1816174642059,0.002970604149552342,0,ITC,15m,2026-03-17 06:00:00
305.3500061035156,305.8999938964844,304.8999938964844,305.79998779296875,1115497,0.0013097377356856565,0.00509445453728441,0.0029161196605003758,0.55,0.55,0,305.8831108397196,305.2368737982628,27.083342163598687,0.3717449506227126,0.6139273828000474,306.1119429169853,0.0029161196605003758,0,ITC,15m,2026-03-17 06:15:00
305.75,306.45001220703125,305.75,306.25,601052,0.0014715900097939105,0.0074013157894736725,0.002916512095829499,0.55,0.55,0,305.91805266450825,305.2766042375466,32.87682686197786,0.35952241178262057,0.5630463885965621,306.11402635469943,0.002916512095829499,0,ITC,15m,2026-03-17 06:30:00
306.29998779296875,306.79998779296875,306.20001220703125,306.5,598561,0.0008163265306122547,0.007892120514023881,0.002918162120380398,0.55,0.55,0,305.9734762202694,305.32458054195655,39.849662014877765,0.365792247030015,0.5235955602832527,306.13397902104595,0.002918162120380398,0,ITC,15m,2026-03-17 06:45:00
306.45001220703125,306.70001220703125,306.20001220703125,306.5,401696,0.0,0.007395234182415722,0.002919391432621737,0.55,0.5,0,306.0236213421485,305.37067542266414,43.44276237455349,0.366535938496952,0.49218363592599257,306.1451339930101,0.002919391432621737,0,ITC,15m,2026-03-17 07:00:00
306.5,307.29998779296875,306.45001220703125,307.25,606204,0.002446982055464897,0.006881881518988386,0.002897724238156055,0.55,0.5,0,306.1404193095629,305.44437442569694,54.39985937637328,0.42277061484861633,0.47830103171051735,306.18630614009163,0.002897724238156055,0,ITC,15m,2026-03-17 07:15:00
307.3999938964844,307.3999938964844,306.70001220703125,306.95001220703125,764831,-0.0009763638501830707,-0.0035707697760948287,0.0019460706556748944,0.55,0.5,0,306.2175233950361,305.5034190445728,52.307822322799346,0.4380805730656334,0.4702569399815406,306.2338728305526,0.0019460706556748944,0,ITC,15m,2026-03-17 07:30:00
307.0,307.1000061035156,306.5,306.70001220703125,646059,-0.0008144648641726926,-0.007764457615962117,0.0017564079133414946,0.5,0.55,0,306.2634747104642,305.55034426663,48.85501162460223,0.42514016342869354,0.46123358467097125,306.25846414686936,0.0017564079133414946,0,ITC,15m,2026-03-17 07:45:00
306.6499938964844,306.95001220703125,306.25,306.54998779296875,865399,-0.0004891568571612215,-0.007125545609817818,0.0017479336114046755,0.45,0.6,0,306.29076167070275,305.5895459735453,55.17215978448458,0.3981890041761176,0.44862466857200056,306.2773796338314,0.0017479336114046755,0,ITC,15m,2026-03-17 08:00:00
306.54998779296875,306.6000061035156,305.5,305.6499938964844,802316,-0.0029358797335597986,-0.007146377012873906,0.0017495510111094471,0.45,0.6,0,306.22973616839624,305.59191648032726,41.1763800770371,0.30074127223110736,0.4190479893038219,306.2589053679908,0.0017495510111094471,0,ITC,15m,2026-03-17 08:15:00
305.70001220703125,306.25,305.6499938964844,306.1499938964844,617378,0.0016358580401913958,-0.0037422516829357377,0.0017696288746884038,0.45,0.55,0,306.2221416663094,305.6138018691962,51.75421219730269,0.26085212301802585,0.3874088160466627,306.2497204583971,0.0017696288746884038,0,ITC,15m,2026-03-17 08:30:00
306.1499938964844,306.25,305.79998779296875,305.95001220703125,635693,-0.0006532147425772905,-0.002445386273717265,0.0017246467426603113,0.4,0.5,0,306.1962245749496,305.626986588327,50.42750648171816,0.21067431153551297,0.3520619151444328,306.24033745654907,0.0017246467426603113,0,ITC,15m,2026-03-17 08:45:00
306.0,306.0,305.6499938964844,305.95001220703125,761296,0.0,-0.0022826730910988635,0.0017248228094115551,0.4,0.5,0,306.172775778005,305.6396542596487,44.76202101934524,0.16896036451606733,0.31544160501875973,306.2242471211062,0.0017248228094115551,0,ITC,15m,2026-03-17 09:00:00
306.20001220703125,306.70001220703125,305.70001220703125,305.8999938964844,966117,-0.00016348523795128855,-0.0030960149523697744,0.001715397554305337,0.4,0.5,0,306.1467965511936,305.6498636571717,52.222003702774366,0.13036295829459732,0.27842587567392724,306.217809684277,0.001715397554305337,0,ITC,15m,2026-03-17 09:15:00
305.95001220703125,306.5,305.20001220703125,305.54998779296875,1582939,-0.001144184735204834,-0.0013074829158424839,0.001605999349711184,0.4,0.5,0,306.08995762183883,305.6459469566147,51.64827794359301,0.07071649264639746,0.23688399906842128,306.1812027035352,0.001605999349711184,0,ITC,15m,2026-03-17 09:30:00
305.54998779296875,305.54998779296875,304.5,304.6000061035156,2277107,-0.0031090876367397824,-0.006847101467012839,0.001628735618609834,0.4,0.55,0,305.9480574772366,305.60492966825785,38.23548771220163,-0.05260296982800128,0.17898660528913676,306.04988624513817,0.001628735618609834,0,ITC,15m,2026-03-17 09:45:00
304.54998779296875,304.75,304.3500061035156,304.45001220703125,1466403,-0.0004924290659186203,-0.004902761693583391,0.0015527791579541767,0.35,0.55,0,305.8053864991218,305.55963878742546,31.250079473061817,-0.16058664334002515,0.11107195556330438,305.95609838518845,0.0015527791579541767,0,ITC,15m,2026-03-17 10:00:00
306.20001220703125,306.29998779296875,304.79998779296875,304.8500061035156,858512,-0.00408363271831258,-0.00538334060843193,0.002149035173448403,0.4,0.55,0,305.7397846132976,305.55216991515255,38.9261882427157,-0.17190400632557612,0.018827531160023052,305.31666056315106,0.002149035173448403,0,ITC,15m,2026-03-18 04:00:00
304.8999938964844,304.95001220703125,304.25,304.45001220703125,549525,-0.001312100667462568,-0.004088975957100893,0.0020934536990330627,0.35,0.55,0,305.61694914603413,305.50894804424587,30.281708302529097,-0.24899370732805437,-0.03473671653759244,305.0174534585653,0.0020934536990330627,0,ITC,15m,2026-03-18 04:15:00
304.5,305.1000061035156,304.0,304.45001220703125,944903,0.0,-0.003110614631430253,0.0020857294943726792,0.4,0.55,0,305.50581229470055,305.46742114866885,31.617614059652993,-0.3065540860926035,-0.08910019044859466,304.8163479587246,0.0020857294943726792,0,ITC,15m,2026-03-18 04:30:00
304.45001220703125,304.79998779296875,304.20001220703125,304.79998779296875,404229,0.0011495338213338702,-0.0032701113143176475,0.002080113476207643,0.4,0.5,0,305.43859091358325,305.4412472915826,36.231634070181954,-0.320239474724076,-0.13532804730369094,304.784628552399,0.002080113476207643,0,ITC,15m,2026-03-18 04:45:00
304.79998779296875,304.8500061035156,303.8999938964844,304.3500061035156,526749,-0.0014763179379087,-0.006204061702806074,0.0020626580934726946,0.4,0.55,0,305.33491616976727,305.3984535195016,34.72218101361861,-0.36320816782790644,-0.18090407140853404,304.7175867037067,0.0020626580934726946,0,ITC,15m,2026-03-18 05:00:00
304.3500061035156,304.3500061035156,303.79998779296875,304.29998779296875,361108,-0.00016434470032455906,-0.0071778538565456795,0.0020460859991292975,0.35,0.6,0,305.23635156245314,305.3553764321865,39.369938724017786,-0.3967240385616151,-0.22406806483915026,304.6613560201861,0.0020460859991292975,0,ITC,15m,2026-03-18 05:15:00
304.20001220703125,306.1000061035156,304.20001220703125,306.1000061035156,1577225,0.005915275658083585,-0.001305037182657065,0.0024817310032871024,0.4,0.6,0,305.3186043758877,305.38457759576806,49.67328083486919,-0.27487063571896897,-0.234228579015114,304.90457851559756,0.0024817310032871024,0,ITC,15m,2026-03-18 05:30:00
306.1000061035156,306.75,305.79998779296875,306.3500061035156,1015541,0.0008167265436624938,-0.0029291908754577323,0.0024210030442104787,0.4,0.6,0,305.41683311185227,305.42243753724836,52.59736914071014,-0.156325996617511,-0.21864806253559343,305.1317591691955,0.0024210030442104787,0,ITC,15m,2026-03-18 05:45:00
306.3999938964844,306.8999938964844,305.8500061035156,305.8500061035156,589257,-0.0016321200915238032,-0.0035836652867559105,0.002437256678534281,0.4,0.6,0,305.45808768248685,305.4392049320039,49.39020532421277,-0.10155368966775313,-0.19522918796202537,305.22396146422574,0.002437256678534281,0,ITC,15m,2026-03-18 06:00:00
305.95001220703125,306.95001220703125,305.8500061035156,306.70001220703125,478201,0.002779160001808112,0.0,0.0025188618661009608,0.45,0.55,0,305.57636620863394,305.488648354554,54.444561240509856,0.010323148133693394,-0.15411872074288163,305.3074914965119,0.0025188618661009608,0,ITC,15m,2026-03-18 06:15:00
306.75,306.95001220703125,306.0,306.0,380044,-0.002282400323345035,-0.001794121072809185,0.002568726091465458,0.45,0.5,0,305.6167122840022,305.5087013602578,52.406488674195444,0.042016868948394404,-0.11489160280462643,305.3573962255657,0.002568726091465458,0,ITC,15m,2026-03-18 06:30:00
306.1000061035156,306.1000061035156,305.5,305.6499938964844,325626,-0.0011438107958027244,0.0,0.0024942843509194405,0.45,0.5,0,305.6198819613814,305.51424224403144,55.99993024553571,0.03844859216729901,-0.08422356381024135,305.373354691841,0.0024942843509194405,0,ITC,15m,2026-03-18 06:45:00
305.6499938964844,305.6499938964844,304.8500061035156,305.04998779296875,572942,-0.0019630496171998413,-0.003593029970425432,0.0025000926108213577,0.45,0.55,0,305.56560632629447,305.496036187127,53.260732553588134,-0.012648961627348854,-0.06990864337366284,305.3606711761352,0.0025000926108213577,0,ITC,15m,2026-03-18 07:00:00
305.04998779296875,305.25,304.79998779296875,305.04998779296875,523803,0.0,-0.002941736813703688,0.002497809622241812,0.45,0.6,0,305.5164997993111,305.47854409323844,43.04625321848512,-0.052538509909481945,-0.06643461668082666,305.3418447473203,0.002497809622241812,0,ITC,15m,2026-03-18 07:15:00
305.04998779296875,305.04998779296875,304.5,304.70001220703125,493915,-0.001147272905891783,-0.004085634744652844,0.002507475642071973,0.45,0.6,0,305.4387390762368,305.44801343103427,48.87222530712644,-0.11111055590430396,-0.07536980452552212,305.31139965407806,0.002507475642071973,0,ITC,15m,2026-03-18 07:30:00
304.75,305.3999938964844,304.5,305.29998779296875,553312,0.001969069779786725,-0.0019614452941724148,0.002554095050428831,0.45,0.6,0,305.4255246683065,305.44220850405134,56.20422346966052,-0.10787281806591409,-0.08187040723360052,305.29806449739897,0.002554095050428831,0,ITC,15m,2026-03-18 07:45:00
305.3500061035156,305.70001220703125,304.8500061035156,305.0,527566,-0.0009826000817667602,-0.001799992848768861,0.0025508552888469063,0.5,0.55,0,305.38499850942014,305.4248669940885,53.84608818131375,-0.1280374591636928,-0.09110381761961897,305.2923986626918,0.0025508552888469063,0,ITC,15m,2026-03-18 08:00:00
304.8999938964844,305.5,304.8999938964844,305.3999938964844,326277,0.0013114553983093469,0.0026263551442506916,0.0024652950288449557,0.5,0.5,0,305.3864266415215,305.4238915784962,54.166719648707875,-0.11046850578378553,-0.09497675525245228,305.29163589693434,0.0024652950288449557,0,ITC,15m,2026-03-18 08:15:00
305.3999938964844,305.70001220703125,305.20001220703125,305.54998779296875,221664,0.0004911391600590509,0.003612992418569938,0.0024619483595103957,0.55,0.45,0,305.40200389404026,305.42883652808337,58.69552718057134,-0.08347943084311282,-0.09267729037058439,305.29541967367237,0.0024619483595103957,0,ITC,15m,2026-03-18 08:30:00
305.45001220703125,305.8500061035156,305.1000061035156,305.8500061035156,295593,0.0009818959991259035,-0.0008167265436624938,0.002144714785041972,0.55,0.5,0,305.44467077113313,305.44535298202186,60.83929813778592,-0.037449727061471094,-0.08163177770876175,305.3032310287867,0.002144714785041972,0,ITC,15m,2026-03-18 08:45:00
305.8500061035156,305.8999938964844,304.8999938964844,304.95001220703125,332902,-0.0029425989162144006,0.00032805019358161935,0.0020442758308729142,0.55,0.5,0,305.39756043169484,305.42592785359085,40.800003906269076,-0.07275417621633551,-0.0798562574102765,305.30173673126234,0.0020442758308729142,0,ITC,15m,2026-03-18 09:00:00
304.8999938964844,305.20001220703125,304.75,305.1000061035156,380663,0.0004918638808990572,0.0021349774032604074,0.0020221600785336083,0.55,0.5,0,305.3692219242492,305.4131466084899,39.83733785889382,-0.0876199246812348,-0.08140899086446816,305.2928709444846,0.0020221600785336083,0,ITC,15m,2026-03-18 09:15:00
305.0,305.0,304.3999938964844,304.79998779296875,798987,-0.0009833441643559704,0.0011495338213338702,0.00203684039678208,0.5,0.5,0,305.3150091498415,305.38910116474403,41.17628956398197,-0.12220144554851231,-0.089567481801277,305.25858274835235,0.00203684039678208,0,ITC,15m,2026-03-18 09:30:00
304.70001220703125,304.75,303.79998779296875,304.0,1725910,-0.0026246319718100652,-0.0026246319718100652,0.002104246022471792,0.5,0.55,0,305.1897701831899,305.3346266092639,27.118398593079192,-0.2117193106751074,-0.11399784757604309,305.1328895977204,0.002104246022471792,0,ITC,15m,2026-03-18 09:45:00
304.0,304.25,303.5,304.04998779296875,1501677,0.00016443352950257228,-0.0009857673879750672,0.0020808194028442,0.45,0.55,0,305.08121947935933,305.284248616468,31.428239260594083,-0.27545400430472,-0.14628907892177848,305.02214708846753,0.0020808194028442,0,ITC,15m,2026-03-18 10:00:00
302.3999938964844,302.5,300.79998779296875,300.8500061035156,1061304,-0.004796499331803261,-0.017151257416912924,0.002158852180000033,0.45,0.6,0,304.4385941599302,304.99791632234115,21.999780270755267,-0.7182927183129664,-0.3111796591260871,301.3833312988281,0.002158852180000033,0,ITC,15m,2026-03-19 04:00:00
300.79998779296875,300.8500061035156,299.75,300.0,1766831,-0.0028253484669139572,-0.020727945085693755,0.002163362372673448,0.4,0.65,0,304.0158709066035,304.80191960381796,19.760242681188544,-0.9788299467241472,-0.44470971664569914,300.64406573073717,0.002163362372673448,0,ITC,15m,2026-03-19 04:15:00
300.0,301.1499938964844,299.95001220703125,300.95001220703125,578148,0.003166707356770937,-0.016020905014551334,0.002352605174113015,0.4,0.65,0,303.7238843637871,304.6508644117871,29.050165034507216,-1.0960153490868265,-0.5749708431339247,300.6507316521069,0.002352605174113015,0,ITC,15m,2026-03-19 04:30:00
300.8999938964844,301.04998779296875,299.6499938964844,299.95001220703125,691203,-0.003322810963410361,-0.022008476463455606,0.0022571167715751826,0.35,0.7,0,303.36446796790557,304.4665172665026,21.39043018473791,-1.255109150378587,-0.7109985045828571,300.5775090892019,0.0022571167715751826,0,ITC,15m,2026-03-19 04:45:00
299.95001220703125,300.8999938964844,299.8500061035156,300.79998779296875,307192,0.002833724125174575,-0.016993503944546573,0.002402447091522719,0.35,0.7,0,303.1202317607688,304.32273179695227,28.78773866992188,-1.2976477325650535,-0.8283283501792964,300.5732655201076,0.002402447091522719,0,ITC,15m,2026-03-19 05:00:00
300.79998779296875,301.3999938964844,300.70001220703125,300.95001220703125,371453,0.0004987513967777968,-0.015377005670887955,0.0024200249267445784,0.4,0.65,0,302.91354418422236,304.190468283622,26.943085471409915,-1.3042199136968406,-0.9235066628828054,300.60775053596296,0.0024200249267445784,0,ITC,15m,2026-03-19 05:15:00
301.0,301.1000061035156,300.3500061035156,300.6000061035156,258680,-0.0011630041180222817,-0.01458771305532136,0.0024058673182417545,0.4,0.65,0,302.693207224155,304.0496658451865,24.87320496336345,-1.32242686826919,-1.0032907039600822,300.6116341647389,0.0024058673182417545,0,ITC,15m,2026-03-19 05:30:00
300.6000061035156,301.0,300.3500061035156,300.8999938964844,348250,0.0009979633628665052,-0.013604307695632145,0.002432048925677924,0.4,0.6,0,302.5224250024721,303.9261492981786,24.87297220260004,-1.2976905344550005,-1.062170670059066,300.6205855591462,0.002432048925677924,0,ITC,15m,2026-03-19 05:45:00
300.8999938964844,301.45001220703125,300.8500061035156,301.3500061035156,391035,0.0014955540583563298,-0.010994440332478317,0.002476814081992883,0.45,0.55,0,302.4107660597144,303.8251240748585,30.851018930650383,-1.2276233101427465,-1.0952611980758022,300.66095408750635,0.002476814081992883,0,ITC,15m,2026-03-19 06:00:00
301.3500061035156,301.3500061035156,300.8999938964844,301.1499938964844,340699,-0.0006637206005648544,-0.013593167580794652,0.00240481748088536,0.4,0.55,0,302.29069252035913,303.7202170090399,29.100491509988444,-1.174692717181017,-1.1111475018968453,300.68727360329063,0.00240481748088536,0,ITC,15m,2026-03-19 06:15:00
301.1499938964844,301.29998779296875,300.70001220703125,300.79998779296875,282693,-0.0011622318134130172,-0.013770531826331922,0.0024063368412449403,0.35,0.6,0,302.1487206415601,303.6056982162528,28.94736842105263,-1.147756782609008,-1.118469358039278,300.69814634161924,0.0024063368412449403,0,ITC,15m,2026-03-19 06:30:00
300.79998779296875,300.95001220703125,300.5,300.79998779296875,326240,0.0,-0.015062233776844125,0.002366455629118528,0.35,0.65,0,302.0202698940752,303.49567035651614,31.60915105127647,-1.1135732807920817,-1.1174901425898387,300.70066231750496,0.002366455629118528,0,ITC,15m,2026-03-19 06:45:00
300.79998779296875,300.79998779296875,300.04998779296875,300.1499938964844,419641,-0.0021608840520690453,-0.017673029331433776,0.0023672035522973585,0.3,0.7,0,301.8421483704951,303.3644673580835,29.032332161854413,-1.1259524060877197,-1.119182595289415,300.67908278394657,0.0023672035522973585,0,ITC,15m,2026-03-19 07:00:00
300.1499938964844,300.20001220703125,299.70001220703125,299.95001220703125,560319,-0.0006662725088113497,-0.019290481539135595,0.002327010869852756,0.25,0.7,0,301.6619449263557,303.2305671560815,34.8388671875,-1.1387727398102925,-1.1231006241935906,300.6260546633131,0.002327010869852756,0,ITC,15m,2026-03-19 07:15:00
300.0,300.04998779296875,299.6499938964844,299.8500061035156,395171,-0.0003334092330244953,-0.016724072468812468,0.0022833840506592934,0.2,0.7,0,301.48937932418045,303.09799613441226,42.1875298022087,-1.143817388564969,-1.1272439770678664,300.58818810639303,0.0022833840506592934,0,ITC,15m,2026-03-19 07:30:00
299.8999938964844,299.95001220703125,299.3999938964844,299.3999938964844,557962,-0.0015007910550980386,-0.01868243884956633,0.0022655951875043866,0.2,0.7,0,301.29039023582845,302.9529764388073,44.999974568814245,-1.1706332023830441,-1.135921822130902,300.52342174713874,0.0022655951875043866,0,ITC,15m,2026-03-19 07:45:00
299.3999938964844,299.79998779296875,299.25,299.6000061035156,287949,0.000668043457276779,-0.01706030806334924,0.0022938512715228953,0.2,0.7,0,301.1294012708463,302.8214874060508,37.14287375096639,-1.1623468040741614,-1.1412068185195539,300.4920854014864,0.0022938512715228953,0,ITC,15m,2026-03-19 08:00:00
299.5,300.20001220703125,299.3999938964844,300.0,475469,0.001335093085232275,-0.013157894736842146,0.002304161919455521,0.25,0.65,0,301.0218392450514,302.7108408411076,50.53750032814428,-1.1107001492228505,-1.1351054846602133,300.4605186595936,0.002304161919455521,0,ITC,15m,2026-03-19 08:15:00
300.04998779296875,300.45001220703125,299.75,299.8500061035156,419348,-0.0004999796549479685,-0.01381345784599386,0.002296433925327075,0.3,0.6,0,300.91023608871467,302.59865124355497,37.97504538957778,-1.0695440193669015,-1.1219931916015509,300.44160263333833,0.002296433925327075,0,ITC,15m,2026-03-19 08:30:00
300.0,300.0,299.1000061035156,299.54998779296875,476821,-0.0010005612954474552,-0.009096923953180402,0.0019672299493270337,0.25,0.6,0,300.78068863197694,302.47909581412017,32.92668403423893,-1.0490437370519885,-1.1074033006916384,300.4003929575165,0.0019672299493270337,0,ITC,15m,2026-03-19 08:45:00
299.5,299.54998779296875,299.1000061035156,299.5,323483,-0.00016687629779943425,-0.004487306219469134,0.0016810469523074062,0.25,0.55,0,300.65871828607436,302.3622685272919,35.52630522249616,-1.025014978129775,-1.0909256361792656,300.3694713854311,0.0016810469523074062,0,ITC,15m,2026-03-19 09:00:00
299.5,300.0,298.5,298.70001220703125,1084742,-0.002671077772850583,-0.004333292643229125,0.0016687892020923291,0.3,0.55,0,300.47217484997503,302.21865063237976,24.41892649553239,-1.058324635072779,-1.0844054359579685,300.2489386077812,0.0016687892020923291,0,ITC,15m,2026-03-19 09:15:00
298.6000061035156,298.8999938964844,297.29998779296875,297.70001220703125,1494958,-0.003347840505968591,-0.01079913563108359,0.0016085100545377472,0.25,0.6,0,300.20815936017084,302.04144912550333,12.37124429762467,-1.1521333448136488,-1.0979510177291045,299.99084410712345,0.0016085100545377472,0,ITC,15m,2026-03-19 09:30:00
297.6499938964844,298.45001220703125,297.1000061035156,298.3999938964844,2348049,0.002351298826841708,-0.005167588756345931,0.0015924458688929117,0.25,0.6,0,300.03595312553404,301.89864695965946,24.298948136993175,-1.156661477277396,-1.109693109638763,299.68805421021864,0.0015924458688929117,0,ITC,15m,2026-03-19 09:45:00
298.3999938964844,299.1499938964844,298.3500061035156,299.1499938964844,1198778,0.0025134048771469075,-0.005485352272088573,0.001561017057615816,0.3,0.6,0,299.95157605610075,301.7908566434565,35.65215083724756,-1.0871987722017593,-1.1051942421513623,299.630517524549,0.001561017057615816,0,ITC,15m,2026-03-19 10:00:00
301.5,302.5,300.6499938964844,302.3500061035156,902379,0.0034849596849912956,0.005821689835220356,0.0023872276568284207,0.35,0.55,0,300.29618763885,301.79428920692374,63.25310507622052,-0.5687220797899499,-0.9568890846472865,301.8333333333333,0.0023872276568284207,0,ITC,15m,2026-03-20 04:00:00
302.5,303.70001220703125,302.5,303.45001220703125,1183717,0.0036381877999334122,0.008474637295686094,0.0024986640066535985,0.4,0.55,0,300.5965518834387,301.8592195206535,69.02171389145045,-0.25499638116150436,-0.8165105439501301,302.61828513634094,0.0024986640066535985,0,ITC,15m,2026-03-20 04:15:00
303.45001220703125,304.1000061035156,303.0,304.04998779296875,1106498,0.0019771809583193356,0.00895962049035326,0.00251181105298622,0.4,0.55,0,300.92545054148917,301.94513200192074,71.64943101913173,0.04156734833634346,-0.6448949654928355,302.99896451974087,0.00251181105298622,0,ITC,15m,2026-03-20 04:30:00
304.1499938964844,304.8999938964844,304.04998779296875,304.54998779296875,1212246,0.0016444664366850326,0.011290034751430422,0.002511017334969588,0.45,0.55,0,301.2706445654396,302.04728320941285,76.41030777465123,0.31333018656584954,-0.45324993508109856,303.4120582814208,0.002511017334969588,0,ITC,15m,2026-03-20 04:45:00
304.3999938964844,305.29998779296875,304.3999938964844,305.0,648587,0.0014776300281356125,0.013962807105969643,0.002484719480064013,0.5,0.5,0,301.625821273493,302.16307602473,77.00005188004113,0.5585774844681737,-0.25088445117124414,303.6030288241371,0.002484719480064013,1,ITC,15m,2026-03-20 05:00:00
305.1000061035156,305.25,304.8999938964844,305.1000061035156,946480,0.0003278888639857147,0.0142952742189153,0.002480961051616607,0.5,0.45,0,301.9566960192094,302.27824975330986,76.28874088010345,0.7523349428262804,-0.050240572371739234,303.83654554562366,0.002480961051616607,1,ITC,15m,2026-03-20 05:15:00
305.1000061035156,306.8500061035156,305.04998779296875,306.6000061035156,982996,0.00491642074727161,0.02148929647906539,0.0025531724431092457,0.55,0.4,0,302.39891602723856,302.44773039449444,80.54302016647978,1.0152237213937383,0.16285228638135626,304.16456094860155,0.0025531724431092457,1,ITC,15m,2026-03-20 05:30:00
306.6499938964844,308.1000061035156,306.29998779296875,307.3500061035156,1786526,0.0024461839043368183,0.02467075711061062,0.002536784872335852,0.6,0.35,1,302.8704484154554,302.6399765007306,83.91321308491075,1.2694502718794638,0.3841718834809778,304.7931328985813,0.002536784872335852,1,ITC,15m,2026-03-20 05:45:00
307.3999938964844,307.8999938964844,307.1499938964844,307.45001220703125,1377952,0.0003253818172430645,0.025346026175807168,0.0025197401893121848,0.6,0.3,1,303.30659734798644,302.82860535195806,84.41567363331308,1.4621416428039424,0.5997658353455708,305.16070882148534,0.0025197401893121848,1,ITC,15m,2026-03-20 06:00:00
307.5,308.70001220703125,307.3500061035156,308.5,1638562,0.003415149621986968,0.030394142581919636,0.0024761313105449703,0.65,0.25,1,303.8012071243687,303.05101298521464,91.52541496190472,1.6802077927644632,0.8158542268293494,305.58093549883915,0.0024761313105449703,0,ITC,15m,2026-03-20 06:15:00
308.5,308.6499938964844,307.6000061035156,308.04998779296875,1596664,-0.001458710557637799,0.02820421067192358,0.0025580999596897126,0.65,0.2,1,304.2058529023306,303.2470512129697,95.99989149305556,1.7960112636226313,1.0118856341880058,305.8814818053876,0.0025580999596897126,0,ITC,15m,2026-03-20 06:30:00
308.1499938964844,308.20001220703125,306.79998779296875,307.04998779296875,1498430,-0.003246226390608009,0.0234999593098959,0.0027608104024573333,0.6,0.25,1,304.4767228919152,303.39618598081285,87.44580165983655,1.7865010340827894,1.1668087141669625,306.0293522542834,0.0027608104024573333,1,ITC,15m,2026-03-20 06:45:00
307.1499938964844,307.3999938964844,306.04998779296875,306.6499938964844,1618874,-0.001302699600672419,0.022677964497426872,0.002791959212384076,0.55,0.3,0,304.68370108282653,303.5237862912313,83.48210636454297,1.7267826683808494,1.27880350500974,306.095151459156,0.002791959212384076,0,ITC,15m,2026-03-20 07:00:00
306.70001220703125,307.3500061035156,306.3999938964844,307.20001220703125,1222150,0.0017936354850622838,0.025538390004374634,0.002749557410259723,0.55,0.25,0,304.92334976132224,303.66795201341955,80.72917660073624,1.7041924446024268,1.3638812929282773,306.1564025997805,0.002749557410259723,1,ITC,15m,2026-03-20 07:15:00
307.20001220703125,307.6000061035156,306.5,306.79998779296875,1215551,-0.0013021627544497205,0.024373915836289672,0.00279207028996216,0.6,0.25,1,305.10207719290764,303.7907769459509,74.8601142272611,1.635161775339668,1.4181373894105556,306.20841099575586,0.00279207028996216,1,ITC,15m,2026-03-20 07:30:00
306.79998779296875,307.1000061035156,306.20001220703125,306.5,1261665,-0.0009777959742657272,0.026113115079360982,0.0026921217035605206,0.55,0.25,0,305.23521269834504,303.8970209872861,68.71152549988767,1.5385129452776596,1.4422125005839765,306.23287037821945,0.0026921217035605206,0,ITC,15m,2026-03-20 07:45:00
306.45001220703125,307.3500061035156,306.25,306.95001220703125,1982958,0.0014682290604608461,0.031071547264725163,0.0024605821388296385,0.6,0.2,1,305.39852693726755,304.01674613315845,68.1250143050056,1.4811564260432988,1.450001285675841,306.28803858933804,0.0024605821388296385,0,ITC,15m,2026-03-20 08:00:00
307.1000061035156,307.1000061035156,306.3500061035156,306.8999938964844,1233487,-0.00016295262602283866,0.028485255274330434,0.0024807711016431215,0.6,0.15,1,305.5415237905263,304.1298146728967,65.5627907728748,1.4153496420291845,1.4430709569465099,306.3141296975867,0.0024807711016431215,0,ITC,15m,2026-03-20 08:15:00
306.79998779296875,307.0,306.1499938964844,306.8999938964844,1595211,0.0,0.025906736279866838,0.00248549757780305,0.55,0.2,0,305.67090189585565,304.2384491522531,63.38011218327567,1.3476622797157916,1.4239892215003662,306.3376774480866,0.00248549757780305,0,ITC,15m,2026-03-20 08:30:00
307.0,307.04998779296875,305.3500061035156,305.6499938964844,1617585,-0.004072988024957813,0.014437458611862297,0.002349209342715613,0.55,0.25,0,305.6689106578203,304.29380384810537,53.33323469138634,1.179557796083202,1.3751029364169334,306.3181769709352,0.002349209342715613,0,ITC,15m,2026-03-20 08:45:00
305.6499938964844,306.04998779296875,305.0,305.3999938964844,1808442,-0.0008179290200956979,0.010087606189511877,0.0022785943220409687,0.5,0.3,0,305.64329953769305,304.3371838500026,41.42855897252571,1.0144667300339165,1.3029756951403302,306.2650848916297,0.0022785943220409687,0,ITC,15m,2026-03-20 09:00:00
305.29998779296875,305.3999938964844,304.1499938964844,304.29998779296875,2499709,-0.0036018537180733112,0.0028010398805242698,0.0023290869836183775,0.45,0.35,0,305.51536508581455,304.3357251810993,29.25176564374894,0.78581122866035,1.1995428018443342,306.1318906484037,0.0023290869836183775,0,ITC,15m,2026-03-20 09:15:00
304.3500061035156,304.3500061035156,300.75,300.79998779296875,5929534,-0.011501807888277815,-0.010689031838452046,0.0034504493978572913,0.4,0.4,0,305.066281534115,304.1970688129373,19.069829499968762,0.3185077876564719,1.0233357990067617,305.46195864371657,0.0034504493978572913,0,ITC,15m,2026-03-20 09:30:00
300.79998779296875,301.04998779296875,299.20001220703125,299.3999938964844,12504345,-0.004654235217083635,-0.016910176006919797,0.003527969185876325,0.35,0.45,0,304.52663509243587,304.0089482279784,9.009229449559697,-0.16292328507358889,0.7860839821906916,304.0490296045874,0.003527969185876325,-1,ITC,15m,2026-03-20 09:45:00
299.3999938964844,299.95001220703125,298.25,299.95001220703125,8836190,0.0018370685429507372,-0.01655733702612705,0.0035413216628368905,0.3,0.5,0,304.09076624620684,303.84977426637266,13.839631175682001,-0.4943800918119905,0.5299911673901553,303.3407455082343,0.0035413216628368905,-1,ITC,15m,2026-03-20 10:00:00
295.5,296.20001220703125,294.20001220703125,294.79998779296875,1294805,-0.0020311649150740463,-0.03848668648285314,0.004506449077365376,0.25,0.6,-1,302.45706546542345,303.17651140726605,10.368147626483776,-1.6300164775321377,-0.16463277807799312,295.06667073567706,0.004506449077365376,-1,ITC,15m,2026-03-23 04:00:00
294.79998779296875,295.1000061035156,294.04998779296875,294.3500061035156,870838,-0.001526396567455568,-0.04229705463425826,0.004388453180023212,0.2,0.65,-1,301.6849645738132,302.8303739443739,6.734181793521259,-2.0536610513693745,-0.5424384327362695,294.83880381111214,0.004388453180023212,-1,ITC,15m,2026-03-23 04:15:00
294.45001220703125,294.6499938964844,293.54998779296875,294.29998779296875,1248898,-0.00016992800920578865,-0.04277126001610798,0.00437512987100984,0.2,0.7,-1,300.98163345182803,302.49584899725994,6.89673315962942,-2.3661628356858273,-0.9071833133261811,294.592960097456,0.00437512987100984,-1,ITC,15m,2026-03-23 04:30:00
294.29998779296875,294.6499938964844,293.1000061035156,293.54998779296875,1265620,-0.0025484200853165273,-0.048460331303180726,0.0041726909666563216,0.15,0.75,-1,300.2738576747938,302.1450309108172,6.689134570633044,-2.6438646571794493,-1.254519582096835,294.36951080977195,0.0041726909666563216,-1,ITC,15m,2026-03-23 04:45:00
293.5,294.1499938964844,292.6000061035156,292.6499938964844,762552,-0.0030658965556459306,-0.049991866601969304,0.004167616726847201,0.15,0.8,-1,299.5477754101929,301.77267651809825,3.5715347314561683,-2.9031021824887944,-1.5842361021752267,294.1963157215082,0.004167616726847201,-1,ITC,15m,2026-03-23 05:00:00
292.6499938964844,293.25,292.25,292.6000061035156,703502,-0.00017081084575876204,-0.047060681530448956,0.00419730920802508,0.15,0.8,-1,298.88608309527126,301.4129639528205,3.5715418090157556,-3.0771123503898252,-1.8828113518181466,294.02504613991465,0.00419730920802508,-1,ITC,15m,2026-03-23 05:15:00
292.5,292.79998779296875,292.1000061035156,292.79998779296875,913330,0.0006834644062938544,-0.04516551892771592,0.004247802115854729,0.15,0.8,-1,298.3064549712425,301.07520018184596,4.807690426678619,-3.1624253403230114,-2.1387341495191197,293.83636722380527,0.004247802115854729,-1,ITC,15m,2026-03-23 05:30:00
292.79998779296875,293.29998779296875,292.20001220703125,292.29998779296875,741747,-0.001707650344417111,-0.048502681712202955,0.004141038460731801,0.2,0.8,-1,297.7344104780735,300.7310742058116,5.050502974692009,-3.233113006620215,-2.357609920939339,293.7188130164596,0.004141038460731801,-1,ITC,15m,2026-03-23 05:45:00
292.3999938964844,293.5,292.1000061035156,292.1000061035156,1519707,-0.0006841659179088744,-0.04791389268037649,0.004152537399680457,0.2,0.85,-1,297.1978005376394,300.392600946898,5.067571747297748,-3.267603443970472,-2.539608625545566,293.5309663393919,0.004152537399680457,-1,ITC,15m,2026-03-23 06:00:00
292.1000061035156,292.1000061035156,290.8999938964844,291.20001220703125,746615,-0.0030811156373801163,-0.049918394104302655,0.00414007305942405,0.2,0.85,-1,296.626582601391,300.03210727082484,5.136994891432494,-3.3291826052154647,-2.697523421479546,293.37293401956913,0.00414007305942405,-1,ITC,15m,2026-03-23 06:15:00
291.20001220703125,291.54998779296875,291.1000061035156,291.45001220703125,573945,0.0008585164475276574,-0.05049682157870572,0.004111079247219192,0.15,0.85,-1,296.1335758971663,299.6955545232251,8.810591638972241,-3.3195459639662204,-2.821927929976881,293.26472751071384,0.004111079247219192,-1,ITC,15m,2026-03-23 06:30:00
291.54998779296875,291.6499938964844,290.8500061035156,290.95001220703125,735759,-0.0017155600585283537,-0.051971267535550925,0.004077570389406566,0.2,0.9,-1,295.6399031647725,299.3525920794528,9.569394757976198,-3.314052345164498,-2.9203528130144045,293.12797060502265,0.004077570389406566,-1,ITC,15m,2026-03-23 06:45:00
290.95001220703125,290.95001220703125,289.79998779296875,290.1000061035156,1018602,-0.0029214850244130286,-0.054740919280159006,0.004029421646636853,0.2,0.9,-1,295.1122939208433,298.9897455705925,4.185888064044505,-3.3397880042736006,-3.004239851266244,292.89422021442107,0.004029421646636853,-1,ITC,15m,2026-03-23 07:00:00
290.25,291.1000061035156,289.79998779296875,291.0,816228,0.0031023573855535336,-0.04793062060863629,0.004225086684912575,0.2,0.85,-1,294.72064688076296,298.676422214883,19.013887754619574,-3.2500966228956827,-3.0534112055921314,292.75454566356103,0.004225086684912575,-1,ITC,15m,2026-03-23 07:15:00
290.95001220703125,290.95001220703125,290.20001220703125,290.3999938964844,1098519,-0.00206187664438362,-0.049115914537589234,0.0042090100961628425,0.2,0.8,-1,294.3091561203555,298.35185639847526,19.013887754619574,-3.1906511942003704,-3.0808592033137794,292.5827615047261,0.0042090100961628425,-1,ITC,15m,2026-03-23 07:30:00
290.45001220703125,291.04998779296875,290.1499938964844,291.0,1001416,0.0020661367635204098,-0.04370682986033314,0.0043207125240590566,0.25,0.8,-1,293.9939983946074,298.06354830441745,26.8964123805074,-3.0598527082560736,-3.0766579043022384,292.46180780601367,0.0043207125240590566,-1,ITC,15m,2026-03-23 07:45:00
291.0,291.75,290.6000061035156,290.95001220703125,989767,-0.0001717793572809656,-0.03274593080341792,0.0037444545103302467,0.3,0.75,-1,293.7040949481716,297.78458610452,26.896525597097224,-2.92649277587833,-3.046624878617457,292.3791260008397,0.0037444545103302467,0,ITC,15m,2026-03-23 08:00:00
291.1000061035156,292.3500061035156,290.79998779296875,292.25,1173575,0.004468079527158553,-0.023881075625393766,0.003911945825985789,0.35,0.7,-1,293.5656097150124,297.56754351218586,41.66666666666667,-2.684955423426686,-2.974290987579303,292.3402342323087,0.003911945825985789,0,ITC,15m,2026-03-23 08:15:00
292.20001220703125,292.45001220703125,291.3999938964844,292.1499938964844,1512277,-0.00034219368183274756,-0.02600439404270849,0.0038527878923767965,0.4,0.65,-1,293.4307891608668,297.35509058607994,46.42854028791406,-2.473096669240192,-2.874052123911481,292.3131362504606,0.0038527878923767965,0,ITC,15m,2026-03-23 08:30:00
292.1499938964844,292.5,291.45001220703125,291.8500061035156,1460855,-0.0010268279967003968,-0.012017562174401197,0.0020522257555066355,0.45,0.6,0,293.28023839350004,297.13920492009703,44.827542661828716,-2.3028576781429706,-2.759813234757779,292.2860033787304,0.0020522257555066355,0,ITC,15m,2026-03-23 08:45:00
291.8999938964844,292.1000061035156,290.29998779296875,290.54998779296875,1683013,-0.004454405630835545,-0.014416554192616449,0.0022067392564557257,0.45,0.6,0,293.0202145267828,296.880804248445,36.52690671461777,-2.246941323245551,-2.6572388524553334,292.1869403256614,0.0022067392564557257,0,ITC,15m,2026-03-23 09:00:00
290.54998779296875,291.1499938964844,290.1499938964844,291.04998779296875,2095923,0.0017208742763956675,-0.011211205171119731,0.0022632921455652175,0.45,0.6,0,292.8325738854672,296.6521447796028,42.514948174787655,-2.1376400044712227,-2.5533190828585113,292.0655134312301,0.0022632921455652175,0,ITC,15m,2026-03-23 09:15:00
291.1499938964844,291.75,290.0,290.1000061035156,2274298,-0.00326398120356175,-0.01427109026048512,0.002339602033711961,0.5,0.6,0,292.5723293348051,296.39519816485426,39.010959528887824,-2.1034265133711187,-2.4633405689610326,291.94117826188693,0.002339602033711961,0,ITC,15m,2026-03-23 09:30:00
290.0,290.95001220703125,289.6000061035156,290.1499938964844,2047972,0.00017231227823866213,-0.011582333632670028,0.00230629966831438,0.5,0.6,0,292.34163072163165,296.15028819354563,43.636229123125005,-2.0486627689006696,-2.3804050089489603,291.8186690046017,0.00230629966831438,0,ITC,15m,2026-03-23 09:45:00
290.1499938964844,291.04998779296875,290.0,291.0,1624830,0.002929540311549683,-0.005638113551671542,0.0023552726951619105,0.55,0.55,0,292.21385636719054,295.94831610752425,47.4575511386364,-1.914603362338255,-2.287244679626819,291.7575336623554,0.0023552726951619105,0,ITC,15m,2026-03-23 10:00:00
291.6499938964844,291.95001220703125,291.0,291.29998779296875,1384609,-0.0015424582931662378,-0.005122951033251444,0.0024516714481797415,0.6,0.5,0,292.08685178199653,295.60784533988794,56.896461005819404,-1.5978707237393905,-2.0598784456585415,291.4166666666667,0.0024516714481797415,0,ITC,15m,2026-03-24 04:00:00
291.3999938964844,291.54998779296875,289.1499938964844,289.5,1338434,-0.00617915505800859,-0.009579158090666562,0.002773925038016524,0.55,0.55,0,291.8404849456159,295.3683219932257,42.187480131734546,-1.6213572044681541,-1.9721741974204643,290.7531097308589,0.002773925038016524,0,ITC,15m,2026-03-24 04:15:00
289.5,290.1000061035156,288.79998779296875,289.1499938964844,988784,-0.0012090020846826643,-0.010099322647688758,0.002778461908796565,0.5,0.55,0,291.5842477028415,295.12446598943194,43.31549056726941,-1.6492020029894547,-1.9075797585342624,290.3793378725557,0.002778461908796565,0,ITC,15m,2026-03-24 04:30:00
289.04998779296875,290.5,288.8500061035156,290.1000061035156,1851892,0.0032855342454938263,-0.0037774933289960178,0.0028318314933549523,0.55,0.5,0,291.4428913600485,294.92742834684697,45.36084744642896,-1.5764389539424997,-1.8413515976159098,290.19205329376075,0.0028318314933549523,0,ITC,15m,2026-03-24 04:45:00
290.1000061035156,290.5,289.6499938964844,289.79998779296875,3776331,-0.0010341892596852365,-0.005661431960724772,0.0028267302775765754,0.55,0.5,0,291.2864243536599,294.7263522466949,44.22098993381221,-1.5253988354001535,-1.7781610451727587,290.107662021147,0.0028267302775765754,0,ITC,15m,2026-03-24 05:00:00
289.75,289.8999938964844,288.79998779296875,289.45001220703125,3638163,-0.0012076452749456568,-0.005155524787992305,0.0028154134966162326,0.5,0.5,0,291.1115279587429,294.5194369510218,34.44451226128473,-1.4959449563845055,-1.7217178274151084,289.904611475305,0.0028154134966162326,0,ITC,15m,2026-03-24 05:15:00
289.3999938964844,289.6000061035156,288.8999938964844,289.20001220703125,843911,-0.0008637069941499487,-0.0031023573855535336,0.00274965736590129,0.5,0.45,0,290.92947883953224,294.3108320591006,33.87987072545168,-1.4757637696185384,-1.6725270158557946,289.86362677757063,0.00274965736590129,0,ITC,15m,2026-03-24 05:30:00
289.1499938964844,290.3999938964844,289.04998779296875,290.3999938964844,862867,0.00414931410374253,-0.00206187664438362,0.002823834977491798,0.5,0.45,0,290.8790517020991,294.1574658566451,42.78600015790209,-1.347409442713115,-1.6075035012272587,289.8687014542448,0.002823834977491798,0,ITC,15m,2026-03-24 05:45:00
290.5,290.5,290.1000061035156,290.45001220703125,524295,0.00017223936500743164,0.00017223936500743164,0.0027860533294015327,0.55,0.45,0,290.83819079780693,294.0120755174446,49.43195611011313,-1.2275017778551387,-1.5315031565528348,289.88529300371596,0.0027860533294015327,0,ITC,15m,2026-03-24 06:00:00
290.5,291.0,290.20001220703125,290.6499938964844,1395374,0.0006885236049174459,-0.0012027701151740011,0.0027493914419261054,0.55,0.4,0,290.82026728339525,293.88022917936775,47.64708627888859,-1.103615446652725,-1.4459256145728128,289.9467542219801,0.0027493914419261054,0,ITC,15m,2026-03-24 06:15:00
290.75,291.20001220703125,290.29998779296875,290.5,586787,-0.0005160636491799986,-0.0015466993921657846,0.0027512278618315763,0.55,0.4,0,290.7897656373576,293.7476711723337,52.59736914071014,-1.0059420171207876,-1.3579288950824078,289.9713266307878,0.0027512278618315763,0,ITC,15m,2026-03-24 06:30:00
290.5,290.5,289.79998779296875,290.1000061035156,511786,-0.0013769153063145634,-0.007356694256576146,0.0025461750990569787,0.5,0.45,0,290.72407425318215,293.60462548336045,49.68951634304084,-0.9498618687213707,-1.2763154898102005,289.97601005336026,0.0025461750990569787,0,ITC,15m,2026-03-24 06:45:00
290.1499938964844,291.29998779296875,290.0,290.6000061035156,729395,0.0017235435693909729,-0.005305452080611506,0.0025887366385822035,0.5,0.45,0,290.7122582389282,293.4867972723862,47.40263085928986,-0.8552137539500677,-1.192095142638174,290.0020208224073,0.0025887366385822035,0,ITC,15m,2026-03-24 07:00:00
290.6499938964844,291.3500061035156,290.3999938964844,291.29998779296875,691091,0.0024087462999011766,-0.0018845924243420242,0.0026486596449735436,0.5,0.45,0,290.76823248217016,293.40104003789924,47.05872966482363,-0.7154742272190333,-1.096770959554346,290.03868784303745,0.0026486596449735436,0,ITC,15m,2026-03-24 07:15:00
291.29998779296875,291.29998779296875,290.6499938964844,291.20001220703125,1310699,-0.00034320490946448956,0.002237220586378763,0.002443806196037347,0.5,0.4,0,290.8093543607284,293.31472522100245,49.31522884232705,-0.6058134000006135,-0.9985794476435996,290.1035550277155,0.002443806196037347,1,ITC,15m,2026-03-24 07:30:00
291.20001220703125,292.29998779296875,290.8999938964844,292.29998779296875,1147585,0.0037773885296250587,0.004294794888942466,0.0025556552663095243,0.55,0.35,0,290.95131944951316,293.2749315963737,71.21230336714972,-0.4252456008800891,-0.8839126782908976,290.19553240178107,0.0025556552663095243,0,ITC,15m,2026-03-24 07:45:00
292.20001220703125,293.0,291.8999938964844,292.8500061035156,1151953,0.001881691185483092,0.00947948963165035,0.002443272006361389,0.55,0.3,0,291.1321467498944,293.25826785155573,77.20626514675523,-0.23505289473479252,-0.7541407215796766,290.3165247379369,0.002443272006361389,0,ITC,15m,2026-03-24 08:00:00
292.79998779296875,293.1499938964844,292.20001220703125,292.20001220703125,744760,-0.0022195454428456385,0.0070653743018112,0.0025162985550171188,0.6,0.25,1,291.2338482220026,293.21676763020184,66.15412063533797,-0.13521421477088325,-0.630355420217918,290.38631485118225,0.0025162985550171188,0,ITC,15m,2026-03-24 08:15:00
292.25,292.5,291.70001220703125,291.75,799702,-0.0015400827797105165,0.002577319587628857,0.002473740912488646,0.55,0.3,0,291.28300553419285,293.15924733097825,64.66196123063366,-0.0913505337102265,-0.5225544429163798,290.43891886056247,0.002473740912488646,0,ITC,15m,2026-03-24 08:30:00
291.79998779296875,292.95001220703125,291.79998779296875,292.45001220703125,566157,0.0023993563223008163,0.0023993563223008163,0.0024647844437460068,0.55,0.3,0,291.3941490268441,293.13143418886267,71.42875827251564,-0.00010194048115863552,-0.41806394242933553,290.4836079775371,0.0024647844437460068,0,ITC,15m,2026-03-24 08:45:00
292.20001220703125,292.25,291.6000061035156,292.04998779296875,1199780,-0.0013678385958805217,0.0025746654014040526,0.0024588776522082175,0.55,0.3,0,291.4566098617131,293.0890245262786,69.93000128046438,0.03947950483546947,-0.32655525297637455,290.5519276465435,0.0024588776522082175,0,ITC,15m,2026-03-24 09:00:00
291.8999938964844,291.95001220703125,291.0,291.6499938964844,1406840,-0.001369607646646842,0.007426576499082405,0.0020019511961142226,0.55,0.3,0,291.4750273888342,293.0325919525612,59.84255752705742,0.03813235481038646,-0.25361773141902233,290.602223585887,0.0020019511961142226,0,ITC,15m,2026-03-24 09:15:00
291.70001220703125,291.8999938964844,290.95001220703125,291.1499938964844,1496993,-0.0017143837149452557,0.006916825323247222,0.002026001352175324,0.55,0.3,0,291.4440718181342,292.95876457781304,55.14695652564166,-0.0032437012470154514,-0.20354292538462096,290.6400313469171,0.002026001352175324,0,ITC,15m,2026-03-24 09:30:00
291.20001220703125,291.3500061035156,290.75,290.95001220703125,1219555,-0.0006868682591291142,0.0029300451073148714,0.0019143657660561808,0.5,0.35,0,291.3970185218387,292.8799899750373,52.206030849875006,-0.051576829211398945,-0.17314970614997657,290.65525737595584,0.0019143657660561808,1,ITC,15m,2026-03-24 09:45:00
290.95001220703125,292.79998779296875,290.79998779296875,292.29998779296875,1286890,0.004639888397656833,0.008626639424795135,0.0021373918599916523,0.55,0.35,0,291.4830155952796,292.85724479142675,61.250009536815924,0.018833465754084955,-0.1347530717691643,290.70891000617456,0.0021373918599916523,0,ITC,15m,2026-03-24 10:00:00
294.1499938964844,295.54998779296875,293.8999938964844,295.3500061035156,1578006,0.004591857494951057,0.021265538163538267,0.0025229972210988575,0.65,0.3,1,292.0681834155183,292.9980566577371,73.3990992020301,0.46400561279955355,0.04006269419075608,294.93332926432294,0.0025229972210988575,0,ITC,15m,2026-03-25 04:00:00
295.45001220703125,296.3999938964844,295.3500061035156,296.0,1216881,0.002200758026246863,0.019283767979388466,0.0024332743285096752,0.65,0.3,0,292.44264213784993,293.1157799260612,73.26744340637427,0.7100487609011452,0.1740599075328339,295.36146986589335,0.0024332743285096752,0,ITC,15m,2026-03-25 04:15:00
295.95001220703125,296.45001220703125,295.70001220703125,296.04998779296875,852051,0.00016887767894857575,0.01928034205743412,0.002433331598887806,0.65,0.3,0,292.7861988669089,293.23084690123403,74.12926107895711,0.8987135155662145,0.31899062913951004,295.52622920819647,0.002433331598887806,0,ITC,15m,2026-03-25 04:30:00
296.1000061035156,296.3500061035156,295.6499938964844,295.8999938964844,814962,-0.0005066505747983729,0.01806296270513541,0.002454880896132517,0.6,0.35,0,293.0827507744875,293.3355193324203,69.78024004909638,1.0243207075009195,0.460056644811792,295.60667434008764,0.002454880896132517,0,ITC,15m,2026-03-25 04:45:00
295.8999938964844,296.6499938964844,295.70001220703125,296.3999938964844,1429958,0.0016897600889269615,0.02030978966087571,0.0024374799356297354,0.6,0.35,0,293.39867869086817,293.45569480552086,69.61321868150397,1.1509437700423746,0.5982340698579085,295.76280992142665,0.0024374799356297354,0,ITC,15m,2026-03-25 05:00:00
296.25,297.5,296.1000061035156,297.20001220703125,871857,0.002699117162688891,0.024474339724702254,0.002397597652526663,0.65,0.3,0,293.76071045431223,293.6025307820507,77.17387698778636,1.3008528293415793,0.7387578217546427,295.9136936224294,0.002397597652526663,0,ITC,15m,2026-03-25 05:15:00
297.29998779296875,297.79998779296875,297.0,297.04998779296875,946828,-0.0005047927587499279,0.02219539419815275,0.0024242242394332033,0.65,0.3,0,294.0739749627557,293.7377251746357,79.77513064230753,1.3915106538320856,0.8693083881701313,296.08187964031293,0.0024242242394332033,0,ITC,15m,2026-03-25 05:30:00
297.20001220703125,298.3500061035156,296.95001220703125,297.75,1737006,0.002356546829818784,0.022142164357436878,0.0024227698770986784,0.65,0.35,0,294.42407258535036,293.8950692854343,79.77513064230753,1.5025226222549577,0.9959512349870967,296.3763205874138,0.0024227698770986784,0,ITC,15m,2026-03-25 05:45:00
297.75,298.45001220703125,297.6499938964844,297.95001220703125,993938,0.0006717454476279361,0.02317994408324764,0.002401520804542341,0.7,0.35,0,294.7598763588438,294.0540866549087,83.90813871096736,1.588330435999012,1.1144270751894798,296.5324677308079,0.002401520804542341,0,ITC,15m,2026-03-25 06:00:00
298.0,298.0,296.95001220703125,297.3999938964844,953631,-0.0018460086860634384,0.017447849184064612,0.002406800265481461,0.65,0.4,0,295.0113161243334,294.18529870359794,82.48574128097435,1.5935820438061796,1.21025806891282,296.6092540489109,0.002406800265481461,0,ITC,15m,2026-03-25 06:15:00
297.6499938964844,297.6499938964844,296.8999938964844,297.25,614730,-0.0005043507046492701,0.015024735546459445,0.002413036229845501,0.6,0.45,0,295.22452411249213,294.30548306816274,85.8822600160127,1.567570747139996,1.2817206045582552,296.642903830088,0.002413036229845501,0,ITC,15m,2026-03-25 06:30:00
297.25,297.79998779296875,297.0,297.5,457654,0.000841042893187538,0.0181382189307151,0.0023097264799292376,0.6,0.45,0,295.4412361017786,294.4307582419603,88.30380343222637,1.5492704919498124,1.3352305820365666,296.6719185727108,0.0023097264799292376,0,ITC,15m,2026-03-25 06:45:00
297.5,298.20001220703125,297.20001220703125,297.95001220703125,920545,0.0015126460740546577,0.021251112963260432,0.0022396754807455085,0.65,0.4,0,295.68016715942167,294.56876820137484,86.92785166628104,1.5531755906728222,1.3788195837638177,296.7483388704539,0.0022396754807455085,0,ITC,15m,2026-03-25 07:00:00
297.8999938964844,298.5,296.54998779296875,296.70001220703125,1276523,-0.00419533461583288,0.014532398094041943,0.002501394146146943,0.65,0.45,0,295.77729525919403,294.6523463976751,68.74989403726497,1.4388200345078985,1.390819673912634,296.79200752013617,0.002501394146146943,0,ITC,15m,2026-03-25 07:15:00
296.75,297.04998779296875,296.45001220703125,296.70001220703125,1121153,0.0,0.01592201543716154,0.00245952096701281,0.65,0.45,0,295.86517306375,294.73264701764987,61.53838128276689,1.3328284160367048,1.3792214223374484,296.7878405789975,0.00245952096701281,0,ITC,15m,2026-03-25 07:30:00
296.6499938964844,297.0,296.1499938964844,296.20001220703125,366094,-0.0016852038403393221,0.015600954588607996,0.0024750893012529273,0.65,0.45,0,295.89706250596726,294.79019075056675,51.75447050005354,1.194711582009063,1.3423194542717716,296.7801831950569,0.0024750893012529273,0,ITC,15m,2026-03-25 07:45:00
296.20001220703125,297.25,296.1000061035156,297.0,428560,0.002700836461848599,0.020092757087934343,0.0024377802078623073,0.7,0.45,0,296.00210417206563,294.87684993681904,57.364352088419544,1.1367021304918694,1.3011959895157914,296.7802646705967,0.0024377802078623073,0,ITC,15m,2026-03-25 08:00:00
297.1499938964844,297.1499938964844,296.75,297.1000061035156,838192,0.00033672088725800187,0.0211376306528841,0.0024111453050333497,0.7,0.4,0,296.10666626077517,294.9640325315915,59.37497019807551,1.086276954449886,1.2582121825026105,296.790838466597,0.0024111453050333497,0,ITC,15m,2026-03-25 08:15:00
297.1499938964844,297.75,297.04998779296875,297.70001220703125,1061199,0.0020195425486009277,0.018474254668417123,0.0022729979774010253,0.7,0.4,0,296.2584134937519,295.071325852197,60.0,1.0822545603447224,1.2230206580710328,296.83156200328244,0.0022729979774010253,0,ITC,15m,2026-03-25 08:30:00
297.70001220703125,297.75,296.54998779296875,296.6499938964844,1080198,-0.003527102007025329,0.009013584681919706,0.0021712327814148932,0.65,0.45,0,296.2957068654407,295.13323440295335,45.92584555150167,0.9830075822375761,1.1750180429043415,296.83994322920955,0.0021712327814148932,0,ITC,15m,2026-03-25 08:45:00
296.6499938964844,296.6499938964844,295.20001220703125,295.29998779296875,1236564,-0.004550838130091828,-0.00016935266467998922,0.0022155316747934912,0.6,0.5,0,296.20087647758623,295.1397737515814,38.99381209022371,0.7863548181155124,1.0972853979465758,296.77315295818454,0.0022155316747934912,0,ITC,15m,2026-03-25 09:00:00
295.29998779296875,296.0,295.1000061035156,296.0,1029449,0.0023705121434749454,0.0,0.0022247373022159706,0.55,0.55,0,296.1817453844828,295.1735081142645,38.99381209022371,0.6791622608244552,1.0136607705221516,296.7225364820471,0.0022247373022159706,0,ITC,15m,2026-03-25 09:15:00
295.8500061035156,296.0,295.1499938964844,295.54998779296875,818208,-0.0015203115102406795,-0.0016889039710066278,0.0022500032177182705,0.5,0.55,0,296.1215779948148,295.1882720232333,35.36583550427987,0.5515413374762943,0.9212368839129803,296.68077093206955,0.0022500032177182705,-1,ITC,15m,2026-03-25 09:30:00
295.6000061035156,296.1499938964844,295.1499938964844,295.70001220703125,1408183,0.0005076109634880588,-0.0006758421547081728,0.0022513606064478342,0.55,0.5,0,296.0814288721688,295.2083402657352,39.102792329993385,0.45723582272728436,0.8284366716758411,296.62139863791447,0.0022513606064478342,-1,ITC,15m,2026-03-25 09:45:00
295.70001220703125,296.0,295.1000061035156,296.0,1207088,0.0010145004416122205,-0.0013495071009483883,0.0022291441989009024,0.5,0.55,0,296.07367374148606,295.23938574551033,42.13843720730266,0.4020697211780657,0.7431632815762861,296.57736733751136,0.0022291441989009024,-1,ITC,15m,2026-03-25 10:00:00
293.8500061035156,294.75,293.75,293.95001220703125,684602,0.0008512086809986386,-0.010435871783634143,0.0027398936626514153,0.4,0.6,-1,295.6668870685691,295.130821844051,29.591938417079803,0.00758749759904731,0.5044686582446999,294.15000406901044,0.0027398936626514153,-1,ITC,15m,2026-03-27 04:00:00
293.95001220703125,293.95001220703125,293.45001220703125,293.45001220703125,428538,-0.0017009694820078192,-0.014441604678316566,0.00266481600954533,0.35,0.6,-1,295.45575612937506,295.0649077406385,32.044295772748114,-0.16025148381169174,0.3715246298334216,293.9446838823773,0.00266481600954533,-1,ITC,15m,2026-03-27 04:15:00
293.45001220703125,293.6000061035156,292.79998779296875,293.1499938964844,368191,-0.0010223830228884845,-0.016110146379895385,0.0026449762316825554,0.3,0.65,-1,295.23615972624265,294.9898130800835,31.0160811794388,-0.31385611813647074,0.23444848023944315,293.7554460157721,0.0026449762316825554,-1,ITC,15m,2026-03-27 04:30:00
293.20001220703125,293.3500061035156,292.5,292.54998779296875,437093,-0.0020467546171175632,-0.016308023547585426,0.0026494980584825085,0.3,0.65,-1,294.9803338278356,294.8941336570594,30.68785119162952,-0.4784886562139832,0.09186105294875789,293.53775709265614,0.0026494980584825085,-1,ITC,15m,2026-03-27 04:45:00
292.6000061035156,293.25,292.5,292.70001220703125,677107,0.0005128163401895147,-0.01530693958946594,0.0026655583485072462,0.3,0.6,-1,294.76316034013996,294.8080896786269,25.568556189789234,-0.5900536412644897,-0.044521885893891625,293.3496442864847,0.0026655583485072462,-1,ITC,15m,2026-03-27 05:00:00
292.70001220703125,292.8500061035156,291.6000061035156,292.25,1237124,-0.0015374519585361623,-0.01764705882352946,0.002642974571065179,0.25,0.65,-1,294.5238117363171,294.7077724363278,23.4975702979345,-0.706636256993022,-0.1769447601137177,292.98931703612277,0.002642974571065179,-1,ITC,15m,2026-03-27 05:15:00
292.29998779296875,293.3999938964844,292.25,293.3999938964844,1214532,0.003934966283949848,-0.015271079456728787,0.0028089919062365153,0.25,0.65,-1,294.41678146585684,294.6564870033928,27.83519425646446,-0.6981856735052929,-0.2811929427920328,292.9958973470049,0.0028089919062365153,-1,ITC,15m,2026-03-27 05:30:00
293.45001220703125,293.8999938964844,293.1499938964844,293.70001220703125,574594,0.0010225573169326818,-0.01011122304203571,0.002714379098337843,0.25,0.6,-1,294.3485177269211,294.6189781878492,33.51984642505208,-0.6596752294925636,-0.356889400132139,293.0559383185633,0.002714379098337843,0,ITC,15m,2026-03-27 05:45:00
293.75,293.79998779296875,293.0,293.29998779296875,437276,-0.0013620170154453604,-0.01145946839965084,0.0027181387637622272,0.25,0.6,-1,294.24865773321136,294.5672530743245,37.50019073195294,-0.653896342234134,-0.416290788552538,293.07836268106456,0.0027181387637622272,0,ITC,15m,2026-03-27 06:00:00
293.20001220703125,293.3500061035156,292.95001220703125,293.29998779296875,495695,0.0,-0.009790763992391427,0.0027079344854010843,0.25,0.6,-1,294.15830821509303,294.51755639662434,31.507044019898828,-0.6419169138438292,-0.4614160136107962,293.0875615064822,0.0027079344854010843,0,ITC,15m,2026-03-27 06:15:00
293.3500061035156,293.95001220703125,293.20001220703125,293.95001220703125,459852,0.002216244258834932,-0.010269319168244917,0.0026799201003074014,0.25,0.55,0,294.13847050003955,294.49529976173835,39.333669699386405,-0.5733622299222247,-0.48380525687308196,293.127711553377,0.0026799201003074014,0,ITC,15m,2026-03-27 06:30:00
293.95001220703125,295.1499938964844,293.95001220703125,294.75,794169,0.0027215096436372654,-0.007909815063069536,0.0027711965199293596,0.3,0.55,0,294.19671140479767,294.5052880063761,44.17176535785698,-0.44930056268219687,-0.47690431803490496,293.2791416960009,0.0027711965199293596,0,ITC,15m,2026-03-27 06:45:00
294.79998779296875,296.6000061035156,294.6499938964844,296.20001220703125,828608,0.004919464654898231,-0.005038629286171603,0.0029726332925862405,0.3,0.55,0,294.38750195739135,294.5717477789508,51.07532174335348,-0.23131052695964627,-0.4277855598198533,293.5225739195543,0.0029726332925862405,0,ITC,15m,2026-03-27 07:00:00
296.29998779296875,296.6499938964844,295.79998779296875,296.29998779296875,519088,0.0003375272850010269,-0.0011798621632123085,0.00287219488400089,0.35,0.5,0,294.5696434655416,294.6395218971476,68.30943538958806,-0.04990933511408002,-0.35221031487869864,293.6771934425178,0.00287219488400089,0,ITC,15m,2026-03-27 07:15:00
296.25,296.79998779296875,295.29998779296875,295.3999938964844,542015,-0.0030374415577539837,0.00033865935540000613,0.0027654708604284857,0.4,0.5,0,294.6487244589647,294.6693443284941,59.35461006871296,0.020988488237549063,-0.2775705542554491,293.7976921358454,0.0027654708604284857,0,ITC,15m,2026-03-27 07:30:00
295.3500061035156,296.3500061035156,295.29998779296875,296.25,327681,0.0028774750205766697,0.0008445945945945166,0.0027903554028090014,0.4,0.45,0,294.80122689144423,294.7313308254159,67.28366688769667,0.14410278557994616,-0.19323588628837002,293.8685797660176,0.0027903554028090014,0,ITC,15m,2026-03-27 07:45:00
296.25,296.29998779296875,295.04998779296875,295.3999938964844,282604,-0.002869218914820726,-0.0005075077065793687,0.0028459532485695716,0.4,0.5,0,294.8582523204957,294.75755290663426,63.0056518701975,0.1711109044642285,-0.12036652813785031,293.9155876427429,0.0028459532485695716,0,ITC,15m,2026-03-27 08:00:00
295.3500061035156,295.6499938964844,295.0,295.0,356346,-0.0013540755069363364,-0.002367305303123013,0.002858154947345619,0.35,0.55,0,294.87175209949606,294.76706063578587,64.49698799531947,0.15841278473141074,-0.06461066556399811,293.95905961476296,0.002858154947345619,0,ITC,15m,2026-03-27 08:15:00
294.95001220703125,295.25,294.8500061035156,295.25,458514,0.0008474576271186862,-0.0025337837837837718,0.0028549240171785004,0.35,0.55,0,294.90777570906783,294.7859994343825,64.91212415407898,0.1666018614679956,-0.018368160157599366,294.00677605448294,0.0028549240171785004,0,ITC,15m,2026-03-27 08:30:00
295.25,295.25,294.75,294.79998779296875,549719,-0.0015241734361769455,0.003745235070545805,0.002252405940347789,0.35,0.55,0,294.8975101932489,294.7865479974643,64.91212415407898,0.13522079839054868,0.012349631552030244,294.05040911536315,0.002252405940347789,0,ITC,15m,2026-03-27 08:45:00
294.8500061035156,295.0,293.95001220703125,293.95001220703125,581840,-0.00288322802283969,0.0,0.002347435322830415,0.35,0.6,0,294.8072722897996,294.7537426723493,53.33343197564522,0.04128919740452375,0.018137544722528945,294.06225933710954,0.002347435322830415,0,ITC,15m,2026-03-27 09:00:00
294.0,294.6000061035156,293.6499938964844,294.54998779296875,1292322,0.0020410803232588925,0.003748425763095309,0.002353626445115182,0.35,0.6,0,294.7827690043871,294.7457522849226,54.97062455829758,0.015086830867403478,0.017527401951503853,294.0817577416485,0.002353626445115182,0,ITC,15m,2026-03-27 09:15:00
