open,high,low,close,volume,returns,price_change_pct,rolling_volatility,higher_high_ratio,lower_low_ratio,market_type,ema_20,ema_50,rsi,macd,macd_signal,vwap,volatility,target_market_type,symbol,timeframe,timestamp
1395.699951171875,1397.5,1395.0,1396.300048828125,291344,0.00021493469063393889,0.008522967734290399,0.0014807989545528356,0.6,0.2,1,1389.157211879786,1387.1104790966676,71.16325812202628,1.8908028044786533,1.1451634693448343,1388.527317915501,0.0014807989545528356,0,RELIANCE,15m,2026-01-30 08:45:00
1396.5999755859375,1396.699951171875,1393.199951171875,1394.0,301992,-0.001647245396901198,0.006498194945848468,0.0015517882427184904,0.55,0.25,0,1389.618429795997,1387.3806563869946,63.04361671637989,2.0363515370231653,1.3234010828805005,1388.8379631267628,0.0015517882427184904,0,RELIANCE,15m,2026-01-30 09:00:00
1393.9000244140625,1394.199951171875,1389.0,1391.4000244140625,265655,-0.001865118784747155,0.0017278793477770726,0.0015017701727868705,0.5,0.3,0,1389.7881054739078,1387.538278662566,54.508387406632885,1.9197736991184229,1.4426756061280852,1388.9534239679074,0.0015017701727868705,0,RELIANCE,15m,2026-01-30 09:15:00
1391.300048828125,1392.800048828125,1390.300048828125,1392.699951171875,937006,0.0009342581105387104,0.003675393251418857,0.001489962624520476,0.45,0.3,0,1390.0654241118095,1387.7406971923429,62.12768167887383,1.9102578842991988,1.536192061762308,1389.344568538787,0.001489962624520476,0,RELIANCE,15m,2026-01-30 09:30:00
1392.699951171875,1397.800048828125,1392.5,1396.199951171875,2058152,0.0025131041306170054,0.005617924676358577,0.0015771550139438697,0.5,0.3,0,1390.6496647841968,1388.0724326425207,67.53725904602267,2.160235432411355,1.6610007358921175,1390.7221061117623,0.0015771550139438697,0,RELIANCE,15m,2026-01-30 09:45:00
1396.300048828125,1397.5,1395.5,1397.0,1532272,0.0005730188054036134,0.005108263516241385,0.001567677986193083,0.45,0.3,0,1391.2544586142733,1388.4225333232062,67.41585362508344,2.3952902791029373,1.8078586445342815,1391.5710854175886,0.001567677986193083,0,RELIANCE,15m,2026-01-30 10:00:00
1473.9000244140625,1473.9000244140625,1438.4000244140625,1447.0999755859375,6194607,0.03586254515815135,0.043180526616556136,0.008072787290957019,0.5,0.3,0,1396.5730792782413,1390.7236094903722,89.37010396808869,6.548732552977981,2.7560334262230217,1453.1333414713542,0.008072787290957019,0,RELIANCE,15m,2026-02-03 03:45:00
1447.0,1447.800048828125,1440.5,1442.5999755859375,3294747,-0.0031096676635474774,0.039337158203125,0.008152202171294743,0.5,0.25,0,1400.9565932123076,1392.7579767882376,83.8668636047484,9.369250202845933,4.078676781547604,1449.8348981315862,0.008152202171294743,0,RELIANCE,15m,2026-02-03 04:00:00
1442.4000244140625,1445.5,1435.4000244140625,1445.300048828125,1500916,0.00187167148751044,0.04038302593440646,0.00814817635078943,0.45,0.25,0,1405.179779461433,1394.8184502015665,84.61537296524483,11.687675854366034,5.600476596111291,1448.7740118882143,0.00814817635078943,0,RELIANCE,15m,2026-02-03 04:15:00
1445.300048828125,1447.4000244140625,1441.9000244140625,1443.5999755859375,921542,-0.0011762770253594956,0.04080748059548478,0.008139219444739795,0.45,0.25,0,1408.838845759005,1396.7314511970321,84.51041906167939,13.235294942597648,7.127440265408563,1448.4278863479553,0.008139219444739795,0,RELIANCE,15m,2026-02-03 04:30:00
1443.5999755859375,1447.800048828125,1440.0,1447.0,704659,0.002355240005239345,0.0434092508308932,0.008123210093433936,0.5,0.3,0,1412.4732414010045,1398.7027668363642,86.57790635885931,14.568214467062035,8.615595105739258,1448.232708412408,0.008123210093433936,0,RELIANCE,15m,2026-02-03 04:45:00
1446.9000244140625,1455.699951171875,1445.699951171875,1451.0,793950,0.0027643400138217533,0.045615083271185464,0.008116301152703662,0.5,0.3,0,1416.1424565056707,1400.7536387251344,86.97174623187576,15.765593416804222,10.045594767952252,1448.3847003082064,0.008116301152703662,0,RELIANCE,15m,2026-02-03 05:00:00
1451.0,1453.800048828125,1446.0,1447.699951171875,355719,-0.002274327241988283,0.043688253660547405,0.008158839782867926,0.5,0.3,0,1419.1479321881664,1402.594670585791,83.2751338729366,16.260794186959174,11.288634651753638,1448.4049064292442,0.008158839782867926,0,RELIANCE,15m,2026-02-03 05:15:00
1447.699951171875,1451.0,1445.199951171875,1450.5,330109,0.001934136162578648,0.043750486410289335,0.00815873631178086,0.45,0.35,0,1422.133843408341,1404.4733109549757,82.71297018153682,16.686829520954234,12.368273625593757,1448.4165002561328,0.00815873631178086,0,RELIANCE,15m,2026-02-03 05:30:00
1450.5,1451.0,1444.699951171875,1447.5999755859375,677652,-0.001999327414038299,0.04181358444471939,0.008196942592006162,0.45,0.4,0,1424.5591893300168,1406.1645527052096,79.8601666915354,16.599113609760707,13.214441622427147,1448.3866924500694,0.008196942592006162,0,RELIANCE,15m,2026-02-03 05:45:00
1447.800048828125,1454.0,1447.199951171875,1453.699951171875,319570,0.004213854441015963,0.04740970214017515,0.008173329982420277,0.5,0.35,0,1427.3344999816222,1408.0286859784123,83.2774922974753,16.82783436870386,13.93712017168249,1448.4554320146399,0.008173329982420277,0,RELIANCE,15m,2026-02-03 06:00:00
1453.699951171875,1454.4000244140625,1448.4000244140625,1448.9000244140625,428962,-0.0033018689681754143,0.04500542691241427,0.008238745375070999,0.55,0.3,0,1429.3883594513784,1409.6314835641242,81.28395448737191,16.432361212053593,14.436168379756712,1448.5137765996353,0.008238745375070999,0,RELIANCE,15m,2026-02-03 06:15:00
1448.699951171875,1448.800048828125,1444.199951171875,1444.9000244140625,195315,-0.002760714978673251,0.04099425390062139,0.008311537521891883,0.5,0.35,0,1430.865660876396,1411.0145635974552,77.58982663733201,15.616165876079322,14.672167879021234,1448.4821252977388,0.008311537521891883,0,RELIANCE,15m,2026-02-03 06:30:00
1444.9000244140625,1447.300048828125,1443.199951171875,1445.300048828125,330998,0.00027685265921761903,0.03948505714188144,0.008320762436010645,0.45,0.4,0,1432.2403644908466,1412.3590924300304,76.83058286751071,14.830645370941056,14.7038633774052,1448.4158082790366,0.008320762436010645,0,RELIANCE,15m,2026-02-03 06:45:00
1445.5,1446.0,1442.0999755859375,1442.800048828125,235649,-0.0017297446312459774,0.03352439027802645,0.008345398158528234,0.4,0.45,0,1433.2460487134445,1413.5528554260343,74.57079015476178,13.846768674653958,14.532444436854954,1448.3466019302123,0.008345398158528234,0,RELIANCE,15m,2026-02-03 07:00:00
1442.4000244140625,1444.5,1441.0,1444.0999755859375,770640,0.0009009749887853857,0.03423327729446801,0.008340457080701538,0.35,0.5,0,1434.2797560346344,1414.7507817068147,46.621632767522804,13.021825036594691,14.230320556802901,1448.114049866673,0.008340457080701538,0,RELIANCE,15m,2026-02-03 07:15:00
1444.0999755859375,1446.199951171875,1443.0,1444.300048828125,621847,0.00013854528465473415,0.03608324880066349,0.00831205829524151,0.4,0.45,0,1435.2340696340143,1415.9095764958856,52.11978045728933,12.243065065564906,13.832869458555303,1447.986912848536,0.00831205829524151,0,RELIANCE,15m,2026-02-03 07:30:00
1444.699951171875,1445.699951171875,1442.4000244140625,1444.0,314642,-0.00020774687944413728,0.03780363278927501,0.008281737742090862,0.4,0.45,0,1436.0689201450605,1417.011161731341,48.27580624271467,11.469467859060615,13.360189138656366,1447.9177711390073,0.008281737742090862,0,RELIANCE,15m,2026-02-03 07:45:00
1444.0,1444.699951171875,1440.199951171875,1440.5,370103,-0.002423822714681445,0.0343218571867574,0.0083359750234533,0.4,0.5,0,1436.4909277502927,1417.9322926438374,46.07599239766985,10.453464715970085,12.778844254119111,1447.7944586733156,0.0083359750234533,0,RELIANCE,15m,2026-02-03 08:00:00
1440.199951171875,1445.800048828125,1438.4000244140625,1445.4000244140625,540644,0.0034016136161489907,0.03523855820285071,0.008342783213355217,0.4,0.55,0,1437.3394131468424,1419.009458595611,48.048816070359926,9.929208192835858,12.208917041862462,1447.663048594818,0.008342783213355217,0,RELIANCE,15m,2026-02-03 08:15:00
1445.4000244140625,1445.800048828125,1442.699951171875,1443.4000244140625,297800,-0.0013836999904650593,0.03321404754048851,0.008368935280912405,0.4,0.55,0,1437.916614219911,1419.9659513728054,40.256472053810924,9.245768373368037,11.616287308163576,1447.6057165091868,0.008368935280912405,0,RELIANCE,15m,2026-02-03 08:30:00
1443.5,1444.5,1441.199951171875,1443.300048828125,384833,-6.926394918005396e-05,-0.0026258909694707455,0.002293150263547126,0.35,0.6,0,1438.429322277836,1420.8810140181122,43.85489337616018,8.596969683187353,11.012423783168334,1447.5152166169544,0.002293150263547126,0,RELIANCE,15m,2026-02-03 08:45:00
1443.0999755859375,1445.0,1441.5,1443.0999755859375,412908,-0.00013862207123871428,0.0003465964289905976,0.002183507003132124,0.4,0.6,0,1438.874146402417,1421.7523458443013,38.85540950455005,7.974720197963052,10.404883066127278,1447.426117328336,0.002183507003132124,0,RELIANCE,15m,2026-02-03 09:00:00
1443.0,1443.699951171875,1441.300048828125,1441.800048828125,321471,-0.0009007877346021154,-0.002421642483744324,0.002147445486105346,0.4,0.6,0,1439.152803776294,1422.5385302750396,40.82289360945968,7.292624931731552,9.782431439248132,1447.3444900124812,0.002147445486105346,0,RELIANCE,15m,2026-02-03 09:15:00
1441.9000244140625,1443.800048828125,1435.699951171875,1436.300048828125,654829,-0.0038146759701321864,-0.005056751788077296,0.002291986938111068,0.4,0.65,0,1438.8811128288494,1423.0781976692783,21.935641381048384,6.236366533040609,9.073218458006629,1447.07148036171,0.002291986938111068,0,RELIANCE,15m,2026-02-03 09:30:00
1436.4000244140625,1441.5,1430.199951171875,1440.199951171875,3684734,0.0027152420881222383,-0.0046994117678818,0.0023148316874544907,0.35,0.65,0,1439.0067164805662,1423.7496389831056,35.548039370749336,5.64884727336198,8.388344221077698,1445.6113379906967,0.0023148316874544907,0,RELIANCE,15m,2026-02-03 09:45:00
1440.0,1440.300048828125,1435.4000244140625,1438.0999755859375,795933,-0.0014581139127444187,-0.008890437225404946,0.002217588473673971,0.3,0.65,0,1438.9203602048872,1424.3123972812557,37.943154960305435,4.956646413215822,7.702004659505324,1445.3712587377474,0.002217588473673971,0,RELIANCE,15m,2026-02-03 10:00:00
1450.699951171875,1461.699951171875,1450.699951171875,1460.0,787076,0.006410732157681842,0.006549465701482182,0.003277760156431016,0.4,0.6,0,1441.9429663911462,1426.706136519469,68.22030610714268,6.362071935080621,7.05977161878702,1457.466634114583,0.003277760156431016,0,RELIANCE,15m,2026-02-04 04:00:00
1459.699951171875,1460.0,1456.0,1457.300048828125,268072,-0.0018492816245718746,0.006700796771056394,0.00327231153647756,0.4,0.55,0,1443.4055456708586,1427.9058977864752,63.58032908766211,6.856965795319638,7.019210454093544,1457.5428648324096,0.00327231153647756,0,RELIANCE,15m,2026-02-04 04:15:00
1457.300048828125,1462.0,1453.0999755859375,1462.0,337818,0.003225108772661134,0.00570960246743768,0.003217704145954777,0.4,0.6,0,1445.1764460831578,1429.2429214026918,66.66666666666666,7.5414859696700205,7.12366555720884,1457.9043268773376,0.003217704145954777,0,RELIANCE,15m,2026-02-04 04:30:00
1462.0,1464.0,1457.9000244140625,1458.0,387743,-0.002735978112175075,0.006280609726414754,0.003186800293686913,0.4,0.6,0,1446.397736932381,1430.3706499751354,62.32398603923456,7.672759770432549,7.233484399853582,1458.353395743949,0.003186800293686913,0,RELIANCE,15m,2026-02-04 04:45:00
1458.0999755859375,1459.4000244140625,1454.699951171875,1456.0,317393,-0.00137174211248281,0.007682175512758294,0.0031308209939209237,0.4,0.6,0,1447.312238176916,1431.37572252513,64.01451604358346,7.528626597007815,7.292512839284429,1458.103275007059,0.0031308209939209237,0,RELIANCE,15m,2026-02-04 05:00:00
1455.699951171875,1458.0,1454.4000244140625,1456.9000244140625,204390,0.0006181486360319344,0.00802599819694394,0.0031311170990437898,0.4,0.6,0,1448.225360675692,1432.3766755403824,61.208619672193564,7.401702250893777,7.314350721606299,1457.9550373358607,0.0031311170990437898,0,RELIANCE,15m,2026-02-04 05:15:00
1456.5999755859375,1457.0999755859375,1453.300048828125,1454.800048828125,252833,-0.001441399925010023,0.008317160794211631,0.0031214219601387754,0.4,0.6,0,1448.851521452114,1433.2560235124508,61.08956531858351,7.0503907962179255,7.261558736528625,1457.6692540211263,0.0031214219601387754,0,RELIANCE,15m,2026-02-04 05:30:00
1454.5999755859375,1455.199951171875,1451.4000244140625,1451.5999755859375,155698,-0.002199665338728285,0.005193546241115898,0.003172792523314138,0.4,0.6,0,1449.1132789886685,1433.9753941819993,57.61462875983004,6.439523947209409,7.097151778664782,1457.3857759711816,0.003172792523314138,0,RELIANCE,15m,2026-02-04 05:45:00
1451.5,1452.0999755859375,1448.699951171875,1451.300048828125,247410,-0.00020661805101740427,0.004846638346152288,0.0031744480469614892,0.35,0.65,0,1449.3215427829025,1434.654792403416,57.50926151569148,5.863613894546006,6.850444201841027,1456.8266523248265,0.0031744480469614892,0,RELIANCE,15m,2026-02-04 06:00:00
1451.800048828125,1454.800048828125,1450.0,1452.0,162850,0.00048229252968057246,0.005540166204986097,0.0031730001647103452,0.4,0.6,0,1449.5766339464355,1435.33499662289,59.444441932698254,5.4014170647792525,6.560638774428672,1456.5887402182093,0.0031730001647103452,0,RELIANCE,15m,2026-02-04 06:15:00
1452.199951171875,1455.0,1451.199951171875,1452.9000244140625,173654,0.0006198515248363456,0.00860813912812386,0.003108781452648013,0.45,0.55,0,1449.8931473243047,1436.0238212421516,66.80166945485726,5.049539250388307,6.2584188696206,1456.40135817103,0.003108781452648013,0,RELIANCE,15m,2026-02-04 06:30:00
1453.199951171875,1454.0,1451.5,1451.800048828125,182490,-0.0007570896603027455,0.004427856860357293,0.0030380635644725873,0.4,0.5,0,1450.074756991335,1436.6424968337583,62.446495837546436,4.628559557039807,5.932447007104442,1456.193123208106,0.0030380635644725873,0,RELIANCE,15m,2026-02-04 06:45:00
1451.699951171875,1453.699951171875,1451.0999755859375,1451.9000244140625,186269,6.88631922958205e-05,0.005888873393535166,0.003014848093538587,0.4,0.55,0,1450.2485919839758,1437.2408312486723,65.47095757084755,4.253960304923794,5.5967496666683125,1455.991799426901,0.003014848093538587,0,RELIANCE,15m,2026-02-04 07:00:00
1451.9000244140625,1461.5,1451.800048828125,1455.5999755859375,469493,0.0025483512016388765,0.008522085735255924,0.0030546242331351858,0.45,0.5,0,1450.758247565115,1437.960797693271,56.86281214417359,4.207145482305123,5.318828829795675,1456.026809157259,0.0030546242331351858,0,RELIANCE,15m,2026-02-04 07:15:00
1455.5,1455.699951171875,1452.5999755859375,1453.4000244140625,208243,-0.0015113707122654807,0.0071374464710547425,0.0030833333756247502,0.4,0.5,0,1451.0098453602527,1438.5662575646745,38.4614727964181,3.9470278442372546,5.044468632683992,1455.9247929311139,0.0030833333756247502,0,RELIANCE,15m,2026-02-04 07:30:00
1453.300048828125,1455.9000244140625,1453.0999755859375,1454.699951171875,224460,0.0008944039741134446,0.00894708136140987,0.0030707979708637216,0.45,0.45,0,1451.3612840089786,1439.1989514316238,45.22035723902701,3.8019494606849094,4.795964798284175,1455.8580264209472,0.0030707979708637216,0,RELIANCE,15m,2026-02-04 07:45:00
1454.5,1457.0,1453.800048828125,1455.0,192187,0.00020626166095860654,0.013019529719526357,0.0029039928564254516,0.45,0.4,0,1451.707828389076,1439.8186003950896,34.64899130509272,3.668892520137433,4.570550342654827,1455.8341410400924,0.0029039928564254516,0,RELIANCE,15m,2026-02-04 08:00:00
1455.199951171875,1455.9000244140625,1454.4000244140625,1454.9000244140625,152802,-6.871174291234183e-05,0.010206966907772896,0.00286631578344677,0.45,0.35,0,1452.0118470581224,1440.4100287879903,41.798911042647596,3.514859628008253,4.359412199725512,1455.810261844345,0.00286631578344677,0,RELIANCE,15m,2026-02-04 08:15:00
1454.9000244140625,1458.5,1454.300048828125,1455.199951171875,175893,0.00020614939362118,0.01189067232893204,0.0028300455546550578,0.5,0.4,0,1452.315476021337,1440.9900257442212,47.67423704755146,3.3780489880400637,4.163139557388423,1455.8168227046099,0.0028300455546550578,0,RELIANCE,15m,2026-02-04 08:30:00
1455.199951171875,1456.9000244140625,1455.0999755859375,1456.5,115528,0.0008933815776162035,0.00399810369018061,0.0020834571416619824,0.45,0.4,0,1452.714002114543,1441.5982600287614,48.86354966464832,3.336072478763981,3.9977261416635343,1455.8245917217198,0.0020834571416619824,0,RELIANCE,15m,2026-02-04 08:45:00
1456.699951171875,1456.800048828125,1453.0,1453.4000244140625,181875,-0.0021283732138259737,-0.004520531223244917,0.0015509665844879062,0.4,0.45,0,1452.77933757164,1442.061074318381,46.23643917069745,3.0178754805524477,3.801756009441317,1455.7764704992785,0.0015509665844879062,0,RELIANCE,15m,2026-02-04 09:00:00
1453.199951171875,1454.4000244140625,1450.0999755859375,1451.0,203728,-0.0016513171692219553,-0.004323096560101769,0.0015406547959160534,0.4,0.5,0,1452.6098768505315,1442.4116204235427,48.31464526969104,2.5427291556975433,3.5499506386925623,1455.6327086693002,0.0015406547959160534,0,RELIANCE,15m,2026-02-04 09:15:00
1451.0,1460.699951171875,1450.5999755859375,1456.4000244140625,877188,0.003721588155797706,-0.0038303526579599456,0.0016017958590219805,0.4,0.45,0,1452.9708432851535,1442.9601852859162,61.13542471814281,2.572257724460769,3.354412055846204,1455.6689727215953,0.0016017958590219805,0,RELIANCE,15m,2026-02-04 09:30:00
1456.4000244140625,1457.5,1455.699951171875,1456.4000244140625,761437,0.0,-0.0010973769450874915,0.0014855907181778208,0.35,0.45,0,1453.2974319640973,1443.4872378007456,59.91004118530086,2.5660791646662346,3.1967454776102104,1455.7600468546204,0.0014855907181778208,0,RELIANCE,15m,2026-02-04 09:45:00
1456.800048828125,1457.0,1454.0999755859375,1456.800048828125,523706,0.0002746665801680592,0.0005494840852506844,0.0014539993060049934,0.35,0.45,0,1453.6310145225762,1444.009308821427,58.98630214046636,2.563906124755931,3.070177607039355,1455.7740093065017,0.0014539993060049934,0,RELIANCE,15m,2026-02-04 10:00:00
1453.300048828125,1455.0,1445.5999755859375,1448.0999755859375,583183,-0.0036466552491367654,-0.0046054942379089026,0.0017078360970388634,0.4,0.45,0,1453.084344999986,1444.5235487822338,43.49305619424262,1.576461816736355,2.642087356397779,1449.566650390625,0.0017078360970388634,0,RELIANCE,15m,2026-02-05 04:00:00
1448.0999755859375,1449.5,1445.5,1446.699951171875,398207,-0.000966800937549972,-0.0033756024362597836,0.0016543909987798556,0.4,0.45,0,1452.4763074925468,1444.608897895553,33.457218705329794,0.9099003984442788,2.295649964807079,1448.6198813521526,0.0016543909987798556,0,RELIANCE,15m,2026-02-05 04:15:00
1447.0,1447.5,1442.0,1444.800048828125,362974,-0.0013132663357118268,-0.004478743045070899,0.0016741477407525923,0.4,0.45,0,1451.7452352387925,1444.6163940105557,33.834617520318304,0.2257372723786375,1.881667426321391,1447.5795300488821,0.0016741477407525923,0,RELIANCE,15m,2026-02-05 04:30:00
1444.699951171875,1448.800048828125,1444.0999755859375,1448.800048828125,221284,0.002768549186611846,-0.0022038231211259918,0.0017982975255424905,0.4,0.45,0,1451.4647412949193,1444.7804589053624,39.93192404156216,0.006227845718740355,1.506579510200861,1447.5306030924003,0.0017982975255424905,0,RELIANCE,15m,2026-02-05 04:45:00
1449.0,1450.9000244140625,1445.699951171875,1446.0999755859375,387054,-0.0018636617553757784,-0.004680328111954846,0.0018307888039445124,0.4,0.45,0,1450.9538112273974,1444.832204657542,35.96213903660946,-0.38121390498076835,1.1290208271645352,1447.5377481923524,0.0018307888039445124,0,RELIANCE,15m,2026-02-05 05:00:00
1445.9000244140625,1449.5999755859375,1443.5,1448.5,360009,0.00165965317376493,-0.0022730739200544914,0.0018736277879842767,0.4,0.5,0,1450.7201149200262,1444.9760397690109,40.58823318218211,-0.48896587714239104,0.80542348630315,1447.4851712301893,0.0018736277879842767,0,RELIANCE,15m,2026-02-05 05:15:00
1448.5,1451.800048828125,1445.0,1447.4000244140625,322789,-0.0007593894276406443,-0.0030993869580077105,0.0018785641337839864,0.45,0.45,0,1450.4039158242201,1445.0710979903854,38.793263716180896,-0.6555620174333399,0.5132263855558521,1447.556394228116,0.0018785641337839864,0,RELIANCE,15m,2026-02-05 05:30:00
1447.5,1449.9000244140625,1445.699951171875,1445.699951171875,306212,-0.0011745704114353162,-0.006801335930276653,0.0017785339081358553,0.4,0.45,0,1449.9559191906635,1445.0957588994634,34.65910667221529,-0.9142336450443054,0.22773437943582062,1447.5088841845568,0.0017785339081358553,0,RELIANCE,15m,2026-02-05 05:45:00
1445.800048828125,1447.0,1444.800048828125,1445.199951171875,222508,-0.0003458532315745444,-0.005641993329051576,0.0017570864659570303,0.4,0.5,0,1449.5029698555409,1445.0998448709304,37.42328531683773,-1.1463640239983306,-0.047085301251009626,1447.3793394198215,0.0017570864659570303,0,RELIANCE,15m,2026-02-05 06:00:00
1445.300048828125,1448.699951171875,1444.5999755859375,1445.0999755859375,184520,-6.917768427572302e-05,-0.006599282263125117,0.0017362363699606812,0.4,0.55,0,1449.0836370679597,1445.099849997009,40.264041028285504,-1.3231438374530171,-0.30229700849141117,1447.3106810439579,0.0017362363699606812,0,RELIANCE,15m,2026-02-05 06:15:00
1445.199951171875,1446.699951171875,1444.5,1446.0,210892,0.0006228111751904741,-0.006185567010309256,0.001745476223389014,0.35,0.6,0,1448.7899573472016,1445.1351499971263,29.845047432045604,-1.3747711586966034,-0.5167918385324497,1447.21722940461,0.001745476223389014,0,RELIANCE,15m,2026-02-05 06:30:00
1445.800048828125,1446.300048828125,1443.5999755859375,1443.5999755859375,176943,-0.0016597679212050354,-0.007766890259470527,0.0017700451274330214,0.35,0.65,0,1448.2956733699384,1445.0749470790404,27.30503514908058,-1.5910079458788005,-0.7316350600017199,1447.088556830785,0.0017700451274330214,0,RELIANCE,15m,2026-02-05 06:45:00
1443.800048828125,1446.0,1443.0,1443.9000244140625,416752,0.00020784762621173236,-0.007765205564165045,0.0017700751852150131,0.3,0.65,0,1447.8770401360453,1445.0288716804139,27.046399388349982,-1.7183575683975505,-0.928979561680886,1446.8087490417986,0.0017700751852150131,0,RELIANCE,15m,2026-02-05 07:00:00
1443.9000244140625,1444.4000244140625,1442.300048828125,1443.0,134559,-0.0006233287615794447,-0.009268795056642687,0.0017445846301051857,0.3,0.7,0,1447.4125601230885,1444.9493080851034,29.687626658783017,-1.8703473105995272,-1.1172531114646143,1446.6965489793008,0.0017445846301051857,0,RELIANCE,15m,2026-02-05 07:15:00
1442.800048828125,1445.5,1441.800048828125,1443.9000244140625,439729,0.0006237175426628827,-0.00653639730316502,0.0017146809792908176,0.35,0.7,0,1447.078032912705,1444.908159705847,40.09454604081257,-1.8963162743295925,-1.27306574403761,1446.4209340831608,0.0017146809792908176,0,RELIANCE,15m,2026-02-05 07:30:00
1443.9000244140625,1444.0,1442.699951171875,1443.699951171875,114569,-0.00013856447039584108,-0.005031046745778811,0.0016862925899498711,0.35,0.65,0,1446.75631084215,1444.8607789790246,42.5000915516168,-1.9110121452977182,-1.4006550242896316,1446.3510335603596,0.0016862925899498711,0,RELIANCE,15m,2026-02-05 07:45:00
1443.4000244140625,1444.4000244140625,1440.5,1442.300048828125,398861,-0.0009696629431993342,-0.009681389281499198,0.001407957234303498,0.35,0.7,0,1446.3319049360523,1444.7603581887934,43.5898238453545,-2.0124212095713574,-1.523008261345977,1446.0503485902627,0.001407957234303498,0,RELIANCE,15m,2026-02-05 08:00:00
1442.199951171875,1443.800048828125,1441.300048828125,1442.0,403931,-0.00020803495664356575,-0.00988741017074335,0.0014049479413235175,0.35,0.7,0,1445.9193425611902,1444.6521088480563,28.48125714638894,-2.092874699669437,-1.6369815490106692,1445.7867619648662,0.0014049479413235175,0,RELIANCE,15m,2026-02-05 08:15:00
1442.0,1444.699951171875,1441.0999755859375,1442.699951171875,670386,0.00048540303181354716,-0.00967881465105136,0.001411803678144065,0.4,0.7,0,1445.6127338574458,1444.5755536450688,37.68122351858895,-2.0762210762102313,-1.7248294544505818,1445.4732463683488,0.001411803678144065,0,RELIANCE,15m,2026-02-05 08:30:00
1442.699951171875,1442.699951171875,1439.699951171875,1441.300048828125,447415,-0.0009703350600468452,-0.008325289240871947,0.0013493740030917985,0.35,0.7,0,1445.2020019498914,1444.447102475777,21.87529802208701,-2.1511858479163948,-1.8101007331437444,1445.192739119225,0.0013493740030917985,0,RELIANCE,15m,2026-02-05 08:45:00
1441.4000244140625,1443.0,1441.0999755859375,1443.0,255631,0.0011794568197351918,-0.003521839425398743,0.0011596131856001083,0.4,0.65,0,1444.9922874784731,1444.3903533590799,33.58202836763138,-2.049795352232877,-1.8580396569615711,1445.0898049769737,0.0011596131856001083,0,RELIANCE,15m,2026-02-05 09:00:00
1443.199951171875,1444.0999755859375,1442.5,1442.9000244140625,468506,-6.928315033782884e-05,-0.0026266170498826513,0.0011446591436174592,0.45,0.6,0,1444.7930243294816,1444.3319090867265,38.13582992810221,-1.9549741234134217,-1.8774265502519414,1444.9694614232465,0.0011446591436174592,0,RELIANCE,15m,2026-02-05 09:15:00
1442.5999755859375,1447.5999755859375,1442.300048828125,1446.5999755859375,855784,0.002564246385245994,0.0012457964403256305,0.0012567398267980482,0.5,0.6,0,1444.9651149253345,1444.4208528710094,54.6667860252769,-1.5632522794487613,-1.8145916960913056,1445.0238834370084,0.0012567398267980482,0,RELIANCE,15m,2026-02-05 09:30:00
1446.699951171875,1447.4000244140625,1440.800048828125,1442.5999755859375,2149105,-0.002765104429356735,-0.0042794540538582115,0.00123875250333468,0.45,0.65,0,1444.7398635596776,1444.3494459186536,43.38620921280388,-1.5576211791410515,-1.7631975927012546,1444.7322233634284,0.00123875250333468,0,RELIANCE,15m,2026-02-05 09:45:00
1442.300048828125,1443.5999755859375,1440.199951171875,1441.9000244140625,776324,-0.00048520115327932434,-0.002904329743988354,0.0011790255471093426,0.4,0.7,0,1444.4694026886666,1444.2533901733755,39.0373982466104,-1.5912952404269163,-1.728817122246387,1444.5370946072587,0.0011790255471093426,0,RELIANCE,15m,2026-02-05 10:00:00
1443.199951171875,1444.800048828125,1438.0,1438.0,211602,-0.0033268981602986303,-0.006494420516448329,0.0013148242457569524,0.4,0.7,0,1443.7094245489282,1443.9534004580667,36.40536663572694,-1.843457818609295,-1.7195740121876526,1440.2666829427083,0.0013148242457569524,0,RELIANCE,15m,2026-02-06 04:00:00
1438.0,1440.199951171875,1437.0,1439.9000244140625,234140,0.0013212965327278337,-0.004011846824170662,0.0013479628944008492,0.4,0.75,0,1443.3466245360837,1443.7944445347723,43.171808536382066,-1.9182327799194354,-1.7593057657340092,1439.6188230080932,0.0013479628944008492,0,RELIANCE,15m,2026-02-06 04:15:00
1440.0,1442.5999755859375,1439.5,1441.0,160957,0.0007639249720723384,-0.0029061384678773505,0.0013643896198853895,0.45,0.7,0,1443.123136485028,1443.684858474585,43.66800820917402,-1.8672096085074372,-1.780886534288695,1439.994089867851,0.0013643896198853895,0,RELIANCE,15m,2026-02-06 04:30:00
1441.0,1441.0,1437.5,1439.5,196860,-0.001040943789035409,-0.003875147519580402,0.00137878863755173,0.4,0.7,0,1442.7780758674062,1443.5207463775425,41.32230988075302,-1.925613566990478,-1.8098319408290517,1439.8322143473415,0.00137878863755173,0,RELIANCE,15m,2026-02-06 04:45:00
1439.4000244140625,1444.300048828125,1438.5,1443.5,208404,0.0027787426189649356,-0.0017289073305670755,0.0015227108742175359,0.45,0.65,0,1442.8468305467009,1443.5199327941095,52.238731188281164,-1.6303390208790915,-1.7739333568390598,1440.2992462379825,0.0015227108742175359,0,RELIANCE,15m,2026-02-06 05:00:00
1443.199951171875,1448.5,1443.199951171875,1448.0999755859375,228694,0.0031866820823951425,0.0031172070352616377,0.001640088990768553,0.5,0.6,0,1443.3471300742472,1443.6995423153578,59.8071193905067,-1.0134695830718101,-1.62184060208561,1441.4606784448706,0.001640088990768553,0,RELIANCE,15m,2026-02-06 05:15:00
1447.9000244140625,1448.4000244140625,1445.4000244140625,1448.4000244140625,149736,0.00020720173550414778,0.003116559265816221,0.0016400879412916617,0.5,0.55,0,1443.8283581066105,1443.8838749466795,59.283558588111795,-0.49468228701266526,-1.3964089390710213,1442.1003061674232,0.0016400879412916617,0,RELIANCE,15m,2026-02-06 05:30:00
1448.0,1448.800048828125,1445.4000244140625,1446.9000244140625,163341,-0.0010356255003564074,0.0027027196216649063,0.001652951444667421,0.55,0.5,0,1444.1208977549393,1444.0021553179495,59.09089107576701,-0.20224571845346873,-1.1575762949475108,1442.6189090347073,0.001652951444667421,0,RELIANCE,15m,2026-02-06 05:45:00
1446.9000244140625,1448.5,1445.5,1446.4000244140625,109558,-0.00034556637747140684,0.001731421814342271,0.0016521164804974523,0.5,0.45,0,1444.3379574367607,1444.09618940015,55.74328922027524,-0.010709994158105474,-0.9282030347896298,1442.8943103806891,0.0016521164804974523,0,RELIANCE,15m,2026-02-06 06:00:00
1446.4000244140625,1447.0999755859375,1443.5999755859375,1444.5999755859375,136317,-0.0012445027639254036,0.0006234151447688241,0.0016783907585615518,0.5,0.5,0,1444.3629115462063,1444.1159457211613,52.71557271557272,-0.0041179799975452624,-0.743386023831213,1443.061385375193,0.0016783907585615518,0,RELIANCE,15m,2026-02-06 06:15:00
1444.5,1444.5999755859375,1442.5,1442.5999755859375,92632,-0.001384466311643684,0.00020795032077836062,0.0016939175189022054,0.45,0.5,0,1444.1950128833234,1444.056495911937,43.243265535045616,-0.158450527535706,-0.6263989245721117,1443.0698020491664,0.0016939175189022054,0,RELIANCE,15m,2026-02-06 06:30:00
1442.5999755859375,1443.4000244140625,1441.800048828125,1443.0,103464,0.00027729406684628977,0.0006934812760055475,0.001694079421581538,0.45,0.55,0,1444.0812021325307,1444.015064699704,50.76927410759978,-0.2456498576470949,-0.5502491111871084,1443.0523596550056,0.001694079421581538,0,RELIANCE,15m,2026-02-06 06:45:00
1443.0999755859375,1443.199951171875,1439.4000244140625,1439.5,193777,-0.002425502425502435,-0.00221802958354278,0.0017764795035846675,0.4,0.55,0,1443.6448971675277,1443.8380033389315,45.83331567280264,-0.5903712717497456,-0.5582735432996359,1442.8441666788453,0.0017764795035846675,0,RELIANCE,15m,2026-02-06 07:00:00
1439.699951171875,1439.800048828125,1435.0999755859375,1435.800048828125,612371,-0.0025703030023445095,-0.003815999315667784,0.0018517156506194707,0.4,0.55,0,1442.8977687542513,1443.522789436547,38.924084861782845,-1.148877074039774,-0.6763942494476636,1441.5450191708117,0.0018517156506194707,0,RELIANCE,15m,2026-02-06 07:15:00
1435.800048828125,1441.0,1435.0,1441.0,1022456,0.0036216401971285173,-0.001386001386001423,0.002019650667561969,0.4,0.6,0,1442.717028872894,1443.423856517467,54.6875,-1.1585493091424723,-0.7728252613866254,1440.864590334828,0.002019650667561969,0,RELIANCE,15m,2026-02-06 07:30:00
1440.9000244140625,1443.0,1439.0,1441.0,570308,0.0,-0.0013168094683718712,0.0020197067006968395,0.4,0.6,0,1442.5535023135706,1443.3288033207036,51.827203452037686,-1.1529244299877064,-0.8488450951068416,1440.8821630187103,0.0020197067006968395,0,RELIANCE,15m,2026-02-06 07:45:00
1441.0,1441.199951171875,1438.9000244140625,1439.699951171875,158256,-0.0009021851687196492,-0.004769822017498426,0.0019289967395342612,0.35,0.6,0,1442.281735538171,1443.1864953932986,47.854708361198625,-1.2390863322668793,-0.9268933425388491,1440.8491812389943,0.0019289967395342612,0,RELIANCE,15m,2026-02-06 08:00:00
1439.699951171875,1443.300048828125,1438.4000244140625,1440.4000244140625,754831,0.00048626329508283384,-0.0015249904402511172,0.0018396867447636508,0.4,0.6,0,1442.1025249549225,1443.0772220215638,51.52545879626756,-1.2366251556757106,-0.9888397051662215,1440.8279701743816,0.0018396867447636508,0,RELIANCE,15m,2026-02-06 08:15:00
1440.300048828125,1444.199951171875,1440.0999755859375,1443.4000244140625,310131,0.0020827547550343883,0.0010402940388392068,0.001898210620737469,0.45,0.55,0,1442.2260963319836,1443.0898809389168,49.82460498644383,-0.9812880497345304,-0.9873293740798834,1440.9239535263566,0.001898210620737469,0,RELIANCE,15m,2026-02-06 08:30:00
1443.199951171875,1443.9000244140625,1440.5,1442.0999755859375,359335,-0.0009006850534402089,-0.00048521847691651576,0.0019047032248984649,0.4,0.5,0,1442.2140848323602,1443.051061121153,38.09533036233289,-0.8737624396342198,-0.9646159871907507,1440.9986628497109,0.0019047032248984649,0,RELIANCE,15m,2026-02-06 08:45:00
1442.0999755859375,1443.9000244140625,1440.0,1443.800048828125,131127,0.0011788872276325968,0.004033413649600082,0.0017537863975505463,0.4,0.55,0,1442.365129022433,1443.0804331880931,41.35350077325856,-0.643942943003367,-0.900481378353274,1441.032323760084,0.0017537863975505463,0,RELIANCE,15m,2026-02-06 09:00:00
1443.699951171875,1447.199951171875,1443.0999755859375,1445.0,215222,0.0008311061998154123,0.003541895617380053,0.0017407081759409585,0.45,0.5,0,1442.6160691155346,1443.1557103179719,46.38780975720697,-0.36082395110020116,-0.7925498929026594,1441.1707669530692,0.0017407081759409585,0,RELIANCE,15m,2026-02-06 09:15:00
1445.300048828125,1451.4000244140625,1445.0999755859375,1449.800048828125,632590,0.0033218330990485434,0.006106904113896583,0.0018748089222086106,0.45,0.5,0,1443.300257659591,1443.4162726124878,55.55555555555556,0.24801475478375323,-0.584436963365377,1441.8615411338485,0.0018748089222086106,0,RELIANCE,15m,2026-02-06 09:30:00
1449.5999755859375,1452.0,1448.800048828125,1451.699951171875,622710,0.0013104581871725696,0.00847513106764497,0.0018595538273772977,0.5,0.45,0,1444.1002284702845,1443.7411227520715,61.56345056561761,0.8737579192393241,-0.2927979868444368,1442.5987041035066,0.0018595538273772977,0,RELIANCE,15m,2026-02-06 09:45:00
1452.0,1452.699951171875,1447.699951171875,1450.0,427825,-0.001171007252912526,0.004502944232767536,0.0018052222227062746,0.5,0.5,0,1444.6621114731145,1443.986568918657,62.171083011761304,1.2184465395694133,0.009450918438333206,1443.0013058457166,0.0018052222227062746,0,RELIANCE,15m,2026-02-06 10:00:00
1461.800048828125,1463.699951171875,1459.9000244140625,1460.5,331171,-0.0007525831994465992,0.00835402884699099,0.002447340535523139,0.55,0.5,0,1447.6299803039908,1445.2977891507564,76.78574765045497,3.2105684324235426,1.0321575500585098,1461.3666585286458,0.002447340535523139,0,RELIANCE,15m,2026-02-09 04:00:00
1460.5999755859375,1463.300048828125,1458.4000244140625,1460.0,338287,-0.000342348510783963,0.009053822216391616,0.002430506507702973,0.5,0.55,0,1448.8080774178964,1445.8743464389622,83.61104329427083,3.7691785889808216,1.5795617578429724,1460.9624231799708,0.002430506507702973,0,RELIANCE,15m,2026-02-09 04:15:00
1459.800048828125,1460.300048828125,1458.0999755859375,1459.699951171875,103590,-0.0002055128959760344,0.009195192570050192,0.002428283680003482,0.5,0.6,0,1449.8453987277992,1446.4165270167234,80.06413577630195,4.139946997840525,2.091638805842483,1460.7485874799486,0.002428283680003482,1,RELIANCE,15m,2026-02-09 04:30:00
1459.699951171875,1460.0,1457.5999755859375,1460.0,120501,0.00020555514020825782,0.010660407499879732,0.002396129962117459,0.5,0.6,0,1450.8125036108659,1446.949212231754,80.25463592893519,4.407191703346825,2.5547493853433516,1460.5397491055999,0.002396129962117459,1,RELIANCE,15m,2026-02-09 04:45:00
1460.0,1463.800048828125,1459.800048828125,1463.800048828125,336455,0.0026027731699487244,0.01469573936016233,0.0023940633373327725,0.55,0.55,0,1452.0494126791762,1447.6100293531804,85.54571315400958,4.869484849752098,3.0176964782251012,1461.0668510308583,0.0023940633373327725,1,RELIANCE,15m,2026-02-09 05:00:00
1463.5,1465.5,1462.800048828125,1463.9000244140625,323879,6.82986627973392e-05,0.01448373140267667,0.00239660922775144,0.6,0.5,1,1453.1780423682128,1448.2488526889013,85.28523354619236,5.184162890403513,3.450989760660784,1461.6921138051548,0.00239660922775144,1,RELIANCE,15m,2026-02-09 05:15:00
1464.0,1464.800048828125,1463.199951171875,1463.699951171875,118191,-0.00013667138387241096,0.016811358924539777,0.0022907102914038924,0.6,0.45,1,1454.1801289209425,1448.8547781196062,83.27843526497156,5.3556664768316296,3.831925103894953,1461.8481776836516,0.0022907102914038924,0,RELIANCE,15m,2026-02-09 05:30:00
1463.5999755859375,1464.5999755859375,1463.199951171875,1464.199951171875,110930,0.0003416000660516616,0.019779844949113556,0.0021510693432544407,0.6,0.4,1,1455.1343977067454,1449.456549611852,87.20525435362491,5.468888187260291,4.159317720568021,1461.98205126767,0.0021510693432544407,0,RELIANCE,15m,2026-02-09 05:45:00
1464.199951171875,1465.0,1461.0999755859375,1461.5,168446,-0.0018439770945997136,0.01422623178348359,0.0021452489967704754,0.6,0.4,1,1455.7406455441983,1449.9288417839364,78.8273278885381,5.27989042317563,4.383432261089543,1462.0296363392913,0.0021452489967704754,0,RELIANCE,15m,2026-02-09 06:00:00
1461.5,1463.699951171875,1461.0,1462.699951171875,165518,0.0008210408291995375,0.015058952929823066,0.002138818989668527,0.55,0.45,0,1456.403436556358,1450.4296696030713,78.8273278885381,5.167368161057539,4.540219441083142,1462.0638036000958,0.002138818989668527,0,RELIANCE,15m,2026-02-09 06:15:00
1462.699951171875,1463.0,1461.300048828125,1462.4000244140625,103210,-0.00020505009080784564,0.0157672251247285,0.0021160389961002697,0.55,0.4,0,1456.9745401618536,1450.8990952819338,74.04591178265751,4.996396525885075,4.631454858043528,1462.0716857084415,0.0021160389961002697,0,RELIANCE,15m,2026-02-09 06:30:00
1462.4000244140625,1463.5,1461.800048828125,1463.0999755859375,92663,0.00047863181085183726,0.015759477080756756,0.002116096319153878,0.55,0.35,0,1457.5579149641474,1451.3775611762085,72.80016015703202,4.861341959037645,4.677432278242352,1462.1008656396568,0.002116096319153878,1,RELIANCE,15m,2026-02-09 06:45:00
1463.4000244140625,1464.300048828125,1462.699951171875,1463.0999755859375,80423,0.0,0.013648296271764337,0.0021000183857120356,0.55,0.35,0,1458.0857302614606,1451.8372637020802,78.1116239593866,4.700130068099725,4.681971836213827,1462.1434012151349,0.0021000183857120356,1,RELIANCE,15m,2026-02-09 07:00:00
1463.199951171875,1464.0,1462.800048828125,1463.800048828125,116906,0.000478486264690936,0.015047551216669675,0.002067773814674941,0.55,0.35,0,1458.6299510773333,1452.3063925305526,58.871245606954055,4.576108018244895,4.660799072620041,1462.2081359580982,0.002067773814674941,0,RELIANCE,15m,2026-02-09 07:15:00
1463.800048828125,1464.800048828125,1462.0,1464.800048828125,166406,0.0006831534134736916,0.01454495033231562,0.0020653201879511657,0.6,0.35,1,1459.2175794345517,1452.7963398363397,67.47980389432524,4.5065624462133655,4.629951747338706,1462.311250862346,0.0020653201879511657,0,RELIANCE,15m,2026-02-09 07:30:00
1464.800048828125,1465.9000244140625,1463.5999755859375,1464.300048828125,170849,-0.00034134351674830476,0.013356435175172932,0.002078724706515975,0.6,0.35,1,1459.7016241387014,1453.2474656791549,67.47980389432524,4.360832297798879,4.57612785743074,1462.4485796004742,0.002078724706515975,0,RELIANCE,15m,2026-02-09 07:45:00
1464.4000244140625,1464.4000244140625,1462.5,1463.5999755859375,159386,-0.0004780941192672472,0.00951850344395222,0.0019951496825583014,0.55,0.4,0,1460.0728957051047,1453.653446459813,65.35433827699228,4.141113862509883,4.489125058446569,1462.5043136295828,0.0019951496825583014,0,RELIANCE,15m,2026-02-09 08:00:00
1463.5999755859375,1465.0,1463.5,1464.5,132249,0.000614938800953535,0.00881728267455828,0.0019858732597149717,0.55,0.4,0,1460.494524685571,1454.0788015006049,66.91723112506196,3.9935744278636776,4.390014932329991,1462.5813704640498,0.0019858732597149717,0,RELIANCE,15m,2026-02-09 08:15:00
1464.5,1465.4000244140625,1462.0999755859375,1462.699951171875,364579,-0.0012291217672413257,0.008758587015086139,0.0019883968361078916,0.55,0.4,0,1460.7045653033142,1454.416885801439,45.13233228907853,3.6888763953093076,4.249787224925854,1462.6665530994997,0.0019883968361078916,0,RELIANCE,15m,2026-02-09 08:30:00
1462.4000244140625,1465.0999755859375,1462.0999755859375,1464.9000244140625,208572,0.0015041179432766505,0.002257833116617425,0.0009448967008289573,0.5,0.4,0,1461.1041328376714,1454.827989276444,53.731302494215385,3.5836188062710335,4.11655354119489,1462.7433457143504,0.0009448967008289573,0,RELIANCE,15m,2026-02-09 08:45:00
1465.0,1465.5999755859375,1461.5,1461.5999755859375,195231,-0.0022527467903108445,0.0007531500074888786,0.0010686772168469326,0.5,0.45,0,1461.1513559565537,1455.0935573670124,43.63648469693495,3.197061315108158,3.932655095977544,1462.7511719585414,0.0010686772168469326,0,RELIANCE,15m,2026-02-09 09:00:00
1461.5999755859375,1462.5,1460.4000244140625,1461.199951171875,172715,-0.0002736893956926112,0.0008218843642979756,0.0010675001012940128,0.5,0.45,0,1461.1559840722987,1455.3330237907326,40.8537402307406,2.825858355210812,3.711295747824198,1462.6925648419412,0.0010675001012940128,0,RELIANCE,15m,2026-02-09 09:15:00
1461.199951171875,1461.9000244140625,1460.4000244140625,1461.300048828125,267635,6.850373637767859e-05,0.0010961825784576718,0.001065918604831478,0.5,0.4,0,1461.1697045252345,1455.5670247725911,49.27555461203694,2.510811309576411,3.4711988601746406,1462.6006897293794,0.001065918604831478,0,RELIANCE,15m,2026-02-09 09:30:00
1461.4000244140625,1462.5,1461.300048828125,1462.5,613887,0.0008211531730510924,0.001712328767123239,0.0010792894452386125,0.55,0.35,0,1461.296399332355,1455.8389061540581,49.27555461203694,2.3310889449749084,3.2431768771346943,1462.538743576827,0.0010792894452386125,0,RELIANCE,15m,2026-02-09 09:45:00
1462.5,1462.5,1460.9000244140625,1461.5999755859375,390585,-0.0006154013087606991,-0.0015029875452926555,0.0009111322485664489,0.5,0.4,0,1461.3253113565056,1456.0648304455044,47.22212803472128,2.091918889022736,3.012925279512303,1462.4751031883943,0.0009111322485664489,0,RELIANCE,15m,2026-02-09 10:00:00
1466.4000244140625,1468.5,1464.5,1468.5,211580,0.0018419641710569756,0.0032793939934765426,0.0011914535844438233,0.5,0.45,0,1462.3941933223748,1456.9192859226498,63.10656024271298,2.5028880314521302,2.783368823302645,1467.1666666666667,0.0011914535844438233,0,RELIANCE,15m,2026-02-10 04:00:00
1468.5999755859375,1469.0,1464.199951171875,1464.199951171875,173740,-0.0029281912346782457,0.0,0.0013759158301164163,0.55,0.5,0,1462.5661702604223,1457.2048022069332,50.82622950819672,2.3563116569787326,2.6979573900378626,1466.5504247839053,0.0013759158301164163,0,RELIANCE,15m,2026-02-10 04:15:00
1464.0,1467.199951171875,1464.0,1465.5999755859375,121175,0.0009561702368190428,0.002805320277754042,0.0013196226502217663,0.5,0.5,0,1462.8551041009473,1457.5340246923845,51.625836736516696,2.3263029218951488,2.62362649640932,1466.3230371856787,0.0013196226502217663,0,RELIANCE,15m,2026-02-10 04:30:00
1465.300048828125,1465.5,1463.0999755859375,1464.0,102033,-0.001091686416887283,0.0008888007599121561,0.0013369338883808903,0.5,0.5,0,1462.964141805619,1457.7875923515069,49.41625739771443,2.1486478499812165,2.5286307671236994,1465.9670623028253,0.0013369338883808903,0,RELIANCE,15m,2026-02-10 04:45:00
1463.5999755859375,1465.0,1463.0,1464.5999755859375,81235,0.0004098193893016244,0.001504342953465354,0.0013379439173214019,0.5,0.55,0,1463.1199354989826,1458.0547446352102,51.95309892331608,2.0328346882433834,2.4294715513476364,1465.7589502886087,0.0013379439173214019,0,RELIANCE,15m,2026-02-10 05:00:00
1464.5,1465.800048828125,1463.5999755859375,1465.5,126125,0.0006145189328590206,0.0016403693897277805,0.0013404388091019525,0.5,0.55,0,1463.3466083086032,1458.3467154338296,51.95309892331608,1.9907284926960074,2.3417229396173105,1465.6364754570025,0.0013404388091019525,0,RELIANCE,15m,2026-02-10 05:15:00
1465.4000244140625,1466.0,1464.4000244140625,1465.0999755859375,141189,-0.0002729610467844257,0.001366960585997612,0.0013427140036152863,0.5,0.55,0,1463.5135956683494,1458.611549165285,54.95866309540023,1.9031421640918325,2.254006784512215,1465.567168772902,0.0013427140036152863,0,RELIANCE,15m,2026-02-10 05:30:00
1465.0999755859375,1466.4000244140625,1463.800048828125,1465.300048828125,96592,0.000136559446810125,0.0010247301202106485,0.0013394006150240563,0.55,0.6,0,1463.6837340645184,1458.87384326971,50.90094300717565,1.8287924255125745,2.1689639127122873,1465.5304576528947,0.0013394006150240563,0,RELIANCE,15m,2026-02-10 05:45:00
1465.800048828125,1465.800048828125,1462.0999755859375,1462.5999755859375,196622,-0.00184267600642396,-0.0015019614751839994,0.0013947016380194827,0.5,0.6,0,1463.58051897132,1459.0199661056406,52.31477818592822,1.5343098084395024,2.0420330918577303,1465.211145872975,0.0013947016380194827,0,RELIANCE,15m,2026-02-10 06:00:00
1462.0999755859375,1464.5,1460.4000244140625,1461.199951171875,272585,-0.0009572162159388053,-0.0021171191373865472,0.0014076485342263889,0.45,0.65,0,1463.3537982285159,1459.1054557160812,50.0,1.174421938004798,1.868510861087144,1464.6423364299078,0.0014076485342263889,0,RELIANCE,15m,2026-02-10 06:15:00
1461.0999755859375,1461.800048828125,1460.0999755859375,1460.300048828125,84943,-0.0006158652982627411,-0.0022546643979626246,0.0014099056099791266,0.45,0.65,0,1463.0629649522882,1459.1523025047888,47.86326123926674,0.8072876994106082,1.6562662287518368,1464.4358204127263,0.0014099056099791266,0,RELIANCE,15m,2026-02-10 06:30:00
1460.699951171875,1460.800048828125,1458.199951171875,1458.199951171875,136406,-0.001438127498479047,-0.004301842832451386,0.0014288131462206518,0.4,0.7,0,1462.5998207827251,1459.1149553936941,41.152269576225216,0.3429178966014206,1.3935965623217537,1464.0159279068657,0.0014288131462206518,0,RELIANCE,15m,2026-02-10 06:45:00
1458.199951171875,1459.199951171875,1456.0,1456.5,226874,-0.0011657874288837355,-0.004238703342341554,0.0014265145415116095,0.35,0.7,0,1462.0188854700848,1459.012408123353,39.840775018115856,-0.16042113522621548,1.0827930228121598,1463.2352476600156,0.0014265145415116095,0,RELIANCE,15m,2026-02-10 07:00:00
1456.199951171875,1460.9000244140625,1455.5,1460.300048828125,202394,0.0026090276883796726,-0.003140129366696831,0.0015150940969683242,0.4,0.75,0,1461.855186742279,1459.0629038372658,38.866484798165494,-0.24980911820102847,0.8162725946095222,1462.8315549986446,0.0015150940969683242,0,RELIANCE,15m,2026-02-10 07:15:00
1460.300048828125,1460.300048828125,1455.699951171875,1457.199951171875,648998,-0.0021229182719932904,-0.003010416316063913,0.00150588860168668,0.35,0.7,0,1461.4118309736693,1458.9898468699955,27.490249097859177,-0.5642968481731714,0.5401587060529836,1461.6592762464848,0.00150588860168668,0,RELIANCE,15m,2026-02-10 07:30:00
1457.199951171875,1461.300048828125,1456.5999755859375,1456.5999755859375,721599,-0.0004117318185846708,-0.0031480808511171743,0.0015068030785517538,0.4,0.65,0,1460.9535590319806,1458.8961264274835,32.24327053065694,-0.8521209357968473,0.2617027776830174,1460.9481589836084,0.0015068030785517538,0,RELIANCE,15m,2026-02-10 07:45:00
1456.699951171875,1457.199951171875,1453.800048828125,1454.800048828125,219914,-0.0012357042345056968,-0.0044480940141023995,0.0015246656454896142,0.4,0.7,0,1460.3675104411373,1458.7354959333911,25.22971996841875,-1.2114972593640232,-0.03293722972639071,1460.6162156269972,0.0015246656454896142,0,RELIANCE,15m,2026-02-10 08:00:00
1454.800048828125,1455.0999755859375,1453.300048828125,1454.5,116442,-0.00020624746910524738,-0.0054700854700854284,0.0015048565543325648,0.35,0.75,0,1459.8086999229336,1458.5693980536503,26.829544236563493,-1.5031891885123514,-0.3269876214835829,1460.426682817513,0.0015048565543325648,0,RELIANCE,15m,2026-02-10 08:15:00
1454.5,1456.0,1452.199951171875,1453.4000244140625,332923,-0.0007562568483585608,-0.00561025677945004,0.0015068708991461204,0.4,0.75,0,1459.1983498744696,1458.3666775187644,23.33375960565934,-1.802339730301128,-0.6220580432470919,1459.9083368178337,0.0015068708991461204,0,RELIANCE,15m,2026-02-10 08:30:00
1453.199951171875,1455.9000244140625,1452.9000244140625,1455.9000244140625,387157,0.0017201045534644965,-0.0067540074254857085,0.0013979444230332592,0.35,0.75,0,1458.8842236401451,1458.2699460244626,28.761322451536927,-1.8167472518703107,-0.8609958849717357,1459.4868625765607,0.0013979444230332592,0,RELIANCE,15m,2026-02-10 08:45:00
1455.800048828125,1456.300048828125,1454.5999755859375,1456.0,145953,6.866926592552502e-05,-0.008512087163772608,0.001305597796573089,0.4,0.7,0,1458.6095356744172,1458.1809285333072,29.596623659563278,-1.799356263316895,-1.0486679606407676,1459.3683678005661,0.001305597796573089,0,RELIANCE,15m,2026-02-10 09:00:00
1455.9000244140625,1458.0,1455.300048828125,1457.300048828125,284787,0.0008928906786573876,-0.0047124044350825844,0.0011951572691283124,0.4,0.65,0,1458.484822641437,1458.1463842311432,32.906089914133986,-1.6615177616276924,-1.1712379208381527,1459.226764734775,0.0011951572691283124,0,RELIANCE,15m,2026-02-10 09:15:00
1457.4000244140625,1463.300048828125,1457.300048828125,1461.199951171875,1213300,0.002676114878940705,-0.003002200114191056,0.001338676286365855,0.45,0.6,0,1458.7434063110024,1458.2661319543092,47.15441909856443,-1.223486637308497,-1.1816876641322216,1459.4935832927051,0.001338676286365855,0,RELIANCE,15m,2026-02-10 09:30:00
1461.0,1462.5999755859375,1454.4000244140625,1455.699951171875,2715016,-0.0037640296905218085,-0.005669432259648222,0.0015537596025006046,0.45,0.6,0,1458.4535534406095,1458.1654974138216,40.41810216494407,-1.305103430080635,-1.2063708173219043,1458.9096661345081,0.0015537596025006046,0,RELIANCE,15m,2026-02-10 09:45:00
1455.5999755859375,1459.0999755859375,1455.0,1458.5,953521,0.0019235068503442587,-0.00416494311595017,0.0016245419673323984,0.45,0.55,0,1458.4579769224563,1458.1786151622994,47.058753131532335,-1.1308095186973333,-1.1912585575969903,1458.7772787288004,0.0016245419673323984,-1,RELIANCE,15m,2026-02-10 10:00:00
1463.4000244140625,1463.4000244140625,1460.0,1460.5999755859375,249600,-0.001504015018286342,-0.003071462749973941,0.0017924169916243998,0.4,0.6,0,1459.0361235806913,1458.447696001385,56.15608790483697,-0.42073886378966563,-0.9486882741989724,1461.3333333333333,0.0017924169916243998,0,RELIANCE,15m,2026-02-11 04:00:00
1460.5,1461.5999755859375,1455.699951171875,1455.699951171875,229982,-0.003354802475672214,-0.006551625835218955,0.0019277163218776455,0.35,0.6,-1,1458.7183928750899,1458.3399413021887,43.313840017600754,-0.6363409782788949,-0.8862188150149569,1459.5749756565963,0.0019277163218776455,0,RELIANCE,15m,2026-02-11 04:15:00
1455.5,1458.199951171875,1455.0999755859375,1456.5,145007,0.0005495973448930158,-0.004170638375331381,0.0019027673517668037,0.35,0.6,0,1458.5071173631766,1458.2677867413186,48.90973669399613,-0.7341867058682965,-0.8558123931856249,1458.8842881240814,0.0019027673517668037,0,RELIANCE,15m,2026-02-11 04:30:00
1457.0,1461.800048828125,1456.800048828125,1461.5,107686,0.00343288705801581,0.00020534412684880543,0.002058541091122126,0.4,0.55,0,1458.7921538047788,1458.3945402024433,56.712339762348286,-0.4036192650241901,-0.7653737675533379,1459.053267794024,0.002058541091122126,0,RELIANCE,15m,2026-02-11 04:45:00
1461.5999755859375,1464.4000244140625,1461.5,1463.5,255461,0.0013684570646594896,0.002191297038196316,0.0020744309800465404,0.45,0.5,0,1459.2405201090855,1458.5947543121515,61.85273143343711,0.019516128971190483,-0.6083957882484322,1460.1085089735338,0.0020744309800465404,0,RELIANCE,15m,2026-02-11 05:00:00
1463.5,1464.9000244140625,1463.300048828125,1463.800048828125,170826,0.00020502140630340726,0.00384041821682235,0.002042114923913474,0.5,0.45,0,1459.6747609394702,1458.7988835088563,62.670298821212846,0.3747455763225389,-0.41176751533423805,1460.6823020005922,0.002042114923913474,0,RELIANCE,15m,2026-02-11 05:15:00
1463.800048828125,1464.5,1461.9000244140625,1462.699951171875,135990,-0.0007515354690216247,0.004256746427651947,0.0020296636611056595,0.5,0.45,0,1459.9628742949371,1458.951866554465,62.67009037116372,0.5610315630499372,-0.21720769965740305,1460.9292721062736,0.0020296636611056595,0,RELIANCE,15m,2026-02-11 05:30:00
1463.0,1463.199951171875,1461.300048828125,1462.0,138601,-0.0004785336673555074,0.0011641108779247844,0.0019539461481962663,0.45,0.45,0,1460.1568862668478,1459.0714011993878,58.739152789582484,0.6447520396463915,-0.044815751796644154,1461.0489412019424,0.0019539461481962663,0,RELIANCE,15m,2026-02-11 05:45:00
1462.0,1462.9000244140625,1459.9000244140625,1462.800048828125,122762,0.0005472290206054442,0.003843053694687848,0.0018870200668502572,0.45,0.5,0,1460.4086160345885,1459.2176226750246,59.55053868151612,0.7668189629880544,0.11751119116029557,1461.113462470559,0.0018870200668502572,0,RELIANCE,15m,2026-02-11 06:00:00
1462.800048828125,1463.300048828125,1460.5999755859375,1461.0,120543,-0.0012305501558924625,0.003020750025958696,0.0019095898014132456,0.45,0.5,0,1460.4649383170085,1459.2875198250235,55.12453759121373,0.7101231250378532,0.23603357793580712,1461.150843528953,0.0019095898014132456,0,RELIANCE,15m,2026-02-11 06:15:00
1461.0,1464.800048828125,1460.699951171875,1464.699951171875,166440,0.002532478557067064,0.006804991759331136,0.0019508561446716967,0.5,0.45,0,1460.8682728746148,1459.499772034704,54.874598770469504,0.9527635377903607,0.37937956990671784,1461.3539729989814,0.0019508561446716967,0,RELIANCE,15m,2026-02-11 06:30:00
1464.699951171875,1466.9000244140625,1464.300048828125,1465.699951171875,372495,0.000682733688357029,0.007700207062134812,0.0019478572346440807,0.55,0.4,0,1461.3284327124493,1459.742916314593,65.92336878770915,1.2117808009122655,0.5458598161078274,1462.0735037364698,0.0019478572346440807,0,RELIANCE,15m,2026-02-11 06:45:00
1465.699951171875,1466.0,1463.800048828125,1464.0999755859375,171643,-0.0010916119528135981,0.007362013893035924,0.0019596102862117003,0.5,0.4,0,1461.592389176591,1459.9137813840575,59.27138532180549,1.2732717061787753,0.691342194122017,1462.2575722751633,0.0019596102862117003,0,RELIANCE,15m,2026-02-11 07:00:00
1464.0999755859375,1466.0,1463.5,1465.5,360905,0.0009562355285896995,0.006593842588745735,0.0019392214984081094,0.5,0.45,0,1461.964542588344,1460.1328487807612,54.944912450143974,1.41862098172669,0.8367979516429516,1462.6177531808057,0.0019392214984081094,0,RELIANCE,15m,2026-02-11 07:15:00
1465.5,1466.5999755859375,1461.0999755859375,1462.800048828125,501557,-0.001842341297765282,0.004670363206129791,0.001998959166784614,0.5,0.5,0,1462.0441146111802,1460.2374448610499,53.95694193792016,1.3009512781263766,0.9296286169396366,1462.7539271584155,0.001998959166784614,0,RELIANCE,15m,2026-02-11 07:30:00
1462.5,1465.199951171875,1462.5,1463.5,139555,0.000478500921869518,0.0042544094998560045,0.0019939213018893088,0.45,0.5,0,1462.1827703624963,1460.3653881998323,66.52545879626757,1.2497708200351099,0.9936570575587313,1462.794256642002,0.0019939213018893088,0,RELIANCE,15m,2026-02-11 07:45:00
1463.5,1465.800048828125,1463.4000244140625,1465.800048828125,105049,0.0015716083553980464,0.0031481643922590674,0.0019366168796104324,0.45,0.5,0,1462.5272730735087,1460.5785121460399,68.52592160295691,1.3789094466226288,1.070707535371511,1462.860572796616,0.0019366168796104324,0,RELIANCE,15m,2026-02-11 08:00:00
1466.0,1467.199951171875,1464.199951171875,1464.300048828125,379945,-0.0010233319348018632,0.005907877958865493,0.0017304035888898916,0.5,0.45,0,1462.6961088596627,1460.7244547610237,56.48156520559712,1.344714245839441,1.125508877465097,1463.0932783673338,0.0017304035888898916,0,RELIANCE,15m,2026-02-11 08:15:00
1464.4000244140625,1465.199951171875,1463.4000244140625,1464.5999755859375,150023,0.00020482602459281907,0.0041823624175094665,0.0016874683922081504,0.5,0.5,0,1462.8774295002604,1460.876435969844,52.76375436293483,1.3265245364946168,1.165712009271001,1463.1419941843342,0.0016874683922081504,0,RELIANCE,15m,2026-02-11 08:30:00
1464.5999755859375,1468.699951171875,1464.300048828125,1467.5,164721,0.001980079518233202,0.0032129826462887756,0.0016172060223315333,0.5,0.45,0,1463.3176743097595,1461.1361835788696,58.22211371527778,1.5284972298788944,1.2382690533925798,1463.28715327104,0.0016172060223315333,0,RELIANCE,15m,2026-02-11 08:45:00
1467.5999755859375,1468.5,1466.5,1468.4000244140625,188990,0.0006133045410987581,0.005340304640903515,0.0015710734698971625,0.5,0.45,0,1463.8017076530264,1461.4210400822105,62.780475254678926,1.7411159915739063,1.3388384410288452,1463.481974446725,0.0015710734698971625,0,RELIANCE,15m,2026-02-11 09:00:00
1468.4000244140625,1469.0999755859375,1467.0,1467.199951171875,508489,-0.0008172658827531043,0.007899979656344813,0.0013500640986787574,0.55,0.4,0,1464.1253498929168,1461.6476640465112,61.40337727141312,1.7921235263847848,1.4294954581000332,1463.9278577990458,0.0013500640986787574,0,RELIANCE,15m,2026-02-11 09:15:00
1467.199951171875,1468.9000244140625,1466.5999755859375,1468.300048828125,474662,0.0007497939564211631,0.008101646981204969,0.0013520161803237903,0.55,0.4,0,1464.5229402676987,1461.9085418810844,61.90471157707836,1.8994207125456342,1.5234805089891534,1464.28250784006,0.0013520161803237903,0,RELIANCE,15m,2026-02-11 09:30:00
1468.4000244140625,1469.5,1468.0999755859375,1469.0,927811,0.0004767085395342985,0.0051317139924735855,0.001150001099008563,0.55,0.4,0,1464.9493269088703,1462.1866382779046,68.18181818181819,2.0176762001710813,1.622319647225539,1464.9588314606194,0.001150001099008563,0,RELIANCE,15m,2026-02-11 09:45:00
1469.199951171875,1469.9000244140625,1468.0,1468.0,486983,-0.000680735194009574,0.003074820635462938,0.0011369377179772952,0.55,0.45,0,1465.2398672032637,1462.4146132473986,58.549327666249226,2.0075609702462316,1.6993679118296776,1465.22292477085,0.0011369377179772952,0,RELIANCE,15m,2026-02-11 10:00:00
1465.199951171875,1467.300048828125,1464.5999755859375,1465.699951171875,245780,0.000272914986981565,0.0020510016409014398,0.0012068356663449268,0.55,0.5,0,1465.2888704423258,1462.652166940289,54.04035733441841,1.5803262339222783,1.685481034290985,1465.8666585286458,0.0012068356663449268,0,RELIANCE,15m,2026-02-12 04:00:00
1465.5999755859375,1465.800048828125,1463.199951171875,1464.0,130987,-0.0011598220839919016,0.001367989056087593,0.0012334401649411095,0.55,0.5,0,1465.1661208763899,1462.705023138709,46.268629523011334,1.284859267586853,1.6053566809501587,1465.333581939246,0.0012334401649411095,0,RELIANCE,15m,2026-02-12 04:15:00
1464.4000244140625,1465.4000244140625,1463.199951171875,1463.4000244140625,135826,-0.0004098193893016244,0.00041015556871104586,0.0012324779184238496,0.55,0.45,0,1464.997921213311,1462.7322780906838,51.666610152249845,0.9908644834872575,1.4824582414575787,1464.9802117206125,0.0012324779184238496,0,RELIANCE,15m,2026-02-12 04:30:00
1463.0999755859375,1464.9000244140625,1461.800048828125,1464.0,175878,0.00040998741009157236,0.002053388090349051,0.0011989175179715397,0.5,0.5,0,1464.9028810977575,1462.781992675363,51.39665566436619,0.7970960870343333,1.3453858105729297,1464.6191112775998,0.0011989175179715397,0,RELIANCE,15m,2026-02-12 04:45:00
1463.9000244140625,1466.800048828125,1463.9000244140625,1466.5,143460,0.0017076502732240595,0.0012289539756487056,0.001122722166333819,0.5,0.5,0,1465.054987659876,1462.9277968841723,51.93358242173274,0.8356297241489301,1.2434345932881299,1464.8112543742711,0.001122722166333819,0,RELIANCE,15m,2026-02-12 05:00:00
1466.300048828125,1466.5,1460.800048828125,1461.5,144152,-0.0034094783498125336,-0.0028654917867173557,0.001352934912817326,0.45,0.55,0,1464.7164174065545,1462.8718048494989,43.51836153402733,0.45743665095756114,1.0862350048220162,1464.5339175825543,0.001352934912817326,0,RELIANCE,15m,2026-02-12 05:15:00
1461.4000244140625,1463.199951171875,1460.800048828125,1462.800048828125,104102,0.000889530501624991,-0.0008878674813803666,0.0013523205799452858,0.45,0.5,0,1464.5339061133707,1462.8689908878764,46.01785685349926,0.25962618217158706,0.9209132402919304,1464.3154145849405,0.0013523205799452858,0,RELIANCE,15m,2026-02-12 05:30:00
1462.9000244140625,1463.0,1459.699951171875,1459.699951171875,159914,-0.0021192900962325734,-0.003957726938331629,0.001406430249445119,0.45,0.5,0,1464.0735294522758,1462.7447148205822,32.894666395399895,-0.14561347030667093,0.7076078981722103,1463.8620885089822,0.001406430249445119,0,RELIANCE,15m,2026-02-12 05:45:00
1459.699951171875,1459.699951171875,1456.0,1456.5999755859375,212425,-0.0021237073985299615,-0.004238496742705489,0.0014250353708993432,0.4,0.5,0,1463.3617624173864,1462.5037446545177,26.39990234375,-0.7087410114932027,0.4243381162391277,1462.9219088600782,0.0014250353708993432,0,RELIANCE,15m,2026-02-12 06:00:00
1456.5999755859375,1459.5999755859375,1456.4000244140625,1458.300048828125,289334,0.001167151771716668,-0.0035530927037068505,0.0014506714014569514,0.4,0.5,0,1462.8796944565045,1462.3388938377964,32.54921109068627,-1.006242604083127,0.13822197217467677,1462.1209609820596,0.0014506714014569514,0,RELIANCE,15m,2026-02-12 06:15:00
1458.0999755859375,1459.9000244140625,1456.5999755859375,1457.199951171875,542801,-0.0007543698960540413,-0.005867169716037068,0.0013952914920148083,0.4,0.5,0,1462.338766524635,1462.1373666744269,28.235102634803923,-1.3156178232311504,-0.15254598690648868,1461.1181195616662,0.0013952914920148083,0,RELIANCE,15m,2026-02-12 06:30:00
1457.199951171875,1457.699951171875,1456.5,1457.199951171875,124417,0.0,-0.004848799712826701,0.0013858410319874705,0.35,0.55,0,1461.849355538658,1461.943742537072,26.209625815851382,-1.5430130197346443,-0.4306393934721199,1460.9123231491815,0.0013858410319874705,0,RELIANCE,15m,2026-02-12 06:45:00
1457.0999755859375,1457.5,1456.0,1456.5999755859375,124956,-0.0004117318185846708,-0.005462242341496282,0.0013822291798275181,0.35,0.55,0,1461.34941459078,1461.7341830487921,26.639317607624378,-1.7514487558196379,-0.6948012659416235,1460.7046083025166,0.0013822291798275181,0,RELIANCE,15m,2026-02-12 07:00:00
1454.800048828125,1456.699951171875,1453.4000244140625,1455.0,264560,-0.0010984316989940401,-0.008517887563884163,0.0012862066589395267,0.3,0.6,0,1460.744708439277,1461.4700974390355,27.896937246560555,-2.0224269575469407,-0.9603264042626869,1460.168483473016,0.0012862066589395267,0,RELIANCE,15m,2026-02-12 07:15:00
1455.0,1455.4000244140625,1454.699951171875,1455.0999755859375,198994,6.871174291234183e-05,-0.009057510628571519,0.0012686724283019065,0.3,0.6,0,1460.207114834197,1461.220288738914,26.956697113317816,-2.203708955377806,-1.2090029144857106,1459.8297995545572,0.0012686724283019065,0,RELIANCE,15m,2026-02-12 07:30:00
1455.0999755859375,1458.0999755859375,1453.0999755859375,1455.699951171875,797561,0.00041232602295648846,-0.00783805914852631,0.0012798890098366413,0.3,0.65,0,1459.7778611520712,1461.0038049127556,31.05024358159706,-2.2727642179868326,-1.421755175185935,1458.9478933311257,0.0012798890098366413,0,RELIANCE,15m,2026-02-12 07:45:00
1455.9000244140625,1458.800048828125,1454.4000244140625,1456.0,606943,0.00020611996853014958,-0.00837706764223145,0.001259967299818147,0.35,0.6,0,1459.418064851874,1460.8075772691182,32.87048810674263,-2.277031377981075,-1.592810415744963,1458.596603102137,0.001259967299818147,0,RELIANCE,15m,2026-02-12 08:00:00
1456.0,1457.699951171875,1453.699951171875,1453.800048828125,381506,-0.0015109554751888687,-0.010347141709921681,0.001263918058256171,0.3,0.65,0,1458.883015706755,1460.5327722322165,28.017531674874775,-2.429920199345588,-1.760232372465088,1458.315078880786,0.001263918058256171,0,RELIANCE,15m,2026-02-12 08:15:00
1453.5,1455.0,1450.199951171875,1451.0,451086,-0.0019260205902331684,-0.011580381471389622,0.0013023846065805527,0.25,0.65,0,1458.1322523061117,1460.1589380270318,17.02161920691482,-2.7453792086487283,-1.9572617397018162,1457.7766357406078,0.0013023846065805527,0,RELIANCE,15m,2026-02-12 08:30:00
1451.0,1451.300048828125,1449.5,1450.199951171875,269122,-0.0005513775521192033,-0.010305123287429274,0.0012683157115488631,0.2,0.65,0,1457.376795055232,1459.7683895229081,20.725706479115544,-3.025068889307704,-2.170823169622994,1457.4126772074826,0.0012683157115488631,-1,RELIANCE,15m,2026-02-12 08:45:00
1450.300048828125,1452.4000244140625,1449.9000244140625,1451.5999755859375,525302,0.0009654009524211471,-0.009619960466440647,0.0013000704951108047,0.25,0.6,0,1456.826621772442,1459.4480595645955,21.13423143959176,-3.0980424022143325,-2.3562670161412615,1456.8800945513597,0.0013000704951108047,-1,RELIANCE,15m,2026-02-12 09:00:00
1452.0,1452.5,1446.0999755859375,1446.9000244140625,608083,-0.003237772975283937,-0.011680311192580284,0.0014332653551944053,0.3,0.6,0,1455.8812315478344,1458.9559797547706,19.524161062121806,-3.494834935698691,-2.5839806000527474,1456.1123308135673,0.0014332653551944053,-1,RELIANCE,15m,2026-02-12 09:15:00
1446.9000244140625,1453.800048828125,1445.5,1451.0999755859375,1252224,0.0029027238240428854,-0.008405117276836127,0.0016323096660934957,0.35,0.65,-1,1455.4258738371775,1458.6479011599145,37.5566160712313,-3.4308462580713694,-2.753353731656472,1455.1633332202023,0.0016323096660934957,-1,RELIANCE,15m,2026-02-12 09:30:00
1450.800048828125,1451.5,1445.5999755859375,1449.0999755859375,2473002,-0.0013782647878499699,-0.0101776123046875,0.001633390757558808,0.35,0.6,-1,1454.8234073370595,1458.273472706033,29.464144609566162,-3.5011588752231546,-2.902914760369809,1453.6288026275834,0.001633390757558808,-1,RELIANCE,15m,2026-02-12 09:45:00
1449.0,1449.9000244140625,1447.0,1448.9000244140625,537565,-0.00013798300686196363,-0.012001347143496433,0.001551588629292762,0.3,0.6,-1,1454.2592756301074,1457.905886498505,30.697735157017377,-3.5322983824262337,-3.028791484781094,1453.3807930408625,0.001551588629292762,-1,RELIANCE,15m,2026-02-12 10:00:00
1443.5,1447.5,1440.0,1440.5,206536,-0.0020782819535850594,-0.01524476899354077,0.001573419661574849,0.3,0.6,-1,1452.0217653117206,1456.680520370208,22.52557025309865,-4.466621420372348,-3.4633048340045844,1442.6666666666667,0.001573419661574849,-1,RELIANCE,15m,2026-02-13 04:00:00
1441.199951171875,1441.5999755859375,1436.0,1437.0,289873,-0.002429711905588383,-0.015551107714740331,0.0015889200074109368,0.3,0.6,-1,1450.5911209963188,1455.9087352576507,21.15380100942916,-5.101866343414258,-3.7910171358865195,1440.0583972242127,0.0015889200074109368,-1,RELIANCE,15m,2026-02-13 04:15:00
1437.0,1437.9000244140625,1433.0,1436.199951171875,214963,-0.000556749358472497,-0.014005234625832141,0.0015576121216229158,0.3,0.6,-1,1449.2205333939908,1455.135841764091,20.376159954080165,-5.605245989141849,-4.153862906537586,1438.741370560411,0.0015576121216229158,-1,RELIANCE,15m,2026-02-13 04:30:00
1436.199951171875,1436.199951171875,1430.0,1431.0,259205,-0.0036206317704106095,-0.01872046075158751,0.0016215353868421717,0.3,0.65,-1,1447.4852444993248,1454.1893381654993,16.16445044948631,-6.350565223988042,-4.593203370027677,1437.0478221093942,0.0016215353868421717,-1,RELIANCE,15m,2026-02-13 04:45:00
1431.5,1432.9000244140625,1427.5,1431.800048828125,472013,0.0005590837373339319,-0.017430622560290043,0.0016558207137168561,0.25,0.7,-1,1445.991416340163,1453.3113268189356,17.29736328125,-6.798312122846255,-5.034225120591392,1434.981740085465,0.0016558207137168561,-1,RELIANCE,15m,2026-02-13 05:00:00
1431.9000244140625,1432.199951171875,1428.9000244140625,1429.0,147747,-0.00195561442424641,-0.019352149407633967,0.0016590121055353132,0.25,0.65,-1,1444.3731862125283,1452.3579414534872,17.02129731835595,-7.295003051285676,-5.486380706730249,1434.5220177405936,0.0016590121055353132,-1,RELIANCE,15m,2026-02-13 05:15:00
1429.0,1430.4000244140625,1426.699951171875,1427.0,177618,-0.0013995801259621965,-0.020321279748772847,0.0016560526996460588,0.25,0.65,-1,1442.7185970494304,1451.36351237688,17.391347614656382,-7.760558587227706,-5.941216282829741,1433.8701297725697,0.0016560526996460588,-1,RELIANCE,15m,2026-02-13 05:30:00
1427.4000244140625,1427.5,1424.5,1425.4000244140625,188357,-0.0011212162480290777,-0.02034362583225946,0.0016561139266286502,0.25,0.65,-1,1441.0692091793953,1450.345336378338,17.021352578899354,-8.164504041476675,-6.385873834559128,1433.0931249283944,0.0016561139266286502,-1,RELIANCE,15m,2026-02-13 05:45:00
1425.300048828125,1425.5,1420.5,1420.9000244140625,169341,-0.0031570085049281715,-0.023503506113456862,0.0017003890156580127,0.25,0.7,-1,1439.1483344398398,1449.190618262092,12.285027023460316,-8.74691710060074,-6.858082487767451,1432.2332869443026,0.0017003890156580127,-1,RELIANCE,15m,2026-02-13 06:00:00
1420.800048828125,1422.300048828125,1418.0,1420.300048828125,302564,-0.0004222503875210837,-0.024318131161062517,0.001669022678237875,0.2,0.7,-1,1437.3532596196765,1448.0576547548774,13.661211298515482,-9.151404961748995,-7.31674698256376,1430.7339030004757,0.001669022678237875,-1,RELIANCE,15m,2026-02-13 06:15:00
1419.9000244140625,1423.800048828125,1419.5,1422.300048828125,202597,0.0014081531586584983,-0.023145570859804288,0.0017434012235774678,0.2,0.7,-1,1435.9196204966715,1447.0475525616716,8.139671049129717,-9.20447773089063,-7.694293132229135,1430.0510463315638,0.0017434012235774678,0,RELIANCE,15m,2026-02-13 06:30:00
1422.300048828125,1423.9000244140625,1420.0,1423.699951171875,353479,0.000984252475350278,-0.020704427462712616,0.0018057879237288414,0.25,0.65,-1,1434.7558424657386,1446.131960350307,12.425917967127617,-9.029491505720898,-7.961332806927488,1429.1605987282217,0.0018057879237288414,-1,RELIANCE,15m,2026-02-13 06:45:00
1423.699951171875,1426.4000244140625,1422.699951171875,1426.0,237651,0.0016155432373456957,-0.017229496898690577,0.0018865806859374903,0.3,0.6,-1,1433.9219527070968,1445.3424717091186,18.10583726916316,-8.606014169162108,-8.090269079374412,1428.8561705065115,0.0018865806859374903,0,RELIANCE,15m,2026-02-13 07:00:00
1426.0,1426.800048828125,1424.0,1424.5,151567,-0.0010518934081346076,-0.017721660486271218,0.0018854941548035343,0.35,0.55,0,1433.0246238778495,1444.5251198773885,20.3125,-8.295813815229621,-8.131378026545455,1428.6874118961944,0.0018854941548035343,0,RELIANCE,15m,2026-02-13 07:15:00
1424.5999755859375,1424.699951171875,1422.300048828125,1423.0,207474,-0.0010530010530011014,-0.019702380867286262,0.0018341670587164538,0.3,0.6,-1,1432.0698977942448,1443.6809975292556,21.311475409836078,-8.077898280778527,-8.12068207739207,1428.3772089504264,0.0018341670587164538,-1,RELIANCE,15m,2026-02-13 07:30:00
1423.0999755859375,1425.699951171875,1422.5999755859375,1425.0,163938,0.0014054813773718422,-0.015135824206604198,0.0018289142166113253,0.3,0.55,0,1431.396574194793,1442.9484093908536,29.310344827586206,-7.655566756284998,-8.027659013170656,1428.2045605185874,0.0018289142166113253,-1,RELIANCE,15m,2026-02-13 07:45:00
1424.699951171875,1424.699951171875,1419.199951171875,1419.699951171875,373735,-0.003719332510964901,-0.021638773993765348,0.0017273940412391618,0.25,0.55,0,1430.282610097372,1442.036705146972,25.373134328358205,-7.660233226161608,-7.954173855768847,1427.5689487066347,0.0017273940412391618,-1,RELIANCE,15m,2026-02-13 08:00:00
1419.9000244140625,1420.9000244140625,1418.0999755859375,1418.699951171875,243402,-0.0007043741877814647,-0.020978555604329818,0.0017280844691590462,0.25,0.6,-1,1429.1794997235152,1441.1215383244194,29.010190562689047,-7.656365266934699,-7.894612138002017,1427.1038222721718,0.0017280844691590462,-1,RELIANCE,15m,2026-02-13 08:15:00
1418.4000244140625,1421.4000244140625,1416.4000244140625,1416.9000244140625,1956008,-0.0012687155986195187,-0.02208571982938634,0.001714843058612717,0.3,0.65,-1,1428.0100258845198,1440.1716750338173,25.41244153301345,-7.709666689623418,-7.857623048326298,1424.3576189115595,0.001714843058612717,-1,RELIANCE,15m,2026-02-13 08:30:00
1416.800048828125,1423.5,1416.699951171875,1423.0,629035,0.004305155960781404,-0.014201593349497776,0.001989408354279483,0.35,0.6,-1,1427.5328805621848,1439.4982760128833,41.07138964577657,-7.176959875021112,-7.721490413665261,1424.0596336386238,0.001989408354279483,-1,RELIANCE,15m,2026-02-13 08:45:00
1423.0,1426.800048828125,1422.0,1422.800048828125,435839,-0.00014051382422697323,-0.012287366311610537,0.0019664729144062924,0.4,0.6,-1,1427.0821346827506,1438.8434435742654,43.39626262936462,-6.693758790396487,-7.515944089011507,1424.0482440943713,0.0019664729144062924,-1,RELIANCE,15m,2026-02-13 09:00:00
1422.800048828125,1423.0,1419.0,1419.5999755859375,301199,-0.0022491377090008147,-0.012108576488561229,0.0019581047372019132,0.4,0.6,-1,1426.3695481021018,1438.0887977708014,41.31726678654446,-6.4941767885386525,-7.311590628916936,1423.9104681142744,0.0019581047372019132,-1,RELIANCE,15m,2026-02-13 09:15:00
1419.5999755859375,1424.9000244140625,1418.5,1420.5999755859375,1356125,0.0007044237934614728,-0.010861980306578256,0.0019799971384699983,0.45,0.6,-1,1425.8200650053243,1437.4029616066891,49.49824446803299,-6.184029330803696,-7.086078369294288,1423.52387363743,0.0019799971384699983,0,RELIANCE,15m,2026-02-13 09:30:00
1420.699951171875,1421.800048828125,1418.199951171875,1420.300048828125,716155,-0.00021112682174218023,-0.007477254487683438,0.0018432193084675468,0.45,0.6,-1,1425.2943491789242,1436.7322591447846,50.0,-5.894488820884362,-6.847760459612303,1423.2725506811282,0.0018432193084675468,0,RELIANCE,15m,2026-02-13 09:45:00
1420.0,1420.4000244140625,1417.5999755859375,1418.800048828125,633947,-0.0010561148689938182,-0.009079480064719925,0.0018355728828722165,0.45,0.6,-1,1424.67584438361,1436.029035210798,43.98622402322284,-5.720125300909103,-6.622233427871663,1423.007803224461,0.0018355728828722165,-1,RELIANCE,15m,2026-02-13 10:00:00
1421.199951171875,1422.699951171875,1417.300048828125,1419.300048828125,283321,-0.001266572928530496,-0.00539590131175538,0.0018517244087789494,0.5,0.6,0,1423.8557391055103,1434.810502164174,38.64405657488558,-5.115800238602787,-6.114966905810762,1419.7666829427083,0.0018517244087789494,0,RELIANCE,15m,2026-02-16 04:00:00
1419.0,1419.300048828125,1409.300048828125,1412.5,272313,-0.00479112843950058,-0.009050108175328031,0.002105128651046704,0.5,0.6,-1,1422.774240143081,1433.9355805106773,32.75852392310931,-5.428327204885363,-5.977638965625683,1416.793452780727,0.002105128651046704,0,RELIANCE,15m,2026-02-16 04:15:00
1412.5,1417.0,1411.0,1416.5999755859375,143732,0.0029026375829646067,-0.003026285279921992,0.0021312788299923087,0.5,0.55,0,1422.1862149471626,1433.2557528665698,41.443767360034464,-5.284259656457834,-5.838963103792114,1416.3974627105204,0.0021312788299923087,0,RELIANCE,15m,2026-02-16 04:30:00
1416.4000244140625,1420.5,1415.0,1418.4000244140625,219940,0.0012706825209285455,-0.0013377626900951123,0.0021533747940813727,0.55,0.5,0,1421.8256253725817,1432.673175280197,41.129024319011876,-4.967573099104811,-5.664685102854653,1416.7728899436627,0.0021533747940813727,0,RELIANCE,15m,2026-02-16 04:45:00
1418.199951171875,1419.199951171875,1415.5999755859375,1418.4000244140625,101504,0.0,-0.002742054615884948,0.002125522911141513,0.5,0.5,0,1421.4993776622466,1432.113443873682,47.96248321043307,-4.662846330818411,-5.464317348447405,1416.8683897856918,0.002125522911141513,0,RELIANCE,15m,2026-02-16 05:00:00
1418.699951171875,1422.800048828125,1417.800048828125,1421.699951171875,122199,0.0023265134665910736,-0.0014047903832220543,0.0021831376093319975,0.5,0.5,0,1421.5184799012588,1431.705071610866,54.38600248425923,-4.107720416799339,-5.192997962117792,1417.2851559926896,0.0021831376093319975,0,RELIANCE,15m,2026-02-16 05:15:00
1421.5,1422.4000244140625,1419.9000244140625,1421.9000244140625,67473,0.0001407281768719404,-0.0028751581949071348,0.002147901519651531,0.45,0.5,0,1421.5548174739067,1431.3205599560895,57.668746115076125,-3.610020819067813,-4.876402533507797,1417.5145212513182,0.002147901519651531,0,RELIANCE,15m,2026-02-16 05:30:00
1421.9000244140625,1422.9000244140625,1421.0,1422.5,94325,0.00042195342544193437,-0.0014040014040014315,0.002140302047738103,0.45,0.5,0,1421.644834857344,1430.974655644086,49.077485788416325,-3.131084098102974,-4.527338846426833,1417.8484175419228,0.002140302047738103,0,RELIANCE,15m,2026-02-16 05:45:00
1422.300048828125,1422.9000244140625,1420.0999755859375,1420.699951171875,86949,-0.0012654121814587027,-0.0016163378974877185,0.0021459661956391663,0.45,0.5,0,1421.5548459349184,1430.5717260569404,46.3412870571222,-2.863760544056504,-4.194623185952768,1418.0598868138081,0.0021459661956391663,0,RELIANCE,15m,2026-02-16 06:00:00
1420.5999755859375,1422.0,1417.800048828125,1419.199951171875,98644,-0.00105581759101403,-0.004070209703947336,0.0021268627424251415,0.4,0.55,0,1421.3305702431999,1430.1257741006634,49.259210698833094,-2.7413416849710757,-3.9039668857564296,1418.1662335608594,0.0021268627424251415,0,RELIANCE,15m,2026-02-16 06:15:00
1419.0,1421.699951171875,1418.699951171875,1420.800048828125,58483,0.0011274645654608673,0.0007748803931013626,0.0019757245938239096,0.4,0.5,0,1421.280044394145,1429.7600593840932,50.36245184631512,-2.48654599447741,-3.620482707500626,1418.2505758971033,0.0019757245938239096,0,RELIANCE,15m,2026-02-16 06:30:00
1420.9000244140625,1423.5999755859375,1420.9000244140625,1422.800048828125,92179,0.0014076576092811877,0.0028900386250547694,0.0019902017746887424,0.45,0.45,0,1421.4248067211906,1429.4871177936632,54.2662044945131,-2.0990388752074978,-3.3161939410420005,1418.4855236918993,0.0019902017746887424,0,RELIANCE,15m,2026-02-16 06:45:00
1422.4000244140625,1423.4000244140625,1422.0,1422.199951171875,86019,-0.000421772305071455,0.0037405086219857164,0.001967391058498759,0.4,0.4,0,1421.498630002208,1429.201346553593,55.9857126892295,-1.8193867984980443,-3.016832512533209,1418.6871285022828,0.001967391058498759,0,RELIANCE,15m,2026-02-16 07:00:00
1421.800048828125,1422.300048828125,1419.0999755859375,1419.300048828125,182206,-0.002039025765231184,-0.002600106234627586,0.001770294703713897,0.35,0.45,0,1421.289241318962,1428.8130603682807,46.89669106659539,-1.8108836570047515,-2.775642741427518,1418.834687379411,0.001770294703713897,0,RELIANCE,15m,2026-02-16 07:15:00
1419.199951171875,1424.0,1419.0999755859375,1423.5999755859375,97317,0.003029610801016158,0.000562220080376985,0.0019059059980877336,0.35,0.45,0,1421.50931124915,1428.6086256709339,56.825254118403876,-1.4405707004311807,-2.5086283332282506,1418.9995153396674,0.0019059059980877336,0,RELIANCE,15m,2026-02-16 07:30:00
1423.0,1424.5,1422.699951171875,1423.5999755859375,90658,0.0,0.002817695173845669,0.0018291692219659786,0.4,0.4,0,1421.708422138368,1428.4122080205418,72.46951957814207,-1.1340227065295494,-2.2337072078885103,1419.19837867911,0.0018291692219659786,0,RELIANCE,15m,2026-02-16 07:45:00
1423.0999755859375,1424.0,1421.0999755859375,1421.699951171875,249544,-0.0013346617354924595,0.0007743035371261531,0.0018528616079193086,0.35,0.4,0,1421.7076153796543,1428.1489822617705,61.33321759322052,-1.0324953402750907,-1.9934648343658266,1419.52463775855,0.0018528616079193086,0,RELIANCE,15m,2026-02-16 08:00:00
1421.699951171875,1426.0,1421.699951171875,1425.9000244140625,173453,0.0029542613676856178,0.003942811654873868,0.0019622166775375635,0.4,0.35,0,1422.1068924305503,1428.0607878363703,65.06015236638527,-0.6061362010661924,-1.7159991077058998,1419.869353068353,0.0019622166775375635,0,RELIANCE,15m,2026-02-16 08:15:00
1425.5,1426.300048828125,1421.199951171875,1424.800048828125,664212,-0.0007714254625877937,0.004228925707294495,0.001953649458791355,0.45,0.35,0,1422.3633835160335,1427.9329157184,62.307681473100054,-0.3529339455662921,-1.4433860752779784,1420.7517782091395,0.001953649458791355,0,RELIANCE,15m,2026-02-16 08:30:00
1425.0,1426.0,1423.300048828125,1425.0,227825,0.0001403363033567473,0.0027443701928533404,0.0019253268087877273,0.4,0.3,0,1422.6144898478399,1427.8178994157176,57.205300696169466,-0.13458354996146227,-1.1816255702146752,1421.0198369211987,0.0019253268087877273,0,RELIANCE,15m,2026-02-16 08:45:00
1425.0,1436.9000244140625,1424.4000244140625,1436.5999755859375,501684,0.008140333744517614,0.01218905528263492,0.0025961077137287,0.45,0.3,0,1423.946440870516,1428.1622945596478,71.42846974582363,0.9633765907717589,-0.7526251380173884,1422.5084263919523,0.0025961077137287,0,RELIANCE,15m,2026-02-16 09:00:00
1436.9000244140625,1439.5999755859375,1434.5999755859375,1438.0,452967,0.0009745401906271489,0.018053097345132718,0.002263719840927727,0.5,0.25,0,1425.284875073324,1428.5480869298578,72.07971064895318,1.924305980892541,-0.21723891423540254,1424.0530716670166,0.002263719840927727,0,RELIANCE,15m,2026-02-16 09:15:00
1438.4000244140625,1439.0,1434.5999755859375,1438.5,281501,0.0003477051460361036,0.01545956853839714,0.0022161973124532734,0.5,0.25,0,1426.5434583996741,1428.9383580306478,76.33139513886381,2.6951275146807347,0.3652343715478249,1424.8593166793596,0.0022161973124532734,0,RELIANCE,15m,2026-02-16 09:30:00
1437.699951171875,1438.9000244140625,1436.0,1436.0,472644,-0.001737921445950641,0.012408330007755097,0.0022815458559855596,0.45,0.25,0,1427.444081409229,1429.2152851667008,74.13796732168288,3.0689036164840218,0.9059682205350643,1425.976748307963,0.0022815458559855596,0,RELIANCE,15m,2026-02-16 09:45:00
1436.0,1436.9000244140625,1434.0999755859375,1435.800048828125,333656,-0.00013924176314417114,0.012267360486862833,0.002283746334613158,0.45,0.3,0,1428.2398878300764,1429.473511192639,72.45515547563703,3.310824359268736,1.3869394482817987,1426.565384317758,0.002283746334613158,0,RELIANCE,15m,2026-02-16 10:00:00
1426.699951171875,1426.699951171875,1422.0,1423.300048828125,234844,-0.002453041687848767,0.0009846152261228092,0.002775957675948418,0.4,0.4,0,1427.6453592129424,1429.1306844056714,51.270326349263634,1.990646882195506,1.7249201421689246,1424.0,0.002775957675948418,0,RELIANCE,15m,2026-02-17 04:00:00
1423.300048828125,1426.800048828125,1421.699951171875,1425.5999755859375,191428,0.0016159113882601162,0.002179244700131866,0.002797070789081302,0.4,0.45,0,1427.4505607722754,1428.99222523627,57.376992941620415,1.560661180787065,1.6920683498925528,1424.3143486838335,0.002797070789081302,0,RELIANCE,15m,2026-02-17 04:15:00
1425.699951171875,1427.5,1423.300048828125,1423.300048828125,184664,-0.0016133044312568456,0.0018301525625485926,0.0028071548144395116,0.45,0.4,0,1427.0552739204513,1428.7690026320292,49.63153806240309,1.022522543096784,1.5581591885333992,1424.4309270584038,0.0028071548144395116,0,RELIANCE,15m,2026-02-17 04:30:00
1423.5999755859375,1424.5,1421.5,1423.4000244140625,115722,7.024210110850859e-05,0.002959465464129618,0.002794116954903098,0.45,0.4,0,1426.7071549198427,1428.558454466619,49.75496062615189,0.5972265341765706,1.3659726576620335,1424.224283493887,0.002794116954903098,0,RELIANCE,15m,2026-02-17 04:45:00
1423.5999755859375,1425.5,1423.0999755859375,1423.9000244140625,124486,0.0003512715971785152,0.0021818521110654743,0.002785223529214082,0.5,0.4,0,1426.4398091573876,1428.3757709351462,52.79198668992418,0.2970974498753094,1.1521976161046887,1424.215856613884,0.002785223529214082,0,RELIANCE,15m,2026-02-17 05:00:00
1423.9000244140625,1424.0,1418.5999755859375,1420.5,190664,-0.0023878252375629794,-0.0016165650472246273,0.002821412977894261,0.45,0.45,0,1425.87411304716,1428.0669171729837,43.00510105657967,-0.21265916430138532,0.8792262600234739,1423.6334132362265,0.002821412977894261,0,RELIANCE,15m,2026-02-17 05:15:00
1420.199951171875,1421.4000244140625,1420.0,1420.5,69831,0.0,-0.001195296885275754,0.002820277288272256,0.45,0.45,0,1425.3622927569543,1427.7701753230629,44.266564235444235,-0.6096176607156849,0.5814574758756422,1423.4449545626708,0.002820277288272256,0,RELIANCE,15m,2026-02-17 05:30:00
1420.300048828125,1421.699951171875,1419.300048828125,1421.4000244140625,108328,0.0006335969123987262,0.0014795853686269123,0.002784463106223356,0.5,0.45,0,1424.984933867155,1427.5203654834943,45.28796899016722,-0.8418810005373416,0.29678978059304545,1423.2100943112955,0.002784463106223356,0,RELIANCE,15m,2026-02-17 05:45:00
1421.5,1422.4000244140625,1419.800048828125,1422.300048828125,231244,0.0006331957215446327,-0.0009131264260365812,0.0027010589041306173,0.5,0.45,0,1424.7292305301044,1427.3156471832838,24.000017755760638,-0.9424627978451099,0.048939264905414365,1422.937604894127,0.0027010589041306173,0,RELIANCE,15m,2026-02-17 06:00:00
1422.300048828125,1423.5,1420.9000244140625,1421.800048828125,510659,-0.000351543262908538,-0.0012643486855018482,0.00270191342790945,0.5,0.45,0,1424.4502608442015,1427.0993492085718,19.548796269951268,-1.0504119233958136,-0.17093097275483124,1422.7109130251265,0.00270191342790945,0,RELIANCE,15m,2026-02-17 06:15:00
1422.199951171875,1425.5999755859375,1421.699951171875,1423.9000244140625,245987,0.0014769837627086613,0.00154749477227889,0.002705233818634386,0.55,0.4,0,1424.3978573746645,1426.9738854911402,24.113361585711615,-0.9554975229016236,-0.32784428278418976,1422.8248235277815,0.002705233818634386,0,RELIANCE,15m,2026-02-17 06:30:00
1423.9000244140625,1424.5999755859375,1423.199951171875,1424.4000244140625,206625,0.0003511482487723594,-0.0010519671606123993,0.0026210178249311124,0.5,0.4,0,1424.398063759369,1426.8729497626275,27.862497612158663,-0.8303594880653691,-0.4283473238404257,1422.9310957946839,0.0026210178249311124,0,RELIANCE,15m,2026-02-17 06:45:00
1424.4000244140625,1425.300048828125,1423.800048828125,1424.5,251916,7.01878575006809e-05,-0.0002105901304338964,0.00261556537090313,0.5,0.35,0,1424.4077719727625,1426.7798929091912,28.352275384687346,-0.7148788215740751,-0.48565362338715556,1423.0824750982151,0.00261556537090313,0,RELIANCE,15m,2026-02-17 07:00:00
1424.199951171875,1424.5999755859375,1424.0,1424.199951171875,93680,-0.00021063448797820072,-0.0005614377741227639,0.0026157001847126214,0.5,0.35,0,1424.387979515535,1426.678718723414,42.52841307703101,-0.6401912677736163,-0.5165611522644478,1423.122666998235,0.0026157001847126214,0,RELIANCE,15m,2026-02-17 07:15:00
1424.199951171875,1426.199951171875,1421.699951171875,1421.699951171875,395322,-0.0017553714967781797,-0.010371728154864646,0.0017980166023652173,0.5,0.4,0,1424.1319768161388,1426.4834729370791,45.121624438026615,-0.7738099504913407,-0.5680109119098264,1423.1323494898656,0.0017980166023652173,0,RELIANCE,15m,2026-02-17 07:30:00
1421.699951171875,1424.9000244140625,1421.199951171875,1423.0999755859375,1032566,0.0009847537892284652,-0.01036163032966797,0.0017984647097868635,0.45,0.45,0,1424.033690984691,1426.3507867664462,41.935483870967744,-0.7579957463647133,-0.6060078788008039,1423.1161510164047,0.0017984647097868635,0,RELIANCE,15m,2026-02-17 07:45:00
1423.0,1425.0,1423.0,1424.5999755859375,495586,0.0010540369796454563,-0.009662860211374746,0.0018231480361725384,0.5,0.45,0,1424.0876228514765,1426.2821275044655,54.421497554453886,-0.6173094525747729,-0.6082681935555977,1423.2308366971222,0.0018231480361725384,0,RELIANCE,15m,2026-02-17 08:00:00
1424.800048828125,1426.5,1422.5999755859375,1423.5,553410,-0.0007721294432039283,-0.008704735376044548,0.0018008355715513373,0.55,0.5,0,1424.0316587703833,1426.1730244650746,50.318392100454844,-0.587797622955577,-0.6041740794355936,1423.3332510663276,0.0018008355715513373,0,RELIANCE,15m,2026-02-17 08:15:00
1423.5,1424.5999755859375,1421.5,1423.5999755859375,468746,7.02322345891293e-05,-0.008497055876370063,0.0018032568416159356,0.55,0.5,0,1423.9905460861505,1426.0721205874613,49.01945140340519,-0.5500020102965664,-0.5933396656077883,1423.3250411006231,0.0018032568416159356,0,RELIANCE,15m,2026-02-17 08:30:00
1423.699951171875,1424.699951171875,1419.800048828125,1422.0999755859375,705477,-0.001053666778395801,-0.0032941358854366998,0.0011848813185192744,0.6,0.5,0,1423.810491752797,1425.9163501952448,55.970047279385646,-0.6337803535377589,-0.6014278031937824,1423.2012424016727,0.0011848813185192744,0,RELIANCE,15m,2026-02-17 08:45:00
1422.4000244140625,1423.0,1420.699951171875,1421.9000244140625,115333,-0.00014060275318728,-0.0009836467125924342,0.0010555561087127266,0.6,0.45,0,1423.6285424824412,1425.7588472234338,55.14715782104101,-0.7081466093486597,-0.6227715644247579,1423.1776583769558,0.0010555561087127266,0,RELIANCE,15m,2026-02-17 09:00:00
1421.9000244140625,1424.4000244140625,1421.199951171875,1422.5999755859375,597763,0.0004922646879927939,-0.0021043771404155587,0.0009901730879302774,0.6,0.4,0,1423.5305837303931,1425.6349699043164,54.47746237656232,-0.7025041623346624,-0.6387180840067388,1423.1403759058871,0.0009901730879302774,0,RELIANCE,15m,2026-02-17 09:15:00
1422.5999755859375,1425.4000244140625,1420.5,1421.300048828125,1476047,-0.0009137682975687289,-0.0014051850849345904,0.0009454286165351414,0.6,0.45,0,1423.318151834939,1425.4649729993678,46.37676031420282,-0.7937755573220784,-0.6697295786698068,1423.0133117289797,0.0009454286165351414,0,RELIANCE,15m,2026-02-17 09:30:00
1421.699951171875,1425.699951171875,1420.4000244140625,1422.5,1656482,0.0008442630905869386,-0.0006323060268549341,0.0009670612082449524,0.65,0.45,0,1423.240232612564,1425.3486995484122,52.41366537017394,-0.7605160091161451,-0.6878868647590745,1422.989627134394,0.0009670612082449524,0,RELIANCE,15m,2026-02-17 09:45:00
1422.5999755859375,1424.300048828125,1422.4000244140625,1424.199951171875,304958,0.0011950447605448833,0.00021063751153160837,0.0010023840290215122,0.6,0.45,0,1423.3316343801175,1425.3036505924697,51.06359032076533,-0.5901824689292425,-0.6683459855931082,1423.0082135904465,0.0010023840290215122,0,RELIANCE,15m,2026-02-17 10:00:00
1426.9000244140625,1429.300048828125,1425.5,1427.5,296731,0.00014009049606578117,0.004927842309046193,0.0009441371042781063,0.7,0.4,0,1424.0705711262838,1425.4650018676186,58.928675231064354,0.11913777292352279,-0.4363464044191928,1427.433349609375,0.0009441371042781063,0,RELIANCE,15m,2026-02-18 04:00:00
1427.300048828125,1427.5,1421.5,1422.800048828125,267929,-0.0032924351466725454,0.0009849615801431622,0.0012255610317209434,0.65,0.4,0,1423.9495690026497,1425.3604939052857,46.69829790174356,-0.004990114440488469,-0.35007514642345194,1425.772613059947,0.0012255610317209434,0,RELIANCE,15m,2026-02-18 04:15:00
1422.800048828125,1423.0999755859375,1419.9000244140625,1421.5,126923,-0.0009137255998801219,-0.000562503551050364,0.0012355865783724468,0.6,0.45,0,1423.716276716683,1425.2091019874315,49.500115968212505,-0.20589203966801506,-0.32123852507236456,1424.988480327639,0.0012355865783724468,0,RELIANCE,15m,2026-02-18 04:30:00
1421.4000244140625,1421.699951171875,1419.300048828125,1420.4000244140625,105230,-0.0007738132859215208,-0.0009846844605304605,0.0012449889451726778,0.55,0.5,0,1423.4004431640524,1425.0205107100444,43.14723014004213,-0.44869482509602676,-0.346729785077097,1424.3913143737952,0.0012449889451726778,0,RELIANCE,15m,2026-02-18 04:45:00
1420.5,1421.9000244140625,1419.199951171875,1421.5,88206,0.0007744125366311305,-0.0016855287400181496,0.0012090737441652454,0.55,0.55,0,1423.2194485769996,1424.8824514665132,41.96884309595644,-0.5460642561104123,-0.38659667928376007,1424.0400272336578,0.0012090737441652454,0,RELIANCE,15m,2026-02-18 05:00:00
1421.199951171875,1422.5,1420.800048828125,1422.0999755859375,49557,0.0004220721673848793,-0.0016147492198135271,0.001210519262727394,0.6,0.55,0,1423.1128321016604,1424.7733347653143,46.2764679527554,-0.5682665925726269,-0.42293066194153345,1423.9212475663837,0.001210519262727394,0,RELIANCE,15m,2026-02-18 05:15:00
1422.0999755859375,1424.300048828125,1421.9000244140625,1424.0,93628,0.001336069507546167,-0.0003510003510003301,0.0012512018467964107,0.6,0.55,0,1423.1973242824547,1424.7430079117726,50.97094570170604,-0.4276167138348228,-0.42386787232019135,1423.8737851160279,0.0012512018467964107,0,RELIANCE,15m,2026-02-18 05:30:00
1424.0,1425.199951171875,1423.199951171875,1423.800048828125,282486,-0.0001404151487885974,-0.00028079087028543004,0.001250727762338644,0.65,0.55,0,1423.2547266201377,1424.7060291241787,54.4044072534993,-0.3284983357841611,-0.4047939650129853,1423.9153523363163,0.001250727762338644,0,RELIANCE,15m,2026-02-18 05:45:00
1424.0,1427.199951171875,1423.9000244140625,1427.0,154219,0.0022474723009797692,0.0037279658227153956,0.0012772751120609905,0.65,0.5,0,1423.6114193229819,1424.7959887663678,61.43508558728699,0.008168844043439094,-0.32220140320170043,1424.1383229483758,0.0012772751120609905,0,RELIANCE,15m,2026-02-18 06:00:00
1427.0999755859375,1427.5,1425.0999755859375,1426.0999755859375,85527,-0.0006307108718027754,0.0021080739592906905,0.0012752389460081615,0.7,0.45,0,1423.8484246813587,1424.84712550439,57.777862172983646,0.2000495149343351,-0.21775121957449334,1424.2538895123316,0.0012752389460081615,0,RELIANCE,15m,2026-02-18 06:15:00
1426.4000244140625,1428.699951171875,1426.0,1428.0999755859375,81347,0.001402426221330133,0.002456830029468726,0.0012911496632228303,0.7,0.45,0,1424.2533342913187,1424.974688252686,64.65512251845539,0.5076477668865209,-0.07267142228229051,1424.4206972703666,0.0012911496632228303,0,RELIANCE,15m,2026-02-18 06:30:00
1428.0999755859375,1429.5,1427.199951171875,1428.5999755859375,79908,0.0003501155441130166,0.00358270150048301,0.0012744562050285952,0.7,0.4,0,1424.6673001289014,1425.116856383402,63.555574845783674,0.782744428479873,0.0984117478701422,1424.6080206667277,0.0012744562050285952,0,RELIANCE,15m,2026-02-18 06:45:00
1428.699951171875,1429.9000244140625,1427.4000244140625,1429.5999755859375,101439,0.0006999860122423041,0.004214667113583204,0.0012793818634509887,0.75,0.35,0,1425.1370787438573,1425.2926649795797,62.38541870817818,1.069127916298612,0.2925549815558362,1424.8518738471948,0.0012793818634509887,0,RELIANCE,15m,2026-02-18 07:00:00
1429.5999755859375,1431.5,1429.0999755859375,1429.699951171875,168141,6.993255990828118e-05,0.0053441921921180136,0.0012451322496823394,0.75,0.3,0,1425.5716380227161,1425.4654997322189,56.382785309854036,1.289293910290553,0.49190276730277954,1425.297255157704,0.0012451322496823394,0,RELIANCE,15m,2026-02-18 07:15:00
1429.4000244140625,1435.0,1429.300048828125,1434.699951171875,205608,0.0034972373020658587,0.009001987859932115,0.00143382748225107,0.8,0.3,0,1426.441001179779,1425.8276350827937,65.2542285211814,1.8459562256939535,0.7627134589810143,1426.021458902646,0.00143382748225107,0,RELIANCE,15m,2026-02-18 07:30:00
1434.699951171875,1436.5,1432.699951171875,1435.5,315910,0.0005576419149324607,0.00906792115524202,0.00143400543228702,0.8,0.3,0,1427.3037629721812,1426.2069435109195,82.23345850218736,2.3248726901401824,1.075145305212848,1427.1421345873725,0.00143400543228702,0,RELIANCE,15m,2026-02-18 07:45:00
1435.5999755859375,1437.0,1431.5,1433.199951171875,615681,-0.0016022632031522654,0.008372547621849247,0.0014761726269562365,0.8,0.3,0,1427.8653047054854,1426.4811791054667,78.26081828582213,2.490118188073893,1.358139881785057,1428.4763399234064,0.0014761726269562365,0,RELIANCE,15m,2026-02-18 08:00:00
1433.0999755859375,1433.9000244140625,1431.5,1433.5,235655,0.0002093558738121004,0.007732864674868223,0.0014733476371024828,0.75,0.25,0,1428.401942352582,1426.7564269836837,82.91447114175475,2.6151421378372106,1.6095403329954878,1428.7918230572934,0.0014733476371024828,0,RELIANCE,15m,2026-02-18 08:15:00
1433.5999755859375,1434.4000244140625,1430.5,1432.5,359615,-0.0006975933031042603,0.005827867653903196,0.0014794347706526248,0.8,0.3,0,1428.792233557098,1426.9816651411863,77.77770927608785,2.6035211054543197,1.8083364874872543,1429.1476723658445,0.0014794347706526248,0,RELIANCE,15m,2026-02-18 08:30:00
1432.699951171875,1436.5,1432.5,1436.199951171875,178922,0.0025828629472077758,0.006235481005593124,0.001509160105841794,0.8,0.3,0,1429.497730472791,1427.3431665541545,80.78594007366856,2.8598993518514817,2.0186490603601,1429.419731791027,0.001509160105841794,0,RELIANCE,15m,2026-02-18 08:45:00
1436.199951171875,1437.5,1435.699951171875,1436.5,183319,0.00020891856170868195,0.0063047285464097325,0.001508826053497615,0.8,0.3,0,1430.1646132849062,1427.7022580618348,79.34265573958393,3.0521095727610827,2.2253411628402966,1429.7411675314684,0.001508826053497615,0,RELIANCE,15m,2026-02-18 09:00:00
1436.0,1439.300048828125,1436.0,1439.300048828125,173733,0.0019492160307170714,0.01159685088118323,0.001288286043386709,0.85,0.25,0,1431.0346547652127,1428.157073386003,82.42657949844221,3.391285469190052,2.4585300241102477,1430.0869752720896,0.001288286043386709,0,RELIANCE,15m,2026-02-18 09:15:00
1439.4000244140625,1441.699951171875,1438.4000244140625,1440.699951171875,360963,0.0009726271772796391,0.013506824602092848,0.0012415725235040821,0.9,0.2,0,1431.955159184895,1428.6489509462335,80.99522767945913,3.7300475639658544,2.712833532081369,1430.883926160709,0.0012415725235040821,0,RELIANCE,15m,2026-02-18 09:30:00
1440.5999755859375,1442.0999755859375,1440.5,1441.300048828125,436238,0.0004165320167894837,0.014714181959187167,0.0011963346572379581,0.95,0.15,0,1432.8451486747263,1429.145072431798,84.8622800091832,4.000822835140752,2.9704313926932455,1431.7842565149194,0.0011963346572379581,0,RELIANCE,15m,2026-02-18 09:45:00
1441.300048828125,1441.9000244140625,1440.300048828125,1441.300048828125,318462,0.0,0.01392898264377429,0.0012073473064175542,0.9,0.15,0,1433.6503772607641,1429.6217381728306,83.3332305814319,4.167375280247597,3.2098201702041163,1432.3411519688636,0.0012073473064175542,0,RELIANCE,15m,2026-02-18 10:00:00
1436.800048828125,1442.0,1435.5,1435.5999755859375,317960,-0.0012522949753384083,0.008146050271023553,0.0014673134896812628,0.85,0.2,0,1434.1591521394096,1430.1492476952367,62.49987284471797,3.572052726588936,3.3989771458981832,1437.6999918619792,0.0014673134896812628,0,RELIANCE,15m,2026-02-19 04:00:00
1435.699951171875,1436.9000244140625,1434.300048828125,1435.0,187515,-0.0004179267178467949,0.007866238789002278,0.0014740567705339611,0.8,0.25,0,1434.2392328880373,1430.3394732758156,60.8163183960619,3.195785817689739,3.358338880256494,1436.846777764356,0.0014740567705339611,0,RELIANCE,15m,2026-02-19 04:15:00
1434.800048828125,1434.9000244140625,1431.5999755859375,1432.199951171875,162415,-0.0019512535387630203,0.003643974191923638,0.0014948687703689406,0.75,0.3,0,1434.0450155817362,1430.412433193308,44.39469247443673,2.641204876363645,3.2149120794779247,1435.8870111050692,0.0014948687703689406,0,RELIANCE,15m,2026-02-19 04:30:00
1432.199951171875,1432.9000244140625,1429.199951171875,1431.199951171875,194317,-0.0006982265284828371,0.0035761697449312457,0.001496877797166294,0.7,0.35,0,1433.7740570665112,1430.4433162512912,40.44443962196591,2.096832858214839,2.991296235225308,1434.8081490905283,0.001496877797166294,0,RELIANCE,15m,2026-02-19 04:45:00
1431.0,1431.800048828125,1429.5999755859375,1430.5999755859375,84506,-0.00041921157518642893,0.001750577720564861,0.0014737967621031754,0.65,0.35,0,1433.4717635921709,1430.4494597546106,43.7501100384401,1.5985737333430734,2.7127517348488612,1434.438469880767,0.0014737967621031754,0,RELIANCE,15m,2026-02-19 05:00:00
1430.5999755859375,1431.0,1427.0,1428.800048828125,104125,-0.0012581621617009375,0.0001400484709552785,0.0015023691647985038,0.6,0.4,0,1433.0268383765474,1430.38477697318,39.46201596216376,1.0463985097194382,2.3794810898229763,1433.8929808060868,0.0015023691647985038,0,RELIANCE,15m,2026-02-19 05:15:00
1428.5,1429.0999755859375,1427.300048828125,1427.800048828125,72227,-0.0006998879939990044,-0.001259042241571695,0.0015010458349599888,0.55,0.4,0,1432.5290488957453,1430.2834150851384,39.46201596216376,0.5220857446613536,2.008002020790652,1433.5182781593182,0.0015010458349599888,0,RELIANCE,15m,2026-02-19 05:30:00
1427.5999755859375,1429.5,1427.0,1427.0999755859375,67674,-0.0004903160234250858,-0.0018185463207202046,0.0015036810506433658,0.55,0.45,0,1432.0119942948113,1430.158574320464,26.425142466810442,0.04950339665310821,1.6163022959631435,1433.1970761940797,0.0015036810506433658,0,RELIANCE,15m,2026-02-19 05:45:00
1427.0,1427.800048828125,1425.199951171875,1426.0,71073,-0.0007707768234568313,-0.006063951674891155,0.0012491058117262135,0.5,0.5,0,1431.4394234095912,1429.9954929745634,23.88072391594801,-0.40906491017040025,1.2112288547364347,1432.810468049331,0.0012491058117262135,0,RELIANCE,15m,2026-02-19 06:00:00
1426.0,1426.199951171875,1424.0,1425.4000244140625,108061,-0.00042074024259286524,-0.007035858994035138,0.0012326626244125883,0.45,0.55,0,1430.8642425528742,1429.8152785212105,11.173169118298944,-0.8115416655609806,0.8066747506769516,1432.2101235887264,0.0012326626244125883,0,RELIANCE,15m,2026-02-19 06:15:00
1425.4000244140625,1425.800048828125,1423.199951171875,1424.300048828125,84843,-0.0007716960622262681,-0.006209812061794273,0.0012019414041842776,0.4,0.55,0,1430.2390812457554,1429.5989950038347,3.4096268553197433,-1.2053714589408173,0.4042655087533979,1431.7565609450694,0.0012019414041842776,0,RELIANCE,15m,2026-02-19 06:30:00
1424.4000244140625,1424.4000244140625,1419.199951171875,1421.4000244140625,195014,-0.0020361049741229875,-0.008440861936475419,0.0012545276149130583,0.4,0.6,0,1429.3972663094037,1429.2774667454123,0.0,-1.7315321168825903,-0.02289401637379973,1430.5638381099338,0.0012545276149130583,0,RELIANCE,15m,2026-02-19 06:45:00
1421.5,1424.0,1420.199951171875,1420.800048828125,255460,-0.0004221018542509558,-0.008167505181064572,0.001252865224246095,0.35,0.55,0,1428.578483692139,1428.94501898395,0.0,-2.1718949911635264,-0.4526942113317451,1429.3708487404235,0.001252865224246095,0,RELIANCE,15m,2026-02-19 07:00:00
1420.699951171875,1421.0,1416.9000244140625,1417.9000244140625,152930,-0.0020411207167781997,-0.012741907380570905,0.0010873727222851053,0.3,0.6,0,1427.5614875704173,1428.5118819419936,0.0,-2.7234986779340034,-0.9068551046521969,1428.570514742028,0.0010873727222851053,0,RELIANCE,15m,2026-02-19 07:15:00
1418.4000244140625,1420.4000244140625,1417.5,1418.5,185698,0.00042314378701369115,-0.012530455969369969,0.0010971903673960678,0.25,0.6,0,1426.698488754187,1428.1192591207391,3.2785682362437,-3.0767684863210434,-1.3408377809859662,1427.7619092600546,0.0010971903673960678,0,RELIANCE,15m,2026-02-19 07:30:00
1418.5,1421.5999755859375,1417.5999755859375,1418.5,631139,0.0,-0.01445150289896835,0.0009298672439156182,0.25,0.6,0,1425.9176803014075,1427.742033272867,3.389701926923138,-3.3184839374926014,-1.7363670122872934,1425.8896283340234,0.0009298672439156182,0,RELIANCE,15m,2026-02-19 07:45:00
1418.5,1422.5,1417.0,1418.699951171875,634430,0.00014095958538939968,-0.015270355206234987,0.0008662733759408042,0.25,0.65,0,1425.2302775271662,1427.3874418179262,5.297579588999014,-3.454094138374785,-2.0799124375047917,1424.7164248001973,0.0008662733759408042,0,RELIANCE,15m,2026-02-19 08:00:00
1418.800048828125,1419.0,1416.199951171875,1416.4000244140625,193708,-0.0016211509388667222,-0.017276086568031368,0.0008389288033790862,0.2,0.7,0,1424.389301040204,1426.956562704049,4.87766753258353,-3.7044484913885753,-2.4048196482815483,1424.323242018876,0.0008389288033790862,0,RELIANCE,15m,2026-02-19 08:15:00
1416.4000244140625,1417.5999755859375,1413.800048828125,1414.4000244140625,828350,-0.0014120304755200763,-0.018663722682819572,0.0008210273042878325,0.2,0.7,0,1423.4379413615238,1426.464149437775,4.49401986064629,-4.017923286583027,-2.7274403759418444,1422.6676993143428,0.0008210273042878325,0,RELIANCE,15m,2026-02-19 08:30:00
1414.4000244140625,1416.5,1413.5999755859375,1415.9000244140625,366815,0.0010605203436853117,-0.014957562011148728,0.0008268942415942726,0.15,0.7,0,1422.7200445093847,1426.0498700250803,13.14253029108741,-4.098076778127734,-3.001567656379023,1422.1184521414032,0.0008268942415942726,0,RELIANCE,15m,2026-02-19 08:45:00
1416.0,1416.5999755859375,1412.300048828125,1413.800048828125,675745,-0.0014831383217233096,-0.015185237620887304,0.0008357948362640511,0.2,0.75,0,1421.8705211111696,1425.5694848801015,12.365295005578531,-4.28169278800965,-3.2575926827051482,1421.1625303022088,0.0008357948362640511,-1,RELIANCE,15m,2026-02-19 09:00:00
1413.800048828125,1415.300048828125,1410.800048828125,1412.4000244140625,433330,-0.0009902563062031966,-0.015749111906576685,0.0008330990508285775,0.2,0.75,0,1420.9685690447786,1425.0530354500609,11.91683954865151,-4.488440124645649,-3.5037621710932485,1420.5617192453458,0.0008330990508285775,-1,RELIANCE,15m,2026-02-19 09:15:00
1412.199951171875,1413.9000244140625,1407.199951171875,1413.9000244140625,1755316,0.001062022071701918,-0.01277749433159725,0.0008835650864455186,0.2,0.75,0,1420.2953743180437,1424.6156624682571,19.289135647938735,-4.479613221729096,-3.698932381220418,1418.5503409015048,0.0008835650864455186,-1,RELIANCE,15m,2026-02-19 09:30:00
1413.300048828125,1414.5,1403.300048828125,1404.199951171875,2920115,-0.00686050857535514,-0.01886528851394398,0.0016479007385388838,0.25,0.75,-1,1418.7624768755516,1423.8150463389873,13.194223685939406,-5.195442850197196,-3.998234475015774,1415.4841919233345,0.0016479007385388838,-1,RELIANCE,15m,2026-02-19 09:45:00
1403.5999755859375,1407.5,1401.0999755859375,1407.300048828125,904108,0.0022077323487035283,-0.01628682172196283,0.0017909601788897553,0.25,0.8,-1,1417.670817061511,1423.167399377777,22.40264115348336,-5.4497694657325155,-4.288541473159122,1414.689533930698,0.0017909601788897553,-1,RELIANCE,15m,2026-02-19 10:00:00
1410.4000244140625,1415.0,1408.4000244140625,1414.5,254002,0.002906959383839114,-0.00931506399585924,0.0020679889667490846,0.35,0.75,-1,1416.74232627424,1422.34645455541,40.86949445199276,-4.86542623770174,-4.572092762430607,1412.6333414713542,0.0020679889667490846,-1,RELIANCE,15m,2026-02-20 04:00:00
1414.5999755859375,1417.5,1413.5,1416.0,638690,0.0010604453870626251,-0.007777994377289543,0.0020959050574571956,0.35,0.7,-1,1416.6716285338362,1422.0975739846097,47.12987036934595,-4.318793658427239,-4.521432941629934,1414.8035798839244,0.0020959050574571956,-1,RELIANCE,15m,2026-02-20 04:15:00
1416.199951171875,1416.5999755859375,1413.0999755859375,1414.199951171875,132164,-0.0012712209238170402,-0.008274929051981017,0.0021036850855690094,0.35,0.7,-1,1416.43623068984,1421.7878632860711,43.731716170912435,-3.984896887069226,-4.414125730717792,1414.7816209283972,0.0021036850855690094,0,RELIANCE,15m,2026-02-20 04:30:00
1414.0999755859375,1414.9000244140625,1410.5,1414.199951171875,141641,0.0,-0.00785749477364539,0.002105709249203756,0.35,0.7,-1,1416.223251688129,1421.4902981051223,43.731716170912435,-3.6778849221923338,-4.266877569012701,1414.589572836892,0.002105709249203756,0,RELIANCE,15m,2026-02-20 04:45:00
1414.0999755859375,1416.0999755859375,1413.0,1414.4000244140625,290804,0.00014147450791646143,-0.0069507997435006574,0.0021069482090954007,0.4,0.65,-1,1416.0496109953608,1421.2122481564534,43.731916423179726,-3.379475005351196,-4.089397056280401,1414.5716986027705,0.0021069482090954007,0,RELIANCE,15m,2026-02-20 05:00:00
1414.800048828125,1420.9000244140625,1414.800048828125,1420.300048828125,266995,0.004171397279568501,-0.0007738677128494853,0.00229388603991011,0.45,0.6,0,1416.4544145984812,1421.1764756337739,55.145114484393474,-2.636508308068187,-3.7988193066379585,1415.205781650156,0.00229388603991011,0,RELIANCE,15m,2026-02-20 05:15:00
1420.300048828125,1421.800048828125,1419.0,1421.5,157851,0.0008448575164559102,0.0004926457966074604,0.002300153821750849,0.5,0.6,0,1416.934946541483,1421.189162863822,59.56864357983055,-1.9286436134880205,-3.4247841680079714,1415.6721606470837,0.002300153821750849,0,RELIANCE,15m,2026-02-20 05:30:00
1421.5,1422.0,1419.0,1420.9000244140625,119504,-0.00042207216738476827,0.002115805027395945,0.002251507760247101,0.55,0.55,0,1417.312573005538,1421.1778241010863,56.90604008740457,-1.3999312230114356,-3.019813579008664,1415.9683566139247,0.002251507760247101,0,RELIANCE,15m,2026-02-20 05:45:00
1420.699951171875,1421.9000244140625,1419.5,1421.300048828125,111995,0.000281528895199612,0.001973950530930635,0.002250687354319168,0.55,0.55,0,1417.6923326076892,1421.182617227637,60.869488299024155,-0.9378334570089919,-2.60341755460873,1416.229669120975,0.002250687354319168,0,RELIANCE,15m,2026-02-20 06:00:00
1421.4000244140625,1423.800048828125,1420.9000244140625,1421.199951171875,109145,-7.042682953017909e-05,0.0019033846823228728,0.0022509087995964947,0.55,0.55,0,1418.026391518564,1421.183296990156,63.2527750508315,-0.5730884852034706,-2.197351740727678,1416.511371487661,0.0022509087995964947,1,RELIANCE,15m,2026-02-20 06:15:00
1421.0999755859375,1422.9000244140625,1420.300048828125,1421.4000244140625,75401,0.00014077768720888173,0.0019032024636056466,0.002250908615094643,0.5,0.55,0,1418.3476898895638,1421.1917961048189,61.75534194575399,-0.26482845110513153,-1.8108470828031689,1416.6761372685817,0.002250908615094643,1,RELIANCE,15m,2026-02-20 06:30:00
1421.5,1424.5,1420.699951171875,1424.0,86206,0.0018291652886450738,0.005365698570276134,0.0022444666189708547,0.55,0.5,0,1418.8860051381769,1421.3019217477672,89.91898170935795,0.1871092685178155,-1.411255812538972,1416.9071811522783,0.0022444666189708547,1,RELIANCE,15m,2026-02-20 06:45:00
1424.0,1426.5,1423.699951171875,1424.5999755859375,303417,0.00042133116989995223,0.007211503814912978,0.002209317467926597,0.6,0.45,1,1419.4301927998683,1421.4312571924013,88.78877618607095,0.5869205284282089,-1.011620544345536,1417.813219554727,0.002209317467926597,0,RELIANCE,15m,2026-02-20 07:00:00
1424.5999755859375,1426.4000244140625,1423.0999755859375,1425.699951171875,511104,0.0007721294432039283,0.006921340906020479,0.0022054539532462662,0.6,0.45,1,1420.0273126448214,1421.5986569563022,87.68423141450039,0.9812217556873293,-0.613052084338963,1418.9721290219413,0.0022054539532462662,1,RELIANCE,15m,2026-02-20 07:15:00
1425.699951171875,1427.300048828125,1423.5,1425.0,331981,-0.0004909526519234486,0.007921877765642016,0.0021730352079858176,0.6,0.4,1,1420.5009019167433,1421.7320429580159,81.06481949641015,1.2231286436106075,-0.2458159387490489,1419.5639532891732,0.0021730352079858176,1,RELIANCE,15m,2026-02-20 07:30:00
1425.0,1425.0,1419.300048828125,1420.0,171854,-0.0035087719298245723,0.005380894544440684,0.0023252874496718207,0.6,0.4,0,1420.4531969722914,1421.6641197047604,59.80385117102886,0.9998576453324404,0.003318778067248951,1419.6507166105314,0.0023252874496718207,1,RELIANCE,15m,2026-02-20 07:45:00
1420.300048828125,1424.5,1419.0,1424.5,697855,0.0031690140845070935,0.007496976733082805,0.002409229578830268,0.6,0.4,1,1420.8386067844542,1421.7753306967306,72.29438373248219,1.1725101948827614,0.23715706143035148,1420.1289903736458,0.002409229578830268,1,RELIANCE,15m,2026-02-20 08:00:00
1424.199951171875,1425.0,1419.5,1420.5,442848,-0.002808002808002863,0.011608068220285706,0.0018810795749925043,0.6,0.35,1,1420.806358519268,1421.7253177282314,61.623664438478585,0.9753290277794804,0.3847914547001773,1420.2695835225086,0.0018810795749925043,0,RELIANCE,15m,2026-02-20 08:15:00
1420.5,1423.699951171875,1418.5,1421.4000244140625,169989,0.0006335969123987262,0.010019167978910115,0.0018418636454980912,0.6,0.35,1,1420.8628981282961,1421.7125611276758,62.58990594455032,0.8815243170365648,0.4841380271674548,1420.3011305229586,0.0018418636454980912,0,RELIANCE,15m,2026-02-20 08:30:00
1421.4000244140625,1425.9000244140625,1420.199951171875,1425.800048828125,390346,0.003095556731734561,0.010918905379670774,0.0018953406700827106,0.6,0.35,1,1421.3331029568512,1421.8728547629876,60.45625435135762,1.1489838351885737,0.6171071887716786,1420.5659132067103,0.0018953406700827106,0,RELIANCE,15m,2026-02-20 08:45:00
1425.9000244140625,1426.0,1420.5999755859375,1422.5,462105,-0.002314524277676422,0.005655708731000297,0.0019123857181601585,0.6,0.35,0,1421.4442360085795,1421.8974486938507,51.76055429951774,1.0821862994721414,0.7101230109117712,1420.7602915629946,0.0019123857181601585,0,RELIANCE,15m,2026-02-20 09:00:00
1422.5,1424.5,1421.0,1424.0,151694,0.0010544815465729496,0.005649717514124353,0.0019122586997491141,0.55,0.35,0,1421.6876421030006,1421.9799016862487,55.29002987163943,1.1371775600991896,0.7955339207492549,1420.8209524927547,0.0019122586997491141,0,RELIANCE,15m,2026-02-20 09:15:00
1424.0,1426.0,1421.5999755859375,1422.0,357727,-0.001404494382022503,0.005515520504481453,0.0019181845082973381,0.6,0.3,0,1421.7173904741433,1421.9806898554154,51.1326017050258,1.007758433124991,0.8379788232244022,1420.9544433423773,0.0019181845082973381,0,RELIANCE,15m,2026-02-20 09:30:00
1421.9000244140625,1422.0,1417.699951171875,1418.5,908831,-0.0024613220815752346,0.0030406229504971183,0.002013467937514911,0.6,0.3,0,1421.4109723337488,1421.8441922140269,46.06421672254134,0.6156749754313751,0.7935180536657969,1420.7604960343983,0.002013467937514911,0,RELIANCE,15m,2026-02-20 09:45:00
1419.0,1420.800048828125,1418.0,1419.4000244140625,579092,0.000634490246078645,0.003535067812284076,0.002016325859571911,0.55,0.3,0,1421.2194534842547,1421.7483424963812,47.142857142857146,0.37326766154615143,0.7094679752418679,1420.6603034761945,0.002016325859571911,0,RELIANCE,15m,2026-02-20 10:00:00
1432.300048828125,1434.9000244140625,1430.0999755859375,1433.199951171875,321681,0.000698226528482726,0.008230707824041561,0.002696579812210984,0.55,0.3,0,1423.306618597655,1422.5912189804637,59.42980284027787,1.9141236256643879,1.02891149604867,1432.7333170572917,0.002696579812210984,0,RELIANCE,15m,2026-02-23 04:00:00
1433.300048828125,1434.0,1429.4000244140625,1429.4000244140625,209702,-0.002651358419811123,0.005982123903126135,0.0027777827271911037,0.5,0.35,0,1423.8869429611223,1422.8582309582519,53.83030937162758,2.1485472398828733,1.2528386448155107,1432.0229880219952,0.0027777827271911037,0,RELIANCE,15m,2026-02-23 04:15:00
1429.5,1431.199951171875,1427.5,1428.5,166626,-0.000629651880992177,0.0050657503162765405,0.002785595923984323,0.5,0.4,0,1424.3262817267296,1423.0794768030264,53.60824742268041,2.2359307765120775,1.449457071154824,1431.317262574093,0.002785595923984323,0,RELIANCE,15m,2026-02-23 04:30:00
1428.5,1429.9000244140625,1425.0999755859375,1427.800048828125,191928,-0.0004899903198284372,0.004644031721791064,0.0027897631666485775,0.45,0.45,0,1424.6571166887672,1423.2645972745988,58.82359439470181,2.2230764080063636,1.604180938525132,1430.5155837502073,0.0027897631666485775,0,RELIANCE,15m,2026-02-23 04:45:00
1427.800048828125,1428.0,1424.5999755859375,1425.800048828125,159748,-0.0014007563605572537,0.003095556731734561,0.0028137066730321665,0.45,0.45,0,1424.7659673687062,1423.364026747286,51.558813369788595,2.0281269579461423,1.6889701424093342,1429.8486651607618,0.0028137066730321665,0,RELIANCE,15m,2026-02-23 05:00:00
1425.9000244140625,1426.699951171875,1422.300048828125,1424.9000244140625,267013,-0.0006312416771216967,0.0006320396166168418,0.002790499551328934,0.4,0.5,0,1424.7787347063593,1423.4242619499048,55.69951709459823,1.7804794075414065,1.7072719954357487,1428.7910504121407,0.002790499551328934,0,RELIANCE,15m,2026-02-23 05:15:00
1424.9000244140625,1427.4000244140625,1424.5,1426.0,206005,0.0007719668517724987,0.000982749149273765,0.00279415171018257,0.4,0.5,0,1424.895045686706,1423.5252712852027,55.92781477997414,1.6539105255324102,1.696599701455081,1428.408943397829,0.00279415171018257,0,RELIANCE,15m,2026-02-23 05:30:00
1426.0,1427.9000244140625,1424.9000244140625,1426.0,221417,0.0,0.00021045720586454486,0.0027890193903822905,0.45,0.45,0,1425.0002794308293,1423.622319470097,50.29062752835304,1.535898888339716,1.6644595388320083,1428.136982246537,0.0027890193903822905,0,RELIANCE,15m,2026-02-23 05:45:00
1426.0,1426.4000244140625,1423.0999755859375,1423.4000244140625,97193,-0.001823264786772416,-0.0011227898848684692,0.0028174859403064085,0.4,0.5,0,1424.8478741911372,1423.6136020169192,51.335354567155306,1.2185310473494155,1.5752738405354898,1427.9344490408685,0.0028174859403064085,0,RELIANCE,15m,2026-02-23 06:00:00
1423.300048828125,1423.5,1419.699951171875,1420.4000244140625,150418,-0.0021076295830716463,0.00028170733384680346,0.0027434672991535655,0.4,0.5,0,1424.4242694504633,1423.4875793658268,44.88637348841887,0.7166783964614751,1.403554751720687,1427.4258544666343,0.0027434672991535655,0,RELIANCE,15m,2026-02-23 06:15:00
1420.4000244140625,1421.9000244140625,1419.199951171875,1421.699951171875,112819,0.000915183564819122,-0.0019656362429799623,0.0026519715929758814,0.4,0.5,0,1424.1648105667882,1423.4174762993975,49.565143548626786,0.4190195834660244,1.2066477180697546,1427.0778073800323,0.0026519715929758814,0,RELIANCE,15m,2026-02-23 06:30:00
1421.800048828125,1424.0,1421.300048828125,1422.5999755859375,151442,0.0006330621403767278,0.001478335505763706,0.002577269707266225,0.4,0.5,0,1424.0157786638501,1423.3854174478893,56.42633828633531,0.25283277915309554,1.015884730286423,1426.7794557874106,0.002577269707266225,0,RELIANCE,15m,2026-02-23 06:45:00
1422.5999755859375,1422.9000244140625,1420.0,1421.300048828125,122495,-0.0009137682975687289,-7.033599565242632e-05,0.002582901218475873,0.4,0.5,0,1423.7571377271142,1423.3036382863297,52.94124316418429,0.016050296186222113,0.8159178434663827,1426.502408468641,0.002582901218475873,0,RELIANCE,15m,2026-02-23 07:00:00
1421.199951171875,1426.199951171875,1421.199951171875,1423.800048828125,437336,0.0017589530107040563,-0.001402721231244075,0.00251497988824477,0.4,0.5,0,1423.7612244986392,1423.3231053664001,30.90910099765844,0.029784244902202772,0.6586911237535468,1426.072330526429,0.00251497988824477,0,RELIANCE,15m,2026-02-23 07:15:00
1423.5999755859375,1424.5999755859375,1422.0999755859375,1423.199951171875,526264,-0.00042147607505982343,0.0004920570628295096,0.0024609922868468045,0.35,0.5,0,1423.7077698960902,1423.3182757901443,26.851694867360663,-0.00766599856706307,0.5254196992894249,1425.6357784907846,0.0024609922868468045,0,RELIANCE,15m,2026-02-23 07:30:00
1423.199951171875,1425.199951171875,1423.0,1424.300048828125,381703,0.0007729747709337431,0.0002107084467168896,0.002455608359525946,0.4,0.5,0,1423.764177413427,1423.3567766935946,36.50801852366159,0.05083708238817053,0.43050317590917403,1425.485188798401,0.002455608359525946,0,RELIANCE,15m,2026-02-23 07:45:00
1424.300048828125,1425.800048828125,1422.9000244140625,1423.199951171875,379191,-0.0007723777424252232,0.0008438475188994321,0.0024404194584838356,0.4,0.55,0,1423.710441580898,1423.3506266731351,36.12559756627552,0.008336411613527162,0.34606982305004463,1425.344850142241,0.0024404194584838356,0,RELIANCE,15m,2026-02-23 08:00:00
1423.199951171875,1423.9000244140625,1420.300048828125,1421.0,644388,-0.0015457779984208164,0.0017624250969334732,0.002399170046080435,0.4,0.55,0,1423.4523042874791,1423.2584452349731,33.495105359216865,-0.2005515169391856,0.23674555505219863,1424.8546412789044,0.002399170046080435,0,RELIANCE,15m,2026-02-23 08:15:00
1421.0,1421.5,1418.5999755859375,1419.9000244140625,195642,-0.0007740855636435562,0.0003522615128925821,0.0024030404144899016,0.4,0.6,0,1423.1139919185823,1423.1267424576827,35.02537441985835,-0.44967200323662837,0.09946204339443325,1424.662496909999,0.0024030404144899016,0,RELIANCE,15m,2026-02-23 08:30:00
1419.5999755859375,1421.5999755859375,1418.5,1421.5999755859375,191524,0.0011972330041873924,-0.007401184155371721,0.00119405111760031,0.4,0.65,0,1422.9697998869017,1423.066869247026,41.951100419207314,-0.5041187636536506,-0.021254118015183524,1424.5097171726368,0.00119405111760031,0,RELIANCE,15m,2026-02-23 08:45:00
1421.5999755859375,1427.5,1421.0,1425.800048828125,518982,0.0029544691293739156,-0.005163203039254438,0.0013907394424499868,0.4,0.65,0,1423.2393474051134,1423.1740527600102,49.57637638880268,-0.2059829610293491,-0.058199886618016644,1424.5333061366894,0.0013907394424499868,0,RELIANCE,15m,2026-02-23 09:00:00
1425.800048828125,1428.199951171875,1425.199951171875,1427.699951171875,274267,0.0013325166774342811,-0.0011893614195819247,0.0013130118438751384,0.45,0.6,0,1423.6641668114717,1423.3515389722402,53.33323759191177,0.1815057660101047,-0.010258756092392372,1424.648975258101,0.0013130118438751384,0,RELIANCE,15m,2026-02-23 09:15:00
1428.0,1428.199951171875,1423.0,1427.300048828125,450677,-0.0002801025127315837,-0.0008400078207034811,0.0013073257935710956,0.45,0.6,0,1424.010441289248,1423.5063824960002,58.369177411158205,0.4511243165709402,0.08201785844027415,1424.7562093716183,0.0013073257935710956,0,RELIANCE,15m,2026-02-23 09:30:00
1427.300048828125,1429.5,1427.300048828125,1429.300048828125,631520,0.0014012470619910733,0.001050567270417968,0.0013411176967042162,0.5,0.55,0,1424.5142134358077,1423.7335850972602,69.95527723189603,0.8167670634024944,0.22896769943271822,1425.111503232604,0.0013411176967042162,0,RELIANCE,15m,2026-02-23 09:45:00
1429.4000244140625,1430.0,1424.5,1428.0,432153,-0.000909570267762061,0.0015429591082445349,0.001317374934186235,0.55,0.55,0,1424.846193108588,1423.9008954856029,64.12563908868964,0.9902238153613325,0.3812189226184411,1425.2501994779982,0.001317374934186235,0,RELIANCE,15m,2026-02-23 10:00:00
1423.4000244140625,1427.300048828125,1421.0999755859375,1421.9000244140625,245206,-0.0008431952726166703,-0.0028751581949071348,0.0015248531715405529,0.55,0.55,0,1424.4151378908311,1423.7922530405956,51.14498837539777,0.4113639117947514,0.44208541118249534,1423.433349609375,0.0015248531715405529,0,RELIANCE,15m,2026-02-24 04:00:00
1421.800048828125,1423.9000244140625,1417.5,1422.300048828125,228825,0.0002813309003404374,-0.0025946361654102246,0.001527535555877326,0.5,0.6,0,1424.2137008372401,1423.733735228342,46.887979415280505,0.19368061487148225,0.3924044519202928,1422.3713660306273,0.001527535555877326,0,RELIANCE,15m,2026-02-24 04:15:00
1422.199951171875,1422.300048828125,1419.0,1420.4000244140625,101634,-0.001335881564250796,-0.0021076295830716463,0.001502767171755053,0.5,0.55,0,1423.8504935588421,1423.6030014709195,44.48833845163088,-0.13064506235673434,0.2877945490648874,1422.0527495890199,0.001502767171755053,0,RELIANCE,15m,2026-02-24 04:30:00
1420.0,1420.800048828125,1415.699951171875,1416.9000244140625,189026,-0.002464094578880194,-0.002464094578880194,0.0015296497797147464,0.5,0.55,0,1423.1885441164823,1423.3401396255526,36.6905685066546,-0.6624598230071115,0.09774367465048764,1421.001503130625,0.0015296497797147464,0,RELIANCE,15m,2026-02-24 04:45:00
1417.0,1417.800048828125,1415.0,1416.699951171875,200904,-0.00014120491124292034,-0.003516916488516819,0.001510055071628636,0.5,0.55,0,1422.5705828836626,1423.0797400783497,37.91817175219183,-1.0875346682155396,-0.13931199392271781,1420.0649096468608,0.001510055071628636,0,RELIANCE,15m,2026-02-24 05:00:00
1416.800048828125,1417.699951171875,1416.0999755859375,1416.4000244140625,131200,-0.00021170803144621164,-0.004358183100151791,0.0014980279173128052,0.45,0.55,0,1421.9829106484626,1422.817790444456,40.800003906269076,-1.4321027393784789,-0.39787014301387,1419.6663803430697,0.0014980279173128052,0,RELIANCE,15m,2026-02-24 05:15:00
1416.699951171875,1418.9000244140625,1415.199951171875,1418.800048828125,159899,0.0016944538073242477,-0.0017589530107040563,0.0015469364387113206,0.5,0.55,0,1421.6797809512875,1422.660231949698,47.90878583794773,-1.4942882807417845,-0.617153770559453,1419.407700917093,0.0015469364387113206,0,RELIANCE,15m,2026-02-24 05:30:00
1418.5,1421.699951171875,1418.199951171875,1420.5999755859375,147028,0.001268626089560021,-0.0022475580365525216,0.001519790612078834,0.5,0.55,0,1421.5769423450636,1422.579437582492,48.10605360016276,-1.3823963192976407,-0.7702022803070905,1419.4871918943975,0.001519790612078834,0,RELIANCE,15m,2026-02-24 05:45:00
1420.5999755859375,1422.4000244140625,1419.199951171875,1419.800048828125,272346,-0.0005630907866815971,-0.0023889140390642716,0.0015216400616066658,0.55,0.55,0,1421.4077143910695,1422.4704419450657,36.95638328362011,-1.3427896940681876,-0.88471976305931,1419.6463490722003,0.0015216400616066658,0,RELIANCE,15m,2026-02-24 06:00:00
1420.0,1421.4000244140625,1419.199951171875,1421.0,162731,0.0008451550433918875,-0.002316961816325236,0.0015239495372794418,0.5,0.55,0,1421.3688844490628,1422.4127775550633,34.97755638274579,-1.2007338150745,-0.9479225734623481,1419.7248451511573,0.0015239495372794418,0,RELIANCE,15m,2026-02-24 06:15:00
1421.0,1422.300048828125,1419.800048828125,1420.4000244140625,276740,-0.0004222206797589445,-0.0019673460187424885,0.0015179980031416803,0.5,0.5,0,1421.276612064777,1422.3338460593377,34.66652922379136,-1.1236141980448338,-0.9830608983788452,1419.8698551368466,0.0015179980031416803,0,RELIANCE,15m,2026-02-24 06:30:00
1421.0,1422.9000244140625,1420.300048828125,1421.9000244140625,382924,0.0010560405338058132,0.0006333739718948905,0.001498701356527087,0.55,0.45,0,1421.335984669471,1422.3168334457976,33.18166937627272,-0.930730005807618,-0.9725947198645998,1420.1503551308638,0.001498701356527087,0,RELIANCE,15m,2026-02-24 06:45:00
1421.800048828125,1424.9000244140625,1421.699951171875,1424.9000244140625,365605,0.0021098529773471153,0.0035213746841531446,0.0015546816130052143,0.6,0.4,0,1421.6754170260988,1422.4181350523963,43.45991995838248,-0.529687063105257,-0.8840131885127313,1420.6204959395714,0.0015546816130052143,0,RELIANCE,15m,2026-02-24 07:00:00
1424.9000244140625,1425.800048828125,1420.5999755859375,1421.5,318532,-0.002386149453159403,-7.032610273949302e-05,0.0016353004285575472,0.6,0.4,0,1421.6587106426607,1422.382129756224,46.39642364223226,-0.48067032834228485,-0.803344616478642,1420.8219525200182,0.0016353004285575472,0,RELIANCE,15m,2026-02-24 07:15:00
1421.5999755859375,1423.5,1421.0999755859375,1423.0999755859375,193931,0.0011255544044583843,-0.001893725031365201,0.00150739346502578,0.55,0.4,0,1421.795973970592,1422.4102805730756,52.65477643703616,-0.30915579905627055,-0.7045068529941677,1420.9221592122549,0.00150739346502578,0,RELIANCE,15m,2026-02-24 07:30:00
1423.199951171875,1425.0,1423.0,1424.0,467134,0.0006324393433370101,-0.0025915467524096902,0.001480418804855448,0.55,0.4,0,1422.0058812114883,1422.4726225113864,53.67957132439202,-0.09945835648181856,-0.5834971536916979,1421.2962199273647,0.001480418804855448,0,RELIANCE,15m,2026-02-24 07:45:00
1424.0,1424.0,1420.5,1420.9000244140625,235565,-0.0021769491474280533,-0.00448400770343782,0.001549765261455317,0.55,0.4,0,1421.9005615164954,1422.4109519977658,51.028814853514454,-0.18132355953662227,-0.5030624348606828,1421.3253123957577,0.001549765261455317,0,RELIANCE,15m,2026-02-24 08:00:00
1420.9000244140625,1422.300048828125,1419.0999755859375,1420.0999755859375,221087,-0.000563057790399335,-0.0064367682976926854,0.0015029111855810553,0.5,0.45,0,1421.7290771421565,1422.3203254718119,57.40734461361093,-0.3072181572272257,-0.4638935793339914,1421.2828816071342,0.0015029111855810553,0,RELIANCE,15m,2026-02-24 08:15:00
1420.0999755859375,1423.9000244140625,1420.0,1422.4000244140625,610945,0.0016196386646483152,-0.003921551530768563,0.0015563067943025403,0.5,0.4,0,1421.7929768823378,1422.3234509205276,62.02555769022761,-0.21887278557073842,-0.4148894205813408,1421.384530499068,0.0015563067943025403,0,RELIANCE,15m,2026-02-24 08:30:00
1422.4000244140625,1428.9000244140625,1422.4000244140625,1427.5999755859375,950606,0.003655758635140005,0.003162110938936147,0.0015872288423564975,0.55,0.35,0,1422.3460243779189,1422.530373456426,69.58043450424688,0.26764887015633576,-0.2783817624338055,1422.1816624946118,0.0015872288423564975,0,RELIANCE,15m,2026-02-24 08:45:00
1427.699951171875,1427.699951171875,1423.300048828125,1426.9000244140625,1084946,-0.0004902992321694777,0.003516421628911859,0.001577431858524111,0.5,0.35,0,1422.7797386670754,1422.7017323175098,65.05583968270535,0.58994011526147,-0.10471738689475042,1422.772801679534,0.001577431858524111,1,RELIANCE,15m,2026-02-24 09:00:00
1426.9000244140625,1428.699951171875,1422.699951171875,1425.5999755859375,999350,-0.0009111001512939199,0.002320134039601074,0.0015956985635817277,0.55,0.35,0,1423.048332659348,1422.8153889162716,59.4697319991862,0.7320169379263461,0.0626294780694689,1423.136743741545,0.0015956985635817277,1,RELIANCE,15m,2026-02-24 09:15:00
1425.800048828125,1427.0999755859375,1424.0999755859375,1424.699951171875,993821,-0.0006313302675896582,0.0030272646324307484,0.0015694956231248882,0.55,0.35,0,1423.2056296605413,1422.889293318452,59.24509876179245,0.7631917951553078,0.2027419414866367,1423.3772203359788,0.0015694956231248882,0,RELIANCE,15m,2026-02-24 09:30:00
1424.5999755859375,1431.699951171875,1424.0999755859375,1430.0,2255903,0.003720115820714076,0.009245518639436012,0.001634728135449178,0.6,0.3,1,1423.8527125500134,1423.1681445608656,64.70583542102156,1.2017151163659037,0.40253657646249014,1424.4295735960904,0.001634728135449178,0,RELIANCE,15m,2026-02-24 09:45:00
1430.0999755859375,1433.300048828125,1429.300048828125,1432.0,935174,0.0013986013986013734,0.010799780726659103,0.0016410949535983687,0.65,0.25,1,1424.6286446881072,1423.5144918329886,68.12489271204868,1.691136919406972,0.6602566450513866,1424.977199339853,0.0016410949535983687,0,RELIANCE,15m,2026-02-24 10:00:00
1433.800048828125,1435.5999755859375,1431.5999755859375,1432.699951171875,226232,-0.000488400467604011,0.009796942391727903,0.0016298159028492716,0.65,0.25,0,1426.153151041632,1424.2471712045808,63.17545415180321,2.45928165760688,1.2611402153351423,1433.2999674479167,0.0016298159028492716,0,RELIANCE,15m,2026-02-25 04:00:00
1432.699951171875,1433.4000244140625,1430.0,1432.9000244140625,148827,0.00013964769247309938,0.00865834790898945,0.0016209133756582017,0.6,0.3,0,1426.7957104104348,1424.5864987814232,71.5907356973427,2.676213322120475,1.5441548366922087,1432.8238153410305,0.0016209133756582017,0,RELIANCE,15m,2026-02-25 04:15:00
1432.5999755859375,1435.0,1431.5999755859375,1433.9000244140625,130059,0.0006978853953254482,0.009930958656872324,0.0016045959694948233,0.6,0.3,0,1427.4723117441135,1424.9517350807423,70.93008951721266,2.895447950191283,1.8144134593920236,1432.9979209966614,0.0016045959694948233,0,RELIANCE,15m,2026-02-25 04:30:00
1433.5999755859375,1434.699951171875,1432.5,1433.0,117085,-0.0006276758482031131,0.008444757213230014,0.001621410549022292,0.6,0.3,0,1427.9987582446743,1425.2673533128702,67.44166240844831,2.9624195949916157,2.044014686511942,1433.0735804107521,0.001621410549022292,0,RELIANCE,15m,2026-02-25 04:45:00
1433.0,1435.800048828125,1432.5999755859375,1435.0,256642,0.0013956734124214165,0.01027877734088345,0.0016225595225214731,0.6,0.3,0,1428.665543173753,1425.6490257319733,78.54209394845438,3.1406746489517445,2.263346678999903,1433.4803945036222,0.0016225595225214731,0,RELIANCE,15m,2026-02-25 05:00:00
1435.0,1435.0,1430.699951171875,1431.0,220559,-0.0027874564459929863,0.006399870194592205,0.001775245673206408,0.55,0.35,0,1428.8878723953003,1425.858867860131,69.53390590613364,2.9254536838327567,2.395768079966474,1433.2302097176062,0.001775245673206408,0,RELIANCE,15m,2026-02-25 05:15:00
1431.0,1431.4000244140625,1429.0999755859375,1430.0999755859375,177579,-0.0006289478784503588,0.0036493445734997465,0.0017351350231137226,0.5,0.4,0,1429.0033107944087,1426.0251858101628,64.52807591321572,2.651697946690774,2.446954053311334,1432.8088234841289,0.0017351350231137226,0,RELIANCE,15m,2026-02-25 05:30:00
1430.0999755859375,1431.699951171875,1428.800048828125,1431.4000244140625,264147,0.0009090614994189394,0.006964491321887145,0.0016316453500631197,0.5,0.4,0,1429.2315692343757,1426.2359637946295,58.40706052651478,2.510705774858252,2.4597043976207176,1432.4359496530903,0.0016316453500631197,0,RELIANCE,15m,2026-02-25 05:45:00
1431.4000244140625,1431.9000244140625,1428.199951171875,1428.5999755859375,177713,-0.001956160947580776,0.0038648022586997843,0.001698527031976559,0.55,0.45,0,1429.171417458334,1426.3286701393868,53.441135480810104,2.1482640724625526,2.397416332589085,1432.1392897604587,0.001698527031976559,0,RELIANCE,15m,2026-02-25 06:00:00
1428.9000244140625,1431.0,1428.5999755859375,1430.199951171875,154778,0.001119960530085562,0.004353898294856107,0.001708614830678923,0.5,0.45,0,1429.2693730500998,1426.4804850818373,59.19981640893933,1.9674515139370214,2.3114233688586725,1431.9570558387438,0.001708614830678923,0,RELIANCE,15m,2026-02-25 06:15:00
1430.199951171875,1430.199951171875,1428.5999755859375,1429.699951171875,88998,-0.0003496014662777158,0.006193206141608343,0.0016203483905165629,0.5,0.4,0,1429.310380490269,1426.6067386539958,60.16246042694243,1.7634821132241996,2.201835117731778,1431.845634988913,0.0016203483905165629,0,RELIANCE,15m,2026-02-25 06:30:00
1430.0,1430.199951171875,1427.4000244140625,1428.5,282508,-0.0008393027997877223,0.005915093696552409,0.0016293347079186424,0.5,0.4,0,1429.2332013959576,1426.6809841969764,46.34150698472055,1.487857764331011,2.059039647051625,1431.4498135727954,0.0016293347079186424,0,RELIANCE,15m,2026-02-25 06:45:00
1428.5,1429.199951171875,1424.300048828125,1424.800048828125,167892,-0.0025900953250787007,0.0016873062238951242,0.0017188262183477877,0.45,0.45,0,1428.8109963894974,1426.607222025649,33.784036422821444,0.9598043175635667,1.8391925811540135,1431.0775876733117,0.0017188262183477877,0,RELIANCE,15m,2026-02-25 07:00:00
1424.800048828125,1424.9000244140625,1416.0999755859375,1416.5999755859375,484605,-0.005755244919406044,-0.007705239694673738,0.0019611473721656064,0.4,0.5,0,1427.6480420272537,1426.2147809887977,21.03464242118112,-0.11898760811322973,1.4475565433005648,1429.0911524704866,0.0019611473721656064,0,RELIANCE,15m,2026-02-25 07:15:00
1416.5,1418.0,1410.0999755859375,1412.4000244140625,586122,-0.0029648109870521466,-0.010161889236741883,0.002044437899750699,0.4,0.55,0,1426.1958498736167,1425.6730258290042,18.769460751724935,-1.2978778130739101,0.89846967202567,1426.4680228082475,0.002044437899750699,0,RELIANCE,15m,2026-02-25 07:30:00
1412.699951171875,1414.699951171875,1411.0,1414.0999755859375,331862,0.0012035904435645506,-0.008066779038259586,0.002076949822366684,0.35,0.5,0,1425.0438618462188,1425.219180721433,22.35286937040442,-2.07111046919772,0.30455364378099203,1425.3198344844059,0.002076949822366684,0,RELIANCE,15m,2026-02-25 07:45:00
1414.0,1414.5,1407.300048828125,1409.199951171875,719818,-0.0034651188025317525,-0.010879483772881837,0.002187097460265629,0.35,0.55,0,1423.5349179724717,1424.5909756410583,17.414172386360335,-3.044202270197502,-0.36519753901470686,1422.941325103906,0.002187097460265629,-1,RELIANCE,15m,2026-02-25 08:00:00
1409.0999755859375,1410.5999755859375,1407.300048828125,1410.300048828125,172943,0.0007806540550439056,-0.013776189630681834,0.0019737940367855647,0.3,0.55,0,1422.2744542444386,1424.0305471385905,20.210114188314606,-3.6841472896253435,-1.0289874891368342,1422.4439398808695,0.0019737940367855647,-1,RELIANCE,15m,2026-02-25 08:15:00
1410.5999755859375,1411.5,1408.4000244140625,1409.5,185137,-0.0005672897967987645,-0.015712290502793325,0.0019122190070446272,0.3,0.55,0,1421.0578395544921,1423.4607217606065,15.447291637720568,-4.207365689544531,-1.6646631292183738,1421.965579459716,0.0019122190070446272,-1,RELIANCE,15m,2026-02-25 08:30:00
1409.300048828125,1414.800048828125,1407.9000244140625,1414.800048828125,702781,0.003760233294164639,-0.012976123391333583,0.002135745354232264,0.3,0.6,-1,1420.4618594853143,1423.12108752796,28.795983843341773,-4.146551530091756,-2.16104080939305,1420.776898321303,0.002135745354232264,-1,RELIANCE,15m,2026-02-25 08:45:00
1414.699951171875,1414.699951171875,1407.4000244140625,1409.800048828125,1243636,-0.003534068297595505,-0.015983739180711942,0.0022300649749031043,0.3,0.6,-1,1419.4464489465342,1422.5986938534568,26.004911650886086,-4.450511359237453,-2.618934919361931,1418.9325950350462,0.0022300649749031043,-1,RELIANCE,15m,2026-02-25 09:00:00
1409.699951171875,1410.0999755859375,1403.0999755859375,1403.5,470173,-0.004468753447243734,-0.020517847660784794,0.0023617381148476166,0.3,0.6,-1,1417.927739523055,1421.8497254670467,20.507480328169237,-5.140506444039829,-3.1232492242975107,1418.0729201017346,0.0023617381148476166,-1,RELIANCE,15m,2026-02-25 09:15:00
1403.699951171875,1404.5,1398.199951171875,1400.699951171875,953781,-0.0019950472590843926,-0.02315368761901937,0.0023344479425241793,0.25,0.65,-1,1416.2869977753235,1421.0203225535106,20.507480328169237,-5.845885332165153,-3.6677764458710396,1416.1178223848747,0.0023344479425241793,-1,RELIANCE,15m,2026-02-25 09:30:00
1400.699951171875,1401.699951171875,1393.5,1399.699951171875,1230652,-0.0007139287747981449,-0.02323799639087576,0.0023334766447727865,0.25,0.7,-1,1414.7072790511854,1420.1842295581523,17.344890320152246,-6.411684913093268,-4.216558139315485,1413.8083261672239,0.0023334766447727865,-1,RELIANCE,15m,2026-02-25 09:45:00
1399.800048828125,1400.9000244140625,1397.699951171875,1400.699951171875,688650,0.0007144388332389617,-0.023902473050958162,0.0022987319065524477,0.2,0.7,-1,1413.3732478245843,1419.4201402096708,19.279788136469904,-6.702135468941833,-4.713673605240755,1412.8587400283764,0.0022987319065524477,-1,RELIANCE,15m,2026-02-25 10:00:00
1404.0,1404.199951171875,1397.0,1402.199951171875,372760,-0.0009974525779526955,-0.01950914264062653,0.002376855379402059,0.25,0.7,-1,1411.4669829618124,1418.148769423442,25.751146037982963,-6.59539502916391,-5.395346569933325,1401.13330078125,0.002376855379402059,-1,RELIANCE,15m,2026-02-26 04:00:00
1402.300048828125,1403.0,1400.4000244140625,1401.800048828125,172837,-0.0002851963754639808,-0.02067903806139315,0.0023415882323703013,0.2,0.65,-1,1410.5463225681278,1417.5076431255864,30.928013440259747,-6.531307873880451,-5.622538830722751,1401.323389887051,0.0023415882323703013,-1,RELIANCE,15m,2026-02-26 04:15:00
1402.0999755859375,1402.0999755859375,1397.0,1399.5,202788,-0.0016407823855105752,-0.02036957586675181,0.0023361610760246386,0.15,0.65,-1,1409.4942918473537,1416.8014610422301,32.52041933659072,-6.590145959319216,-5.816060256442044,1400.8383405625611,0.0023361610760246386,-1,RELIANCE,15m,2026-02-26 04:30:00
1399.800048828125,1404.0,1399.800048828125,1403.0999755859375,156951,0.0025723298220345914,-0.018948382401867914,0.002427174099859227,0.2,0.65,-1,1408.8853093462665,1416.2641478870814,35.82484930093251,-6.273965256333895,-5.907641256420414,1401.0917384034026,0.002427174099859227,-1,RELIANCE,15m,2026-02-26 04:45:00
1403.0999755859375,1403.4000244140625,1400.5,1402.0,126047,-0.0007839609472434228,-0.019374660500736773,0.002423428849398051,0.2,0.65,-1,1408.2295655990029,1415.7047695385686,39.71442721521195,-6.0424944929716276,-5.934611903730657,1401.1986658091992,0.002423428849398051,0,RELIANCE,15m,2026-02-26 05:00:00
1402.0,1403.800048828125,1400.300048828125,1403.0,137021,0.0007132667617688604,-0.01785089254462724,0.002452692975587916,0.25,0.65,-1,1407.7315117324313,1415.2065432821541,39.541521220558096,-5.712510339420305,-5.890191590868587,1401.3356433493395,0.002452692975587916,0,RELIANCE,15m,2026-02-26 05:15:00
1403.0,1405.0,1401.0999755859375,1404.5,177112,0.0010691375623663735,-0.014247647482059977,0.0024562538593312006,0.3,0.6,-1,1407.423748710295,1414.7866788397166,42.977547353550314,-5.269217793595999,-5.7659968314140695,1401.624927034635,0.0024562538593312006,0,RELIANCE,15m,2026-02-26 05:30:00
1404.699951171875,1406.800048828125,1404.5,1406.800048828125,150786,0.0016376282151120414,-0.006917921026900364,0.002200710017295865,0.35,0.55,0,1407.364348721517,1414.4734776627915,37.730098105294694,-4.678381074326808,-5.548473679996618,1402.0691761638575,0.002200710017295865,0,RELIANCE,15m,2026-02-26 05:45:00
1406.5,1409.0999755859375,1405.0,1405.0,548898,-0.0012795342377365237,-0.0052393261725780516,0.0021261085518388327,0.4,0.5,0,1407.139172652801,1414.101968734839,41.836692326216756,-4.30575356746408,-5.299929657490111,1403.22254966037,0.0021261085518388327,0,RELIANCE,15m,2026-02-26 06:00:00
1405.0999755859375,1405.699951171875,1392.0999755859375,1398.800048828125,1204263,-0.004412776634786453,-0.010819550966665537,0.002287349514027881,0.4,0.55,0,1406.3449703837844,1413.5018934443797,41.97961887462192,-4.459323522322848,-5.131808430456658,1401.6082403046507,0.002287349514027881,0,RELIANCE,15m,2026-02-26 06:15:00
1399.0999755859375,1401.699951171875,1395.9000244140625,1398.800048828125,706936,0.0,-0.00738000475738132,0.0021830840000514776,0.4,0.5,0,1405.6264064261024,1412.9253505182521,46.415278596698116,-4.528823361345303,-5.011211416634387,1401.106460677533,0.0021830840000514776,0,RELIANCE,15m,2026-02-26 06:30:00
1398.699951171875,1404.199951171875,1398.699951171875,1400.0,700258,0.0008578432442007955,-0.007303444991499264,0.0021852887587488342,0.45,0.5,0,1405.090558195045,1412.4184740273404,50.56189021881258,-4.43594167893275,-4.896157469094059,1401.0854338616612,0.0021852887587488342,0,RELIANCE,15m,2026-02-26 06:45:00
1400.5,1405.800048828125,1395.4000244140625,1403.9000244140625,686042,0.002785731724330276,-0.003973022764056422,0.0022947625954581703,0.45,0.55,0,1404.9771740254278,1412.0844171797607,55.40553358379763,-4.001506029437451,-4.7172271811627375,1401.1643528714676,0.0022947625954581703,0,RELIANCE,15m,2026-02-26 07:00:00
1404.0999755859375,1408.5,1403.0,1406.0999755859375,797005,0.0015670283735433888,-0.006149330606394665,0.0021431218398272217,0.45,0.5,0,1405.084107507381,1411.8497331956892,54.325274131143665,-3.4400403298891433,-4.4617898109080185,1401.774766845871,0.0021431218398272217,0,RELIANCE,15m,2026-02-26 07:15:00
1406.199951171875,1406.300048828125,1398.9000244140625,1406.0,1120566,-7.110133537679975e-05,-0.0026954523311896184,0.002003981233641514,0.45,0.5,0,1405.171335363821,1411.6203318938976,56.88418296490902,-2.968918072655015,-4.163215463257418,1402.0770600625362,0.002003981233641514,0,RELIANCE,15m,2026-02-26 07:30:00
1406.0,1406.0,1400.5,1402.5,292713,-0.0024893314366998265,-0.0007125044531528513,0.0018189159792834954,0.45,0.45,0,1404.9169224720285,1411.2626718196273,51.139987435087924,-2.8451736480683394,-3.899607100219603,1402.1128282508023,0.0018189159792834954,0,RELIANCE,15m,2026-02-26 07:45:00
1402.5,1404.699951171875,1401.4000244140625,1402.0999755859375,272319,-0.00028522239861850096,0.000999517714619147,0.0017611614652993284,0.45,0.4,0,1404.6486418162103,1410.9033503986984,54.513857982698184,-2.7477100362168585,-3.6692276874190544,1402.134421141568,0.0017611614652993284,0,RELIANCE,15m,2026-02-26 08:00:00
1402.300048828125,1403.5999755859375,1400.5999755859375,1402.199951171875,325630,7.130417778933307e-05,0.0017860970830976264,0.0017519297848363343,0.45,0.4,0,1404.4154331834166,1410.5620406250976,48.221290475110614,-2.6320614612588997,-3.4617944421870233,1402.1343763831367,0.0017519297848363343,0,RELIANCE,15m,2026-02-26 08:15:00
1402.199951171875,1406.9000244140625,1401.800048828125,1404.0999755859375,991056,0.0013550310085765904,0.0024273752642154367,0.0017696993737076143,0.5,0.4,0,1404.3853896027044,1410.3086263098364,54.02294549859456,-2.359889701850534,-3.2414134941197257,1402.3655334585674,0.0017696993737076143,0,RELIANCE,15m,2026-02-26 08:30:00
1404.0999755859375,1406.5999755859375,1401.300048828125,1405.800048828125,261789,0.0012107921599229243,0.001567450328053166,0.001729897040543401,0.45,0.4,0,1404.5201190527446,1410.1318193497693,55.22396217649149,-1.984138011178402,-2.989958397531461,1402.4268108424046,0.001729897040543401,0,RELIANCE,15m,2026-02-26 08:45:00
1405.800048828125,1406.5999755859375,1402.300048828125,1405.0,793291,-0.0005691057051760984,0.0019968969659318603,0.0017184726586179453,0.45,0.35,0,1404.5658220001023,1409.9305715321314,50.95785082221765,-1.7309559604889273,-2.7381579101229545,1402.5984700771148,0.0017184726586179453,0,RELIANCE,15m,2026-02-26 09:00:00
1405.0,1410.699951171875,1405.0,1408.0,916179,0.002135231316725994,0.00442284987581365,0.0017741580258265595,0.5,0.35,0,1404.892886571521,1409.854862844597,52.238710794093265,-1.2735517217947745,-2.4452366724573187,1403.0355282538521,0.0017741580258265595,0,RELIANCE,15m,2026-02-26 09:15:00
1408.0,1412.9000244140625,1404.5,1405.5,2452380,-0.0017755681818182323,0.004287245444801746,0.0017818464207606203,0.55,0.35,0,1404.9507068980429,1409.6840839095146,50.909090909090914,-1.1001033670140714,-2.1762100113686693,1403.8667161656483,0.0017818464207606203,0,RELIANCE,15m,2026-02-26 09:30:00
1405.5,1408.800048828125,1401.699951171875,1406.5999755859375,2063600,0.0007826222596496457,0.0024944765596894847,0.0017003274670305609,0.5,0.4,0,1405.1077801064139,1409.5631384850606,67.41053182271486,-0.8639266506636432,-1.9137533392276642,1404.1087721372553,0.0017003274670305609,0,RELIANCE,15m,2026-02-26 09:45:00
1406.699951171875,1409.5999755859375,1406.0999755859375,1406.800048828125,401687,0.00014223890634168512,0.003423715283969342,0.0016867999915853595,0.55,0.4,0,1405.2689485561007,1409.4547820279258,67.69903856540996,-0.6530823361897546,-1.6616191386200823,1404.19374621587,0.0016867999915853595,0,RELIANCE,15m,2026-02-26 10:00:00
1390.800048828125,1394.9000244140625,1389.699951171875,1393.0999755859375,391967,0.001509687696576112,-0.008116784915672803,0.0030622839660744707,0.45,0.4,0,1402.880474837555,1408.1180811837046,34.74575686728873,-2.405733482599544,-1.823119128195176,1392.566650390625,0.0030622839660744707,0,RELIANCE,15m,2026-02-27 04:00:00
1393.199951171875,1393.9000244140625,1391.199951171875,1391.699951171875,161468,-0.0010049705251582441,-0.010733648800217543,0.003026405383212223,0.4,0.4,0,1401.8156630598714,1407.4742329479466,29.190848312723816,-3.0109197872104687,-2.060679259998235,1392.4791212064752,0.003026405383212223,0,RELIANCE,15m,2026-02-27 04:15:00
1390.5999755859375,1393.800048828125,1390.5,1393.800048828125,194644,0.0015090161169306615,-0.007971495495996406,0.0030544074535669365,0.35,0.45,0,1401.0522712282766,1406.9379904334437,33.33355568155288,-3.283226967393375,-2.305188801477263,1392.536600520765,0.0030544074535669365,0,RELIANCE,15m,2026-02-27 04:30:00
1393.800048828125,1397.5,1393.0,1396.800048828125,312253,0.00215238907655535,-0.001429796918920312,0.0029509913874483417,0.4,0.4,0,1400.6472976663574,1406.5404240959804,42.10540553335092,-3.2198411174808825,-2.4881192646779873,1393.487814788088,0.0029509913874483417,0,RELIANCE,15m,2026-02-27 04:45:00
1396.699951171875,1401.9000244140625,1396.0999755859375,1399.699951171875,309005,0.0020761041254135915,0.0006433387992115236,0.00298974671456605,0.45,0.4,0,1400.5570741906924,1406.2721702558194,46.891177782064624,-2.902155251894328,-2.5709264621212555,1394.784346561271,0.00298974671456605,0,RELIANCE,15m,2026-02-27 05:00:00
1399.5999755859375,1401.0,1397.9000244140625,1401.0,239211,0.0009288053679195052,0.0007142857142856673,0.0029908147611093514,0.4,0.4,0,1400.5992576011026,1406.0654184810815,48.49253474991105,-2.5164754763065957,-2.560036264958324,1395.5550229237024,0.0029908147611093514,0,RELIANCE,15m,2026-02-27 05:15:00
1401.0,1402.5,1400.5,1402.4000244140625,166785,0.0009993036502944364,-0.0010684521503773192,0.0029305653162570266,0.4,0.35,0,1400.770759202337,1405.9216775372768,47.837228372283725,-2.0739440695097073,-2.462817825868601,1396.1417127779268,0.0029305653162570266,0,RELIANCE,15m,2026-02-27 05:30:00
1402.4000244140625,1404.0,1401.199951171875,1402.0999755859375,249999,-0.00021395380982713874,-0.002844747933612002,0.002905818836493677,0.4,0.35,0,1400.8973512388707,1405.7718068725185,45.118671472144655,-1.7275322576590497,-2.3157607122266906,1396.918322609668,0.002905818836493677,0,RELIANCE,15m,2026-02-27 05:45:00
1402.0999755859375,1402.5,1401.0,1401.4000244140625,148878,-0.0004992163070129951,-0.0032716753811788957,0.00290687368233732,0.4,0.35,0,1400.9452248746034,1405.6003644231673,45.23814906074101,-1.4922765753881322,-2.151063884858979,1397.2411812930932,0.00290687368233732,0,RELIANCE,15m,2026-02-27 06:00:00
1401.4000244140625,1404.699951171875,1398.5,1404.5999755859375,490786,0.0022833959726902275,0.0014973087956773323,0.0029014691375310385,0.45,0.4,0,1401.2932963709209,1405.561133488374,45.52629803692294,-1.0356866843951593,-1.9279884447662152,1398.2280575269815,0.0029014691375310385,0,RELIANCE,15m,2026-02-27 06:15:00
1404.5999755859375,1407.4000244140625,1403.699951171875,1406.5999755859375,480360,0.0014238929480014928,0.003209471562910071,0.0029153182673908253,0.5,0.4,0,1401.7986943913986,1405.6018723941609,51.46662934039928,-0.5066127050199611,-1.6437132968169645,1399.3997171000092,0.0029153182673908253,0,RELIANCE,15m,2026-02-27 06:30:00
1406.800048828125,1407.199951171875,1404.300048828125,1405.699951171875,147710,-0.0006398581186435326,0.002496077679274622,0.002920843892661925,0.5,0.35,0,1402.170242656206,1405.605718620738,48.793538484698736,-0.1581195097080581,-1.3465945393951833,1399.683809811692,0.002920843892661925,0,RELIANCE,15m,2026-02-27 06:45:00
1405.699951171875,1410.199951171875,1405.0999755859375,1408.5,520364,0.001991924966484371,0.0031336973795090817,0.002938336880934476,0.5,0.35,0,1402.7730766889483,1405.7192198512973,52.13025680562439,0.34008411974241426,-1.0092588075676638,1400.809500424504,0.002938336880934476,0,RELIANCE,15m,2026-02-27 07:00:00
1408.800048828125,1408.800048828125,1405.0,1406.300048828125,160387,-0.001561910665157984,0.00035566935740027894,0.002951558600230512,0.5,0.35,0,1403.1089787974413,1405.7419974582317,79.08749129728476,0.5510443157752434,-0.6971981828990825,1401.047247853826,0.002951558600230512,0,RELIANCE,15m,2026-02-27 07:15:00
1406.0999755859375,1407.5,1404.300048828125,1405.699951171875,111147,-0.00042672092399487216,0.0004981858874555378,0.0029502293641042376,0.5,0.4,0,1403.355738071197,1405.740348584257,75.40300153079055,0.6621757752361646,-0.4253233912720331,1401.1774715333472,0.0029502293641042376,0,RELIANCE,15m,2026-02-27 07:30:00
1405.9000244140625,1406.300048828125,1405.0999755859375,1406.0,84897,0.000213451546238419,-0.0014204545454545858,0.002909029469773514,0.45,0.4,0,1403.607572540607,1405.7505309927176,80.16863076352548,0.765633938878409,-0.1871319252419447,1401.2715848599369,0.002909029469773514,0,RELIANCE,15m,2026-02-27 07:45:00
1405.9000244140625,1407.300048828125,1405.300048828125,1405.699951171875,99313,-0.00021340599439900743,0.00014226337379930065,0.0028815830497921184,0.45,0.35,0,1403.8068466959658,1405.7485474703317,77.16854508767823,0.8140302125495964,0.013100502316363533,1401.3839077610946,0.0028815830497921184,0,RELIANCE,15m,2026-02-27 08:00:00
1405.5,1406.9000244140625,1404.199951171875,1406.699951171875,221593,0.0007113893680983363,7.10760611921657e-05,0.002880623092535502,0.45,0.35,0,1404.0823804555762,1405.7858574194117,74.87394339414313,0.9224429031746695,0.19496898248802472,1401.6083940127403,0.002880623092535502,0,RELIANCE,15m,2026-02-27 08:15:00
1406.699951171875,1409.4000244140625,1406.0,1406.9000244140625,134098,0.00014222879727898707,7.106595284867012e-05,0.0028806230676532677,0.45,0.35,0,1404.3507274992417,1405.8295502427313,70.93005925978497,1.0128297097000996,0.3585411279304397,1401.7772886497942,0.0028806230676532677,0,RELIANCE,15m,2026-02-27 08:30:00
1406.800048828125,1408.5999755859375,1406.300048828125,1407.699951171875,138654,0.0005685739881522434,0.01200571615519408,0.001140316993030604,0.45,0.3,0,1404.6697011823496,1405.9028992987762,70.05949944447693,1.1359151859805934,0.5140159395404704,1401.9448323273111,0.001140316993030604,0,RELIANCE,15m,2026-02-27 08:45:00
1407.699951171875,1408.0,1403.5,1404.199951171875,180760,-0.002486325297579417,0.007967824119204936,0.0013095935686684302,0.45,0.35,0,1404.6249630861141,1405.83611701929,54.786995734070935,0.9402024943371998,0.5992532504998164,1402.0650574399697,0.0013095935686684302,0,RELIANCE,15m,2026-02-27 09:00:00
1403.9000244140625,1406.5,1403.0,1403.4000244140625,194740,-0.0005696672736278385,0.00840703718666913,0.0012885019127900836,0.45,0.4,0,1404.5083022602046,1405.7405839759476,53.36799362453038,0.7123399604397491,0.621870592487803,1402.1497495376132,0.0012885019127900836,0,RELIANCE,15m,2026-02-27 09:15:00
1403.4000244140625,1405.5,1394.0999755859375,1394.4000244140625,1386170,-0.006412996895705181,0.0004304602991238582,0.001972202868390829,0.45,0.4,0,1403.5456091320007,1405.2958561499913,37.31888544891641,-0.19225136908607965,0.45904620017302644,1401.2682029162734,0.001972202868390829,0,RELIANCE,15m,2026-02-27 09:30:00
1394.0999755859375,1395.4000244140625,1390.5,1392.5,3112719,-0.0013626107148563271,-0.0030784999125197388,0.0019286286326902612,0.4,0.45,0,1402.4936463575245,1404.7940578695996,26.99639361154044,-1.0503547700461695,0.15716600612918724,1398.5332618085176,0.0019286286326902612,0,RELIANCE,15m,2026-02-27 09:45:00
1392.4000244140625,1394.9000244140625,1392.0999755859375,1394.800048828125,1828667,0.0016517406306104654,-0.003500680513454091,0.0019050109184425789,0.35,0.45,0,1401.760922783296,1404.4021359464045,27.819869762148414,-1.5272084708906277,-0.17970888927477577,1397.7996767893233,0.0019050109184425789,0,RELIANCE,15m,2026-02-27 10:00:00
1369.0999755859375,1376.9000244140625,1366.0,1376.199951171875,879721,0.004892260804582049,-0.018682310885679065,0.0046069764772634515,0.3,0.5,0,1396.546691777752,1401.9811316519986,20.582911980646685,-5.183026690175893,-1.7758822633277291,1373.0333251953125,0.0046069764772634515,0,RELIANCE,15m,2026-03-02 04:00:00
1376.5,1378.199951171875,1372.0,1374.5999755859375,418549,-0.0011626040130107151,-0.019613437328894978,0.004604073561570611,0.3,0.5,0,1394.4565283309125,1400.9073608258784,20.810337501995164,-6.255525585616169,-2.671810927785417,1373.6458605598198,0.004604073561570611,0,RELIANCE,15m,2026-03-02 04:15:00
1374.5,1376.300048828125,1369.800048828125,1370.9000244140625,394222,-0.0026916566547281473,-0.02176394995622488,0.004618108986878427,0.3,0.5,0,1392.2130517674032,1399.7306025352188,19.68648784295044,-7.319667257172114,-3.601382193662757,1373.3401509509438,0.004618108986878427,0,RELIANCE,15m,2026-03-02 04:30:00
1370.5999755859375,1370.5999755859375,1364.0999755859375,1366.0,883110,-0.003574312004375968,-0.027481116514924686,0.004578526744447842,0.25,0.5,0,1389.716570646698,1398.4078338083475,17.741935483870975,-8.460866613989765,-4.573279077728159,1371.1319774521567,0.004578526744447842,0,RELIANCE,15m,2026-03-02 04:45:00
1366.0999755859375,1366.199951171875,1363.4000244140625,1365.5,392938,-0.00036603221083453263,-0.029219377434452687,0.004538103160599707,0.2,0.55,0,1387.4102305851077,1397.1173305217455,17.684901342774495,-9.29843458170717,-5.518310178523961,1370.3247145483385,0.004538103160599707,0,RELIANCE,15m,2026-03-02 05:00:00
1365.4000244140625,1366.300048828125,1363.5,1364.5999755859375,283769,-0.0006591171102617865,-0.02923808566093644,0.004537919384643719,0.25,0.55,0,1385.2378253470915,1395.8421401321061,16.103065912097534,-9.920480554326105,-6.398744253684391,1369.8426753530011,0.004537919384643719,0,RELIANCE,15m,2026-03-02 05:15:00
1364.5,1367.199951171875,1364.4000244140625,1365.0,365866,0.0002931440870725943,-0.030883919062832832,0.004485249008069371,0.25,0.55,0,1383.3104134092732,1394.632644440651,16.372332525408495,-10.262873821161293,-7.171570167179771,1369.4069184576622,0.004485249008069371,0,RELIANCE,15m,2026-03-02 05:30:00
1364.9000244140625,1365.800048828125,1362.199951171875,1363.199951171875,452706,-0.0013187170902014822,-0.03064786756721327,0.004485566549486301,0.25,0.55,0,1381.3951312914257,1393.3999898026595,14.849948124978312,-10.557768465841036,-7.848809826912024,1368.7759804873417,0.004485566549486301,-1,RELIANCE,15m,2026-03-02 05:45:00
1363.199951171875,1365.199951171875,1358.5999755859375,1363.0,897808,-0.00014667780152366472,-0.030376291281989265,0.004489677985145215,0.25,0.55,0,1379.6432140255756,1392.2078333398103,15.666707356770843,-10.684445349704447,-8.415936931470508,1367.5997877447785,0.004489677985145215,-1,RELIANCE,15m,2026-03-02 06:00:00
1362.9000244140625,1364.699951171875,1362.5,1362.9000244140625,214440,-7.334965952865424e-05,-0.03065432118487732,0.004484265994653204,0.25,0.55,0,1378.048624538765,1391.058507499585,15.851630141667314,-10.669908819988905,-8.866731309174188,1367.424651793289,0.004484265994653204,-1,RELIANCE,15m,2026-03-02 06:15:00
1362.800048828125,1363.0999755859375,1360.0,1360.0999755859375,251905,-0.002054478522244385,-0.032439337817378955,0.004474359775704572,0.2,0.6,-1,1376.3392294004002,1389.84444742454,17.7024616318311,-10.760291116956978,-9.245443270730746,1367.1299687529736,0.004474359775704572,-1,RELIANCE,15m,2026-03-02 06:30:00
1360.199951171875,1361.4000244140625,1357.5999755859375,1359.0,345476,-0.0008087461257865192,-0.033909115538205414,0.0044451676961705,0.2,0.6,-1,1374.6878742194097,1388.6348612510287,17.97326125823332,-10.79622639788181,-9.55559989616096,1366.663997684982,0.0044451676961705,-1,RELIANCE,15m,2026-03-02 06:45:00
1359.0999755859375,1360.0,1355.0,1357.5,646751,-0.001103752759381904,-0.03511267578137711,0.004426476684142416,0.15,0.65,-1,1373.0509338175611,1387.413886300008,13.786360361043691,-10.821005020852908,-9.80868092109935,1365.7418592084587,0.004426476684142416,-1,RELIANCE,15m,2026-03-02 07:00:00
1357.5999755859375,1358.0,1353.199951171875,1354.800048828125,920589,-0.0019889143070902504,-0.037578961553356716,0.0043919808795849676,0.15,0.7,-1,1371.3127542947577,1386.134912281503,24.56747258688563,-10.9324828956278,-10.03344131600504,1364.4378077611839,0.0043919808795849676,-1,RELIANCE,15m,2026-03-02 07:15:00
1354.699951171875,1355.0999755859375,1351.300048828125,1353.0,709769,-0.0013286453817904498,-0.03646200893907314,0.004391532131517739,0.15,0.7,-1,1369.5686824571617,1384.8355039567382,1.6667683919270786,-11.038830049953049,-10.234519062794643,1363.4420347252453,0.004391532131517739,-1,RELIANCE,15m,2026-03-02 07:30:00
1353.0,1353.800048828125,1350.5,1350.800048828125,529586,-0.0016259801713783828,-0.037480386682976374,0.00438171265013291,0.15,0.7,-1,1367.7811935401107,1383.5007802262044,1.6261171181453165,-11.171846517338054,-10.421984553703325,1362.7178875827378,0.00438171265013291,-1,RELIANCE,15m,2026-03-02 07:45:00
1351.0,1352.4000244140625,1347.800048828125,1350.300048828125,626261,-0.00037015100823678537,-0.03162648796170853,0.004260740553926065,0.15,0.7,-1,1366.1163226151598,1382.198790759613,1.8692708303623817,-11.188633247997814,-10.575314292562222,1361.8647542798642,0.004260740553926065,0,RELIANCE,15m,2026-03-02 08:00:00
1350.0,1350.5,1346.5,1347.0999755859375,833709,-0.00236989789414932,-0.032603249130386036,0.004263777982754565,0.15,0.7,-1,1364.30524194571,1380.8223666351553,2.03057323262054,-11.329555950905615,-10.726162624230902,1360.7170299781922,0.004263777982754565,0,RELIANCE,15m,2026-03-02 08:15:00
1347.0,1351.0,1341.5999755859375,1346.300048828125,963200,-0.0005938139501966422,-0.034772009106788015,0.0042014444623905,0.2,0.75,-1,1362.590461648797,1379.468550250566,2.0001220703125,-11.374665548383746,-10.855863209061472,1359.4558126775594,0.0042014444623905,0,RELIANCE,15m,2026-03-02 08:30:00
1346.5999755859375,1354.9000244140625,1346.5999755859375,1352.800048828125,1052089,0.00482804706547979,-0.012194195817360365,0.0021042621964521974,0.25,0.7,0,1361.6580413801616,1378.4227266653725,26.953246072050163,-10.761863488876315,-10.83706326502444,1358.7560928568873,0.0021042621964521974,0,RELIANCE,15m,2026-03-02 08:45:00
1352.699951171875,1353.5999755859375,1345.5,1350.699951171875,1017158,-0.0015524080281259511,-0.018529284191796447,0.0016646789232750703,0.25,0.75,0,1360.6144137412773,1377.3355589989608,23.809481224456945,-10.32663475399022,-10.734977562817596,1358.0699747668984,0.0016646789232750703,0,RELIANCE,15m,2026-03-02 09:00:00
1351.4000244140625,1359.699951171875,1350.699951171875,1358.0999755859375,1859233,0.005478658977992934,-0.012003492138115801,0.0021945944570215467,0.25,0.75,0,1360.3749434407687,1376.5812223945286,42.249282976584034,-9.277645794721138,-10.443511209198304,1357.8330912251877,0.0021945944570215467,0,RELIANCE,15m,2026-03-02 09:15:00
1358.4000244140625,1360.699951171875,1354.0999755859375,1359.199951171875,1774886,0.0008099371222378693,-0.008534592628071658,0.0021584335624550664,0.3,0.7,0,1360.2630394151597,1375.899603915209,44.37863411463036,-8.262312850606804,-10.007271537480005,1357.8508114846672,0.0021584335624550664,-1,RELIANCE,15m,2026-03-02 09:30:00
1359.0,1361.699951171875,1354.0,1361.300048828125,4881486,0.0015450983900044957,-0.003440667036511691,0.0020670788088053183,0.35,0.7,0,1360.3618022163946,1375.3270723431665,47.765407893615205,-7.205137507561631,-9.44684473149633,1358.1105794254702,0.0020670788088053183,-1,RELIANCE,15m,2026-03-02 09:45:00
1361.300048828125,1361.699951171875,1357.300048828125,1360.0,1072789,-0.0009550053489266741,-0.004027828634199926,0.002074197373565657,0.35,0.65,0,1360.3273448624523,1374.7260106826502,49.85426372038564,-6.39846399707676,-8.837168584612417,1358.184222980133,0.002074197373565657,-1,RELIANCE,15m,2026-03-02 10:00:00
1318.300048828125,1320.5,1308.699951171875,1313.0999755859375,3967667,-0.004095581656475167,-0.03802199590773814,0.00709644398462469,0.25,0.75,-1,1352.225329863843,1370.1908301264166,21.75578861705283,-11.373676163344726,-9.37117579535757,1314.0999755859375,0.00709644398462469,-1,RELIANCE,15m,2026-03-04 04:00:00
1313.0,1317.800048828125,1307.199951171875,1317.0,1535494,0.0029700894726787386,-0.0338908104655955,0.007179625977619981,0.25,0.75,-1,1348.8705365434769,1368.1049152194985,26.315845830962303,-12.789470415838423,-10.05483471945374,1314.0720803612924,0.007179625977619981,-1,RELIANCE,15m,2026-03-04 04:15:00
1316.699951171875,1321.800048828125,1314.699951171875,1320.300048828125,1005889,0.0025057318360857117,-0.03132791722074468,0.007234071331372052,0.3,0.7,-1,1346.1495377134434,1366.2302145766996,29.889401392167116,-13.489710218074379,-10.741809819177869,1314.8233262823844,0.007234071331372052,-1,RELIANCE,15m,2026-03-04 04:30:00
1320.0,1334.9000244140625,1320.0,1330.699951171875,1788088,0.007876923395542468,-0.023626144739436028,0.0075326197021750784,0.35,0.7,-1,1344.6781485190083,1364.8368709137653,38.770925795091564,-13.054980414990723,-11.204443938340441,1317.77792153393,0.0075326197021750784,-1,RELIANCE,15m,2026-03-04 04:45:00
1330.699951171875,1340.4000244140625,1330.5,1338.800048828125,820984,0.006087095478674032,-0.015660559620726655,0.007700283785075219,0.4,0.65,-1,1344.118329500829,1363.8158190672698,44.07829066963691,-11.919443799939472,-11.34744391066025,1319.46963822489,0.007700283785075219,0,RELIANCE,15m,2026-03-04 05:00:00
1338.9000244140625,1341.0,1335.699951171875,1337.699951171875,734044,-0.0008217042247742334,-0.01567332511267472,0.007700288620948718,0.45,0.6,-1,1343.5070553742619,1362.7916673850973,45.052637800789725,-10.981701321410128,-11.274295392810227,1320.860190263652,0.007700288620948718,0,RELIANCE,15m,2026-03-04 05:15:00
1337.699951171875,1345.4000244140625,1335.0,1345.4000244140625,780673,0.005756203575728591,-0.008913425845994527,0.007835806022866832,0.5,0.6,-1,1343.687338139957,1362.109642170547,49.55838082152068,-9.507604348012592,-10.9209571838507,1322.4074013637075,0.007835806022866832,0,RELIANCE,15m,2026-03-04 05:30:00
1344.800048828125,1348.0,1340.699951171875,1344.9000244140625,991328,-0.00037163668122996985,-0.007307369395672669,0.007827080873145723,0.55,0.55,0,1343.8028320708243,1361.4347551997043,45.881135464227484,-8.284222339248117,-10.393610214930183,1324.2943363862462,0.007827080873145723,0,RELIANCE,15m,2026-03-04 05:45:00
1344.9000244140625,1347.300048828125,1341.199951171875,1343.300048828125,1053511,-0.001189661355411542,-0.007169217421932772,0.007826215843486091,0.55,0.5,0,1343.7549479524719,1360.723590243956,46.12166035418159,-7.358958449331112,-9.786679861810368,1325.9263321239287,0.007826215843486091,0,RELIANCE,15m,2026-03-04 06:00:00
1343.300048828125,1345.0,1338.199951171875,1343.800048828125,670740,0.0003722176593652371,-0.005182114115314662,0.007821555543010637,0.55,0.5,0,1343.7592432739627,1360.059921953139,41.9209787653708,-6.5102877840188285,-9.131401446252061,1326.7507618047491,0.007821555543010637,0,RELIANCE,15m,2026-03-04 06:15:00
1343.699951171875,1346.5999755859375,1343.699951171875,1344.300048828125,341076,0.0003720791649293176,-0.004443456848873817,0.007822617483444816,0.6,0.45,0,1343.8107485648354,1359.4418877129424,41.52455282746361,-5.731297515936376,-8.451380660188924,1327.202122358397,0.007822617483444816,0,RELIANCE,15m,2026-03-04 06:30:00
1344.300048828125,1346.800048828125,1342.9000244140625,1343.699951171875,395269,-0.0004464015729026549,-0.002523958485400213,0.007806253654648375,0.65,0.45,0,1343.8001964321725,1358.8245568681946,39.81480434930036,-5.103534611630494,-7.781811450477239,1327.6866276625256,0.007806253654648375,0,RELIANCE,15m,2026-03-04 06:45:00
1344.0999755859375,1345.4000244140625,1343.5999755859375,1345.0999755859375,512296,0.0010419174406024467,-0.0008913861685083679,0.007809342124601752,0.6,0.4,0,1343.9239849230073,1358.2863379943806,41.387305587974225,-4.441854780506901,-7.113820116483172,1328.2837259153941,0.007809342124601752,0,RELIANCE,15m,2026-03-04 07:00:00
1345.0999755859375,1345.699951171875,1341.9000244140625,1344.199951171875,429731,-0.0006691133970695429,-0.006357257056355037,0.007726205502261949,0.6,0.45,0,1343.9502674228995,1357.7339306680078,77.99535126164844,-3.944622048064275,-6.4799805027993935,1328.7312673366719,0.007726205502261949,0,RELIANCE,15m,2026-03-04 07:15:00
1344.199951171875,1347.0,1341.0999755859375,1341.199951171875,475088,-0.002231810823519642,-0.0070333903482840965,0.007733538155300233,0.65,0.45,0,1343.6883325418496,1357.0855393152183,82.2985506026294,-3.749415524947608,-5.933867507229037,1329.1716269411486,0.007733538155300233,0,RELIANCE,15m,2026-03-04 07:30:00
1341.199951171875,1342.5,1339.9000244140625,1340.0999755859375,575042,-0.0008201428765162166,-0.013253810708769187,0.007612097040546501,0.6,0.5,0,1343.3465842603343,1356.4194387768152,78.37812709010038,-3.6414948994472525,-5.475392985672681,1329.5887448323351,0.007612097040546501,0,RELIANCE,15m,2026-03-04 07:45:00
1340.0,1342.4000244140625,1335.699951171875,1336.5,791358,-0.0026863485199031256,-0.016700965264384804,0.007617217191423584,0.55,0.55,0,1342.694528616493,1355.6382843149795,69.7559203749025,-3.802620725076622,-5.140838533553469,1329.9927326743002,0.007617217191423584,1,RELIANCE,15m,2026-03-04 08:00:00
1336.5,1340.300048828125,1334.199951171875,1337.0999755859375,1156361,0.00044891551510484184,-0.017777177972644664,0.007603282052651722,0.5,0.55,0,1342.1617140421542,1354.9112918158016,60.25634504857332,-3.837662898129338,-4.8802034064686435,1330.455110502867,0.007603282052651722,0,RELIANCE,15m,2026-03-04 08:15:00
1337.0999755859375,1341.699951171875,1336.199951171875,1341.4000244140625,764704,0.003215951616662549,-0.013676452636718794,0.0076577922844847145,0.55,0.55,0,1342.0891721728121,1354.381438192204,54.744434494771966,-3.4783597038542666,-4.599834665945768,1330.8340788135288,0.0076577922844847145,0,RELIANCE,15m,2026-03-04 08:30:00
1341.300048828125,1347.5,1339.5999755859375,1345.0999755859375,1000539,0.0027582757600523866,0.020174422135712966,0.0030712623053244436,0.6,0.5,1,1342.3759153550145,1354.0174592664682,62.33332383901433,-2.862062125354214,-4.252280157827458,1331.5030926021493,0.0030712623053244436,0,RELIANCE,15m,2026-03-04 08:45:00
1345.0999755859375,1347.800048828125,1343.0999755859375,1345.800048828125,1641296,0.0005204618652101534,0.024902957771814727,0.002832019042646444,0.65,0.45,0,1342.7020233048345,1353.6952078767295,50.86961367604834,-2.290745506065605,-3.8599732274750873,1332.58014622601,0.002832019042646444,0,RELIANCE,15m,2026-03-04 09:00:00
1346.199951171875,1351.300048828125,1344.5999755859375,1348.4000244140625,1338174,0.001931918183686765,0.023842083837557038,0.002807943968790992,0.7,0.4,0,1343.2446900771417,1353.4875536232917,56.972084427584875,-1.6096219484165886,-3.4099029716633877,1333.4922620641914,0.002807943968790992,0,RELIANCE,15m,2026-03-04 09:15:00
1348.300048828125,1352.800048828125,1345.4000244140625,1346.0999755859375,1893006,-0.0017057614850789493,0.01954095720947069,0.0028609078673070745,0.7,0.4,0,1343.5166220303604,1353.1978446806504,55.42617870407608,-1.2411145439732536,-2.976145286125361,1334.6135079065216,0.0028609078673070745,1,RELIANCE,15m,2026-03-04 09:30:00
1346.0999755859375,1347.0,1340.0,1343.9000244140625,2555815,-0.0016343148441982924,0.009919646596937781,0.0024072502230409027,0.65,0.45,0,1343.5531365430938,1352.833224278039,50.181772985737815,-1.1137488414508425,-2.6036659971904577,1335.4604797412037,0.0024072502230409027,1,RELIANCE,15m,2026-03-04 09:45:00
1344.0,1349.4000244140625,1343.800048828125,1345.300048828125,1497312,0.0010417623250456032,0.004855093937059296,0.0020244695831069634,0.65,0.45,0,1343.7195091416681,1352.5378056329446,51.76055429951774,-0.8895857441484623,-2.260849946582059,1336.0187347413726,0.0020244695831069634,1,RELIANCE,15m,2026-03-04 10:00:00
1369.5,1378.800048828125,1367.5999755859375,1373.5999755859375,1210963,0.0027740740417285803,0.02096027252872723,0.004369142185242882,0.65,0.4,1,1348.8125705900688,1354.0141767088126,76.05121155451214,3.216249806582482,-0.6035989168430681,1373.3333333333333,0.004369142185242882,1,RELIANCE,15m,2026-03-05 04:00:00
1373.4000244140625,1382.4000244140625,1371.0,1380.5,1987512,0.005023314310353744,0.026470350910617002,0.0044428843713227245,0.65,0.4,1,1351.8304210100623,1355.052836445722,79.90121748643551,5.270070174884722,0.57113490150249,1376.212462222699,0.0044428843713227245,1,RELIANCE,15m,2026-03-05 04:15:00
1380.5,1387.199951171875,1380.300048828125,1384.699951171875,871652,0.0030423405808583937,0.0308195494966792,0.004417953030313477,0.7,0.4,1,1354.9608524540445,1356.2154683957674,85.13737368956623,7.1541697572099565,1.8877418726439834,1377.8945028138032,0.004417953030313477,1,RELIANCE,15m,2026-03-05 04:30:00
1384.699951171875,1386.5999755859375,1381.199951171875,1381.4000244140625,759765,-0.00238313488421793,0.02798033503475983,0.00449812627354034,0.7,0.35,1,1357.4788688311892,1357.2030980435438,82.21540031917365,8.2855451329699,3.167302524709167,1378.7081062450402,0.00449812627354034,1,RELIANCE,15m,2026-03-05 04:45:00
1381.5999755859375,1381.9000244140625,1374.699951171875,1375.699951171875,1154060,-0.004126301680503652,0.023357807932181895,0.004661227522750044,0.65,0.4,1,1359.2142100064925,1357.92846483289,79.60723571389057,8.622821477758862,4.258406315319107,1378.462249894291,0.004661227522750044,1,RELIANCE,15m,2026-03-05 05:00:00
1376.0,1385.5,1375.9000244140625,1382.5999755859375,520717,0.005015646332025225,0.028949933636699843,0.004721446341512771,0.65,0.35,1,1361.4414257759636,1358.8959750585,81.37931034482759,9.339232852401665,5.2745716227356185,1378.6920881773963,0.004721446341512771,1,RELIANCE,15m,2026-03-05 05:15:00
1382.5,1385.5,1381.5,1382.9000244140625,269493,0.00021701781673888476,0.028102036662114305,0.004728690191443769,0.65,0.35,1,1363.4851018367349,1359.8373103273454,80.2919708029197,9.818029330477657,6.183263164284027,1378.8754026853676,0.004728690191443769,1,RELIANCE,15m,2026-03-05 05:30:00
1383.0,1385.0,1382.0,1384.0999755859375,391169,0.0008677063784010564,0.029683102115334536,0.004705776311110555,0.6,0.3,1,1365.448423146183,1360.78878739631,79.54545454545455,10.17699100273262,6.982008731973746,1379.1387861527367,0.004705776311110555,1,RELIANCE,15m,2026-03-05 05:45:00
1384.0999755859375,1385.9000244140625,1380.199951171875,1383.699951171875,302791,-0.00028901410383530557,0.031688041714336146,0.004644909649467915,0.6,0.3,1,1367.1866639105347,1361.6872644071166,78.84317390480366,10.310340895226773,7.647675164624352,1379.3061478637978,0.004644909649467915,1,RELIANCE,15m,2026-03-05 06:00:00
1383.4000244140625,1383.9000244140625,1381.4000244140625,1381.5999755859375,673610,-0.001517652424688598,0.03096783878520326,0.004666378535884606,0.6,0.25,1,1368.5593602605732,1362.46815504158,75.46010432151697,10.129801124425285,8.14410035658454,1379.5538462920094,0.004666378535884606,1,RELIANCE,15m,2026-03-05 06:15:00
1381.199951171875,1385.699951171875,1379.4000244140625,1385.5,1092980,0.0028228318492902194,0.036662925551814496,0.0045655074656058186,0.65,0.25,1,1370.172754521471,1363.3713646477927,79.49106857325597,10.184026315666642,8.55208554840096,1380.0248399571863,0.0045655074656058186,1,RELIANCE,15m,2026-03-05 06:30:00
1385.5999755859375,1388.300048828125,1383.5999755859375,1385.0,1073984,-0.00036088054853844476,0.03582381668436718,0.0045817921955269665,0.7,0.2,1,1371.5848731384738,1364.2195464263107,81.56681336361028,10.070567120021906,8.85578186272515,1380.6091467298559,0.0045817921955269665,0,RELIANCE,15m,2026-03-05 06:45:00
1385.199951171875,1386.4000244140625,1383.199951171875,1383.4000244140625,314194,-0.0011552170295577868,0.03131057047531072,0.004613399315115493,0.65,0.25,1,1372.7101256409107,1364.9717220336734,79.17306150070007,9.739276910082708,9.032480872196661,1380.7192972713462,0.004613399315115493,0,RELIANCE,15m,2026-03-05 07:00:00
1383.5,1385.9000244140625,1383.0,1383.300048828125,209730,-7.226802383486497e-05,0.02839943047768423,0.004617884553312444,0.6,0.3,1,1373.7186897539789,1365.6904799471813,66.50370688728913,9.360754882219908,9.09813567420131,1380.7841060529377,0.004617884553312444,0,RELIANCE,15m,2026-03-05 07:15:00
1383.4000244140625,1385.0,1381.9000244140625,1382.300048828125,286303,-0.0007229089602412975,0.0271214137878677,0.004638829339327188,0.55,0.35,0,1374.5359620467548,1366.3418355895712,61.417426269163606,8.87774469079227,9.054057477519503,1380.842880714945,0.004638829339327188,0,RELIANCE,15m,2026-03-05 07:30:00
1382.4000244140625,1382.800048828125,1381.0999755859375,1381.699951171875,473917,-0.00043412980905177534,0.024695881159066735,0.00465332949241633,0.5,0.4,0,1375.2182467253378,1366.9441146320146,51.886712782047255,8.350275984864084,8.91330117898842,1380.884732902169,0.00465332949241633,0,RELIANCE,15m,2026-03-05 07:45:00
1381.699951171875,1386.199951171875,1380.800048828125,1383.199951171875,854645,0.0010856192031618583,0.027561084807083747,0.0046021991290162755,0.5,0.45,0,1375.9784090535795,1367.5815984178914,47.42268906152994,7.961515306602678,8.722944004511271,1381.0574301609795,0.0046021991290162755,0,RELIANCE,15m,2026-03-05 08:00:00
1383.0999755859375,1383.5,1381.4000244140625,1382.5,643981,-0.0005060375915152404,0.028722356488360745,0.004570234227031891,0.5,0.4,0,1376.5995129532387,1368.1666337740526,52.07541607359193,7.510364649734129,8.480428133555844,1381.126752173877,0.004570234227031891,0,RELIANCE,15m,2026-03-05 08:15:00
1382.5,1382.5999755859375,1378.800048828125,1379.199951171875,847741,-0.0023870154272152,0.025198766902060132,0.004649065036733394,0.45,0.45,0,1376.847173735966,1368.5993128876928,57.26138136434548,6.808059075873189,8.145954322019314,1381.0703893755078,0.004649065036733394,0,RELIANCE,15m,2026-03-05 08:30:00
1379.199951171875,1379.800048828125,1376.0999755859375,1376.9000244140625,706646,-0.0016675803648762422,0.005183220421120183,0.002427162042161098,0.4,0.5,0,1376.8522071338798,1368.9248309867662,35.384740584935884,5.9967650065452744,7.716116458924507,1380.9029477611994,0.002427162042161098,0,RELIANCE,15m,2026-03-05 08:45:00
1377.0999755859375,1381.9000244140625,1377.0999755859375,1378.5999755859375,779914,0.0012346220798409302,0.0036400699540397596,0.0023669443541176273,0.4,0.5,0,1377.018661272171,1369.304248422028,39.71275377894072,5.428405188087254,7.258574204757056,1380.8168477217534,0.0023669443541176273,0,RELIANCE,15m,2026-03-05 09:00:00
1378.5999755859375,1392.5,1378.0999755859375,1390.199951171875,1640120,0.00841431582138763,0.00702640432587831,0.0028115168928729865,0.4,0.5,0,1378.2740222149998,1370.1236877455515,59.744392747524465,5.846601044434465,6.976179572692539,1381.4046712752124,0.0028115168928729865,0,RELIANCE,15m,2026-03-05 09:15:00
1390.199951171875,1399.0,1384.300048828125,1390.699951171875,2922711,0.00035966049313884696,0.0043330686874958335,0.0027395772666737534,0.4,0.5,0,1379.4574440204165,1370.9306000367799,61.14653148179825,6.1475054783882115,6.810444753831674,1382.8564294131545,0.0027395772666737534,0,RELIANCE,15m,2026-03-05 09:30:00
1390.5,1392.5,1384.4000244140625,1385.199951171875,3246796,-0.0039548430237345,0.0027507794199035374,0.0028389132107144795,0.4,0.5,0,1380.0043494634126,1371.4901824342346,55.172389601551835,5.874453334296277,6.623246469924595,1383.4866659329768,0.0028389132107144795,0,RELIANCE,15m,2026-03-05 09:45:00
1385.199951171875,1389.9000244140625,1383.5,1386.4000244140625,1459816,0.0008663538005269089,0.007777912060745962,0.0026576334678256506,0.4,0.5,0,1380.6134613634745,1372.0748821197183,51.40190825325236,5.689310593039409,6.436459294547558,1383.6707064268383,0.0026576334678256506,0,RELIANCE,15m,2026-03-05 10:00:00
1400.9000244140625,1417.199951171875,1400.699951171875,1416.300048828125,2149266,0.010920805730281868,0.024152161272984474,0.0040608946529684335,0.45,0.5,0,1385.7688471723254,1374.8990376585593,77.46244658152317,8.536938388003591,6.889776139316981,1411.3999837239583,0.0040608946529684335,0,RELIANCE,15m,2026-03-06 04:00:00
1416.5,1419.4000244140625,1412.5999755859375,1413.0,1292588,-0.0023300492228716108,0.02088001222731628,0.00413697863108648,0.5,0.5,0,1388.3622902987704,1376.3931930444983,73.53399778687447,9.659399901932147,7.443700891840015,1412.7519695543324,0.00413697863108648,0,RELIANCE,15m,2026-03-06 04:15:00
1413.0,1414.9000244140625,1409.9000244140625,1413.9000244140625,515706,0.0006369599533351256,0.021825593920568265,0.00412646831174299,0.45,0.5,0,1390.7944554526077,1377.864049176638,75.07929710887682,10.500539503973187,8.055068614266649,1412.7712624467945,0.00412646831174299,0,RELIANCE,15m,2026-03-06 04:30:00
1414.300048828125,1423.800048828125,1413.199951171875,1423.800048828125,660021,0.0070019267579863875,0.0305443500201934,0.004280187445076743,0.5,0.5,0,1393.9378452978951,1379.6654609276768,79.11484731935126,11.829633282147597,8.809981547842838,1413.8426318350375,0.004280187445076743,0,RELIANCE,15m,2026-03-06 04:45:00
1423.800048828125,1424.199951171875,1420.0,1420.800048828125,602373,-0.0021070374330083297,0.02547820196905448,0.004342357266037693,0.5,0.45,0,1396.4961503960121,1381.2785820218119,75.47430405081298,12.496819196305069,9.547349077535285,1414.7455109281548,0.004342357266037693,0,RELIANCE,15m,2026-03-06 05:00:00
1420.4000244140625,1421.699951171875,1416.300048828125,1416.300048828125,615651,-0.0031672296208826722,0.02259931323330333,0.0044419505774443944,0.45,0.5,0,1398.3822359609753,1382.6519728769615,71.77835456976561,12.518154950174221,10.141510252063073,1415.0994081799277,0.0044419505774443944,0,RELIANCE,15m,2026-03-06 05:15:00
1416.300048828125,1420.300048828125,1415.5,1420.0,508193,0.002612406301148118,0.02645653819576843,0.00441989032633959,0.45,0.5,0,1400.4410706313586,1384.1166013915906,76.15387745392628,12.687366760219447,10.650681553694348,1415.3798371170074,0.00441989032633959,0,RELIANCE,15m,2026-03-06 05:30:00
1420.0999755859375,1422.699951171875,1415.0999755859375,1416.9000244140625,428658,-0.002183081398547504,0.024289723414961273,0.004479576509375274,0.5,0.5,0,1402.008590039235,1385.4022258238447,75.38069493284588,12.428063239750372,11.006157890905552,1415.56044619062,0.004479576509375274,0,RELIANCE,15m,2026-03-06 05:45:00
1416.9000244140625,1418.4000244140625,1412.0,1417.800048828125,687484,0.0006352067178732046,0.025681833716272973,0.004458977014683045,0.5,0.5,0,1403.5125384953199,1386.6727286867576,75.12821275257168,12.155071679937691,11.235940648711981,1415.6071000862319,0.004458977014683045,0,RELIANCE,15m,2026-03-06 06:00:00
1417.800048828125,1422.0,1417.699951171875,1420.5999755859375,598321,0.0019748389486420326,0.028153742338247856,0.004442798240669677,0.55,0.45,0,1405.139913456331,1388.0032089573137,71.9653123109191,12.026026049027223,11.39395772877503,1415.940693371664,0.004442798240669677,0,RELIANCE,15m,2026-03-06 06:15:00
1420.699951171875,1421.800048828125,1416.0999755859375,1416.300048828125,664974,-0.003026838541257182,0.023930088797506688,0.004551871016316114,0.5,0.45,0,1406.2027834917399,1389.1128889522477,67.53431346318493,11.444859092003753,11.404138001420776,1416.102758614729,0.004551871016316114,0,RELIANCE,15m,2026-03-06 06:30:00
1416.199951171875,1418.5,1412.800048828125,1413.300048828125,475279,-0.0021181952245798996,0.022278516331374343,0.004597585828504669,0.5,0.5,0,1406.8787135237767,1390.0614050258114,69.92914727393617,10.619786871065571,11.247267775349735,1416.0388925300917,0.004597585828504669,0,RELIANCE,15m,2026-03-06 06:45:00
1413.5,1416.699951171875,1412.0999755859375,1415.5999755859375,902305,0.0016273449928199124,0.026392130004887493,0.004523810631135799,0.5,0.5,0,1407.7093099106492,1391.0629175967968,70.39106907216143,10.035809494929708,11.00497611926573,1415.9282194949378,0.004523810631135799,0,RELIANCE,15m,2026-03-06 07:00:00
1415.5,1417.699951171875,1415.0,1417.5,277856,0.0013422043280808538,0.029486509453157117,0.004469171068605206,0.55,0.45,0,1408.6417565858255,1392.0996659263342,64.00681439478723,9.615478062384682,10.727076507889521,1415.9497734204904,0.004469171068605206,0,RELIANCE,15m,2026-03-06 07:15:00
1417.5999755859375,1420.4000244140625,1417.199951171875,1418.300048828125,624516,0.0005644083443563375,0.028797384263200776,0.004473488261136234,0.55,0.45,0,1409.561593942235,1393.127131922483,52.252257206013354,9.24040202531387,10.429741611374391,1416.102086616258,0.004473488261136234,0,RELIANCE,15m,2026-03-06 07:30:00
1418.300048828125,1419.0,1415.800048828125,1417.4000244140625,364283,-0.0006345796961694239,0.019565583511392814,0.004177745260263367,0.5,0.5,0,1410.3081111300282,1394.0790100594077,55.238139526772706,8.769438487167008,10.097680986532916,1416.143680436908,0.004177745260263367,0,RELIANCE,15m,2026-03-06 07:45:00
1417.4000244140625,1419.0,1413.5,1415.0999755859375,481172,-0.0016227238524818555,0.017545139333255744,0.0042165134072492646,0.45,0.55,0,1410.7644791734483,1394.9033616486834,51.38243533634104,8.11703366059578,9.70155152134549,1416.1324306126123,0.0042165134072492646,0,RELIANCE,15m,2026-03-06 08:00:00
1414.9000244140625,1418.699951171875,1411.5999755859375,1412.4000244140625,785057,-0.001907957895877277,0.01963620719100967,0.004116683875665803,0.45,0.6,0,1410.9202453868402,1395.5895052865415,34.25403558939669,7.298007749592898,9.220842766994972,1416.0144198923665,0.004116683875665803,0,RELIANCE,15m,2026-03-06 08:15:00
1412.4000244140625,1413.5999755859375,1408.0,1411.5,977408,-0.000637230528536592,0.018104425233651744,0.004132582125258002,0.45,0.6,0,1410.975460111903,1396.2134462556967,36.36350618945679,6.501355783445206,8.676945370285019,1415.6567296343371,0.004132582125258002,0,RELIANCE,15m,2026-03-06 08:30:00
1411.5,1414.9000244140625,1411.0999755859375,1413.9000244140625,768737,0.0017003361063141487,0.009207726205612055,0.0034684570510055655,0.45,0.6,0,1411.2539900454422,1396.9070375560248,46.24994754771251,5.994563674525807,8.140469031133176,1415.5307408886347,0.0034684570510055655,0,RELIANCE,15m,2026-03-06 08:45:00
1413.9000244140625,1417.199951171875,1412.0,1416.0,612595,0.0014852362611761372,-0.00021185399829171114,0.0024689840240287647,0.45,0.6,0,1411.7059909934953,1397.6557811812786,43.42103149745419,5.696709633942419,7.651717151695025,1415.5117780339065,0.0024689840240287647,0,RELIANCE,15m,2026-03-06 09:00:00
1415.800048828125,1417.0,1402.4000244140625,1405.0999755859375,822866,-0.0076977573545639055,-0.00559095853790692,0.002974671962619883,0.4,0.65,0,1411.076846668966,1397.947710373618,34.554890168533944,4.528910821150703,7.027155885586161,1415.129613992071,0.002974671962619883,0,RELIANCE,15m,2026-03-06 09:15:00
1405.0999755859375,1409.5,1404.5,1405.0,716359,-7.115193770879102e-05,-0.00629466317305627,0.002967437875198371,0.4,0.6,0,1410.4980993671597,1398.2242707511232,32.88759057379724,3.554381951610594,6.332601098791049,1414.7484488963037,0.002967437875198371,0,RELIANCE,15m,2026-03-06 09:30:00
1404.9000244140625,1406.300048828125,1401.0,1403.0,1259060,-0.001423487544483959,-0.01460882716308709,0.0024225812018926897,0.35,0.65,0,1409.7839946655256,1398.4115542510792,25.9563014671794,2.590812245257439,5.584243328084327,1413.9476728455315,0.0024225812018926897,0,RELIANCE,15m,2026-03-06 09:45:00
1402.9000244140625,1409.699951171875,1402.800048828125,1408.0,593650,0.0035637918745545782,-0.009009043066040445,0.0025800137565696176,0.35,0.65,0,1409.614090411666,1398.7875717314291,38.873943749550016,2.2052141876272344,4.908437499992909,1413.7179436889937,0.0025800137565696176,0,RELIANCE,15m,2026-03-06 10:00:00
1392.199951171875,1406.800048828125,1390.800048828125,1400.699951171875,2807223,0.005744238012838743,-0.013591583681778152,0.003667406964496137,0.4,0.6,0,1407.3076705949238,1398.633198754916,36.52804849244733,0.07551644356317411,3.261696902415658,1399.433349609375,0.003667406964496137,0,RELIANCE,15m,2026-03-09 04:00:00
1400.699951171875,1409.0,1395.5,1403.5999755859375,1739031,0.0020704108768163643,-0.009386723550678933,0.0036987056384296126,0.4,0.55,0,1406.9545567845444,1398.8279743169169,37.6554331965196,-0.14994191472897,2.5793691389867326,1400.682904109231,0.0036987056384296126,0,RELIANCE,15m,2026-03-09 04:15:00
1403.4000244140625,1412.9000244140625,1402.199951171875,1408.0999755859375,1233634,0.0032060416630610433,-0.006841636978504151,0.003782670112080645,0.45,0.5,0,1407.063644289439,1399.1915822098197,41.499956258227016,0.0341000201103725,2.070315315211461,1402.1877133939038,0.003782670112080645,0,RELIANCE,15m,2026-03-09 04:30:00
1407.9000244140625,1409.699951171875,1399.4000244140625,1401.0,832419,-0.005042238270747124,-0.01379697023988291,0.0038811601806273783,0.4,0.55,0,1406.4861543571114,1399.2625005545326,37.613288316113824,-0.38847600383837744,1.5785570514014933,1402.336130025212,0.0038811601806273783,0,RELIANCE,15m,2026-03-09 04:45:00
1400.5,1402.4000244140625,1396.300048828125,1401.0,798154,0.0,-0.01080283012119121,0.003843964032899611,0.4,0.55,0,1405.9636634659578,1399.3306377876884,38.967159468851065,-0.7151270083127201,1.1198202394586507,1402.0737458850133,0.003843964032899611,0,RELIANCE,15m,2026-03-09 05:00:00
1400.9000244140625,1403.5999755859375,1398.9000244140625,1399.4000244140625,427252,-0.0011420239728319181,-0.009835154555883685,0.003828983618194914,0.45,0.5,0,1405.338554984825,1399.33335883186,39.64968957621419,-1.0905339445046138,0.6777494026659978,1401.9952260838234,0.003828983618194914,0,RELIANCE,15m,2026-03-09 05:15:00
1399.0999755859375,1402.5,1397.199951171875,1398.5,569760,-0.0006431502060602057,-0.012079666488309715,0.003796514962713128,0.45,0.5,0,1404.687264033889,1399.3006780933558,39.64968957621419,-1.444025270056045,0.25339446812158933,1401.8193509680832,0.003796514962713128,0,RELIANCE,15m,2026-03-09 05:30:00
1398.800048828125,1402.5,1391.0999755859375,1393.9000244140625,820664,-0.003289221012468757,-0.01664901275903885,0.003812987591853468,0.4,0.55,0,1403.6599078796198,1399.0888877529915,34.61538461538461,-2.071470654251698,-0.21157855635306813,1401.287010672723,0.003812987591853468,0,RELIANCE,15m,2026-03-09 05:45:00
1393.5,1400.300048828125,1393.0,1399.0999755859375,794336,0.003730505115717264,-0.013537384602116842,0.003937705931158681,0.35,0.55,0,1403.2256286135548,1399.0893225699697,37.59175442527448,-2.124641495346623,-0.5941911441517791,1400.9842280848256,0.003937705931158681,0,RELIANCE,15m,2026-03-09 06:00:00
1399.4000244140625,1406.0,1399.4000244140625,1402.699951171875,1035705,0.0025730652910846974,-0.010371153512759634,0.0040041534461153876,0.4,0.5,0,1403.1755640952997,1399.230915848476,48.02629333451121,-1.854909583419385,-0.8463348320053004,1401.1449259070903,0.0040041534461153876,0,RELIANCE,15m,2026-03-09 06:15:00
1402.800048828125,1405.300048828125,1400.0,1401.0,374156,-0.001211913617345406,-0.009963943063527547,0.003999214464595503,0.4,0.45,0,1402.9683675147949,1399.3002916975554,46.794866778825465,-1.7580512321339938,-1.028678112031039,1401.176183985457,0.003999214464595503,0,RELIANCE,15m,2026-03-09 06:30:00
1400.9000244140625,1400.9000244140625,1395.699951171875,1399.5999755859375,499529,-0.0009993036502944364,-0.009062622916220286,0.003987437352250567,0.4,0.45,0,1402.647568283475,1399.3120440069038,47.249167925888614,-1.7738131468395295,-1.1777051189927372,1401.0739130430434,0.003987437352250567,0,RELIANCE,15m,2026-03-09 06:45:00
1399.5999755859375,1401.5,1397.0999755859375,1397.9000244140625,613126,-0.001214597886201929,-0.009635122625531345,0.003990971580030647,0.45,0.4,0,1402.1954212482929,1399.2566706895375,41.36752422109588,-1.9015564709682167,-1.3224753893878332,1400.9644065560233,0.003990971580030647,0,RELIANCE,15m,2026-03-09 07:00:00
1397.9000244140625,1401.0999755859375,1397.0,1400.5999755859375,355268,0.0019314336681599542,-0.009406640213926565,0.003997933909196412,0.4,0.45,0,1402.043474042354,1399.3093493129256,58.605732279108864,-1.764589392446851,-1.410898189999637,1400.925912901411,0.003997933909196412,0,RELIANCE,15m,2026-03-09 07:15:00
1400.699951171875,1407.699951171875,1400.199951171875,1406.699951171875,1164635,0.004355258954924279,-0.006567831093308607,0.004121220391832685,0.4,0.45,0,1402.4869480546895,1399.599176836806,56.818219650100154,-1.1505619834174468,-1.3588309486831989,1401.2522206252424,0.004121220391832685,0,RELIANCE,15m,2026-03-09 07:30:00
1406.4000244140625,1407.9000244140625,1402.300048828125,1402.800048828125,1032484,-0.0027723768245681013,-0.001636842073713285,0.0037911786813075625,0.45,0.4,0,1402.516767175969,1399.7247012286225,49.11118525812656,-0.9674778814467118,-1.2805603352359016,1401.462935492858,0.0037911786813075625,0,RELIANCE,15m,2026-03-09 07:45:00
1402.800048828125,1409.5,1402.5,1407.699951171875,866862,0.0034929442352409357,0.0019216734319396078,0.0038742278765486553,0.5,0.4,0,1403.0104037470078,1400.037456128358,49.55943997655366,-0.4221351316095934,-1.10887529451064,1401.740068451143,0.0038742278765486553,0,RELIANCE,15m,2026-03-09 08:00:00
1407.5999755859375,1408.300048828125,1403.300048828125,1405.5999755859375,645659,-0.0014917778353187305,0.0018531543734408018,0.0038756739967661367,0.5,0.35,0,1403.2570296364297,1400.2555941463022,55.693104458941306,-0.15758105660825095,-0.9186164469301622,1401.8952953724015,0.0038756739967661367,0,RELIANCE,15m,2026-03-09 08:15:00
1405.5999755859375,1408.699951171875,1404.800048828125,1408.300048828125,399679,0.0019209400178468172,0.00021310286088427333,0.003815330975551987,0.5,0.35,0,1403.737317178496,1400.5710629573541,58.468810894095256,0.266876908157883,-0.6815177759125531,1402.021508442775,0.003815330975551987,0,RELIANCE,15m,2026-03-09 08:30:00
1408.199951171875,1410.199951171875,1407.300048828125,1409.0,404008,0.0004970184957797663,0.011703920011205238,0.0028273851759046094,0.55,0.3,0,1404.2385250662583,1400.9016095080462,61.374490524994286,0.6522246730883126,-0.41476928611238006,1402.1795478073532,0.0028273851759046094,0,RELIANCE,15m,2026-03-09 08:45:00
1408.9000244140625,1413.5999755859375,1408.0999755859375,1412.0,648340,0.002129169623846794,0.008067430015022747,0.0025854535669551353,0.55,0.3,0,1404.977713155186,1401.3368405077308,65.23717146777918,1.186018794636766,-0.09461166996255085,1402.5045364827292,0.0025854535669551353,0,RELIANCE,15m,2026-03-09 09:00:00
1412.0999755859375,1420.0,1411.0999755859375,1418.0999755859375,782343,0.004320096024035047,0.010330578692085535,0.002707767779169632,0.55,0.3,0,1406.2274524343052,1401.994218353935,76.4194141634905,2.077325417581278,0.339775747546215,1403.0814231231618,0.002707767779169632,0,RELIANCE,15m,2026-03-09 09:15:00
1418.5,1428.5,1416.699951171875,1427.0,1182088,0.006276020426828621,0.013422359734221123,0.0029448369027380815,0.55,0.3,0,1408.2057902977047,1402.974837242016,78.18205133896095,3.4619428057098958,0.9642091591789512,1404.320110109892,0.0029448369027380815,0,RELIANCE,15m,2026-03-09 09:30:00
1427.0999755859375,1429.0,1421.5999755859375,1422.300048828125,1446925,-0.0032935887679572673,0.015203460976534577,0.0027880688805940377,0.6,0.25,0,1409.548100633935,1403.7326886767655,69.36783494808353,4.132379779214489,1.5978432831860587,1405.666407180221,0.0027880688805940377,0,RELIANCE,15m,2026-03-09 09:45:00
1422.199951171875,1422.699951171875,1418.5999755859375,1418.5999755859375,643779,-0.002601471641118236,0.012562437962839068,0.002884336531389228,0.6,0.25,0,1410.4101839626971,1404.3157195359488,66.73010023277024,4.315395727407122,2.1413537720302713,1406.0826553710667,0.002884336531389228,0,RELIANCE,15m,2026-03-09 10:00:00
1402.300048828125,1410.800048828125,1401.9000244140625,1405.0,1049601,0.002354319000557936,0.0046478369681801635,0.004042959125203397,0.6,0.25,0,1409.1443867461792,1404.243997624243,55.0932517894641,2.3073877766175883,2.3217769128163765,1405.9000244140625,0.004042959125203397,0,RELIANCE,15m,2026-03-10 04:00:00
1404.9000244140625,1410.9000244140625,1402.5999755859375,1410.5999755859375,752756,0.003985747747998314,0.01198073812997813,0.004036013255756065,0.65,0.2,0,1409.2830142547275,1404.4932516619567,56.88706623757015,2.1370203475919425,2.28482559977149,1406.7909993778962,0.004036013255756065,0,RELIANCE,15m,2026-03-10 04:15:00
1410.5,1415.0,1409.800048828125,1414.199951171875,500224,0.0025520882236242937,0.010792635157908403,0.003996365852116316,0.7,0.2,0,1409.7512939611227,1404.8739065446987,55.34951189186742,2.266365624041555,2.281133604625503,1408.1398731535382,0.003996365852116316,0,RELIANCE,15m,2026-03-10 04:30:00
1414.199951171875,1417.699951171875,1412.5999755859375,1416.9000244140625,362976,0.0019092584750481922,0.010123386138513935,0.003981359926450214,0.7,0.2,0,1410.4321254328313,1405.345519010164,60.232199266869706,2.557267445434036,2.33636037278721,1409.1738926453024,0.003981359926450214,0,RELIANCE,15m,2026-03-10 04:45:00
1416.699951171875,1416.9000244140625,1413.199951171875,1416.5999755859375,286573,-0.00021176429032043753,0.011134886214088091,0.0039648232384598995,0.7,0.2,0,1411.0195397331272,1405.7868702484298,56.920684882875456,2.7321038098605186,2.415509060201872,1409.7944587332968,0.0039648232384598995,0,RELIANCE,15m,2026-03-10 05:00:00
1416.5999755859375,1421.0,1415.199951171875,1418.5999755859375,355106,0.0014118311693269714,0.013575307467439623,0.00395150754281909,0.75,0.15,0,1411.7414860048234,1406.2893449675478,60.12457979038956,2.997492940851771,2.531905836331852,1410.704137752516,0.00395150754281909,0,RELIANCE,15m,2026-03-10 05:15:00
1418.199951171875,1418.300048828125,1412.5,1416.5,262730,-0.0014803155379091715,0.013305655097712643,0.003958659730169831,0.7,0.2,0,1412.194677813888,1406.6897628119577,56.446492595180146,3.003740014506775,2.6262726719668366,1411.0767134290966,0.003958659730169831,0,RELIANCE,15m,2026-03-10 05:30:00
1416.4000244140625,1418.5999755859375,1414.699951171875,1415.0,421473,-0.0010589481115425015,0.01028132562121331,0.003964919877595176,0.75,0.15,0,1412.4618513554224,1407.0156544663907,54.658374497219306,2.8547456703388434,2.671967271641238,1411.6071410195045,0.003964919877595176,0,RELIANCE,15m,2026-03-10 05:45:00
1415.0,1418.4000244140625,1415.0,1416.800048828125,531623,0.001272119313162623,0.0071799943177903724,0.0038666360708338805,0.7,0.15,0,1412.8750130194894,1407.3993562060666,53.79749524854366,2.8490731343274547,2.7073884441784815,1412.2096564649112,0.0038666360708338805,0,RELIANCE,15m,2026-03-10 06:00:00
1416.9000244140625,1418.5,1411.5999755859375,1411.9000244140625,270279,-0.0034585151363563105,0.006487008318498022,0.0038988465448609616,0.7,0.2,0,1412.7821569618295,1407.5758529985371,45.000059066047655,2.4212756313809223,2.65016588161897,1412.3106074008701,0.0038988465448609616,0,RELIANCE,15m,2026-03-10 06:15:00
1411.300048828125,1413.9000244140625,1410.0,1411.9000244140625,251472,0.0,0.0029836423867821704,0.0038273113114804377,0.65,0.25,0,1412.6981443382329,1407.7454283481657,35.78162608017986,2.0585137629027486,2.5318354578757263,1412.2918019919593,0.0038273113114804377,0,RELIANCE,15m,2026-03-10 06:30:00
1411.800048828125,1414.5999755859375,1408.5,1409.5,383168,-0.0016998543611885797,0.0027746332397571294,0.0038323056465637897,0.7,0.3,0,1412.393559163163,1407.8142350796102,37.40159940022491,1.5593848384673947,2.33734533399406,1412.1911993239414,0.0038323056465637897,0,RELIANCE,15m,2026-03-10 06:45:00
1409.5,1412.5,1407.0,1412.5,642675,0.0021284143313231585,0.0029822843330651327,0.0038376415056573707,0.65,0.35,0,1412.4036963857188,1407.9979905666844,43.91222671354536,1.389874885266181,2.1478512442484843,1412.0298034178788,0.0038376415056573707,0,RELIANCE,15m,2026-03-10 07:00:00
1412.5,1414.699951171875,1405.800048828125,1410.4000244140625,1080009,-0.0014867083794247726,0.0009936298183552683,0.003853962322283691,0.65,0.4,0,1412.2128704836562,1408.0921879724638,62.32299025862874,1.0737094918827097,1.9330228937753293,1411.7685417771218,0.003853962322283691,0,RELIANCE,15m,2026-03-10 07:15:00
1410.4000244140625,1413.800048828125,1409.300048828125,1409.9000244140625,462204,-0.00035450935291048147,-0.0014872348342334085,0.003823564032563992,0.6,0.4,0,1411.992599429409,1408.1630835191932,57.53847078398895,0.7738795171019319,1.7011942184406499,1411.7218833785046,0.003823564032563992,0,RELIANCE,15m,2026-03-10 07:30:00
1410.199951171875,1410.800048828125,1407.199951171875,1408.0999755859375,818803,-0.0012767209000319468,-0.007051689000888817,0.0036879518002265648,0.55,0.45,0,1411.6218733490784,1408.1606086982813,45.644628942801724,0.3865572141942266,1.4382668175913653,1411.428426299125,0.0036879518002265648,0,RELIANCE,15m,2026-03-10 07:45:00
1408.0999755859375,1413.5999755859375,1407.5999755859375,1413.4000244140625,691251,0.0037639719622319934,-0.00953046642322175,0.0034878548938844364,0.55,0.45,0,1411.791221069553,1408.366075981253,48.68434261300439,0.5014902769610217,1.2509115094652967,1411.436374570407,0.0034878548938844364,0,RELIANCE,15m,2026-03-10 08:00:00
1413.300048828125,1415.800048828125,1412.4000244140625,1412.9000244140625,572291,-0.0003537568921490042,-0.006609030507878755,0.003424088270351684,0.55,0.45,0,1411.896821388078,1408.543877880579,42.90785053849085,0.5459365195622468,1.1099165114846867,1411.5699942192348,0.003424088270351684,0,RELIANCE,15m,2026-03-10 08:15:00
1412.800048828125,1414.0,1410.5999755859375,1411.0999755859375,290656,-0.0012740100481429817,-0.005286902670995852,0.0033903563383986847,0.55,0.45,0,1411.8209313116836,1408.6441170062794,40.740801630881535,0.4309439367975756,0.9741219965472645,1411.5795991339278,0.0033903563383986847,0,RELIANCE,15m,2026-03-10 08:30:00
1411.199951171875,1415.5,1411.0,1412.0999755859375,599490,0.0007086670096387859,0.007419579636403384,0.00199420504616755,0.55,0.4,0,1411.8475069568508,1408.7796408721483,38.67603525128449,0.4157110706794356,0.8624398113736989,1411.6524903002687,0.00199420504616755,0,RELIANCE,15m,2026-03-10 08:45:00
1412.0999755859375,1412.199951171875,1408.5999755859375,1409.5,593792,-0.0018412121173351226,0.00320284697508888,0.001995325756289491,0.55,0.45,0,1411.623934865722,1408.8078902497111,38.013778803384504,0.19163358101718586,0.7282785653023963,1411.5700269061533,0.001995325756289491,0,RELIANCE,15m,2026-03-10 09:00:00
1409.199951171875,1414.0,1409.0999755859375,1413.699951171875,720762,0.0029797454216919927,0.0021976291220691113,0.0019044655109703567,0.55,0.45,0,1411.8216507044033,1408.9997357760706,47.96231526905092,0.34892927569308085,0.6524087073805332,1411.6122199732913,0.0019044655109703567,0,RELIANCE,15m,2026-03-10 09:15:00
1414.0,1415.300048828125,1406.5999755859375,1409.5,1795667,-0.002970892917123935,-0.0033233993311768684,0.0019321678154715096,0.55,0.5,0,1411.6005411135077,1409.0193539809306,39.35854455382119,0.1331514013929791,0.5485572461830225,1411.4620242527687,0.0019321678154715096,0,RELIANCE,15m,2026-03-10 09:30:00
1409.5,1411.5,1406.0,1409.5,2472455,0.0,-0.005222686348052452,0.0018704895008757837,0.5,0.55,0,1411.4004895788878,1409.0382028444235,45.918329215885734,-0.037422732618779264,0.43136125042266216,1411.0855255751385,0.0018704895008757837,0,RELIANCE,15m,2026-03-10 09:45:00
1409.5,1412.199951171875,1405.699951171875,1410.9000244140625,1114262,0.0009932773423642072,-0.00402368436404732,0.0018914204621939947,0.55,0.6,0,1411.3528262298566,1409.1112154549978,48.37662595020491,-0.0589541067756727,0.3332981789829952,1410.9897459570536,0.0018914204621939947,-1,RELIANCE,15m,2026-03-10 10:00:00
1431.0999755859375,1433.5,1412.199951171875,1412.800048828125,1985361,-0.012787315400742627,-0.002612037537504386,0.004772687542654898,0.6,0.6,0,1413.192225378742,1410.084364050496,50.234780349515155,1.308706685488005,0.7208506581963654,1419.5,0.004772687542654898,-1,RELIANCE,15m,2026-03-11 04:00:00
1412.800048828125,1413.0,1401.5,1406.199951171875,1461670,-0.004671643139964932,-0.006219115779593665,0.004877315540301911,0.55,0.65,-1,1412.5262945018976,1409.9320341336875,46.92977211765147,0.5890218667846057,0.6944848999140135,1414.1571220884866,0.004877315540301911,-1,RELIANCE,15m,2026-03-11 04:15:00
1406.0999755859375,1407.0,1395.699951171875,1404.5,1069799,-0.001208897191653513,-0.008681570019918317,0.004866749413339498,0.55,0.7,-1,1411.761885501717,1409.7190131872683,46.120670755555864,-0.11715490080246127,0.5321569397707185,1411.3724755852456,0.004866749413339498,0,RELIANCE,15m,2026-03-11 04:30:00
1404.5999755859375,1405.0,1401.800048828125,1403.199951171875,334916,-0.0009256310631007292,-0.006161961252035497,0.004816340547540983,0.5,0.65,-1,1410.9464631845892,1409.4633636964686,46.45439497444648,-0.7727997973006495,0.27116559235644494,1410.8175336393065,0.004816340547540983,-1,RELIANCE,15m,2026-03-11 04:45:00
1403.5,1404.699951171875,1400.4000244140625,1403.300048828125,274925,7.133527632063874e-05,-0.006091065540923424,0.004816599255071404,0.5,0.65,-1,1410.2182332458785,1409.2216650741807,42.0970487268587,-1.269689862750056,-0.03700549866485525,1410.387582468568,0.004816599255071404,-1,RELIANCE,15m,2026-03-11 05:00:00
1403.300048828125,1404.300048828125,1399.5999755859375,1403.699951171875,491167,0.0002849727997116247,-0.004114969016051795,0.004806555100532117,0.45,0.65,0,1409.5974444769258,1409.0051272740905,42.78990297503678,-1.612620754267482,-0.3521285497853806,1409.700885560944,0.004806555100532117,-1,RELIANCE,15m,2026-03-11 05:15:00
1403.699951171875,1404.9000244140625,1399.199951171875,1400.5999755859375,806914,-0.002208431782981468,-0.008424796045353955,0.004794020621537472,0.5,0.65,-1,1408.740542677784,1408.6755134823982,41.935465724604256,-2.110212858416844,-0.7037454115116734,1408.6792697478786,0.004794020621537472,-1,RELIANCE,15m,2026-03-11 05:30:00
1400.5999755859375,1401.0,1397.300048828125,1399.0,340503,-0.0011423501455283258,-0.0080828305563867,0.004790574894616408,0.45,0.65,-1,1407.8128719465665,1408.2960815811275,40.03043404748678,-2.6036495923588063,-1.0837262476811,1408.197134995394,0.004790574894616408,-1,RELIANCE,15m,2026-03-11 05:45:00
1399.300048828125,1400.4000244140625,1397.0,1397.699951171875,326433,-0.0009292700701394319,-0.008653147762911595,0.004792044102130744,0.45,0.7,-1,1406.849736634691,1407.8805470552745,40.838457514159415,-3.064281702479093,-1.4798373386406987,1407.744634557632,0.004792044102130744,-1,RELIANCE,15m,2026-03-11 06:00:00
1397.699951171875,1398.5999755859375,1395.5,1397.0,330375,-0.0005007878631519969,-0.007882945656126905,0.004787912497899031,0.45,0.7,-1,1405.911666479006,1407.45385893546,36.28901646047641,-3.4460917773669735,-1.8730882263859536,1407.2678467924816,0.004787912497899031,-1,RELIANCE,15m,2026-03-11 06:15:00
1397.0999755859375,1397.5999755859375,1392.5,1397.300048828125,467147,0.00021478083616677246,-0.011390954653911156,0.004690840256347754,0.4,0.75,-1,1405.0915124170174,1407.0556703037998,39.29828844572368,-3.68202350470915,-2.2348752820505933,1406.5887969986602,0.004690840256347754,-1,RELIANCE,15m,2026-03-11 06:30:00
1397.5,1399.5999755859375,1396.0999755859375,1399.0999755859375,392448,0.001288146206909646,-0.009767179977116847,0.00470901298185694,0.4,0.75,-1,1404.5208898616763,1406.7436822756483,41.15643080909051,-3.6813260169074056,-2.5241654290219557,1406.1944299545514,0.00470901298185694,-1,RELIANCE,15m,2026-03-11 06:45:00
1399.199951171875,1402.199951171875,1399.0,1400.4000244140625,505434,0.000929203667222156,-0.007582702400254826,0.004715230066869985,0.45,0.7,-1,1404.1284264857131,1406.4949113791156,41.05621061825441,-3.535119520039416,-2.7263562472254477,1405.8688029071868,0.004715230066869985,-1,RELIANCE,15m,2026-03-11 07:00:00
1400.9000244140625,1401.800048828125,1397.800048828125,1400.699951171875,480424,0.0002141722026447468,-0.008073100071637751,0.004710570662062486,0.4,0.75,-1,1403.8019050272524,1406.267658037655,10.82463685586552,-3.356358226769771,-2.8523566431343124,1405.5697515164493,0.004710570662062486,0,RELIANCE,15m,2026-03-11 07:15:00
1400.800048828125,1401.5,1398.0,1400.800048828125,522616,7.146259708679104e-05,-0.0061723669186768415,0.0046990591763805415,0.4,0.7,-1,1403.5160139606687,1406.0532419902224,20.87392448268507,-3.170068987649529,-2.915899112037356,1405.277766571568,0.0046990591763805415,-1,RELIANCE,15m,2026-03-11 07:30:00
1400.800048828125,1402.9000244140625,1399.5,1402.199951171875,1069014,0.000999359148310397,-0.008134682321002562,0.004646907546301393,0.4,0.7,-1,1403.3906746474504,1405.9021325463657,37.01290465772536,-2.8763166163287224,-2.9079826128956294,1404.9091500842865,0.004646907546301393,-1,RELIANCE,15m,2026-03-11 07:45:00
1402.0999755859375,1405.800048828125,1401.5,1403.199951171875,479439,0.0007131650512213206,-0.004469704737938951,0.004612443535249355,0.4,0.65,0,1403.3725105069195,1405.796164649327,45.578050522329804,-2.533618130350078,-2.8331097163865193,1404.8495657968942,0.004612443535249355,0,RELIANCE,15m,2026-03-11 08:00:00
1402.800048828125,1404.300048828125,1399.300048828125,1399.800048828125,493358,-0.002422963556199198,-0.006881838362451265,0.004638278334251057,0.4,0.65,-1,1403.03227606132,1405.5610228524172,39.88112538510725,-2.5074663054481334,-2.7679810341988422,1404.694611625292,0.004638278334251057,0,RELIANCE,15m,2026-03-11 08:15:00
1399.800048828125,1401.0999755859375,1398.800048828125,1399.9000244140625,364746,7.142133336923706e-05,-0.007796441852475189,0.004628954792032502,0.35,0.65,-1,1402.7339663806288,1405.3390229136583,39.880688547699144,-2.450426608935004,-2.7044701491460748,1404.5522245171796,0.004628954792032502,0,RELIANCE,15m,2026-03-11 08:30:00
1399.9000244140625,1400.0,1392.0999755859375,1392.9000244140625,790410,-0.005000357081163642,-0.026692720161800576,0.0031934150265579466,0.3,0.7,0,1401.797400479051,1404.851219050929,26.923016730049923,-2.9362168568643483,-2.7508194906897296,1403.9708649864156,0.0031934150265579466,0,RELIANCE,15m,2026-03-11 08:45:00
1392.9000244140625,1395.800048828125,1391.0,1391.699951171875,1291141,-0.0008615645208939204,-0.014934949693519495,0.0017168407661523498,0.25,0.7,0,1400.8357386402722,1404.335483055672,29.302151288558818,-3.3790929296117156,-2.876474178474127,1402.963729390145,0.0017168407661523498,0,RELIANCE,15m,2026-03-11 09:00:00
1391.699951171875,1393.9000244140625,1390.800048828125,1392.300048828125,591548,0.00043119758374987605,-0.009884726800172605,0.0014640315123728318,0.25,0.7,0,1400.0228158010202,1403.8635052428272,33.65865567835367,-3.6396963880508792,-3.0291186203894775,1402.5408339556934,0.0014640315123728318,0,RELIANCE,15m,2026-03-11 09:15:00
1392.300048828125,1394.0999755859375,1390.0,1392.0999755859375,1254026,-0.0001436998026078662,-0.008828782067684227,0.0014560686631172096,0.3,0.7,0,1399.26825959006,1403.4021903543216,35.56709139531226,-3.81835512394764,-3.1869659211011103,1401.726206689504,0.0014560686631172096,0,RELIANCE,15m,2026-03-11 09:30:00
1392.300048828125,1394.0999755859375,1389.0999755859375,1389.9000244140625,1882820,-0.00158031119205293,-0.009478283367032048,0.0014747457205264442,0.3,0.75,0,1398.3760467161555,1402.8726936507821,33.014432315303154,-4.0903105789000165,-3.3676348526608915,1400.6081314770631,0.0014747457205264442,0,RELIANCE,15m,2026-03-11 09:45:00
1389.9000244140625,1390.4000244140625,1383.800048828125,1387.0,1306348,-0.002086498570488926,-0.011615512193373756,0.0015111540530357577,0.3,0.75,0,1397.2926136955693,1402.2502350762418,28.08500249335107,-4.488108844968565,-3.5917296511224266,1399.6921758996764,0.0015111540530357577,0,RELIANCE,15m,2026-03-11 10:00:00
1392.4000244140625,1397.0,1387.699951171875,1387.699951171875,1455090,-0.003232294323966989,-0.00921035601808129,0.0018564274864971782,0.35,0.7,0,1395.9402032604319,1401.3009629574901,28.90351570896142,-4.5225186645075155,-3.896621380644578,1390.7999674479167,0.0018564274864971782,0,RELIANCE,15m,2026-03-12 04:00:00
1388.0999755859375,1394.0,1387.5999755859375,1393.0999755859375,800177,0.003891348709425424,-0.0042173155211311375,0.002086182467232909,0.35,0.7,0,1395.6697053866706,1400.979355609586,39.20460259606948,-4.188052236200065,-3.9549075517556753,1391.0719893668502,0.002086182467232909,0,RELIANCE,15m,2026-03-12 04:15:00
1392.5,1398.699951171875,1391.300048828125,1395.199951171875,894500,0.001507411975263384,-0.0017886528492069287,0.0021128986956582205,0.4,0.65,0,1395.6249668900234,1400.7527122983033,42.47297714131954,-3.710759378264129,-3.906077917057366,1392.2064301955738,0.0021128986956582205,0,RELIANCE,15m,2026-03-12 04:30:00
1395.5,1396.0,1393.0,1395.199951171875,365355,0.0,-0.0012885102563529038,0.002110707963741763,0.4,0.6,0,1395.5844892025807,1400.5349569600119,40.223477021488435,-3.294524126282795,-3.783767158902452,1392.4690699416092,0.002110707963741763,0,RELIANCE,15m,2026-03-12 04:45:00
1395.199951171875,1403.199951171875,1394.0999755859375,1402.800048828125,567080,0.005447317891508208,0.003936162461750881,0.0024447292142811246,0.45,0.55,0,1396.2716853573945,1400.6237840920949,49.52841867669329,-2.3245938551290237,-3.491932498147767,1393.5198601448549,0.0024447292142811246,0,RELIANCE,15m,2026-03-12 05:00:00
1402.800048828125,1405.4000244140625,1400.4000244140625,1404.5999755859375,546551,0.001283095733648043,0.003931098631959173,0.002444611080196495,0.45,0.55,0,1397.064855855351,1400.7797131702848,55.88223854473649,-1.3946019770476141,-3.0724663939277366,1394.6943539014123,0.002444611080196495,0,RELIANCE,15m,2026-03-12 05:15:00
1404.4000244140625,1409.9000244140625,1401.5999755859375,1409.800048828125,432781,0.003702173809321252,0.006712385211500971,0.00256392747069146,0.45,0.55,0,1398.2777313765675,1401.1334518235335,60.78427722298313,-0.2352623042218056,-2.5050255759865507,1395.7550866690187,0.00256392747069146,0,RELIANCE,15m,2026-03-12 05:30:00
1409.800048828125,1410.800048828125,1402.300048828125,1404.699951171875,636428,-0.003617603546325121,0.0028557150991928015,0.0027125013490839657,0.5,0.5,0,1398.889371357073,1401.2733145430764,63.40889607741413,0.2688879090799219,-1.9502428789732562,1396.8919372704452,0.0027125013490839657,0,RELIANCE,15m,2026-03-12 05:45:00
1404.800048828125,1406.300048828125,1402.0999755859375,1405.800048828125,337140,0.0007831549045989039,0.0035693887961973925,0.0027161366749629615,0.5,0.55,0,1399.5475311162209,1401.450833534647,66.05919384259465,0.7485702207513896,-1.410480259028327,1397.3299839678498,0.0027161366749629615,0,RELIANCE,15m,2026-03-12 06:00:00
1405.699951171875,1407.5999755859375,1404.199951171875,1405.4000244140625,225255,-0.0002845528525881047,0.00228218039767647,0.002710961173554392,0.5,0.55,0,1400.104911430301,1401.6057037652124,64.98842156131545,1.0839482014719124,-0.911594566928279,1397.6323457652777,0.002710961173554392,0,RELIANCE,15m,2026-03-12 06:15:00
1405.4000244140625,1409.800048828125,1405.4000244140625,1409.699951171875,240573,0.003059574984428437,0.004632269260394173,0.0027877808728728336,0.5,0.55,0,1401.0187247390222,1401.9231252321406,68.40995048253353,1.6773701419590452,-0.3938016251508142,1398.0271125971,0.0027877808728728336,0,RELIANCE,15m,2026-03-12 06:30:00
1409.5999755859375,1409.9000244140625,1407.0999755859375,1407.4000244140625,350067,-0.0016315009132975566,0.005429329419083917,0.0027534741667673886,0.55,0.5,0,1401.6264675652164,1402.137905592216,68.26716751869276,1.9397165916666381,0.07290201821267628,1398.5435129434034,0.0027534741667673886,0,RELIANCE,15m,2026-03-12 06:45:00
1407.5,1409.699951171875,1403.0999755859375,1405.300048828125,471008,-0.0014920957435763382,0.003857435759616168,0.0027815913662357244,0.55,0.5,0,1401.9763324473984,1402.2619112093105,69.42676314780067,1.955634229549105,0.449448460479962,1399.025315603897,0.0027815913662357244,0,RELIANCE,15m,2026-03-12 07:00:00
1404.699951171875,1407.699951171875,1404.300048828125,1407.0,179525,0.0012096713248481716,0.010122747748438687,0.002503708224470188,0.55,0.45,0,1402.4547769762175,1402.447718612867,66.97249504440438,2.081427523885395,0.7758442731610486,1399.200209509924,0.002503708224470188,0,RELIANCE,15m,2026-03-12 07:15:00
1407.0,1407.199951171875,1401.5999755859375,1403.300048828125,439550,-0.0026296738961443245,0.008335200160409784,0.0025844769994107825,0.55,0.45,0,1402.5352790573518,1402.481143327191,68.22439235863533,1.861110751903425,0.9928975689095241,1399.4677292930658,0.0025844769994107825,0,RELIANCE,15m,2026-03-12 07:30:00
1403.0999755859375,1408.5,1400.0,1405.5,518584,0.0015676983505503728,0.009480679960461869,0.002597238405989321,0.6,0.45,0,1402.817633432842,1402.5995298633795,65.65660613496176,1.84278333740167,1.1628747226079534,1399.7864282081705,0.002597238405989321,0,RELIANCE,15m,2026-03-12 07:45:00
1405.5,1409.800048828125,1404.5999755859375,1408.9000244140625,433788,0.002419085317725056,0.012068133842940254,0.0026281372219520193,0.6,0.4,0,1403.3969087643868,1402.8466080810533,66.74824579991821,2.0786508908379346,1.3460299562539497,1400.1756739971831,0.0026281372219520193,0,RELIANCE,15m,2026-03-12 08:00:00
1409.0,1410.300048828125,1405.4000244140625,1405.800048828125,483184,-0.0022002807383204592,0.011439689283238463,0.0026587257628914182,0.65,0.35,0,1403.6257792466477,1402.962429286821,62.04556551846591,1.992467578089645,1.475317480621089,1400.535926380108,0.0026587257628914182,0,RELIANCE,15m,2026-03-12 08:15:00
1405.800048828125,1406.9000244140625,1404.0,1406.9000244140625,538537,0.0007824552196127321,0.014347530219223081,0.0025840737005295733,0.65,0.35,0,1403.9376121197347,1403.1168447820069,55.466651909674184,1.9899861965745913,1.5782512238117894,1400.829084362689,0.0025840737005295733,0,RELIANCE,15m,2026-03-12 08:30:00
1406.9000244140625,1408.699951171875,1402.800048828125,1405.5,599207,-0.00099511293607768,0.009553260519029383,0.002507583764017438,0.65,0.35,0,1404.0864109654742,1403.210301849379,51.212971706649384,1.853681329632309,1.6333372449758934,1401.104774720049,0.002507583764017438,0,RELIANCE,15m,2026-03-12 08:45:00
1405.4000244140625,1405.5999755859375,1401.0,1402.5999755859375,654490,-0.0020633400313500028,0.010737209006514536,0.0024289287077041044,0.6,0.4,0,1403.9448456912328,1403.186367486107,39.65504540814715,1.4944242147562363,1.6055546389319622,1401.2197396187034,0.0024289287077041044,0,RELIANCE,15m,2026-03-12 09:00:00
1402.5,1402.699951171875,1398.0999755859375,1398.800048828125,1223646,-0.0027092020704085895,0.004091646932798287,0.002397380521032399,0.6,0.4,0,1403.4548650376034,1403.0143549897157,41.194111430966004,0.892796429375494,1.4630029970206686,1401.0861354124613,0.002397380521032399,0,RELIANCE,15m,2026-03-12 09:15:00
1398.9000244140625,1398.9000244140625,1392.0999755859375,1396.5999755859375,2481630,-0.0015728289715393196,0.0010034579007021094,0.0024083520107464414,0.55,0.45,0,1402.802018423159,1402.7628106993716,36.704993279024556,0.2357568923996496,1.217553776096465,1400.2153082456994,0.0024083520107464414,0,RELIANCE,15m,2026-03-12 09:30:00
1396.5999755859375,1396.699951171875,1388.9000244140625,1393.199951171875,3793056,-0.0024345012698686608,-0.0014334862887001032,0.00247185274978512,0.55,0.5,0,1401.8875358277987,1402.3877966002542,33.77638247239601,-0.552931380624841,0.8634567447522038,1398.7356525781222,0.00247185274978512,0,RELIANCE,15m,2026-03-12 09:45:00
1393.199951171875,1393.199951171875,1388.5999755859375,1390.0,1421424,-0.002296835546960363,-0.00912464241701294,0.0021475652561460277,0.5,0.55,0,1400.7553895584845,1401.9020006551461,23.013585011672006,-1.4198150910858658,0.4068023775845899,1398.1599911798296,0.0021475652561460277,0,RELIANCE,15m,2026-03-12 10:00:00
1393.800048828125,1397.0999755859375,1391.0,1395.9000244140625,526728,0.0011475116760428783,-0.009859571522654376,0.0020832252471655295,0.45,0.6,0,1399.7367313185312,1401.3802040939624,37.63150709134422,-1.843028603075254,-0.3866191458764707,1394.6666666666667,0.0020832252471655295,0,RELIANCE,15m,2026-03-13 04:00:00
1396.0,1398.0,1390.0999755859375,1397.9000244140625,1027065,0.0014327673651552963,-0.004840839320980672,0.0019885100738210267,0.45,0.65,0,1399.5618068514389,1401.2437264594566,38.120113592539354,-1.7433635359020627,-0.6579680238815891,1395.107336691567,0.0019885100738210267,0,RELIANCE,15m,2026-03-13 04:15:00
1397.800048828125,1399.5,1392.0,1397.5,1331720,-0.0002861609607812676,-0.0059041460661805045,0.0019738533291146316,0.5,0.6,0,1399.365444294159,1401.096913657125,41.71421595982143,-1.677321758060316,-0.8618387707173346,1395.673157829012,0.0019738533291146316,0,RELIANCE,15m,2026-03-13 04:30:00
1397.5,1397.800048828125,1394.300048828125,1396.0,338676,-0.0010733452593917336,-0.006688504518833738,0.001981516242264667,0.45,0.6,0,1399.0449257899534,1400.897034690179,36.15162321254441,-1.7261229662121877,-1.0346956098163054,1395.7109948862412,0.001981516242264667,0,RELIANCE,15m,2026-03-13 04:45:00
1396.0,1400.5999755859375,1394.0,1394.0,674568,-0.0014326647564469885,-0.01113708712185435,0.0018250706250487665,0.45,0.65,0,1398.5644566671008,1400.6265627415446,27.355602800565464,-1.9042307735537634,-1.208602642563797,1395.795601778112,0.0018250706250487665,0,RELIANCE,15m,2026-03-13 05:00:00
1394.0,1397.800048828125,1393.4000244140625,1394.9000244140625,774545,0.0006456416169744461,-0.008881625538697868,0.001825620940127604,0.4,0.7,0,1398.2154631191925,1400.4019926110552,32.2475595936301,-1.9502764725025372,-1.356937408551545,1395.7245162088848,0.001825620940127604,0,RELIANCE,15m,2026-03-13 05:15:00
1394.9000244140625,1395.300048828125,1392.5,1393.199951171875,403979,-0.0012187778424490592,-0.008610330346419781,0.0018183739775572254,0.4,0.7,0,1397.737795314686,1400.1195596134403,28.115018466446443,-2.0997451679500045,-1.505498960431237,1395.5607813279091,0.0018183739775572254,0,RELIANCE,15m,2026-03-13 05:30:00
1393.0,1395.0,1389.699951171875,1390.800048828125,485401,-0.0017225828508904417,-0.011513824571339759,0.001797239613505923,0.4,0.75,0,1397.0770575540614,1399.7540886022516,27.244692028027004,-2.384366752569349,-1.6812725188588595,1395.235523298776,0.001797239613505923,0,RELIANCE,15m,2026-03-13 05:45:00
1390.699951171875,1394.699951171875,1387.0999755859375,1394.4000244140625,482819,0.0025884206640420793,-0.006342210578197283,0.0018612356387544523,0.4,0.75,0,1396.8221020169187,1399.544125300754,37.57583155776515,-2.293011061269226,-1.8036202273409327,1394.982443851987,0.0018612356387544523,0,RELIANCE,15m,2026-03-13 06:00:00
1394.300048828125,1397.800048828125,1392.0999755859375,1397.699951171875,521686,0.002366556726932867,-0.005549661208199885,0.0019116860123469495,0.4,0.7,0,1396.9057066983432,1399.4718047466806,48.3075420673077,-1.9320628887014664,-1.8293087596130397,1395.0526843397038,0.0019116860123469495,0,RELIANCE,15m,2026-03-13 06:15:00
1398.4000244140625,1400.0,1395.5999755859375,1396.5,201602,-0.0008585184329933382,-0.008801209595563408,0.0018060115341618885,0.4,0.7,0,1396.8670679651677,1399.3552633840657,49.84130797877906,-1.7229735263126713,-1.808041712952966,1395.1216038797336,0.0018060115341618885,0,RELIANCE,15m,2026-03-13 06:30:00
1396.5999755859375,1396.5999755859375,1389.4000244140625,1390.5,298050,-0.004296455424274925,-0.010883517069784632,0.001967155588590749,0.35,0.75,0,1396.2606805399137,1399.007998153318,46.041110307647145,-2.018154526990429,-1.8500642757604586,1394.9969768666724,0.001967155588590749,0,RELIANCE,15m,2026-03-13 06:45:00
1390.9000244140625,1391.0999755859375,1384.800048828125,1385.5999755859375,724231,-0.0035239298195343105,-0.01513970321878122,0.0020482018984064243,0.35,0.75,0,1395.2453753062016,1398.4821933467542,43.85470193301122,-2.6173079192187743,-2.003513004452122,1394.2690982329982,0.0020482018984064243,0,RELIANCE,15m,2026-03-13 07:00:00
1385.300048828125,1385.5,1380.199951171875,1385.199951171875,515147,-0.00028870122770707773,-0.014443293367573773,0.002050033055063752,0.3,0.75,0,1394.2886682457895,1397.9613211046021,35.73648038450354,-3.0888140012120857,-2.220573203804115,1393.6094719374325,0.002050033055063752,0,RELIANCE,15m,2026-03-13 07:15:00
1385.199951171875,1385.5,1381.199951171875,1384.5,345109,-0.0005053069567919621,-0.01290458855054255,0.002025967478016302,0.3,0.7,0,1393.356414127143,1397.4334261593235,31.612791444018725,-3.4788639993769266,-2.472231362918677,1393.2155034365887,0.002025967478016302,0,RELIANCE,15m,2026-03-13 07:30:00
1384.9000244140625,1385.0,1380.199951171875,1380.199951171875,373743,-0.003105849641115932,-0.013297181160261351,0.0020490244868244393,0.3,0.7,0,1392.1034176552125,1396.7576036107962,23.423254995546074,-4.087837391642552,-2.795352568663452,1392.7427672539607,0.0020490244868244393,0,RELIANCE,15m,2026-03-13 07:45:00
1380.5,1384.199951171875,1378.5999755859375,1381.0999755859375,561624,0.000652097120636963,-0.011098381978345007,0.00205764232744588,0.3,0.7,0,1391.055470791472,1396.1435789823704,25.739556284287204,-4.446571436408021,-3.1255963422123663,1392.0724056393487,0.00205764232744588,0,RELIANCE,15m,2026-03-13 08:00:00
1381.0999755859375,1384.800048828125,1380.0,1384.0999755859375,846216,0.0021721816327795462,-0.006531708229162048,0.002093796991097849,0.35,0.65,0,1390.3930426766594,1395.6712808099614,33.14440636703472,-4.437641455111816,-3.3880053647922566,1391.3338374102973,0.002093796991097849,0,RELIANCE,15m,2026-03-13 08:15:00
1384.199951171875,1385.5,1380.199951171875,1382.9000244140625,698475,-0.0008669541167840578,-0.005107896104990961,0.0020468276819294784,0.4,0.6,0,1389.6794218897455,1395.1704472258086,33.91302194088945,-4.475796219030826,-3.6055635356399707,1390.8025366511679,0.0020468276819294784,0,RELIANCE,15m,2026-03-13 08:30:00
1382.800048828125,1388.0,1382.300048828125,1387.699951171875,943150,0.0034709137848532023,-0.004733627931661655,0.00208076769472805,0.4,0.55,0,1389.4909008689958,1394.8774865962425,40.6248509875354,-4.071783187642495,-3.6988074660404755,1390.4274072720507,0.00208076769472805,0,RELIANCE,15m,2026-03-13 08:45:00
1387.9000244140625,1389.0,1385.4000244140625,1386.300048828125,708684,-0.001008793249987372,-0.006877265862909598,0.002061125701886073,0.45,0.55,0,1389.1870101984366,1394.541116487689,40.94491720920695,-3.820519795171549,-3.7231499318666903,1390.2318540245562,0.002061125701886073,0,RELIANCE,15m,2026-03-13 09:00:00
1386.4000244140625,1388.199951171875,1380.0,1381.699951171875,1168001,-0.0033182554239528095,-0.011588863981154773,0.002118676151054338,0.4,0.55,0,1388.4739569578119,1394.037541377265,38.70950153875978,-3.947081681965983,-3.767936281886549,1389.6515140231986,0.002118676151054338,0,RELIANCE,15m,2026-03-13 09:15:00
1381.699951171875,1382.800048828125,1378.699951171875,1378.800048828125,779409,-0.0020987931144460514,-0.013381002627459782,0.0021440393869867707,0.35,0.6,0,1387.552632374032,1393.4399926498477,30.30292754954516,-4.232590108648765,-3.860867047238992,1389.146136838491,0.0021440393869867707,0,RELIANCE,15m,2026-03-13 09:30:00
1378.800048828125,1383.5,1378.5999755859375,1379.9000244140625,1287872,0.0007977774492191614,-0.011532933800814882,0.002166274349548207,0.4,0.65,0,1386.8238125683206,1392.9090135033464,26.203166666122684,-4.320297061631209,-3.9527530501174355,1388.4643955887404,0.002166274349548207,0,RELIANCE,15m,2026-03-13 09:45:00
1379.9000244140625,1382.199951171875,1379.0,1382.0999755859375,572139,0.00159428301540121,-0.008536602879528288,0.0022087143699081385,0.35,0.6,0,1386.3739233319031,1392.485129663448,31.24986092169972,-4.164284500409622,-3.9950593401758727,1388.210428764679,0.0022087143699081385,0,RELIANCE,15m,2026-03-13 10:00:00
1379.4000244140625,1387.0,1377.0,1386.5,565795,0.00514714764410229,-0.004809037759611945,0.0025505293279470985,0.45,0.55,0,1385.785005103291,1391.7574005053893,51.20647730880125,-3.631419066510716,-3.9567180987611135,1383.5,0.0025505293279470985,0,RELIANCE,15m,2026-03-16 04:00:00
1386.699951171875,1389.199951171875,1381.4000244140625,1383.0999755859375,874344,-0.0024522354230526178,-0.005536434405992052,0.002577954673019646,0.5,0.5,0,1385.5292880064003,1391.4178936458031,47.394550714101804,-3.4079763220065615,-3.8469697434102033,1384.1475898292738,0.002577954673019646,-1,RELIANCE,15m,2026-03-16 04:15:00
1383.0,1383.5999755859375,1377.5,1378.9000244140625,737831,-0.0030366215356888437,-0.01111589194536422,0.0025559349566178606,0.5,0.5,0,1384.8979295690347,1390.926996813186,43.60728748324308,-3.5291158456127505,-3.783398963850713,1382.7425106264736,0.0025559349566178606,0,RELIANCE,15m,2026-03-16 04:30:00
1378.9000244140625,1379.5,1366.0999755859375,1366.5999755859375,758641,-0.008920188998728706,-0.022250823976821543,0.0030709161047965798,0.45,0.55,0,1383.1552672849302,1389.9729959807448,36.87253000520805,-4.565008360703132,-3.939720843221197,1379.6400681788639,0.0030709161047965798,0,RELIANCE,15m,2026-03-16 04:45:00
1366.5999755859375,1369.4000244140625,1363.5,1367.9000244140625,473625,0.0009513016620446013,-0.02047975337338881,0.003105496679709086,0.4,0.6,-1,1381.7023870115142,1389.1073892526397,37.356297647443995,-5.220874574433992,-4.195951589463756,1377.8753165363166,0.003105496679709086,0,RELIANCE,15m,2026-03-16 05:00:00
1367.800048828125,1373.4000244140625,1367.5999755859375,1372.199951171875,456571,0.0031434510425236706,-0.013160768664599032,0.0031389817155749846,0.45,0.55,0,1380.797393122025,1388.4443524651588,38.87840572798898,-5.332218623606423,-4.42320499629229,1377.0713872192327,0.0031389817155749846,0,RELIANCE,15m,2026-03-16 05:15:00
1372.300048828125,1375.5,1369.800048828125,1374.9000244140625,384981,0.0019676966464556855,-0.00772225127050119,0.0031151434187413948,0.5,0.5,0,1380.235738959362,1387.913202345508,42.72724044407157,-5.143297507500165,-4.567223498533865,1376.7389612083175,0.0031151434187413948,0,RELIANCE,15m,2026-03-16 05:30:00
1374.800048828125,1378.800048828125,1372.0,1378.800048828125,307322,0.002836587638962662,-0.004620201104061361,0.0031974185405545443,0.55,0.45,0,1380.0990065659107,1387.5558237761988,41.77455966569342,-4.6255562523635945,-4.578890049299812,1376.7251023705564,0.0031974185405545443,0,RELIANCE,15m,2026-03-16 05:45:00
1378.300048828125,1380.5,1377.0,1377.5999755859375,375967,-0.0008703751085644695,-0.0049837662795684246,0.003200133936385501,0.6,0.45,0,1379.861003615437,1387.165398356973,41.929434785267325,-4.262937963501145,-4.515699632140079,1376.8501603877037,0.003200133936385501,0,RELIANCE,15m,2026-03-16 06:00:00
1377.4000244140625,1379.0,1372.0999755859375,1374.0999755859375,516529,-0.0025406504515299577,-0.004419631793754375,0.0031759437871794615,0.6,0.45,0,1379.3123342792944,1386.6530288365402,42.8030434390584,-4.209457105121601,-4.454451126736384,1376.6811763057137,0.0031759437871794615,0,RELIANCE,15m,2026-03-16 06:15:00
1374.0999755859375,1376.9000244140625,1373.0,1375.9000244140625,323160,0.0013099838877135284,-0.003765079475632427,0.0031887962160602004,0.6,0.4,0,1378.9873523873675,1386.2313423885998,47.19533819567584,-3.975991487850024,-4.358759198959112,1376.602020254163,0.0031887962160602004,0,RELIANCE,15m,2026-03-16 06:30:00
1376.0,1378.5999755859375,1375.5,1378.5999755859375,408932,0.0019623163921556053,-0.003973701392250728,0.003180971289803649,0.6,0.4,0,1378.9504593586598,1385.932073102221,48.780443117118686,-3.5323856658737895,-4.193484492342048,1376.6658118770665,0.003180971289803649,0,RELIANCE,15m,2026-03-16 06:45:00
1378.5999755859375,1379.9000244140625,1376.0999755859375,1376.9000244140625,422892,-0.0012330996677644146,-0.004338708434503236,0.003186096160366577,0.6,0.4,0,1378.7551798401266,1385.57787511445,45.0758083682821,-3.280184780134732,-4.010824549900585,1376.7277440576902,0.003186096160366577,0,RELIANCE,15m,2026-03-16 07:00:00
1376.5999755859375,1381.699951171875,1374.0999755859375,1374.300048828125,835516,-0.0018882820392452926,-0.009656195730521011,0.0030837183073542727,0.6,0.45,0,1378.3308816485076,1385.135607416947,45.161320210599946,-3.252615930298134,-3.859182825980095,1376.7246283531367,0.0030837183073542727,0,RELIANCE,15m,2026-03-16 07:15:00
1374.300048828125,1380.800048828125,1373.300048828125,1376.800048828125,521322,0.0018191078448492881,-0.006852773328566597,0.0031228055797559687,0.55,0.5,0,1378.1850880465663,1384.808722766405,39.91691114517455,-2.994519356434239,-3.6862501320709242,1376.7404764719195,0.0031228055797559687,0,RELIANCE,15m,2026-03-16 07:30:00
1376.800048828125,1381.5999755859375,1374.699951171875,1380.5999755859375,683561,0.002759969947013552,-0.000796103079402033,0.003113368674402226,0.6,0.45,0,1378.4150773360302,1384.643673857367,47.42268041237113,-2.4550533038502635,-3.4400107664267923,1376.9164584865116,0.003113368674402226,0,RELIANCE,15m,2026-03-16 07:45:00
1380.5999755859375,1382.699951171875,1376.5,1377.0,1059236,-0.0026075442920456826,-0.0013055183959812533,0.0031331320786094747,0.65,0.4,0,1378.280308065932,1384.343921941392,48.016676987846495,-2.2915944398339434,-3.210327501108223,1377.114731451035,0.0031331320786094747,0,RELIANCE,15m,2026-03-16 08:00:00
1376.699951171875,1378.4000244140625,1375.0,1377.199951171875,1025421,0.00014520782271243426,-0.0019567165696181554,0.0031271141103916002,0.6,0.4,0,1378.1774169331647,1384.0637662249405,64.80446546391929,-2.121462821098021,-2.992554565106183,1377.091027800714,0.0031271141103916002,0,RELIANCE,15m,2026-03-16 08:15:00
1377.0999755859375,1383.4000244140625,1377.0999755859375,1382.0,862468,0.0034853681370237144,-7.233600152201092e-05,0.003208361009803988,0.65,0.4,0,1378.5414724633397,1383.9828342161195,67.93893366879436,-1.5810827253023945,-2.710260197145425,1377.3694120539747,0.003208361009803988,1,RELIANCE,15m,2026-03-16 08:30:00
1381.800048828125,1387.199951171875,1381.5,1387.199951171875,996584,0.0037626274760311773,0.005654579251675562,0.003278886319583523,0.65,0.35,0,1379.3660894832,1384.1089956653648,68.65673907894497,-0.7248790499247662,-2.3131839677012938,1377.9971345691774,0.003278886319583523,1,RELIANCE,15m,2026-03-16 08:45:00
1387.300048828125,1395.0,1387.0,1391.0999755859375,2498025,0.0028114363836069245,0.003317688846691258,0.0031351168375424237,0.65,0.35,0,1380.4836024453657,1384.3831517406813,69.56520457145552,0.26530958404168814,-1.7974852573526974,1380.1553510126,0.0031351168375424237,0,RELIANCE,15m,2026-03-16 09:00:00
1391.4000244140625,1395.0,1389.5,1393.4000244140625,2149508,0.0016534029677890416,0.0074470746944821364,0.003088427121419755,0.6,0.35,1,1381.713737870956,1384.736754590618,68.34171162522505,1.221554607381222,-1.1936772844059136,1381.7112844674316,0.003088427121419755,0,RELIANCE,15m,2026-03-16 09:15:00
1393.5999755859375,1395.5999755859375,1390.5999755859375,1394.0999755859375,2026906,0.0005023332565028404,0.011023243819532125,0.002982192435560281,0.65,0.3,1,1382.8933795580972,1385.1039397276893,70.99247074025297,2.0126651367297654,-0.5524088001787778,1382.9445713988237,0.002982192435560281,0,RELIANCE,15m,2026-03-16 09:30:00
1394.0999755859375,1397.300048828125,1393.0,1393.9000244140625,2119216,-0.00014342670925804324,0.019976620310138582,0.001998371587926337,0.7,0.25,0,1383.9416314491416,1385.4488842251942,77.50025431487572,2.5935942028593217,0.0767918004288421,1384.1128547997982,0.001998371587926337,0,RELIANCE,15m,2026-03-16 09:45:00
1393.9000244140625,1396.699951171875,1392.5999755859375,1395.0,708496,0.0007891352081723646,0.01981137152003898,0.0019988716529549077,0.7,0.25,0,1384.9948094063664,1385.8234377849906,77.05403302498488,3.106928769185288,0.6828191941801313,1384.454511314771,0.0019988716529549077,0,RELIANCE,15m,2026-03-16 10:00:00
1399.5,1401.699951171875,1396.0,1400.0,460015,-0.00021427466804424533,0.01825585507326921,0.0020458759436823505,0.65,0.25,0,1387.7426939935758,1386.9248284917028,81.6439080021538,4.4467756966309935,1.949799950477594,1399.2333170572917,0.0020458759436823505,0,RELIANCE,15m,2026-03-17 04:00:00
1399.5,1401.800048828125,1396.199951171875,1400.5999755859375,441820,0.0004285539899553381,0.015810796334349453,0.0019966026859040125,0.65,0.25,0,1388.9671970023721,1387.461108769908,88.11597074548072,4.875086592998059,2.5348572789816872,1399.3802947145575,0.0019966026859040125,0,RELIANCE,15m,2026-03-17 04:15:00
1400.800048828125,1401.5,1398.0,1401.0999755859375,532503,0.00035698986771071084,0.017058653031700732,0.0019615489308387885,0.6,0.25,0,1390.1226997246163,1387.9959662921053,87.38464312140596,5.194987305616223,3.0668832843085947,1399.6846101479446,0.0019615489308387885,0,RELIANCE,15m,2026-03-17 04:30:00
1401.199951171875,1403.199951171875,1399.800048828125,1400.0,311516,-0.0007850800122078949,0.018848719070108766,0.001837274511832985,0.65,0.2,0,1391.0633949889384,1388.4667127120229,82.55045653589818,5.298672292343554,3.5132410859155865,1399.9193176235715,0.001837274511832985,0,RELIANCE,15m,2026-03-17 04:45:00
1400.0999755859375,1402.0,1398.5,1398.9000244140625,528160,-0.0007856968470981718,0.016716330832100113,0.0018741946902826549,0.65,0.25,0,1391.809740648474,1388.8758621905342,90.11004243407962,5.231775898538444,3.856948048440158,1399.891606933185,0.0018741946902826549,0,RELIANCE,15m,2026-03-17 05:00:00
1398.0999755859375,1401.0,1395.699951171875,1400.9000244140625,402878,0.0014296947352172573,0.016175866257829297,0.0018610098580182325,0.6,0.3,0,1392.6754819594823,1389.347397964006,90.72180949464526,5.2792869757734024,4.141415833906807,1399.7875173783366,0.0018610098580182325,0,RELIANCE,15m,2026-03-17 05:15:00
1401.5,1401.5999755859375,1398.4000244140625,1399.300048828125,345288,-0.001142105473662669,0.01626844652253867,0.0018558709312737056,0.6,0.3,0,1393.3063930898293,1389.737697997893,83.39790358765529,5.128714559620221,4.33887557904949,1399.7851370169387,0.0018558709312737056,0,RELIANCE,15m,2026-03-17 05:30:00
1399.300048828125,1400.0,1397.0,1397.0,483539,-0.0016437138196708778,0.016517463701781532,0.0018378827233617875,0.55,0.3,0,1393.6581651765123,1390.0224941548383,71.30445397418478,4.768818149739445,4.424864093187481,1399.5389155234209,0.0018378827233617875,0,RELIANCE,15m,2026-03-17 05:45:00
1397.0999755859375,1397.5999755859375,1391.0999755859375,1391.199951171875,605295,-0.0041517887101825135,0.010458964143708949,0.0021291096703848363,0.55,0.3,0,1393.424049557023,1390.0686689398203,50.200753991793356,3.969820564258953,4.333855387401776,1398.6203090493582,0.0021291096703848363,0,RELIANCE,15m,2026-03-17 06:00:00
1391.0999755859375,1392.199951171875,1388.699951171875,1389.9000244140625,377512,-0.0009343924694056316,0.006736237137899392,0.002084567991551711,0.5,0.35,0,1393.0884281148362,1390.0620554290063,42.67779434898973,3.1948873235669453,4.10606177463481,1397.9177154897407,0.002084567991551711,0,RELIANCE,15m,2026-03-17 06:15:00
1389.9000244140625,1393.9000244140625,1389.5999755859375,1393.5,289118,0.0025900967858858426,0.011982570806100323,0.0020210737284629974,0.5,0.35,0,1393.1276254372328,1390.1968767847316,48.88063950442962,2.8385144629451133,3.8525523122968712,1397.5797779204502,0.0020210737284629974,0,RELIANCE,15m,2026-03-17 06:30:00
1393.5,1395.0999755859375,1390.300048828125,1390.4000244140625,231524,-0.0022245967606296935,0.009584718058518238,0.002116225264781161,0.55,0.3,0,1392.8678539112166,1390.2048433584307,44.10773442059663,2.2796657138594583,3.5379749926093886,1397.3187997164264,0.002116225264781161,0,RELIANCE,15m,2026-03-17 06:45:00
1391.0,1391.9000244140625,1388.199951171875,1391.300048828125,220983,0.000647313289886986,0.006729413044952892,0.0019957617180105356,0.5,0.35,0,1392.7185391413982,1390.2477925925364,43.72889631885593,1.887638975226082,3.2079077891327277,1397.0292854902843,0.0019957617180105356,0,RELIANCE,15m,2026-03-17 07:00:00
1391.300048828125,1398.9000244140625,1390.800048828125,1398.9000244140625,704075,0.005462499330995296,0.008434309150820996,0.0021772578478258006,0.5,0.35,0,1393.3072520245091,1390.5870958012238,47.79869868140727,2.165249822466194,2.999376195799421,1396.9308975518295,0.0021772578478258006,0,RELIANCE,15m,2026-03-17 07:15:00
1398.9000244140625,1399.5,1396.699951171875,1399.199951171875,626350,0.00021440185329768546,0.005822712765504612,0.0021034623618255473,0.5,0.35,0,1393.8684614671154,1390.924854835367,48.742053864815894,2.382001768106875,2.875901310260912,1397.0775170858583,0.0021034623618255473,0,RELIANCE,15m,2026-03-17 07:30:00
1399.0,1401.5,1394.5,1400.699951171875,857608,0.0010720412037918958,0.005238931125239654,0.002087622358201286,0.55,0.4,0,1394.5190795342353,1391.3081919466024,50.15286866733612,2.644334468900979,2.8295879419889256,1397.2882104265154,0.002087622358201286,0,RELIANCE,15m,2026-03-17 07:45:00
1400.9000244140625,1402.5,1398.0999755859375,1400.0,436407,-0.0004997152825552131,0.004232138668234908,0.002093601228131833,0.55,0.4,0,1395.0410719595461,1391.6490471643829,48.328293415950874,2.7638943607250894,2.8164492257361586,1397.4499911991752,0.002093601228131833,0,RELIANCE,15m,2026-03-17 08:00:00
1400.5,1400.800048828125,1397.0999755859375,1400.5,331991,0.0003571428571429447,0.004734898823688383,0.0020921042244498897,0.5,0.45,0,1395.5609698681608,1391.996143354015,50.77399848828419,2.865955308898492,2.826350442368626,1397.531773902491,0.0020921042244498897,0,RELIANCE,15m,2026-03-17 08:15:00
1400.5,1402.9000244140625,1398.300048828125,1401.300048828125,560422,0.0005712594274365212,0.004516164034498171,0.0020896507746881805,0.55,0.4,0,1396.107548816729,1392.3610023922154,53.75005245228749,2.97707868980865,2.8564960918566307,1397.743307970954,0.0020896507746881805,0,RELIANCE,15m,2026-03-17 08:30:00
1401.0,1405.9000244140625,1398.4000244140625,1401.4000244140625,1334332,7.134488150573048e-05,0.0007855284921671757,0.0019130715437879978,0.55,0.4,0,1396.6115941117132,1392.7154738440524,50.830568826091536,3.0381896054702793,2.89283479457936,1398.2934770918885,0.0019130715437879978,0,RELIANCE,15m,2026-03-17 08:45:00
1401.4000244140625,1402.9000244140625,1399.199951171875,1402.4000244140625,349816,0.0007135721297122366,0.001714303152901886,0.0019177996908004348,0.55,0.4,0,1397.1628731881274,1393.0952601409156,55.254217650198825,3.131217364402346,2.9405113085439574,1398.4010100870576,0.0019177996908004348,0,RELIANCE,15m,2026-03-17 09:00:00
1402.4000244140625,1402.5999755859375,1398.5,1400.4000244140625,465430,-0.0014261266152185703,-0.0001427610847924976,0.001945081637934612,0.5,0.45,0,1397.471173304883,1393.3817214849605,55.821993687422925,3.0088748124044287,2.954184009316052,1398.490665070169,0.001945081637934612,0,RELIANCE,15m,2026-03-17 09:15:00
1400.4000244140625,1405.0999755859375,1396.199951171875,1397.4000244140625,2470840,-0.0021422450354892097,-0.0026407474386884733,0.0020000824394393927,0.55,0.5,0,1397.4643972200429,1393.539301991984,61.74266069256983,2.6394169746577063,2.891230602384383,1398.689550657023,0.0020000824394393927,0,RELIANCE,15m,2026-03-17 09:30:00
1397.4000244140625,1402.0,1392.300048828125,1395.4000244140625,4118676,-0.0014312294010718762,-0.0032856968470982295,0.002016368079505716,0.5,0.55,0,1397.26779028614,1393.6122714987323,60.14765632742048,2.1603327203015397,2.7450510259678147,1398.189532254504,0.002016368079505716,0,RELIANCE,15m,2026-03-17 09:45:00
1395.300048828125,1399.699951171875,1393.5999755859375,1394.800048828125,896350,-0.00042996673028539156,-0.0029308567548669284,0.0020121470750068555,0.5,0.5,0,1397.0327672901387,1393.6588510018457,52.69721313302199,1.7125013321665392,2.5385410872075598,1398.0843930370554,0.0020121470750068555,1,RELIANCE,15m,2026-03-17 10:00:00
1407.699951171875,1409.9000244140625,1403.199951171875,1409.4000244140625,636456,0.0012076957456539361,0.007217876962411385,0.002886879140330981,0.55,0.45,0,1399.1297690740632,1394.8051899117684,76.0807849124572,2.995822124349388,2.603218342859262,1407.5,0.002886879140330981,1,RELIANCE,15m,2026-03-18 04:00:00
1409.5,1410.0,1406.199951171875,1410.0,322697,0.00042569573970796526,0.009305654974946398,0.0028479701305091686,0.6,0.4,1,1400.1650291622477,1395.4010648171893,70.03618062992196,3.4989407468251557,2.782362823652441,1407.9149366310037,0.0028479701305091686,1,RELIANCE,15m,2026-03-18 04:15:00
1409.9000244140625,1412.0,1407.199951171875,1408.199951171875,542683,-0.0012766303745567198,0.012219666903869664,0.002669525909701235,0.65,0.35,1,1400.9302598298314,1395.9029819291377,65.41098467429747,3.7096543964148623,2.9678211382049255,1408.355188104632,0.002669525909701235,1,RELIANCE,15m,2026-03-18 04:30:00
1408.4000244140625,1408.5,1405.5,1408.0999755859375,191526,-7.099530564125267e-05,0.013094431867175071,0.002650132991187073,0.65,0.35,1,1401.6130899018415,1396.381295405875,63.30943149334539,3.8244929139229953,3.1391554933485395,1408.2433814646045,0.002650132991187073,1,RELIANCE,15m,2026-03-18 04:45:00
1408.5,1409.5,1407.0999755859375,1408.800048828125,281343,0.0004971758073470944,0.010979582940886301,0.002610686801184208,0.65,0.35,1,1402.2975621805351,1396.8683053440027,65.82739815050628,3.9267284450918396,3.2966700836972,1408.275194833274,0.002610686801184208,1,RELIANCE,15m,2026-03-18 05:00:00
1409.0,1410.5999755859375,1407.4000244140625,1409.9000244140625,283077,0.0007807890032744957,0.014024740835442362,0.002527794240559754,0.65,0.35,1,1403.0216062027757,1397.3793531506717,66.54932453052399,4.049825806052695,3.4473012281682993,1408.4036842427336,0.002527794240559754,1,RELIANCE,15m,2026-03-18 05:15:00
1410.0,1412.5999755859375,1408.199951171875,1411.5999755859375,290098,0.0012057246204968397,0.014590617440796372,0.0025302687069169456,0.7,0.3,1,1403.8385937630767,1397.9370246187214,67.5767107592959,4.235726386829356,3.604986259900511,1408.6765216468723,0.0025302687069169456,0,RELIANCE,15m,2026-03-18 05:30:00
1412.0999755859375,1412.9000244140625,1409.9000244140625,1410.5999755859375,233502,-0.0007084159941168622,0.008363679296363946,0.00228704795979779,0.7,0.3,1,1404.4825348890633,1398.4336109311612,65.23173186525355,4.253332524055168,3.7346555127314423,1408.882776070988,0.00228704795979779,0,RELIANCE,15m,2026-03-18 05:45:00
1410.699951171875,1410.800048828125,1408.5999755859375,1409.800048828125,179816,-0.0005670826397683459,0.007575827634479282,0.0022973800687788384,0.65,0.35,1,1404.9889647880216,1398.8793535937873,62.33342420826908,4.154843659160861,3.818693142017326,1408.9344268537877,0.0022973800687788384,0,RELIANCE,15m,2026-03-18 06:00:00
1410.0,1410.699951171875,1408.5,1408.5,146927,-0.0009221512151355027,0.00556867930322924,0.0023090064635851934,0.6,0.35,0,1405.3233490939242,1399.2566338450115,63.82251848765753,3.926623774060772,3.8402792684260154,1408.948555964081,0.0023090064635851934,0,RELIANCE,15m,2026-03-18 06:15:00
1408.800048828125,1409.9000244140625,1407.300048828125,1407.800048828125,141901,-0.0004969479388533538,0.005571463448660774,0.0023089573484637613,0.55,0.4,0,1405.5592252590861,1399.591669726702,69.25939154455813,3.6472346107807425,3.801670336896961,1408.9216961997101,0.0023089573484637613,0,RELIANCE,15m,2026-03-18 06:30:00
1408.300048828125,1408.9000244140625,1407.5,1408.0999755859375,182366,0.0002130464181060443,0.0054266159128435465,0.002308929960480453,0.55,0.35,0,1405.801201480691,1399.9253287800057,75.0989114911028,3.4107018212471303,3.723476633766995,1408.8815808178356,0.002308929960480453,0,RELIANCE,15m,2026-03-18 06:45:00
1408.5,1408.5,1405.300048828125,1406.5,355217,-0.0011362656158500073,0.003710804960167957,0.0023288104982866343,0.5,0.4,0,1405.8677537206252,1400.1831590239271,72.24341836545246,3.0588823317514198,3.5905577733638805,1408.6832373038908,0.0023288104982866343,0,RELIANCE,15m,2026-03-18 07:00:00
1406.699951171875,1408.5999755859375,1406.0,1408.5999755859375,151728,0.0014930505410148953,0.005137684491539396,0.002346698986228122,0.5,0.4,0,1406.1279653268455,1400.5132302616532,52.90332742665879,2.9159006436257187,3.4556263474162483,1408.6466500560427,0.002346698986228122,0,RELIANCE,15m,2026-03-18 07:15:00
1408.4000244140625,1412.300048828125,1407.699951171875,1411.5,334719,0.002058799136962941,0.00648885869047211,0.0023794675913370723,0.55,0.4,0,1406.6395876766696,1400.9440839768824,56.287416395599585,3.0019892954339866,3.364898937019796,1408.7917935543712,0.0023794675913370723,0,RELIANCE,15m,2026-03-18 07:30:00
1411.5,1411.699951171875,1409.300048828125,1409.300048828125,262992,-0.0015585909825540645,0.006355344372252825,0.0023847800897566487,0.55,0.35,0,1406.8929649291892,1401.2717688730097,48.08754469288649,2.8597322847590476,3.263865606567647,1408.8676252647736,0.0023847800897566487,0,RELIANCE,15m,2026-03-18 07:45:00
1409.0999755859375,1410.699951171875,1408.5,1409.4000244140625,403771,7.093988680462182e-05,0.00858737640643148,0.002314860737490086,0.5,0.35,0,1407.1317324991771,1401.5905239922668,53.614736919513184,2.7236630805753066,3.155825101369179,1408.9220272427965,0.002314860737490086,0,RELIANCE,15m,2026-03-18 08:00:00
1409.5,1409.9000244140625,1408.0999755859375,1408.0999755859375,204483,-0.0009224129456543162,0.009101297799681385,0.0022960465151152377,0.5,0.35,0,1407.2239461264876,1401.8457966037834,50.0,2.4823096598906886,3.021122013073481,1408.9132031813954,0.0022960465151152377,0,RELIANCE,15m,2026-03-18 08:15:00
1408.0999755859375,1411.0,1407.199951171875,1409.9000244140625,453010,0.0012783530000246568,0.010825906981164923,0.0022931423445714046,0.55,0.4,0,1407.4788107253041,1402.1616486747746,52.91002215375871,2.408520309063533,2.8986016722714916,1408.9498963501321,0.0022931423445714046,0,RELIANCE,15m,2026-03-18 08:30:00
1409.9000244140625,1411.5,1409.0999755859375,1411.4000244140625,278432,0.0010639052230836388,0.0026284530585565236,0.0010516673551484207,0.55,0.4,0,1407.852259648043,1402.5239379194527,53.88604968881243,2.4429187343807826,2.80746508469335,1409.0312345525065,0.0010516673551484207,0,RELIANCE,15m,2026-03-18 08:45:00
1411.4000244140625,1411.9000244140625,1409.0999755859375,1409.199951171875,331293,-0.001558787873126799,-0.00014195632093216837,0.0010841406120871869,0.55,0.4,0,1407.9806112217411,1402.7857423607243,43.9393098686198,2.266525119689504,2.699277091692581,1409.086489703089,0.0010841406120871869,0,RELIANCE,15m,2026-03-18 09:00:00
1409.4000244140625,1410.800048828125,1408.0,1409.9000244140625,447879,0.0004967877281043531,-7.09046708776695e-05,0.0010857477375702564,0.5,0.45,0,1408.1634124781526,1403.0647338137962,48.205253405448715,2.158341946648079,2.591090062683681,1409.118802627834,0.0010857477375702564,0,RELIANCE,15m,2026-03-18 09:15:00
1409.9000244140625,1410.699951171875,1408.300048828125,1410.5,624514,0.00042554477306766536,0.0016333254565241706,0.0010466666809255142,0.45,0.45,0,1408.3859446230904,1403.356312879922,51.81334041718847,2.096847861272863,2.4922416224015174,1409.1800949455974,0.0010466666809255142,0,RELIANCE,15m,2026-03-18 09:30:00
1410.4000244140625,1410.5,1407.0999755859375,1407.300048828125,1100958,-0.0022686644252924992,-0.0005680894621702404,0.001171503346815711,0.45,0.45,0,1408.2825259759509,1403.5109691916161,47.1699199631485,1.7695062722821149,2.347694552377637,1409.064488961064,0.001171503346815711,0,RELIANCE,15m,2026-03-18 09:45:00
1407.199951171875,1408.0,1405.0999755859375,1407.199951171875,692134,-7.11274445939214e-05,-0.0011357876212320095,0.0011649747285729735,0.4,0.5,0,1408.179423613658,1403.6556351516263,48.543459195524896,1.4848917525196157,2.1751339924060327,1408.889207760036,0.0011649747285729735,0,RELIANCE,15m,2026-03-18 10:00:00
1402.4000244140625,1404.9000244140625,1398.199951171875,1401.4000244140625,531387,-0.00028536481675611736,-0.007225808549366941,0.0013760517607598905,0.3,0.55,0,1406.9840698534917,1403.4972653880989,39.591938417079795,0.24757507922640798,1.5718759525530284,1401.5,0.0013760517607598905,0,RELIANCE,15m,2026-03-19 04:00:00
1401.0999755859375,1404.5,1400.300048828125,1401.4000244140625,606656,0.0,-0.006522012853469317,0.0013757731288510102,0.25,0.55,0,1406.4522560021173,1403.415020644019,33.92878551732406,-0.1991987721962687,1.217661007603169,1401.8020857245913,0.0013757731288510102,0,RELIANCE,15m,2026-03-19 04:15:00
1401.9000244140625,1406.699951171875,1401.4000244140625,1406.699951171875,456912,0.0037818800238913486,-0.0021989626534818507,0.0016517142500585566,0.3,0.5,0,1406.4758460182848,1403.543841449033,40.32250125515599,-0.1241790138876695,0.9492930033050013,1402.6990975226215,0.0016517142500585566,0,RELIANCE,15m,2026-03-19 04:30:00
1406.9000244140625,1408.0,1404.0999755859375,1406.5,458736,-0.0001421420194892553,-0.00141995030173947,0.0016406696159765122,0.35,0.45,0,1406.4781463974957,1403.6597692353455,43.85955519386652,-0.07993822534649553,0.743446757574702,1403.4810974757106,0.0016406696159765122,0,RELIANCE,15m,2026-03-19 04:45:00
1406.4000244140625,1413.5,1406.4000244140625,1410.9000244140625,589533,0.0031283500988712465,0.0022019999136368984,0.00178491438027003,0.4,0.4,0,1406.8992776371688,1403.9437008109817,52.76751770238374,0.30663343660194187,0.6560840933801501,1404.9945244713476,0.00178491438027003,0,RELIANCE,15m,2026-03-19 05:00:00
1411.0999755859375,1415.5999755859375,1410.5999755859375,1411.699951171875,543901,0.000566962041229413,0.002556619308539787,0.0017877262840641178,0.45,0.4,0,1407.356484640474,1404.2478674918011,56.76687761292661,0.6698203953146731,0.6588313537670547,1406.2981250749424,0.0017877262840641178,0,RELIANCE,15m,2026-03-19 05:15:00
1411.699951171875,1412.800048828125,1406.5999755859375,1409.4000244140625,356852,-0.001629189514318008,0.002061873028128325,0.001809357487207685,0.45,0.4,0,1407.5511074760539,1404.4499128613015,49.077485788416325,0.7632653606879103,0.6797181551512258,1406.630600844084,0.001809357487207685,0,RELIANCE,15m,2026-03-19 05:30:00
1409.5,1410.0999755859375,1404.4000244140625,1405.0999755859375,319571,-0.0030509782557387455,-0.0024847366609843657,0.0019084122621151594,0.4,0.45,0,1407.3176663436618,1404.4754055171695,39.46476688168531,0.4847552092560363,0.640725565972188,1406.6225547485383,0.0019084122621151594,0,RELIANCE,15m,2026-03-19 05:45:00
1404.800048828125,1408.4000244140625,1404.800048828125,1407.199951171875,245055,0.0014945381982955919,-0.003046439127258216,0.001878400263896747,0.35,0.45,0,1407.3064553749202,1404.582250444805,46.64427330820907,0.42854439422876567,0.5982893316235036,1406.633138842538,0.001878400263896747,0,RELIANCE,15m,2026-03-19 06:00:00
1407.0999755859375,1408.0,1401.0999755859375,1402.199951171875,462856,-0.0035531553251093584,-0.005038031228448481,0.002005706714052716,0.35,0.5,0,1406.8201216412967,1404.4888269439057,38.70948110759098,-0.019239513775346495,0.4747835625437336,1406.3429087112756,0.002005706714052716,0,RELIANCE,15m,2026-03-19 06:15:00
1402.199951171875,1402.5,1399.4000244140625,1400.9000244140625,317973,-0.0009270623328192507,-0.006030935045239327,0.0020096969132646168,0.35,0.5,0,1406.2563028577506,1404.3480895897942,36.20680583276916,-0.47354596923037207,0.2851176561889125,1405.9911104377118,0.0020096969132646168,0,RELIANCE,15m,2026-03-19 06:30:00
1400.9000244140625,1401.5,1397.5,1399.9000244140625,329413,-0.0007138268131720027,-0.005823415463424686,0.002006838806034911,0.35,0.5,0,1405.6509430059707,1404.1736556613341,38.65017580516519,-0.9038596198663527,0.04732220097785947,1405.589808665286,0.002006838806034911,0,RELIANCE,15m,2026-03-19 06:45:00
1399.800048828125,1400.300048828125,1397.800048828125,1398.5999755859375,228374,-0.000928672623367599,-0.008014787312895622,0.0019765063661463063,0.3,0.45,0,1404.979422299301,1403.9550799721028,37.278023164684505,-1.3344071487349538,-0.22902366896470316,1405.3093402668997,0.0019765063661463063,0,RELIANCE,15m,2026-03-19 07:00:00
1398.5999755859375,1400.5999755859375,1397.0999755859375,1400.199951171875,194840,0.0011439837078983661,-0.007935435063377683,0.0019797073714111634,0.3,0.5,0,1404.5242345728793,1403.8078200191526,47.33314887002661,-1.528890412090277,-0.48899701758981795,1405.1018156380276,0.0019797073714111634,0,RELIANCE,15m,2026-03-19 07:15:00
1400.199951171875,1401.5999755859375,1398.800048828125,1399.9000244140625,370331,-0.00021420280550754622,-0.006599437326178403,0.001960897679029358,0.3,0.5,0,1404.083833605373,1403.6545731326785,47.49161012174509,-1.6877658679111391,-0.7287507876540822,1404.7937316049686,0.001960897679029358,0,RELIANCE,15m,2026-03-19 07:30:00
1399.800048828125,1400.0,1395.5999755859375,1396.9000244140625,321805,-0.0021430101776415134,-0.00922051193339235,0.0019909873825091034,0.3,0.5,0,1403.3996613014388,1403.3896888692034,43.16102317504841,-2.032323380387197,-0.9894653062007053,1404.4231779199085,0.0019909873825091034,0,RELIANCE,15m,2026-03-19 07:45:00
1396.5999755859375,1397.0,1394.0999755859375,1395.5,366721,-0.0010022366594558685,-0.010634526763559027,0.001983101446284425,0.3,0.55,0,1402.6473126060637,1403.0802893057053,30.689576791291685,-2.3907983262652124,-1.2697319102136067,1403.9366629895594,0.001983101446284425,0,RELIANCE,15m,2026-03-19 08:00:00
1395.5,1397.4000244140625,1394.199951171875,1395.199951171875,325412,-0.00021501170055537866,-0.00859809368039599,0.0019412021676478294,0.35,0.5,0,1401.938040088522,1402.7712564377118,30.584010806003704,-2.66834471942434,-1.5494544720557535,1403.5505640028073,0.0019412021676478294,0,RELIANCE,15m,2026-03-19 08:15:00
1395.300048828125,1397.5,1389.300048828125,1390.800048828125,644154,-0.0031535998406926335,-0.011654280068793765,0.0020314878441537727,0.4,0.5,0,1400.8772790161033,1402.3017973157673,15.46364074920821,-3.20637647117951,-1.880838871880505,1402.625358489502,0.0020314878441537727,0,RELIANCE,15m,2026-03-19 08:30:00
1390.5,1392.0,1389.0,1391.0999755859375,393206,0.00021565052292404907,-0.0076330952129246565,0.001886877680030068,0.4,0.5,0,1399.9461072608497,1401.8625101891073,13.985718492972353,-3.567445635365175,-2.218160224577439,1402.043847187212,0.001886877680030068,0,RELIANCE,15m,2026-03-19 08:45:00
1391.0999755859375,1392.9000244140625,1390.0,1392.5,264053,0.0010064153825268818,-0.006350809375633926,0.0019122747051505643,0.45,0.5,0,1399.236954188388,1401.4953529267893,19.49435256062789,-3.697997071307782,-2.5141275939235075,1401.7190392432021,0.0019122747051505643,-1,RELIANCE,15m,2026-03-19 09:00:00
1392.300048828125,1393.800048828125,1389.5,1390.5,507245,-0.0014362657091562259,-0.00777795363505851,0.0019266673443808417,0.5,0.55,0,1398.4048633133032,1401.064162615935,21.259641956025476,-3.9176827026437877,-2.7948386156675635,1401.1189358053875,0.0019266673443808417,-1,RELIANCE,15m,2026-03-19 09:15:00
1390.5,1390.5999755859375,1376.800048828125,1382.699951171875,2361149,-0.005609528103649786,-0.01706120767261443,0.001999796747903467,0.45,0.6,0,1396.909157395072,1400.3439974612659,10.610746948227813,-4.667381235391531,-3.1693471396123574,1397.3751642503194,0.001999796747903467,0,RELIANCE,15m,2026-03-19 09:30:00
1382.699951171875,1390.0999755859375,1380.4000244140625,1389.9000244140625,3348323,0.005207256452193665,-0.011802328891530434,0.002415195630742101,0.4,0.6,-1,1396.2416209206901,1399.9344298907872,31.531600884186915,-4.627197533917752,-3.460917218473436,1394.9406260613127,0.002415195630742101,0,RELIANCE,15m,2026-03-19 09:45:00
1389.800048828125,1394.0,1384.800048828125,1384.800048828125,695494,-0.003669311098895345,-0.018498812909707563,0.0023414639447234464,0.4,0.6,-1,1395.1519473880649,1399.3409247510751,28.301905416832554,-4.949818640371632,-3.7586975028530754,1394.6177986878774,0.0023414639447234464,0,RELIANCE,15m,2026-03-19 10:00:00
1408.4000244140625,1413.800048828125,1405.0,1413.0,749861,0.00326610018900797,0.0025542610497926166,0.004697320529739466,0.45,0.55,0,1397.9933195801036,1400.2179018530987,61.428612949166336,-1.5382709357859312,-3.2353897313546858,1410.6000162760417,0.004697320529739466,0,RELIANCE,15m,2026-03-20 04:00:00
1413.0,1413.300048828125,1409.199951171875,1411.4000244140625,827323,-0.0011323252554406027,0.004483701471489798,0.004648099848901761,0.45,0.5,0,1399.2701486119092,1400.6564164633328,58.88896424107964,-0.29665420231890494,-2.6476426255475296,1410.9672019482448,0.004648099848901761,1,RELIANCE,15m,2026-03-20 04:15:00
1411.4000244140625,1416.699951171875,1411.4000244140625,1416.0,977067,0.003259157932810064,0.006253588070974869,0.004689849700641029,0.5,0.5,0,1400.8634677917275,1401.2581256216336,61.961361892617916,1.0464527347717194,-1.9088235534836802,1412.3950905318818,0.004689849700641029,1,RELIANCE,15m,2026-03-20 04:30:00
1416.0999755859375,1423.0999755859375,1416.0,1420.699951171875,773148,0.0033191745564089548,0.013193553447594208,0.004642493488248562,0.55,0.45,0,1402.752656685075,1402.0205501530156,67.24635424867358,2.461743987117643,-1.0347100453634157,1414.1466563855029,0.004642493488248562,1,RELIANCE,15m,2026-03-20 04:45:00
1420.699951171875,1428.199951171875,1420.0,1426.800048828125,955050,0.004293726941581255,0.018488131888565906,0.004694703551415686,0.6,0.4,1,1405.0428845082226,1402.9922951990984,71.23478260869565,4.029153824216337,-0.021937271447465156,1416.567113889848,0.004694703551415686,1,RELIANCE,15m,2026-03-20 05:00:00
1426.800048828125,1429.9000244140625,1426.0,1428.5,1059728,0.0011914431691191218,0.020430012920321428,0.004678964882034352,0.65,0.35,1,1407.2768955074396,1403.9925973481534,72.17051516698146,5.3468738319593285,1.0518249492338936,1418.8615072097425,0.004678964882034352,1,RELIANCE,15m,2026-03-20 05:15:00
1428.5999755859375,1430.0,1425.699951171875,1426.5,900881,-0.0014000700035001756,0.019948537752815243,0.0046904817729889435,0.7,0.4,1,1409.107667363874,1404.8752405894024,74.55294026778249,6.158798352761323,2.0732196299393797,1420.0936199436949,0.0046904817729889435,1,RELIANCE,15m,2026-03-20 05:30:00
1426.4000244140625,1429.5,1425.800048828125,1428.0999755859375,454576,0.0011216092435593072,0.019925743027424003,0.004690447909384305,0.65,0.35,1,1410.9164586231182,1405.7860145108352,75.0,6.852369196680684,3.0290495432876408,1420.6166612325776,0.004690447909384305,1,RELIANCE,15m,2026-03-20 05:45:00
1428.4000244140625,1429.5,1426.300048828125,1427.0,380053,-0.0007702371015629872,0.019358507831500615,0.00469964602550497,0.6,0.35,1,1412.4482244685355,1406.6179355104105,73.40571428571428,7.229928139372532,3.869225262504619,1420.9916488569713,0.00469964602550497,0,RELIANCE,15m,2026-03-20 06:00:00
1427.0,1428.199951171875,1426.300048828125,1427.699951171875,429655,0.0004905053762263023,0.02204876957513946,0.004644416233309137,0.6,0.3,1,1413.9007698688536,1407.4446812226247,75.69060866632945,7.499180645057095,4.595216339015114,1421.3584062415791,0.004644416233309137,0,RELIANCE,15m,2026-03-20 06:15:00
1427.699951171875,1428.199951171875,1423.300048828125,1423.699951171875,357680,-0.002801709138335884,0.02020777583079547,0.004704353522144589,0.6,0.3,1,1414.8340252310459,1408.082142789262,79.88344573553749,7.305584395721098,5.137289950356312,1421.5270471897202,0.004704353522144589,0,RELIANCE,15m,2026-03-20 06:30:00
1423.5,1425.800048828125,1422.9000244140625,1423.5,373434,-0.00014044474168195542,0.020283865982331006,0.00470335995892416,0.55,0.35,0,1415.6593561614222,1408.6867646406633,77.2728263562051,7.054701378733171,5.520772236031684,1421.642164558411,0.00470335995892416,0,RELIANCE,15m,2026-03-20 06:45:00
1423.9000244140625,1424.5,1419.199951171875,1421.199951171875,661610,-0.0016157701637689037,0.02185785251400052,0.004643817791305645,0.5,0.35,0,1416.1870318767035,1409.1774778379656,80.95240072412018,6.594265474533586,5.735470883732065,1421.641505646038,0.004643817791305645,0,RELIANCE,15m,2026-03-20 07:00:00
1421.5,1424.4000244140625,1420.5999755859375,1423.4000244140625,324336,0.0015480392047391156,0.023219070803678354,0.004640141666689815,0.5,0.3,0,1416.8739835469282,1409.7352247625186,70.0535282981918,6.333881187434372,5.855152944472526,1421.6822393504278,0.004640141666689815,0,RELIANCE,15m,2026-03-20 07:15:00
1423.5,1426.199951171875,1422.699951171875,1426.0,425822,0.0018265951533953384,0.024057450628366173,0.004642350653365057,0.5,0.3,0,1417.7431279710304,1410.373059085557,68.3616325742424,6.265100881748367,5.937142531927695,1421.8271652658534,0.004642350653365057,1,RELIANCE,15m,2026-03-20 07:30:00
1426.199951171875,1426.800048828125,1423.0999755859375,1425.0,389640,-0.0007012622720897754,0.024811218985976158,0.004623256938197169,0.5,0.25,0,1418.4342586404562,1410.9466646116139,69.54023593294536,6.060043937045748,5.961722812951306,1421.9490074040248,0.004623256938197169,0,RELIANCE,15m,2026-03-20 07:45:00
1425.5,1427.5,1424.4000244140625,1426.9000244140625,367350,0.001333350466008687,0.031966496566899316,0.00433377245255752,0.55,0.2,0,1419.2405220474664,1411.572286564651,66.97824408757126,5.981895355997949,5.965757321560635,1422.1014111221702,0.00433377245255752,0,RELIANCE,15m,2026-03-20 08:00:00
1426.5999755859375,1428.699951171875,1425.5,1425.5999755859375,380163,-0.0009111001512939199,0.02568526551895345,0.004280116576620268,0.6,0.2,1,1419.8461842892257,1412.1223920164662,58.53660611370799,5.748790488762779,5.922363955001064,1422.2599471372034,0.004280116576620268,0,RELIANCE,15m,2026-03-20 08:15:00
1425.5999755859375,1426.699951171875,1423.300048828125,1426.5999755859375,421341,0.0007014590468050752,0.030184810285922126,0.004122942390767773,0.55,0.25,0,1420.4894025079602,1412.6901403917398,49.57611557380864,5.580417268122574,5.853974617625366,1422.3829949634028,0.004122942390767773,0,RELIANCE,15m,2026-03-20 08:30:00
1426.5,1427.0999755859375,1423.300048828125,1424.9000244140625,570073,-0.0011916102628396485,0.011715421552100924,0.001945196339913588,0.55,0.25,0,1420.909461737113,1413.1689593730075,42.37292519047644,5.249297787891692,5.7330392516786315,1422.5144940697849,0.001945196339913588,0,RELIANCE,15m,2026-03-20 08:45:00
1424.800048828125,1425.300048828125,1422.199951171875,1424.199951171875,588475,-0.0004913139379553177,0.007926363178963225,0.0018517589049444438,0.5,0.3,0,1421.2228416832809,1413.6015472866886,44.84295113913796,4.874206337759688,5.561272668894843,1422.580420202872,0.0018517589049444438,0,RELIANCE,15m,2026-03-20 09:00:00
1424.4000244140625,1424.4000244140625,1417.300048828125,1419.699951171875,1023904,-0.0031596686942007013,0.005880633848832639,0.00199016759836605,0.5,0.35,0,1421.0778044917183,1413.8407003802254,33.33333333333333,4.165810400046439,5.2821802151251624,1422.418800839651,0.00199016759836605,0,RELIANCE,15m,2026-03-20 09:15:00
1419.699951171875,1419.800048828125,1410.699951171875,1416.800048828125,2436322,-0.002042616358024274,0.0005650062345514684,0.0019266598539042065,0.45,0.4,0,1420.6703991904237,1413.9567532605352,31.111201533564824,3.33199447384618,4.892143066869366,1421.3948419471799,0.0019266598539042065,0,RELIANCE,15m,2026-03-20 09:30:00
1416.800048828125,1418.199951171875,1412.300048828125,1413.0999755859375,4108080,-0.0026115705213646256,-0.00534945860993985,0.0018485975318847353,0.4,0.4,0,1419.9494064661872,1413.9231541360411,25.66680636878918,2.345585902957964,4.382831634087085,1419.9809041009014,0.0018485975318847353,0,RELIANCE,15m,2026-03-20 09:45:00
1413.0,1418.0,1410.5999755859375,1414.0,2388109,0.0006369148889762144,-0.008971158109111421,0.0015266161940575586,0.35,0.45,0,1419.3827963265503,1413.9261676993337,31.970449161848933,1.61782517072902,3.829830341415472,1419.3624824102321,0.0015266161940575586,0,RELIANCE,15m,2026-03-20 10:00:00
1402.0,1409.5,1401.5,1406.699951171875,965729,0.003352318952835276,-0.013880160412285347,0.002497584947289256,0.3,0.45,0,1416.6770689866291,1413.193434704203,32.360139237047505,-0.7651175707667335,2.3095783922750885,1405.8999837239583,0.002497584947289256,0,RELIANCE,15m,2026-03-23 04:00:00
1406.5999755859375,1408.0,1404.800048828125,1406.300048828125,473300,-0.0002842840389785106,-0.015264986436869132,0.0024632951231626293,0.3,0.45,0,1415.6887813524859,1412.9231058463174,28.244265324822564,-1.4441140904805252,1.558839895723966,1406.053487540549,0.0024632951231626293,0,RELIANCE,15m,2026-03-23 04:15:00
1406.4000244140625,1406.5,1401.5999755859375,1403.4000244140625,762605,-0.0020621661902657795,-0.016538174902549052,0.002480294365374749,0.3,0.5,0,1414.5184235488266,1412.5496516725034,21.46465969796826,-2.1909752590081553,0.8088768647775417,1405.2844674858106,0.002480294365374749,0,RELIANCE,15m,2026-03-23 04:30:00
1403.300048828125,1405.4000244140625,1396.300048828125,1397.0,1120324,-0.004560370744424502,-0.02150308343617724,0.0025932727037472725,0.3,0.55,0,1412.8500022584622,1411.9398614108366,18.888888888888886,-3.261697777249992,-0.005238063627964973,1403.356158297902,0.0025932727037472725,0,RELIANCE,15m,2026-03-23 04:45:00
1396.5,1396.5999755859375,1391.300048828125,1393.300048828125,526462,-0.002648497617662837,-0.02135274523169528,0.002588149899670356,0.3,0.55,0,1410.9881019317634,1411.2088883683773,14.10253400628612,-4.35856539611018,-0.875903530124408,1402.039763823437,0.002588149899670356,0,RELIANCE,15m,2026-03-23 05:00:00
1393.300048828125,1397.0999755859375,1391.0,1394.4000244140625,337109,0.0007894750214518798,-0.020442553976773747,0.002614054224599745,0.35,0.55,0,1409.4082850253158,1410.549717232914,16.523552309650924,-5.080517012053178,-1.7168262265101621,1401.4056523623956,0.002614054224599745,0,RELIANCE,15m,2026-03-23 05:15:00
1394.199951171875,1398.0,1392.5999755859375,1397.699951171875,324763,0.002366556726932867,-0.016535322830980026,0.0027166574764925537,0.4,0.5,0,1408.2932056107024,1410.0458048383634,20.449740006540395,-5.325008969652117,-2.4384627751385533,1401.0236177830484,0.0027166574764925537,0,RELIANCE,15m,2026-03-23 05:30:00
1397.699951171875,1400.0,1393.199951171875,1393.199951171875,298007,-0.003219575128572516,-0.021216855925388356,0.0027061779007074085,0.45,0.5,0,1406.8557528070046,1409.3851831259522,19.342187592231866,-5.814852993757995,-3.113740818862442,1400.6792090779973,0.0027061779007074085,0,RELIANCE,15m,2026-03-23 05:45:00
1393.199951171875,1399.0,1393.0,1395.699951171875,274871,0.0017944301518939554,-0.021248281085641696,0.002704375973180064,0.4,0.55,0,1405.793295508421,1408.848507363047,23.364364432883832,-5.932937593912129,-3.6775801738723795,1400.4207737999543,0.002704375973180064,0,RELIANCE,15m,2026-03-23 06:00:00
1395.199951171875,1397.4000244140625,1393.800048828125,1397.0,286687,0.0009314672734876961,-0.019649122807017583,0.002740488952912531,0.35,0.55,0,1404.9558387933332,1408.3838600154766,27.435348593395076,-5.854134595277401,-4.112891058153384,1400.1883171605082,0.002740488952912531,0,RELIANCE,15m,2026-03-23 06:15:00
1397.0,1401.0,1396.300048828125,1400.300048828125,352812,0.002362239676539035,-0.018641793489954206,0.0027954678329672584,0.35,0.55,0,1404.5124302252182,1408.066847812051,33.7277949794623,-5.462428811251357,-4.382798608772979,1400.1273877813553,0.0027954678329672584,0,RELIANCE,15m,2026-03-23 06:30:00
1400.300048828125,1401.4000244140625,1397.0,1399.5999755859375,540073,-0.0004999451673042277,-0.01823793521693473,0.0027971774705393424,0.35,0.55,0,1404.0445774024295,1407.7348136071055,35.84904211813962,-5.14913321275867,-4.536065529570117,1400.058911805831,0.0027971774705393424,0,RELIANCE,15m,2026-03-23 06:45:00
1399.5,1399.5999755859375,1396.300048828125,1399.4000244140625,545504,-0.00014286308614097631,-0.019066277609252946,0.0027777828801412697,0.35,0.55,0,1403.6022390225849,1407.407959128947,34.4680707386312,-4.860944638331148,-4.601041351322324,1399.9286652371236,0.0027777828801412697,0,RELIANCE,15m,2026-03-23 07:00:00
1399.5,1401.4000244140625,1398.4000244140625,1400.0999755859375,529679,0.0005001794766783529,-0.017404764126046746,0.002796006322233222,0.35,0.55,0,1403.2686901238565,1407.121371539025,47.338888641935625,-4.523923927979467,-4.585617866653752,1399.9314089105378,0.002796006322233222,0,RELIANCE,15m,2026-03-23 07:15:00
1400.0999755859375,1400.5,1398.4000244140625,1399.0,520302,-0.0007856407436027668,-0.017694110402924568,0.002794661500331233,0.35,0.5,0,1402.8621482072986,1406.8028863806317,38.00625185388003,-4.296069014440036,-4.5277080962110094,1399.8896031590953,0.002794661500331233,0,RELIANCE,15m,2026-03-23 07:30:00
1399.0,1401.9000244140625,1398.0999755859375,1400.9000244140625,511053,0.0013581303888938745,-0.013242183140384167,0.0027839882548874027,0.4,0.5,0,1402.6752792746092,1406.571401597629,41.96424354498259,-3.9170232569615564,-4.405571128361119,1399.9146637014233,0.0027839882548874027,0,RELIANCE,15m,2026-03-23 07:45:00
1400.5999755859375,1401.5,1399.0,1400.9000244140625,465531,0.0,-0.011222490024060838,0.002768120002451049,0.4,0.45,0,1402.5062073831284,1406.3489946492539,45.92833228625732,-3.575411643473444,-4.239539231383584,1399.9437507165176,0.002768120002451049,0,RELIANCE,15m,2026-03-23 08:00:00
1400.699951171875,1405.800048828125,1399.699951171875,1405.699951171875,576985,0.003426316420988007,-0.0052367309758066805,0.002860365700249012,0.45,0.45,0,1402.810373458247,1406.3235419638665,64.94844495901606,-2.8841216448925024,-3.9684557140853682,1400.1760680059203,0.002860365700249012,0,RELIANCE,15m,2026-03-23 08:15:00
1405.699951171875,1411.9000244140625,1405.5,1409.300048828125,1003666,0.002561071196771847,-0.0033238692870403153,0.002923728720424833,0.5,0.4,0,1403.4284377791878,1406.4402677232495,77.58620689655173,-2.0224579110911236,-3.5792561534865195,1401.0167353169177,0.002923728720424833,0,RELIANCE,15m,2026-03-23 08:30:00
1409.199951171875,1412.0,1407.5,1410.699951171875,958958,0.0009933316506403056,0.0062053859999109395,0.0021760169405659253,0.55,0.35,0,1404.1209628642055,1406.6073141329996,77.81564420372878,-1.2126441673167392,-3.1059337562525635,1401.779718261037,0.0021760169405659253,0,RELIANCE,15m,2026-03-23 08:45:00
1410.800048828125,1411.5,1403.5999755859375,1405.5,1079084,-0.0036860787919893445,-0.0008530256725148844,0.002226923523881497,0.5,0.4,0,1404.2522997342812,1406.5638900493525,62.500097812903476,-0.9791663228875223,-2.680580269579555,1402.2204966838594,0.002226923523881497,1,RELIANCE,15m,2026-03-23 09:00:00
1405.0999755859375,1413.0999755859375,1404.5999755859375,1413.0999755859375,1797235,0.005407310982524116,0.004835331381435104,0.0025362833456136534,0.55,0.4,0,1405.094935529677,1406.8202071292185,79.0088438884638,-0.17881763651735127,-2.1802277429671144,1403.235238054903,0.0025362833456136534,1,RELIANCE,15m,2026-03-23 09:15:00
1412.800048828125,1415.5,1405.0,1405.0,2022834,-0.005732061231250696,0.0011400709406468312,0.00282791908914635,0.6,0.35,0,1405.0858940506603,1406.7488264574845,61.65422505048033,-0.1958779131796291,-1.7833577770096176,1403.8896573065601,0.00282791908914635,1,RELIANCE,15m,2026-03-23 09:30:00
1405.300048828125,1409.800048828125,1405.300048828125,1406.199951171875,1243045,0.0008540577735764998,0.006585505491678578,0.002613264963574061,0.6,0.3,1,1405.1919947288711,1406.7273019364802,61.55778432094221,-0.11128939926766179,-1.4489441014612265,1404.1174764360987,0.002613264963574061,0,RELIANCE,15m,2026-03-23 09:45:00
1406.300048828125,1407.800048828125,1402.699951171875,1407.800048828125,650035,0.0011378877199621495,0.010406947169919079,0.002521559639180854,0.6,0.3,1,1405.440380833562,1406.7693704420349,59.84255752705742,0.08389502608224575,-1.1423762759525322,1404.188415220742,0.002521559639180854,0,RELIANCE,15m,2026-03-23 10:00:00
1413.4000244140625,1417.5,1410.699951171875,1412.800048828125,536683,-0.00021224737314717856,0.010803533078461935,0.0025993955465485373,0.55,0.3,0,1406.8013120271262,1407.2443910108482,65.6543502131968,1.0775202462746165,-0.4102331820598578,1413.6666666666667,0.0025993955465485373,1,RELIANCE,15m,2026-03-24 04:00:00
1412.800048828125,1413.0999755859375,1408.5,1408.9000244140625,535713,-0.002760492836404893,0.011269073925089801,0.0025662589397460332,0.5,0.35,0,1407.0011893973106,1407.309317810974,59.565321232385955,1.0823044796679824,-0.1117256497142898,1411.9182495707432,0.0025662589397460332,0,RELIANCE,15m,2026-03-24 04:15:00
1409.0999755859375,1415.4000244140625,1408.800048828125,1413.199951171875,461634,0.0030519743653214526,0.01253851158001873,0.002612984125916574,0.55,0.3,0,1407.5915476615546,1407.5403230408133,64.43093061799703,1.4167329568283549,0.19396607159423912,1412.0832865872599,0.002612984125916574,0,RELIANCE,15m,2026-03-24 04:30:00
1412.800048828125,1415.9000244140625,1412.5999755859375,1414.699951171875,381581,0.0010614209254367069,0.012669972206066582,0.0026139438881072254,0.6,0.3,1,1408.2685384720614,1407.821092771443,64.13936117788612,1.7822625847252311,0.5116253742204375,1412.5447621217595,0.0026139438881072254,0,RELIANCE,15m,2026-03-24 04:45:00
1414.199951171875,1415.800048828125,1410.0999755859375,1410.5,346670,-0.0029687929008521685,0.007284118271945417,0.0026987581212593427,0.55,0.35,0,1408.4810586175793,1407.9261479568768,59.05664331959841,1.7132966716774263,0.7519596337118353,1412.4817163741818,0.0026987581212593427,0,RELIANCE,15m,2026-03-24 05:00:00
1410.800048828125,1415.9000244140625,1406.699951171875,1413.5,490658,0.002126905352711761,0.009931426590832348,0.002718226549455883,0.55,0.4,0,1408.9590530349528,1408.1447303899406,57.61727877013457,1.8790550398402956,0.9773787149375275,1412.4017993404075,0.002718226549455883,0,RELIANCE,15m,2026-03-24 05:15:00
1413.5,1415.0,1410.5,1413.5,445450,0.0,0.010075729126731492,0.0027166417346524076,0.55,0.35,0,1409.3915241744812,1408.3547409628843,54.411749620450536,1.9875089745567038,1.1794047668613628,1412.4851126846615,0.0027166417346524076,0,RELIANCE,15m,2026-03-24 05:30:00
1413.5,1415.0,1412.0999755859375,1414.300048828125,316262,0.0005660055381147,0.010142185193771525,0.0027166755921916017,0.5,0.35,0,1409.8590027129235,1408.5878902909328,53.8299110180717,2.1136518900445935,1.3662541914980089,1412.6034321041059,0.0027166755921916017,0,RELIANCE,15m,2026-03-24 05:45:00
1414.300048828125,1414.9000244140625,1411.5999755859375,1413.699951171875,221268,-0.0004243071735359205,0.010507470458809953,0.0027088084834456646,0.5,0.4,0,1410.2248073280618,1408.788363266656,59.66977601197674,2.1405235704548886,1.5211080672893849,1412.6506096215578,0.0027088084834456646,0,RELIANCE,15m,2026-03-24 06:00:00
1414.0,1414.0,1410.4000244140625,1411.300048828125,216209,-0.0016976037537248523,0.007423816284400697,0.002745349043009672,0.45,0.4,0,1410.3272112804486,1408.8868607396548,47.58073249086929,1.9457382491043518,1.6060341036523784,1412.6095473692403,0.002745349043009672,0,RELIANCE,15m,2026-03-24 06:15:00
1411.4000244140625,1414.199951171875,1410.4000244140625,1413.199951171875,263286,0.0013462072401453362,0.008780017519777639,0.0027522049744732597,0.5,0.4,0,1410.6008055558227,1409.0560015409183,63.225831856664705,1.9225141729141342,1.6693301175047295,1412.6089495355427,0.0027522049744732597,0,RELIANCE,15m,2026-03-24 06:30:00
1413.300048828125,1413.300048828125,1409.300048828125,1409.9000244140625,317708,-0.0023350742087672183,0.002987887449726445,0.00272464643303871,0.45,0.45,0,1410.5340644947025,1409.08910047712,55.58927985307188,1.619167657635444,1.6592976255308725,1412.4845067023693,0.00272464643303871,0,RELIANCE,15m,2026-03-24 06:45:00
1409.9000244140625,1420.0999755859375,1409.199951171875,1416.800048828125,1311959,0.004893981342350973,0.005321790775666635,0.00287875696801254,0.45,0.5,0,1411.1308249074095,1409.391490608532,61.71885430905681,1.9134802538223994,1.7101341511891779,1413.131420753321,0.00287875696801254,0,RELIANCE,15m,2026-03-24 07:00:00
1416.9000244140625,1419.9000244140625,1414.800048828125,1417.800048828125,730953,0.0007058158988821894,0.005033031758703732,0.0028756675649267557,0.4,0.5,0,1411.7659890903349,1409.7212379896926,56.891657269684444,2.2020330827001544,1.8085139374913732,1413.617010677073,0.0028756675649267557,0,RELIANCE,15m,2026-03-24 07:15:00
1417.800048828125,1418.5,1413.699951171875,1415.300048828125,804226,-0.001763295185429281,0.006972642353699765,0.0027670661946184068,0.4,0.5,0,1412.1025662082197,1409.9400148853174,53.44354469882435,2.203582642844367,1.8875276785619721,1413.8585230769825,0.0027670661946184068,0,RELIANCE,15m,2026-03-24 07:30:00
1415.300048828125,1416.699951171875,1412.5999755859375,1414.800048828125,325121,-0.0003532819774958451,0.001203080653569888,0.002499982450246138,0.35,0.55,0,1412.3594693148775,1410.1306044517019,58.96666233790327,2.139798592896341,1.9379818614288458,1413.8940280277234,0.002499982450246138,0,RELIANCE,15m,2026-03-24 07:45:00
1414.800048828125,1416.5,1414.0,1415.0999755859375,370573,0.00021199232927715528,0.007188594723087194,0.0020953601144759167,0.3,0.55,0,1412.6204699121213,1410.3254817510838,53.287264463752436,2.089365946490261,1.968258678441129,1413.9539534477979,0.0020953601144759167,0,RELIANCE,15m,2026-03-24 08:00:00
1415.300048828125,1416.4000244140625,1412.0,1412.199951171875,304401,-0.002049342423924294,0.004266818523923188,0.002158961653769146,0.3,0.6,0,1412.5804205082882,1410.3989903558206,45.87456086634222,1.7947017722983674,1.9335472972125767,1413.9386748992538,0.002158961653769146,0,RELIANCE,15m,2026-03-24 08:15:00
1412.0,1414.0999755859375,1411.4000244140625,1412.199951171875,271392,0.0,0.003125374478721188,0.002148331476284293,0.3,0.6,0,1412.5441853333919,1410.4696162701757,53.25662971797391,1.543387085711629,1.8555152549123872,1413.8956366001166,0.002148331476284293,0,RELIANCE,15m,2026-03-24 08:30:00
1412.5,1416.0,1411.4000244140625,1413.300048828125,317881,0.0007789956764530093,0.00014158463353197703,0.001981816277781364,0.3,0.6,0,1412.6161723328903,1410.5806136253893,49.58687691050513,1.4166567359134206,1.767743551112594,1413.8839788668583,0.001981816277781364,0,RELIANCE,15m,2026-03-24 08:45:00
1413.5,1414.5,1409.300048828125,1411.5,318752,-0.0012736494487618488,-0.0009201930798370395,0.002002158164496201,0.3,0.6,0,1412.5098702059483,1410.616667993021,46.15384615384615,1.1576287007974315,1.6457205810495616,1413.8113190154725,0.002002158164496201,0,RELIANCE,15m,2026-03-24 09:00:00
1411.5999755859375,1413.0,1407.0,1410.300048828125,572853,-0.0008501248118136795,0.0009937003263553734,0.00190915554562514,0.3,0.6,0,1412.299411027108,1410.6042515551821,42.424214400651046,0.8457715575705151,1.4857307763537524,1413.5957241797971,0.00190915554562514,0,RELIANCE,15m,2026-03-24 09:15:00
1410.5,1413.0999755859375,1408.5,1410.800048828125,2244661,0.0003545344839315234,-0.0016982043777739042,0.0017767091285857965,0.3,0.6,0,1412.1566146272046,1410.6119298796114,44.486836730904905,0.6316866555259821,1.3149219521881985,1413.077345713403,0.0017767091285857965,0,RELIANCE,15m,2026-03-24 09:30:00
1410.5,1414.5,1408.0999755859375,1412.5999755859375,4022762,0.0012758198862465875,-0.0014843964504260843,0.0017846098086160638,0.3,0.65,0,1412.198839480417,1410.68989245633,52.52905720243382,0.6003415117493205,1.172005864100423,1412.7421220342128,0.0017846098086160638,0,RELIANCE,15m,2026-03-24 09:45:00
1413.0,1414.5999755859375,1410.199951171875,1414.0,1314259,0.0009910975777001063,0.002481389578163684,0.001661840554794704,0.35,0.6,0,1412.3703785775203,1410.8197005952975,51.58740154428932,0.680624711202654,1.0737296335208693,1412.7565272574436,0.001661840554794704,0,RELIANCE,15m,2026-03-24 10:00:00
1416.4000244140625,1418.800048828125,1414.0999755859375,1416.4000244140625,580502,-0.00014114864839831487,0.0020516621252653078,0.0016455367839593258,0.35,0.6,0,1413.1186094424968,1411.2563249623088,48.87633129196183,1.1221755474621204,1.0625298680139257,1416.433349609375,0.0016455367839593258,0,RELIANCE,15m,2026-03-25 04:00:00
1416.4000244140625,1421.4000244140625,1415.9000244140625,1419.0,454995,0.0018356223814759431,0.003323164116249222,0.001688242538423033,0.4,0.6,0,1413.6787418765448,1411.5599984931987,53.092673227454625,1.457036289435564,1.1414311522982534,1417.4586109090214,0.001688242538423033,0,RELIANCE,15m,2026-03-25 04:15:00
1419.199951171875,1419.5999755859375,1417.0,1417.800048828125,651643,-0.0008456315517089141,0.0029002601668417505,0.0016986094464415266,0.4,0.55,0,1414.0712473005049,1411.8047063494703,56.90613323981278,1.6070645688439527,1.2345578356073932,1417.7192196598248,0.0016986094464415266,0,RELIANCE,15m,2026-03-25 04:30:00
1417.9000244140625,1420.800048828125,1416.0,1420.0,663169,0.001551665323818563,0.006164494346258209,0.0016680930302956228,0.45,0.55,0,1414.6358904147426,1412.126090414197,63.13131935881627,1.8817886468341385,1.3640039978527423,1418.0618015690602,0.0016680930302956228,0,RELIANCE,15m,2026-03-25 04:45:00
1420.199951171875,1421.199951171875,1419.0,1419.800048828125,402089,-0.0001408106844190682,0.004670321174846448,0.0016524793167148613,0.45,0.55,0,1415.1277150255407,1412.4270299598413,61.92922339060979,2.059632903379679,1.5031297789581297,1418.3449467642313,0.0016524793167148613,0,RELIANCE,15m,2026-03-25 05:00:00
1419.800048828125,1426.9000244140625,1419.800048828125,1425.199951171875,696201,0.003803283672378255,0.010851781326956855,0.0017188600511927863,0.5,0.5,0,1416.086975610906,1412.9279288309015,79.27966567689431,2.6062594121017355,1.723755705586851,1419.4798576899416,0.0017188600511927863,0,RELIANCE,15m,2026-03-25 05:15:00
1425.300048828125,1427.5999755859375,1424.0999755859375,1427.5999755859375,787592,0.001683991367028126,0.007622760012427676,0.001413827701314812,0.5,0.45,0,1417.1834517990042,1413.503303213452,81.3012043409868,3.196282021343677,2.0182609687382165,1420.7726423072095,0.001413827701314812,0,RELIANCE,15m,2026-03-25 05:30:00
1427.5,1429.5,1426.5,1428.800048828125,872154,0.000840622907474442,0.007758498815888748,0.0014157791797839519,0.55,0.45,0,1418.2897943732062,1414.103175590498,81.37689038252446,3.7178579194558097,2.3581803588817354,1422.052109045735,0.0014157791797839519,0,RELIANCE,15m,2026-03-25 05:45:00
1428.9000244140625,1430.4000244140625,1425.0,1426.800048828125,523231,-0.0013997759879980087,0.008125485482404882,0.0013887905516911572,0.6,0.45,0,1419.1002947974841,1414.601092188052,80.72341134828267,3.9245870941083467,2.671461705927058,1422.5489850722834,0.0013887905516911572,0,RELIANCE,15m,2026-03-25 06:00:00
1426.800048828125,1427.0999755859375,1423.300048828125,1424.5999755859375,460438,-0.0015419632512589931,0.0069267220947084596,0.0014471854431850615,0.6,0.45,0,1419.6240739201942,1414.9932052624788,77.60627041395855,3.866325338757406,2.9104344324931275,1422.734234221627,0.0014471854431850615,0,RELIANCE,15m,2026-03-25 06:15:00
1424.800048828125,1426.800048828125,1422.5999755859375,1424.0,472914,-0.00042115372470841184,0.006289325537142565,0.0014571663111834015,0.6,0.5,0,1420.0408287849377,1415.3464128992443,75.38475984788018,3.7287566764130133,3.074098881277105,1422.8590330626648,0.0014571663111834015,0,RELIANCE,15m,2026-03-25 06:30:00
1423.800048828125,1427.9000244140625,1423.4000244140625,1427.5,395986,0.002457865168539408,0.010834194418027465,0.0014204059710574853,0.65,0.45,0,1420.751226043515,1415.8230241580975,76.89551686299396,3.857684286526137,3.2308159623269117,1423.052884278956,0.0014204059710574853,0,RELIANCE,15m,2026-03-25 06:45:00
1427.5,1427.800048828125,1424.0,1424.199951171875,396388,-0.002311768005691772,0.008497380268312593,0.0015543962979304464,0.65,0.4,0,1421.07967605574,1416.1515310998143,67.22973251622801,3.6514819744106717,3.3149491647436635,1423.1757476111623,0.0015543962979304464,0,RELIANCE,15m,2026-03-25 07:00:00
1424.199951171875,1426.699951171875,1423.800048828125,1425.800048828125,347566,0.0011235063271370915,0.008844547914906409,0.001560430912272792,0.6,0.45,0,1421.5292353673958,1416.5299043440618,66.08405785967024,3.5759582440564373,3.367150980606218,1423.2775878628202,0.001560430912272792,0,RELIANCE,15m,2026-03-25 07:15:00
1425.800048828125,1426.0,1422.0,1424.300048828125,395065,-0.0010520409234330286,0.009068401578551155,0.001548350622786973,0.6,0.45,0,1421.7931223636558,1416.8346158924564,63.21073238045081,3.3563774496869883,3.3649962744223725,1423.3177008712942,0.001548350622786973,0,RELIANCE,15m,2026-03-25 07:30:00
1424.300048828125,1424.800048828125,1422.199951171875,1422.5,282879,-0.0012638129371729256,0.008650606785423065,0.0015692915187534746,0.6,0.4,0,1421.8604440433078,1417.0567878182426,56.0137255230968,3.0024982604052184,3.2924966716189417,1423.3126042038787,0.0015692915187534746,0,RELIANCE,15m,2026-03-25 07:45:00
1422.0999755859375,1424.300048828125,1422.0,1423.5,369087,0.0007029876977153737,0.009001949767739381,0.0015703209750676725,0.55,0.45,0,1422.0165922296596,1417.3094628057625,59.86145723336853,2.770798060707193,3.1881569494365922,1423.3106676024026,0.0015703209750676725,0,RELIANCE,15m,2026-03-25 08:00:00
1423.0999755859375,1424.199951171875,1422.300048828125,1424.0999755859375,332091,0.00042147916117851736,0.008141016705900617,0.001558229238286074,0.5,0.4,0,1422.2150096921623,1417.575757424593,57.509065787885156,2.605551819244056,3.071635923398085,1423.3188074817604,0.001558229238286074,0,RELIANCE,15m,2026-03-25 08:15:00
1424.0999755859375,1425.0,1422.0999755859375,1423.0999755859375,436216,-0.00070219789140058,0.006435626298399999,0.0015707532445355815,0.5,0.45,0,1422.2992921582363,1417.7923934309201,55.87170988327389,2.366620412750308,2.93063282126853,1423.3225269785514,0.0015707532445355815,0,RELIANCE,15m,2026-03-25 08:30:00
1423.300048828125,1423.9000244140625,1419.4000244140625,1420.699951171875,346061,-0.0016864763229823554,0.0028942366628530447,0.0015892729964262563,0.45,0.5,0,1422.146973969059,1417.9064153031145,41.03597864041785,1.960998469643073,2.736705950943439,1423.252755671728,0.0015892729964262563,0,RELIANCE,15m,2026-03-25 08:45:00
1420.199951171875,1421.0999755859375,1416.9000244140625,1418.699951171875,375379,-0.0014077567880186326,0.0016237833367476195,0.001626114944430013,0.45,0.5,0,1421.8186860836129,1417.9375343567915,31.983987743705057,1.4613117795206563,2.481627116658882,1423.0932169431896,0.001626114944430013,0,RELIANCE,15m,2026-03-25 09:00:00
1418.800048828125,1419.0999755859375,1416.0999755859375,1417.0,338605,-0.0011982457393269197,-0.0014094432699084392,0.0015951684119615193,0.4,0.55,0,1421.3597635994593,1417.900768303584,26.587386165471813,0.9175575923004544,2.1688132117871968,1422.9110135876927,0.0015951684119615193,0,RELIANCE,15m,2026-03-25 09:15:00
1416.9000244140625,1417.800048828125,1408.699951171875,1414.300048828125,3001410,-0.0019053995567219761,-0.0024686132596010157,0.0016393046323409381,0.4,0.6,0,1420.6874098117132,1417.7595636182718,25.86886234882691,0.26570213740774307,1.7881909969113061,1420.853377158602,0.0016393046323409381,-1,RELIANCE,15m,2026-03-25 09:30:00
1414.199951171875,1416.199951171875,1410.0999755859375,1410.699951171875,4062777,-0.0025454977953461855,-0.006549330160651401,0.0016747264374639892,0.35,0.55,0,1419.7362232745857,1417.4827160713544,24.54223919371499,-0.5352260478343851,1.323507587962168,1418.8915576091715,0.0016747264374639892,-1,RELIANCE,15m,2026-03-25 09:45:00
1410.0999755859375,1413.9000244140625,1410.0,1413.800048828125,859329,0.002197559908947877,-0.004225947171189515,0.0017674772578887244,0.3,0.6,0,1419.1708733273038,1417.3382977480906,32.88615621569366,-0.9093332055986139,0.8769394292500117,1418.5978260014929,0.0017674772578887244,-1,RELIANCE,15m,2026-03-25 10:00:00
1393.4000244140625,1395.5,1379.0,1379.300048828125,1290721,-0.009905912712408371,-0.03383295571855727,0.003952486380368408,0.2,0.7,-1,1413.1271800322077,1414.933354663997,10.956772432182262,-5.427072998791118,-0.9791113212817004,1384.6000162760417,0.003952486380368408,-1,RELIANCE,15m,2026-03-27 04:00:00
1379.0,1381.800048828125,1376.0,1380.199951171875,859021,0.0006524340693778719,-0.03401462485678863,0.003946308921710841,0.15,0.75,-1,1409.9912534740806,1413.5712604094042,9.8591034716939,-7.31771375307585,-2.2468318076405307,1382.495488733607,0.003946308921710841,-1,RELIANCE,15m,2026-03-27 04:15:00
1380.5,1380.5,1374.199951171875,1378.699951171875,622505,-0.0010867990530838423,-0.03371186992582187,0.003948271403976524,0.1,0.75,-1,1407.011129445299,1412.203758086364,9.8591034716939,-8.835250369645792,-3.5645155200415832,1381.4411146183322,0.003948271403976524,-1,RELIANCE,15m,2026-03-27 04:30:00
1378.699951171875,1378.699951171875,1374.800048828125,1375.0999755859375,327514,-0.0026111378207256397,-0.03474659613105824,0.00395317246190508,0.1,0.7,-1,1403.9719719348836,1410.7487077922294,9.556276312308484,-10.210694484986107,-4.893751313030489,1380.887348996265,0.00395317246190508,-1,RELIANCE,15m,2026-03-27 04:45:00
1375.300048828125,1378.5,1373.4000244140625,1376.0,450922,0.0006545156207125036,-0.0337078651685393,0.003979563976252598,0.1,0.7,-1,1401.307974607752,1409.3860133690048,9.401709401709411,-11.100163630811721,-6.135033776586735,1380.2624438025841,0.003979563976252598,-1,RELIANCE,15m,2026-03-27 05:00:00
1376.0,1376.0999755859375,1372.699951171875,1373.4000244140625,440284,-0.0018895171409429867,-0.03789840671519262,0.0038570354974496596,0.05,0.75,-1,1398.6500745893054,1407.9747981158698,8.099213907541312,-11.877949035327674,-7.283616828334924,1379.5789230652313,0.0038570354974496596,-1,RELIANCE,15m,2026-03-27 05:15:00
1373.4000244140625,1373.5999755859375,1370.300048828125,1371.800048828125,495404,-0.0011649741936040625,-0.03679251800327177,0.0038594717807687294,0.05,0.8,-1,1396.0929292787168,1406.5561804967426,8.01968309655146,-12.479597202013565,-8.322812903070652,1378.730986702549,0.0038594717807687294,-1,RELIANCE,15m,2026-03-27 05:30:00
1371.800048828125,1372.0,1366.199951171875,1366.9000244140625,661704,-0.0035719669337003213,-0.041310157383198876,0.0038105878800101826,0.05,0.8,-1,1393.3126526249403,1405.0010371209514,7.704443860110445,-13.199641477296609,-9.298178617915845,1377.3988154715578,0.0038105878800101826,-1,RELIANCE,15m,2026-03-27 05:45:00
1367.4000244140625,1367.4000244140625,1363.0,1366.4000244140625,801012,-0.0003657911998460328,-0.04065156387637636,0.0038235903714403216,0.05,0.8,-1,1390.7495451762852,1403.48727191676,7.890541611053564,-13.653241505198821,-10.169191195372441,1375.8101717450165,0.0038235903714403216,-1,RELIANCE,15m,2026-03-27 06:00:00
1366.0999755859375,1366.4000244140625,1362.300048828125,1364.0,543011,-0.001756458117081583,-0.04112478031634448,0.003819736152510413,0.05,0.85,-1,1388.2019694452104,1401.938751449436,7.80258057995016,-14.044488585671843,-10.944250673432322,1374.84186576047,0.003819736152510413,-1,RELIANCE,15m,2026-03-27 06:15:00
1364.0,1364.699951171875,1354.0999755859375,1358.5,835479,-0.0040322580645161255,-0.045662100456621,0.003784057563602224,0.05,0.85,-1,1385.3732104504284,1400.2352710004386,7.469538292060221,-14.629716485350855,-11.68134383581603,1373.0469997821078,0.003784057563602224,-1,RELIANCE,15m,2026-03-27 06:30:00
1358.199951171875,1358.4000244140625,1355.199951171875,1355.699951171875,534098,-0.0020611327406147018,-0.04803035291529989,0.003729467790814206,0.05,0.85,-1,1382.5471857572327,1398.4887878699067,7.561760373143045,-15.144873675259305,-12.374049803704684,1371.9183167644992,0.003729467790814206,-1,RELIANCE,15m,2026-03-27 06:45:00
1355.699951171875,1358.9000244140625,1353.300048828125,1355.699951171875,823825,0.0,-0.04736141210761502,0.0037500505393414135,0.05,0.85,-1,1379.990306272913,1396.8107942739055,2.917225578993609,-15.375895705241874,-12.974418984012123,1370.4052937448062,0.0037500505393414135,-1,RELIANCE,15m,2026-03-27 07:00:00
1355.4000244140625,1359.300048828125,1354.300048828125,1355.5,783857,-0.00014748925210339436,-0.0458928369203464,0.003781472681244448,0.1,0.8,-1,1377.6578961516832,1395.1907631259094,4.368772388291873,-15.397622509334951,-13.459059689076689,1369.2432031625829,0.003781472681244448,-1,RELIANCE,15m,2026-03-27 07:15:00
1355.9000244140625,1356.199951171875,1351.199951171875,1351.5,577182,-0.002950940612320152,-0.04736727531171514,0.0037772047705870505,0.1,0.8,-1,1375.166667946761,1393.4773998660698,5.732268648825155,-15.558261771694788,-13.878900105600309,1368.308100767991,0.0037772047705870505,-1,RELIANCE,15m,2026-03-27 07:30:00
1351.699951171875,1357.0999755859375,1350.0999755859375,1355.800048828125,590102,0.0031816861473363822,-0.04318980322644672,0.003973430145836917,0.15,0.8,-1,1373.3222280307004,1391.9998566881113,14.942718235455061,-15.163792777035724,-14.135878639887393,1367.5328054268464,0.003973430145836917,-1,RELIANCE,15m,2026-03-27 07:45:00
1355.5999755859375,1357.800048828125,1352.199951171875,1353.0,581613,-0.002065237297007916,-0.043343029563576385,0.003972972374923476,0.2,0.75,-1,1371.3867777420623,1390.4704505434795,14.404596053183297,-14.905294835577251,-14.289761879025365,1366.848475711837,0.003972972374923476,-1,RELIANCE,15m,2026-03-27 08:00:00
1353.199951171875,1356.199951171875,1351.0,1354.0999755859375,756387,0.0008129900856892469,-0.04012190936770055,0.004028435201408959,0.2,0.8,-1,1369.7404156319553,1389.0441574078895,18.750090825861392,-14.445159708370284,-14.32084144489435,1366.0221520863747,0.004028435201408959,0,RELIANCE,15m,2026-03-27 08:15:00
1354.0,1355.699951171875,1351.199951171875,1353.0999755859375,642034,-0.0007384979085959253,-0.0429339872300194,0.003917958757520353,0.2,0.75,-1,1368.155611818049,1387.634581650166,16.023776492279154,-13.999809854195519,-14.256635126754585,1365.3764447836409,0.003917958757520353,0,RELIANCE,15m,2026-03-27 08:30:00
1353.199951171875,1354.5,1351.5999755859375,1353.0,820430,-7.388632602278733e-05,-0.028784707694127554,0.0026189910561563103,0.2,0.7,-1,1366.71222021633,1386.2763627619242,17.307729927892623,-13.499322296051332,-14.105172560613935,1364.622810306285,0.0026189910561563103,0,RELIANCE,15m,2026-03-27 08:45:00
1352.800048828125,1353.5,1346.9000244140625,1347.9000244140625,1377556,-0.003769383285984862,-0.022765187633206008,0.0018121122564732702,0.2,0.7,0,1364.920582520876,1384.77140831691,15.561997164597571,-13.360199642867201,-13.95617797706459,1363.210403183382,0.0018121122564732702,0,RELIANCE,15m,2026-03-27 09:00:00
1347.9000244140625,1349.9000244140625,1345.0,1348.5,1011330,0.0004451187588621064,-0.022967651277599144,0.0018018278293796322,0.2,0.7,0,1363.3567175188878,1383.3490001476196,19.73682625473323,-13.051086125478832,-13.775159606747438,1362.2256310562384,0.0018018278293796322,0,RELIANCE,15m,2026-03-27 09:15:00
