open,high,low,close,volume,returns,price_change_pct,rolling_volatility,higher_high_ratio,lower_low_ratio,market_type,ema_20,ema_50,rsi,macd,macd_signal,vwap,volatility,target_market_type,symbol,timeframe,timestamp
1387.5999755859375,1388.5,1387.4000244140625,1388.300048828125,34833,0.0005766117680179317,0.002744708434904375,0.0008639567461885785,0.45,0.4,0,1387.3903682206671,1386.2402734737948,46.956734035326086,0.7448769139475644,0.8417139011043266,1386.7649575166406,0.0008639567461885785,0,RELIANCE,5m,2026-01-30 05:25:00
1388.199951171875,1388.5999755859375,1387.5,1388.0,31645,-0.0002161267864092542,0.003397636814844729,0.0008359546657321825,0.5,0.4,0,1387.4484283901274,1386.3092823571756,46.956734035326086,0.703769616487989,0.8141250441810592,1386.7958332492092,0.0008359546657321825,0,RELIANCE,5m,2026-01-30 05:30:00
1388.0,1388.0,1385.4000244140625,1385.699951171875,48777,-0.0016570956974963913,0.0007944356531366381,0.0009086106899705285,0.45,0.45,0,1387.281906750294,1386.2853870165757,43.1997734397125,0.4800631992379749,0.7473126751924425,1386.7803122724317,0.0009086106899705285,0,RELIANCE,5m,2026-01-30 05:35:00
1386.199951171875,1387.800048828125,1385.5,1386.9000244140625,50680,0.0008660411954064529,0.0013718587827165063,0.0009259281022858021,0.45,0.4,0,1387.245537003986,1386.309490443928,47.40763513391323,0.39505617143322524,0.676861374440599,1386.7786118214403,0.0009259281022858021,0,RELIANCE,5m,2026-01-30 05:40:00
1386.9000244140625,1389.4000244140625,1386.9000244140625,1389.199951171875,878741,0.0016583219535122318,0.0008645181353565956,0.0008707178378506174,0.45,0.4,0,1387.4316716866422,1386.422841845024,57.236588499839385,0.5074230998850453,0.6429737195294883,1387.4425905242376,0.0008707178378506174,0,RELIANCE,5m,2026-01-30 05:45:00
1389.0,1390.199951171875,1386.0,1388.800048828125,125792,-0.00028786521581192215,0.0009369721283782884,0.0008691003920738954,0.45,0.45,0,1387.5619933191642,1386.5160656482828,52.08365122153841,0.5577762260952568,0.625934220842642,1387.4892004370697,0.0008691003920738954,0,RELIANCE,5m,2026-01-30 05:50:00
1388.800048828125,1389.9000244140625,1386.699951171875,1386.699951171875,48038,-0.001512167038028256,-0.0016559026840352598,0.0008996424248371677,0.45,0.45,0,1387.4798940670414,1386.5232768452865,44.78510608023605,0.42334109911075757,0.5854155964962652,1387.4946359045416,0.0008996424248371677,0,RELIANCE,5m,2026-01-30 05:55:00
1386.699951171875,1387.699951171875,1386.199951171875,1387.0,61336,0.0002163761727052016,-0.0012241313686519595,0.0009014580054380714,0.4,0.5,0,1387.4341898701803,1386.5419718709618,48.71788852633473,0.3371255517329246,0.535757587543597,1387.4817504183013,0.0009014580054380714,0,RELIANCE,5m,2026-01-30 06:00:00
1387.0,1388.0,1386.5999755859375,1387.9000244140625,43373,0.0006489000822369473,0.0003603863278085484,0.0008900633760469504,0.45,0.45,0,1387.4785550648357,1386.5952288334363,48.05206128774008,0.33753269092881055,0.4961126082206398,1387.4820600116245,0.0008900633760469504,0,RELIANCE,5m,2026-01-30 06:05:00
1387.9000244140625,1388.9000244140625,1387.5999755859375,1387.800048828125,391489,-7.203370860930924e-05,0.00014418654202041914,0.0008897686586409572,0.5,0.45,0,1387.5091735184824,1386.6424766763653,42.553394107818434,0.32602988782059583,0.46209606414063104,1387.5641180437426,0.0008897686586409572,0,RELIANCE,5m,2026-01-30 06:10:00
1387.699951171875,1387.9000244140625,1386.300048828125,1386.800048828125,44044,-0.0007205648975473489,-0.00014416090257751701,0.0008995482618875621,0.5,0.45,0,1387.4416378336864,1386.6486559764344,45.454797662203156,0.2335302000540196,0.41638289132330875,1387.5558151565187,0.0008995482618875621,0,RELIANCE,5m,2026-01-30 06:15:00
1386.5999755859375,1390.0,1386.5999755859375,1389.4000244140625,96665,0.001874802058259517,0.0008644815476146483,0.0009761302985464803,0.5,0.45,0,1387.6281508413413,1386.75655277791,53.846334420995795,0.3658030817355211,0.40626692940575126,1387.590578445125,0.0009761302985464803,0,RELIANCE,5m,2026-01-30 06:20:00
1389.4000244140625,1389.5999755859375,1387.5,1387.5999755859375,35905,-0.0012955583679971072,-0.0005762379818904373,0.0010204114804107229,0.45,0.45,0,1387.6254674836837,1386.7896281821463,51.21956665748674,0.32167334654468505,0.38934821283353804,1387.5979637060705,0.0010204114804107229,0,RELIANCE,5m,2026-01-30 06:25:00
1387.9000244140625,1388.0,1387.0,1387.699951171875,52252,7.204928487780649e-05,0.0002161790057191304,0.0010074322563542596,0.45,0.45,0,1387.6325611682732,1386.82532712292,50.617125806257164,0.29140823498528334,0.36976021726388714,1387.5974487070325,0.0010074322563542596,0,RELIANCE,5m,2026-01-30 06:30:00
1387.5999755859375,1388.0,1387.0,1387.9000244140625,52048,0.00014417615423178987,-0.00043210341082999815,0.0009912588424761965,0.4,0.4,0,1387.6580338583483,1386.8674721147297,48.71788852633473,0.2803356200633971,0.3518752978237892,1387.598027240181,0.0009912588424761965,0,RELIANCE,5m,2026-01-30 06:35:00
1388.0,1389.4000244140625,1387.5,1388.5,115592,0.00043229020490209713,-0.0010072842574794239,0.0009678665503145366,0.4,0.4,0,1387.738221109934,1386.931492816113,51.57231255853946,0.31632708679399,0.34476565561782935,1387.6280474749574,0.0009678665503145366,0,RELIANCE,5m,2026-01-30 06:40:00
1388.5,1389.300048828125,1387.0999755859375,1387.0999755859375,36175,-0.0010082999020976091,-0.0006484325749729347,0.0009452335718948663,0.4,0.4,0,1387.6774358219345,1386.938099983557,54.66671006909124,0.22923780306177832,0.32166008510661914,1387.6302440109814,0.0009452335718948663,0,RELIANCE,5m,2026-01-30 06:45:00
1387.0999755859375,1390.0,1387.0999755859375,1389.800048828125,35946,0.001946559937791692,0.0011526420634859758,0.001043706507998587,0.45,0.4,0,1387.8795894415716,1387.0503332715793,58.78788775532851,0.3737835197073309,0.33208477202676157,1387.6443036667993,0.001043706507998587,0,RELIANCE,5m,2026-01-30 06:50:00
1390.0,1391.0,1389.300048828125,1389.699951171875,45962,-7.202306283871085e-05,0.0018021915282566692,0.0010282084150456021,0.5,0.35,0,1388.05295722541,1387.1542398559045,51.74821593198348,0.4747869488346623,0.36062520738834175,1387.6755711425837,0.0010282084150456021,0,RELIANCE,5m,2026-01-30 06:55:00
1389.800048828125,1390.0,1389.5999755859375,1389.699951171875,40455,0.0,0.0015855503941442084,0.001027953489308562,0.5,0.3,0,1388.2098137917399,1387.254071672217,53.23696782352115,0.5485100121243249,0.3982021683355384,1387.6997185906328,0.001027953489308562,0,RELIANCE,5m,2026-01-30 07:00:00
1389.9000244140625,1390.0,1388.800048828125,1389.5,35557,-0.0001438808224080157,0.0008643312898302113,0.0010222323133042715,0.45,0.35,0,1388.3326886687169,1387.3421472929144,61.66663275893638,0.584068899713202,0.43537551461107116,1387.7171377123152,0.0010222323133042715,0,RELIANCE,5m,2026-01-30 07:05:00
1389.5999755859375,1390.0,1389.0,1389.5999755859375,38046,7.195076353894159e-05,0.0011527201627792305,0.0010204065416383123,0.4,0.35,0,1388.453382660833,1387.4306895789155,61.0166861493581,0.6132476316058728,0.4709499380100315,1387.7364560576539,0.0010204065416383123,0,RELIANCE,5m,2026-01-30 07:10:00
1389.5,1390.0,1389.0,1389.5,29432,-7.194558699907816e-05,0.002742331646119478,0.0009384406029015297,0.4,0.3,0,1388.5530605026584,1387.5118390071934,57.2725355941984,0.6211446240213263,0.5009888752122905,1387.7508489255588,0.0009384406029015297,0,RELIANCE,5m,2026-01-30 07:15:00
1389.9000244140625,1389.9000244140625,1388.5,1389.0999755859375,29774,-0.0002878909061263535,0.001586236306257538,0.0009266811310130422,0.4,0.35,0,1388.6051476534467,1387.5741188730267,55.751801320067834,0.5883423756577031,0.5184595753013731,1387.762442435167,0.0009266811310130422,0,RELIANCE,5m,2026-01-30 07:20:00
1389.300048828125,1389.800048828125,1388.300048828125,1389.5999755859375,617447,0.0003599452946423387,0.00028795308675699793,0.0008528008733574265,0.35,0.4,0,1388.6998931708267,1387.6535642343174,62.96241876236225,0.5958238918897223,0.5339324386190429,1387.9759638444527,0.0008528008733574265,0,RELIANCE,5m,2026-01-30 07:25:00
1389.5999755859375,1389.800048828125,1387.300048828125,1387.9000244140625,80187,-0.001223338515933814,-0.000648059031119641,0.0008948870012509977,0.3,0.4,0,1388.623715193992,1387.6632293394055,42.424354516534734,0.45928682232761275,0.519003315360757,1387.9825770777315,0.0008948870012509977,0,RELIANCE,5m,2026-01-30 07:30:00
1388.0,1388.0999755859375,1385.4000244140625,1385.9000244140625,125097,-0.0014410259851709295,-0.0005768564116097608,0.0008888148085360222,0.3,0.45,0,1388.364316072094,1387.5940840482156,41.58448150833939,0.18753513737351568,0.4527096797633087,1387.9400464148189,0.0008888148085360222,0,RELIANCE,5m,2026-01-30 07:35:00
1385.5999755859375,1387.4000244140625,1385.199951171875,1387.0,79915,0.0007936904297281,0.0,0.0009063862167525192,0.3,0.45,0,1388.234381208085,1387.5707866345601,46.84709453217789,0.060234460719584604,0.3742146359545639,1387.9152775878708,0.0009063862167525192,0,RELIANCE,5m,2026-01-30 07:40:00
1385.9000244140625,1387.300048828125,1385.300048828125,1386.5,161162,-0.00036049026676276963,-0.0010087357802688324,0.0008964229954469625,0.25,0.45,0,1388.0692020454103,1387.5287950018323,43.85955519386652,-0.08007500914595767,0.2833567069344596,1387.8621755381218,0.0008964229954469625,0,RELIANCE,5m,2026-01-30 07:45:00
1386.5,1386.9000244140625,1386.0,1386.5999755859375,76432,7.210644496025154e-05,-0.0008647306528061227,0.0008968165369174682,0.2,0.45,0,1387.9292757159367,1387.4923707110129,41.28431120020606,-0.1811162848443928,0.19046210857868912,1387.8403774805656,0.0008968165369174682,0,RELIANCE,5m,2026-01-30 07:50:00
1386.5999755859375,1387.800048828125,1386.0999755859375,1387.199951171875,47376,0.0004326955116842335,0.0002883633758794524,0.0008879816061936122,0.25,0.4,0,1387.85981623555,1387.4809032781056,50.49492983961614,-0.21035437393675238,0.11029881207560083,1387.8324509522945,0.0008879816061936122,0,RELIANCE,5m,2026-01-30 07:55:00
1387.0,1388.4000244140625,1386.9000244140625,1388.0,35008,0.0005767364880953085,-0.0010076467464097405,0.0007865182186681419,0.25,0.4,0,1387.8731670702593,1387.5012600122977,39.02402715336291,-0.16704294891451354,0.05483045987757796,1387.8319770766182,0.0007865182186681419,0,RELIANCE,5m,2026-01-30 08:00:00
1388.300048828125,1388.699951171875,1387.0,1388.0999755859375,59781,7.202852012788696e-05,0.00036033439665406064,0.0007299558738775001,0.3,0.4,0,1387.8947678812763,1387.5247390544014,40.24384797463266,-0.1232306124952629,0.019218245403009787,1387.8332087075569,0.0007299558738775001,0,RELIANCE,5m,2026-01-30 08:05:00
1388.0999755859375,1389.9000244140625,1388.0999755859375,1389.800048828125,45199,0.0012247484130023523,0.001513365806834921,0.000778329715457428,0.35,0.35,0,1388.0762232095476,1387.613966888665,50.505548705302104,0.048118007864786705,0.02499819789536517,1387.846261919578,0.000778329715457428,0,RELIANCE,5m,2026-01-30 08:10:00
1389.9000244140625,1391.800048828125,1389.300048828125,1390.4000244140625,106245,0.00043169921201502426,0.0018012824814637174,0.0007823023642058212,0.4,0.35,0,1388.2975376099776,1387.7232240465237,54.36908162176896,0.2296784493855739,0.06593424819340693,1387.9018746323163,0.0007823023642058212,0,RELIANCE,5m,2026-01-30 08:15:00
1390.300048828125,1394.5999755859375,1390.300048828125,1393.5999755859375,81735,0.0023014608139291237,0.0036730108649172255,0.0009241101169665767,0.4,0.35,0,1388.8025317029262,1387.9536848912066,64.92548190795466,0.6245760004774183,0.17766259865020922,1387.9801163966597,0.0009241101169665767,0,RELIANCE,5m,2026-01-30 08:20:00
1394.0,1396.0,1393.800048828125,1395.9000244140625,102675,0.0016504369032857014,0.006344206605877645,0.0009347790826032054,0.45,0.3,0,1389.478483389701,1388.2653060489656,70.51293086583982,1.110330672089276,0.3641962133380226,1388.121852796091,0.0009347790826032054,0,RELIANCE,5m,2026-01-30 08:25:00
1396.0,1396.9000244140625,1391.0,1396.0,88254,7.162087842171871e-05,0.004461038245827442,0.0008531729229647527,0.45,0.35,0,1390.0995802097295,1388.5686273803788,72.5492073370194,1.4862296134317603,0.5886028933567702,1388.229416363741,0.0008531729229647527,0,RELIANCE,5m,2026-01-30 08:30:00
1395.699951171875,1396.9000244140625,1395.5,1396.9000244140625,81442,0.0006447166289846873,0.005181027196637711,0.0008551824355804383,0.4,0.35,0,1390.7472415625232,1388.89534883268,73.24863545181707,1.8355970607515246,0.8380017268357212,1388.3525993213075,0.0008551824355804383,0,RELIANCE,5m,2026-01-30 08:35:00
1396.9000244140625,1397.5,1395.0,1396.0,143328,-0.0006443012372628898,0.004533387817141632,0.000877292898291144,0.45,0.4,0,1391.2475042708543,1389.1739626039475,77.18108159035236,2.0166026908827916,1.0737219196451353,1388.553768363435,0.000877292898291144,0,RELIANCE,5m,2026-01-30 08:40:00
1396.0,1396.699951171875,1395.5,1396.300048828125,66574,0.00021493469063393889,0.004893881848236692,0.0008729771679453388,0.45,0.35,0,1391.7286989905945,1389.4534169656802,89.39381328894437,2.1593705105697154,1.2908516378300514,1388.6437274755676,0.0008729771679453388,0,RELIANCE,5m,2026-01-30 08:45:00
1396.5999755859375,1396.699951171875,1394.0999755859375,1394.699951171875,121989,-0.0011459554539103856,0.003670103393451196,0.0009264844405955516,0.45,0.4,0,1392.0116753888117,1389.6591634051388,78.10161094874903,2.118974311129932,1.4564761724900275,1388.7819721800804,0.0009264844405955516,0,RELIANCE,5m,2026-01-30 08:50:00
1394.699951171875,1394.699951171875,1393.199951171875,1394.300048828125,49428,-0.00028673001918011476,0.0034545151695752896,0.0009308369853794426,0.45,0.45,0,1392.2296157163653,1389.8411589119225,78.67644418913582,2.0312759700602783,1.5714361320040777,1388.8269672853633,0.0009308369853794426,0,RELIANCE,5m,2026-01-30 08:55:00
1393.800048828125,1394.5999755859375,1393.300048828125,1394.0,130575,-0.0002151967421769596,0.0035274814629491225,0.0009290834647378033,0.45,0.4,0,1392.3982237433781,1390.0042507192982,76.81135062936197,1.9154824804252257,1.6402454016883075,1388.9400280930788,0.0009290834647378033,0,RELIANCE,5m,2026-01-30 09:00:00
1393.9000244140625,1394.199951171875,1393.5999755859375,1394.0,44638,0.0,0.0031663964388075616,0.0009288289118185962,0.45,0.35,0,1392.5507738630565,1390.1609467695218,75.75737959606421,1.8029322252364182,1.6727827663979298,1388.9772973456656,0.0009288289118185962,0,RELIANCE,5m,2026-01-30 09:05:00
1393.800048828125,1394.0999755859375,1389.300048828125,1390.199951171875,85449,-0.0027260034635042674,0.0016571271109988572,0.0010927921195496176,0.45,0.35,0,1392.3268859877057,1390.162476353928,56.78989089155465,1.3910677914318512,1.6164397714047143,1389.0086075211827,0.0010927921195496176,0,RELIANCE,5m,2026-01-30 09:10:00
1390.300048828125,1391.9000244140625,1389.0,1391.4000244140625,135568,0.0008632378681756592,0.003968540228812989,0.001043997365450624,0.45,0.35,0,1392.2386134568824,1390.211007650404,59.537551861364335,1.1482616954754121,1.522804156218854,1389.0470396376506,0.001043997365450624,0,RELIANCE,5m,2026-01-30 09:15:00
1391.300048828125,1391.9000244140625,1391.0,1391.0999755859375,77886,-0.00021564526581874244,0.002956002585391193,0.0010380941826962967,0.45,0.3,0,1392.1301717548877,1390.245869138072,54.0877509500595,0.9210078767930554,1.4024449003336943,1389.0753973140513,0.0010380941826962967,0,RELIANCE,5m,2026-01-30 09:20:00
1391.0,1392.699951171875,1390.300048828125,1392.199951171875,86387,0.0007907236037971721,0.004111035825369536,0.0010403232284971232,0.5,0.35,0,1392.1368174136483,1390.3224998060643,55.48749171945129,0.8202115370820593,1.2859982276833675,1389.1114664351564,0.0010403232284971232,0,RELIANCE,5m,2026-01-30 09:25:00
1392.199951171875,1392.800048828125,1390.5999755859375,1392.699951171875,772733,0.0003591438137742209,0.004399232434256994,0.0010403636488566926,0.55,0.35,0,1392.190449200146,1390.415733192959,46.715315459802376,0.7717789457178696,1.183154371290268,1389.4277511365362,0.0010403636488566926,0,RELIANCE,5m,2026-01-30 09:30:00
1392.699951171875,1395.199951171875,1392.5,1395.199951171875,692416,0.0017950743790120516,0.0057670128904212525,0.0010980255529419742,0.55,0.35,0,1392.477068435549,1390.603349584289,47.48179958022675,0.9244681810225757,1.1314171332367295,1389.858553298497,0.0010980255529419742,0,RELIANCE,5m,2026-01-30 09:35:00
1395.0,1396.5999755859375,1394.9000244140625,1396.0999755859375,676321,0.0006450863285270003,0.0058357172809349045,0.0010990769290891548,0.55,0.35,0,1392.8221072117765,1390.818903545138,50.340045671579816,1.1053580687105296,1.1262053203314895,1390.3361913417718,0.0010990769290891548,0,RELIANCE,5m,2026-01-30 09:40:00
1396.0,1397.800048828125,1395.5,1396.199951171875,689415,7.161062079052982e-05,0.005835296973129234,0.0010990813261914543,0.55,0.35,0,1393.1438066365479,1391.0299250206963,47.48179958022675,1.242459502458587,1.149456156756909,1390.7982502896034,0.0010990813261914543,0,RELIANCE,5m,2026-01-30 09:45:00
1396.300048828125,1397.5,1395.5999755859375,1397.0999755859375,920237,0.0006446242984803341,0.005252501440021984,0.0010806569844576924,0.5,0.35,0,1393.5205846317278,1391.2679662193332,53.95667026723221,1.4075128923864213,1.2010675038828116,1391.3381036699857,0.0010806569844576924,0,RELIANCE,5m,2026-01-30 09:50:00
1397.300048828125,1397.5,1395.5,1397.0,612035,-7.155936417191366e-05,0.004746817800667769,0.0010823683033288776,0.45,0.4,0,1393.8519575239443,1391.4927518577906,52.554529902345145,1.5128129329971216,1.2634165897056737,1391.6420716562934,0.0010823683033288776,0,RELIANCE,5m,2026-01-30 09:55:00
1473.9000244140625,1473.9000244140625,1438.4000244140625,1447.0999755859375,6194607,0.03586254515815135,0.03838978253247016,0.008048650170985522,0.45,0.4,0,1398.9231973393723,1393.6734272981103,92.12215652064694,5.574652180411022,2.1256637078467433,1453.1333414713542,0.008048650170985522,0,RELIANCE,5m,2026-02-03 03:45:00
1447.0,1447.800048828125,1440.5,1444.199951171875,1797213,-0.0020040249208685967,0.03460127939899316,0.00809632368331595,0.4,0.4,0,1403.2352691329438,1395.6548596068853,88.56240472129564,8.462135088454716,3.392957983968338,1451.116901595862,0.00809632368331595,0,RELIANCE,5m,2026-02-03 03:50:00
1444.5,1445.9000244140625,1441.5,1445.300048828125,1025653,0.000761735004461972,0.035315221223585214,0.008090340145055688,0.35,0.35,0,1407.241438627723,1397.601729772424,89.16019665360861,10.71573051219616,4.857512489613903,1450.3339630277276,0.008090340145055688,0,RELIANCE,5m,2026-02-03 03:55:00
1445.0,1445.5,1442.0,1442.5999755859375,471881,-0.0018681748778579532,0.0327152626338052,0.008128114703370796,0.35,0.35,0,1410.608918338029,1399.36636686315,85.6303148218086,12.143860907349335,6.31478217316099,1449.987497018099,0.008128114703370796,0,RELIANCE,5m,2026-02-03 04:00:00
1442.4000244140625,1443.5,1440.0,1440.800048828125,523538,-0.0012476963734048274,0.03209172552157957,0.008138159483963979,0.3,0.35,0,1413.4842640989905,1400.9912171362862,88.21748366254113,12.980791009397763,7.647983940408345,1449.540231510185,0.008138159483963979,0,RELIANCE,5m,2026-02-03 04:05:00
1440.800048828125,1442.0,1435.4000244140625,1436.0,360137,-0.0033315162864057113,0.028432249361585393,0.008208520926650646,0.3,0.4,0,1415.6286198990867,1402.364110581922,81.94832835784352,13.105666356515258,8.739520423629727,1449.1326274415392,0.008208520926650646,0,RELIANCE,5m,2026-02-03 04:10:00
1436.0,1445.5,1435.5999755859375,1445.300048828125,617241,0.006476357122649823,0.03628027491772268,0.008259220489066143,0.35,0.35,0,1418.454470273281,1404.047872866087,84.39083483209946,13.79603508078526,9.750823355060835,1448.7395300679966,0.008259220489066143,0,RELIANCE,5m,2026-02-03 04:15:00
1445.300048828125,1447.4000244140625,1444.800048828125,1445.0,256022,-0.00020760313982437495,0.03636229605993857,0.008258179522765339,0.4,0.3,0,1420.98261596154,1405.6538386360444,83.84607920773485,14.15576696586686,10.63181207722204,1448.6710945116495,0.008258179522765339,0,RELIANCE,5m,2026-02-03 04:20:00
1445.0999755859375,1446.199951171875,1441.9000244140625,1442.800048828125,467949,-0.0015224575583909772,0.035007208628497155,0.008280272505506114,0.4,0.35,0,1423.0604667107384,1407.1105527612242,81.4303481063066,14.100794224332503,11.325608506644134,1448.469851298585,0.008280272505506114,0,RELIANCE,5m,2026-02-03 04:25:00
1443.0,1445.5,1442.800048828125,1443.5999755859375,197571,0.0005544266223598271,0.035581044179295196,0.008275018477532732,0.4,0.35,0,1425.0166104131386,1408.5415105190561,81.02560812048009,13.960843422051767,11.85265548972566,1448.395160975813,0.008275018477532732,0,RELIANCE,5m,2026-02-03 04:30:00
1443.5999755859375,1443.9000244140625,1440.0,1443.300048828125,327364,-0.00020776306655923005,0.03819601461752975,0.008221810589191149,0.4,0.35,0,1426.757890262185,1409.9045904527452,80.49099376873833,13.668171645601205,12.21575872090077,1448.2348077064914,0.008221810589191149,0,RELIANCE,5m,2026-02-03 04:35:00
1443.0999755859375,1443.9000244140625,1441.0,1443.9000244140625,176004,0.00041569705926680633,0.0377317802780035,0.00822541028233235,0.4,0.3,0,1428.3904744671258,1411.2377447257381,80.61621199798796,13.330969056712092,12.438800788063036,1448.159651500063,0.00822541028233235,0,RELIANCE,5m,2026-02-03 04:40:00
1443.699951171875,1447.800048828125,1443.699951171875,1447.0,201291,0.0021469461413683444,0.040184045284392456,0.008210605425158432,0.45,0.3,0,1430.1628102321615,1412.6401861090426,81.14858902829869,13.162150618634769,12.583470754177382,1448.1278541844667,0.008210605425158432,0,RELIANCE,5m,2026-02-03 04:45:00
1446.9000244140625,1451.4000244140625,1445.699951171875,1450.5999755859375,275200,0.0024878891402471126,0.04194801498513523,0.008206184232842027,0.45,0.25,0,1432.1092069325211,1414.128805304215,82.05741102809225,13.167066981769949,12.700189999695898,1448.1514526289666,0.008206184232842027,0,RELIANCE,5m,2026-02-03 04:50:00
1450.800048828125,1455.699951171875,1450.5999755859375,1451.0,367646,0.0002757648013200775,0.04186116957860797,0.008207129896232356,0.45,0.25,0,1433.9083300818047,1415.5747345079712,55.75224425567771,13.05277756732221,12.770707513221161,1448.2701772463588,0.008207129896232356,0,RELIANCE,5m,2026-02-03 04:55:00
1451.300048828125,1452.5,1450.4000244140625,1451.0,151104,0.0,0.03999430245195801,0.00822025918216091,0.4,0.3,0,1435.5361081692517,1416.963960605698,60.96782069052419,12.814484976888025,12.779463005954534,1448.3043163361795,0.00822025918216091,0,RELIANCE,5m,2026-02-03 05:00:00
1451.0,1451.800048828125,1450.0,1450.800048828125,105823,-0.00013780232382842872,0.03918062760457408,0.008228880701680177,0.35,0.35,0,1436.9898168034301,1418.2908660261853,59.13625708700695,12.465803965237228,12.716731197811074,1448.3243780518294,0.008228880701680177,0,RELIANCE,5m,2026-02-03 05:05:00
1450.800048828125,1452.5999755859375,1450.300048828125,1452.5,123741,0.0011717336053636007,0.040323772236827926,0.008219300206591285,0.35,0.35,0,1438.4669771078652,1419.632400691825,67.01050821150659,12.186169032894213,12.610618764827702,1448.3559087274493,0.008219300206591285,0,RELIANCE,5m,2026-02-03 05:10:00
1452.800048828125,1453.800048828125,1446.0,1447.699951171875,126155,-0.003304680776678115,0.0362178630521528,0.008300863636523576,0.4,0.4,0,1439.3463079711044,1420.7330889459447,60.747560484024305,11.445298235989867,12.377554659060136,1448.3633386364738,0.008300863636523576,0,RELIANCE,5m,2026-02-03 05:15:00
1447.699951171875,1448.199951171875,1445.199951171875,1446.4000244140625,87500,-0.0008979255382030038,0.035361506380860774,0.008312783347860661,0.4,0.4,0,1440.0180904894814,1421.7396354348905,68.18203159345936,10.630715297780853,12.02818678680428,1448.3522011832904,0.008312783347860661,0,RELIANCE,5m,2026-02-03 05:20:00
1446.4000244140625,1448.699951171875,1445.199951171875,1447.5999755859375,117416,0.0008296122453130828,0.0003455186292831147,0.0021793830443838885,0.4,0.4,0,1440.7401747843821,1422.7537664212061,55.60967766907041,9.967084139985673,11.615966257440558,1448.3422373338524,0.0021793830443838885,0,RELIANCE,5m,2026-02-03 05:25:00
1447.0,1451.0,1447.0,1450.5,125193,0.0020033327320889693,0.004362310650275925,0.00216773329263509,0.45,0.4,0,1441.6696819477743,1423.8418540125315,61.904963219751416,9.564901173148428,11.205753240582132,1448.352519770085,0.00216773329263509,0,RELIANCE,5m,2026-02-03 05:30:00
1450.5,1451.0,1447.5,1447.5999755859375,307078,-0.001999327414038299,0.0015913143846340017,0.0022187296288054743,0.45,0.4,0,1442.2344718180757,1424.7735450546259,60.0840142177907,8.909457856434301,10.746494163752565,1448.3599278526092,0.0022187296288054743,0,RELIANCE,5m,2026-02-03 05:35:00
1447.0,1447.699951171875,1444.699951171875,1447.0999755859375,220279,-0.0003453992873947431,0.0031193678609153785,0.0021739667045108896,0.45,0.45,0,1442.6978531293007,1425.6490913499715,57.44688587605839,8.254515567197586,10.24809844444157,1448.3319106856654,0.0021739667045108896,0,RELIANCE,5m,2026-02-03 05:40:00
1447.199951171875,1449.9000244140625,1445.5999755859375,1447.5999755859375,150295,0.0003455186292831147,0.004719549227766295,0.0021487918679233904,0.5,0.4,0,1443.1647219346946,1426.5099103396174,59.071640853159174,7.687201630420077,9.735919081637272,1448.3254821709756,0.0021487918679233904,0,RELIANCE,5m,2026-02-03 05:45:00
1447.800048828125,1449.199951171875,1447.199951171875,1448.0,78269,0.0002763362951152537,0.008356545961002881,0.001978045462177819,0.5,0.35,0,1443.6252246075808,1427.35265895375,58.723397624031875,7.187032241412226,9.226141713592263,1448.3244694001014,0.001978045462177819,0,RELIANCE,5m,2026-02-03 05:50:00
1448.199951171875,1449.9000244140625,1447.300048828125,1449.5,75475,0.001035911602209838,0.0029059371964184066,0.0013867639539324897,0.5,0.35,0,1444.1847270259063,1428.2211821320343,55.70778800918597,6.832916255820237,8.747496622037858,1448.3273794381334,0.0013867639539324897,0,RELIANCE,5m,2026-02-03 05:55:00
1449.4000244140625,1454.0,1448.5,1453.699951171875,165826,0.002897517193428678,0.006020727454584707,0.0015131498856052997,0.5,0.35,0,1445.090938849332,1429.2203495453616,56.88887200993929,6.812645804969861,8.360526458624259,1448.3684613300966,0.0015131498856052997,0,RELIANCE,5m,2026-02-03 06:00:00
1453.699951171875,1454.4000244140625,1450.5999755859375,1452.5999755859375,211506,-0.0007566730569473767,0.006792297218018772,0.0014737487879888747,0.55,0.3,0,1445.806085205199,1430.1371976253843,53.4482486464302,6.6313800681891735,8.014697180537242,1448.4260173588757,0.0014737487879888747,0,RELIANCE,5m,2026-02-03 06:05:00
1452.9000244140625,1453.800048828125,1450.300048828125,1450.5,147952,-0.001445666818967406,0.004779734365998323,0.0015253576918369044,0.55,0.35,0,1446.2531247094657,1430.9357388949772,49.011850079129196,6.24627205025854,7.661012154481502,1448.4557682513566,0.0015253576918369044,0,RELIANCE,5m,2026-02-03 06:10:00
1450.5,1451.0,1448.4000244140625,1448.9000244140625,69504,-0.0011030510761375067,0.0038799801818647506,0.0015520787284467995,0.55,0.35,0,1446.5052103956177,1431.6402206800396,46.44187907189393,5.745733276645296,7.277956378914261,1448.4601455171312,0.0015520787284467995,0,RELIANCE,5m,2026-02-03 06:15:00
1448.699951171875,1448.800048828125,1446.9000244140625,1448.199951171875,56643,-0.00048317567146882734,0.002977994795420491,0.0015583468317332024,0.55,0.4,0,1446.666614279071,1432.289621875798,41.634130354242075,5.232248528407354,6.86881480881288,1448.458351337453,0.0015583468317332024,0,RELIANCE,5m,2026-02-03 06:20:00
1448.199951171875,1448.800048828125,1447.5999755859375,1448.0999755859375,47915,-6.903438013283747e-05,0.0007601766316085445,0.0014859767312710877,0.5,0.4,0,1446.803124879725,1432.909635746784,50.95244461753986,4.762343638705488,6.447520574791403,1448.4574569828712,0.0014859767312710877,0,RELIANCE,5m,2026-02-03 06:25:00
1448.4000244140625,1448.4000244140625,1444.199951171875,1444.9000244140625,90757,-0.002209758459929656,-0.003929374926104345,0.0014493425979623575,0.45,0.45,0,1446.6218772163286,1433.3798470670695,46.72487686304612,4.084646054559471,5.974945670745017,1448.442304838298,0.0014493425979623575,0,RELIANCE,5m,2026-02-03 06:30:00
1444.9000244140625,1446.0,1443.199951171875,1445.699951171875,124250,0.0005536208348648763,-0.003652686993883547,0.0014554200825518707,0.4,0.5,0,1446.5340747359046,1433.8629884045129,45.77770061686533,3.5709495570106355,5.494146447998141,1448.4150448874118,0.0014554200825518707,0,RELIANCE,5m,2026-02-03 06:35:00
1445.699951171875,1447.300048828125,1445.0,1446.4000244140625,60173,0.0004842451862989705,-0.0031702106036785027,0.0014626163650226123,0.45,0.45,0,1446.5213080385863,1434.3546368754755,39.90150153039441,3.1836325078004393,5.0320436599586005,1448.4067894950958,0.0014626163650226123,0,RELIANCE,5m,2026-02-03 06:40:00
1446.4000244140625,1446.5,1444.199951171875,1445.300048828125,146575,-0.0007604919575295854,-0.003791011727937721,0.0014687843093408712,0.45,0.45,0,1446.40499763759,1434.783868716756,43.78394071962573,2.7561509266888606,4.5768651133046525,1448.3787192747243,0.0014687843093408712,0,RELIANCE,5m,2026-02-03 06:45:00
1445.5,1446.0,1444.800048828125,1445.300048828125,58785,0.0,-0.004956937123493987,0.0014346282567484487,0.4,0.45,0,1446.299764417641,1435.1962679368096,45.000169543250486,2.389820332636191,4.139456157170961,1448.367726801763,0.0014346282567484487,0,RELIANCE,5m,2026-02-03 06:50:00
1445.0,1445.0999755859375,1442.0999755859375,1442.800048828125,94957,-0.0017297446312459774,-0.003384611804251092,0.0012943508178791911,0.35,0.45,0,1445.9664581710203,1435.4944554227436,38.000109863951806,1.8761445642742274,3.686793838591614,1448.338222018264,0.0012943508178791911,0,RELIANCE,5m,2026-02-03 06:55:00
1442.699951171875,1444.9000244140625,1442.199951171875,1442.800048828125,81907,0.0,-0.0024889211318949167,0.00128325094636769,0.35,0.4,0,1445.6648953764588,1435.7809492817782,36.73471929846415,1.4523114743692531,3.239897365747142,1448.3128808874276,0.00128325094636769,0,RELIANCE,5m,2026-02-03 07:00:00
1442.4000244140625,1443.5999755859375,1441.0,1442.0,444292,-0.0005545112288947163,-0.0038684551536213307,0.0012663379160818187,0.3,0.45,0,1445.315857721558,1436.0248336236693,30.15862763841166,1.039876395141846,2.7998931716260826,1448.1505305672324,0.0012663379160818187,0,RELIANCE,5m,2026-02-03 07:05:00
1442.0,1443.9000244140625,1441.800048828125,1443.199951171875,253345,0.0008321436698162099,-0.005032780991468422,0.001183817183404817,0.3,0.45,0,1445.1143428120643,1436.3062107824226,16.980929275558154,0.8006156556671158,2.4000376684342895,1448.0731956559473,0.001183817183404817,0,RELIANCE,5m,2026-02-03 07:10:00
1443.0999755859375,1444.5,1442.9000244140625,1444.0999755859375,73003,0.0006236311284044671,-0.002417795011763091,0.0011237718836508161,0.35,0.45,0,1445.0177364095762,1436.6118486178545,22.929852115632826,0.6758336545719885,2.0551968656618294,1448.055047193095,0.0011237718836508161,0,RELIANCE,5m,2026-02-03 07:15:00
1444.0999755859375,1445.699951171875,1443.0,1444.699951171875,181637,0.00041546679321435853,-0.001658506291585482,0.001128623489709065,0.4,0.4,0,1444.9874711488428,1436.929029110169,29.57722263294535,0.6182294707734854,1.7678033866841607,1448.017233130941,0.001128623489709065,0,RELIANCE,5m,2026-02-03 07:20:00
1444.300048828125,1445.699951171875,1444.0,1445.199951171875,303608,0.0003460926260809849,-0.0016579334446942262,0.0011286349508536138,0.35,0.4,0,1445.0077073415127,1437.2533789949418,35.877556725527654,0.6059386775323219,1.535430444853793,1447.964429739766,0.0011286349508536138,0,RELIANCE,5m,2026-02-03 07:25:00
1445.5999755859375,1446.199951171875,1444.300048828125,1444.300048828125,136602,-0.0006226836245187828,-0.002555214897703717,0.0011314964511053075,0.4,0.4,0,1444.9403112926188,1437.5297189884,35.338497687054854,0.517616773041027,1.33186771049124,1447.9410064002896,0.0011314964511053075,0,RELIANCE,5m,2026-02-03 07:30:00
1444.699951171875,1445.699951171875,1443.5999755859375,1444.0999755859375,179796,-0.00013852609251785442,-0.0037254394025957316,0.0010979282103440917,0.35,0.45,0,1444.8602793205541,1437.787376109872,35.074518092045324,0.42655967444125054,1.150806103281242,1447.906023508204,0.0010979282103440917,0,RELIANCE,5m,2026-02-03 07:35:00
1444.4000244140625,1444.5,1442.4000244140625,1442.800048828125,63950,-0.0009001639635684011,-0.007498041349566775,0.0008330061548511472,0.3,0.5,0,1444.6640668927037,1437.9839515105878,40.869574447758666,0.24665970284149807,0.9699768231932933,1447.8893490381238,0.0008330061548511472,0,RELIANCE,5m,2026-02-03 07:40:00
1442.800048828125,1445.0,1442.5999755859375,1444.0,70896,0.0008316822368072962,-0.005920401852181345,0.0008697021125222695,0.3,0.5,0,1444.600822426732,1438.2198749807608,42.85728940133765,0.1986240954661298,0.8157062776478606,1447.873497536808,0.0008697021125222695,0,RELIANCE,5m,2026-02-03 07:45:00
1444.0,1444.699951171875,1443.0,1444.0999755859375,124011,6.923517031687254e-05,-0.00441228846195274,0.0008293838443596518,0.3,0.45,0,1444.5531227276088,1438.4504671613558,39.8226168870452,0.16670109830420188,0.6859052417791289,1447.846524735251,0.0008293838443596518,0,RELIANCE,5m,2026-02-03 07:50:00
1443.699951171875,1444.0999755859375,1440.5999755859375,1440.800048828125,113653,-0.002285109627865989,-0.005590430981746386,0.0009314090417176146,0.3,0.45,0,1444.1956871181342,1438.5426076188764,33.333031919703416,-0.12345154509057465,0.5240338844051882,1447.809034461828,0.0009314090417176146,0,RELIANCE,5m,2026-02-03 07:55:00
1440.800048828125,1441.9000244140625,1440.199951171875,1440.5,132439,-0.00020825153939230123,-0.005316911636161992,0.0009302784347764057,0.3,0.45,0,1443.8437169164072,1438.6193681044108,32.608272592173236,-0.3733077785398109,0.34456555181618836,1447.7589603956128,0.0009302784347764057,0,RELIANCE,5m,2026-02-03 08:00:00
1440.199951171875,1442.199951171875,1438.4000244140625,1441.9000244140625,232539,0.0009719017105604966,-0.004281438627444456,0.0009701490327659626,0.35,0.5,0,1443.6586033447552,1438.7480212930245,46.45654911233503,-0.4531270078578018,0.18502703988139035,1447.672348369484,0.0009701490327659626,0,RELIANCE,5m,2026-02-03 08:05:00
1441.9000244140625,1445.300048828125,1441.199951171875,1445.199951171875,221166,0.00228859608983889,0.0002075761317354985,0.0010039741829491872,0.4,0.45,0,1443.8053983759096,1439.0010381510187,57.499809262226286,-0.24725757997248365,0.09857011591061554,1447.6280058726738,0.0010039741829491872,0,RELIANCE,5m,2026-02-03 08:10:00
1445.0999755859375,1445.800048828125,1445.0,1445.4000244140625,86939,0.00013843983458849962,-0.0002074612768502293,0.0009964247872665153,0.45,0.4,0,1443.9572675224003,1439.2519787887852,61.039197812215136,-0.06718585983094272,0.06541892076230389,1447.6177585071573,0.0009964247872665153,0,RELIANCE,5m,2026-02-03 08:15:00
1445.4000244140625,1445.5,1444.199951171875,1445.300048828125,124183,-6.916810865420508e-05,-0.0007604919575295854,0.0009896411374617623,0.4,0.45,0,1444.085151456279,1439.4891580060141,57.343099091716184,0.06668636259632876,0.06567240912910888,1447.6006727640813,0.0009896411374617623,0,RELIANCE,5m,2026-02-03 08:20:00
1445.5999755859375,1445.800048828125,1443.5999755859375,1444.0,72345,-0.0008995009923227215,-0.0008995009923227215,0.0009954566232408641,0.45,0.45,0,1444.077041793776,1439.6660537704843,49.65994303319189,0.06710444957502659,0.06595881721829241,1447.588801385029,0.0009954566232408641,0,RELIANCE,5m,2026-02-03 08:25:00
1443.9000244140625,1444.4000244140625,1442.699951171875,1443.4000244140625,101272,-0.00041549555812847583,-0.001314622811784405,0.0009988084996745714,0.45,0.5,0,1444.0125639480889,1439.8124839918012,45.578429011551144,0.018805987223686316,0.056528251219371196,1447.5672347411419,0.0009988084996745714,0,RELIANCE,5m,2026-02-03 08:30:00
1443.5,1444.5,1442.5999755859375,1443.0999755859375,254099,-0.00020787641890662734,0.0002078782559344905,0.0009202085794846146,0.5,0.5,0,1443.925650770741,1439.9414052307868,42.75864391369136,-0.04318452070515377,0.036585696834466205,1447.5128045435947,0.0009202085794846146,0,RELIANCE,5m,2026-02-03 08:35:00
1443.199951171875,1443.9000244140625,1441.800048828125,1442.5,67947,-0.00041575469204335747,-0.00020796286246915763,0.0009251480212278605,0.5,0.55,0,1443.7898745068608,1440.04174228056,43.66177810635627,-0.13912175148539063,0.00144420717049484,1447.4961696124824,0.0009251480212278605,0,RELIANCE,5m,2026-02-03 08:40:00
1442.0,1443.4000244140625,1441.199951171875,1443.300048828125,62787,0.000554626570623995,0.0009015595201975479,0.0009240318792999208,0.5,0.55,0,1443.7432244422193,1440.1695190079154,47.297531363152736,-0.1488792565314725,-0.028620485569898626,1447.4805799322626,0.0009240318792999208,0,RELIANCE,5m,2026-02-03 08:45:00
1443.0999755859375,1444.5999755859375,1443.0,1443.5,109269,0.00013853749401415705,0.00020790523716507359,0.0009057886073486435,0.5,0.55,0,1443.7200602096273,1440.300126105644,52.55457542546556,-0.13887687490455392,-0.05067176343682969,1447.4596041300365,0.0009057886073486435,0,RELIANCE,5m,2026-02-03 08:50:00
1443.4000244140625,1443.9000244140625,1443.0,1443.5,192928,0.0,-0.0004154667932142475,0.0008942416918499644,0.45,0.55,0,1443.6991020944247,1440.4256113564031,47.99999999999999,-0.12945760867387435,-0.06642893248423863,1447.42086807349,0.0008942416918499644,0,RELIANCE,5m,2026-02-03 08:55:00
1443.699951171875,1445.0,1441.5,1443.0999755859375,110711,-0.0002771211735798085,-0.001107479504404818,0.0008898740649641352,0.45,0.6,0,1443.6420424269497,1440.5304883850124,46.09376490110435,-0.152513320769458,-0.08364581014128251,1447.3975006457808,0.0008898740649641352,0,RELIANCE,5m,2026-02-03 09:00:00
1443.0,1443.699951171875,1442.5,1443.5,69065,0.00027719799101233455,-0.001176274030798674,0.0008883716725946775,0.45,0.6,0,1443.6285145767642,1440.6469398208942,63.6359152671944,-0.13692808985638294,-0.0943022660843026,1447.383168603005,0.0008883716725946775,0,RELIANCE,5m,2026-02-03 09:05:00
1443.5,1443.5,1441.699951171875,1442.0999755859375,188000,-0.0009698818247748653,-0.0015232799057042223,0.0009032452109470879,0.4,0.65,0,1443.4829394347807,1440.7039216156018,57.2725355941984,-0.2348398640249343,-0.12240978567242894,1447.3372254150736,0.0009032452109470879,0,RELIANCE,5m,2026-02-03 09:10:00
1442.199951171875,1442.199951171875,1441.300048828125,1441.800048828125,64406,-0.0002079791712711332,-0.001592636795717195,0.0009036323629302276,0.4,0.65,0,1443.3226641389087,1440.7469069964852,49.495074043476656,-0.33280091148662905,-0.16448801083526898,1447.3195684751868,0.0009036323629302276,0,RELIANCE,5m,2026-02-03 09:15:00
1441.9000244140625,1442.0,1441.5,1442.0,56479,0.00013868162373653625,-0.0005545112288947163,0.0008835998369258272,0.4,0.6,0,1443.1966961256792,1440.7960478985838,26.471116217283594,-0.38980789608353916,-0.20955198788492302,1447.3043613347334,0.0008835998369258272,0,RELIANCE,5m,2026-02-03 09:20:00
1442.0,1443.800048828125,1441.300048828125,1443.0999755859375,115278,0.0007628124729108787,-0.0006232856053064451,0.0008802035143397924,0.4,0.65,0,1443.1874846457038,1440.8863980039703,35.06452328862679,-0.3422818925894262,-0.23609796882582368,1447.2786458926894,0.0008802035143397924,0,RELIANCE,5m,2026-02-03 09:25:00
1443.0999755859375,1443.0999755859375,1435.699951171875,1436.300048828125,483072,-0.004712027491408977,-0.005401237372535617,0.0013665402684416186,0.4,0.7,0,1442.531538377363,1440.706541173545,18.7497880709369,-0.8435900711863269,-0.35759638929792437,1447.0733865920847,0.0013665402684416186,0,RELIANCE,5m,2026-02-03 09:30:00
1436.4000244140625,1436.5,1430.199951171875,1434.300048828125,982693,-0.0013924667075182473,-0.004511382412352605,0.0013106929347330403,0.4,0.7,0,1441.7475869917214,1440.4553061796069,17.88064479619719,-1.3862834866549747,-0.5633338087693345,1446.4733589549278,0.0013106929347330403,-1,RELIANCE,5m,2026-02-03 09:35:00
1434.699951171875,1439.4000244140625,1433.0999755859375,1434.5,1200917,0.00013940679430257674,-0.004165220409580006,0.001313232980042751,0.45,0.65,0,1441.0573406115575,1440.2217647607988,19.727456174587488,-1.7797220122808994,-0.8066114494716475,1445.9129437084391,0.001313232980042751,0,RELIANCE,5m,2026-02-03 09:40:00
1434.9000244140625,1441.5,1433.5999755859375,1440.199951171875,1501124,0.003973475895346912,-0.0011790507062917621,0.001596183896230519,0.45,0.6,0,1440.975684474445,1440.220909325939,42.78591253332685,-1.6129928774817017,-0.9678877350736583,1445.457615860037,0.001596183896230519,0,RELIANCE,5m,2026-02-03 09:45:00
1440.0,1440.300048828125,1435.800048828125,1436.5,467202,-0.0025690538101076354,-0.006019894454618813,0.001589926921540494,0.4,0.6,-1,1440.5494288102122,1440.074991313157,37.06880222254962,-1.7591357527890068,-1.1261373386167282,1445.3102697498712,0.001589926921540494,0,RELIANCE,5m,2026-02-03 09:50:00
1436.699951171875,1440.0,1435.4000244140625,1438.0999755859375,328731,0.0011138013128697555,-0.005050538746935729,0.0016188008101886444,0.35,0.65,0,1440.3161475507575,1439.997539716011,39.16634877037715,-1.7259546453587973,-1.2461007999651421,1445.2137102478168,0.0016188008101886444,0,RELIANCE,5m,2026-02-03 09:55:00
1450.699951171875,1457.0,1450.699951171875,1456.5,293934,0.00399810369018061,0.00865650969529086,0.0027068927213771735,0.4,0.55,0,1442.7522163500107,1441.047938513259,65.40295053514609,0.6184832942128651,-0.781833900310017,1454.7333170572917,0.0027068927213771735,0,RELIANCE,5m,2026-02-04 03:50:00
1456.5,1459.0,1455.300048828125,1458.5,215980,0.001373154823206324,0.010461393467183333,0.0027068783527572607,0.45,0.5,0,1444.2520052690572,1441.7323330813665,67.5800639340927,1.7845195942516057,-0.2685632013976925,1455.9475408229966,0.0027068783527572607,0,RELIANCE,5m,2026-02-04 03:55:00
1458.300048828125,1461.699951171875,1457.5,1460.0,277162,0.001028453890983938,0.011710917261432696,0.002703400628275253,0.45,0.45,0,1445.7518142910517,1442.448712176215,68.37430468329445,2.797402512011331,0.3446299412841122,1457.2806691519634,0.002703400628275253,0,RELIANCE,5m,2026-02-04 04:00:00
1459.699951171875,1460.0,1456.300048828125,1456.5999755859375,107792,-0.002328783845248261,0.009774679782279083,0.0027736327484881706,0.45,0.45,0,1446.7849725096123,1443.0036636824786,65.45853483323876,3.287865499880354,0.9332770530033605,1457.3231505622402,0.0027736327484881706,0,RELIANCE,5m,2026-02-04 04:05:00
1456.300048828125,1459.0999755859375,1456.0,1458.0999755859375,91870,0.0010297954312381563,0.010254227296554896,0.002776248217575591,0.45,0.45,0,1447.8625918502148,1443.5956759139867,66.94388541061281,3.754320940520074,1.4974858305067034,1457.3613390133796,0.002776248217575591,0,RELIANCE,5m,2026-02-04 04:10:00
1458.300048828125,1458.5,1456.699951171875,1457.300048828125,68410,-0.0005486089919801707,0.009560130812694911,0.002785374632220882,0.4,0.45,0,1448.7613972766826,1444.1331023027765,65.70856352206303,4.01318137697308,2.000624939799979,1457.370329030036,0.002785374632220882,0,RELIANCE,5m,2026-02-04 04:15:00
1457.300048828125,1458.4000244140625,1453.0999755859375,1454.5,92370,-0.0019213948633135525,0.007620367163145181,0.002835469049730723,0.4,0.5,0,1449.3079308693796,1444.5396473105106,61.30959733575537,3.9468922810449385,2.389878408048971,1457.2063601053615,0.002835469049730723,0,RELIANCE,5m,2026-02-04 04:20:00
1454.699951171875,1458.800048828125,1454.4000244140625,1458.5999755859375,59946,0.002818821303497865,0.010740766587364448,0.0028816407250055465,0.4,0.45,0,1450.1928875090518,1445.0910327330766,73.3752690290897,4.177041129768213,2.7473109523928194,1457.2093549050471,0.0028816407250055465,0,RELIANCE,5m,2026-02-04 04:25:00
1458.9000244140625,1462.0,1458.9000244140625,1462.0,185502,0.002331019108029686,0.012816072047107774,0.0029083198736196926,0.45,0.45,0,1451.3173744129517,1445.7541294886423,78.20777373914169,4.580982589806581,3.114045279875572,1457.7097191321877,0.0029083198736196926,0,RELIANCE,5m,2026-02-04 04:30:00
1462.0,1464.0,1460.199951171875,1463.0,200144,0.0006839945280436854,0.014492770798065324,0.0028835148009898784,0.5,0.4,0,1452.430005421242,1446.4304381361467,78.55717011595479,4.9250280916621705,3.4762418422328922,1458.298961756021,0.0028835148009898784,0,RELIANCE,5m,2026-02-04 04:35:00
1462.699951171875,1463.4000244140625,1457.9000244140625,1459.0999755859375,108399,-0.002665771985005172,0.011998839070558764,0.0029761918814895055,0.5,0.4,0,1453.0652406750226,1446.927282742021,69.64660499701803,4.82734067585011,3.7464616089563356,1458.4158256261285,0.0029761918814895055,0,RELIANCE,5m,2026-02-04 04:40:00
1459.0999755859375,1460.0,1458.0,1458.0,79200,-0.0007538726642057902,0.01109570041608876,0.002990144364168482,0.5,0.4,0,1453.535217753592,1447.3615069482162,73.62637362637363,4.608045181667876,3.918778323498644,1458.4269821993869,0.002990144364168482,0,RELIANCE,5m,2026-02-04 04:45:00
1458.0999755859375,1458.9000244140625,1455.699951171875,1457.5,80183,-0.0003429355281207025,0.009978535553793355,0.0029963376632902894,0.45,0.4,0,1453.9128160627738,1447.7590949110313,71.84686232730772,4.34383309726104,4.003789278251123,1458.3812944685078,0.0029963376632902894,0,RELIANCE,5m,2026-02-04 04:50:00
1457.199951171875,1459.0,1456.0999755859375,1456.5999755859375,106100,-0.0006175124624785422,0.0141334860876563,0.0027512798948030113,0.5,0.35,0,1454.168736017361,1448.1057961139688,59.02142385181369,4.015530136592588,4.006137449919416,1458.3193723034303,0.0027512798948030113,0,RELIANCE,5m,2026-02-04 04:55:00
1456.800048828125,1459.4000244140625,1454.699951171875,1456.0,131110,-0.00041190141150193593,0.015129296822937954,0.0027204896197234323,0.55,0.35,0,1454.3431421109458,1448.4153727369503,49.09090909090909,3.664690389764928,3.937848037888519,1458.21817752373,0.0027204896197234323,0,RELIANCE,5m,2026-02-04 05:00:00
1455.699951171875,1457.0,1454.4000244140625,1455.4000244140625,57136,-0.0004120711441878422,0.014569553443054994,0.002729831781068042,0.5,0.4,0,1454.4437975683857,1448.6892806458568,44.061343897180215,3.300191790497365,3.8103167884102884,1458.1487692908354,0.002729831781068042,0,RELIANCE,5m,2026-02-04 05:05:00
1455.699951171875,1456.5999755859375,1455.0,1455.699951171875,41450,0.00020607857137644459,0.010762394476814041,0.002621869918628513,0.45,0.4,0,1454.5634312449085,1448.964208901779,41.365329934307276,3.0009327228569873,3.6484399752996284,1458.1038201830263,0.002621869918628513,0,RELIANCE,5m,2026-02-04 05:10:00
1455.699951171875,1458.0,1455.699951171875,1456.9000244140625,105804,0.0008243960173395237,0.014201200427471194,0.0025179140900698214,0.5,0.4,0,1454.785963927685,1449.2754173532412,50.66090192409039,2.8280041652749333,3.4843528132946897,1458.0469701910697,0.0025179140900698214,0,RELIANCE,5m,2026-02-04 05:15:00
1456.5999755859375,1457.0999755859375,1455.0,1455.0,109371,-0.0013041556608022198,0.011751633892613578,0.0025551931784875775,0.5,0.4,0,1454.8063483155247,1449.499910790369,43.29008904272465,2.508721961315132,3.2892266428987784,1457.9405415229276,0.0025551931784875775,0,RELIANCE,5m,2026-02-04 05:20:00
1454.9000244140625,1455.199951171875,1454.300048828125,1455.0,58539,0.0,0.002964120061251352,0.0016818179951687713,0.45,0.45,0,1454.8247913330938,1449.7156005632958,44.84295113913796,2.229982662357088,3.0773778467904407,1457.8669126721534,0.0016818179951687713,0,RELIANCE,5m,2026-02-04 05:25:00
1455.0,1456.300048828125,1453.300048828125,1454.800048828125,84923,-0.0001374234858247947,-0.0011671480754377184,0.0014171106511332854,0.45,0.5,0,1454.8224349040493,1449.9149906913283,50.761547136607554,1.9702337430539956,2.855949026043152,1457.7649893245452,0.0014171106511332854,0,RELIANCE,5m,2026-02-04 05:30:00
1454.5999755859375,1455.199951171875,1453.4000244140625,1454.300048828125,33999,-0.0003436898427401358,-0.002879637416438152,0.0013773319557881683,0.4,0.5,0,1454.7726838491994,1450.0869537555166,36.646169943362324,1.7043879089212624,2.625636802618774,1457.7194925480273,0.0013773319557881683,0,RELIANCE,5m,2026-02-04 05:35:00
1454.4000244140625,1454.4000244140625,1451.5,1452.5,77626,-0.001237742396815178,-0.005136986301369828,0.001369055316542407,0.35,0.55,0,1454.5562377683232,1450.1815830200062,17.241379310344826,1.3330872729964085,2.3671268966943013,1457.5763028006338,0.001369055316542407,0,RELIANCE,5m,2026-02-04 05:40:00
1452.5999755859375,1452.699951171875,1451.4000244140625,1451.5999755859375,44073,-0.0006196381508175586,-0.003432651437460521,0.0012835741107968775,0.35,0.55,0,1454.2746889890484,1450.2372062578859,10.416649006061121,0.9551935192498604,2.084740221205413,1457.484023092691,0.0012835741107968775,0,RELIANCE,5m,2026-02-04 05:45:00
1451.5,1452.0999755859375,1450.0999755859375,1450.5999755859375,59179,-0.0006888950239865022,-0.00514368021780276,0.0012561815365497145,0.35,0.55,0,1453.9247162839902,1450.2514325060447,13.043478260869563,0.5684654384594978,1.7814852646562302,1457.344082137458,0.0012561815365497145,0,RELIANCE,5m,2026-02-04 05:50:00
1450.0999755859375,1450.9000244140625,1448.699951171875,1450.300048828125,94455,-0.00020676048728829333,-0.004803403393576322,0.0012543301581432271,0.35,0.6,0,1453.579509859622,1450.2533390284793,14.018755561640077,0.23506933250541806,1.4722020782260679,1457.1008303241983,0.0012543301581432271,0,RELIANCE,5m,2026-02-04 05:55:00
1450.699951171875,1451.9000244140625,1449.0999755859375,1451.300048828125,93776,0.0006895124914378936,-0.0022000351817634822,0.0012050215011883993,0.4,0.55,0,1453.3624183328127,1450.2943864716026,22.321525885558586,0.05095478416524202,1.1879526194139027,1456.9000513966894,0.0012050215011883993,0,RELIANCE,5m,2026-02-04 06:00:00
1451.800048828125,1451.800048828125,1450.0999755859375,1450.0999755859375,34276,-0.0008268953364650722,-0.005827505925046661,0.0009964414775614425,0.35,0.55,0,1453.051709499777,1450.286762515302,21.73913043478261,-0.18960752555381077,0.9124405904203601,1456.8286593919854,0.0009964414775614425,0,RELIANCE,5m,2026-02-04 06:05:00
1450.0999755859375,1453.0999755859375,1450.0,1453.0999755859375,67970,0.0020688228746350568,-0.006087567998674714,0.0009612214044769494,0.35,0.6,0,1453.0563062698875,1450.3970845965034,39.56827582572957,-0.13660526079752344,0.7026314201767835,1456.7229071220406,0.0009612214044769494,0,RELIANCE,5m,2026-02-04 06:10:00
1453.0999755859375,1454.800048828125,1451.699951171875,1452.0,60604,-0.0007569854823609168,-0.007518796992481258,0.0009369001142935773,0.35,0.6,0,1452.9557056727554,1450.4599440240916,38.19437968889077,-0.1812698549713332,0.5258511651471601,1456.6473857002754,0.0009369001142935773,0,RELIANCE,5m,2026-02-04 06:15:00
1452.199951171875,1453.0999755859375,1451.199951171875,1452.5,84879,0.0003443526170798794,-0.004523319646611013,0.000778186633462343,0.35,0.6,0,1452.912305132493,1450.5399462192254,39.041336410153505,-0.17431168966641053,0.38581859418444603,1456.5314111727578,0.000778186633462343,0,RELIANCE,5m,2026-02-04 06:20:00
1453.0,1454.800048828125,1452.4000244140625,1454.5,42760,0.001376936316695332,-0.0024005486968450285,0.0008451474876335086,0.4,0.6,0,1453.0635141674938,1450.6952424459225,42.207725294672514,-0.007329518106644173,0.30718897172622806,1456.496778732274,0.0008451474876335086,0,RELIANCE,5m,2026-02-04 06:25:00
1454.699951171875,1455.0,1452.4000244140625,1452.9000244140625,46015,-0.0011000175908817411,-0.0031560724431818343,0.0008721887536082576,0.45,0.55,0,1453.047943714786,1450.781704483889,43.04642721444798,-0.004052883220310832,0.24494060073692028,1456.4539968244287,0.0008721887536082576,0,RELIANCE,5m,2026-02-04 06:30:00
1453.199951171875,1454.0,1452.699951171875,1453.5999755859375,64332,0.00048176141517886073,-0.0020595908624763126,0.0008763131304347975,0.4,0.55,0,1453.1005181787052,1450.8922249192635,45.56952245563342,0.05439702828721238,0.2068318862469787,1456.3961488538391,0.0008763131304347975,0,RELIANCE,5m,2026-02-04 06:35:00
1453.5999755859375,1453.800048828125,1452.199951171875,1452.5999755859375,85504,-0.0006879471772121004,-0.0023351816030648953,0.0008835829963148834,0.35,0.55,0,1453.0528474555845,1450.959195533643,43.373263620787284,0.019799129573357277,0.16942533491225442,1456.308542053401,0.0008835829963148834,0,RELIANCE,5m,2026-02-04 06:40:00
1452.5,1453.300048828125,1451.5,1451.800048828125,32654,-0.0005506861980290045,-0.002473529974954314,0.0008865619268359756,0.35,0.55,0,1452.9335333005884,1450.9921701726423,42.603507555401464,-0.07134493847024714,0.1212712802357541,1456.2699620144078,0.0008865619268359756,0,RELIANCE,5m,2026-02-04 06:45:00
1451.699951171875,1452.5999755859375,1451.0999755859375,1451.300048828125,48175,-0.00034440004352087605,-0.003022533826567697,0.0008843352767175395,0.35,0.6,0,1452.7779633508299,1451.0042438454063,46.15396653990015,-0.18182710074438546,0.0606516040397262,1456.207061053557,0.0008843352767175395,0,RELIANCE,5m,2026-02-04 06:50:00
1451.4000244140625,1453.699951171875,1451.300048828125,1453.0,56366,0.0011713299212301465,-0.002676933453708341,0.0009075719696461697,0.35,0.6,0,1452.7991096983699,1451.0825087926453,54.26842430422711,-0.13070645518860147,0.022379992194060665,1456.151349257692,0.0009075719696461697,0,RELIANCE,5m,2026-02-04 06:55:00
1452.5,1453.300048828125,1451.300048828125,1451.9000244140625,81728,-0.0007570375677478092,-0.0021305674130154273,0.0008782034944352404,0.35,0.55,0,1452.7134825284359,1451.1145682287793,53.939600195315386,-0.17691247529546672,-0.017478501303844814,1456.0624617481174,0.0008782034944352404,0,RELIANCE,5m,2026-02-04 07:00:00
1451.9000244140625,1454.199951171875,1451.800048828125,1454.199951171875,68718,0.0015840806661193696,-0.0005498617375429005,0.0009562567690140156,0.4,0.5,0,1452.8550509706683,1451.2355636383127,60.54041570438799,-0.027627735721580393,-0.01950834818739193,1456.0134424901078,0.0009562567690140156,0,RELIANCE,5m,2026-02-04 07:05:00
1454.0999755859375,1461.5,1454.0,1456.9000244140625,337533,0.0018567413924142073,0.0014434805577776544,0.0010440767891498797,0.4,0.45,0,1453.240286536706,1451.4576993550088,63.86144297999118,0.3050385466344778,0.04540103077698202,1456.1339634361636,0.0010440767891498797,0,RELIANCE,5m,2026-02-04 07:10:00
1456.199951171875,1456.699951171875,1454.800048828125,1455.5999755859375,63242,-0.0008923390804718156,0.0008938504532540748,0.0010626341675235784,0.4,0.45,0,1453.4650188271091,1451.6201415601433,63.54692836869197,0.458490701260871,0.12801896487375983,1456.1273232292206,0.0010626341675235784,0,RELIANCE,5m,2026-02-04 07:15:00
1455.5,1455.699951171875,1453.5999755859375,1453.800048828125,73823,-0.0012365531657061446,0.0008950422224611732,0.0010625586298708975,0.4,0.45,0,1453.4969264462534,1451.7056281196722,51.83267823474899,0.42990788216820874,0.18839674833264963,1456.0964277741589,0.0010625586298708975,0,RELIANCE,5m,2026-02-04 07:20:00
1453.800048828125,1454.5,1453.4000244140625,1453.5999755859375,55692,-0.00013762088008506534,0.0013777900479730043,0.001052098555461955,0.4,0.45,0,1453.5067406500327,1451.7799162556041,54.395578598592834,0.38665444182515785,0.2280482870311513,1456.0668605662086,0.001052098555461955,0,RELIANCE,5m,2026-02-04 07:25:00
1453.699951171875,1454.0,1452.5999755859375,1453.4000244140625,78728,-0.000137555844271664,0.0019302694576386337,0.0010383177125132907,0.4,0.45,0,1453.4965771989878,1451.843449908877,52.51406553687728,0.33240957950579286,0.24892054552607962,1456.017290486108,0.0010383177125132907,0,RELIANCE,5m,2026-02-04 07:30:00
1453.300048828125,1455.5,1453.0999755859375,1454.9000244140625,74042,0.0010320627320787867,0.0031717406268132464,0.0010560468424727562,0.45,0.4,0,1453.6302388385188,1451.963315575747,51.14950995867797,0.4057800198024779,0.2802924403813593,1455.9918474142721,0.0010560468424727562,0,RELIANCE,5m,2026-02-04 07:35:00
1454.5999755859375,1455.300048828125,1453.5999755859375,1454.9000244140625,96122,0.0,0.00248051778737568,0.001049043718924214,0.4,0.4,0,1453.7511707980943,1452.07848062823,56.329192162680016,0.4586397092680272,0.3159618941586929,1455.962193696903,0.001049043718924214,0,RELIANCE,5m,2026-02-04 07:40:00
1454.9000244140625,1455.9000244140625,1454.0999755859375,1454.699951171875,54296,-0.00013751683196794318,0.0031721782383169472,0.001027240396619151,0.45,0.4,0,1453.8415308336926,1452.1812833946476,53.594708665437985,0.47886707389670846,0.34854293010629606,1455.949562265259,0.001027240396619151,0,RELIANCE,5m,2026-02-04 07:45:00
1454.5,1455.9000244140625,1453.800048828125,1455.9000244140625,93744,0.0008249627294074635,0.0019269485067576753,0.0009394185616698788,0.4,0.4,0,1454.037577841347,1452.3271163758013,60.64531880040323,0.5849898880237561,0.3958323216897881,1455.9344829943818,0.0009394185616698788,0,RELIANCE,5m,2026-02-04 07:50:00
1456.0,1457.0,1455.5999755859375,1456.800048828125,45216,0.0006181910838449767,0.00330581875215219,0.0009238453784404005,0.4,0.4,0,1454.3006703162782,1452.5025254915788,66.0255407054994,0.7332648108913418,0.4633188195300989,1455.9395976260207,0.0009238453784404005,0,RELIANCE,5m,2026-02-04 07:55:00
1456.5,1457.0,1454.5999755859375,1455.0,53227,-0.0012356183194618398,0.001721170395869276,0.0009739352051897735,0.4,0.4,0,1454.3672731432994,1452.6004656683797,60.94650621903124,0.6974846894026996,0.510151993504619,1455.9350527954978,0.0009739352051897735,0,RELIANCE,5m,2026-02-04 08:00:00
1455.199951171875,1455.9000244140625,1454.4000244140625,1455.9000244140625,40953,0.0006185734804553533,0.000962546864257563,0.0009350337308018791,0.35,0.45,0,1454.5132494548006,1452.729860128995,59.00616408755582,0.7333001065730969,0.5547816161183147,1455.9304870794733,0.0009350337308018791,0,RELIANCE,5m,2026-02-04 08:05:00
1455.9000244140625,1455.9000244140625,1455.0,1455.0,65142,-0.0006181910838449767,0.00144536826392061,0.0009097492480705389,0.3,0.45,0,1454.5596066495814,1452.8188852219755,59.74818625004798,0.6812071028743958,0.580066713469531,1455.9220435782324,0.0009097492480705389,0,RELIANCE,5m,2026-02-04 08:10:00
1455.300048828125,1455.5999755859375,1454.9000244140625,1454.9000244140625,46707,-6.871174291234183e-05,0.0008943649215464866,0.0009050341128157987,0.3,0.5,0,1454.5920273890556,1452.9004985236259,52.554952643162,0.6246551916640328,0.5889844091084314,1455.9145422949991,0.0009050341128157987,0,RELIANCE,5m,2026-02-04 08:15:00
1454.9000244140625,1457.699951171875,1454.699951171875,1457.5,84901,0.0017870475924863793,0.003373278601416674,0.0009666395902073043,0.35,0.5,0,1454.8689771615266,1453.0808711305426,52.20575695834418,0.7806350208854838,0.627314531463842,1455.926757262394,0.0009666395902073043,0,RELIANCE,5m,2026-02-04 08:20:00
1457.699951171875,1458.5,1455.5999755859375,1455.5999755859375,54541,-0.001303618808962237,0.002617389881533372,0.0010098337114101484,0.4,0.45,0,1454.9385960590896,1453.179659540558,50.0,0.742376415069657,0.650326908185005,1455.93366779289,0.0010098337114101484,0,RELIANCE,5m,2026-02-04 08:25:00
1455.699951171875,1455.9000244140625,1454.300048828125,1455.199951171875,36451,-0.0002748175465594471,0.002687178538234747,0.0010082275312064876,0.4,0.45,0,1454.9634870222121,1453.2588866633548,55.4682433721152,0.6720308143476359,0.6546676894175313,1455.9279327838753,0.0010082275312064876,0,RELIANCE,5m,2026-02-04 08:30:00
1455.199951171875,1455.699951171875,1455.0999755859375,1455.699951171875,31246,0.0003435953936070657,0.0018581907583448132,0.0009800285137273668,0.35,0.45,0,1455.0336264650373,1453.3546146832969,58.01503955570879,0.6491443087750213,0.6535630132890293,1455.925319965018,0.0009800285137273668,0,RELIANCE,5m,2026-02-04 08:35:00
1455.699951171875,1456.9000244140625,1455.5,1456.199951171875,46439,0.00034347737636286624,0.0029615859807894385,0.0009604729044923453,0.4,0.45,0,1455.1447050085458,1453.4661965063783,60.44727852425415,0.6637016698362004,0.6555907445984636,1455.9277898245373,0.0009604729044923453,0,RELIANCE,5m,2026-02-04 08:40:00
1456.199951171875,1456.699951171875,1456.0,1456.5,37843,0.000206049195293323,0.0015816592665069962,0.0008995496587058105,0.35,0.45,0,1455.2737807220176,1453.5851691924026,56.55710640852469,0.691478976958706,0.6627683910705121,1455.9312246950497,0.0008995496587058105,0,RELIANCE,5m,2026-02-04 08:45:00
1456.699951171875,1456.800048828125,1454.5,1455.0,48875,-0.001029866117404743,-0.0013041556608022198,0.0008281098148305974,0.35,0.5,0,1455.2477063675396,1453.6406527534848,50.36486594851782,0.5857036024597164,0.6473554333483531,1455.9265907539707,0.0008281098148305974,0,RELIANCE,5m,2026-02-04 08:50:00
1454.800048828125,1455.4000244140625,1453.5999755859375,1454.4000244140625,89748,-0.0004123543545961894,-0.0008243687771374297,0.0008096172865938756,0.35,0.55,0,1455.1669747529227,1453.6704320342917,48.936446510661504,0.448295172820508,0.6075433812427842,1455.902058573381,0.0008096172865938756,0,RELIANCE,5m,2026-02-04 08:55:00
1454.5,1454.5999755859375,1453.0,1453.4000244140625,43252,-0.000687568745333933,-0.00027515779380038463,0.0007755362551183257,0.35,0.55,0,1454.9986937682693,1453.6598278138906,41.007289013787656,0.2557581390829,0.5371863328108073,1455.8841012939772,0.0007755362551183257,0,RELIANCE,5m,2026-02-04 09:00:00
1453.199951171875,1454.4000244140625,1453.0999755859375,1453.9000244140625,42743,0.0003440209106928549,0.0002064177443343862,0.0007789488339721373,0.35,0.5,0,1454.894058591678,1453.6692472884072,39.259265957158235,0.14188145294519927,0.4581253568376857,1455.8676867542815,0.0007789488339721373,0,RELIANCE,5m,2026-02-04 09:05:00
1454.0,1454.0999755859375,1452.300048828125,1452.9000244140625,55416,-0.0006878052020138359,-0.0003440209106928549,0.0007940288424983206,0.35,0.5,0,1454.7041505747623,1453.6390816854916,41.73242726285335,-0.028727135372719204,0.3607548583956047,1455.8397108645836,0.0007940288424983206,0,RELIANCE,5m,2026-02-04 09:10:00
1452.9000244140625,1453.0,1450.0999755859375,1451.0,105569,-0.001307746150550737,-0.0026806133401731103,0.000803654786175927,0.3,0.55,0,1454.3513743295468,1453.5355882860608,32.11679482495924,-0.31363635713842086,0.2258766152887996,1455.755204119739,0.000803654786175927,0,RELIANCE,5m,2026-02-04 09:15:00
1451.0,1452.199951171875,1450.9000244140625,1451.5,52152,0.00034458993797370496,-0.002336947114583876,0.0008103424242613868,0.3,0.55,0,1454.0798148695899,1453.4557612944507,36.84215356939626,-0.4933955894941846,0.08202217433220277,1455.7161656083076,0.0008103424242613868,0,RELIANCE,5m,2026-02-04 09:20:00
1451.9000244140625,1452.0,1450.5999755859375,1450.800048828125,57522,-0.00048222609154324747,-0.002680898105900331,0.0008144646510167165,0.25,0.6,0,1453.767456198974,1453.351615707536,35.251912285169794,-0.684446413860087,-0.07127154330625518,1455.6698980251806,0.0008144646510167165,0,RELIANCE,5m,2026-02-04 09:25:00
1451.9000244140625,1460.699951171875,1451.9000244140625,1456.4000244140625,767514,0.003859922385900605,0.00034343017488525085,0.0011959219344853187,0.3,0.55,0,1454.0181769813635,1453.4711611470077,46.745639062443566,-0.3796084498685559,-0.13293892461871532,1455.7486588236875,0.0011959219344853187,0,RELIANCE,5m,2026-02-04 09:30:00
1456.4000244140625,1457.5,1455.699951171875,1456.4000244140625,265752,0.0,-0.0002745911591534034,0.001187548422886151,0.25,0.55,0,1454.2450195940016,1453.5860185300296,52.66682942708333,-0.13644926497636334,-0.13364099269024493,1455.7796395783464,0.001187548422886151,0,RELIANCE,5m,2026-02-04 09:35:00
1456.199951171875,1457.199951171875,1456.0999755859375,1456.699951171875,246825,0.00020593707277183348,0.0011683513208762264,0.0011526757785100161,0.25,0.5,0,1454.4788226014182,1453.7081335355922,55.03359003768637,0.07954082654509875,-0.0910046288431762,1455.811015441312,0.0011526757785100161,0,RELIANCE,5m,2026-02-04 09:40:00
1456.9000244140625,1457.199951171875,1456.199951171875,1456.4000244140625,248860,-0.0002058946714258436,0.00034343017488525085,0.0011463363203955746,0.25,0.45,0,1454.6617942026226,1453.8136978837676,52.38122918760016,0.22393160330693718,-0.028017382413153533,1455.8381848603267,0.0011463363203955746,0,RELIANCE,5m,2026-02-04 09:45:00
1456.800048828125,1457.0,1455.5,1456.300048828125,313819,-6.864569092390749e-05,0.0008935043492268591,0.001136836544515159,0.25,0.5,0,1454.8178184526705,1453.91120184237,50.34999658539917,0.3265310927372411,0.0428923126169254,1455.8560183637514,0.001136836544515159,0,RELIANCE,5m,2026-02-04 09:50:00
1456.0,1456.800048828125,1454.0999755859375,1456.800048828125,209887,0.0003433358396178754,0.0013059484378163955,0.0011383948099971657,0.25,0.5,0,1455.006602297952,1454.0244899594584,51.03466855247428,0.44308019593495374,0.12292988928053107,1455.8572101078328,0.0011383948099971657,0,RELIANCE,5m,2026-02-04 09:55:00
1453.300048828125,1455.0,1450.0,1450.300048828125,221257,-0.0021329128483998927,-0.0036410599386546005,0.0012387019962829802,0.2,0.55,0,1454.4199238278372,1453.8549049464464,39.15337764085075,-0.13702978104993235,0.09256792975009605,1451.7666829427083,0.0012387019962829802,0,RELIANCE,5m,2026-02-05 03:50:00
1450.199951171875,1450.199951171875,1445.5999755859375,1447.199951171875,228418,-0.002137556058661727,-0.0054975262977143835,0.001313827360561835,0.2,0.55,0,1453.7323073844123,1453.5939263670516,35.23783504135882,-0.6923575398104731,-0.06441716416201777,1449.6840080951113,0.001313827360561835,-1,RELIANCE,5m,2026-02-05 03:55:00
1447.5999755859375,1451.5999755859375,1447.5999755859375,1448.0999755859375,133508,0.0006219074381075274,-0.005220839349358575,0.0013221690753577808,0.25,0.55,0,1453.1958948321767,1453.378477316812,36.44842220548977,-1.047756456921661,-0.26108502271394646,1449.5503056170987,0.0013221690753577808,0,RELIANCE,5m,2026-02-05 04:00:00
1448.0999755859375,1449.5,1447.0999755859375,1449.0,139910,0.0006215209096307461,-0.004944342407154245,0.001330294747298356,0.2,0.6,0,1452.7962858005408,1453.206772323996,40.84498163207996,-1.2424658380730307,-0.45736118578576335,1449.353531853818,0.001330294747298356,-1,RELIANCE,5m,2026-02-05 04:05:00
1449.0,1449.4000244140625,1446.4000244140625,1446.5999755859375,129509,-0.0016563315486973762,-0.006797133137015132,0.0013617266034742124,0.2,0.65,-1,1452.2061610181977,1452.9476822558368,39.90816697930957,-1.5723117071843262,-0.680351290065476,1449.0669210206556,0.0013617266034742124,-1,RELIANCE,5m,2026-02-05 04:10:00
1446.5999755859375,1447.0999755859375,1445.5,1446.699951171875,128788,6.911073387572131e-05,-0.005704500912800725,0.001354581487350745,0.15,0.65,0,1451.6817600804527,1452.7026731937206,38.78488146576311,-1.8048446153627538,-0.9052499551249317,1448.7213115939107,0.001354581487350745,-1,RELIANCE,5m,2026-02-05 04:15:00
1447.0,1447.5,1442.4000244140625,1443.300048828125,156303,-0.0023501088397742675,-0.0076319962868601765,0.0014312882855949905,0.2,0.65,-1,1450.8835018659452,1452.3339428264424,34.43973944667876,-2.2376777689601113,-1.1717355178919675,1448.1276275771577,0.0014312882855949905,0,RELIANCE,5m,2026-02-05 04:20:00
1443.199951171875,1444.4000244140625,1442.0,1443.4000244140625,119088,6.92687470069675e-05,-0.006880418213857875,0.0014327888616688272,0.2,0.65,-1,1450.1707897276706,1451.9835930847805,15.053488219465763,-2.5433162013166566,-1.4460516545769053,1447.6670221298862,0.0014327888616688272,0,RELIANCE,5m,2026-02-05 04:25:00
1443.199951171875,1445.5,1443.0,1444.800048828125,87583,0.0009699490026202628,-0.006259010546206478,0.0014552719816960777,0.25,0.65,-1,1449.6592905943805,1451.7018854668725,20.999884032495316,-2.6421099919123208,-1.6852633220439883,1447.4563539326093,0.0014552719816960777,0,RELIANCE,5m,2026-02-05 04:30:00
1444.699951171875,1446.199951171875,1444.0999755859375,1445.4000244140625,94681,0.0004152654801086175,-0.005162089527133595,0.0014612053643071788,0.3,0.6,0,1449.2536461962552,1451.45475366088,22.16756766508115,-2.6415417185214665,-1.8765190013394841,1447.310090713327,0.0014612053643071788,0,RELIANCE,5m,2026-02-05 04:35:00
1445.4000244140625,1448.5,1445.4000244140625,1447.699951171875,65282,0.0015912043164278966,-0.002274327241988283,0.0014949582751595182,0.35,0.55,0,1449.1056752415523,1451.3075065044486,30.493045253748335,-2.427523509760249,-1.986719903023637,1447.3053128470694,0.0014949582751595182,0,RELIANCE,5m,2026-02-05 04:40:00
1447.300048828125,1448.800048828125,1447.0,1448.800048828125,61321,0.0007598934125538914,-0.0018601110381502028,0.0015044994076764625,0.4,0.55,0,1449.076567964083,1451.2091748308674,33.90561312698428,-2.14442426239998,-2.0182607748989057,1447.3403559136025,0.0015044994076764625,0,RELIANCE,5m,2026-02-05 04:45:00
1449.0,1450.9000244140625,1447.5999755859375,1450.0999755859375,135223,0.0008972437286041135,-0.0004825428857360148,0.0015172354810897382,0.45,0.5,0,1449.1740353566406,1451.1656768212622,36.09941902576648,-1.7944871134186542,-1.9735060426028554,1447.5147018135447,0.0015172354810897382,-1,RELIANCE,5m,2026-02-05 04:50:00
1450.0999755859375,1450.199951171875,1448.699951171875,1448.699951171875,69787,-0.0009654675109533883,-0.005287059264699856,0.001222263320780207,0.4,0.5,0,1449.128884481901,1451.068981697757,39.3663383836989,-1.6115526951004995,-1.9011153731023844,1447.5811226000376,0.001222263320780207,0,RELIANCE,5m,2026-02-05 04:55:00
1448.5,1448.9000244140625,1445.699951171875,1446.0999755859375,182044,-0.001794695708959182,-0.007072266311083708,0.0012669026162269211,0.4,0.55,0,1448.8404169679998,1450.87411871298,40.27759724663317,-1.6572681953518895,-1.8523459375522855,1447.5176222576624,0.0012669026162269211,0,RELIANCE,5m,2026-02-05 05:00:00
1445.9000244140625,1446.5,1443.5999755859375,1443.9000244140625,111258,-0.0015212995014287634,-0.008786934294543802,0.0012854559428106091,0.4,0.6,-1,1448.3699033914345,1450.6006248189049,42.02909661325801,-1.8496936158653625,-1.8518154732149008,1447.3639411702657,0.0012854559428106091,0,RELIANCE,5m,2026-02-05 05:05:00
1443.9000244140625,1449.5,1443.5,1447.9000244140625,150508,0.0027702749029479,-0.005836308608563545,0.0014726656330220154,0.45,0.65,0,1448.3251530126372,1450.4947189206757,49.579931065610765,-1.660286824349214,-1.8135097434417635,1447.3369406599172,0.0014726656330220154,0,RELIANCE,5m,2026-02-05 05:10:00
1448.0,1449.5999755859375,1447.5,1448.5,98243,0.0004143763905111175,-0.005356072626929942,0.0014804544644745996,0.5,0.6,0,1448.3418051066717,1450.4164946492767,48.93615916056309,-1.4451092420968052,-1.7398296431727718,1447.3877625766681,0.0014804544644745996,0,RELIANCE,5m,2026-02-05 05:15:00
1448.5,1451.800048828125,1447.5,1447.5,134509,-0.0006903693476009165,-0.006383888328124421,0.0014760463792318245,0.55,0.55,0,1448.2616331917507,1450.3021223100895,52.036279074905686,-1.3398264156355708,-1.6598289976653318,1447.4727142222832,0.0014760463792318245,0,RELIANCE,5m,2026-02-05 05:20:00
1447.699951171875,1447.699951171875,1445.5999755859375,1445.5999755859375,88771,-0.0013126248110967298,-0.005366759802601151,0.0014192498955777658,0.5,0.55,0,1448.0081419911971,1450.1177243993384,47.698774688819995,-1.39364009271344,-1.6065912166749534,1447.431662852658,0.0014192498955777658,0,RELIANCE,5m,2026-02-05 05:25:00
1445.699951171875,1448.800048828125,1445.0,1447.4000244140625,99509,0.0012451915180722306,-0.0019996030589709557,0.0013862645881475262,0.55,0.55,0,1447.95022603147,1450.0111479293275,59.19280056491917,-1.2763262284347547,-1.5405382190269137,1447.4178825544025,0.0013862645881475262,0,RELIANCE,5m,2026-02-05 05:30:00
1447.5,1449.9000244140625,1447.5,1448.5999755859375,107175,0.0008290390711860329,0.0009674021982442049,0.001313479413360214,0.6,0.5,0,1448.0121069414192,1449.95580783743,61.11105314775786,-1.0741460278566137,-1.4472597807928538,1447.4666810585022,0.001313479413360214,0,RELIANCE,5m,2026-02-05 05:35:00
1448.9000244140625,1449.4000244140625,1447.800048828125,1448.699951171875,61149,6.901531659697646e-05,0.00041431917412659836,0.001306590854131968,0.55,0.5,0,1448.0776159157483,1449.906558556428,58.82336695352459,-0.8955264960145541,-1.3369131238371939,1447.4921249228764,0.001306590854131968,0,RELIANCE,5m,2026-02-05 05:40:00
1448.9000244140625,1449.5,1445.699951171875,1445.699951171875,137888,-0.002070822186176824,-0.0022774664100241315,0.0013782499936457705,0.6,0.5,0,1447.8511716544272,1449.7415935609554,50.61209847386437,-0.9846932275224844,-1.266469144574252,1447.4674933897509,0.0013782499936457705,0,RELIANCE,5m,2026-02-05 05:45:00
1445.800048828125,1446.4000244140625,1445.0,1445.199951171875,55873,-0.0003458532315745444,-0.000967803427132985,0.0013313747506658773,0.6,0.5,0,1447.5986744656127,1449.5634899378542,44.49338022564235,-1.0832176669941873,-1.2298188490582391,1447.431441775025,0.0013313747506658773,0,RELIANCE,5m,2026-02-05 05:50:00
1445.0999755859375,1446.0,1444.800048828125,1445.699951171875,115471,0.0003459728874157797,-0.0006912283360416271,0.0013340883940823943,0.6,0.5,0,1447.417843675733,1449.4119786136982,42.98615790810972,-1.1081787786372388,-1.205490834974039,1447.3597997893994,0.0013340883940823943,0,RELIANCE,5m,2026-02-05 05:55:00
1446.0,1447.0,1445.0999755859375,1445.199951171875,51164,-0.0003458532315745444,0.0013163599248073865,0.0012214528068170347,0.6,0.45,0,1447.2066158182226,1449.24680106696,38.497555719844804,-1.1549924270341307,-1.1953911533860573,1447.3340391557479,0.0012214528068170347,0,RELIANCE,5m,2026-02-05 06:00:00
1445.300048828125,1446.9000244140625,1444.5999755859375,1446.9000244140625,90112,0.0011763584968356167,0.002424830220867369,0.0012464163418396794,0.6,0.45,0,1447.177416636874,1449.1547706099836,45.83349816611754,-1.042889101734545,-1.164890743055755,1447.3007920040327,0.0012464163418396794,0,RELIANCE,5m,2026-02-05 06:05:00
1446.9000244140625,1448.699951171875,1446.199951171875,1447.9000244140625,45774,0.0006911327549428137,0.002145608721741077,0.00123796179378098,0.6,0.45,0,1447.2462364251778,1449.1055648768101,54.5001220703125,-0.8634020052547839,-1.1045929954955607,1447.3049418190017,0.00123796179378098,0,RELIANCE,5m,2026-02-05 06:10:00
1447.9000244140625,1447.9000244140625,1445.0,1445.0999755859375,48634,-0.0019338689004153586,-0.00020758878030779915,0.0013162318562516253,0.55,0.5,0,1447.0418306309646,1448.9484829438347,52.91248903742682,-0.93630459110841,-1.0709353146181306,1447.2859900519413,0.0013162318562516253,0,RELIANCE,5m,2026-02-05 06:15:00
1445.199951171875,1445.199951171875,1444.5,1444.800048828125,79081,-0.00020754741047646075,-0.0020031100653160605,0.0012614078521099,0.5,0.55,0,1446.8283276021227,1448.7857992530226,40.82848784715952,-1.0066776451369606,-1.0580837807218966,1447.2294064246269,0.0012614078521099,0,RELIANCE,5m,2026-02-05 06:20:00
1444.9000244140625,1446.5,1444.9000244140625,1446.0,47300,0.000830530960217235,-0.0019326675412454364,0.0012640368915659234,0.5,0.55,0,1446.7494392590636,1448.6765522234923,42.857142857142854,-0.9546185182559839,-1.037390728228714,1447.2099508318702,0.0012640368915659234,0,RELIANCE,5m,2026-02-05 06:25:00
1446.0,1446.699951171875,1445.0,1446.0,84511,0.0,-0.00282737442587766,0.0012426731046669753,0.5,0.55,0,1446.6780640915338,1448.5715893911986,45.45454545454545,-0.9029526095230267,-1.0105031044875767,1447.1788502489287,0.0012426731046669753,0,RELIANCE,5m,2026-02-05 06:30:00
1445.800048828125,1446.300048828125,1444.5999755859375,1445.5,55667,-0.0003457814661134151,-0.0022088432938004443,0.0012286763179147756,0.5,0.6,0,1446.5658675113878,1448.4511349052693,49.6689544782092,-0.8920696028574184,-0.986816404161545,1447.1524868221543,0.0012286763179147756,0,RELIANCE,5m,2026-02-05 06:35:00
1445.5999755859375,1445.699951171875,1444.0999755859375,1444.4000244140625,50270,-0.0007609654693445655,-0.0011755419407888379,0.0011746234004590523,0.5,0.6,0,1446.3595967402139,1448.292267827183,39.5832626903123,-0.9611243355118404,-0.9816779904316042,1447.1193100727658,0.0011746234004590523,0,RELIANCE,5m,2026-02-05 06:40:00
1444.4000244140625,1444.5999755859375,1443.5999755859375,1443.5999755859375,71006,-0.0005538969915550584,-0.0002078044345533714,0.0011302826097980493,0.5,0.6,0,1446.0967756779019,1448.108256366742,32.14285714285715,-1.0680956213393529,-0.9989615166131539,1447.0587666077195,0.0011302826097980493,0,RELIANCE,5m,2026-02-05 06:45:00
1443.800048828125,1444.0,1443.0,1443.9000244140625,105637,0.00020784762621173236,-0.0027626216814373716,0.0009251904034980543,0.45,0.6,0,1445.887561271822,1447.9432276627153,33.098936618325936,-1.1157974843868033,-1.0223287101678837,1446.9645886614921,0.0009251904034980543,0,RELIANCE,5m,2026-02-05 06:50:00
1443.9000244140625,1445.300048828125,1443.800048828125,1444.9000244140625,164212,0.000692568725736864,-0.002485312796643102,0.0009359591533836625,0.45,0.6,0,1445.7935101425116,1447.8238863588467,46.72163132985801,-1.0606830182914564,-1.0299995717925983,1446.870404999251,0.0009359591533836625,0,RELIANCE,5m,2026-02-05 06:55:00
1444.9000244140625,1446.0,1443.0,1443.9000244140625,146903,-0.0006920894062587557,-0.002487029765759985,0.0009360140124823821,0.45,0.65,0,1445.6131781683735,1447.6700094198357,44.88220763367583,-1.0851866927946503,-1.0410369959930088,1446.7794901711854,0.0009360140124823821,0,RELIANCE,5m,2026-02-05 07:00:00
1443.9000244140625,1444.4000244140625,1443.0,1443.199951171875,40150,-0.0004848488332643841,-0.0016602272098750204,0.0008982316228116354,0.45,0.6,0,1445.3833470258496,1447.4947130179548,40.310187550862054,-1.1478642269785269,-1.0624024421901124,1446.748410109513,0.0008982316228116354,0,RELIANCE,5m,2026-02-05 07:05:00
1443.199951171875,1443.199951171875,1442.300048828125,1442.300048828125,43926,-0.0006235465453136024,-0.003523542559011661,0.0008486588570442003,0.4,0.6,0,1445.0896995784472,1447.2910006967852,39.098151513482755,-1.2556765649205772,-1.1010572667362053,1446.7054068012299,0.0008486588570442003,0,RELIANCE,5m,2026-02-05 07:10:00
1442.4000244140625,1443.199951171875,1442.300048828125,1443.0,50483,0.00048530205101471324,-0.003865784675077366,0.0008305177436361107,0.35,0.6,0,1444.890680570976,1447.1227261596564,34.14614781512688,-1.2699986556951899,-1.1348455445280023,1446.6598193287832,0.0008305177436361107,0,RELIANCE,5m,2026-02-05 07:15:00
1442.800048828125,1444.199951171875,1442.5,1442.800048828125,152263,-0.00013856630067565767,-0.0040725495565713254,0.000828361080530213,0.4,0.6,0,1444.6915727859425,1446.9532094015572,27.825957731378764,-1.2826972686657427,-1.1644158893555505,1446.540031028032,0.000828361080530213,0,RELIANCE,5m,2026-02-05 07:20:00
1443.4000244140625,1445.5,1441.800048828125,1444.9000244140625,193978,0.001455486217680102,-0.0005533145084248847,0.0007841336045216089,0.4,0.6,0,1444.711425321954,1446.8726923432241,49.07428338909485,-1.1105092717598382,-1.1536345658364082,1446.436500517043,0.0007841336045216089,0,RELIANCE,5m,2026-02-05 07:25:00
1444.9000244140625,1444.9000244140625,1443.5,1443.9000244140625,93488,-0.0006920894062587557,-0.0008994788276587284,0.0007952776238402642,0.4,0.55,0,1444.6341490450118,1446.756117130316,46.086808835861454,-1.042720849434545,-1.1314518225560357,1446.3902968310992,0.0007952776238402642,0,RELIANCE,5m,2026-02-05 07:30:00
1443.9000244140625,1444.0,1442.699951171875,1443.5,55186,-0.0002770443987109017,-0.0015217204441985155,0.0007913620386920762,0.4,0.55,0,1444.5261348502486,1446.6284262624604,38.31770369863327,-1.0096381829289385,-1.1070890946306164,1446.3557933217269,0.0007913620386920762,0,RELIANCE,5m,2026-02-05 07:35:00
1443.5,1444.0,1443.0,1443.800048828125,32748,0.00020786202156219957,-0.0009686565119344515,0.0007911044003459235,0.35,0.55,0,1444.4569838005227,1446.5175095003297,40.00022194602273,-0.948277347577914,-1.075326745220076,1446.3370527406025,0.0007911044003459235,0,RELIANCE,5m,2026-02-05 07:40:00
1443.5,1444.0,1443.0,1443.699951171875,26635,-6.932930659697689e-05,-0.0022116754358916246,0.0007367959942183006,0.35,0.5,0,1444.3848854549374,1446.407017016861,41.50928186466442,-0.8973810377863174,-1.0397376037333244,1446.3218138181264,0.0007367959942183006,0,RELIANCE,5m,2026-02-05 07:45:00
1443.4000244140625,1444.4000244140625,1442.9000244140625,1443.0,69242,-0.0004848314715996116,-0.0033842284214653517,0.0007160931548078621,0.35,0.55,0,1444.252991602086,1446.2734085063958,43.13718450436219,-0.9031150077823895,-1.0124130845431374,1446.2810918284756,0.0007160931548078621,0,RELIANCE,5m,2026-02-05 07:50:00
1443.0,1443.0,1440.5,1440.9000244140625,97573,-0.001455284536339252,-0.002906339521715151,0.0006598062858423723,0.35,0.55,0,1443.9336613937028,1446.0626875615983,38.26108186141305,-1.0648349454577328,-1.0228974567260565,1446.1873091960051,0.0006598062858423723,0,RELIANCE,5m,2026-02-05 07:55:00
1441.0999755859375,1442.5,1440.5999755859375,1442.300048828125,232046,0.000971631890027691,-0.0017303432416324593,0.0007050833352825144,0.35,0.5,0,1443.7780792446001,1445.9151331014623,43.650878229783274,-1.0677208699169114,-1.0318621393642275,1445.9930625025877,0.0007050833352825144,0,RELIANCE,5m,2026-02-05 08:00:00
1442.199951171875,1443.800048828125,1441.300048828125,1442.800048828125,307315,0.0003466685038291395,-0.0022129676154045708,0.0006798155210226222,0.35,0.5,0,1443.68493349065,1445.7929729338805,41.322397425420945,-1.017928122756075,-1.029075336042597,1445.8069750525965,0.0006798155210226222,0,RELIANCE,5m,2026-02-05 08:05:00
1442.9000244140625,1443.0,1441.5,1441.5999755859375,45110,-0.0008317668433420744,-0.0030428937856586957,0.000697898426700415,0.3,0.5,0,1443.4863660711537,1445.6285416653338,40.65024513209345,-1.0630487290839028,-1.0358700146508582,1445.77654146753,0.000697898426700415,0,RELIANCE,5m,2026-02-05 08:10:00
1441.5999755859375,1442.5999755859375,1441.4000244140625,1442.0,51506,0.00027748641844960176,-0.002421307506053294,0.0007026952962514501,0.3,0.5,0,1443.3448073977104,1445.486245913752,45.00020345052083,-1.0543743365769842,-1.0395708790360834,1445.7420834742938,0.0007026952962514501,0,RELIANCE,5m,2026-02-05 08:15:00
1442.0,1443.4000244140625,1441.300048828125,1441.800048828125,153076,-0.00013866239381066237,-0.0018000384533309877,0.0006864550067296314,0.35,0.5,0,1443.1976875339403,1445.3416891652962,47.78762017932376,-1.0515130189892261,-1.041959307026712,1445.6476889647988,0.0006864550067296314,0,RELIANCE,5m,2026-02-05 08:20:00
1441.699951171875,1443.5999755859375,1441.0999755859375,1443.4000244140625,223501,0.0011097069855408037,-0.0001385087110394867,0.0007268687213057444,0.4,0.5,0,1443.2169577129994,1445.2655454495616,51.639434477652266,-0.9096548115282985,-1.0154984079270293,1445.5382797724894,0.0007268687213057444,0,RELIANCE,5m,2026-02-05 08:25:00
1443.5999755859375,1444.699951171875,1441.699951171875,1442.699951171875,293809,-0.00048501678699341966,-0.0008311331961328161,0.0007325949747896169,0.45,0.45,0,1443.167718994797,1445.1649339092603,49.60592079969243,-0.8439922032187042,-0.9811971669853643,1445.4217401102367,0.0007325949747896169,0,RELIANCE,5m,2026-02-05 08:30:00
1442.699951171875,1442.699951171875,1440.5999755859375,1440.800048828125,144728,-0.00131690747075075,-0.0028375496689468926,0.0007637804486416257,0.4,0.5,0,1442.942226597971,1444.9937619452944,33.60025780998234,-0.9344881562874434,-0.9718553648457802,1445.3308924831695,0.0007637804486416257,0,RELIANCE,5m,2026-02-05 08:35:00
1440.699951171875,1441.5,1439.699951171875,1441.0,215924,0.0001387778769423864,-0.0020084662130532838,0.0007548170244280229,0.35,0.5,0,1442.7572526362594,1444.8371438297927,37.60681085479984,-0.9787895855072293,-0.97324220897807,1445.182191944756,0.0007548170244280229,0,RELIANCE,5m,2026-02-05 08:40:00
1440.9000244140625,1441.5,1440.5999755859375,1441.300048828125,86763,0.00020822264269604318,-0.0013164512250760652,0.000752135411042594,0.35,0.5,0,1442.618471321199,1444.6984342218843,40.517531674874775,-0.978408866151085,-0.9742755404126731,1445.1302472460582,0.000752135411042594,0,RELIANCE,5m,2026-02-05 08:45:00
1441.4000244140625,1442.0999755859375,1441.0999755859375,1441.199951171875,97737,-6.944956140908509e-05,-0.000762738417116382,0.0007406185060628385,0.4,0.45,0,1442.4833741641205,1444.5612388081586,38.59620944426598,-0.9749456213858139,-0.9744095566073012,1445.078054282582,0.0007406185060628385,0,RELIANCE,5m,2026-02-05 08:50:00
1441.300048828125,1442.4000244140625,1441.199951171875,1441.9000244140625,88433,0.00048575719255206096,-0.0007622838433385404,0.000740635435170486,0.45,0.45,0,1442.4278170450673,1444.4568774593704,42.50038146584609,-0.9052754630461095,-0.960582737895063,1445.0367616367025,0.000740635435170486,0,RELIANCE,5m,2026-02-05 08:55:00
1442.0,1443.0,1441.9000244140625,1443.0,69461,0.0007628653632796301,0.00013858550395617897,0.0007613243278614184,0.45,0.45,0,1442.4823106598226,1444.3997450099832,50.0,-0.7526267114740222,-0.9189915326108549,1445.012975050328,0.0007613243278614184,0,RELIANCE,5m,2026-02-05 09:00:00
1443.199951171875,1444.0999755859375,1442.9000244140625,1442.9000244140625,269936,-6.928315033782884e-05,-0.0013841788125175114,0.0006807412051851488,0.45,0.4,0,1442.5220929221312,1444.3409324375943,59.615249184253145,-0.6324284290751621,-0.8616789119037164,1444.9495324580955,0.0006807412051851488,0,RELIANCE,5m,2026-02-05 09:05:00
1442.800048828125,1444.0,1442.800048828125,1443.5,93573,0.0004158123056245966,-0.0002770443987109017,0.0006723982796665812,0.45,0.45,0,1442.6152269295471,1444.3079546949434,56.249682111794925,-0.4831875237125587,-0.7859806342654849,1444.9303133612534,0.0006723982796665812,0,RELIANCE,5m,2026-02-05 09:10:00
1443.5,1443.9000244140625,1442.5,1442.9000244140625,104997,-0.0004156394776151373,-0.0004156394776151373,0.0006759605628562775,0.45,0.45,0,1442.642350499501,1444.252741742752,50.51533418068787,-0.40861577823307016,-0.710507663059002,1444.9046451482814,0.0006759605628562775,0,RELIANCE,5m,2026-02-05 09:15:00
1442.5999755859375,1443.0,1442.300048828125,1442.5999755859375,93362,-0.00020794845314864308,-0.0008311907477503988,0.0006749587272721585,0.45,0.5,0,1442.6383147934473,1444.1879273836614,55.681786655569425,-0.36946955050575525,-0.6423000405483528,1444.8766707771786,0.0006749587272721585,0,RELIANCE,5m,2026-02-05 09:20:00
1442.699951171875,1443.699951171875,1442.5999755859375,1443.699951171875,124950,0.0007624952201255031,0.0,0.000698367265330893,0.5,0.5,0,1442.7394230199643,1444.1687910616306,58.94711143092105,-0.24684160967012758,-0.5632083543727078,1444.8516429456995,0.000698367265330893,0,RELIANCE,5m,2026-02-05 09:25:00
1443.699951171875,1447.5999755859375,1442.699951171875,1446.5999755859375,637472,0.0020087445536784987,0.0024947855758401527,0.000819324541392076,0.5,0.45,0,1443.1070946929142,1444.2641316312113,69.67171287633951,0.08338840104829615,-0.43388900328850705,1444.9113700248463,0.000819324541392076,0,RELIANCE,5m,2026-02-05 09:30:00
1446.699951171875,1447.4000244140625,1440.800048828125,1443.5999755859375,867083,-0.0020738283220175235,0.0018737949379750152,0.0008906788549224222,0.5,0.45,0,1443.1540357303452,1444.2380862961024,50.735109323950745,0.10184908293808803,-0.32674138604318803,1444.8192913015946,0.0008906788549224222,0,RELIANCE,5m,2026-02-05 09:35:00
1443.5999755859375,1444.5999755859375,1440.9000244140625,1444.5,743372,0.0006234583189828058,0.0015253075625023538,0.0008759020358903128,0.5,0.45,0,1443.2822228036457,1444.2483574217456,56.5218929677134,0.18694872619107628,-0.22400336359633516,1444.7083094301431,0.0008759020358903128,0,RELIANCE,5m,2026-02-05 09:40:00
1444.5,1444.9000244140625,1441.300048828125,1442.5999755859375,538650,-0.0013153509270076302,-0.00013867011049106814,0.0009263190831619242,0.5,0.45,0,1443.2172468781496,1444.183714996812,56.521392999619636,0.09992286692045127,-0.15921811749297787,1444.6171828518554,0.0009263190831619242,0,RELIANCE,5m,2026-02-05 09:45:00
1442.300048828125,1443.4000244140625,1440.5,1443.0999755859375,527887,0.0003465964289905976,0.001040510561461705,0.0009083681319577276,0.5,0.5,0,1443.206078183653,1444.1412154120717,57.446605892181566,0.07048753140179542,-0.11327698771402323,1444.5077773721384,0.0009083681319577276,0,RELIANCE,5m,2026-02-05 09:50:00
1443.300048828125,1443.5999755859375,1440.199951171875,1441.9000244140625,248437,-0.0008315093840867149,-6.933119690533118e-05,0.0009275502771490357,0.55,0.5,0,1443.0816921103587,1444.0533255690125,51.99990234454472,-0.04910021847217649,-0.10044163386565388,1444.4502813543377,0.0009275502771490357,0,RELIANCE,5m,2026-02-05 09:55:00
1443.199951171875,1444.800048828125,1442.4000244140625,1443.0999755859375,78696,0.0002078782559344905,-0.00020787641890662734,0.0009039963628537834,0.5,0.45,0,1443.0591648116044,1443.9687185644448,53.8959700688037,-0.062427068047782086,-0.08803813264265765,1443.433349609375,0.0009039963628537834,0,RELIANCE,5m,2026-02-06 03:50:00
1443.199951171875,1443.699951171875,1441.4000244140625,1443.199951171875,40819,6.927835051540043e-05,0.00034657241070390477,0.0008971377975697156,0.45,0.5,0,1443.072573036392,1443.9385708235598,50.6942796107287,-0.04746404938350679,-0.07992331599082748,1443.205643232803,0.0008971377975697156,0,RELIANCE,5m,2026-02-06 03:55:00
1443.199951171875,1443.199951171875,1438.0,1438.0,92087,-0.003603070501528638,-0.0019433986210664056,0.0011778611408148133,0.45,0.5,0,1442.5894708424498,1443.7056856932243,37.435756183369534,-0.45001090545815714,-0.15394083388429342,1441.6945228250358,0.0011778611408148133,0,RELIANCE,5m,2026-02-06 04:00:00
1438.0,1439.0,1437.199951171875,1438.5,64048,0.0003477051460361036,-0.001734906315059015,0.0011809809094142387,0.45,0.5,0,1442.199997428883,1443.5015411562351,37.11333719262037,-0.7203822496142038,-0.2672291170302755,1440.890302592812,0.0011809809094142387,0,RELIANCE,5m,2026-02-06 04:05:00
1438.199951171875,1440.199951171875,1437.0,1437.0,66826,-0.0010427528675703845,-0.0029834515246296434,0.0011975804550315228,0.5,0.55,0,1441.7047595785134,1443.2465787579513,35.46786773062654,-1.0436602856379977,-0.42251535075182,1440.3393344021554,0.0011975804550315228,0,RELIANCE,5m,2026-02-06 04:10:00
1437.300048828125,1439.9000244140625,1437.300048828125,1439.9000244140625,103266,0.0020181102394312145,-0.0009019752996490826,0.0012920950086702189,0.45,0.55,0,1441.5328800390419,1443.1153413327008,44.104884965564295,-1.0537062547841742,-0.5487535315582909,1440.0367778899813,0.0012920950086702189,0,RELIANCE,5m,2026-02-06 04:15:00
1440.0,1441.4000244140625,1439.5,1441.0999755859375,56881,0.0008333572828178593,-0.0005548573511191535,0.0013019010003574548,0.45,0.55,0,1441.491651043508,1443.0363073818476,44.34784916275243,-0.9538463792389393,-0.6297721010944206,1440.108061343995,0.0013019010003574548,0,RELIANCE,5m,2026-02-06 04:20:00
1441.300048828125,1442.0,1439.9000244140625,1442.0,32845,0.0006245398857191997,-0.0006930006930007115,0.0012978454553148962,0.45,0.55,0,1441.5400652298406,1442.995667876677,39.04761351151827,-0.7929417214450041,-0.6624060251645373,1440.181174008897,0.0012978454553148962,0,RELIANCE,5m,2026-02-06 04:25:00
1442.0,1442.5999755859375,1439.9000244140625,1441.0,71231,-0.0006934812760055475,-0.0013168094683718712,0.0013062202824070221,0.45,0.55,0,1441.4886304460463,1442.9174063913172,43.157915025667045,-0.7376125254929775,-0.6774473252302254,1440.2968782172532,0.0013062202824070221,0,RELIANCE,5m,2026-02-06 04:30:00
1441.0,1441.0,1439.5,1439.5999755859375,36670,-0.0009715644788774735,-0.0027017834527623963,0.0013161398738309523,0.45,0.55,0,1441.3087585546073,1442.7873110656162,37.435756183369534,-0.7975404588405581,-0.701465951952292,1440.2818565278112,0.0013161398738309523,0,RELIANCE,5m,2026-02-06 04:35:00
1439.5999755859375,1439.9000244140625,1437.5,1437.9000244140625,37537,-0.0011808496809561086,-0.0034652435479931576,0.001335721425261882,0.45,0.55,0,1440.9841172078886,1442.5956527655553,37.8238374740677,-0.9710124037057994,-0.7553752423029935,1440.179952000318,0.001335721425261882,0,RELIANCE,5m,2026-02-06 04:40:00
1437.9000244140625,1440.199951171875,1437.5,1439.5,122653,0.0011127168501088303,-0.0021488809360878935,0.0013661842524985716,0.5,0.5,0,1440.8427727118992,1442.4742546178866,41.176435388804116,-0.9682244231269124,-0.7979450784677773,1440.010020754033,0.0013661842524985716,0,RELIANCE,5m,2026-02-06 04:45:00
1439.4000244140625,1440.4000244140625,1439.4000244140625,1439.699951171875,30198,0.0001389032107501631,-0.0027706588178195712,0.001352349760888266,0.5,0.5,0,1440.7339325652301,1442.3654584043175,44.32964391560693,-0.9390556904654659,-0.8261672008673151,1440.0036212794494,0.001352349760888266,0,RELIANCE,5m,2026-02-06 04:50:00
1439.699951171875,1440.800048828125,1438.5,1440.300048828125,56942,0.00041682133541898203,-0.004354988845662544,0.0012632714553016387,0.5,0.55,0,1440.6926103045535,1442.2844619503492,43.455447189804815,-0.8576301673349462,-0.8324597941608414,1439.994867911611,0.0012632714553016387,0,RELIANCE,5m,2026-02-06 04:55:00
1440.300048828125,1444.300048828125,1440.0,1443.5,121264,0.0022217253790128844,-6.925435551974335e-05,0.001295783092693053,0.55,0.5,0,1440.9599807517388,1442.332130109159,50.90915144016025,-0.5287949184953504,-0.7717268190277432,1440.3070440596166,0.001295783092693053,0,RELIANCE,5m,2026-02-06 05:00:00
1443.199951171875,1448.0999755859375,1443.199951171875,1447.699951171875,99698,0.002909560908815445,0.002215265608774608,0.0014460424685890326,0.6,0.5,0,1441.6018826965137,1442.5426328959322,58.62073803844535,0.06990452856234697,-0.6034005495097252,1440.8475010256243,0.0014460424685890326,0,RELIANCE,5m,2026-02-06 05:05:00
1447.699951171875,1448.0999755859375,1446.0,1446.300048828125,59621,-0.0009669837611149257,0.0025648643454916353,0.001429957589815474,0.55,0.5,0,1442.0493270900006,1442.6899825403318,68.61013794613532,0.4265012926696272,-0.3974201810738548,1441.1504975939556,0.001429957589815474,0,RELIANCE,5m,2026-02-06 05:10:00
1446.5,1448.5,1446.0,1448.0999755859375,69375,0.0012445043884710127,0.003464763415278904,0.001451086342402339,0.6,0.45,0,1442.625579327709,1442.9021391303556,70.33916277433805,0.8446097091300544,-0.14901420303307295,1441.5074122487265,0.001451086342402339,0,RELIANCE,5m,2026-02-06 05:15:00
1447.9000244140625,1448.0999755859375,1446.300048828125,1446.300048828125,55336,-0.001242957522379795,0.003051546112464054,0.0014688985699022445,0.55,0.4,0,1442.9755288039391,1443.0353904910523,69.45644734557118,1.018978445515586,0.08458432667665883,1441.7376647167423,0.0014688985699022445,0,RELIANCE,5m,2026-02-06 05:20:00
1446.4000244140625,1446.9000244140625,1445.4000244140625,1446.699951171875,38885,0.0002765002629114832,0.0027030095728910464,0.0014650857209248457,0.5,0.4,0,1443.3302356961235,1443.1790987530453,65.88802373007044,1.1758808795582354,0.30284363725297414,1441.8715365568326,0.0014650857209248457,1,RELIANCE,5m,2026-02-06 05:25:00
1446.699951171875,1448.4000244140625,1446.199951171875,1448.4000244140625,55515,0.001175138798346076,0.0036726830557758383,0.0014834333611348086,0.55,0.4,0,1443.8130727168796,1443.3838409358302,66.66703827159117,1.4210281633893374,0.5264805424802468,1442.102921962288,0.0014834333611348086,0,RELIANCE,5m,2026-02-06 05:30:00
1448.0,1448.800048828125,1446.199951171875,1446.800048828125,55029,-0.0011046503444963607,0.0024945245136176464,0.0015111918420075878,0.6,0.35,0,1444.0975466322363,1443.517809872783,60.6197606084176,1.4692676904371638,0.7150379720716302,1442.2995127177849,0.0015111918420075878,0,RELIANCE,5m,2026-02-06 05:35:00
1446.800048828125,1448.0,1446.300048828125,1447.699951171875,39078,0.0006219949636294686,0.006745445877520906,0.0012320424263632934,0.6,0.3,1,1444.4406327788686,1443.681815413924,64.88910349616961,1.5621054818941502,0.8844514740361343,1442.4320230862688,0.0012320424263632934,0,RELIANCE,5m,2026-02-06 05:40:00
1448.0,1448.0,1445.4000244140625,1446.9000244140625,69234,-0.0005525501034693292,0.005839433030283336,0.0012479700257859488,0.6,0.3,0,1444.674860553649,1443.8080196884391,66.66722408026756,1.5532280502825415,1.0182067892854159,1442.6251744496944,0.0012479700257859488,0,RELIANCE,5m,2026-02-06 05:45:00
1446.9000244140625,1448.5,1446.5999755859375,1448.4000244140625,44783,0.0010366991324139985,0.00793321114409351,0.001217165789043924,0.6,0.25,0,1445.0296380641646,1443.9880983051303,74.19414723056671,1.648230312691794,1.1442114939666914,1442.7710828005506,0.001217165789043924,0,RELIANCE,5m,2026-02-06 05:50:00
1448.0999755859375,1448.4000244140625,1446.800048828125,1447.4000244140625,38879,-0.0006904170002375309,0.0052086949599519095,0.0011771943755114478,0.6,0.25,0,1445.2553891451073,1444.12189932901,68.72089188704462,1.6241069534660255,1.2401905858665583,1442.884160396964,0.0011771943755114478,0,RELIANCE,5m,2026-02-06 05:55:00
1447.199951171875,1447.199951171875,1445.5,1446.4000244140625,25896,-0.0006908940052041679,0.0036777801109670882,0.001187447775553075,0.55,0.3,0,1445.364402027865,1444.2112375676395,65.29729488687354,1.5069264645744624,1.2935377616081392,1442.93837984347,0.001187447775553075,0,RELIANCE,5m,2026-02-06 06:00:00
1446.4000244140625,1447.0999755859375,1444.4000244140625,1444.800048828125,61333,-0.0011061777924026295,0.0019417814342059803,0.0012163826792929444,0.5,0.35,0,1445.3106541040804,1444.2343282053057,59.82557891594525,1.2703120579940332,1.288892620885318,1443.0271086863502,0.0012163826792929444,0,RELIANCE,5m,2026-02-06 06:05:00
1444.5999755859375,1445.0999755859375,1443.5999755859375,1445.0999755859375,42235,0.00020759049534624374,0.0028452294142522483,0.0012021397081819678,0.45,0.4,0,1445.290589483305,1444.2682751614088,54.00006103701895,1.0943796909773482,1.249990034903724,1443.064706477632,0.0012021397081819678,0,RELIANCE,5m,2026-02-06 06:10:00
1445.0,1445.0999755859375,1444.5,1444.5999755859375,32749,-0.0003459968226746657,0.0034731870552893174,0.0011795463153246794,0.45,0.35,0,1445.2248167311745,1444.2812830211942,40.490544841789934,0.9041833385745122,1.1808286956378817,1443.095071589094,0.0011795463153246794,0,RELIANCE,5m,2026-02-06 06:15:00
1444.5,1444.5999755859375,1443.0,1443.4000244140625,24622,-0.0008306459865391469,0.00382502253746142,0.00116082549327199,0.45,0.35,0,1445.0510269866877,1444.2467238601303,40.99342619060256,0.6491424181253933,1.074491440135384,1443.1027865188369,0.00116082549327199,0,RELIANCE,5m,2026-02-06 06:20:00
1443.5999755859375,1443.699951171875,1442.699951171875,1442.9000244140625,27405,-0.00034640431726673526,0.002361948186219154,0.0011456365337603155,0.4,0.4,0,1444.8461695988185,1444.1939121171474,32.43207575182697,0.40204035887722966,0.9400012238837532,1443.102744915835,0.0011456365337603155,0,RELIANCE,5m,2026-02-06 06:25:00
1443.0,1444.0999755859375,1442.5,1442.5999755859375,40605,-0.00020794845314864308,0.002014325562560426,0.0011479358217927045,0.4,0.45,0,1444.6322463594963,1444.131404802198,36.08961826876302,0.17992470384524495,0.7879859198760516,1443.1019703748564,0.0011479358217927045,0,RELIANCE,5m,2026-02-06 06:30:00
1442.5999755859375,1443.199951171875,1441.800048828125,1442.699951171875,50297,6.930236214430785e-05,0.0016662516575645103,0.0011455352721948886,0.35,0.45,0,1444.4482182463894,1444.0752693657148,34.61509568614194,0.011827303438167291,0.6327541965884748,1443.0881096476803,0.0011455352721948886,0,RELIANCE,5m,2026-02-06 06:35:00
1442.4000244140625,1443.300048828125,1442.0,1443.0999755859375,26455,0.00027727485104400706,-0.0002771211735798085,0.0010313686289740358,0.35,0.45,0,1444.3198141834891,1444.0370225508216,27.349651517048542,-0.0880969436614123,0.48858396853849734,1443.0842387728535,0.0010313686289740358,0,RELIANCE,5m,2026-02-06 06:40:00
1443.0999755859375,1443.4000244140625,1442.300048828125,1443.0,26712,-6.927835051551146e-05,-0.0032464953584273593,0.0007686875863848978,0.35,0.45,0,1444.1941175945854,1443.996354999809,31.371774618220115,-0.1733564780888628,0.35619587921302537,1443.0817731108684,0.0007686875863848978,0,RELIANCE,5m,2026-02-06 06:45:00
1443.0999755859375,1443.199951171875,1441.4000244140625,1441.5,25489,-0.0010395010395010118,-0.003318847172835482,0.0007728428384265115,0.35,0.5,0,1443.9375349665295,1443.8984587253067,21.29600325526721,-0.3578378058814451,0.21338914219413124,1443.0685512781697,0.0007728428384265115,0,RELIANCE,5m,2026-02-06 06:50:00
1441.4000244140625,1442.199951171875,1440.5999755859375,1441.699951171875,38060,0.0001387104903745051,-0.004419601216741231,0.0007030309177642275,0.3,0.55,0,1443.7244317479908,1443.8122427428193,24.5090177962349,-0.48234601416311307,0.0742421109226824,1443.0395599005578,0.0007030309177642275,0,RELIANCE,5m,2026-02-06 06:55:00
1441.5999755859375,1441.9000244140625,1439.4000244140625,1439.5,130228,-0.0015259424612498185,-0.0047016860945519046,0.0007271122201703429,0.3,0.6,0,1443.3221049148488,1443.6431351842775,9.173376936085376,-0.7498930398990069,-0.09058491924165546,1442.8746322051181,0.0007271122201703429,0,RELIANCE,5m,2026-02-06 07:00:00
1439.699951171875,1439.800048828125,1437.800048828125,1437.800048828125,63288,-0.0011809316928621527,-0.006151864688003106,0.0007459029010469434,0.3,0.6,0,1442.7961948113514,1443.4139945428599,8.619836885030253,-1.0865725063672471,-0.2897824366667738,1442.7507987765998,0.0007459029010469434,0,RELIANCE,5m,2026-02-06 07:05:00
1437.800048828125,1439.0,1436.4000244140625,1436.4000244140625,280676,-0.0009737267815532746,-0.008285004002851037,0.0006721006960520116,0.25,0.65,0,1442.1870357258954,1443.1389368907503,8.332485605582804,-1.4496529817147348,-0.521756545676366,1442.143223286223,0.0006721006960520116,0,RELIANCE,5m,2026-02-06 07:10:00
1436.4000244140625,1437.9000244140625,1435.0999755859375,1435.800048828125,268407,-0.0004176939402255053,-0.007602985643323512,0.0006522991189879076,0.2,0.7,0,1441.578751259441,1442.8511373588829,9.090001109754738,-1.7654587800054742,-0.7704969925421876,1441.5802727802607,0.0006522991189879076,0,RELIANCE,5m,2026-02-06 07:15:00
1435.800048828125,1436.9000244140625,1435.0,1435.0999755859375,296169,-0.000487584077433989,-0.008703444091255341,0.0006081666317319174,0.2,0.75,0,1440.9617250048218,1442.5471702305322,6.139975157407804,-2.0486120853934153,-1.0261200111124333,1441.014935668692,0.0006081666317319174,0,RELIANCE,5m,2026-02-06 07:20:00
1435.0,1438.9000244140625,1435.0,1438.5,318472,0.0023691899323421417,-0.005805532014877213,0.0008724090452739623,0.25,0.7,0,1440.7272750043626,1442.3884576724722,28.67130479320501,-1.9758828177189116,-1.2160725724337291,1440.6841808850215,0.0008724090452739623,0,RELIANCE,5m,2026-02-06 07:25:00
1438.300048828125,1441.0,1436.800048828125,1441.0,407815,0.001737921445950752,-0.005109102657641862,0.0009400338882111365,0.25,0.7,0,1440.753248813471,1442.3340083519831,42.30760201885833,-1.6969538152079622,-1.3122488209885756,1440.568568210938,0.0009400338882111365,0,RELIANCE,5m,2026-02-06 07:30:00
1440.9000244140625,1443.0,1439.5999755859375,1440.5,406789,-0.000346981263011803,-0.004767185503438021,0.0009347962744010663,0.3,0.7,0,1440.7291298788546,1442.2620864558269,42.30760201885833,-1.4989672313013216,-1.3495925030511249,1440.6132511818635,0.0009347962744010663,0,RELIANCE,5m,2026-02-06 07:35:00
1440.5,1441.199951171875,1439.0,1440.5,135081,0.0,-0.004079109730693364,0.0009299511328858781,0.3,0.7,0,1440.7073079856302,1442.1929850261868,43.13730183425485,-1.3267672897070497,-1.34502746038231,1440.6014967665083,0.0009299511328858781,0,RELIANCE,5m,2026-02-06 07:40:00
1440.699951171875,1441.5,1440.4000244140625,1441.0,28438,0.0003471017007983246,-0.0026301555230477947,0.0009123535020142592,0.35,0.65,0,1440.7351834155702,1442.1462012996697,44.586125927193,-1.1368469105125314,-1.3033913504083543,1440.6038598696068,0.0009123535020142592,0,RELIANCE,5m,2026-02-06 07:45:00
1441.0,1441.199951171875,1440.0999755859375,1440.699951171875,19010,-0.00020822264269604318,-0.003044788933913356,0.0009089564172823398,0.35,0.65,0,1440.7318279637896,1442.0894856083837,42.30760201885833,-0.9990288913302265,-1.242518858592729,1440.6041302104609,0.0009089564172823398,0,RELIANCE,5m,2026-02-06 07:50:00
1440.5999755859375,1441.0,1440.5999755859375,1441.0,6523,0.00020826600839463083,-0.0024920224607350994,0.0009111792614424917,0.35,0.65,0,1440.7573681577144,1442.0467606825648,43.67090563530448,-0.855731347091023,-1.1651613562923877,1440.604517634467,0.0009111792614424917,0,RELIANCE,5m,2026-02-06 07:55:00
1439.5,1440.0999755859375,1438.9000244140625,1439.699951171875,132723,-0.0009021851687196492,-0.0025634426905940533,0.0009142331340797164,0.35,0.65,0,1440.6566617781107,1441.9547289370475,44.230648846599266,-0.8374168659890984,-1.09961245823173,1440.57426226512,0.0009142331340797164,0,RELIANCE,5m,2026-02-06 08:00:00
1439.699951171875,1442.5,1439.699951171875,1442.0999755859375,118306,0.0016670309755231205,-0.0005544728079479588,0.0009960999411458744,0.4,0.6,0,1440.794120235999,1441.9604248840628,51.12365329620969,-0.6220697623975866,-1.0041039190649013,1440.5960191649233,0.0009960999411458744,0,RELIANCE,5m,2026-02-06 08:05:00
1441.800048828125,1443.300048828125,1440.0999755859375,1440.699951171875,345224,-0.0009708234087540957,-0.0013170833538179716,0.001017754276677826,0.4,0.55,0,1440.7851517537013,1441.9109945424084,53.52921746872891,-0.5579442668320098,-0.9148719886183231,1440.6490538201738,0.001017754276677826,0,RELIANCE,5m,2026-02-06 08:10:00
1440.300048828125,1440.699951171875,1438.4000244140625,1440.4000244140625,291301,-0.00020818127852961776,-0.001594182321794868,0.001017712643434419,0.4,0.55,0,1440.7484729594498,1441.851740811885,58.333137710587884,-0.5252709359797336,-0.8369517780906053,1440.6042848968243,0.001017712643434419,0,RELIANCE,5m,2026-02-06 08:15:00
1440.300048828125,1443.0,1440.0999755859375,1442.699951171875,191990,0.0015967277970216909,-0.0002771979910124456,0.0010827318938298823,0.4,0.55,0,1440.9343280272997,1441.8850039632573,69.09054590919516,-0.3102162381248945,-0.7316046700974632,1440.6506800820964,0.0010827318938298823,0,RELIANCE,5m,2026-02-06 08:20:00
1442.699951171875,1443.699951171875,1441.699951171875,1443.5,84121,0.0005545497020882362,0.0003465003465004113,0.0010899958192433796,0.4,0.55,0,1441.1786777389852,1441.9483371411686,73.0534764048886,-0.07436930350922921,-0.6001575967798164,1440.6855702726143,0.0010899958192433796,0,RELIANCE,5m,2026-02-06 08:25:00
1443.300048828125,1444.199951171875,1443.0999755859375,1443.4000244140625,34020,-6.925915201771993e-05,0.0013180883899150952,0.001061681508308283,0.45,0.5,0,1441.3902345651832,1442.0052660538313,75.7763928062354,0.10328331138248359,-0.45946941514735645,1440.703017268764,0.001061681508308283,0,RELIANCE,5m,2026-02-06 08:30:00
1443.199951171875,1443.9000244140625,1443.0999755859375,1443.0999755859375,25495,-0.00020787641890662734,0.0009710927803836533,0.001063266474677485,0.45,0.45,0,1441.5530670433502,1442.0481958394041,67.69204766331447,0.21735729617512334,-0.3241040728828605,1440.7150508613272,0.001063266474677485,0,RELIANCE,5m,2026-02-06 08:35:00
1443.0999755859375,1443.0999755859375,1442.0,1442.0,25241,-0.0007622310335712035,0.001736714136853168,0.0010164064734651463,0.45,0.45,0,1441.5956320868406,1442.0463058064863,54.31030854064065,0.2165071543720387,-0.2159818274318807,1440.7224051361754,0.0010164064734651463,0,RELIANCE,5m,2026-02-06 08:40:00
1442.0,1442.5999755859375,1440.5,1442.0999755859375,308599,6.933119690533118e-05,0.0029906291638515103,0.0009717706936333509,0.45,0.45,0,1441.6436648010404,1442.0484105037197,57.14270144194614,0.22134903127494,-0.1285156556905166,1440.774598131848,0.0009717706936333509,0,RELIANCE,5m,2026-02-06 08:45:00
1442.0999755859375,1443.0,1440.199951171875,1440.5,33264,-0.0011094761896014438,0.0028543410722998708,0.0009804660884631963,0.5,0.45,0,1441.5347443437984,1441.9876885231818,50.0,0.0949866484170343,-0.08381519486900642,1440.7771368547317,0.0009804660884631963,0,RELIANCE,5m,2026-02-06 08:50:00
1440.199951171875,1442.800048828125,1440.0,1442.199951171875,50024,0.0011801118860639281,0.0044573771598444,0.0009973279749316943,0.5,0.45,0,1441.5980973750436,1441.996012548621,54.28553989955358,0.13051095306923344,-0.04094996528135844,1440.7844791775913,0.0009973279749316943,0,RELIANCE,5m,2026-02-06 08:55:00
1442.300048828125,1443.9000244140625,1441.800048828125,1443.800048828125,47839,0.0011094839206933216,0.006062346449859923,0.001001378130425064,0.55,0.4,0,1441.8078070372417,1442.0667590693859,60.13100576042382,0.28449919905801835,0.02413986758651692,1440.8031363276716,0.001001378130425064,0,RELIANCE,5m,2026-02-06 09:00:00
1443.699951171875,1444.699951171875,1443.0999755859375,1443.699951171875,65456,-6.932930659697689e-05,0.0036148426637991893,0.0008772933244687663,0.55,0.4,0,1441.98801124054,1442.1308058185032,58.94017784963622,0.39391810639608593,0.09809551534843072,1440.8352629630892,0.0008772933244687663,0,RELIANCE,5m,2026-02-06 09:05:00
1443.800048828125,1446.699951171875,1443.800048828125,1446.5,86903,0.0019394949939923745,0.003816793893129722,0.0008970588810912555,0.55,0.4,0,1442.4177244557266,1442.3021467667973,70.48195429008442,0.698521793803593,0.21818077103946318,1440.9023267781356,0.0008970588810912555,0,RELIANCE,5m,2026-02-06 09:10:00
1446.4000244140625,1447.199951171875,1445.0,1445.0,62863,-0.0010369858278603816,0.0031239153071849213,0.0009314427929642994,0.55,0.4,0,1442.6636554599431,1442.4079449328053,59.235703456051006,0.8095529244640147,0.3364552017243735,1440.9503523382577,0.0009314427929642994,1,RELIANCE,5m,2026-02-06 09:15:00
1445.300048828125,1446.5999755859375,1445.0999755859375,1446.300048828125,57278,0.0008996877703286721,0.004026413625911163,0.0009451180429596143,0.55,0.35,0,1443.0099786378653,1442.5605764581119,67.94891858900122,0.9910250510199603,0.46736917158349084,1440.9956811143916,0.0009451180429596143,0,RELIANCE,5m,2026-02-06 09:20:00
1446.300048828125,1451.0999755859375,1446.300048828125,1450.0999755859375,290167,0.0026273433101875465,0.006315042044370278,0.0010900480418082987,0.55,0.35,0,1443.6852164424436,1442.856239169007,75.39241250607154,1.4250383952298762,0.6589030163127679,1441.3510945695907,0.0010900480418082987,1,RELIANCE,5m,2026-02-06 09:25:00
1450.300048828125,1451.4000244140625,1448.9000244140625,1449.800048828125,285145,-0.00020683177909253114,0.006316441982834764,0.0010900129229915333,0.6,0.3,1,1444.267581431556,1443.128545430149,70.76040090231575,1.7249118050817742,0.8721047740665693,1441.7069984598763,0.0010900129229915333,1,RELIANCE,5m,2026-02-06 09:30:00
1449.5999755859375,1450.800048828125,1448.800048828125,1449.0999755859375,225315,-0.00048287571983007815,0.005621079518346672,0.0011044497670409594,0.6,0.35,0,1444.727809446259,1443.3627191617486,66.47039816177791,1.884351946698871,1.0745542085930297,1441.9535939321486,0.0011044497670409594,0,RELIANCE,5m,2026-02-06 09:35:00
1449.0,1450.699951171875,1449.0,1450.4000244140625,171805,0.0008971422607328972,0.007432155035830945,0.0010759234557428667,0.6,0.3,1,1445.2680203955736,1443.6386919167414,69.23056285882922,2.091502939136035,1.277943954701631,1442.142373341802,0.0010759234557428667,1,RELIANCE,5m,2026-02-06 09:40:00
1450.300048828125,1452.0,1450.0999755859375,1451.699951171875,225590,0.0008962539547237025,0.006656941785216253,0.0010402650548045219,0.6,0.3,1,1445.8805852314117,1443.9548197306683,72.39568432228982,2.3336637949264514,1.4890879227465952,1442.4139649741644,0.0010402650548045219,1,RELIANCE,5m,2026-02-06 09:45:00
1452.0,1452.0,1451.199951171875,1451.9000244140625,227326,0.0001378199689445747,0.007774049852002252,0.0009957563959480718,0.55,0.3,0,1446.4538651535688,1444.266396384919,77.0489944301771,2.5127567605788954,1.6938216903130554,1442.6843872310274,0.0009957563959480718,1,RELIANCE,5m,2026-02-06 09:50:00
1451.9000244140625,1452.699951171875,1447.699951171875,1450.0,200499,-0.0013086468641869686,0.006664798266608374,0.001058826341550474,0.6,0.3,1,1446.7915922818004,1444.4912435855103,69.65158720036925,2.472867458351857,1.8496308439208158,1442.8709197804833,0.001058826341550474,0,RELIANCE,5m,2026-02-06 09:55:00
1461.800048828125,1463.699951171875,1460.0,1462.0,143860,0.0002736893956927222,0.012816072047107774,0.002007491612797169,0.6,0.3,1,1449.516017882076,1445.8224811442647,84.37473509316244,4.01107858855562,2.520185619115888,1461.8999837239583,0.002007491612797169,0,RELIANCE,5m,2026-02-09 03:50:00
1462.199951171875,1463.199951171875,1461.0,1462.300048828125,121965,0.00020523175658349047,0.01309410010695733,0.0020033297618523046,0.55,0.3,0,1450.7335446388427,1446.468660269122,83.63606502072957,4.516026807813432,2.9193538568553974,1462.0223423625641,0.0020033297618523046,1,RELIANCE,5m,2026-02-09 03:55:00
1461.800048828125,1462.800048828125,1459.9000244140625,1460.5,65346,-0.0012309709143261127,0.012057393602960653,0.002039198586630381,0.55,0.35,0,1451.6636832446673,1447.0189088860193,78.76701448112104,4.716583177833854,3.278799721051089,1461.8337751611402,0.002039198586630381,0,RELIANCE,5m,2026-02-09 04:00:00
1460.5999755859375,1461.0,1459.9000244140625,1459.9000244140625,74517,-0.0004108014967049156,0.012413331771194525,0.002028314906472454,0.55,0.3,0,1452.4480966893716,1447.5240506714326,74.8147478355223,4.772102701019321,3.577460317044735,1461.5459307811216,0.002028314906472454,1,RELIANCE,5m,2026-02-09 04:05:00
1459.199951171875,1463.300048828125,1458.699951171875,1459.0,205527,-0.0006164972936579804,0.011719038000257864,0.0020438346562793156,0.6,0.3,1,1453.07208748086,1447.974087900004,76.51500439265732,4.689421146826135,3.7998524830010156,1461.1381830726204,0.0020438346562793156,0,RELIANCE,5m,2026-02-09 04:10:00
1458.4000244140625,1460.0,1458.4000244140625,1460.0,58243,0.0006854009595613775,0.013536966331135103,0.002004557984065825,0.55,0.3,0,1453.7318886731591,1448.4456922960824,76.24501898864423,4.6509735343177,3.9700766932643528,1460.9927614688017,0.002004557984065825,0,RELIANCE,5m,2026-02-09 04:15:00
1459.800048828125,1460.300048828125,1458.0999755859375,1458.5999755859375,51079,-0.0009589208315496922,0.011371533053191829,0.002033019164150878,0.6,0.3,1,1454.1955159981856,1448.84389948392,67.93234167044378,4.456165354343739,4.06729442548023,1460.8514942430174,0.002033019164150878,0,RELIANCE,5m,2026-02-09 04:20:00
1458.5999755859375,1460.0,1458.5999755859375,1459.4000244140625,31138,0.0005485046219089185,0.01080480333727607,0.002029013662985661,0.55,0.3,0,1454.6911834663642,1449.257865167455,69.83440017351916,4.316576910689264,4.117150922522037,1460.788604703781,0.002029013662985661,0,RELIANCE,5m,2026-02-09 04:25:00
1459.300048828125,1460.0,1459.199951171875,1459.699951171875,21373,0.0002055137404379792,0.011082635271278285,0.002025601472145163,0.5,0.3,0,1455.1682089621272,1449.667358736256,72.26869637022942,4.1819467670170525,4.13011009142104,1460.756663206311,0.002025601472145163,0,RELIANCE,5m,2026-02-09 04:30:00
1459.699951171875,1459.800048828125,1457.5999755859375,1457.699951171875,46185,-0.0013701445960824232,0.0077427937586416196,0.002041513450808879,0.45,0.35,0,1455.4093272678176,1449.9823623611821,64.89773548242445,3.8692656371654266,4.077941200569917,1460.6219245348489,0.002041513450808879,0,RELIANCE,5m,2026-02-09 04:35:00
1458.300048828125,1458.699951171875,1457.699951171875,1458.5,42302,0.0005488432838882673,0.00934256055363325,0.0020138765646796446,0.4,0.35,0,1455.703677051835,1450.316387366626,64.16662428157265,3.6440149076204307,3.99115594198002,1460.5079147398997,0.0020138765646796446,0,RELIANCE,5m,2026-02-09 04:40:00
1458.5,1460.0,1458.5,1460.0,32014,0.001028453890983938,0.009472412853042123,0.0020155378518429993,0.45,0.35,0,1456.1128506659459,1450.6961368816603,66.00774875879938,3.5456673000549017,3.9020582135949966,1460.471803253587,0.0020155378518429993,0,RELIANCE,5m,2026-02-09 04:45:00
1460.0,1462.0,1459.800048828125,1461.800048828125,184740,0.0012329101562500444,0.008068459719447807,0.0019604738143090034,0.45,0.35,0,1456.6544885861533,1451.1315844089727,73.41261383452819,3.57180150491763,3.8360068718595235,1460.596568581439,0.0019604738143090034,0,RELIANCE,5m,2026-02-09 04:50:00
1461.800048828125,1462.699951171875,1461.5,1462.699951171875,82012,0.0006156124734510993,0.008897711345903891,0.001955613059469204,0.45,0.35,0,1457.2302469276506,1451.5852458506552,53.79298733005009,3.623359812446324,3.793477459976884,1460.7169676398194,0.001955613059469204,0,RELIANCE,5m,2026-02-09 04:55:00
1462.699951171875,1463.800048828125,1461.9000244140625,1463.800048828125,69703,0.0007521006993735924,0.010144278165654885,0.001944243290564455,0.5,0.3,0,1457.8559423467432,1452.0642577321246,55.92113716672021,3.710219726109017,3.7768259132033104,1460.8557917472942,0.001944243290564455,0,RELIANCE,5m,2026-02-09 05:00:00
1463.5,1464.800048828125,1462.800048828125,1464.0,116113,0.00013659732559445636,0.00937670667196211,0.0019436397638597689,0.55,0.3,0,1458.4410906946723,1452.532326056355,55.62894098625707,3.7519411795715314,3.771848966476955,1461.1155057983262,0.0019436397638597689,0,RELIANCE,5m,2026-02-09 05:05:00
1464.0,1464.5,1463.0,1464.0999755859375,58277,6.828933465685694e-05,0.008541726824508489,0.0019428678103777237,0.5,0.3,0,1458.980032112888,1452.9859593712406,63.43272024997039,3.749847023987968,3.7674485779791578,1461.2296681542357,0.0019428678103777237,0,RELIANCE,5m,2026-02-09 05:10:00
1464.0,1465.5,1463.5,1463.9000244140625,149489,-0.00013656934308392543,0.008265031888020413,0.0019459847127487452,0.55,0.3,0,1459.4486028082379,1453.4139619219395,65.38461538461539,3.6895224835493536,3.751863359093197,1461.52504564008,0.0019459847127487452,0,RELIANCE,5m,2026-02-09 05:15:00
1464.0,1464.5,1463.4000244140625,1464.5,40226,0.0004098473775062672,0.010000000000000009,0.001903419085120138,0.5,0.3,0,1459.9296882550725,1453.848708513236,71.65362655952633,3.6480751270005385,3.7311057126746654,1461.5908637918553,0.001903419085120138,0,RELIANCE,5m,2026-02-09 05:20:00
1464.4000244140625,1464.800048828125,1464.0,1464.4000244140625,32872,-6.826601975928881e-05,0.0019157422515709843,0.0007124825901734013,0.5,0.3,0,1460.3554345559287,1454.2624856073862,68.644286970465,3.5660533607183424,3.698095242283401,1461.6476208947183,0.0007124825901734013,0,RELIANCE,5m,2026-02-09 05:25:00
1464.199951171875,1464.5,1463.199951171875,1463.699951171875,45093,-0.0004780614794565041,0.0011627572995041024,0.0007223727573215393,0.45,0.35,0,1460.6739599479235,1454.6325822961896,72.9729135278398,3.4053062098585087,3.639537435798423,1461.7056660309522,0.0007223727573215393,0,RELIANCE,5m,2026-02-09 05:30:00
1463.5999755859375,1464.5,1463.199951171875,1463.699951171875,49809,0.0,0.0009573290685942482,0.0007216338038278746,0.45,0.35,0,1460.9621495882998,1454.9881653893538,70.87357929293528,3.2405578015225274,3.5597415089432443,1461.7662479980647,0.0007216338038278746,0,RELIANCE,5m,2026-02-09 05:35:00
1463.699951171875,1464.5999755859375,1463.699951171875,1464.0,37744,0.00020499339901247637,0.002396439575487852,0.0006561397377328578,0.5,0.3,0,1461.2514686751283,1455.3415706682028,70.87392448268506,3.098487498642271,3.4674907068830496,1461.816306455952,0.0006561397377328578,0,RELIANCE,5m,2026-02-09 05:40:00
1464.0,1464.199951171875,1463.9000244140625,1464.199951171875,23377,0.00013657866931349183,0.0029453570010988805,0.0006441449333646846,0.5,0.3,0,1461.5322765319613,1455.688958138935,88.23529411764706,2.967818978773039,3.3675563612610473,1461.8462476861746,0.0006441449333646846,0,RELIANCE,5m,2026-02-09 05:45:00
1464.199951171875,1465.0,1464.199951171875,1465.0,47106,0.0005464068124607646,0.004112405757368043,0.0006237369751796623,0.5,0.25,0,1461.8625359098696,1456.0540970354475,88.23529411764706,2.8954436178282776,3.2731338125744935,1461.9205592247138,0.0006237369751796623,0,RELIANCE,5m,2026-02-09 05:50:00
1465.0,1465.0,1463.0,1463.0,60954,-0.0013651877133106227,0.00205479452054802,0.0007040494215333698,0.5,0.25,0,1461.9708658232153,1456.3264853869987,66.66666666666666,2.64619860719813,3.1477467714992207,1461.9768408910227,0.0007040494215333698,0,RELIANCE,5m,2026-02-09 05:55:00
1463.300048828125,1463.300048828125,1461.0999755859375,1461.5,60386,-0.001025290498974707,0.0019882246418505556,0.0007094531972162918,0.45,0.25,0,1461.9260214590995,1456.5293683129987,48.275571769327904,2.3011069480753576,2.978418806814448,1461.9765263099216,0.0007094531972162918,0,RELIANCE,5m,2026-02-09 06:00:00
1461.5,1461.9000244140625,1461.0,1461.5999755859375,58911,6.840614843484083e-05,0.001507435339915375,0.0007015413198340172,0.45,0.3,0,1461.8949694711794,1456.7282156570357,43.038150717740315,2.0124878094861742,2.7852326073487936,1461.9625623296,0.0007015413198340172,0,RELIANCE,5m,2026-02-09 06:05:00
1461.5999755859375,1463.699951171875,1461.5999755859375,1462.699951171875,68696,0.0007525831994465992,0.0020552168941236904,0.0007173621831131346,0.5,0.3,0,1461.9716343950552,1456.9624013635,43.03727053587984,1.8511747099314562,2.598421027865326,1461.9858259324214,0.0007173621831131346,0,RELIANCE,5m,2026-02-09 06:10:00
1462.5999755859375,1462.800048828125,1461.199951171875,1462.699951171875,37911,0.0,0.003430061169982457,0.0006293024802701462,0.5,0.3,0,1462.0409978976095,1457.1874033167696,41.558070959764095,1.703693794782339,2.419475581248729,1461.9902580428904,0.0006293024802701462,0,RELIANCE,5m,2026-02-09 06:15:00
1462.699951171875,1462.699951171875,1461.300048828125,1461.5,42758,-0.000820367274172451,0.002056907781967876,0.0006598184182137588,0.5,0.3,0,1461.9894742883132,1457.3565247553277,35.22728849061576,1.4730081547322698,2.230182095945437,1461.987151266044,0.0006598184182137588,0,RELIANCE,5m,2026-02-09 06:20:00
1461.5,1462.5,1461.4000244140625,1462.5,29990,0.0006842285323298558,0.001712328767123239,0.0006385530748816475,0.45,0.3,0,1462.0380957846642,1457.5582296668833,42.70818763272001,1.3552572042119664,2.055197117598743,1461.9891534637068,0.0006385530748816475,0,RELIANCE,5m,2026-02-09 06:25:00
1462.5,1463.0,1462.300048828125,1462.4000244140625,30462,-6.835937500004885e-05,0.00041043615124958244,0.0005790343242752672,0.45,0.3,0,1462.07256517794,1457.7481039706945,38.461641648892645,1.2395823990375447,1.8920741738865035,1461.9970775810027,0.0005790343242752672,0,RELIANCE,5m,2026-02-09 06:30:00
1462.4000244140625,1462.5999755859375,1462.0,1462.5999755859375,25053,0.00013672809664733165,-6.835003026928188e-05,0.0005628118999993696,0.4,0.35,0,1462.1227947406064,1457.938373445802,40.21707401215403,1.150778216112485,1.7438149823317,1462.001573335604,0.0005628118999993696,0,RELIANCE,5m,2026-02-09 06:35:00
1462.5,1463.0,1461.800048828125,1462.5,25374,-6.83547023152542e-05,-0.0008881327946161921,0.0005340207950924524,0.4,0.4,0,1462.1587190510247,1458.117260761653,43.02342086586231,1.0601127472377812,1.6070745353129163,1462.0063984333954,0.0005340207950924524,0,RELIANCE,5m,2026-02-09 06:40:00
1462.300048828125,1463.5,1462.0999755859375,1463.0999755859375,42236,0.0004102397168803673,-0.0006147707746329001,0.0005423399082321994,0.4,0.4,0,1462.2483625305401,1458.3126613429974,46.73920254760167,1.0248587913310985,1.490631386516553,1462.022716662073,0.0005423399082321994,0,RELIANCE,5m,2026-02-09 06:45:00
1463.4000244140625,1464.0999755859375,1463.199951171875,1464.0,26069,0.000615148950229516,-6.828467154196272e-05,0.0005610510466631263,0.45,0.4,0,1462.415185146679,1458.5356942315075,50.0,1.057355687496738,1.40397624671259,1462.0421540907123,0.0005610510466631263,0,RELIANCE,5m,2026-02-09 06:50:00
1464.0,1464.300048828125,1463.9000244140625,1464.0,22776,0.0,6.829399840846406e-05,0.0005601736222362478,0.45,0.4,0,1462.5661198946143,1458.7499807322329,48.958571755550466,1.0707665812162759,1.3373343136133273,1462.061678639905,0.0005601736222362478,0,RELIANCE,5m,2026-02-09 06:55:00
1464.0,1464.0,1462.699951171875,1463.0999755859375,31578,-0.0006147707746329001,-0.0009559743353106942,0.0005678618352851402,0.45,0.4,0,1462.6169632937879,1458.9205687657116,40.205887164772655,0.9972744041626811,1.269322331723198,1462.0775775716409,0.0005678618352851402,0,RELIANCE,5m,2026-02-09 07:00:00
1463.199951171875,1464.0,1462.800048828125,1463.0999755859375,58501,0.0,-0.0008877689200019745,0.0005679366651002297,0.4,0.4,0,1462.6629644644688,1459.084467072387,50.649206525357904,0.928330112691583,1.201123887916875,1462.1067457058477,0.0005679366651002297,0,RELIANCE,5m,2026-02-09 07:05:00
1463.0999755859375,1463.5,1462.9000244140625,1463.300048828125,25145,0.00013674611819158855,-0.00027321333407837045,0.0005598007937624282,0.4,0.35,0,1462.7236391657693,1459.2497840039846,64.06309605554284,0.879694928007666,1.1368380959350333,1462.118182802789,0.0005598007937624282,0,RELIANCE,5m,2026-02-09 07:10:00
1463.4000244140625,1464.0,1463.199951171875,1463.800048828125,33260,0.0003416934212503442,6.838673197329115e-05,0.0005654208163428666,0.45,0.35,0,1462.8261543717078,1459.428225761794,66.17718337671664,0.8714514650441743,1.0837607697568614,1462.1387003666644,0.0005654208163428666,0,RELIANCE,5m,2026-02-09 07:15:00
1463.800048828125,1463.9000244140625,1462.0,1462.4000244140625,83477,-0.0009564314574134203,-0.0010928794985911594,0.000602097297551723,0.4,0.4,0,1462.7855705662178,1459.5447668854124,47.88783247081478,0.7433789813724161,1.0156844120799724,1462.1589120999881,0.000602097297551723,0,RELIANCE,5m,2026-02-09 07:20:00
1462.5999755859375,1464.0,1462.5,1464.0,47022,0.0010940751909371826,-0.0001365600181280069,0.0006539264442216041,0.45,0.4,0,1462.9012305122922,1459.719481909514,57.47158692296899,0.7621991166174666,0.9649873529874713,1462.1827926526944,0.0006539264442216041,0,RELIANCE,5m,2026-02-09 07:25:00
1464.0,1464.800048828125,1463.9000244140625,1464.800048828125,35907,0.0005464814399760431,-0.00013648544155286935,0.0006539297661751014,0.45,0.4,0,1463.0820703518953,1459.9187198278908,69.87969526722947,0.8320797659434902,0.9384058355786752,1462.213879169677,0.0006539297661751014,0,RELIANCE,5m,2026-02-09 07:30:00
1464.800048828125,1465.0999755859375,1464.5,1465.0999755859375,89629,0.0002047561085571914,0.0014353900108936557,0.0005712682545306354,0.5,0.35,0,1463.2742518027562,1460.1219063282065,67.10515748727092,0.9012729531789319,0.9309792590987266,1462.3009128006247,0.0005712682545306354,0,RELIANCE,5m,2026-02-09 07:35:00
1465.0999755859375,1465.9000244140625,1463.5999755859375,1463.5999755859375,53570,-0.0010238209166579804,0.0014368632130943304,0.0005711197797598127,0.55,0.35,0,1463.30527311544,1460.2583012010587,56.666395399305564,0.8255551032557378,0.9098944279301289,1462.3401577753657,0.0005711197797598127,0,RELIANCE,5m,2026-02-09 07:40:00
1463.5999755859375,1464.5999755859375,1463.5999755859375,1464.300048828125,27650,0.0004783228025861952,0.001847340782217044,0.0005782962128883256,0.55,0.3,0,1463.4000136595055,1460.4168011080023,58.947638933504656,0.8126702646216017,0.8904495952684235,1462.3578941409748,0.0005782962128883256,0,RELIANCE,5m,2026-02-09 07:45:00
1464.4000244140625,1464.4000244140625,1463.0999755859375,1463.5,49818,-0.0005463694607982239,0.0005469671530953235,0.0005731740407747477,0.5,0.35,0,1463.4095361681239,1460.537710868473,54.901866921972236,0.7294925470421276,0.8582581856231644,1462.3803984423694,0.0005731740407747477,0,RELIANCE,5m,2026-02-09 07:50:00
1463.300048828125,1464.0999755859375,1463.0999755859375,1463.199951171875,71364,-0.00020502140630340726,0.0003418336068168326,0.0005755202820654715,0.5,0.3,0,1463.3895756922905,1460.6421124489984,50.50491350504914,0.6320759951615855,0.8130217475308487,1462.4065110677561,0.0005755202820654715,0,RELIANCE,5m,2026-02-09 07:55:00
1463.0,1463.5999755859375,1462.5,1463.5999755859375,38204,0.0002733901226159574,0.0014368632130943304,0.0005427729151326658,0.5,0.35,0,1463.4096137773997,1460.7581070818196,47.87227135195502,0.5804601200788966,0.7665094220404584,1462.4170163160154,0.0005427729151326658,0,RELIANCE,5m,2026-02-09 08:00:00
1463.5999755859375,1464.0,1463.5999755859375,1464.0,27644,0.00027331540088493256,0.0010256410256410664,0.0005258904130270953,0.55,0.35,0,1463.4658410366949,1460.8852401374347,50.0,0.5653161812347207,0.7262707738793108,1462.4302226114874,0.0005258904130270953,0,RELIANCE,5m,2026-02-09 08:05:00
1464.0,1464.4000244140625,1463.5,1464.4000244140625,49873,0.0002732407199881326,0.0013676148568182445,0.0005273418022301999,0.55,0.4,0,1463.5548108821586,1461.0230748149495,56.98928965191369,0.5789197017097649,0.6968005594454016,1462.4572228590073,0.0005273418022301999,0,RELIANCE,5m,2026-02-09 08:10:00
1464.4000244140625,1465.0,1464.0,1464.5,54732,6.827068032699835e-05,0.0012990731886901585,0.0005270975387917288,0.6,0.35,0,1463.6448288933816,1461.1594248222066,57.446725622346015,0.5909556154704205,0.6756315706504055,1462.492840298139,0.0005270975387917288,0,RELIANCE,5m,2026-02-09 08:15:00
1464.5,1464.5,1462.0999755859375,1462.0999755859375,136782,-0.0016388012386906459,-0.00027352096688038063,0.0006505377442954351,0.55,0.35,0,1463.4977000069582,1461.1963091658822,44.827368487514335,0.40219598649196087,0.6209444538187167,1462.5098404746038,0.0006505377442954351,0,RELIANCE,5m,2026-02-09 08:20:00
1462.0999755859375,1465.4000244140625,1462.0999755859375,1463.0,125760,0.0006155696799747812,-6.833134276928998e-05,0.000659139930707025,0.55,0.35,0,1463.4503000062955,1461.2670421397693,46.66653103574552,0.32152077759928943,0.5610597185748313,1462.5464474797484,0.000659139930707025,0,RELIANCE,5m,2026-02-09 08:25:00
1462.800048828125,1463.9000244140625,1462.300048828125,1462.699951171875,102037,-0.00020509147513669834,-0.0008880114946209217,0.0006439839716391166,0.5,0.35,0,1463.378838212541,1461.3232346508323,51.375776919200405,0.2307141316068737,0.4949906011812398,1462.5586858226698,0.0006439839716391166,0,RELIANCE,5m,2026-02-09 08:30:00
1462.4000244140625,1462.800048828125,1462.0999755859375,1462.699951171875,52706,0.0,-0.0008880114946209217,0.0006439839716391166,0.45,0.4,0,1463.3141823039061,1461.3772235340105,43.01071034808631,0.15694010261995572,0.427380501468983,1462.5583099712758,0.0006439839716391166,0,RELIANCE,5m,2026-02-09 08:35:00
1462.800048828125,1464.4000244140625,1462.5999755859375,1464.0999755859375,71068,0.000957150790181327,0.000683480292998695,0.0006662253152195764,0.5,0.35,0,1463.3890197593375,1461.4839981242822,46.46437246464372,0.2090343055028825,0.3837112622757629,1462.5806777161695,0.0006662253152195764,0,RELIANCE,5m,2026-02-09 08:40:00
1464.199951171875,1465.0999755859375,1463.9000244140625,1464.9000244140625,84798,0.000546444123670442,0.001230297900459032,0.0006758764918685831,0.55,0.35,0,1463.5329249645492,1461.6179599395678,49.0387323943662,0.31128825353243883,0.3692266605270981,1462.6275666944932,0.0006758764918685831,0,RELIANCE,5m,2026-02-09 08:45:00
1465.0,1465.4000244140625,1464.800048828125,1465.0999755859375,54531,0.00013649475632648844,0.0012300462637542253,0.0006758750251775197,0.6,0.35,0,1463.682167880872,1461.754509572759,58.241448692152915,0.40380482192699674,0.3761422928070779,1462.6633602657364,0.0006758750251775197,0,RELIANCE,5m,2026-02-09 08:50:00
1465.0999755859375,1465.5999755859375,1463.0,1463.199951171875,67202,-0.001296856491518672,-0.0004099587622847789,0.0007367180738939417,0.6,0.4,0,1463.636242480015,1461.811193557038,44.65987200758473,0.3201186493542991,0.3649375641165221,1462.6856201342725,0.0007367180738939417,0,RELIANCE,5m,2026-02-09 08:55:00
1463.199951171875,1463.199951171875,1461.5,1461.5999755859375,73498,-0.0010934770635114832,-0.0005470793317619016,0.0007464568961111465,0.6,0.4,0,1463.4423122996266,1461.8029104993477,41.44150088526717,0.12327110388082474,0.3166042720693827,1462.6746043078026,0.0007464568961111465,0,RELIANCE,5m,2026-02-09 09:00:00
1461.5999755859375,1462.5,1461.5,1461.699951171875,62385,6.840146935371827e-05,-0.0015710716039105677,0.0006991067238654277,0.55,0.4,0,1463.2763731446025,1461.7988728786627,43.119358523529016,-0.024383719522120373,0.24840667375108208,1462.6624313075374,0.0006991067238654277,0,RELIANCE,5m,2026-02-09 09:05:00
1461.699951171875,1461.699951171875,1461.300048828125,1461.5999755859375,43356,-6.83967909127503e-05,-0.002184648508680498,0.000683527926571079,0.5,0.45,0,1463.1167162342535,1461.7910729848304,40.56612464876319,-0.14776508124282373,0.16917232275230093,1462.6502331285355,0.000683527926571079,0,RELIANCE,5m,2026-02-09 09:10:00
1461.5999755859375,1461.5999755859375,1460.4000244140625,1461.199951171875,66974,-0.0002736893956926112,-0.002661951047062683,0.0006803293989399078,0.45,0.5,0,1462.9341671806937,1461.7678917372637,36.79234418904601,-0.274658237202857,0.08040621076126934,1462.6242393076386,0.0006803293989399078,0,RELIANCE,5m,2026-02-09 09:15:00
1461.199951171875,1461.5999755859375,1460.4000244140625,1460.9000244140625,70649,-0.0002052605857069123,-0.0018447329987103522,0.000647763235496957,0.4,0.45,0,1462.7404392981575,1461.7338577245891,33.33333333333333,-0.39487172483518407,-0.01464937635802134,1462.5960266485627,0.000647763235496957,0,RELIANCE,5m,2026-02-09 09:20:00
1460.9000244140625,1461.9000244140625,1460.800048828125,1461.4000244140625,54850,0.00034225476873439575,-0.001980485090049222,0.0006421468186641064,0.45,0.45,0,1462.6127807377675,1461.7207662222154,35.779960355235005,-0.4446700786800193,-0.10065351682242094,1462.5799938086145,0.0006421468186641064,0,RELIANCE,5m,2026-02-09 09:25:00
1461.5,1461.5999755859375,1461.300048828125,1461.300048828125,142136,-6.841082815611799e-05,-0.0015032122800648917,0.0006334532452804152,0.45,0.4,0,1462.4877586511348,1461.7042675008786,45.34924983321741,-0.4865936781070559,-0.17784154907934796,1462.5414187963177,0.0006334532452804152,0,RELIANCE,5m,2026-02-09 09:30:00
1461.4000244140625,1461.699951171875,1461.300048828125,1461.699951171875,190523,0.0002736620340708651,-0.0010251503895954972,0.0006373143755214539,0.5,0.4,0,1462.4127293673957,1461.7040982330745,41.9748621032643,-0.4819935342466124,-0.23867194611280085,1462.500497044311,0.0006373143755214539,0,RELIANCE,5m,2026-02-09 09:35:00
1461.699951171875,1461.9000244140625,1461.300048828125,1461.5,222120,-0.0001367935818255006,-0.0014348015994580798,0.0006329075890814147,0.55,0.35,0,1462.325802760977,1461.6960943807971,42.5000762962737,-0.4888471499557454,-0.2887069868813898,1462.456926030185,0.0006329075890814147,0,RELIANCE,5m,2026-02-09 09:40:00
1461.699951171875,1462.5,1461.5999755859375,1462.5,201244,0.0006842285323298558,-0.0010245901639344135,0.000651101692199945,0.55,0.35,0,1462.3423929742173,1461.727620091354,48.88913002197325,-0.4088738044290494,-0.31274035039092174,1462.4465048683674,0.000651101692199945,0,RELIANCE,5m,2026-02-09 09:45:00
1462.5,1462.5,1461.199951171875,1461.300048828125,207948,-0.0008204794337607346,-0.0021168912416386076,0.0006681385887157588,0.5,0.35,0,1462.2431221031609,1461.7108525908354,34.09075145310527,-0.43727969495603247,-0.3376482193039439,1462.4151359138243,0.0006681385887157588,0,RELIANCE,5m,2026-02-09 09:50:00
1461.300048828125,1462.0,1460.9000244140625,1461.5999755859375,182637,0.0002052465255530933,-0.001980214690380677,0.0006707132421503951,0.45,0.4,0,1462.1818700539015,1461.7065044729964,30.119135166936317,-0.43062599665495327,-0.3562437747741458,1462.3839084411338,0.0006707132421503951,0,RELIANCE,5m,2026-02-09 09:55:00
1466.4000244140625,1466.4000244140625,1464.5,1464.9000244140625,85119,-0.000614015816674307,0.0012987179863721554,0.0008653497472955323,0.45,0.4,0,1462.7525124043486,1461.9859763610361,57.522659263020294,0.11415161974332477,-0.2188388100949507,1465.2666829427083,0.0008653497472955323,0,RELIANCE,5m,2026-02-10 03:50:00
1465.0999755859375,1467.5,1464.5,1467.199951171875,63455,0.0015700230182824626,0.0030765024613521597,0.0009251308540513489,0.5,0.4,0,1463.176078001256,1462.1904459614614,73.33394370352285,0.45270919824770317,-0.08452920842641994,1465.7507084187284,0.0009251308540513489,0,RELIANCE,5m,2026-02-10 03:55:00
1467.4000244140625,1468.5,1466.4000244140625,1468.5,63006,0.0008860747487666742,0.003965303221264316,0.0009384876834399101,0.55,0.35,0,1463.6831181916125,1462.4378794531688,75.75833240853771,0.8165093819607137,0.0956785096510068,1466.360965428435,0.0009384876834399101,0,RELIANCE,5m,2026-02-10 04:00:00
1468.5999755859375,1469.0,1467.4000244140625,1467.699951171875,82848,-0.0005448068288219643,0.00245883180518236,0.0009346548779227893,0.55,0.35,0,1464.0656737135423,1462.6442352068436,71.94270508575795,1.0284115067631774,0.28222510907344095,1466.8315445240585,0.0009346548779227893,0,RELIANCE,5m,2026-02-10 04:05:00
1467.699951171875,1468.5,1465.800048828125,1466.199951171875,38500,-0.0010220072561849536,0.0008873825763859866,0.0009626557945610558,0.5,0.4,0,1464.2689382333836,1462.7836750486094,66.666937938443,1.063053781104145,0.4383908434795818,1466.8317513830705,0.0009626557945610558,0,RELIANCE,5m,2026-02-10 04:10:00
1466.199951171875,1466.5,1464.199951171875,1464.199951171875,52392,-0.0013640704314589192,-0.0006143092137467221,0.0010123269528558119,0.45,0.45,0,1464.2623680370493,1462.8392152887375,59.88012134059427,0.9185364315867446,0.5344199611010144,1466.578151196393,0.0010123269528558119,0,RELIANCE,5m,2026-02-10 04:15:00
1464.0,1465.0,1464.0,1464.800048828125,36929,0.0004098467943327577,0.0010935604904636076,0.0009710282600099083,0.4,0.45,0,1464.3135757314376,1462.9161107216546,60.11916439600364,0.842713974410799,0.5960787637629714,1466.405147721018,0.0009710282600099083,0,RELIANCE,5m,2026-02-10 04:20:00
1464.9000244140625,1467.0,1464.5,1466.699951171875,51826,0.0012970386949877621,0.003489310119817901,0.0009693320947801354,0.45,0.4,0,1464.5408495829079,1463.0644966216635,64.5159808361226,0.9252644986388532,0.6619159107381478,1466.368143106463,0.0009693320947801354,0,RELIANCE,5m,2026-02-10 04:25:00
1467.0,1467.199951171875,1465.5999755859375,1465.5999755859375,32420,-0.0007499663343266683,0.0026681429461195005,0.0009910808968859963,0.5,0.4,0,1464.6417187260536,1463.1639271692823,60.103728534834445,0.8916491703250813,0.7078625626555345,1466.353111194631,0.0009910808968859963,0,RELIANCE,5m,2026-02-10 04:30:00
1465.300048828125,1465.5,1464.0,1464.300048828125,36383,-0.0008869587741995311,0.001847340782217044,0.001016443542841016,0.5,0.4,0,1464.6091787357745,1463.208480959825,56.86289762799493,0.7514532695092839,0.7165807040262844,1466.2356209805812,0.001016443542841016,0,RELIANCE,5m,2026-02-10 04:35:00
1464.4000244140625,1464.4000244140625,1463.0999755859375,1463.0999755859375,32553,-0.0008195541911972803,0.0013003178740449428,0.0010339791206373206,0.5,0.4,0,1464.4654451024567,1463.2042258471236,51.45625314805487,0.5373172678466744,0.6807280167903624,1466.0827480302225,0.0010339791206373206,0,RELIANCE,5m,2026-02-10 04:40:00
1463.0999755859375,1464.4000244140625,1463.0999755859375,1464.0,33097,0.000615148950229516,0.002121962854495063,0.0010389346828680937,0.5,0.4,0,1464.4211169974608,1463.2354326766483,56.650110043416035,0.4352204418214569,0.6316265017965814,1465.9604054622175,0.0010389346828680937,0,RELIANCE,5m,2026-02-10 04:45:00
1463.5999755859375,1463.9000244140625,1463.0999755859375,1463.4000244140625,21928,-0.0004098193893016244,0.00136855068194075,0.0010435528992425167,0.45,0.4,0,1464.3238700847562,1463.2418872545861,54.36902984190192,0.30240897364342345,0.5657829961659498,1465.8736705816575,0.0010435528992425167,0,RELIANCE,5m,2026-02-10 04:50:00
1463.4000244140625,1463.9000244140625,1463.0,1463.5,30255,6.831733242429472e-05,0.0015054753290668632,0.0010430537596759209,0.45,0.45,0,1464.2454062671602,1463.252009323034,43.03015506628788,0.20288340886486367,0.49320307870573266,1465.7634504442112,0.0010430537596759209,0,RELIANCE,5m,2026-02-10 04:55:00
1463.5,1465.0,1463.5,1464.5999755859375,29052,0.0007516061400325569,0.0019840080118613823,0.001053252246184509,0.45,0.45,0,1464.2791747737106,1463.3048707451085,49.10164758855606,0.21034281757329154,0.43663102647924446,1465.7046192243126,0.001053252246184509,0,RELIANCE,5m,2026-02-10 05:00:00
1464.5,1464.800048828125,1463.9000244140625,1464.0,26327,-0.00040965150617144896,0.0017105713308245285,0.001058231308029142,0.4,0.45,0,1464.2525867000238,1463.3321307158888,39.33349609375,0.16592871420675692,0.38249056402474696,1465.6505283964798,0.001058231308029142,0,RELIANCE,5m,2026-02-10 05:05:00
1464.0999755859375,1464.9000244140625,1463.9000244140625,1464.5,51518,0.0003415300546447675,0.0013675213675212738,0.0010507830732913147,0.4,0.45,0,1464.2761498714503,1463.3779295113443,35.915444526589056,0.1691264541423152,0.3398177420482606,1465.568837459499,0.0010507830732913147,0,RELIANCE,5m,2026-02-10 05:10:00
1464.4000244140625,1465.800048828125,1463.5999755859375,1465.5,48280,0.0006828269033800627,0.002874119641098405,0.001037502141652553,0.45,0.45,0,1464.3927070265504,1463.46114796188,42.3612288494795,0.24947651871684684,0.32174949738197783,1465.5332046116396,0.001037502141652553,0,RELIANCE,5m,2026-02-10 05:15:00
1465.4000244140625,1466.0,1464.5,1465.199951171875,36152,-0.00020474160909245143,0.0024630375246785796,0.0010402754075170032,0.5,0.4,0,1464.469587421343,1463.5293363230562,46.21210720032552,0.28565029220862925,0.3145296563473081,1465.5204804028408,0.0010402754075170032,0,RELIANCE,5m,2026-02-10 05:20:00
1465.300048828125,1465.5999755859375,1464.5,1465.300048828125,56677,6.831672098406294e-05,-0.0003411106449339174,0.0008145985256243041,0.45,0.4,0,1464.5486789838938,1463.5987760291373,54.86766771092147,0.3187212919706326,0.31536798347197303,1465.4963344110527,0.0008145985256243041,0,RELIANCE,5m,2026-02-10 05:25:00
1465.300048828125,1465.699951171875,1464.4000244140625,1465.0999755859375,48360,-0.00013654080087388554,0.00013649475632648844,0.0008030881877826595,0.5,0.4,0,1464.6011834221836,1463.6576465999924,51.375807734088895,0.3250392093082155,0.31730222863922153,1465.474622971714,0.0008030881877826595,0,RELIANCE,5m,2026-02-10 05:30:00
1465.0999755859375,1465.0999755859375,1463.800048828125,1464.4000244140625,26776,-0.0004777497669365971,-0.001908347090371798,0.0007195345625838904,0.45,0.45,0,1464.58202542141,1463.6867594554462,38.14479694952367,0.2704484332912216,0.30793146956962153,1465.446284250838,0.0007195345625838904,0,RELIANCE,5m,2026-02-10 05:35:00
1464.5999755859375,1466.0,1464.5999755859375,1465.4000244140625,36390,0.0006828735204371661,-0.0021109809914453548,0.0007062607204398407,0.45,0.45,0,1464.6599300873768,1463.7539463165685,48.95859824017089,0.30436792862496986,0.3072187613806912,1465.4422555205376,0.0007062607204398407,0,RELIANCE,5m,2026-02-10 05:40:00
1465.5999755859375,1466.4000244140625,1465.300048828125,1465.300048828125,33426,-6.822409190110346e-05,-0.0016351450729652495,0.0006986545066216297,0.45,0.45,0,1464.720893776972,1463.81457778761,55.952277152904934,0.31949919100679836,0.30967484730591266,1465.449375903768,0.0006986545066216297,0,RELIANCE,5m,2026-02-10 05:45:00
1465.800048828125,1465.800048828125,1463.0999755859375,1463.5,85681,-0.0012284506709493437,-0.0018414617799686894,0.0007146224083645393,0.45,0.45,0,1464.604618179165,1463.8022414037823,52.22232771365405,0.18411951352391043,0.28456378054951226,1465.3504079429097,0.0007146224083645393,0,RELIANCE,5m,2026-02-10 05:50:00
1463.199951171875,1464.0,1462.300048828125,1462.699951171875,87126,-0.0005466681435770671,-0.0010244502458830462,0.0006592669717368869,0.45,0.45,0,1464.423221321328,1463.7590143358645,42.69647510629543,0.012133027628124182,0.23007762996523468,1465.1834404340193,0.0006592669717368869,0,RELIANCE,5m,2026-02-10 05:55:00
1462.699951171875,1463.699951171875,1462.0999755859375,1462.5999755859375,23815,-6.835003026928188e-05,-0.0015019614751839994,0.000650282298449597,0.45,0.45,0,1464.2495788703384,1463.7135618358675,45.237887639143196,-0.13072774769420903,0.15791655443334596,1465.1380410756587,0.000650282298449597,0,RELIANCE,5m,2026-02-10 06:00:00
1462.0999755859375,1464.5,1462.0999755859375,1463.4000244140625,214421,0.000547004540872198,-0.0022498990029800048,0.0005853842607322365,0.45,0.45,0,1464.1686689221215,1463.7012662506988,49.450696857100695,-0.17734437172657636,0.0908643692013615,1464.8738476787196,0.0005853842607322365,0,RELIANCE,5m,2026-02-10 06:05:00
1463.4000244140625,1463.5999755859375,1462.0,1462.0,17069,-0.0009566929005779823,-0.0024563152605800997,0.0005989025520070872,0.4,0.5,0,1463.9621290247765,1463.634549927142,36.17073772514187,-0.323529208523496,0.007985653656389993,1464.846886624239,0.0005989025520070872,0,RELIANCE,5m,2026-02-10 06:10:00
1462.0,1462.300048828125,1460.4000244140625,1461.199951171875,41095,-0.0005472290206053332,-0.0021171191373865472,0.0005806268873291024,0.4,0.5,0,1463.6990644673572,1463.5390754661512,35.416931566767545,-0.49819610445683793,-0.0932506979662556,1464.7511736631109,0.0005806268873291024,0,RELIANCE,5m,2026-02-10 06:15:00
1461.0999755859375,1461.800048828125,1460.0999755859375,1461.800048828125,44517,0.0004106882536978329,-0.0008884743213066759,0.0005660142368791186,0.4,0.5,0,1463.5182058350492,1463.4708783430915,36.083356403996675,-0.581494901006181,-0.1908995385742407,1464.6512608709013,0.0005660142368791186,0,RELIANCE,5m,2026-02-10 06:20:00
1461.699951171875,1461.699951171875,1460.4000244140625,1461.0,24246,-0.0005473038728972535,-0.002049180327868827,0.0005542974675763758,0.4,0.5,0,1463.2783767079018,1463.3739811531664,26.317006732795406,-0.7039523273153918,-0.29351009632247094,1464.5961475767497,0.0005542974675763758,0,RELIANCE,5m,2026-02-10 06:25:00
1461.0,1461.0999755859375,1460.199951171875,1460.300048828125,16180,-0.0004790904667180129,-0.0021183377984285157,0.0005565313289442873,0.4,0.55,0,1462.9947264336372,1463.2534347874787,25.25399487078319,-0.8477090673104613,-0.40434989052006903,1464.5552620876917,0.0005565313289442873,0,RELIANCE,5m,2026-02-10 06:30:00
1460.699951171875,1460.800048828125,1458.800048828125,1459.300048828125,53091,-0.0006847907735143544,-0.002869799229159531,0.0005694528759127484,0.4,0.55,0,1462.6428523759694,1463.0984000439746,22.222975722229762,-1.0304505693884494,-0.529570026293745,1464.3979341607337,0.0005694528759127484,0,RELIANCE,5m,2026-02-10 06:35:00
1459.199951171875,1459.699951171875,1458.5,1459.5999755859375,51651,0.000205527820035023,-0.0034139014634352316,0.0005364069305102706,0.35,0.6,0,1462.3530545864426,1462.9612069279733,24.770981252939734,-1.137955303220906,-0.6512470816791773,1464.2431739166625,0.0005364069305102706,0,RELIANCE,5m,2026-02-10 06:40:00
1459.9000244140625,1459.9000244140625,1458.199951171875,1458.199951171875,31664,-0.0009591836376268148,-0.003961781986424162,0.0005627131460064883,0.4,0.65,0,1461.9575209279124,1462.7744910159695,23.27605257342495,-1.32089736642547,-0.7851771386284359,1464.1437550351475,0.0005627131460064883,0,RELIANCE,5m,2026-02-10 06:45:00
1458.199951171875,1459.199951171875,1457.0999755859375,1458.0,121783,-0.0001371219164520987,-0.004438374871969963,0.0005485451871428824,0.35,0.7,0,1461.580614172873,1462.5872560741668,15.741169821983618,-1.4651256021177232,-0.9211668313262934,1463.7493142864137,0.0005485451871428824,0,RELIANCE,5m,2026-02-10 06:50:00
1458.0,1458.0,1456.0,1456.800048828125,49104,-0.000823011777692062,-0.005936507111480749,0.0005204007917628365,0.3,0.7,0,1461.1253222352782,1462.3603067704005,14.286153909279292,-1.657150944623254,-1.0683636539856856,1463.5745510717813,0.0005204007917628365,0,RELIANCE,5m,2026-02-10 06:55:00
1456.800048828125,1457.0,1456.300048828125,1456.5,55987,-0.00020596431772934576,-0.005937722810403279,0.000520389388330982,0.25,0.7,0,1460.684815355728,1462.13049081862,16.346627855113965,-1.8126487582928803,-1.2172206748471246,1463.376446725115,0.000520389388330982,0,RELIANCE,5m,2026-02-10 07:00:00
1456.199951171875,1456.5,1455.5,1456.5,77623,0.0,-0.00600562924648973,0.0005180802017272612,0.25,0.75,0,1460.2862615123254,1461.9096872571054,17.708916128375975,-1.9138205637798364,-1.356540652633667,1463.103278985677,0.0005180802017272612,0,RELIANCE,5m,2026-02-10 07:05:00
1456.5,1457.5,1455.9000244140625,1457.5,29329,0.000686577411603162,-0.005187342647315241,0.0005626134428872384,0.25,0.7,0,1460.0209032730563,1461.736758345062,25.714684306590556,-1.8915042226228707,-1.4635333666315078,1463.0166687609885,0.0005626134428872384,0,RELIANCE,5m,2026-02-10 07:10:00
1457.5,1460.9000244140625,1457.5,1460.300048828125,95442,0.0019211312714408901,-0.0027997647620758848,0.0007411104636134135,0.3,0.65,0,1460.0474885640153,1461.6804167953785,37.6002187478638,-1.6290985875909882,-1.4966464108234039,1462.8651740150844,0.0007411104636134135,0,RELIANCE,5m,2026-02-10 07:15:00
1460.300048828125,1460.300048828125,1458.5,1458.5999755859375,42767,-0.0011641944705486074,-0.004640404473068016,0.0007482343447238719,0.25,0.65,0,1459.9096301851507,1461.5596151793222,36.71883195529235,-1.5405632793206223,-1.5054297845228477,1462.793161127428,0.0007482343447238719,0,RELIANCE,5m,2026-02-10 07:20:00
1458.5999755859375,1459.800048828125,1457.5999755859375,1457.5999755859375,301318,-0.000685588932358483,-0.00525494641752422,0.0007538243328036222,0.2,0.7,0,1459.6896630804638,1461.4043351952678,36.15407006770145,-1.533413812392837,-1.5110265900968458,1462.2593836670032,0.0007538243328036222,0,RELIANCE,5m,2026-02-10 07:25:00
1457.699951171875,1457.699951171875,1455.699951171875,1457.199951171875,304913,-0.00027444046429936364,-0.004304782253587325,0.0007189011781482356,0.2,0.7,0,1459.4525476605982,1461.239457390429,32.03093707680864,-1.54224835637865,-1.5172709433532068,1461.676804517219,0.0007189011781482356,0,RELIANCE,5m,2026-02-10 07:30:00
1457.199951171875,1459.5,1456.699951171875,1458.9000244140625,304289,0.0011666712181950256,-0.002597885338526229,0.0007770824325976497,0.25,0.65,0,1459.3999263990233,1461.1477149207676,42.33589649918472,-1.395976149510716,-1.4930119845847087,1461.354670880469,0.0007770824325976497,0,RELIANCE,5m,2026-02-10 07:35:00
1459.0,1460.4000244140625,1457.800048828125,1460.0,227815,0.0007539759870656138,-0.0017776395660720201,0.000801863141871943,0.3,0.6,0,1459.457076265783,1461.1027064925022,48.936004432593414,-1.1777195173369819,-1.4299534911351635,1461.2219282439528,0.000801863141871943,0,RELIANCE,5m,2026-02-10 07:40:00
1460.0,1461.300048828125,1456.5999755859375,1456.5999755859375,189495,-0.002328783845248261,-0.004646746422494852,0.0009295536593921266,0.3,0.65,0,1459.184971439131,1460.926128809892,41.81802040408674,-1.2645264451905405,-1.396868081946239,1461.058569866319,0.0009295536593921266,0,RELIANCE,5m,2026-02-10 07:45:00
1456.699951171875,1457.199951171875,1455.0999755859375,1455.4000244140625,61878,-0.0008238028230038719,-0.004514347186003742,0.0009245657634690451,0.3,0.65,0,1458.8245002938866,1460.709418833585,37.93127639572897,-1.413849613827324,-1.400264388322456,1460.9700491159083,0.0009245657634690451,0,RELIANCE,5m,2026-02-10 07:50:00
1455.300048828125,1457.0999755859375,1455.300048828125,1455.300048828125,70385,-6.869285712551854e-05,-0.004037710471464395,0.0009219980655133965,0.3,0.6,0,1458.4888382495285,1460.4972866765083,40.99414672610924,-1.5227037144713904,-1.424752253552243,1460.8729818079976,0.0009219980655133965,0,RELIANCE,5m,2026-02-10 07:55:00
1455.199951171875,1455.5,1453.800048828125,1454.800048828125,87651,-0.00034357176061572403,-0.00478861661388752,0.0009109836998370894,0.3,0.6,0,1458.1375249712996,1460.273865584415,40.244138444361745,-1.6305215572613179,-1.4659061142940581,1460.7292345709516,0.0009109836998370894,0,RELIANCE,5m,2026-02-10 08:00:00
1454.800048828125,1455.0999755859375,1454.0,1454.800048828125,35702,0.0,-0.004243635299024606,0.0009094725316216552,0.3,0.6,0,1457.8196701005213,1460.0592061037762,43.4211371667202,-1.6964127838657532,-1.5120074482083972,1460.6719576196713,0.0009094725316216552,0,RELIANCE,5m,2026-02-10 08:05:00
1454.800048828125,1454.800048828125,1453.300048828125,1454.0,50988,-0.0005499373118453832,-0.004314215310189606,0.0009107038320984521,0.3,0.6,0,1457.4558919957099,1459.821590178138,42.038315606145424,-1.7925261837754078,-1.5681111953217994,1460.5840543701931,0.0009107038320984521,0,RELIANCE,5m,2026-02-10 08:10:00
1454.199951171875,1454.5,1453.5,1454.5,29752,0.0003438789546079679,-0.0032892816196228303,0.0009118675420333526,0.3,0.55,0,1457.174378472309,1459.6129003672306,43.827234914702515,-1.8075150163679155,-1.6159919595310228,1460.5348512324724,0.0009118675420333526,0,RELIANCE,5m,2026-02-10 08:15:00
1454.5,1456.0,1454.199951171875,1455.800048828125,33327,0.0008938115009453629,-0.002603402864738369,0.0009391407904009032,0.35,0.5,0,1457.0434899347676,1459.463376777462,44.84870903306946,-1.6949523431771922,-1.6317840362602567,1460.490558682285,0.0009391407904009032,0,RELIANCE,5m,2026-02-10 08:20:00
1455.800048828125,1456.0,1454.0,1454.199951171875,135120,-0.00109911911154148,-0.0027431080331510316,0.0009461393808027298,0.3,0.5,0,1456.772676719254,1459.2569679301841,30.065422052018505,-1.715089636267976,-1.6484451562618005,1460.2984275273325,0.0009461393808027298,0,RELIANCE,5m,2026-02-10 08:25:00
1454.199951171875,1454.199951171875,1452.199951171875,1453.4000244140625,164476,-0.0005500803085352057,-0.0031549901138117065,0.0009506396309135289,0.3,0.5,0,1456.451471737807,1459.0272838707283,31.944797653561196,-1.7751333578448794,-1.6737827965784164,1460.023929871218,0.0009506396309135289,0,RELIANCE,5m,2026-02-10 08:30:00
1453.199951171875,1454.9000244140625,1452.9000244140625,1454.5,183046,0.0007568292056283621,-0.0015788363200394118,0.0009580428488174911,0.35,0.45,0,1456.2656172865873,1458.8497433267783,39.310519004924856,-1.7141993794862174,-1.6818661131599768,1459.7772860289185,0.0009580428488174911,0,RELIANCE,5m,2026-02-10 08:35:00
1454.5,1454.9000244140625,1453.199951171875,1454.9000244140625,37733,0.00027502537921098025,-0.0010985070964212307,0.0009607098239363119,0.35,0.45,0,1456.1355608225372,1458.6948523890246,42.06928484236225,-1.6150132679181297,-1.6684955441116074,1459.7309599552145,0.0009607098239363119,0,RELIANCE,5m,2026-02-10 08:40:00
1455.4000244140625,1455.9000244140625,1454.9000244140625,1455.9000244140625,166378,0.0006873324511784684,-0.0004119296848180687,0.0009749507184330828,0.4,0.4,0,1456.113128783635,1458.5852512919673,39.13047324192836,-1.4391265620695322,-1.6226217477031926,1459.5803591919976,0.0009749507184330828,0,RELIANCE,5m,2026-02-10 08:45:00
1455.800048828125,1456.300048828125,1455.0999755859375,1455.5999755859375,46919,-0.0002060916430342008,-0.001303618808962237,0.0009612305392214783,0.4,0.4,0,1456.064257050521,1458.4681816564369,33.07698808417139,-1.3088588037526279,-1.5598691589130798,1459.540847903624,0.0009612305392214783,0,RELIANCE,5m,2026-02-10 08:50:00
1455.5999755859375,1455.800048828125,1454.5999755859375,1454.800048828125,50373,-0.0005495512305779826,-0.003766349254328727,0.0008442141489743766,0.35,0.45,0,1455.9438562674359,1458.3243333102287,41.34652628613684,-1.2556932210366085,-1.4990339713377856,1459.4928731413747,0.0008442141489743766,0,RELIANCE,5m,2026-02-10 08:55:00
1454.9000244140625,1456.0,1454.699951171875,1456.0,48661,0.000824822059114938,-0.0017825144861208786,0.000840349415370405,0.4,0.45,0,1455.9492032895848,1458.2331829843372,52.884491237954386,-1.1040067796022868,-1.4200285329906859,1459.4526214252553,0.000840349415370405,0,RELIANCE,5m,2026-02-10 09:00:00
1455.9000244140625,1456.5,1455.300048828125,1456.0999755859375,55978,6.866455078125e-05,-0.0010290889305187845,0.0008290085350048422,0.45,0.4,0,1455.9635625559042,1458.1495277922431,53.845792692230944,-0.9646075917985399,-1.3289443447522566,1459.4119888240834,0.0008290085350048422,0,RELIANCE,5m,2026-02-10 09:05:00
1456.199951171875,1456.9000244140625,1455.5999755859375,1455.800048828125,157782,-0.0002059795088532601,-0.000960679653210339,0.0008281789624309907,0.5,0.35,0,1455.9479898199254,1458.0573913622777,54.90198425046075,-0.8683248060590358,-1.2368204370136127,1459.306637115713,0.0008281789624309907,0,RELIANCE,5m,2026-02-10 09:10:00
1455.800048828125,1458.0,1455.800048828125,1457.300048828125,71027,0.0010303612788085115,-0.0010966999514446796,0.0008181593256726446,0.5,0.35,0,1456.076757344516,1458.027691655056,60.68380527095549,-0.663336016023095,-1.1221235528155091,1459.27454506658,0.0008181593256726446,0,RELIANCE,5m,2026-02-10 09:15:00
1457.4000244140625,1457.9000244140625,1457.300048828125,1457.9000244140625,51668,0.00041170353793651415,-0.0014383394424229978,0.0008038110750625784,0.45,0.35,0,1456.25040182733,1458.0226850965857,66.95680788051843,-0.4473115780451735,-0.9871611578614421,1459.2585401543386,0.0008038110750625784,0,RELIANCE,5m,2026-02-10 09:20:00
1457.800048828125,1458.0,1457.5999755859375,1457.800048828125,43625,-6.857506294211113e-05,0.0008238866279706158,0.0006037646254139211,0.45,0.3,0,1456.3979872559773,1458.0139542625284,64.86528098537337,-0.2809393548261596,-0.8459167972543856,1459.246128620752,0.0006037646254139211,0,RELIANCE,5m,2026-02-10 09:25:00
1457.800048828125,1463.300048828125,1457.800048828125,1461.199951171875,1118007,0.0023322144531983113,0.003985108327964726,0.0007583792414208821,0.5,0.25,0,1456.8553171527294,1458.138895317797,70.45462952687456,0.12382812218083927,-0.6519678133673408,1459.5183637730152,0.0007583792414208821,0,RELIANCE,5m,2026-02-10 09:30:00
1461.0,1462.5999755859375,1456.0999755859375,1461.5,1512289,0.00020534412684880543,0.004260256279704944,0.000755756328686789,0.5,0.3,0,1457.2976679000885,1458.2707033445502,80.67335508093802,0.46347801071556205,-0.42887864855076024,1459.6252586190137,0.000755756328686789,0,RELIANCE,5m,2026-02-10 09:35:00
1461.5,1462.4000244140625,1456.5,1456.5999755859375,726148,-0.003352736513214216,0.001237233088672518,0.0010955233756090026,0.5,0.25,0,1457.2312210130267,1458.2051846089182,60.0,0.3334185341070679,-0.2764192120191946,1459.5289360908148,0.0010955233756090026,0,RELIANCE,5m,2026-02-10 09:40:00
1456.699951171875,1457.9000244140625,1454.4000244140625,1455.699951171875,476579,-0.0006178940197362204,0.0006185745900098016,0.001106037718627677,0.5,0.3,0,1457.08538579006,1458.1069401604068,53.797360776314974,0.155923623002991,-0.1899506450147575,1459.3412245621716,0.001106037718627677,0,RELIANCE,5m,2026-02-10 09:45:00
1455.5999755859375,1456.5,1455.0,1455.300048828125,538976,-0.0002747148156652113,0.0008941188639099984,0.0011001191187404126,0.5,0.25,0,1456.9153536984472,1457.9968659905135,51.26592547380458,-0.01681729058827841,-0.1553239741294617,1459.1289374468827,0.0011001191187404126,0,RELIANCE,5m,2026-02-10 09:50:00
1455.300048828125,1459.0999755859375,1455.0999755859375,1458.5,414545,0.0021988257160108216,0.0027500859401856648,0.0012002543956599377,0.55,0.25,0,1457.0662723938333,1458.0165967359835,57.22230134347894,0.10330279698223421,-0.10359861990712252,1459.0636059066237,0.0012002543956599377,0,RELIANCE,5m,2026-02-10 09:55:00
1463.4000244140625,1463.4000244140625,1461.199951171875,1461.199951171875,89009,-0.0010938594495754073,0.004813643401898826,0.0013469812176172503,0.55,0.25,0,1457.9540229906152,1458.3216641936888,64.03499378935196,0.7470343991449226,0.16938545508712785,1461.9333089192708,0.0013469812176172503,0,RELIANCE,5m,2026-02-11 03:50:00
1461.4000244140625,1462.9000244140625,1461.4000244140625,1462.0,82203,0.0005475286441689597,0.005917142866021852,0.0013353638214129125,0.55,0.2,0,1458.339354134366,1458.4659126566814,63.39291553133515,0.9651285052218554,0.3285340651140734,1462.0133491316894,0.0013353638214129125,0,RELIANCE,5m,2026-02-11 03:55:00
1462.0,1462.4000244140625,1460.0,1460.5999755859375,78388,-0.0009576090383464075,0.004193864273590586,0.0013590344025951342,0.5,0.25,0,1458.554651415468,1458.5496013990053,59.4936904455318,1.0133184811661522,0.4654909483244892,1461.695102289803,0.0013590344025951342,0,RELIANCE,5m,2026-02-11 04:00:00
1460.5,1461.5999755859375,1459.300048828125,1459.5,91163,-0.000753098455650858,0.003161712494843094,0.0013757927971432976,0.5,0.3,0,1458.644684613995,1458.5868719323776,57.55092075892858,0.9517790311772387,0.5627485648950391,1461.2772904924768,0.0013757927971432976,0,RELIANCE,5m,2026-02-11 04:05:00
1459.5,1460.0999755859375,1459.0,1460.0,56694,0.00034258307639611907,0.002816110665007754,0.0013709727938621082,0.45,0.35,0,1458.773762269805,1458.6422887193432,55.744576961436174,0.9326039175825827,0.6367196354325478,1461.052301704866,0.0013709727938621082,0,RELIANCE,5m,2026-02-11 04:10:00
1460.0999755859375,1460.0999755859375,1455.699951171875,1455.699951171875,82125,-0.0029452389233732834,6.868342100463387e-05,0.0015345804982183208,0.4,0.4,0,1458.4810183557165,1458.526902933168,45.955758606607034,0.5639288774218585,0.62216148383041,1460.3869074257084,0.0015345804982183208,0,RELIANCE,5m,2026-02-11 04:15:00
1455.5,1457.5999755859375,1455.0999755859375,1457.5,57563,0.0012365520976187483,0.0018558915873352344,0.0015525037692187022,0.4,0.4,0,1458.3875880361245,1458.4866322299067,49.48088701161563,0.412248010281246,0.5801787891205773,1459.9953713928362,0.0015525037692187022,0,RELIANCE,5m,2026-02-11 04:20:00
1457.5,1458.199951171875,1457.300048828125,1457.9000244140625,26379,0.00027445928923675034,0.0013049618228451187,0.001543718249125614,0.4,0.4,0,1458.341153405452,1458.4636280018344,43.629551078119476,0.3206225205062765,0.5282675353977171,1459.8926047186596,0.001543718249125614,0,RELIANCE,5m,2026-02-11 04:25:00
1457.800048828125,1457.800048828125,1455.699951171875,1456.5,61065,-0.0009603020718963462,0.000274723178881775,0.0015606898683394321,0.35,0.45,0,1458.1658054620757,1458.3866229821547,40.74082446447785,0.13349949097960234,0.44931392651409413,1459.577210263834,0.0015606898683394321,0,RELIANCE,5m,2026-02-11 04:30:00
1457.0,1459.5999755859375,1456.800048828125,1459.4000244140625,24308,0.0019910912557929983,0.0024728502989372902,0.0016205023490361555,0.35,0.45,0,1458.2833501241696,1458.4263642147785,55.600042968330385,0.2167127459938456,0.4027936904100444,1459.5406040975931,0.0016205023490361555,0,RELIANCE,5m,2026-02-11 04:35:00
1459.300048828125,1459.699951171875,1457.9000244140625,1458.199951171875,37365,-0.0008223058942795625,0.0006175134245509639,0.0016189612612533288,0.35,0.45,0,1458.2754073668082,1458.4174852719195,54.9406542506996,0.18370631683046668,0.3589762156941289,1459.4893895697044,0.0016189612612533288,0,RELIANCE,5m,2026-02-11 04:40:00
1458.199951171875,1461.800048828125,1458.0,1461.5,46013,0.002263097612555054,0.002469288377564993,0.0016930430492520974,0.4,0.45,0,1458.5825114271122,1458.5383682024324,60.9926499233826,0.41900481797051725,0.37098193614940655,1459.5487039438199,0.0016930430492520974,0,RELIANCE,5m,2026-02-11 04:45:00
1461.5999755859375,1462.800048828125,1461.5,1462.699951171875,45515,0.0008210408291995375,0.0033611621481894893,0.0016993729177937889,0.4,0.45,0,1458.974648545661,1458.7015675345674,58.01503955570879,0.694303112426951,0.43564617140491546,1459.7116559059994,0.0016993729177937889,0,RELIANCE,5m,2026-02-11 04:50:00
1462.5,1463.300048828125,1462.0999755859375,1463.199951171875,67996,0.0003418336068168326,0.0013687380692806173,0.0016225781613657068,0.4,0.45,0,1459.377058319586,1458.8779747360304,50.892623594036095,0.9419664130705314,0.5369102197380387,1459.965298740392,0.0016225781613657068,0,RELIANCE,5m,2026-02-11 04:55:00
1463.300048828125,1464.4000244140625,1462.800048828125,1463.5,141950,0.00020506344870008242,0.0013684570646594896,0.0016225769271095633,0.45,0.4,0,1459.7697194320062,1459.0592306287353,55.450264384972286,1.1492054706550334,0.6593692699214376,1460.482863801006,0.0016225769271095633,0,RELIANCE,5m,2026-02-11 05:00:00
1463.5,1464.800048828125,1463.300048828125,1464.5,70295,0.0006832934745473196,0.005423606032180839,0.0014118275114866255,0.5,0.4,0,1460.2202223432437,1459.2725941334909,55.86846388373106,1.378247974794931,0.8031450108961363,1460.729830456385,0.0014118275114866255,0,RELIANCE,5m,2026-02-11 05:05:00
1464.9000244140625,1464.9000244140625,1463.699951171875,1463.9000244140625,50191,-0.00040967947144932015,0.005633079286418985,0.0014056788294175115,0.55,0.35,0,1460.5706796833215,1459.4540619876311,58.04880372518429,1.4941294002451286,0.9413418887659348,1460.885483607315,0.0014056788294175115,0,RELIANCE,5m,2026-02-11 05:10:00
1463.9000244140625,1464.9000244140625,1463.5999755859375,1463.800048828125,50340,-6.829399840846406e-05,0.0058407199304670865,0.0014021306331850904,0.55,0.4,0,1460.8782386494931,1459.624492844121,61.02562818474328,1.5599173147511465,1.0650569739629772,1461.0251563866257,0.0014021306331850904,0,RELIANCE,5m,2026-02-11 05:15:00
1463.800048828125,1464.5,1463.5999755859375,1463.5999755859375,42790,-0.00013668071834516127,0.003496726490186841,0.001330398599596614,0.5,0.4,0,1461.1374516910591,1459.7803941281138,59.374781453248474,1.57772345848025,1.1675902708664319,1461.1275525717276,0.001330398599596614,0,RELIANCE,5m,2026-02-11 05:20:00
1463.5999755859375,1463.5999755859375,1462.699951171875,1463.0999755859375,39445,-0.0003416234000686025,0.0002050360594756384,0.001162268900958874,0.45,0.4,0,1461.3243587286665,1459.9105737931266,74.02563431859795,1.533808346490332,1.240833885991212,1461.191315409746,0.001162268900958874,0,RELIANCE,5m,2026-02-11 05:25:00
1463.300048828125,1463.300048828125,1461.9000244140625,1462.699951171875,53755,-0.0002734088037300575,0.001026553551960463,0.001135392447933886,0.45,0.45,0,1461.4553675327816,1460.019961141313,68.57093033394366,1.450011842852291,1.282669477363428,1461.251194125272,0.001135392447933886,0,RELIANCE,5m,2026-02-11 05:30:00
1463.0,1463.0,1461.4000244140625,1461.4000244140625,47755,-0.0008887173044417329,-0.00041038001774107435,0.001147748842412227,0.45,0.5,0,1461.4500967595702,1460.0740812696563,61.74485097737216,1.2641370990045289,1.2789630016916482,1461.275463040761,0.001147748842412227,0,RELIANCE,5m,2026-02-11 05:35:00
1461.4000244140625,1462.5999755859375,1461.300048828125,1462.5999755859375,28798,0.000821096997282611,0.001369300310441135,0.0011401523116460763,0.45,0.5,0,1461.559609028748,1460.1731359487262,70.74811290202038,1.1998252182588658,1.263135445005092,1461.2941814336039,0.0011401523116460763,0,RELIANCE,5m,2026-02-11 05:40:00
1462.5999755859375,1463.199951171875,1461.800048828125,1462.0,62048,-0.0004102116750666074,0.0017129153819801513,0.0011296690671134665,0.5,0.45,0,1461.60155102601,1460.2447776762272,60.483751882733976,1.0879038949417463,1.228089134992423,1461.339171254701,0.0011296690671134665,0,RELIANCE,5m,2026-02-11 05:45:00
1462.0,1462.0,1459.9000244140625,1461.199951171875,59870,-0.0005472290206053332,0.0008218843642979756,0.0011365407439879616,0.5,0.45,0,1461.5633034208543,1460.2822354603704,62.5,0.9239969243449195,1.1672706928629224,1461.3269068732575,0.0011365407439879616,0,RELIANCE,5m,2026-02-11 05:50:00
1461.199951171875,1461.5,1460.9000244140625,1461.4000244140625,32010,0.000136923931613131,0.003915692404604876,0.00089310515681976,0.5,0.4,0,1461.547753039255,1460.3260703212995,49.438340945562274,0.8010101612958351,1.094018586549505,1461.3256427904364,0.00089310515681976,0,RELIANCE,5m,2026-02-11 05:55:00
1461.4000244140625,1462.9000244140625,1461.0999755859375,1462.800048828125,30882,0.0009580021832993335,0.0036363971376500714,0.0008780662768285705,0.55,0.35,0,1461.6670193048617,1460.4230890862732,50.54998122015346,0.8072075490738371,1.0366563790543715,1461.3443206757852,0.0008780662768285705,0,RELIANCE,5m,2026-02-11 06:00:00
1462.800048828125,1463.300048828125,1461.5,1461.5,46708,-0.0008887399403401108,0.002469288377564993,0.0009095688520724502,0.55,0.35,0,1461.6511127043987,1460.4653208868115,41.41451505511578,0.6991565070654815,0.9691564046565935,1461.36634521312,0.0009095688520724502,0,RELIANCE,5m,2026-02-11 06:05:00
1461.5999755859375,1461.5999755859375,1460.9000244140625,1460.9000244140625,37605,-0.00041052041459976873,0.0030209573731976302,0.00088300320678707,0.55,0.35,0,1461.5795804862714,1460.4823680839586,37.255113153580105,0.5586722364478192,0.8870595710148387,1461.3610032084052,0.00088300320678707,0,RELIANCE,5m,2026-02-11 06:10:00
1461.0,1461.5999755859375,1460.5999755859375,1461.0,36230,6.843424208824445e-05,0.0010963242148633867,0.0007695188081366578,0.5,0.4,0,1461.5243823447217,1460.5026673747836,31.182894495051585,0.45021483770324267,0.7996906243525196,1461.3546419380434,0.0007695188081366578,0,RELIANCE,5m,2026-02-11 06:15:00
1461.0,1461.699951171875,1460.699951171875,1461.699951171875,31788,0.0004790904667180129,0.0024002195290071526,0.0007460898479029367,0.5,0.4,0,1461.541103185403,1460.549619680552,38.297513148496854,0.4159469995463496,0.7229418993912857,1461.3548647923192,0.0007460898479029367,0,RELIANCE,5m,2026-02-11 06:20:00
1461.699951171875,1463.0,1461.5,1461.5999755859375,59424,-6.83967909127503e-05,6.840614843484083e-05,0.000550015795412823,0.5,0.4,0,1461.546710080692,1460.5908101082143,38.297513148496854,0.37638358103458813,0.6536302357199463,1461.377672686885,0.000550015795412823,0,RELIANCE,5m,2026-02-11 06:25:00
1461.699951171875,1464.800048828125,1461.5999755859375,1464.699951171875,75228,0.002120946659632139,0.0013673344272675525,0.0007063018453436358,0.5,0.4,0,1461.8470187560429,1460.7519528950245,54.47147209733925,0.5883888288735761,0.6405819543506722,1461.4724708943302,0.0007063018453436358,0,RELIANCE,5m,2026-02-11 06:30:00
1464.699951171875,1465.199951171875,1464.300048828125,1464.699951171875,89580,0.0,0.0010251503895954972,0.0007034711893888421,0.5,0.4,0,1462.1187266051697,1460.9067763568617,56.779599648269794,0.7477845207260998,0.6620224676257578,1461.6236273883642,0.0007034711893888421,0,RELIANCE,5m,2026-02-11 06:35:00
1464.699951171875,1466.5999755859375,1464.5999755859375,1466.300048828125,105890,0.0010924405745831312,0.0019132550926717062,0.0007406691107929806,0.5,0.4,0,1462.5169477692607,1461.1182772380876,63.84652944711538,0.9917885422401014,0.7279756825486265,1461.8423149671098,0.0007406691107929806,0,RELIANCE,5m,2026-02-11 06:40:00
1466.4000244140625,1466.9000244140625,1464.5999755859375,1465.699951171875,177025,-0.0004092597942212395,0.0008193589428986403,0.0007353322382129122,0.5,0.4,0,1462.8200909504621,1461.297950725687,67.47913420600815,1.1237863125322747,0.8071378085453562,1462.1532325537478,0.0007353322382129122,0,RELIANCE,5m,2026-02-11 06:45:00
1465.699951171875,1466.0,1465.300048828125,1465.699951171875,43993,0.0,0.0012295421325188016,0.0007277782583145717,0.45,0.4,0,1463.0943633525017,1461.470578194165,63.96357757909669,1.2143966874045873,0.8885895843172025,1462.2216433994067,0.0007277782583145717,0,RELIANCE,5m,2026-02-11 06:50:00
1465.699951171875,1465.800048828125,1465.0,1465.300048828125,50671,-0.00027284052471332476,0.0010247301202106485,0.0007311305819129329,0.45,0.4,0,1463.3044286358945,1461.6207535131439,65.13763522745089,1.2396474016929915,0.9588011477923604,1462.290630062256,0.0007311305819129329,0,RELIANCE,5m,2026-02-11 06:55:00
1465.300048828125,1465.5999755859375,1463.800048828125,1464.0999755859375,76979,-0.0008189948830938931,0.0003416234000686025,0.0007558721365385162,0.45,0.45,0,1463.380195012089,1461.7179779081553,62.831772369316525,1.149571350528504,0.9969551883395891,1462.3618795484128,0.0007558721365385162,0,RELIANCE,5m,2026-02-11 07:00:00
1464.0999755859375,1465.199951171875,1464.0,1464.5999755859375,64428,0.00034150673337718374,0.0010252204394982645,0.0007542299631202936,0.45,0.4,0,1463.496364590551,1461.830997424931,63.79277686576587,1.1057844574449973,1.0187210421606707,1462.4206999314597,0.0007542299631202936,0,RELIANCE,5m,2026-02-11 07:05:00
1464.5999755859375,1466.0,1464.199951171875,1464.800048828125,149474,0.00013660606685972354,0.0014357679130072576,0.0007504966980528418,0.5,0.35,0,1463.6205249941295,1461.9474308132915,59.615249184253145,1.0748372134380588,1.0299442764161484,1462.5689304154023,0.0007504966980528418,0,RELIANCE,5m,2026-02-11 07:10:00
1464.800048828125,1465.5,1463.5,1465.5,147003,0.0004778475891198397,0.002805512192037396,0.0007200146685937954,0.5,0.35,0,1463.7995226137364,1462.086747251986,70.4080615829202,1.0941785007794351,1.042791121288806,1462.6900662120388,0.0007200146685937954,0,RELIANCE,5m,2026-02-11 07:15:00
1465.5,1466.0,1463.699951171875,1465.4000244140625,145629,-6.821943769186323e-05,0.0019144324318776107,0.0007030203793108885,0.55,0.3,0,1463.9519513566247,1462.2166796897145,74.19342136350511,1.0888873999517727,1.0520103770213993,1462.8079988912118,0.0007030203793108885,0,RELIANCE,5m,2026-02-11 07:20:00
1465.5,1466.5999755859375,1464.0,1464.4000244140625,168492,-0.0006824075224100001,0.001641603566390204,0.0007158509014816069,0.55,0.3,0,1463.9946249811428,1462.3023010514537,66.66666666666666,0.9925608975945579,1.0401204811360312,1462.9286152114632,0.0007158509014816069,0,RELIANCE,5m,2026-02-11 07:25:00
1464.4000244140625,1464.5999755859375,1461.0999755859375,1462.800048828125,187436,-0.0010925809609827475,0.0010950572883381415,0.0007506324221546934,0.55,0.3,0,1463.8808558237124,1462.3218205721075,54.95535125148463,0.7781468003156533,0.9877257449719556,1462.9231192074317,0.0007506324221546934,0,RELIANCE,5m,2026-02-11 07:30:00
1462.5,1464.5999755859375,1462.5,1464.199951171875,53839,0.000957001843739036,0.0019159208368941805,0.0007772696581348605,0.55,0.3,0,1463.9112458568707,1462.3954727524906,60.483751882733976,0.712963899096394,0.9327733757968433,1462.936867255914,0.0007772696581348605,0,RELIANCE,5m,2026-02-11 07:35:00
1464.0999755859375,1464.9000244140625,1464.0999755859375,1464.300048828125,31511,6.836337903837197e-05,0.0010254306466572771,0.0007503315057348599,0.55,0.3,0,1463.9482747112756,1462.4701620103585,47.872893021323016,0.6617547279945484,0.8785696462363843,1462.9510075272067,0.0007503315057348599,0,RELIANCE,5m,2026-02-11 07:40:00
1464.199951171875,1465.199951171875,1463.300048828125,1463.5,54205,-0.0005463694607982239,0.0013684570646594896,0.0007314181026748552,0.55,0.35,0,1463.9055818816303,1462.510547813874,44.11799904260412,0.550270659184207,0.812909848825949,1462.9677852633433,0.0007314181026748552,0,RELIANCE,5m,2026-02-11 07:45:00
1463.5,1464.699951171875,1463.4000244140625,1463.699951171875,33944,0.00013662533097025253,0.0019165765699371562,0.000722733975441258,0.55,0.3,0,1463.8859980045106,1462.557191082815,35.226799833541406,0.47260522115834647,0.7448489232924285,1462.9773598364372,0.000722733975441258,0,RELIANCE,5m,2026-02-11 07:50:00
1463.9000244140625,1464.9000244140625,1463.800048828125,1464.800048828125,33951,0.0007515868640763923,0.0026009916688056745,0.0007373586245336415,0.6,0.25,0,1463.9730504639024,1462.6451462885134,45.16184075814454,0.49412749475754936,0.6947046375854526,1462.9923142232728,0.0007373586245336415,0,RELIANCE,5m,2026-02-11 07:55:00
1464.800048828125,1465.800048828125,1464.800048828125,1465.800048828125,37154,0.0006826870334966095,0.0028050200405103087,0.0007438068271076874,0.6,0.25,0,1464.147050308114,1462.7688679567334,50.48590864917395,0.5851306721385754,0.6727898444960771,1463.0186253913048,0.0007438068271076874,0,RELIANCE,5m,2026-02-11 08:00:00
1466.0,1467.199951171875,1465.800048828125,1466.699951171875,121355,0.0006139325377083615,0.003489310119817901,0.0007493569544888298,0.6,0.25,0,1464.3901837237104,1462.9230280828176,56.48100006781653,0.7215483835805117,0.6825415523129641,1463.1377169954346,0.0007493569544888298,0,RELIANCE,5m,2026-02-11 08:05:00
1466.5,1466.699951171875,1465.9000244140625,1465.9000244140625,70922,-0.0005453922304785586,0.0008193304309374039,0.0006088385135071361,0.55,0.25,0,1464.5339780751726,1463.0397730369841,58.6541621672379,0.7563937621944206,0.6973119942892554,1463.1959907563753,0.0006088385135071361,0,RELIANCE,5m,2026-02-11 08:10:00
1465.699951171875,1465.800048828125,1464.199951171875,1464.300048828125,187668,-0.0010914629642475582,-0.0002730268021310378,0.0006595255732255932,0.5,0.3,0,1464.5116990992633,1463.089195617029,48.69595677603575,0.6474410204959895,0.6873377995306023,1463.2720788010545,0.0006595255732255932,0,RELIANCE,5m,2026-02-11 08:15:00
1464.4000244140625,1465.199951171875,1464.199951171875,1464.699951171875,41763,0.00027310136612368474,-0.001091248450498794,0.0006108692378053163,0.45,0.3,0,1464.5296278680835,1463.1523625015327,49.57222152664747,0.5866019822508406,0.6671906360746499,1463.2873073830904,0.0006108692378053163,0,RELIANCE,5m,2026-02-11 08:20:00
1464.699951171875,1465.0,1464.0,1464.0,45509,-0.0004778802452440889,-0.0011598220839919016,0.0006131556018001045,0.4,0.35,0,1464.4791871187422,1463.1856031877471,43.58958307249281,0.4764145855017432,0.6290354259600686,1463.2993244902636,0.0006131556018001045,0,RELIANCE,5m,2026-02-11 08:25:00
1464.0999755859375,1465.0,1463.4000244140625,1464.5999755859375,62751,0.0004098193893016244,-0.0007504780122684629,0.0006219748665527408,0.4,0.4,0,1464.4906907822847,1463.2410687719898,46.721032619571744,0.43251750276181156,0.5897318413204172,1463.3154487348497,0.0006219748665527408,0,RELIANCE,5m,2026-02-11 08:30:00
1464.5999755859375,1465.9000244140625,1464.300048828125,1465.800048828125,27502,0.0008193863595467032,0.0003412270411100593,0.0006476314350691316,0.45,0.35,0,1464.6153915485552,1463.3414209310538,55.64535976924365,0.4889285654874129,0.5695711861538164,1463.3291463764779,0.0006476314350691316,0,RELIANCE,5m,2026-02-11 08:35:00
1465.5999755859375,1466.9000244140625,1465.5999755859375,1466.9000244140625,45445,0.0007504267630615846,0.001912471057179177,0.0006359479818852054,0.5,0.3,0,1464.8329756309845,1463.4809740088187,67.22710626468205,0.6153007717375658,0.5787171032705662,1463.3639485214092,0.0006359479818852054,0,RELIANCE,5m,2026-02-11 08:40:00
1466.800048828125,1468.699951171875,1466.800048828125,1467.5,91774,0.0004090091866875145,0.001980079518233202,0.0006374982699777268,0.55,0.3,0,1465.0869779518432,1463.638582871218,64.86528098537337,0.7551596607349893,0.6140056147634508,1463.458218599592,0.0006374982699777268,0,RELIANCE,5m,2026-02-11 08:45:00
1467.5999755859375,1467.699951171875,1466.800048828125,1467.0999755859375,49681,-0.00027258903854343597,0.0015701301755501884,0.0006427758123854358,0.5,0.3,0,1465.2786920122333,1463.7743237619914,62.280617216529066,0.8242191257993454,0.6560483169706298,1463.5020775745834,0.0006427758123854358,0,RELIANCE,5m,2026-02-11 08:50:00
1467.0,1467.800048828125,1466.800048828125,1467.199951171875,53877,6.814503960272944e-05,0.0011599803288127042,0.0006358752072755196,0.55,0.25,0,1465.4616690750563,1463.9086620917908,67.2899648610414,0.8769079941632754,0.700220252409159,1463.5493304059394,0.0006358752072755196,0,RELIANCE,5m,2026-02-11 08:55:00
1466.800048828125,1468.5,1466.5,1468.4000244140625,85432,0.0008179343525938076,0.0020472225672301114,0.0006571241839188824,0.55,0.3,0,1465.741512440676,1464.0847939475664,70.0860764776462,1.0039275314986753,0.7609617082270623,1463.6322819971695,0.0006571241839188824,0,RELIANCE,5m,2026-02-11 09:00:00
1468.4000244140625,1468.5999755859375,1467.800048828125,1467.9000244140625,68115,-0.00034050666826945797,0.0023900573215303034,0.000639851323834989,0.55,0.3,0,1465.94708500957,1464.2344108286056,63.964191841986604,1.052117453553592,0.8191928572923683,1463.7007315786275,0.000639851323834989,0,RELIANCE,5m,2026-02-11 09:05:00
1467.9000244140625,1468.5999755859375,1467.0,1467.800048828125,115501,-6.810789854538868e-05,0.003418102155523961,0.000575474038615481,0.55,0.3,0,1466.1235577541943,1464.3742397697633,59.80420316913208,1.0699078875836676,0.8693358633506283,1463.8045310378473,0.000575474038615481,0,RELIANCE,5m,2026-02-11 09:10:00
1467.800048828125,1469.0999755859375,1467.0,1467.199951171875,324873,-0.00040884155626585983,0.0020489004917660925,0.000558041316956423,0.6,0.3,0,1466.2260714130211,1464.485051981611,52.52527743526511,1.0237825412389157,0.9002251989282858,1464.0679595746803,0.000558041316956423,0,RELIANCE,5m,2026-02-11 09:15:00
1467.199951171875,1467.4000244140625,1466.9000244140625,1467.0,75408,-0.00013628079234551116,0.001843851042712119,0.0005605704989945343,0.55,0.35,0,1466.2997788974953,1464.5836773940969,55.913893811117674,0.9600268910328396,0.9121855373491966,1464.1140410277162,0.0005605704989945343,0,RELIANCE,5m,2026-02-11 09:20:00
1467.0,1468.0,1466.5999755859375,1466.5999755859375,54922,-0.0002726819455095564,0.002118193089127196,0.0005473445732540971,0.55,0.35,0,1466.3283690582994,1464.662747911424,64.19712154321454,0.867224626176494,0.903193355114656,1464.1463663499326,0.0005473445732540971,0,RELIANCE,5m,2026-02-11 09:25:00
1466.699951171875,1468.9000244140625,1466.699951171875,1468.300048828125,344332,0.001159193556858229,0.0031427873264373574,0.0005959619995654345,0.6,0.35,0,1466.516148083997,1464.8053871630595,69.1491572085292,0.9202517755813915,0.9066050392080032,1464.3917442899703,0.0005959619995654345,0,RELIANCE,5m,2026-02-11 09:30:00
1468.4000244140625,1469.5,1468.0999755859375,1469.0,294483,0.0004767085395342985,0.002867252206357529,0.0005845910022249687,0.6,0.35,0,1466.7527054093307,1464.969881784116,76.59533023400775,1.0071466240046902,0.9267133561673406,1464.6247574587205,0.0005845910022249687,0,RELIANCE,5m,2026-02-11 09:35:00
1469.0,1469.0999755859375,1468.5999755859375,1468.800048828125,227955,-0.0001361137997787365,0.0020466638696037265,0.0005733946610673653,0.55,0.35,0,1466.9476904968349,1465.120084413293,73.33342375456061,1.0477986582152425,0.9509304165769211,1464.7878214702473,0.0005733946610673653,0,RELIANCE,5m,2026-02-11 09:40:00
1468.800048828125,1469.0,1468.5,1469.0,405373,0.00013613232926745766,0.0015681795218491779,0.0005607746255290243,0.5,0.4,0,1467.1431485447554,1465.2722379657127,69.99969482421875,1.083658337951647,0.9774760008518663,1465.0485955677857,0.0005607746255290243,0,RELIANCE,5m,2026-02-11 09:45:00
1469.199951171875,1469.199951171875,1468.800048828125,1469.0999755859375,267727,6.805689988942376e-05,0.0021829259284951164,0.0005412921673941213,0.55,0.4,0,1467.329513024868,1465.4223453233685,65.71393694196428,1.1073794062763227,1.0034566819367576,1465.2113080806148,0.0005412921673941213,0,RELIANCE,5m,2026-02-11 09:50:00
1468.9000244140625,1469.9000244140625,1468.0,1468.0,219256,-0.0007487411368982677,0.0025267711865721854,0.0005055254908239141,0.6,0.4,0,1467.3933689272615,1465.5234298204914,53.33333333333333,1.0255972403444957,1.0078847936183053,1465.3220418017127,0.0005055254908239141,0,RELIANCE,5m,2026-02-11 09:55:00
1465.199951171875,1467.300048828125,1465.0999755859375,1465.199951171875,104041,-6.831205412849428e-05,0.0008196387786032489,0.0006579522632681032,0.65,0.45,0,1467.0040952095892,1465.5023278753124,39.7959692085399,0.489996284856943,0.8605582378014625,1465.8666585286455,0.0006579522632681032,0,RELIANCE,5m,2026-02-12 03:50:00
1465.5,1466.699951171875,1465.199951171875,1466.5999755859375,69900,0.0009555176499580487,0.0013655605853741815,0.000684811173226922,0.65,0.4,0,1466.9656076263843,1465.5453728835723,40.999755859375,0.40456808391218146,0.7693602070236063,1465.9872035675346,0.000684811173226922,0,RELIANCE,5m,2026-02-12 03:55:00
1466.800048828125,1466.800048828125,1464.5999755859375,1465.699951171875,71839,-0.0006136809143904021,-6.82887521595843e-05,0.0006770327096766393,0.65,0.45,0,1466.845068916431,1465.5514347772312,39.4227496273343,0.2612298753961113,0.6677341406981073,1465.9032545004202,0.0006770327096766393,0,RELIANCE,5m,2026-02-12 04:00:00
1465.5999755859375,1465.800048828125,1463.4000244140625,1464.4000244140625,55456,-0.0008868982746251808,-0.0017042742916297815,0.0006800940640979373,0.6,0.5,0,1466.6122075352532,1465.506281429656,35.3446915087291,0.042253020517819095,0.5426379166620496,1465.651065044201,0.0006800940640979373,0,RELIANCE,5m,2026-02-12 04:05:00
1464.300048828125,1464.699951171875,1463.5999755859375,1464.5,30123,6.827068032699835e-05,-0.002044293015332155,0.0006712764560644654,0.55,0.5,0,1466.411044912848,1465.4668194128067,37.83789728362477,-0.12181629790757142,0.4097470737481254,1465.5252107057001,0.0006712764560644654,0,RELIANCE,5m,2026-02-12 04:10:00
1464.4000244140625,1464.9000244140625,1463.199951171875,1464.0,45408,-0.00034141345169003134,-0.0021129954587446598,0.000672371964444231,0.6,0.55,0,1466.1814215878148,1465.4092970828929,36.84199254722234,-0.28885845567219803,0.27002596786406075,1465.345408501007,0.000672371964444231,0,RELIANCE,5m,2026-02-12 04:15:00
1464.4000244140625,1465.0,1463.800048828125,1465.0,40744,0.000683060109289535,-0.001499421513828314,0.0006944295710621397,0.6,0.55,0,1466.068905246118,1465.393246216897,43.33336724209841,-0.3366680270755751,0.1486871688761336,1465.272667277868,0.0006944295710621397,0,RELIANCE,5m,2026-02-12 04:20:00
1465.0,1465.4000244140625,1464.0999755859375,1464.0999755859375,31014,-0.0006143511358788212,-0.0029283905997214976,0.0006709772144803706,0.6,0.5,0,1465.8813881356245,1465.3425297215654,31.249386914298796,-0.44208581517068524,0.030532572066769834,1465.221544251619,0.0006709772144803706,0,RELIANCE,5m,2026-02-12 04:25:00
1464.0,1464.4000244140625,1463.199951171875,1463.4000244140625,64068,-0.00047807607646110917,-0.0030656038729860446,0.0006737710338269033,0.55,0.55,0,1465.64506778119,1465.26635304284,24.999727517466127,-0.5754766450224906,-0.09066927135108227,1465.0272031328118,0.0006737710338269033,0,RELIANCE,5m,2026-02-12 04:30:00
1463.0999755859375,1463.9000244140625,1461.800048828125,1463.5999755859375,90630,0.0001366346648483674,-0.0028614750664034405,0.0006766824763933348,0.55,0.55,0,1465.4502970959277,1465.201004907275,26.785033079379616,-0.6574764707108898,-0.20403071122304378,1464.737656903923,0.0006766824763933348,0,RELIANCE,5m,2026-02-12 04:35:00
1463.5999755859375,1464.9000244140625,1463.300048828125,1464.4000244140625,44818,0.0005466308017698651,-0.001908347090371798,0.0006905167534061058,0.55,0.55,0,1465.3502711262263,1465.1695939075414,30.508457042362807,-0.6504071800952715,-0.2933060049974894,1464.7004752314656,0.0006905167534061058,0,RELIANCE,5m,2026-02-12 04:40:00
1464.4000244140625,1464.4000244140625,1462.699951171875,1464.0,40430,-0.0002731660798916957,-0.002044989775051076,0.0006916220663703007,0.55,0.55,0,1465.2216738761094,1465.1237274797948,28.925678197794667,-0.6693672939245516,-0.36851826278290184,1464.6417225133,0.0006916220663703007,0,RELIANCE,5m,2026-02-12 04:45:00
1463.9000244140625,1465.699951171875,1463.9000244140625,1465.5,50063,0.0010245901639345245,-0.0007500174582356633,0.0007342996512343457,0.55,0.5,0,1465.2481811260036,1465.138483264901,40.0,-0.5569358469940653,-0.40620177962513454,1464.6682680820477,0.0007342996512343457,0,RELIANCE,5m,2026-02-12 04:50:00
1465.300048828125,1465.5,1464.5999755859375,1465.300048828125,45809,-0.00013643887538383748,-0.0020431791188689763,0.0006781992703173858,0.5,0.5,0,1465.253120907158,1465.1448191693412,50.0,-0.4784522045970334,-0.42065186461951437,1464.6954303655011,0.0006781992703173858,0,RELIANCE,5m,2026-02-12 04:55:00
1465.800048828125,1466.800048828125,1465.5,1466.5,47588,0.0008189115757109011,-0.0017018379850238796,0.0006976078421871147,0.5,0.5,0,1465.3718712969526,1465.1979635156415,55.8561530847905,-0.3157871239986889,-0.3996789164953493,1464.7853089343298,0.0006976078421871147,0,RELIANCE,5m,2026-02-12 05:00:00
1466.300048828125,1466.5,1463.0,1463.300048828125,54724,-0.0021820328481929607,-0.0037445532524240654,0.0008408144724241867,0.5,0.55,0,1465.17455487135,1465.12353548868,37.209368346344924,-0.44001101901812945,-0.40774533699990534,1464.7532995408615,0.0008408144724241867,0,RELIANCE,5m,2026-02-12 05:05:00
1463.5,1463.800048828125,1463.0,1463.4000244140625,35396,6.832200000106425e-05,-0.0038121004669418035,0.0008395777413696626,0.5,0.5,0,1465.005551970656,1465.0559468190872,40.49595948386316,-0.5243478014913308,-0.4310658298981905,1464.701349565873,0.0008395777413696626,0,RELIANCE,5m,2026-02-12 05:10:00
1463.300048828125,1463.5,1460.800048828125,1461.5,54032,-0.00129836297824526,-0.005173218781728162,0.0008723761083345593,0.45,0.55,0,1464.6716898782124,1464.916497924221,38.58242740563453,-0.7360170538215698,-0.4920560746828664,1464.5481243036263,0.0008723761083345593,0,RELIANCE,5m,2026-02-12 05:15:00
1461.4000244140625,1462.5999755859375,1460.800048828125,1462.0999755859375,46385,0.0004105204145996577,-0.004019090200315101,0.0008766212703456747,0.4,0.5,0,1464.4267647075196,1464.8060460678178,40.90888073021187,-0.8456058280930847,-0.56276602536491,1464.424965848636,0.0008766212703456747,0,RELIANCE,5m,2026-02-12 05:20:00
1462.5,1463.199951171875,1462.0999755859375,1462.0999755859375,38744,0.0,-0.0021839030475340193,0.0007876778678502502,0.4,0.45,0,1464.2051657435593,1464.6999256567638,42.51948825898479,-0.9218294452218743,-0.6345787093363029,1464.3534687258143,0.0007876778678502502,0,RELIANCE,5m,2026-02-12 05:25:00
1462.199951171875,1463.0,1462.0999755859375,1462.800048828125,18973,0.0004788135242987934,-0.0016379350421289463,0.0007985911602258646,0.4,0.4,0,1464.0713450849464,1464.6254206830918,41.12915928332349,-0.9151973259863553,-0.6907024326663135,1464.32325540643,0.0007985911602258646,0,RELIANCE,5m,2026-02-12 05:30:00
1462.9000244140625,1463.0,1461.300048828125,1462.4000244140625,45823,-0.00027346486239387957,-0.002863733289097503,0.0007609809103066735,0.4,0.45,0,1463.9121716877194,1464.5381502411692,42.85728940133765,-0.9314824014850274,-0.7388584264300563,1464.2382068273525,0.0007609809103066735,0,RELIANCE,5m,2026-02-12 05:35:00
1462.4000244140625,1462.4000244140625,1461.4000244140625,1462.199951171875,25821,-0.00013681156923373017,-0.0023879375838156136,0.0007528883391640235,0.35,0.4,0,1463.7491030671627,1464.4464561600205,44.7365321397595,-0.949586438344113,-0.7810040288128677,1464.1880320718212,0.0007528883391640235,0,RELIANCE,5m,2026-02-12 05:40:00
1461.5999755859375,1461.5999755859375,1459.699951171875,1459.699951171875,88270,-0.0017097524849432055,-0.0032095555612053905,0.0008168139137940518,0.35,0.4,0,1463.3634695533258,1464.2603187095049,35.76641035008153,-1.1523792143634637,-0.855279065922987,1463.9136524865123,0.0008168139137940518,0,RELIANCE,5m,2026-02-12 05:45:00
1459.699951171875,1459.699951171875,1456.0,1457.5,99862,-0.0015071256048949655,-0.004779788323659995,0.0008679613739191554,0.35,0.45,0,1462.8050438815806,1463.9952081718773,27.15220009862651,-1.473624597156686,-0.9789481721697268,1463.45305650153,0.0008679613739191554,0,RELIANCE,5m,2026-02-12 05:50:00
1457.5,1457.5999755859375,1456.199951171875,1457.4000244140625,51073,-6.859388400515254e-05,-0.004508180045039278,0.0008684137390980327,0.3,0.4,0,1462.2902801227694,1463.7365735147082,27.70267483771991,-1.7164943928423781,-1.126457416304257,1463.2185741529302,0.0008684137390980327,0,RELIANCE,5m,2026-02-12 05:55:00
1457.5,1457.5,1456.4000244140625,1456.5999755859375,61490,-0.0005489562335135867,-0.005733805060793462,0.0008439216063488027,0.25,0.4,0,1461.748346357357,1463.4567069292661,18.439575090687157,-1.951037365576667,-1.2913734061587392,1462.9482664278964,0.0008439216063488027,0,RELIANCE,5m,2026-02-12 06:00:00
1456.5999755859375,1457.4000244140625,1456.4000244140625,1457.4000244140625,59686,0.0005492577519803366,-0.004576156876987647,0.0008601301655897826,0.2,0.4,0,1461.3342204579956,1463.2191899678858,23.12930254187323,-2.048740501907332,-1.4428468253084579,1462.716124261021,0.0008601301655897826,0,RELIANCE,5m,2026-02-12 06:05:00
1457.300048828125,1458.699951171875,1456.800048828125,1458.199951171875,87321,0.0005488724745521534,-0.003553418857068502,0.0008750000691164124,0.25,0.35,0,1461.0357186212223,1463.0223570739245,20.97894934526147,-2.0381292519489307,-1.5619033106365525,1462.4532033124196,0.0008750000691164124,0,RELIANCE,5m,2026-02-12 06:10:00
1458.199951171875,1459.5999755859375,1457.699951171875,1458.300048828125,142327,6.864467123968154e-05,-0.0036211579982370345,0.0008738462512575249,0.3,0.3,0,1460.7751786409274,1462.8371685152656,27.678960676606508,-1.9986040521730501,-1.649243458943852,1462.1329105602128,0.0008738462512575249,0,RELIANCE,5m,2026-02-12 06:15:00
1458.0999755859375,1458.5999755859375,1457.199951171875,1458.300048828125,161129,0.0,-0.004165511802950328,0.0008583001724969219,0.25,0.35,0,1460.5394519920892,1462.6592422530248,27.027591743371488,-1.9448609007567939,-1.7083669473064405,1461.785792009082,0.0008583001724969219,0,RELIANCE,5m,2026-02-12 06:20:00
1457.9000244140625,1459.9000244140625,1457.9000244140625,1459.5,166157,0.0008228424409910673,-0.0030737704918032405,0.0008884040875240543,0.3,0.3,0,1460.4404565642712,1462.535350399965,40.38475081574685,-1.7848681855007271,-1.723667194945298,1461.5701180692909,0.0008884040875240543,0,RELIANCE,5m,2026-02-12 06:25:00
1459.5,1459.699951171875,1456.5999755859375,1457.199951171875,215515,-0.00157591560680026,-0.005663629360713074,0.0008971596724640755,0.25,0.35,0,1460.1318370030908,1462.326119057687,29.75233291298865,-1.822657067979435,-1.7434651695521255,1461.2176182294033,0.0008971596724640755,0,RELIANCE,5m,2026-02-12 06:30:00
1457.199951171875,1457.699951171875,1457.0,1457.0,42319,-0.00013721601604099742,-0.0056644022053796705,0.0008971529817533345,0.25,0.35,0,1459.8335668123204,1462.1172516436602,29.268679971815047,-1.8474432424015959,-1.7642607841220197,1461.1451587384659,0.0008971529817533345,0,RELIANCE,5m,2026-02-12 06:35:00
1457.0,1457.5,1456.9000244140625,1457.199951171875,36877,0.00013723484686001264,-0.006341663026338207,0.0008654514731885025,0.2,0.4,0,1459.5827462751352,1461.9244163310411,26.270870833591943,-1.8298586047492336,-1.7773803482474626,1461.0836126965537,0.0008654514731885025,0,RELIANCE,5m,2026-02-12 06:40:00
1457.0,1457.4000244140625,1456.5,1457.199951171875,45221,0.0,-0.00416872647625155,0.0007475641679213728,0.2,0.4,0,1459.3558134081582,1461.7391431875444,27.192710062212896,-1.7952283774745865,-1.7809499540928875,1461.0075843557734,0.0007475641679213728,0,RELIANCE,5m,2026-02-12 06:45:00
1457.0999755859375,1457.5,1456.5,1456.800048828125,47598,-0.00027443203208210587,-0.004510028342100125,0.0007448057376968437,0.25,0.4,0,1459.1124072576788,1461.5454532126653,26.724264938016958,-1.7795390316473458,-1.7806677696037791,1460.928646154995,0.0007448057376968437,0,RELIANCE,5m,2026-02-12 06:50:00
1456.699951171875,1456.800048828125,1456.0999755859375,1456.199951171875,29574,-0.0004119286354586915,-0.0036264446309441922,0.0007028065002168732,0.25,0.4,0,1458.8350304876024,1461.335825681654,31.958672069668523,-1.7948382001541177,-1.783501855713847,1460.874381165315,0.0007028065002168732,0,RELIANCE,5m,2026-02-12 06:55:00
1456.199951171875,1456.699951171875,1456.0,1456.5999755859375,47784,0.0002747043177282471,-0.0037617126679698742,0.0006974216229222113,0.25,0.45,0,1458.6221681160152,1461.150106070057,44.30366055286864,-1.7544599521340842,-1.7776934749978945,1460.7906362890842,0.0006974216229222113,0,RELIANCE,5m,2026-02-12 07:00:00
1454.800048828125,1455.5,1454.199951171875,1455.0,90907,-0.0010984316989940401,-0.004856012382526864,0.0007245446988470391,0.2,0.5,0,1458.2771997240138,1460.9089254398586,37.23394584767223,-1.830464107097896,-1.7882476014178947,1460.5866309568698,0.0007245446988470391,0,RELIANCE,5m,2026-02-12 07:05:00
1454.800048828125,1456.0,1453.4000244140625,1456.0,113192,0.0006872852233676952,-0.0046486523114164235,0.0007368719551641873,0.25,0.55,0,1458.060323559822,1460.7164185598642,46.87511920959272,-1.789379452358844,-1.7884739716060847,1460.3611966210237,0.0007368719551641873,0,RELIANCE,5m,2026-02-12 07:10:00
1456.0,1456.699951171875,1454.4000244140625,1455.0,60461,-0.0006868131868131844,-0.005060191664744695,0.0007438395507094793,0.3,0.5,0,1457.7688641731725,1460.4922452830067,37.75488596305477,-1.8165709114396122,-1.7940933595727904,1460.253294230249,0.0007438395507094793,0,RELIANCE,5m,2026-02-12 07:15:00
1455.0,1455.199951171875,1454.800048828125,1454.9000244140625,37533,-6.871174291234183e-05,-0.004992427165629421,0.0007445566461960219,0.3,0.5,0,1457.4956413389714,1460.2729425038324,31.868485653346212,-1.8251483587548591,-1.800304359409204,1460.1833316274372,0.0007445566461960219,0,RELIANCE,5m,2026-02-12 07:20:00
1454.800048828125,1455.199951171875,1454.800048828125,1454.9000244140625,38820,0.0,-0.003288296854404238,0.0006616654612830413,0.3,0.45,0,1457.2484397270755,1460.0622398336452,31.110719275163774,-1.8110691695144396,-1.8024573214302513,1460.1128918041156,0.0006616654612830413,0,RELIANCE,5m,2026-02-12 07:25:00
1454.9000244140625,1455.4000244140625,1454.699951171875,1455.0999755859375,122641,0.0001374329290808607,-0.0016466719822041398,0.0005836092727584855,0.35,0.45,0,1457.043824094586,1459.8676412356958,32.60797452398329,-1.763448979965915,-1.794655653137384,1459.9064336430513,0.0005836092727584855,0,RELIANCE,5m,2026-02-12 07:30:00
1455.0999755859375,1455.0999755859375,1453.0999755859375,1454.4000244140625,166892,-0.00048103304488966714,-0.0020584602372338834,0.0005903497345986953,0.35,0.5,0,1456.7920336488219,1459.6532248897495,20.689219716847433,-1.76187999069748,-1.7881005206494034,1459.6054805374438,0.0005903497345986953,0,RELIANCE,5m,2026-02-12 07:35:00
1454.0,1455.4000244140625,1453.9000244140625,1454.699951171875,230190,0.00020622026456118547,-0.0013044243072283246,0.0005844365169097073,0.4,0.5,0,1456.5927876986366,1459.4589788615976,31.342467750163976,-1.7166465398986475,-1.7738097244992523,1459.2705831145104,0.0005844365169097073,0,RELIANCE,5m,2026-02-12 07:40:00
1454.9000244140625,1458.0999755859375,1454.800048828125,1455.699951171875,400479,0.0006874269839594049,-0.0011665110564760273,0.0005928371349070731,0.45,0.5,0,1456.507755648469,1459.3115660110204,41.332725674663884,-1.5818722232911568,-1.7354222242576332,1458.9465621176366,0.0005928371349070731,0,RELIANCE,5m,2026-02-12 07:45:00
1455.9000244140625,1457.5999755859375,1455.0,1457.0,114856,0.000893074721255882,-0.0008228989247398566,0.0006159339539789019,0.4,0.5,0,1456.5546360629005,1459.2209163635296,48.8374733853797,-1.3545451772858996,-1.6592468148632866,1458.8756734917326,0.0006159339539789019,0,RELIANCE,5m,2026-02-12 07:50:00
1457.0,1458.800048828125,1455.699951171875,1455.9000244140625,196050,-0.0007549592216454792,-0.0016457685892495855,0.0006354422159932063,0.4,0.5,0,1456.4922920963445,1459.0906853066879,43.2992285523716,-1.2487508697238354,-1.5771476258353965,1458.776567563827,0.0006354422159932063,0,RELIANCE,5m,2026-02-12 07:55:00
1456.199951171875,1457.0,1454.4000244140625,1456.0,296037,6.866926592552502e-05,-0.0015772123370449975,0.0006360947028768503,0.4,0.5,0,1456.445407134788,1458.9694819613276,45.74437691548491,-1.1436575521606756,-1.4904496111004524,1458.576396344534,0.0006360947028768503,0,RELIANCE,5m,2026-02-12 08:00:00
1456.0,1457.5999755859375,1455.4000244140625,1457.4000244140625,56750,0.0009615552294386376,-0.0014388321931739778,0.0006471032899321606,0.4,0.5,0,1456.5363230661476,1458.907934606533,55.882810536519976,-0.9366034891054369,-1.3796803867014495,1458.5537873182582,0.0006471032899321606,0,RELIANCE,5m,2026-02-12 08:05:00
1457.5999755859375,1457.699951171875,1454.199951171875,1455.300048828125,173934,-0.0014409054142714428,-0.0013038034637745666,0.0006310927441611181,0.45,0.5,0,1456.4185826625264,1458.7664488897328,44.538022014094764,-0.9312275207569201,-1.2899898135125436,1458.447894893035,0.0006310927441611181,0,RELIANCE,5m,2026-02-12 08:10:00
1455.300048828125,1456.4000244140625,1453.699951171875,1453.800048828125,150822,-0.001030715281847061,-0.0021962602415065424,0.0006670706929083701,0.45,0.55,0,1456.1691984878216,1458.5716881030032,44.91537697591658,-1.0360614199623797,-1.239204134802511,1458.3276258368344,0.0006670706929083701,0,RELIANCE,5m,2026-02-12 08:15:00
1453.5,1455.0,1453.0,1454.199951171875,224080,0.0002750738274306386,-0.0020587428633849214,0.0006704598374086829,0.45,0.55,0,1455.981651124398,1458.4002474390375,41.96385752277979,-1.0744882318620057,-1.20626095421441,1458.1369586734663,0.0006704598374086829,0,RELIANCE,5m,2026-02-12 08:20:00
1454.0999755859375,1454.4000244140625,1453.0,1453.0,91790,-0.0008251624344424169,-0.002882206500554263,0.0006889338157106847,0.45,0.5,0,1455.6976843506457,1458.1884730296636,41.22780716595635,-1.1880724288917008,-1.2026232491498683,1458.0528939191734,0.0006889338157106847,0,RELIANCE,5m,2026-02-12 08:25:00
1452.800048828125,1452.800048828125,1450.199951171875,1451.0,135216,-0.0013764624913971124,-0.003981362324081972,0.00074193956839419,0.4,0.55,0,1455.2502858410603,1457.9065721265397,35.337904195464006,-1.4230677692551126,-1.2467121531709173,1457.879322324151,0.00074193956839419,0,RELIANCE,5m,2026-02-12 08:30:00
1451.0,1451.300048828125,1449.5,1449.800048828125,134512,-0.0008269821997760607,-0.004394933771697862,0.000753911517574885,0.4,0.55,0,1454.7312156493522,1457.5886692520921,32.41343312482637,-1.6866862317492632,-1.3347069688865867,1457.6869365348089,0.000753911517574885,0,RELIANCE,5m,2026-02-12 08:35:00
1449.9000244140625,1450.4000244140625,1449.699951171875,1449.9000244140625,64292,6.89581891091251e-05,-0.004599719404210334,0.0007481887919049922,0.4,0.5,0,1454.271102198372,1457.287153768248,31.944185415642323,-1.866028157255414,-1.4409712065603522,1457.595980466514,0.0007481887919049922,0,RELIANCE,5m,2026-02-12 08:40:00
1449.9000244140625,1451.0999755859375,1449.699951171875,1450.199951171875,70318,0.00020686030261551913,-0.003299002631013792,0.0007250412557283783,0.45,0.45,0,1453.8833735291819,1457.0092242546648,34.999346034790946,-1.9613471534560176,-1.5450463959394853,1457.5031905193507,0.0007250412557283783,0,RELIANCE,5m,2026-02-12 08:45:00
1450.300048828125,1452.199951171875,1450.0,1451.300048828125,181981,0.000758583432140636,-0.0032279884422218297,0.0007296130164338844,0.45,0.4,0,1453.6373426052717,1456.7853350222515,38.5136918508743,-1.9259186661804506,-1.6212208499876786,1457.300381769594,0.0007296130164338844,0,RELIANCE,5m,2026-02-12 08:50:00
1451.199951171875,1451.800048828125,1450.0,1450.699951171875,115534,-0.00041348972373733694,-0.0029553600193299445,0.0007217712072747111,0.4,0.4,0,1453.3575910401862,1456.5466925183152,32.6387711505205,-1.9240845513929798,-1.681793590268739,1457.171589683857,0.0007217712072747111,0,RELIANCE,5m,2026-02-12 08:55:00
1450.800048828125,1452.4000244140625,1449.9000244140625,1451.5999755859375,227787,0.0006204070065181089,-0.0022682306500434457,0.0007419094804291568,0.45,0.45,0,1453.1901990921624,1456.3527036190062,30.714030360895308,-1.828923858042799,-1.7112196438235512,1456.949754150433,0.0007419094804291568,0,RELIANCE,5m,2026-02-12 09:00:00
1452.0,1452.5,1448.5,1449.300048828125,299351,-0.0015844080989902976,-0.0038490449460214515,0.0008105896514192497,0.5,0.5,0,1452.8197085908255,1456.0761289213247,28.289309893428197,-1.916995262929504,-1.7523747676447419,1456.6257453308365,0.0008105896514192497,0,RELIANCE,5m,2026-02-12 09:05:00
1449.5,1450.9000244140625,1449.0999755859375,1449.300048828125,82229,0.0,-0.003985930077056721,0.0008082246359484738,0.45,0.45,0,1452.4845028991397,1455.810400290219,27.814515998641852,-1.964150976012661,-1.7947300093183258,1456.537765067708,0.0008082246359484738,0,RELIANCE,5m,2026-02-12 09:10:00
1449.300048828125,1449.5999755859375,1446.0999755859375,1446.9000244140625,226503,-0.0016559886381036781,-0.005156765590004442,0.0008701090377315636,0.45,0.45,0,1451.9526478053228,1455.4609737852716,17.391007657896736,-2.1701677873734297,-1.8698175649293467,1456.2304764483215,0.0008701090377315636,0,RELIANCE,5m,2026-02-12 09:15:00
1446.9000244140625,1448.199951171875,1445.5,1445.800048828125,113623,-0.0007602291570787401,-0.006118033025697467,0.0008698009621937396,0.4,0.5,0,1451.3666859979708,1455.0821139830305,18.54274119225856,-2.3945930534155195,-1.9747726626265814,1456.0667026792567,0.0008698009621937396,0,RELIANCE,5m,2026-02-12 09:20:00
1445.9000244140625,1447.5999755859375,1445.9000244140625,1447.300048828125,89349,0.0010374878609360483,-0.005770352837470294,0.0008940375661629339,0.35,0.5,0,1450.9793872198902,1454.776934957348,28.476612394703224,-2.4234778851762258,-2.0645137071365105,1455.9473990600231,0.0008940375661629339,0,RELIANCE,5m,2026-02-12 09:25:00
1448.4000244140625,1453.800048828125,1446.0999755859375,1451.0999755859375,1049252,0.0026255279690547972,-0.004049433365863053,0.0010793181641779016,0.4,0.5,0,1450.9908718261804,1454.6327404721947,41.62163232179266,-2.1153624093208236,-2.0746834475733733,1455.2007567316443,0.0010793181641779016,0,RELIANCE,5m,2026-02-12 09:30:00
1450.800048828125,1451.5,1445.699951171875,1449.9000244140625,1183044,-0.0008269252236673408,-0.004121162098623343,0.0010813755980745364,0.35,0.55,0,1450.886981596455,1454.4471437640327,41.62163232179266,-1.9455773019562912,-2.048862218449957,1454.3965266455202,0.0010813755980745364,0,RELIANCE,5m,2026-02-12 09:35:00
1449.9000244140625,1450.699951171875,1447.0999755859375,1447.699951171875,668838,-0.0015173965136503487,-0.005700582986349567,0.0011177261221551314,0.35,0.5,0,1450.5834548893522,1454.182547976105,41.17631699197075,-1.965887379016749,-2.0322672505633155,1453.9916679174328,0.0011177261221551314,0,RELIANCE,5m,2026-02-12 09:40:00
1447.300048828125,1450.199951171875,1445.5999755859375,1449.0999755859375,621120,0.000967068081289435,-0.00569510682659824,0.001118050402334289,0.3,0.55,0,1450.4421711461698,1453.9832314117848,48.14795677812296,-1.8477136983378841,-1.9953565401182292,1453.6505091242725,0.001118050402334289,0,RELIANCE,5m,2026-02-12 09:45:00
1449.0,1449.800048828125,1447.199951171875,1447.199951171875,298384,-0.0013111755200286845,-0.00556592962583391,0.0011113471634316724,0.25,0.5,0,1450.133388291475,1453.7172204219846,43.47810703228661,-1.885639814046499,-1.9734131949038833,1453.4942230800107,0.0011113471634316724,0,RELIANCE,5m,2026-02-12 09:50:00
1447.5,1449.9000244140625,1447.0,1448.9000244140625,239181,0.0011747327940487828,-0.003370494049723227,0.0011417758105931243,0.3,0.5,0,1450.0159250650547,1453.5283107746152,47.05901847606948,-1.758246856161577,-1.9303799271554223,1453.3868282703338,0.0011417758105931243,0,RELIANCE,5m,2026-02-12 09:55:00
1443.5,1446.4000244140625,1443.0,1446.199951171875,86384,0.0018704199320229709,-0.004680006075791443,0.0014667708311140609,0.3,0.5,0,1449.0910360492142,1452.8630792731187,42.10526315789473,-2.0738128245197913,-1.98127319601033,1445.1999918619792,0.0014667708311140609,0,RELIANCE,5m,2026-02-13 03:50:00
1446.4000244140625,1447.5,1443.0,1443.0,49461,-0.002212661651165182,-0.005513439007580945,0.0015122773586107002,0.35,0.45,0,1448.5109373778603,1452.4762918506435,36.03896747294036,-2.3090825707145086,-2.046835070951166,1444.94512567268,0.0015122773586107002,0,RELIANCE,5m,2026-02-13 03:55:00
1443.199951171875,1443.199951171875,1440.0,1440.5,70691,-0.0017325017325017233,-0.0064147113497770025,0.0015429080751531512,0.35,0.45,0,1447.7479909609212,1452.0066333466968,35.8063728578629,-2.666526587582439,-2.1707733742774207,1443.674686316682,0.0015429080751531512,-1,RELIANCE,5m,2026-02-13 04:00:00
1441.199951171875,1441.5999755859375,1437.800048828125,1438.300048828125,129027,-0.0015272135868622527,-0.00800053478902818,0.0015628509649710228,0.35,0.5,0,1446.848186948274,1451.4691202283216,33.43371057527557,-3.091682231744244,-2.354955145770785,1441.9669554246907,0.0015628509649710228,-1,RELIANCE,5m,2026-02-13 04:05:00
1438.300048828125,1440.199951171875,1437.5,1439.800048828125,85659,0.0010428978301308955,-0.007171357532694711,0.001590877705386878,0.3,0.55,0,1446.1769356987359,1451.0115095851766,39.009300796293296,-3.2698904175495045,-2.537942200126529,1441.3974933958234,0.001590877705386878,-1,RELIANCE,5m,2026-02-13 04:10:00
1439.5,1439.5,1436.0,1437.0,75187,-0.001944748390864448,-0.009853268343559818,0.0016057356848759544,0.25,0.6,-1,1445.3029418226658,1450.462038621052,37.05875172334559,-3.5956142255656687,-2.749476605214357,1440.807172035913,0.0016057356848759544,-1,RELIANCE,5m,2026-02-13 04:15:00
1437.0,1437.9000244140625,1435.0,1436.199951171875,82645,-0.000556749358472497,-0.0099951750796482,0.0016056782987605947,0.25,0.65,-1,1444.4359903321144,1449.9027410740255,33.333211141007496,-3.873656839496334,-2.9743126520707523,1440.173403442987,0.0016056782987605947,-1,RELIANCE,5m,2026-02-13 04:20:00
1436.199951171875,1436.199951171875,1433.0,1434.300048828125,82124,-0.0013228675730003747,-0.011917833458787053,0.00159299871907027,0.2,0.65,-1,1443.4706625698298,1449.2908707898728,23.248545070734636,-4.198911418123089,-3.21923240528122,1439.4687178903039,0.00159299871907027,-1,RELIANCE,5m,2026-02-13 04:25:00
1434.5999755859375,1436.5,1434.5999755859375,1436.199951171875,50194,0.001324619869672583,-0.009038913416750671,0.0016305648977565424,0.2,0.6,-1,1442.7782138652626,1448.7775013930886,28.66030582249215,-4.25433050024526,-3.4262520242740284,1439.2075015582602,0.0016305648977565424,-1,RELIANCE,5m,2026-02-13 04:30:00
1436.199951171875,1436.199951171875,1433.0,1433.300048828125,54553,-0.002019149451567559,-0.011039811951250034,0.001663245712473146,0.2,0.65,-1,1441.8755314807731,1448.1705424689724,28.048798642331846,-4.480598851264176,-3.6371213896720582,1438.8484681465798,0.001663245712473146,-1,RELIANCE,5m,2026-02-13 04:35:00
1433.5,1433.5,1432.0,1432.300048828125,116277,-0.0006976906202003086,-0.010090521348805614,0.001643502493667684,0.2,0.65,-1,1440.9635807519494,1447.5481701693313,24.074011280277603,-4.6865857490563485,-3.8470142615489165,1438.0249025253838,0.001643502493667684,-1,RELIANCE,5m,2026-02-13 04:40:00
1432.300048828125,1432.300048828125,1430.0,1431.0,88375,-0.0009076651426415117,-0.01023658066696087,0.0016450343035331206,0.2,0.65,-1,1440.0146682993827,1446.8992223195535,24.528222215397847,-4.898270709409871,-4.057265551121108,1437.3943633489087,0.0016450343035331206,-1,RELIANCE,5m,2026-02-13 04:45:00
1431.5,1431.5,1427.5,1427.5,119835,-0.002445842068483528,-0.013680679997321255,0.001656589188787513,0.2,0.7,-1,1438.822795128013,1446.1384685031005,18.154471042583253,-5.287502279950104,-4.303312896886907,1436.4535161902966,0.001656589188787513,-1,RELIANCE,5m,2026-02-13 04:50:00
1427.800048828125,1429.9000244140625,1427.5,1429.9000244140625,269518,0.0016812780483801415,-0.014609573102166706,0.001568310854391385,0.15,0.7,-1,1437.9730074409702,1445.5016667741188,27.777622639853504,-5.340744414380424,-4.510799200385611,1434.9961613338776,0.001568310854391385,-1,RELIANCE,5m,2026-02-13 04:55:00
1430.199951171875,1432.9000244140625,1429.699951171875,1431.800048828125,82660,0.0013287813005256055,-0.012483602511319414,0.0016343081827059915,0.2,0.65,-1,1437.3851066206992,1444.9643484232956,25.838931672947737,-5.170026254030063,-4.642644611114502,1434.793922751534,0.0016343081827059915,-1,RELIANCE,5m,2026-02-13 05:00:00
1431.9000244140625,1432.199951171875,1431.4000244140625,1431.800048828125,65696,0.0,-0.010982871368393377,0.0016259800988061345,0.2,0.65,-1,1436.8531963547396,1444.4481013803477,28.947344267711756,-4.977355031487377,-4.709586695189077,1434.6635176331088,0.0016259800988061345,-1,RELIANCE,5m,2026-02-13 05:05:00
1431.800048828125,1431.800048828125,1430.0,1430.199951171875,52715,-0.001117542674732852,-0.013042595219436404,0.0015899772060057804,0.2,0.65,-1,1436.2195539563716,1443.8893503917802,29.960956425090473,-4.897322917669271,-4.747133939685115,1434.528543985625,0.0015899772060057804,-1,RELIANCE,5m,2026-02-13 05:10:00
1430.5999755859375,1430.5999755859375,1428.9000244140625,1429.0,29336,-0.0008390093782982833,-0.012575975529253935,0.0015832124525428652,0.2,0.7,-1,1435.531977389098,1443.3054542979849,31.173953010249974,-4.874532347418381,-4.772613621231768,1434.4357854279342,0.0015832124525428652,-1,RELIANCE,5m,2026-02-13 05:15:00
1429.0,1429.5,1428.0,1428.699951171875,39567,-0.00020997118833099293,-0.013941661192501176,0.0015294357875009165,0.15,0.7,-1,1434.881308225553,1442.73268946951,26.382770944148945,-4.8250617804062585,-4.783103253066667,1434.297354228292,0.0015294357875009165,-1,RELIANCE,5m,2026-02-13 05:20:00
1428.699951171875,1430.4000244140625,1428.699951171875,1428.699951171875,50848,0.0,-0.010252891463889857,0.0013588280113367823,0.2,0.65,-1,1434.2926075537741,1442.1823860068578,29.951525587649044,-4.731316330121672,-4.772745868477668,1434.1451594711002,0.0013588280113367823,-1,RELIANCE,5m,2026-02-13 05:25:00
1429.300048828125,1429.300048828125,1426.699951171875,1427.0,87203,-0.001189858773691821,-0.013276138722254194,0.0012435771938230523,0.2,0.7,-1,1433.5980735010337,1441.5869983203145,28.70367230680546,-4.7395595456878254,-4.766108603919699,1433.8256128717667,0.0012435771938230523,-1,RELIANCE,5m,2026-02-13 05:30:00
1427.4000244140625,1427.5,1425.300048828125,1425.800048828125,60025,-0.0008408908001926729,-0.01191957808168742,0.0011905569109537158,0.15,0.75,-1,1432.8554044845662,1440.9679022617972,29.664976753965846,-4.787728431472715,-4.7704325694303025,1433.5752132729256,0.0011905569109537158,-1,RELIANCE,5m,2026-02-13 05:35:00
1425.800048828125,1427.0,1425.5999755859375,1426.9000244140625,56559,0.0007714795541222674,-0.009441149313389463,0.0011966952280062118,0.15,0.7,-1,1432.2882254302326,1440.4162207775723,26.865825736825798,-4.6831592390472,-4.752977903353682,1433.3628711629967,0.0011966952280062118,-1,RELIANCE,5m,2026-02-13 05:40:00
1426.699951171875,1427.0,1424.5,1425.4000244140625,71773,-0.0010512299210422293,-0.008968938313374197,0.0011792425802890528,0.15,0.7,-1,1431.6322062858355,1439.8273503319447,28.877022801600617,-4.667520592684923,-4.735886441219931,1433.0792908677483,0.0011792425802890528,-1,RELIANCE,5m,2026-02-13 05:45:00
1425.300048828125,1425.5,1423.5999755859375,1423.9000244140625,52106,-0.0010523361683093535,-0.011043217026561303,0.0011317763572583702,0.15,0.7,-1,1430.8958080123334,1439.2027493155572,28.125019868139134,-4.721735093766256,-4.733056171729196,1432.8523874724947,0.0011317763572583702,-1,RELIANCE,5m,2026-02-13 05:50:00
1423.9000244140625,1424.0999755859375,1423.0999755859375,1423.5999755859375,50810,-0.00021072324108462048,-0.009324999592249528,0.0010851238382853612,0.15,0.7,-1,1430.200966828867,1438.5908758359642,29.67034441128139,-4.734337414592119,-4.733312420301781,1432.6240907282993,0.0010851238382853612,-1,RELIANCE,5m,2026-02-13 05:55:00
1423.5999755859375,1423.5999755859375,1420.5,1420.9000244140625,66425,-0.0018965659020636627,-0.010653061744869463,0.0011312817712103656,0.15,0.7,-1,1429.3151627893617,1437.897116956674,31.034579524487697,-4.90563918490875,-4.767777773223175,1432.281679764095,0.0011312817712103656,-1,RELIANCE,5m,2026-02-13 06:00:00
1420.800048828125,1422.300048828125,1418.5999755859375,1419.300048828125,123847,-0.0011260296702417794,-0.01045806281067585,0.001124902783578495,0.15,0.7,-1,1428.361342412101,1437.1678201673192,18.072315736063004,-5.111578633637464,-4.836537945306033,1431.6091793402368,0.001124902783578495,-1,RELIANCE,5m,2026-02-13 06:05:00
1419.5,1420.0999755859375,1418.0,1420.0999755859375,113203,0.0005636065175034233,-0.011210121245861737,0.0010706087410870557,0.1,0.75,-1,1427.574545571514,1436.4984929288335,12.257531010041347,-5.150863775081916,-4.89940311126121,1431.0242062939633,0.0010706087410870557,0,RELIANCE,5m,2026-02-13 06:10:00
1420.5,1420.5999755859375,1419.0,1420.300048828125,65514,0.00014088673024925669,-0.00906997806260379,0.0010239119413403826,0.15,0.7,-1,1426.8817363578578,1435.8632598268448,13.37568227409146,-5.1069831711379265,-4.940919123236554,1430.7258708824295,0.0010239119413403826,0,RELIANCE,5m,2026-02-13 06:15:00
1419.9000244140625,1420.9000244140625,1419.9000244140625,1420.199951171875,50447,-7.047641541135796e-05,-0.00844801874170853,0.0010256901383536153,0.2,0.65,-1,1426.2453758639547,1435.2490124286107,14.788611316472668,-5.022389540385348,-4.957213206666314,1430.5143567999482,0.0010256901383536153,0,RELIANCE,5m,2026-02-13 06:20:00
1420.199951171875,1423.199951171875,1419.5,1422.9000244140625,102426,0.0019011923215175308,-0.005660360297650269,0.0011416666458005438,0.25,0.65,0,1425.9267709639648,1434.7647383888245,30.573416786533457,-4.683486812750971,-4.9024679278832455,1430.171188160677,0.0011416666458005438,0,RELIANCE,5m,2026-02-13 06:25:00
1422.9000244140625,1423.800048828125,1422.0999755859375,1422.300048828125,49724,-0.00042165688076689634,-0.0036426978436953084,0.0010234560571261318,0.3,0.6,0,1425.5813688557896,1434.2759270335032,30.00030517578125,-4.412452963906844,-4.804464935087966,1430.0306085988113,0.0010234560571261318,0,RELIANCE,5m,2026-02-13 06:30:00
1422.300048828125,1423.4000244140625,1422.0,1422.4000244140625,93648,7.0291487383356e-05,-0.005245121946951037,0.0009280431058327692,0.3,0.65,0,1425.2783836708631,1433.8102053621526,30.434980400482218,-4.141844882157557,-4.671940924501884,1429.7751966643293,0.0009280431058327692,0,RELIANCE,5m,2026-02-13 06:35:00
1422.4000244140625,1422.4000244140625,1420.300048828125,1421.5999755859375,66269,-0.0005624640146182358,-0.007123950897009568,0.0008504787465056057,0.25,0.7,0,1424.9280590913463,1433.3313728219089,32.236847388751926,-3.9464510507555133,-4.52684294975261,1429.5771102624208,0.0008504787465056057,0,RELIANCE,5m,2026-02-13 06:40:00
1421.5999755859375,1423.9000244140625,1420.0,1423.699951171875,193562,0.001477191630558261,-0.00565728270709287,0.0009423058183340861,0.3,0.75,0,1424.8110964323491,1432.9536700121037,43.47799714918266,-3.580871494502162,-4.337648658702521,1429.1202485785448,0.0009423058183340861,0,RELIANCE,5m,2026-02-13 06:45:00
1423.699951171875,1424.9000244140625,1423.4000244140625,1424.300048828125,54889,0.0004215057082470608,-0.004125229020540577,0.0009333846227366198,0.35,0.7,0,1424.762425231947,1432.6143123186143,41.666862289412116,-3.205770074779366,-4.11127294191789,1429.0313872541894,0.0009333846227366198,0,RELIANCE,5m,2026-02-13 06:50:00
1424.300048828125,1425.800048828125,1424.0,1424.800048828125,80010,0.0003510496263841034,-0.0029390840950839214,0.000928845451898874,0.4,0.65,0,1424.766008431583,1432.307870613105,47.9453200117052,-2.835468163887981,-3.8561119863119084,1428.9245593674432,0.000928845451898874,0,RELIANCE,5m,2026-02-13 06:55:00
1424.5999755859375,1426.4000244140625,1422.699951171875,1426.0,102752,0.0008421891709380347,-0.0018897958032828566,0.0009545176579569316,0.45,0.65,0,1424.883531438099,1432.0605031380815,57.342484229216275,-2.4173099560157425,-3.5683515802526755,1428.8004628301803,0.0009545176579569316,0,RELIANCE,5m,2026-02-13 07:00:00
1426.0,1426.0,1424.9000244140625,1426.0,37569,0.0,-0.0018897958032828566,0.0009545176579569316,0.4,0.65,0,1424.9898617773276,1431.822836348353,58.5714410274743,-2.062145434679678,-3.267110351138076,1428.7639587320743,0.0009545176579569316,0,RELIANCE,5m,2026-02-13 07:05:00
1426.0999755859375,1426.5,1425.0,1425.9000244140625,45890,-7.010910654803304e-05,-0.0007708308240627071,0.0009190460009736339,0.45,0.6,0,1425.0765439332072,1431.5905692136748,71.92954277759931,-1.7683576606059432,-2.9673598130316496,1428.7228092284404,0.0009190460009736339,0,RELIANCE,5m,2026-02-13 07:10:00
1425.9000244140625,1426.800048828125,1424.0,1424.5,68108,-0.0009818531384329088,-0.0009118030464324578,0.0009260400562136944,0.5,0.6,0,1425.0216349871876,1431.3125076758836,73.21366291742959,-1.6297126893268796,-2.699830388290696,1428.6496684613278,0.0009260400562136944,0,RELIANCE,5m,2026-02-13 07:15:00
1424.5999755859375,1424.699951171875,1422.300048828125,1423.4000244140625,75805,-0.0007721836335117249,-0.002452869815765313,0.0009186901560440038,0.5,0.65,0,1424.867195884985,1431.0022142146358,64.34773378622228,-1.590262827638071,-2.477916876160171,1428.5357627379492,0.0009186901560440038,0,RELIANCE,5m,2026-02-13 07:20:00
1423.4000244140625,1423.9000244140625,1422.5999755859375,1423.4000244140625,88457,0.0,-0.001403114891079138,0.000892448229464704,0.5,0.6,0,1424.7274652687065,1430.7040891244174,63.71649868749392,-1.5412321630371935,-2.2905799335355757,1428.4048501144864,0.000892448229464704,0,RELIANCE,5m,2026-02-13 07:25:00
1423.699951171875,1424.4000244140625,1422.5,1423.0,43212,-0.0002810344296763079,-0.0006320839937009604,0.0008639672189601267,0.55,0.6,0,1424.5629447669248,1430.4019679822834,62.069074378078035,-1.5171647048500745,-2.1358968877984754,1428.343249624262,0.0008639672189601267,0,RELIANCE,5m,2026-02-13 07:30:00
1423.0999755859375,1424.4000244140625,1422.5999755859375,1424.4000244140625,44967,0.000983854120915284,0.0005619899141933171,0.0008917529933269699,0.55,0.55,0,1424.5474285428427,1430.1665976462748,57.281518879328736,-1.369335948682874,-1.9825846999753551,1428.2869069203564,0.0008917529933269699,0,RELIANCE,5m,2026-02-13 07:35:00
1424.4000244140625,1425.699951171875,1423.5,1425.0999755859375,90630,0.0004914007019642952,0.0029558386232042544,0.0007723057892502389,0.6,0.5,0,1424.6000520707566,1429.967906585085,63.46115473549539,-1.1820741693290984,-1.8224825938461038,1428.2010641791392,0.0007723057892502389,0,RELIANCE,5m,2026-02-13 07:40:00
1425.0,1425.300048828125,1424.0999755859375,1425.0,28341,-7.015338407845295e-05,0.004016029715901981,0.0007145717394819418,0.6,0.45,0,1424.6381423497323,1429.7730867190035,62.499853281218826,-1.029863429747138,-1.663958761026311,1428.1753255112783,0.0007145717394819418,0,RELIANCE,5m,2026-02-13 07:45:00
1424.699951171875,1424.699951171875,1421.800048828125,1421.800048828125,98614,-0.0022455797697368274,0.0011971503918137838,0.000893232907113125,0.6,0.45,0,1424.3678477286269,1429.4604185664202,50.781540574305964,-1.15414042606767,-1.5619950940345828,1428.0365554465548,0.000893232907113125,0,RELIANCE,5m,2026-02-13 07:50:00
1421.699951171875,1421.699951171875,1419.5999755859375,1420.300048828125,99642,-0.0010550006671025125,0.0,0.0009269388333007938,0.55,0.5,0,1423.9804383095313,1429.1011883806048,36.065918232574894,-1.3580139653377046,-1.5211988682952071,1427.846952877487,0.0009269388333007938,0,RELIANCE,5m,2026-02-13 07:55:00
1420.300048828125,1421.5,1419.199951171875,1419.699951171875,175479,-0.00042251470507592703,-0.00035206310181001843,0.0009316860493453434,0.5,0.55,0,1423.5727728678498,1428.7325124116348,31.14706529787277,-1.550139041727789,-1.5269869029817236,1427.5183060327633,0.0009316860493453434,0,RELIANCE,5m,2026-02-13 08:00:00
1419.9000244140625,1420.5,1419.199951171875,1419.300048828125,64958,-0.0002816808885708344,-0.002530027074403862,0.0008157734644022557,0.45,0.5,0,1423.1658467688285,1428.3626118789482,27.272452129698763,-1.7149000259596505,-1.564569527577309,1427.396395515655,0.0008157734644022557,0,RELIANCE,5m,2026-02-13 08:05:00
1419.300048828125,1420.9000244140625,1419.199951171875,1420.0999755859375,50066,0.0005636065175034233,-0.001546841852392733,0.0008266773185639972,0.45,0.5,0,1422.8738590371245,1428.0385869262814,24.7858521571287,-1.7606314257918712,-1.6037819072202215,1427.3097165871409,0.0008266773185639972,0,RELIANCE,5m,2026-02-13 08:10:00
1420.0999755859375,1420.0999755859375,1418.0999755859375,1418.699951171875,128378,-0.0009858632759182084,-0.0026012887926599726,0.0008501677885271574,0.45,0.5,0,1422.4763440023387,1427.6723659163047,22.136906647781274,-1.88807955355378,-1.6606414364869333,1427.0641747464367,0.0008501677885271574,0,RELIANCE,5m,2026-02-13 08:15:00
1418.4000244140625,1420.699951171875,1417.5,1420.5,126013,0.0012688016424038384,-0.000773758866648877,0.0008983737370302964,0.5,0.5,0,1422.2881207640207,1427.391096664685,31.756583993863458,-1.8228218604849644,-1.6930775212865397,1426.8536644591377,0.0008983737370302964,0,RELIANCE,5m,2026-02-13 08:20:00
1420.699951171875,1421.4000244140625,1418.199951171875,1418.199951171875,1296698,-0.0016191825611580057,-0.003863173553860677,0.0008902221609859048,0.5,0.45,0,1421.8987712790545,1427.0306595865356,29.936087828696714,-1.9344008181819845,-1.7413421806656288,1425.1529788967935,0.0008902221609859048,0,RELIANCE,5m,2026-02-13 08:25:00
1418.0,1418.199951171875,1416.4000244140625,1416.9000244140625,533297,-0.0009166033017687925,-0.005195551611580029,0.0008918786909224355,0.45,0.5,0,1421.4227001490553,1426.6333797758502,29.55962288486934,-2.1034736367366804,-1.8137684718798393,1424.4788683374595,0.0008918786909224355,0,RELIANCE,5m,2026-02-13 08:30:00
1416.800048828125,1421.0,1416.699951171875,1418.0,275040,0.0007763254760280169,-0.0047726337697123755,0.0009120562859379571,0.45,0.5,0,1421.096728706288,1426.2948158630718,34.1174612064942,-2.1242195459938102,-1.8758586867026337,1424.2322325438251,0.0009120562859379571,0,RELIANCE,5m,2026-02-13 08:35:00
1418.0,1421.699951171875,1417.5,1421.5999755859375,72235,0.002538769806726071,-0.003085571117855901,0.0010811166938603412,0.45,0.45,0,1421.1446569805403,1426.110704479655,46.5345637158034,-1.8290882937305923,-1.8665046081082255,1424.1892558485993,0.0010811166938603412,0,RELIANCE,5m,2026-02-13 08:40:00
1421.5999755859375,1423.5,1421.5,1423.0,281760,0.0009848230431246385,-0.0021037868162693263,0.0011105253021539857,0.5,0.45,0,1421.321356315727,1425.988716068688,46.5345637158034,-1.4653329343541373,-1.786270273357408,1424.1275028088212,0.0011105253021539857,0,RELIANCE,5m,2026-02-13 08:45:00
1423.0,1426.800048828125,1422.0,1422.9000244140625,225218,-7.025691211348661e-05,-0.0021039343212247985,0.0011105250602740395,0.5,0.45,0,1421.4717056584254,1425.8675909057615,44.38783772000846,-1.1716157287712576,-1.6633393644401782,1424.1203597613878,0.0011105250602740395,0,RELIANCE,5m,2026-02-13 08:50:00
1422.9000244140625,1424.0,1422.0,1422.5,116968,-0.00028113318377887,-0.0014040014040014315,0.001092299739475038,0.45,0.4,0,1421.569638452861,1425.7355285173003,43.71856213961477,-0.9600544442794217,-1.522682380408027,1424.099707416936,0.001092299739475038,0,RELIANCE,5m,2026-02-13 08:55:00
1423.0,1423.800048828125,1422.0,1422.800048828125,93653,0.00021093063488586417,-0.00042150876468083354,0.0010810852616851148,0.45,0.35,0,1421.6868203933623,1425.6204116667445,52.94117647058823,-0.7594249907183439,-1.3700309024700903,1424.084066644357,0.0010810852616851148,0,RELIANCE,5m,2026-02-13 09:00:00
1422.800048828125,1423.0,1419.9000244140625,1421.300048828125,109518,-0.0010542591710166471,-0.0014753235562167122,0.0011054595232395034,0.45,0.4,0,1421.6499850061966,1425.450985673073,52.94117647058823,-0.713240376210706,-1.2386727972182137,1424.044833743951,0.0011054595232395034,0,RELIANCE,5m,2026-02-13 09:05:00
1421.300048828125,1421.300048828125,1419.0,1419.5,118652,-0.0012664805222578623,-0.002459592410400613,0.0011367281883318018,0.4,0.4,0,1421.445224529416,1425.2176136858939,49.45068212000483,-0.8125213924301988,-1.1534425162606108,1423.980738534797,0.0011367281883318018,0,RELIANCE,5m,2026-02-13 09:10:00
1419.5,1420.0,1419.199951171875,1419.5999755859375,73029,7.043014155505567e-05,-0.003369874154628416,0.0011079220949147795,0.4,0.4,0,1421.269486534799,1424.9973141525622,50.83778309703553,-0.8730709009328166,-1.097368193195052,1423.9391043771998,0.0011079220949147795,0,RELIANCE,5m,2026-02-13 09:15:00
1419.5999755859375,1420.5999755859375,1418.5,1419.699951171875,157162,7.042518149957822e-05,-0.003789224971281202,0.0010986920418225479,0.4,0.45,0,1421.1200069764252,1424.7895744278294,48.837143282967716,-0.9025851881926883,-1.0584115921945794,1423.8521359028157,0.0010986920418225479,0,RELIANCE,5m,2026-02-13 09:20:00
1419.9000244140625,1424.9000244140625,1419.699951171875,1422.800048828125,888228,0.00218362876866407,-0.0015438253837719573,0.0012203895349690071,0.45,0.45,0,1421.2800109623013,1424.7115538160765,60.846735128851,-0.6681218089013328,-0.9803536355359301,1423.7111655184654,0.0012203895349690071,0,RELIANCE,5m,2026-02-13 09:25:00
1422.800048828125,1423.0,1419.699951171875,1420.5999755859375,310735,-0.0015462982616563092,-0.0008440520473864677,0.001163675410952303,0.45,0.4,0,1421.2152456883618,1424.5503154541104,50.25900181522639,-0.6523159235466665,-0.9147460931380774,1423.6214128382142,0.001163675410952303,0,RELIANCE,5m,2026-02-13 09:30:00
1420.699951171875,1421.800048828125,1418.199951171875,1419.0999755859375,232434,-0.0010558918948181395,-0.0008449434633038821,0.0011637162775221248,0.45,0.4,0,1421.013791392893,1424.3365766357506,52.432482365904995,-0.7521567150943156,-0.882228217529325,1423.5231165962145,0.0011637162775221248,0,RELIANCE,5m,2026-02-13 09:35:00
1419.0,1419.800048828125,1418.5,1418.9000244140625,241651,-0.0001408999896518326,-0.0005634477603188026,0.0011605644492240592,0.45,0.35,0,1420.812480252052,1424.12337850941,55.74707805418754,-0.837758491811428,-0.8733342723857456,1423.4099297185974,0.0011605644492240592,0,RELIANCE,5m,2026-02-13 09:40:00
1419.0,1420.800048828125,1418.699951171875,1420.300048828125,242070,0.0009866970117509144,0.0007045726524321783,0.001180431189839762,0.5,0.35,0,1420.7636772592969,1423.9734440121047,56.49724137931034,-0.7835954463307644,-0.8553865071747494,1423.323671064216,0.001180431189839762,0,RELIANCE,5m,2026-02-13 09:45:00
1420.0,1420.4000244140625,1418.699951171875,1419.300048828125,310580,-0.0007040765793292492,-0.0005632890441269467,0.0011846301580195368,0.45,0.35,0,1420.6242840753757,1423.7901736127328,42.38445930105657,-0.8120022289731423,-0.8467096515344281,1423.2046777415487,0.0011846301580195368,0,RELIANCE,5m,2026-02-13 09:50:00
1418.9000244140625,1419.699951171875,1417.5999755859375,1418.800048828125,323367,-0.00035228632621608913,7.055590307691872e-05,0.0011659779233130648,0.45,0.35,0,1420.4505473851614,1423.594482444709,35.21164294065058,-0.8648907084909752,-0.8503458629257376,1423.0644837889554,0.0011659779233130648,0,RELIANCE,5m,2026-02-13 09:55:00
1421.199951171875,1422.699951171875,1420.0999755859375,1421.0,120369,-7.035084628459476e-05,0.0019743681600123963,0.0011247248846627735,0.4,0.35,0,1420.5588360052354,1423.398750464117,45.34164316258757,-0.5938495272396267,-0.7770714667210011,1421.2666422526042,0.0011247248846627735,0,RELIANCE,5m,2026-02-16 03:50:00
1420.5,1421.0,1417.300048828125,1417.300048828125,80340,-0.0026037657789408364,0.0002823236693978437,0.0012600552704961129,0.4,0.35,0,1420.248475321701,1423.1595856940783,35.8974358974359,-0.7888822778793383,-0.7794336289526687,1420.1725636445703,0.0012600552704961129,0,RELIANCE,5m,2026-02-16 03:55:00
1417.5999755859375,1419.300048828125,1417.300048828125,1419.300048828125,82612,0.0014111337974296312,0.0009168186376058429,0.001287932606190568,0.35,0.35,0,1420.1581489889795,1423.0082313071782,45.00000000000001,-0.7731514440172305,-0.7781771919655811,1419.723762247276,0.001287932606190568,0,RELIANCE,5m,2026-02-16 04:00:00
1419.0,1419.300048828125,1413.199951171875,1414.0,93069,-0.003734269460852313,-0.005346071832060262,0.0014073726940234505,0.3,0.4,0,1419.5716586090768,1422.6549673343477,38.29787234042553,-1.1748117918784828,-0.8575041119481615,1418.6793632765496,0.0014073726940234505,0,RELIANCE,5m,2026-02-16 04:05:00
1414.0,1414.0,1410.0999755859375,1410.0999755859375,117990,-0.0027581502221092347,-0.009065372040802933,0.001479174962797465,0.25,0.45,0,1418.669593559254,1422.162614716763,32.60076372058916,-1.7872278377137718,-1.0434488571012834,1416.9420478644975,0.001479174962797465,0,RELIANCE,5m,2026-02-16 04:10:00
1410.0,1412.699951171875,1409.300048828125,1412.5,61254,0.0017020242930401164,-0.007309033829235534,0.0015545523274150665,0.2,0.5,0,1418.0820132202775,1421.7836886494392,37.83796044275086,-2.0552187712182786,-1.2458028399246825,1416.3421076162551,0.0015545523274150665,0,RELIANCE,5m,2026-02-16 04:15:00
1412.5,1412.5999755859375,1411.0,1412.0999755859375,33233,-0.00028320312499996447,-0.007311089219024569,0.0015545464783631256,0.2,0.5,0,1417.5122953503405,1421.4039351959686,30.111406076282535,-2.273672660741113,-1.4513768040879687,1416.091414160326,0.0015545464783631256,0,RELIANCE,5m,2026-02-16 04:20:00
1412.4000244140625,1415.0,1412.4000244140625,1414.800048828125,57420,0.001912097789724232,-0.005622715578755488,0.001632350227697353,0.25,0.5,0,1417.2539861577486,1421.1449592599747,39.4162014782078,-2.203524735369683,-1.6018063903443116,1415.9115256599687,0.001632350227697353,0,RELIANCE,5m,2026-02-16 04:25:00
1414.800048828125,1417.0,1414.199951171875,1416.5999755859375,53079,0.001272212818555829,-0.0033068831919500496,0.0016570255578960032,0.3,0.45,0,1417.1916994366238,1420.966724606091,45.48735666628474,-1.9798702406765187,-1.6774191604107531,1415.9131789196645,0.0016570255578960032,0,RELIANCE,5m,2026-02-16 04:30:00
1416.4000244140625,1416.800048828125,1415.0,1415.5,34883,-0.0007764899088625876,-0.002817893624515677,0.0016434384634062323,0.3,0.4,0,1417.0305852045644,1420.7523432489895,44.05589629990055,-1.869827076582169,-1.7159007436450364,1415.9062191292335,0.0016434384634062323,0,RELIANCE,5m,2026-02-16 04:35:00
1415.5,1418.0,1415.4000244140625,1418.0,52142,0.0017661603673613246,-0.0011270608716917874,0.0016977015757043148,0.35,0.4,0,1417.1229104231772,1420.6444082196174,46.12785755974057,-1.5628721522737123,-1.6852950253707717,1415.9875840140844,0.0016977015757043148,0,RELIANCE,5m,2026-02-16 04:40:00
1418.0,1420.5,1417.5999755859375,1418.4000244140625,132915,0.0002821046643599612,-0.0009156348542095349,0.001699183944345158,0.35,0.35,0,1417.244540327071,1420.5563931684192,48.45356500144723,-1.2726591141320114,-1.60276784312302,1416.3990278323213,0.001699183944345158,0,RELIANCE,5m,2026-02-16 04:45:00
1418.199951171875,1419.0,1416.9000244140625,1417.4000244140625,43392,-0.0007050197284176329,-0.0037953501748261287,0.0016207895706741764,0.3,0.4,0,1417.259348335356,1420.4326140015817,47.63509194458993,-1.1105530687034388,-1.5043248882391038,1416.46067259584,0.0016207895706741764,0,RELIANCE,5m,2026-02-16 04:50:00
1417.199951171875,1418.0,1416.5,1416.800048828125,19589,-0.00042329305460930833,-0.002674874576317765,0.001590456487162099,0.3,0.45,0,1417.2156055251435,1420.2901604653678,42.29404481157873,-1.0187523326310384,-1.4072103771174909,1416.4734225389334,0.001590456487162099,0,RELIANCE,5m,2026-02-16 04:55:00
1416.800048828125,1419.199951171875,1415.5999755859375,1418.4000244140625,38523,0.0011292882063780318,-0.000493235983311191,0.0015987349512337026,0.35,0.45,0,1417.3284073240882,1420.2160374829637,45.57827648487616,-0.8075855857457555,-1.287285418843144,1416.5209680337175,0.0015987349512337026,0,RELIANCE,5m,2026-02-16 05:00:00
1418.699951171875,1418.9000244140625,1418.0,1418.0,14842,-0.0002820251037627397,-0.000634311366957796,0.001599591814911283,0.35,0.45,0,1417.392368531318,1420.1291340522591,51.34089761098536,-0.6648490782167755,-1.1627981507178704,1416.546463579739,0.001599591814911283,0,RELIANCE,5m,2026-02-16 05:05:00
1417.9000244140625,1421.5,1417.800048828125,1421.199951171875,42280,0.00225666514236611,0.0006336001639177802,0.0016659279279863785,0.35,0.5,0,1417.7549954494662,1420.1711268804793,53.47966839860133,-0.2901750933283438,-0.9882735392399651,1416.6884597228309,0.0016659279279863785,0,RELIANCE,5m,2026-02-16 05:10:00
1421.199951171875,1422.800048828125,1420.300048828125,1421.699951171875,65077,0.00035181537938244745,0.0016909055599141354,0.0016580527440293114,0.4,0.5,0,1418.130705518267,1420.2310807742597,67.11100260416666,0.046565779086449766,-0.7813056755746821,1416.9680982609468,0.0016580527440293114,0,RELIANCE,5m,2026-02-16 05:15:00
1421.5,1422.4000244140625,1420.800048828125,1421.0,17380,-0.0004923339635047874,0.0015505716775892076,0.0016602944145423155,0.4,0.45,0,1418.4039716593843,1420.2612344693869,78.23851238101261,0.2540268730610933,-0.5742391658475271,1417.0344784804604,0.0016602944145423155,0,RELIANCE,5m,2026-02-16 05:20:00
1421.300048828125,1421.300048828125,1420.0,1421.0,26134,0.0,-7.035084628459476e-05,0.0016201241415588722,0.35,0.45,0,1418.6512124537285,1420.2902056666658,75.14807431163503,0.41367272306342784,-0.3766567880653361,1417.1166828974133,0.0016201241415588722,0,RELIANCE,5m,2026-02-16 05:25:00
1421.0,1422.0,1419.9000244140625,1421.9000244140625,23959,0.0006333739718948905,0.0006333739718948905,0.0016261981685490848,0.4,0.5,0,1418.9606231166174,1420.3533358136224,78.16121790374632,0.6058339807620996,-0.18015863429984896,1417.198823607548,0.0016261981685490848,0,RELIANCE,5m,2026-02-16 05:30:00
1421.9000244140625,1422.0,1421.0,1421.9000244140625,16868,0.0,0.003245590508333729,0.0015036079494667044,0.4,0.45,0,1419.2405660973263,1420.4139902685415,74.1498575829797,0.7494835817421972,0.00576980890856027,1417.2597690976909,0.0015036079494667044,0,RELIANCE,5m,2026-02-16 05:35:00
1421.9000244140625,1422.800048828125,1421.4000244140625,1422.5,25333,0.00042195342544193437,0.002254598084821424,0.001476418183185143,0.45,0.45,0,1419.5509883737714,1420.495794571736,71.8521398667161,0.9013497422802175,0.1848857955828917,1417.360349947964,0.001476418183185143,0,RELIANCE,5m,2026-02-16 05:40:00
1422.0,1422.9000244140625,1421.300048828125,1422.5,52124,0.0,0.00601131541725608,0.0011681210544161869,0.5,0.45,0,1419.8318466238884,1420.5743908630404,78.22602874581611,1.0100614094565117,0.34992091835761574,1417.5550152574986,0.0011681210544161869,0,RELIANCE,5m,2026-02-16 05:45:00
1422.300048828125,1422.5999755859375,1421.800048828125,1422.5,15505,0.0,0.008793720040247477,0.0009256859797714537,0.5,0.4,0,1420.0859564692323,1420.6499049468428,72.72749691738593,1.0837236967372519,0.496681474033543,1417.6107377796088,0.0009256859797714537,0,RELIANCE,5m,2026-02-16 05:50:00
1422.0999755859375,1422.9000244140625,1420.0999755859375,1421.0,53604,-0.0010544815465729496,0.006017699115044239,0.0009328026023018126,0.55,0.4,0,1420.1730082340673,1420.6636341646138,61.81820199531689,1.0094280677210463,0.5992307927710437,1417.7559766530637,0.0009328026023018126,0,RELIANCE,5m,2026-02-16 05:55:00
1421.0,1421.5,1420.0999755859375,1420.699951171875,17840,-0.000211153292135835,0.00609020305546637,0.0009305663770578582,0.55,0.4,0,1420.2231932757632,1420.665058360977,66.01917584175783,0.9157802687527692,0.6625406879673889,1417.794568384873,0.0009305663770578582,0,RELIANCE,5m,2026-02-16 06:00:00
1420.5999755859375,1421.0,1420.0999755859375,1420.0999755859375,20046,-0.00042230985187452497,0.0037460606268726604,0.0008621393435930646,0.5,0.4,0,1420.2114582576844,1420.642898252152,66.01917584175783,0.7841119434037864,0.6868549390546683,1417.8315623513693,0.0008621393435930646,0,RELIANCE,5m,2026-02-16 06:05:00
1420.0999755859375,1422.0,1419.699951171875,1420.0,45754,-7.040038564631868e-05,0.0024001302221230425,0.0008246755863719109,0.5,0.45,0,1420.1913193760001,1420.6176865559894,59.09084603753694,0.6640419899827066,0.682292349240276,1417.9174192365579,0.0008246755863719109,0,RELIANCE,5m,2026-02-16 06:10:00
1420.0,1420.0,1417.800048828125,1419.199951171875,32844,-0.0005634146676936069,0.0026138828483750487,0.0008137863389816808,0.5,0.5,0,1420.0969033565596,1420.5620890899456,56.52150837247565,0.49858110012996804,0.6455500994182144,1417.9412761089375,0.0008137863389816808,0,RELIANCE,5m,2026-02-16 06:15:00
1419.0,1419.4000244140625,1418.699951171875,1419.0,13927,-0.00014089006394757408,0.0007052186177716191,0.0007182018140881449,0.45,0.5,0,1419.9924363702205,1420.5008306942616,32.25831856664698,0.3473141430858959,0.5859029081517507,1417.951386256283,0.0007182018140881449,0,RELIANCE,5m,2026-02-16 06:20:00
1419.0,1420.9000244140625,1419.0,1420.800048828125,20807,0.001268533353153689,0.0016920645605980056,0.0007681618628714339,0.45,0.5,0,1420.0693518424018,1420.5125647387267,44.000651041666664,0.36843578817979505,0.5424094841573597,1417.982518590108,0.0007681618628714339,0,RELIANCE,5m,2026-02-16 06:25:00
1420.5,1421.699951171875,1420.4000244140625,1420.800048828125,23749,0.0,0.0023987754730483424,0.0007458616281156904,0.5,0.45,0,1420.1389420315184,1420.5238386245853,48.52978135209852,0.3807853871774114,0.51008466476137,1418.028274612958,0.0007458616281156904,0,RELIANCE,5m,2026-02-16 06:30:00
1420.9000244140625,1422.300048828125,1420.9000244140625,1422.300048828125,22247,0.0010557432069608907,0.003881987443852264,0.0007622941841764466,0.55,0.4,0,1420.3447617264333,1420.5934939266851,57.83157337412125,0.5057796839739694,0.50922366860389,1418.0821543342954,0.0007622941841764466,0,RELIANCE,5m,2026-02-16 06:35:00
1422.0,1423.5999755859375,1422.0,1422.5999755859375,42355,0.000210874462150068,0.0029610484345627963,0.0007299652472769521,0.55,0.35,0,1420.559543998767,1420.67217948195,54.545166302038744,0.6218715987943142,0.5317532546419749,1418.2042502925053,0.0007299652472769521,0,RELIANCE,5m,2026-02-16 06:40:00
1422.0999755859375,1423.0,1421.4000244140625,1422.800048828125,27577,0.00014063914355477714,0.0033850837998059546,0.000722941866306894,0.55,0.4,0,1420.7729254110868,1420.7556253386629,55.69633944713135,0.7217002055228932,0.5697426448181585,1418.274757599938,0.000722941866306894,0,RELIANCE,5m,2026-02-16 06:45:00
1422.4000244140625,1423.0,1422.0999755859375,1422.800048828125,22327,0.0,0.0011258779279654796,0.0005304855556487507,0.5,0.35,0,1420.965984784138,1420.835798808838,52.05511521353801,0.7916889976261245,0.6141319153797518,1418.3332611142075,0.0005304855556487507,0,RELIANCE,5m,2026-02-16 06:50:00
1422.199951171875,1423.300048828125,1422.0,1422.800048828125,30047,0.0,0.0007737903172488902,0.0005259879822829895,0.5,0.4,0,1421.140657550232,1420.9128282213592,52.05511521353801,0.8375014245145849,0.6588058172067184,1418.4107416811696,0.0005259879822829895,0,RELIANCE,5m,2026-02-16 06:55:00
1423.4000244140625,1423.4000244140625,1422.0,1422.199951171875,33645,-0.000421772305071455,0.000844441359517889,0.0005224626635961641,0.55,0.4,0,1421.241542657055,1420.9633036311834,48.10099199604437,0.8159791376806425,0.6902404813015032,1418.4910530981406,0.0005224626635961641,0,RELIANCE,5m,2026-02-16 07:00:00
1421.800048828125,1422.300048828125,1420.199951171875,1420.800048828125,36384,-0.0009843217492705447,-0.00014071159174877668,0.0005707872853688486,0.55,0.4,0,1421.1994956257283,1420.9569014820438,48.71826974240195,0.6781449181507924,0.6878213686713611,1418.5448815077004,0.0005707872853688486,0,RELIANCE,5m,2026-02-16 07:05:00
1420.4000244140625,1421.5,1420.0,1420.9000244140625,70609,7.036569714369278e-05,-0.0007032843257823718,0.0005510924905802788,0.5,0.4,0,1421.1709745579506,1420.9546710087895,51.316275558553784,0.5704022582160633,0.6643375465803016,1418.631700379916,0.0005510924905802788,0,RELIANCE,5m,2026-02-16 07:10:00
1420.9000244140625,1421.0,1419.0999755859375,1419.300048828125,75213,-0.0011260296702417794,-0.001828522077006678,0.0006024514776637993,0.5,0.45,0,1420.99279115511,1420.8897838644498,45.34924983321741,0.35185480260020086,0.6018409977842816,1418.677723807201,0.0006024514776637993,0,RELIANCE,5m,2026-02-16 07:15:00
1419.199951171875,1421.5999755859375,1419.0999755859375,1420.9000244140625,23468,0.001127299042410712,-0.0011247631535589164,0.0006526356948428458,0.5,0.45,0,1420.983956227391,1420.8901854546307,54.45557717642224,0.3042518023194134,0.542323158691308,1418.7002549885333,0.0006526356948428458,0,RELIANCE,5m,2026-02-16 07:20:00
1420.9000244140625,1421.9000244140625,1420.699951171875,1421.5,25414,0.0004222503875210837,-0.0007029876977152627,0.0006613169475107047,0.5,0.4,0,1421.0331032533536,1420.9140997505276,61.61652281134401,0.3113500476747504,0.4961285364879965,1418.7348607756583,0.0006613169475107047,0,RELIANCE,5m,2026-02-16 07:25:00
1421.800048828125,1424.0,1421.800048828125,1423.5999755859375,48435,0.0014772955229951368,0.0007732693047013406,0.0007428967837011946,0.55,0.4,0,1421.2775672850285,1421.0194282146613,69.4915429576372,0.4808826222852076,0.4930793536474387,1418.8410304097745,0.0007428967837011946,0,RELIANCE,5m,2026-02-16 07:30:00
1423.0,1423.699951171875,1422.699951171875,1423.5999755859375,30576,0.0,0.0018296802152972802,0.000697228591369157,0.5,0.35,0,1421.4987490279723,1421.1206261507898,63.999804685115784,0.6082271451591623,0.5161089119497835,1418.9084546972945,0.000697228591369157,0,RELIANCE,5m,2026-02-16 07:35:00
1423.5999755859375,1424.5,1423.199951171875,1423.5,33530,-7.022730236871944e-05,0.0019708938722884373,0.0006947150869141273,0.55,0.35,0,1421.6893443586414,1421.2139349291901,63.3662887669511,0.6930918710950209,0.551505503778831,1418.9865813470576,0.0006947150869141273,0,RELIANCE,5m,2026-02-16 07:40:00
1423.5,1424.0999755859375,1423.4000244140625,1423.5999755859375,26552,7.02322345891293e-05,0.002464615210317156,0.0006839205569812458,0.55,0.35,0,1421.8713092374314,1421.3075051510234,57.470990192089126,0.7596581062921359,0.593136024281492,1419.04625461439,0.0006839205569812458,0,RELIANCE,5m,2026-02-16 07:45:00
1423.0999755859375,1424.0,1421.5,1422.0,66848,-0.0011238940807645204,0.0014084507042253502,0.0007380521541028686,0.5,0.35,0,1421.8835655005332,1421.3346618117675,47.00008545026185,0.675520687055041,0.6096129568362019,1419.1529386422521,0.0007380521541028686,0,RELIANCE,5m,2026-02-16 07:50:00
1422.0,1422.0999755859375,1421.0999755859375,1422.0,46517,0.0,0.001972976976086338,0.0007231800432805493,0.5,0.35,0,1421.8946545004824,1421.3607535054236,45.91803687095167,0.6019028151508792,0.6080709284991374,1419.207236116558,0.0007231800432805493,0,RELIANCE,5m,2026-02-16 07:55:00
1421.9000244140625,1422.0,1421.199951171875,1421.699951171875,136179,-0.000211004801775716,0.0019027140041403268,0.0007245717681167813,0.5,0.35,0,1421.8761113263292,1421.3740553746961,44.553893011675406,0.5134301848891027,0.5891427797771305,1419.3480142890928,0.0007245717681167813,0,RELIANCE,5m,2026-02-16 08:00:00
1421.699951171875,1425.0,1421.699951171875,1425.0,54740,0.002321199227308668,0.002956046612849761,0.0008428594209945805,0.5,0.35,0,1422.1736245333457,1421.516249281571,58.208832853551,0.7015147237098063,0.6116171685636657,1419.4517702891296,0.0008428594209945805,0,RELIANCE,5m,2026-02-16 08:05:00
1424.9000244140625,1425.300048828125,1424.300048828125,1425.0999755859375,54635,7.01583059210531e-05,0.0030264123099932316,0.0008423571803310594,0.5,0.35,0,1422.4523246335925,1421.6567875680166,61.24059616749467,0.8488551957527761,0.6590647740014878,1419.5729606102482,0.0008423571803310594,0,RELIANCE,5m,2026-02-16 08:10:00
1425.0,1426.0,1425.0,1425.9000244140625,64078,0.0005613983873629103,0.002531094327743011,0.000821418217634655,0.5,0.35,0,1422.7806769936374,1421.8231890129596,70.73173152310913,1.0184408829788936,0.730939995796969,1419.727046791398,0.000821418217634655,0,RELIANCE,5m,2026-02-16 08:15:00
1425.5,1426.300048828125,1423.4000244140625,1423.800048828125,183652,-0.0014727369029959858,0.0008435774376371885,0.0008952886464680323,0.5,0.4,0,1422.8777600254934,1421.9007129272798,60.13999743907124,0.9721815782752401,0.7791883122926233,1420.0512327115282,0.0008952886464680323,0,RELIANCE,5m,2026-02-16 08:20:00
1423.699951171875,1424.300048828125,1421.199951171875,1424.0999755859375,192691,0.00021065230195715934,0.0009136398040492377,0.000895829116204672,0.5,0.4,0,1422.9941615074406,1421.9869585217368,68.46143011408986,0.9487853221844489,0.8131077142709885,1420.260697991694,0.000895829116204672,0,RELIANCE,5m,2026-02-16 08:25:00
1423.800048828125,1425.9000244140625,1423.800048828125,1424.800048828125,287869,0.000491589954489946,0.0014056788946887888,0.0009012270929675232,0.55,0.4,0,1423.1661507760773,1422.097275788654,66.1158358806735,0.9754888522913916,0.8455839418750692,1420.6740575972872,0.0009012270929675232,0,RELIANCE,5m,2026-02-16 08:30:00
1425.0,1425.5,1423.300048828125,1425.0,89937,0.0001403363033567473,0.001546212465825425,0.000901194613371126,0.5,0.4,0,1423.3408030831176,1422.2111081106677,64.95732737933768,1.001244260219437,0.8767160055439429,1420.781890508058,0.000901194613371126,0,RELIANCE,5m,2026-02-16 08:35:00
1424.9000244140625,1426.0,1424.199951171875,1426.0,73116,0.00070175438596487,0.0026719511732467005,0.0009034400471966716,0.5,0.4,0,1423.5940599323446,1422.3596921063279,61.32089595209305,1.0897848873971725,0.9193297819145889,1420.8827580458483,0.0009034400471966716,0,RELIANCE,5m,2026-02-16 08:40:00
1426.0,1426.0,1424.5999755859375,1425.0,64772,-0.0007012622720897754,0.002956046612849761,0.0008870706403221585,0.5,0.35,0,1423.7279589864072,1422.4632335923543,56.03460069243478,1.0669630438762852,0.9488564343069282,1420.9647075217254,0.0008870706403221585,0,RELIANCE,5m,2026-02-16 08:45:00
1425.0,1426.0,1424.4000244140625,1426.0,42461,0.00070175438596487,0.0035892571597644363,0.0008953598424459284,0.5,0.35,0,1423.9443438448448,1422.601930314223,60.0,1.1166956389085954,0.9824242752272617,1421.0200393534003,0.0008953598424459284,0,RELIANCE,5m,2026-02-16 08:50:00
1426.0,1433.300048828125,1425.5999755859375,1431.699951171875,216235,0.003997160709589664,0.008736632084236362,0.0011874141555272078,0.55,0.3,0,1424.6829731140856,1422.9587154458957,72.37565334682179,1.5976310061184904,1.1054656214055076,1421.5607724932963,0.0011874141555272078,0,RELIANCE,5m,2026-02-16 08:55:00
1431.800048828125,1436.9000244140625,1431.800048828125,1436.5999755859375,242988,0.003422521883898799,0.011049300374492699,0.0013566308624398148,0.55,0.3,0,1425.8179257304525,1423.4936668239366,84.11205357397509,2.3471107370360187,1.35379464453161,1422.4013168415765,0.0013566308624398148,0,RELIANCE,5m,2026-02-16 09:00:00
1436.9000244140625,1439.5999755859375,1434.5999755859375,1435.0999755859375,281079,-0.0010441319960263762,0.009567341249340444,0.0014027654561119191,0.55,0.3,0,1426.701930478594,1423.9488161871523,78.60253628789373,2.7879041360508836,1.6406165428354649,1423.3414939168467,0.0014027654561119191,0,RELIANCE,5m,2026-02-16 09:05:00
1435.199951171875,1438.0999755859375,1434.5999755859375,1436.0,100005,0.0006271510203983421,0.008710329184263177,0.0013836131609823552,0.5,0.3,0,1427.587460909204,1424.4214116307933,80.42563580452128,3.173280921744663,1.9471494186173046,1423.64166331436,0.0013836131609823552,0,RELIANCE,5m,2026-02-16 09:10:00
1436.0,1438.699951171875,1436.0,1438.0,71883,0.0013927576601671099,0.010115218222124245,0.0013955838559374897,0.55,0.3,0,1428.5791312988038,1424.953905292331,79.27934367817356,3.5985957148468515,2.277438677863214,1423.8708783348316,0.0013955838559374897,0,RELIANCE,5m,2026-02-16 09:15:00
1438.4000244140625,1438.4000244140625,1435.5,1436.5,56837,-0.0010431154381085328,0.009132420091324311,0.0014331133126779057,0.5,0.35,0,1429.3334997465367,1425.4066933200827,74.15261908333376,3.7711517981622364,2.5761813019230186,1424.0369924467825,0.0014331133126779057,0,RELIANCE,5m,2026-02-16 09:20:00
1436.5,1436.9000244140625,1434.5999755859375,1435.699951171875,89166,-0.0005569431452314699,0.008499561529535127,0.0014487664830128016,0.5,0.4,0,1429.939828453712,1425.8103504907413,70.76257816904686,3.799547662924624,2.82085457412334,1424.2680861837441,0.0014487664830128016,0,RELIANCE,5m,2026-02-16 09:25:00
1435.5999755859375,1439.0,1435.5999755859375,1438.5,135498,0.001950302238179713,0.011603375527426074,0.0014389141918568261,0.55,0.35,0,1430.7550828866918,1426.30798380483,80.24675233339696,4.001861165333139,3.0570558923653,1424.6596139271091,0.0014389141918568261,0,RELIANCE,5m,2026-02-16 09:30:00
1437.699951171875,1438.9000244140625,1436.9000244140625,1438.699951171875,107998,0.00013899977189790746,0.01174398816587563,0.0014363089481421456,0.55,0.3,0,1431.5117370090902,1426.79394330942,80.16514751799522,4.130714160528669,3.2717875459979737,1424.9662997765367,0.0014363089481421456,0,RELIANCE,5m,2026-02-16 09:35:00
1438.5,1438.9000244140625,1437.0999755859375,1438.199951171875,160908,-0.00034753598176795464,0.01160582441210578,0.0014406090134662017,0.55,0.3,0,1432.1487097864983,1427.2412377353987,77.91646321614584,4.144707656359515,3.446371568070282,1425.3949756897641,0.0014406090134662017,0,RELIANCE,5m,2026-02-16 09:40:00
1438.199951171875,1438.699951171875,1436.0,1436.0,203738,-0.0015296559912149066,0.007719298245614015,0.0014526658348939226,0.5,0.35,0,1432.5154993306414,1427.5847186085202,71.15384615384616,3.9329434054063768,3.543685935537501,1425.852691998487,0.0014526658348939226,0,RELIANCE,5m,2026-02-16 09:45:00
1436.0,1436.9000244140625,1435.199951171875,1435.800048828125,159153,-0.00013924176314417114,0.007508296558484062,0.001455809918222391,0.45,0.4,0,1432.8283135684972,1427.906888421054,69.44457900192793,3.706260854277616,3.5762009192855246,1426.1575397291426,0.001455809918222391,0,RELIANCE,5m,2026-02-16 09:50:00
1436.5,1436.699951171875,1434.0999755859375,1435.800048828125,174503,0.0,0.006943000381903097,0.0014574398720073251,0.4,0.45,0,1433.111335974176,1428.2164241232922,72.31419549448665,3.486423973999763,3.5582455302283726,1426.4574807513866,0.0014574398720073251,0,RELIANCE,5m,2026-02-16 09:55:00
1426.699951171875,1426.699951171875,1424.0,1424.0999755859375,84750,-0.0018923977780944679,0.0,0.0020954340457487665,0.35,0.4,0,1431.7092814438904,1428.0016288408099,36.98637581676122,1.583415229731827,3.003001314364444,1424.9333089192708,0.0020954340457487665,0,RELIANCE,5m,2026-02-17 03:50:00
1423.800048828125,1425.5,1423.4000244140625,1423.699951171875,59371,-0.000280896300063449,-0.0007721066946585475,0.0020930544827898146,0.3,0.45,0,1430.9464880846508,1427.832935598891,23.886667688034663,0.7710659507326909,2.5566142416380933,1424.631217156041,0.0020930544827898146,0,RELIANCE,5m,2026-02-17 03:55:00
1424.0999755859375,1424.0999755859375,1422.0,1423.300048828125,90723,-0.00028088948336402186,-0.0011929481907895223,0.0020933003072772342,0.3,0.45,0,1430.2182557745055,1427.6551753333708,25.000129311905482,0.09392184488433486,2.0640757622873416,1424.0525701574297,0.0020933003072772342,0,RELIANCE,5m,2026-02-17 04:00:00
1423.300048828125,1424.699951171875,1422.0999755859375,1423.5999755859375,48506,0.00021072630332552578,-0.00168304657367635,0.0020867948765879007,0.3,0.45,0,1429.587943375594,1427.496147892295,23.043282116604303,-0.413748717136059,1.5685108664026617,1423.95226518586,0.0020867948765879007,0,RELIANCE,5m,2026-02-17 04:05:00
1423.300048828125,1424.4000244140625,1421.699951171875,1424.4000244140625,72237,0.0005619899141933171,-0.0004210354989034881,0.0020861872484901943,0.3,0.5,0,1429.0938558554483,1427.3747312853056,18.80729064591091,-0.7429596644280991,1.1062167602365096,1423.8603881480858,0.0020861872484901943,0,RELIANCE,5m,2026-02-17 04:10:00
1425.199951171875,1426.800048828125,1424.699951171875,1425.5999755859375,70685,0.0008424256889272286,-0.00028052202949679916,0.0020889803801041407,0.35,0.45,0,1428.7611053535902,1427.3051330225853,24.650962089855625,-0.8966990918784177,0.7056335898135242,1424.1654337258308,0.0020889803801041407,0,RELIANCE,5m,2026-02-17 04:15:00
1425.699951171875,1427.5,1425.300048828125,1425.9000244140625,52264,0.00021047196497159248,-0.004051077010280735,0.0018662158869016752,0.35,0.45,0,1428.4886214545877,1427.250030724212,26.666705419372093,-0.9829958981285927,0.36790769222510084,1424.3912850328654,0.0018662158869016752,0,RELIANCE,5m,2026-02-17 04:20:00
1426.0,1426.5999755859375,1423.699951171875,1424.5999755859375,98671,-0.0009117391162534183,-0.00835305596821112,0.0016639510975892226,0.3,0.5,0,1428.118274229002,1427.146106993299,14.358688643633826,-1.1431127223843305,0.06570360930321459,1424.4896384299,0.0016639510975892226,0,RELIANCE,5m,2026-02-17 04:25:00
1424.5,1424.5999755859375,1423.300048828125,1423.300048828125,33729,-0.000912485455629608,-0.008222372628077457,0.0016616025865820669,0.25,0.55,0,1427.6593956193947,1426.9952811829003,12.62133045735213,-1.359231312126667,-0.21928337498276176,1424.4478851347264,0.0016616025865820669,0,RELIANCE,5m,2026-02-17 04:30:00
1423.5999755859375,1424.5,1423.4000244140625,1424.300048828125,29565,0.0007025925424672952,-0.008147598309105164,0.0016641680275204297,0.25,0.55,0,1427.33945782975,1426.8895857964385,17.06161411628581,-1.4332930982541257,-0.46208531963703453,1424.4302895303379,0.0016641680275204297,0,RELIANCE,5m,2026-02-17 04:35:00
1424.199951171875,1424.300048828125,1423.4000244140625,1424.0,27569,-0.00021066405802050436,-0.009735744089012566,0.0016106299891325442,0.2,0.55,0,1427.0214142269167,1426.776268706382,18.749920526938183,-1.4989204087369217,-0.669452337457012,1424.4084072740015,0.0016106299891325442,0,RELIANCE,5m,2026-02-17 04:40:00
1424.0,1424.0999755859375,1421.5,1423.4000244140625,58588,-0.00042133116989995223,-0.009119370404411797,0.0016053395017335446,0.2,0.55,0,1426.6765199590259,1426.6438669694285,18.367245255756302,-1.581117403477947,-0.851785350661199,1424.29485211412,0.0016053395017335446,0,RELIANCE,5m,2026-02-17 04:45:00
1423.5999755859375,1424.0,1423.199951171875,1423.4000244140625,30366,0.0,-0.00856719870177114,0.001608337343168638,0.2,0.5,0,1426.3644727642672,1426.5166574574534,18.367245255756302,-1.627498326383602,-1.0069279458056797,1424.264305491534,0.001608337343168638,-1,RELIANCE,5m,2026-02-17 04:50:00
1423.4000244140625,1425.5,1423.0999755859375,1425.199951171875,51833,0.0012645262940427227,-0.009245776036235664,0.0015615753306087805,0.2,0.55,0,1426.2535659459443,1426.4650219168425,43.54794250836779,-1.501705765912675,-1.1058835098270787,1424.285815830201,0.0015615753306087805,-1,RELIANCE,5m,2026-02-17 04:55:00
1425.199951171875,1425.4000244140625,1423.800048828125,1423.9000244140625,42287,-0.0009121013207611384,-0.010287014151739826,0.0015579258199494477,0.2,0.55,0,1426.0294191333842,1426.3644337794788,49.09111086449895,-1.4897347460425863,-1.1826537570701803,1424.2898343227848,0.0015579258199494477,-1,RELIANCE,5m,2026-02-17 05:00:00
1423.9000244140625,1424.0,1422.0999755859375,1422.0999755859375,43956,-0.0012641679874019207,-0.011194532146116987,0.0015661786229003755,0.2,0.6,-1,1425.6551864145797,1426.1972001248303,43.54837121846051,-1.606972346439079,-1.2675174749439602,1424.2133978654929,0.0015661786229003755,0,RELIANCE,5m,2026-02-17 05:05:00
1422.300048828125,1422.5,1420.0,1420.199951171875,96826,-0.001336069507546167,-0.01100281951819293,0.0015604684501050459,0.2,0.6,-1,1425.1356402009887,1425.962013891381,38.84849123546562,-1.8320809912165714,-1.3804301781984825,1423.8899618050727,0.0015604684501050459,0,RELIANCE,5m,2026-02-17 05:10:00
1420.199951171875,1420.5,1418.5999755859375,1420.5,49882,0.00021127224224826158,-0.010656113879235929,0.0015673000516820243,0.2,0.6,-1,1424.6941506580374,1425.7478172681897,38.84902826932704,-1.9636342281439738,-1.497070988187581,1423.6973251445415,0.0015673000516820243,0,RELIANCE,5m,2026-02-17 05:15:00
1420.199951171875,1420.9000244140625,1420.0,1420.699951171875,24320,0.00014076112064409507,-0.01051685272512315,0.0015701393548722563,0.25,0.55,0,1424.3137507069744,1425.5498617350008,36.08987361522858,-2.028374884639561,-1.603331767477977,1423.6251494969972,0.0015701393548722563,0,RELIANCE,5m,2026-02-17 05:20:00
1420.699951171875,1421.4000244140625,1420.5999755859375,1421.300048828125,24945,0.00042239577452996,-0.003854779795190888,0.0008126102539444758,0.3,0.5,0,1424.0267314804173,1425.3832024053193,33.07125212660637,-2.008111199804034,-1.6842876539431886,1423.5674178436643,0.0008126102539444758,0,RELIANCE,5m,2026-02-17 05:25:00
1421.300048828125,1421.4000244140625,1420.5,1420.5,20566,-0.000562899317976262,-0.00252789526553876,0.0007147424956528975,0.3,0.55,0,1423.690852291806,1425.1917042717773,29.545475562953712,-2.0331721942727654,-1.754064562009104,1423.5162190749936,0.0007147424956528975,0,RELIANCE,5m,2026-02-17 05:30:00
1420.300048828125,1420.300048828125,1419.300048828125,1420.199951171875,38320,-0.0002112276157163473,-0.0024583831706386228,0.0007141189063151423,0.3,0.55,0,1423.3583855184793,1424.9959492482517,31.9672213161502,-2.0535723421055536,-1.8139661180283941,1423.3968273767484,0.0007141189063151423,0,RELIANCE,5m,2026-02-17 05:35:00
1420.300048828125,1420.9000244140625,1419.800048828125,1420.5,32104,0.00021127224224826158,-0.0019672934251849794,0.0007168598038945178,0.35,0.5,0,1423.086158326243,1424.8196375130262,37.5,-2.022217311046006,-1.8556163566319166,1423.3154363152616,0.0007168598038945178,0,RELIANCE,5m,2026-02-17 05:40:00
1420.5999755859375,1421.699951171875,1420.0999755859375,1421.4000244140625,37904,0.0006335969123987262,-0.0015453436425983957,0.0007325166607207244,0.35,0.5,0,1422.9255741441307,1424.685535038557,36.937085546501265,-1.9028093726433326,-1.8650549598341999,1423.2455672272556,0.0007325166607207244,0,RELIANCE,5m,2026-02-17 05:45:00
1421.5,1422.4000244140625,1421.0,1421.5,67340,7.033599565242632e-05,-0.0020359620642771414,0.0007180484598319156,0.4,0.45,0,1422.789805178023,1424.5606120958685,38.532264205881695,-1.7795964468384682,-1.8479632572350537,1423.161230482095,0.0007180484598319156,0,RELIANCE,5m,2026-02-17 05:50:00
1421.5,1421.5,1420.4000244140625,1420.5999755859375,49094,-0.0006331511882254892,-0.003507295234025931,0.0006912468270632667,0.35,0.5,0,1422.5812499787767,1424.4052930170478,37.5,-1.7345786212258645,-1.825286330033216,1423.0757128997068,0.0006912468270632667,0,RELIANCE,5m,2026-02-17 05:55:00
1420.699951171875,1422.300048828125,1419.800048828125,1422.300048828125,114810,0.001196729038015265,-0.002524704063608385,0.000752675488882368,0.35,0.55,0,1422.55446891681,1424.322734421404,45.73661749259551,-1.543922589004751,-1.7690135818275232,1422.9484199064354,0.000752675488882368,0,RELIANCE,5m,2026-02-17 06:00:00
1422.300048828125,1423.5,1421.5999755859375,1422.0999755859375,208462,-0.00014066880075858101,-0.0017548785924776933,0.0007297141018147211,0.4,0.5,0,1422.5111838376793,1424.2355674082485,36.28379765158307,-1.3929139040033078,-1.6937936462626801,1422.87953398525,0.0007297141018147211,0,RELIANCE,5m,2026-02-17 06:05:00
1422.0999755859375,1422.0999755859375,1420.9000244140625,1421.800048828125,157847,-0.0002109041297809755,-0.0010538888137009428,0.0007043951342530173,0.4,0.5,0,1422.4434566939121,1424.1400568756947,39.80635451108662,-1.2826543747364667,-1.6115657919574375,1422.7684111190117,0.0007043951342530173,0,RELIANCE,5m,2026-02-17 06:10:00
1421.5999755859375,1423.5,1421.5999755859375,1421.800048828125,144350,0.0,-0.0017552481319206281,0.0006819171178973749,0.45,0.5,0,1422.3821797543133,1424.0482918542216,48.235800962159836,-1.1816515597868147,-1.5255829455233132,1422.7339470768957,0.0006819171178973749,0,RELIANCE,5m,2026-02-17 06:15:00
1422.199951171875,1423.5,1421.699951171875,1423.0,44435,0.0008439661912122975,-0.000702247191011196,0.0007120133750176494,0.45,0.5,0,1422.441019777712,1424.0071823697424,67.94835680751174,-0.9933295849639308,-1.4191322734114369,1422.7339331234236,0.0007120133750176494,0,RELIANCE,5m,2026-02-17 06:20:00
1423.0,1424.0,1422.699951171875,1423.300048828125,86657,0.00021085652011598732,-7.023716750231834e-05,0.0007079756488632373,0.5,0.45,0,1422.5228320682277,1423.9794516426202,67.94835680751174,-0.8105283638710716,-1.2974114915033639,1422.7587506901018,0.0007079756488632373,0,RELIANCE,5m,2026-02-17 06:25:00
1423.300048828125,1425.5999755859375,1423.300048828125,1423.9000244140625,114895,0.00042153837234204516,0.0003512715971785152,0.0007143245196139289,0.55,0.45,0,1422.6539932440216,1423.9763368493436,69.51188650877532,-0.6102099431805073,-1.1599711818387926,1422.8372222016912,0.0007143245196139289,0,RELIANCE,5m,2026-02-17 06:30:00
1423.9000244140625,1424.5999755859375,1423.300048828125,1424.0,73054,7.021250384386946e-05,-0.0008419528578347268,0.0006518007234852585,0.5,0.4,0,1422.7821843636386,1423.977264816036,67.53170577045023,-0.43833609170246746,-1.0156441638115274,1422.8733967961666,0.0006518007234852585,0,RELIANCE,5m,2026-02-17 06:35:00
1424.0999755859375,1424.4000244140625,1423.199951171875,1423.4000244140625,61774,-0.00042133116989995223,-0.0003511482487724704,0.0006260455171295807,0.5,0.45,0,1422.8410262732027,1423.9546279375274,69.33318142608356,-0.34654310846303815,-0.8818239527418297,1422.8943144410825,0.0006260455171295807,0,RELIANCE,5m,2026-02-17 06:40:00
1423.300048828125,1424.4000244140625,1423.300048828125,1424.4000244140625,71797,0.0007025431943572524,0.0016173608519873817,0.0005720284878996381,0.5,0.4,0,1422.989502286618,1423.9720944660191,75.60997394864161,-0.1909042400168346,-0.7436400101968308,1422.9281852574934,0.0005720284878996381,0,RELIANCE,5m,2026-02-17 06:45:00
1424.4000244140625,1425.300048828125,1423.800048828125,1424.800048828125,92677,0.0002808371294622525,0.0032390492989766706,0.0004655709300916529,0.55,0.35,0,1423.1619352905711,1424.004563264533,75.90375621378357,-0.03487862925726404,-0.6018877340089175,1422.9912177709753,0.0004655709300916529,0,RELIANCE,5m,2026-02-17 06:50:00
1425.0999755859375,1425.199951171875,1424.5,1424.5999755859375,79483,-0.00014042197875563378,0.0028862904512054754,0.0004702228171055374,0.55,0.3,0,1423.2988915091776,1424.0279127673332,71.05203983295856,0.07180087699521209,-0.46715001180809157,1423.0457734706329,0.0004702228171055374,0,RELIANCE,5m,2026-02-17 06:55:00
1424.4000244140625,1425.0999755859375,1424.0,1424.5,79756,-7.017800621289538e-05,0.0026747722662976425,0.0004726638447623678,0.5,0.35,0,1423.413282794018,1424.0464259921437,69.73658849983939,0.1465881827080011,-0.344402372904873,1423.0902683942538,0.0004726638447623678,0,RELIANCE,5m,2026-02-17 07:00:00
1424.199951171875,1424.5999755859375,1424.0999755859375,1424.300048828125,27107,-0.0001403658630221294,0.002110743612844912,0.0004713203660990493,0.45,0.35,0,1423.4977367020283,1424.0563719857116,76.81203007518798,0.18756118421174506,-0.23800966148154945,1423.10277839936,0.0004713203660990493,0,RELIANCE,5m,2026-02-17 07:05:00
1424.4000244140625,1424.5999755859375,1424.0999755859375,1424.300048828125,31871,0.0,0.002675148770239444,0.00044539769490554147,0.45,0.3,0,1423.5741473807043,1424.0659279403162,69.23094980985023,0.21752508927306735,-0.1469027113306261,1423.1171687133206,0.00044539769490554147,0,RELIANCE,5m,2026-02-17 07:10:00
1424.300048828125,1424.5,1424.0,1424.199951171875,34702,-7.027848965701633e-05,0.0028165048144801474,0.0004407438055591811,0.45,0.3,0,1423.6337477417683,1424.0711837533186,70.58809449723546,0.23053716665162938,-0.071414735734175,1423.1312018601493,0.0004407438055591811,0,RELIANCE,5m,2026-02-17 07:15:00
1424.199951171875,1426.0,1424.0,1425.5,57701,0.0009128274629242039,0.0035198873636044237,0.0004733640552485584,0.45,0.3,0,1423.8114860520761,1424.1272157629924,80.3269831105419,0.34181220881669105,0.011230653175998202,1423.1728830405402,0.0004733640552485584,0,RELIANCE,5m,2026-02-17 07:20:00
1425.5,1426.199951171875,1424.300048828125,1424.4000244140625,32584,-0.0007716419403279717,0.002110595151591177,0.000505066470106796,0.45,0.3,0,1423.8675373246463,1424.137914141466,68.0552023464388,0.33735087364243554,0.07645469726928568,1423.193388818521,0.000505066470106796,0,RELIANCE,5m,2026-02-17 07:25:00
1424.199951171875,1424.5,1421.699951171875,1421.699951171875,305037,-0.0018955863492758906,0.00014066209769603155,0.0006749969226755913,0.4,0.35,0,1423.6611005481918,1424.0423077505015,42.52862274104837,0.11462061310453464,0.08408788043633547,1423.1392443123968,0.0006749969226755913,0,RELIANCE,5m,2026-02-17 07:30:00
1421.699951171875,1424.9000244140625,1421.5999755859375,1424.199951171875,422995,0.001758458244258465,0.0025341233618230152,0.0007618339058516209,0.45,0.35,0,1423.7124196552093,1424.0484898454574,54.12793692745313,0.1382408293432036,0.09491847021770909,1423.189767140106,0.0007618339058516209,0,RELIANCE,5m,2026-02-17 07:35:00
1424.199951171875,1424.199951171875,1422.0,1422.199951171875,311678,-0.0014042971974225216,-7.037731337522501e-05,0.0007910294648826141,0.4,0.3,0,1423.5683750377489,1423.9759981327682,43.089229181346326,-0.0043728568441565585,0.07506020480533596,1423.1585358525535,0.0007910294648826141,0,RELIANCE,5m,2026-02-17 07:40:00
1422.5999755859375,1423.699951171875,1421.199951171875,1423.0999755859375,297893,0.0006328395759829242,0.0007031854420698203,0.0008027777819450017,0.35,0.35,0,1423.5237655661476,1423.9416443074024,46.5648499305795,-0.04426057388218396,0.05119604906783198,1423.1235459532352,0.0008027777819450017,0,RELIANCE,5m,2026-02-17 07:45:00
1423.0,1424.9000244140625,1423.0,1423.800048828125,401061,0.0004919353904839774,0.0014066675561366093,0.0008067992431260502,0.4,0.3,0,1423.5500782577647,1423.9360915435093,51.51520756077937,-0.01916094171315308,0.037124650911634964,1423.1914067934479,0.0008067992431260502,0,RELIANCE,5m,2026-02-17 07:50:00
1423.800048828125,1424.199951171875,1423.5,1423.699951171875,35324,-7.030316955836113e-05,0.0013362654933906093,0.0008072760228528394,0.35,0.3,0,1423.5643518686325,1423.9268311367787,47.154269835756466,-0.0072626276439677895,0.028247195200514417,1423.1960554017733,0.0008072760228528394,0,RELIANCE,5m,2026-02-17 07:55:00
1423.800048828125,1425.0,1423.699951171875,1424.5999755859375,59201,0.000632172820770105,0.0011243679451422572,0.0007978831237948845,0.4,0.3,0,1423.6629826988521,1423.9532289583144,49.218489238134296,0.07393899763656009,0.03738555568772355,1423.2116945247058,0.0007978831237948845,0,RELIANCE,5m,2026-02-17 08:00:00
1424.800048828125,1426.5,1422.5999755859375,1423.5999755859375,289273,-0.0007019514369910329,0.00021072630332552578,0.0008145220469490797,0.4,0.35,0,1423.6569820214318,1423.9393758848878,46.32362180695424,0.05694381519060698,0.041297207588300244,1423.271123081888,0.0008145220469490797,0,RELIANCE,5m,2026-02-17 08:05:00
1423.5999755859375,1424.4000244140625,1423.199951171875,1423.699951171875,189105,7.022730236871944e-05,-0.00014051073724075103,0.0008089683880779518,0.35,0.35,0,1423.6610743214742,1423.929986680456,47.05871793490943,0.050954829358488496,0.043228731942337895,1423.289276205386,0.0008089683880779518,0,RELIANCE,5m,2026-02-17 08:10:00
1423.4000244140625,1424.300048828125,1423.0999755859375,1423.5,75032,-0.00014044474168195542,-0.000351123595505598,0.0008092853944212426,0.35,0.4,0,1423.6457339099052,1423.9131244576931,47.05871793490943,0.02973140134190544,0.0405292658222514,1423.2942057628347,0.0008092853944212426,0,RELIANCE,5m,2026-02-17 08:15:00
1423.5,1423.9000244140625,1422.699951171875,1423.199951171875,25098,-0.0002107824574113515,-0.0001405600946717822,0.0008051109752359879,0.35,0.4,0,1423.6032784110453,1423.8851568778573,46.04292538991148,-0.011170978992822711,0.030189216859236583,1423.2940742955045,0.0008051109752359879,0,RELIANCE,5m,2026-02-17 08:20:00
1423.199951171875,1423.199951171875,1421.800048828125,1422.300048828125,137765,-0.0006323091446208684,-0.0014742878053525255,0.0007985211503716476,0.35,0.45,0,1423.47916130791,1423.8229957778678,43.53783299010164,-0.11487678042021798,0.0011760174033456708,1423.2721147437812,0.0007985211503716476,0,RELIANCE,5m,2026-02-17 08:25:00
1422.0,1424.5999755859375,1421.5,1423.5999755859375,305883,0.0009139609879669219,-0.0008422748463369212,0.0008254032495774935,0.35,0.5,0,1423.4906674296271,1423.8142498879884,43.53736412479344,-0.09112076632368371,-0.017283339342060205,1423.2700347998484,0.0008254032495774935,0,RELIANCE,5m,2026-02-17 08:30:00
1423.699951171875,1424.300048828125,1423.300048828125,1423.5999755859375,59827,0.0,-0.0007019514369910329,0.0008251174380298116,0.35,0.5,0,1423.5010777302282,1423.8058469741825,47.05866513481492,-0.07147009127561432,-0.02812068972877103,1423.2748425448335,0.0008251174380298116,0,RELIANCE,5m,2026-02-17 08:35:00
1423.5999755859375,1423.5999755859375,1420.0999755859375,1421.0,99442,-0.0018263385996950543,-0.002457002457002422,0.0009173692532965505,0.35,0.5,0,1423.2628798511587,1423.6958137595088,47.40758825231481,-0.2626652491189816,-0.07502960160681314,1423.2458797638715,0.0009173692532965505,0,RELIANCE,5m,2026-02-17 08:40:00
1420.9000244140625,1424.699951171875,1419.800048828125,1422.0999755859375,546208,0.0007740855636435562,-0.001544669779375285,0.0009389710970866565,0.4,0.55,0,1423.1521270639946,1423.6332318703492,41.322397425420945,-0.3217213488458128,-0.12436795105461308,1423.1567741868032,0.0009389710970866565,0,RELIANCE,5m,2026-02-17 08:45:00
1422.4000244140625,1423.0,1422.0,1422.4000244140625,27171,0.00021098996784774116,-0.0013340057213546697,0.0009410631384465802,0.4,0.55,0,1423.0804982401914,1423.584870793632,50.96188832940127,-0.34038851363789036,-0.16757206357126853,1423.1538618454676,0.0009410631384465802,0,RELIANCE,5m,2026-02-17 08:50:00
1422.199951171875,1422.699951171875,1422.0,1422.199951171875,49550,-0.00014065891363435057,-0.0014042971974225216,0.0009412102919478149,0.4,0.5,0,1422.9966366146375,1423.53056022023,45.36073392648151,-0.367094972454197,-0.2074766453478542,1423.1473404089058,0.0009412102919478149,0,RELIANCE,5m,2026-02-17 08:55:00
1422.0,1422.0,1420.699951171875,1421.9000244140625,38612,-0.00021088930397261674,-0.002525412547132566,0.0009125666575601618,0.35,0.55,0,1422.8921973574397,1423.4666176395958,39.784734527794186,-0.4077611989596335,-0.2475335560702101,1423.1377916180456,0.0009125666575601618,0,RELIANCE,5m,2026-02-17 09:00:00
1421.9000244140625,1423.0999755859375,1421.199951171875,1423.0999755859375,109618,0.0008439068508838687,-0.0009126992458875494,0.0009238430103688247,0.35,0.55,0,1422.9119857601536,1423.4522395198446,47.1154410470098,-0.33925275075625905,-0.2658773950074199,1423.1267052052272,0.0009238430103688247,0,RELIANCE,5m,2026-02-17 09:05:00
1423.0,1424.4000244140625,1421.4000244140625,1421.5999755859375,461705,-0.0010540369796453453,-7.0321157326525e-05,0.0008514608885839048,0.4,0.5,0,1422.7870324102282,1423.379601718515,36.36333370325158,-0.4013700320697353,-0.292975922419883,1423.083771116385,0.0008514608885839048,0,RELIANCE,5m,2026-02-17 09:10:00
1421.5999755859375,1422.699951171875,1421.5999755859375,1422.5999755859375,26440,0.000703432763909495,-0.0011234206156383042,0.0007648537180335443,0.35,0.45,0,1422.7692174745816,1423.3490281446884,45.45444456775053,-0.36569132048293795,-0.307519002032494,1423.080862223685,0.0007648537180335443,0,RELIANCE,5m,2026-02-17 09:15:00
1422.5999755859375,1422.5999755859375,1421.5999755859375,1422.0,44224,-0.0004217458148699782,-0.00014059286931511483,0.000702719007077873,0.35,0.45,0,1422.6959586674786,1423.296125080191,42.60875103496593,-0.38143179181588494,-0.3223015599891722,1423.0746053397036,0.000702719007077873,0,RELIANCE,5m,2026-02-17 09:20:00
1422.300048828125,1422.699951171875,1420.5,1421.699951171875,358787,-0.000211004801775716,-0.0009837850032188289,0.000687460270734001,0.4,0.45,0,1422.6011008107544,1423.2335300249629,42.241070864815946,-0.41335278793235375,-0.3405118055778085,1423.0059058208576,0.000687460270734001,0,RELIANCE,5m,2026-02-17 09:25:00
1422.0,1425.4000244140625,1420.9000244140625,1421.300048828125,1073036,-0.000281284629306211,-0.0017558645275069784,0.0006771030197785972,0.4,0.45,0,1422.4771910981228,1423.1577072329299,41.88055590334294,-0.46555258395869714,-0.3655199612539863,1422.9469484924664,0.0006771030197785972,0,RELIANCE,5m,2026-02-17 09:30:00
1421.699951171875,1425.699951171875,1420.4000244140625,1425.300048828125,969387,0.0028143248171264013,0.0011239008998580324,0.0009379708475957756,0.45,0.5,0,1422.7460346914565,1423.2417206288198,60.13526888815572,-0.18205609840697434,-0.32882718868458394,1423.0333611944775,0.0009379708475957756,0,RELIANCE,5m,2026-02-17 09:35:00
1425.699951171875,1425.699951171875,1422.199951171875,1423.0,399706,-0.0016137295652350891,-0.0011231051616994447,0.0009979566535280482,0.4,0.5,0,1422.7702218636987,1423.232241388474,48.10133428105661,-0.14134843250144513,-0.2913314374479562,1423.0574146929173,0.0009979566535280482,0,RELIANCE,5m,2026-02-17 09:40:00
1423.0,1423.0,1421.0999755859375,1422.5,287389,-0.00035137034434296055,-0.0007726718212992534,0.0009890472699264179,0.35,0.5,0,1422.7444864481085,1423.2035260399064,46.625826599465285,-0.14773019360131912,-0.2626111886786288,1423.033390274998,0.0009890472699264179,0,RELIANCE,5m,2026-02-17 09:45:00
1422.5999755859375,1424.300048828125,1422.5,1423.199951171875,199586,0.0004920570628295096,-0.0003511975958054858,0.0009959544628971335,0.4,0.5,0,1422.787864040848,1423.2033858490033,57.6387711505205,-0.0952100531897031,-0.22913096158084367,1423.0391154249676,0.0009959544628971335,0,RELIANCE,5m,2026-02-17 09:50:00
1423.300048828125,1424.199951171875,1422.4000244140625,1424.199951171875,105372,0.0007026419577773613,0.0004917113957674246,0.0010082251637076876,0.4,0.5,0,1422.9223485295174,1423.2424668420572,57.342609586410006,0.026795299590730792,-0.17794570934652879,1423.0447109802649,0.0010082251637076876,0,RELIANCE,5m,2026-02-17 09:55:00
1426.9000244140625,1427.300048828125,1425.5,1426.0,70672,-0.0009108448004274683,0.002601385815126367,0.0011264589279535808,0.45,0.4,0,1423.5926749991488,1423.5034862256578,60.43972259111701,0.5298687258255086,0.051189197894501944,1426.2666829427083,0.0011264589279535808,0,RELIANCE,5m,2026-02-18 03:50:00
1426.199951171875,1429.0,1426.0999755859375,1429.0,66819,0.0021037868162692153,0.0037932175517494393,0.001199090077199508,0.45,0.35,0,1424.1076583325632,1423.7190357854358,66.98556768469683,0.8888860621182175,0.2187285707392451,1427.1252501847587,0.001199090077199508,0,RELIANCE,5m,2026-02-18 03:55:00
1428.5,1429.300048828125,1427.0,1427.5,159240,-0.0010496850944716751,0.0027395507733534163,0.0012304076309374386,0.5,0.35,0,1424.4307384913668,1423.8673088918895,60.37738021891968,1.0403795756001273,0.38305877171142155,1427.5589148587426,0.0012304076309374386,0,RELIANCE,5m,2026-02-18 04:00:00
1427.300048828125,1427.5,1423.9000244140625,1425.4000244140625,175216,-0.0014710862248248358,0.003096428159086839,0.0012028194991483764,0.5,0.35,0,1424.5230514363855,1423.9274153829551,58.71568879979394,0.9796954773062225,0.5023861128303818,1426.8316501996462,0.0012028194991483764,0,RELIANCE,5m,2026-02-18 04:05:00
1424.5999755859375,1426.0,1424.5999755859375,1426.0,37141,0.0004209173394564836,0.0027424403916860296,0.0011958288765784894,0.45,0.3,0,1424.6637132043488,1424.0086932110746,57.94397321301245,0.9688476353296664,0.5956784173302387,1426.7369296621637,0.0011958288765784894,0,RELIANCE,5m,2026-02-18 04:10:00
1425.9000244140625,1426.0,1421.5,1422.800048828125,55572,-0.0022440050293653924,0.0002812320073091179,0.0013085859041309842,0.45,0.35,0,1424.486221358994,1423.9612953921355,51.666768391927086,0.6940408549953645,0.6153509048632639,1426.4118020620263,0.0013085859041309842,0,RELIANCE,5m,2026-02-18 04:15:00
1422.800048828125,1423.0999755859375,1422.0999755859375,1422.5,36988,-0.0002108861525357275,0.0002109751360050982,0.001309119324183679,0.45,0.35,0,1424.2970574200422,1423.903989690483,51.666768391927086,0.4468915809227383,0.5816590400751589,1426.1754105672956,0.001309119324183679,0,RELIANCE,5m,2026-02-18 04:20:00
1422.5999755859375,1422.5999755859375,1420.4000244140625,1421.0999755859375,42357,-0.0009841999395869827,-0.0005626618006808748,0.0013273226165509391,0.45,0.35,0,1423.9925734358417,1423.79402835305,49.59985546945572,0.13648046899288602,0.4926233258587044,1425.8591330382374,0.0013273226165509391,0,RELIANCE,5m,2026-02-18 04:25:00
1421.0,1421.5999755859375,1419.9000244140625,1421.5,47578,0.0002814892836076055,-0.0011242889560719727,0.0013137822131066032,0.4,0.4,0,1423.755185489571,1423.704066456852,41.121442016998465,-0.07636367363670615,0.3788259259596223,1425.5248451339753,0.0013137822131066032,0,RELIANCE,5m,2026-02-18 04:30:00
1421.4000244140625,1421.699951171875,1420.199951171875,1421.0,30743,-0.0003517411185367525,-0.00042204248469424055,0.0012949368356096756,0.4,0.4,0,1423.4927868715165,1423.5980246350146,44.89798460426995,-0.282137703632543,0.24663320004118924,1425.3308425902912,0.0012949368356096756,0,RELIANCE,5m,2026-02-18 04:35:00
1421.0,1421.5999755859375,1420.0,1420.300048828125,34960,-0.0004925764756333884,-0.0016167065916511403,0.0012873488951411834,0.4,0.45,0,1423.1887165816697,1423.4686922504306,44.44458144782432,-0.49597798923605296,0.09811096218574081,1425.1139831222458,0.0012873488951411834,0,RELIANCE,5m,2026-02-18 04:40:00
1419.9000244140625,1420.5999755859375,1419.300048828125,1420.4000244140625,39527,7.039046856327502e-05,-0.0011251586398998148,0.0012851766722167157,0.4,0.5,0,1422.9231268514213,1423.348352335279,42.7085518828638,-0.6498892433037327,-0.0514890789121539,1424.8652584308443,0.0012851766722167157,0,RELIANCE,5m,2026-02-18 04:45:00
1420.5,1421.9000244140625,1420.5,1421.199951171875,26740,0.0005631700535506656,-0.0003516916488517374,0.0012918878888721812,0.4,0.45,0,1422.7590148819406,1423.2641013092632,42.10526315789474,-0.6992570173113108,-0.1810426665919853,1424.7462506340764,0.0012918878888721812,0,RELIANCE,5m,2026-02-18 04:50:00
1421.0999755859375,1421.300048828125,1419.199951171875,1421.300048828125,29814,7.043178981769316e-05,0.0,0.001290491147635869,0.35,0.5,0,1422.6200657339582,1423.1870796433361,31.25,-0.7219817335731022,-0.2892304799882087,1424.601394046992,0.001290491147635869,0,RELIANCE,5m,2026-02-18 04:55:00
1421.0999755859375,1421.699951171875,1419.699951171875,1421.5,31652,0.00014068188630522727,-0.0026661395481248906,0.0011094844143639127,0.35,0.45,0,1422.5133928069145,1423.120919657323,34.89922988694086,-0.7156077655536137,-0.37450593710128977,1424.4713997515244,0.0011094844143639127,0,RELIANCE,5m,2026-02-18 05:00:00
1421.199951171875,1422.0,1421.0,1421.0999755859375,21459,-0.0002814100696887367,-0.0013352244652582446,0.0010545285832546665,0.4,0.45,0,1422.3787816430117,1423.0416669486413,17.885888389356992,-0.7343696211837596,-0.44647867391778373,1424.3979013964604,0.0010545285832546665,0,RELIANCE,5m,2026-02-18 05:05:00
1421.0999755859375,1421.199951171875,1420.800048828125,1421.199951171875,13138,7.035084628470578e-05,-0.0009139183326010158,0.0010527426673239363,0.4,0.45,0,1422.266512074332,1422.9694428005328,21.100434529409142,-0.732724935734268,-0.5037279262810805,1424.3503098194165,0.0010527426673239363,0,RELIANCE,5m,2026-02-18 05:10:00
1421.0999755859375,1422.5,1420.800048828125,1422.0999755859375,14960,0.0006332848613739284,-0.0007728889992103527,0.0010570010119979522,0.4,0.45,0,1422.2506514563895,1422.9353460470193,32.989353401625934,-0.6512894034403871,-0.5332402217129419,1424.3094864801124,0.0010570010119979522,0,RELIANCE,5m,2026-02-18 05:15:00
1422.0999755859375,1423.4000244140625,1421.9000244140625,1423.0,37234,0.0006328840654763468,-0.0008425440338539758,0.0010545401941078833,0.45,0.4,0,1422.3220179843524,1422.9378814961558,35.0,-0.5082677151542612,-0.5282457204012059,1424.2503753916158,0.0010545401941078833,0,RELIANCE,5m,2026-02-18 05:20:00
1422.800048828125,1423.9000244140625,1422.300048828125,1423.800048828125,27543,0.0005622268644589479,-0.0024521823584842117,0.0009302598802532553,0.45,0.4,0,1422.4627828266166,1422.9716919797625,56.5788628332798,-0.3265999022573851,-0.4879165567724417,1424.2251020710937,0.0009302598802532553,0,RELIANCE,5m,2026-02-18 05:25:00
1423.9000244140625,1424.300048828125,1423.300048828125,1424.0,28851,0.00014043486797143956,-0.0014025245441795509,0.0009128999191134112,0.5,0.4,0,1422.609184462177,1423.0120177844776,60.0,-0.1645951131745278,-0.4232522680528589,1424.2150454279636,0.0009128999191134112,0,RELIANCE,5m,2026-02-18 05:30:00
1424.0,1424.9000244140625,1423.300048828125,1424.0,172672,0.0,-0.0034989503149055468,0.0007571946839856417,0.5,0.4,0,1422.7416430848268,1423.0507621850863,73.77078705649276,-0.035792556335536574,-0.34576032570939447,1424.193713798515,0.0007571946839856417,0,RELIANCE,5m,2026-02-18 05:35:00
1424.0999755859375,1425.199951171875,1423.699951171875,1425.199951171875,53792,0.0008426623397999045,-0.0016112426116462464,0.000760364125881483,0.5,0.4,0,1422.9757676645459,1423.135044106137,76.8116198428986,0.16125162078310495,-0.2443579364108946,1424.215417963113,0.000760364125881483,0,RELIANCE,5m,2026-02-18 05:40:00
1424.300048828125,1425.0,1423.199951171875,1423.800048828125,56022,-0.0009822497836874389,-0.0011224747849960526,0.0007200966833187956,0.5,0.4,0,1423.054270632506,1423.1611227226856,67.94948040565919,0.20212021508359612,-0.15506230611199645,1424.2062104883253,0.0007200966833187956,0,RELIANCE,5m,2026-02-18 05:45:00
1424.0,1425.5,1423.9000244140625,1425.0999755859375,66811,0.0009129981129600839,-0.0006311531655417424,0.0007452147030104245,0.55,0.4,0,1423.2490996756899,1423.2371561683033,78.57173998343288,0.3355342657703204,-0.05694299173553308,1424.2366269485658,0.0007452147030104245,0,RELIANCE,5m,2026-02-18 05:50:00
1425.0999755859375,1425.9000244140625,1424.4000244140625,1425.5999755859375,47776,0.0003508525777600191,0.001967898975065774,0.0005363072197303834,0.6,0.35,0,1423.472992619523,1423.3298157533086,79.54583287093553,0.47612323122848466,0.04967025285727047,1424.272272019459,0.0005363072197303834,0,RELIANCE,5m,2026-02-18 05:55:00
1425.5999755859375,1427.199951171875,1425.5,1427.0,39632,0.0009820597909921958,0.0031634446397188487,0.0005656309550385642,0.65,0.35,0,1423.8088980843304,1423.4737445472965,80.8516440704379,0.6925282345612231,0.178241849198061,1424.3343446830893,0.0005656309550385642,0,RELIANCE,5m,2026-02-18 06:00:00
1427.0999755859375,1427.5,1426.4000244140625,1426.800048828125,36484,-0.00014011995225993168,0.004011029019852952,0.000504052707970289,0.7,0.3,0,1424.0937695837395,1423.604187852427,78.94811235897305,0.8382337336090586,0.31024022608026053,1424.3966909570527,0.000504052707970289,0,RELIANCE,5m,2026-02-18 06:05:00
1426.800048828125,1427.0,1425.0999755859375,1426.300048828125,33876,-0.00035043452683558574,0.0033767490876714934,0.0005182994765892798,0.7,0.3,0,1424.3038914165381,1423.7099078906897,74.4905331340309,0.902951902565519,0.4287825613773123,1424.4350104781417,0.0005182994765892798,0,RELIANCE,5m,2026-02-18 06:10:00
1426.0999755859375,1426.800048828125,1425.699951171875,1426.0999755859375,15167,-0.0001402743008751539,0.0035890046347202276,0.0005092008722552985,0.65,0.3,0,1424.474947051719,1423.8036360356014,76.04206403702857,0.9274067118858511,0.5285073914790201,1424.4522762489626,0.0005092008722552985,0,RELIANCE,5m,2026-02-18 06:15:00
1426.4000244140625,1426.800048828125,1426.0,1426.4000244140625,17674,0.00021039817212087364,0.004294849944538548,0.0004840242609216293,0.65,0.25,0,1424.6582877528947,1423.905455187698,76.53118421544326,0.9599332443733601,0.6147925620578882,1424.4742291100947,0.0004840242609216293,0,RELIANCE,5m,2026-02-18 06:20:00
1426.0999755859375,1426.800048828125,1426.0,1426.800048828125,19382,0.0002804433589567168,0.004505790132397713,0.00048301247593125036,0.65,0.2,0,1424.8622649981548,1424.0189686637932,75.26940998884295,1.0063883641746543,0.6931117224812415,1424.499369513309,0.00048301247593125036,0,RELIANCE,5m,2026-02-18 06:25:00
1426.800048828125,1428.699951171875,1426.4000244140625,1428.0999755859375,44291,0.0009110784365897739,0.00485506941396463,0.000501737433437026,0.65,0.2,0,1425.1706183874676,1424.1790081509362,76.28899711808307,1.1350138733125732,0.7814921526475078,1424.5871475883782,0.000501737433437026,0,RELIANCE,5m,2026-02-18 06:30:00
1428.0999755859375,1428.800048828125,1428.0,1428.0999755859375,21229,0.0,0.0047843006572885205,0.0005032522269615342,0.7,0.15,0,1425.449604787322,1424.3327715797598,74.15748830702128,1.2228542138245757,0.8697645648829214,1424.6348304343637,0.0005032522269615342,0,RELIANCE,5m,2026-02-18 06:35:00
1427.800048828125,1428.5,1427.199951171875,1427.800048828125,15179,-0.00021001804001108404,0.004431972443281751,0.0005128685876970269,0.65,0.2,0,1425.6734566007317,1424.4687432365583,71.11195507690638,1.2538135516215334,0.946574362230644,1424.6639338616712,0.0005128685876970269,0,RELIANCE,5m,2026-02-18 06:40:00
1427.5999755859375,1429.5,1427.5,1428.5999755859375,43500,0.0005602512469928822,0.005277601948383337,0.0005039042557261783,0.65,0.2,0,1425.9521726945609,1424.6307523482988,73.470023293763,1.3275927906713605,1.0227780479187873,1424.762268504439,0.0005039042557261783,0,RELIANCE,5m,2026-02-18 06:45:00
1428.699951171875,1429.9000244140625,1428.4000244140625,1429.0,38585,0.0002800114943992682,0.005488354275338558,0.0005018547241576709,0.7,0.15,0,1426.2424419617455,1424.8020953934636,71.11195507690638,1.4021785546874526,1.0986581492725205,1424.8578945644242,0.0005018547241576709,0,RELIANCE,5m,2026-02-18 06:50:00
1429.4000244140625,1429.5,1427.4000244140625,1427.9000244140625,26627,-0.0007697519845608625,0.004078509899232197,0.0005451566442749248,0.65,0.2,0,1426.4003069572043,1424.9235828060362,73.56354095048337,1.3568881116091234,1.1503041417398412,1424.9089754665042,0.0005451566442749248,0,RELIANCE,5m,2026-02-18 06:55:00
1428.4000244140625,1429.800048828125,1427.5,1429.5999755859375,36227,0.0011905253468795784,0.004638071388571641,0.0005813245854741294,0.65,0.2,0,1426.705037302798,1425.1069707581892,74.72567273897997,1.4415496743426957,1.2085532482604122,1424.9900497821486,0.0005813245854741294,0,RELIANCE,5m,2026-02-18 07:00:00
1429.5999755859375,1431.0,1429.199951171875,1430.9000244140625,63048,0.0009093794420302892,0.004986638111005304,0.0005966972146768806,0.65,0.2,0,1427.1045598848232,1425.3341493329294,76.76818742293466,1.5951596408438036,1.2858745267770906,1425.1707279631364,0.0005966972146768806,0,RELIANCE,5m,2026-02-18 07:05:00
1430.9000244140625,1431.0,1430.0,1430.9000244140625,44681,0.0,0.00484552276268424,0.0005988632936304215,0.6,0.2,0,1427.4660326971316,1425.5524189439543,72.94164955264179,1.6973308722522233,1.3681657958721174,1425.2977935281572,0.0005988632936304215,0,RELIANCE,5m,2026-02-18 07:10:00
1431.4000244140625,1431.5,1429.0999755859375,1429.699951171875,60412,-0.0008386841999523664,0.004002774699350509,0.0006443302887381101,0.6,0.25,0,1427.6787868375834,1425.715067266618,65.26264391447368,1.66230441745779,1.426993520189252,1425.4442194448918,0.0006443302887381101,0,RELIANCE,5m,2026-02-18 07:15:00
1429.4000244140625,1431.0,1429.300048828125,1431.0,41077,0.0009093158512452071,0.004069638666038378,0.0006479914990237087,0.55,0.25,0,1427.9950928530516,1425.9223195306722,72.81518879328735,1.7196259970851315,1.485520015568428,1425.5455563561288,0.0006479914990237087,0,RELIANCE,5m,2026-02-18 07:20:00
1430.699951171875,1431.699951171875,1430.5,1431.699951171875,26573,0.0004891342920161357,0.005548463318463925,0.0005869602016605334,0.6,0.2,0,1428.3479365024632,1426.1488933205233,75.9259887197224,1.8007757498535284,1.5485711624254481,1425.6201868401458,0.0005869602016605334,0,RELIANCE,5m,2026-02-18 07:25:00
1431.699951171875,1435.0,1431.5999755859375,1434.699951171875,137958,0.0020954111212649895,0.006736352361518039,0.0007025696769550404,0.6,0.2,0,1428.9528902805025,1426.484228922537,80.74074743876083,2.0831491943317815,1.655486768806715,1426.1341012797614,0.0007025696769550404,0,RELIANCE,5m,2026-02-18 07:30:00
1434.699951171875,1435.0,1433.4000244140625,1434.0,85547,-0.0004878728624081452,0.00589227311862861,0.0007262671815567824,0.55,0.2,0,1429.4335673966452,1426.778965043222,76.08714882173945,2.2248057972994957,1.7693505745052713,1426.435238038745,0.0007262671815567824,0,RELIANCE,5m,2026-02-18 07:35:00
1433.5999755859375,1434.5,1432.699951171875,1434.199951171875,76163,0.00013943596365062483,0.00504551588778912,0.0007084769145352277,0.5,0.25,0,1429.8875087085717,1427.0699841070905,74.01597508578679,2.3263869239076485,1.880757844385747,1426.674070753192,0.0007084769145352277,0,RELIANCE,5m,2026-02-18 07:40:00
1434.4000244140625,1436.5,1434.4000244140625,1435.5,154200,0.0009064627474451026,0.006097526544816434,0.0007166013814546748,0.5,0.25,0,1430.4220316887079,1427.400572965636,76.42888906327657,2.483169343591726,2.001240144226943,1427.215794224384,0.0007166013814546748,0,RELIANCE,5m,2026-02-18 07:45:00
1435.5999755859375,1437.0,1434.4000244140625,1434.4000244140625,265978,-0.000766266517546188,0.005679012345678913,0.0007421722524776356,0.55,0.2,0,1430.8008881387418,1427.6750612577312,72.29732516228009,2.489959006362369,2.0989839166540283,1427.9891923758073,0.0007421722524776356,0,RELIANCE,5m,2026-02-18 07:50:00
1434.300048828125,1434.5999755859375,1431.5,1433.0,315027,-0.00097603485097153,0.004838387583049775,0.0007893170501942767,0.55,0.25,0,1431.0103273636237,1427.8838823848791,64.28577090450787,2.355220082267806,2.1502311497767836,1428.5044790745071,0.0007893170501942767,0,RELIANCE,5m,2026-02-18 07:55:00
1432.800048828125,1433.5,1432.699951171875,1433.199951171875,34676,0.0001395332671842997,0.004767194785071371,0.0007896237718228803,0.55,0.25,0,1431.2188629644097,1428.0923556706437,63.815673235998005,2.2387658040838687,2.1679380806382005,1428.5559495140185,0.0007896237718228803,0,RELIANCE,5m,2026-02-18 08:00:00
1433.0999755859375,1433.300048828125,1432.0999755859375,1432.699951171875,31934,-0.000348869674179908,0.004135058972415839,0.0008003147176352724,0.55,0.3,0,1431.3599189841682,1428.2730456902998,66.43813282275528,2.082127656741932,2.1507759958589467,1428.5979555070085,0.0008003147176352724,0,RELIANCE,5m,2026-02-18 08:05:00
1432.9000244140625,1432.9000244140625,1431.5,1432.300048828125,40090,-0.00027912497897619737,0.0029410218570056212,0.0007893535958643091,0.5,0.35,0,1431.449455159783,1428.4309673819791,60.150707185667216,1.9037764693603094,2.1013760905592194,1428.6436359802574,0.0007893535958643091,0,RELIANCE,5m,2026-02-18 08:10:00
1432.199951171875,1433.9000244140625,1432.0,1433.5,163631,0.0008377791879967678,0.0037812649719057845,0.0008032414050623949,0.5,0.35,0,1431.6447451445656,1428.6297529748429,59.84851987829803,1.8380697753575532,2.0487148275188862,1428.862666278536,0.0008032414050623949,0,RELIANCE,5m,2026-02-18 08:15:00
1433.5999755859375,1434.4000244140625,1431.199951171875,1431.300048828125,134898,-0.001534671204656446,0.002451323630975333,0.0008880170629603066,0.55,0.35,0,1431.611916923952,1428.7344704592854,51.29879909634973,1.5901488273102586,1.9570016274771609,1428.9955661024007,0.0008880170629603066,0,RELIANCE,5m,2026-02-18 08:20:00
1431.199951171875,1432.800048828125,1430.5,1432.699951171875,72252,0.0009780635058989073,0.002869925560691655,0.0009036271067225797,0.5,0.4,0,1431.715539233278,1428.8899795068378,59.6156253912608,1.489460535580065,1.8634934090977417,1429.0565207767715,0.0009036271067225797,0,RELIANCE,5m,2026-02-18 08:25:00
1432.699951171875,1433.5999755859375,1431.9000244140625,1432.5,152465,-0.00013956248948809868,0.0024492652204337606,0.000905164780271334,0.5,0.4,0,1431.7902497824894,1429.0315489379423,55.17258797777404,1.3776492672593577,1.766324580730065,1429.2047327929877,0.000905164780271334,0,RELIANCE,5m,2026-02-18 08:30:00
1432.699951171875,1433.0,1432.5,1433.0,28175,0.0003490401396160081,0.0035716615300362964,0.0008813653951974946,0.5,0.35,0,1431.905464088919,1429.1871744697878,54.54576496901197,1.3142341793470678,1.6759065004534657,1429.2320545841626,0.0008813653951974946,0,RELIANCE,5m,2026-02-18 08:35:00
1433.0,1434.9000244140625,1432.699951171875,1434.5999755859375,70940,0.0011165216929083233,0.0034974818728230606,0.0008770384364474956,0.5,0.35,0,1432.1620842314921,1429.399441180225,49.61248379434671,1.3772063460505706,1.6161664695728866,1429.322004562987,0.0008770384364474956,0,RELIANCE,5m,2026-02-18 08:40:00
1434.699951171875,1436.5,1433.5999755859375,1436.199951171875,79807,0.001115276462544168,0.0037039112917638395,0.0008872618948138987,0.5,0.35,0,1432.5466429877192,1429.6661278465645,57.9710914141146,1.5384822345563407,1.6006296225695775,1429.4472979654868,0.0008872618948138987,0,RELIANCE,5m,2026-02-18 08:45:00
1436.199951171875,1437.5,1435.699951171875,1437.0,80076,0.0005570595009922741,0.004263034091732232,0.0008898803875103751,0.55,0.35,0,1432.970772226984,1429.9537306761108,59.72262253946186,1.7111269855201954,1.622729095159701,1429.5941577042352,0.0008898803875103751,0,RELIANCE,5m,2026-02-18 08:50:00
1437.0,1437.0,1435.9000244140625,1437.0,54490,0.0,0.0051060006137242375,0.0008568562943335057,0.5,0.3,0,1433.3545082053665,1430.2300549633221,55.72536156254659,1.826889944417644,1.6635612650112899,1429.6894006662603,0.0008568562943335057,0,RELIANCE,5m,2026-02-18 08:55:00
1436.5999755859375,1437.0,1436.300048828125,1436.5,48753,-0.0003479471120390043,0.0038434661076169885,0.0008524364864485239,0.5,0.3,0,1433.6540788524746,1430.4759351608388,58.400148441848884,1.856882120825503,1.7022254361741327,1429.7720588638385,0.0008524364864485239,0,RELIANCE,5m,2026-02-18 09:00:00
1436.0,1437.199951171875,1436.0,1436.300048828125,43599,-0.0001391932975113308,0.003213031929270249,0.0008524942775770546,0.5,0.35,0,1433.9060759930128,1430.7043317752423,64.60255385346672,1.843268694091421,1.7304340877575906,1429.8432630898994,0.0008524942775770546,0,RELIANCE,5m,2026-02-18 09:05:00
1436.5,1437.800048828125,1436.0999755859375,1437.300048828125,51240,0.0006962333537592347,0.0018122936814253254,0.0007346367845977647,0.5,0.35,0,1434.2293115011187,1430.9629873459437,66.94309927360774,1.8913690726433288,1.7626210847347383,1429.9320054595653,0.0007346367845977647,0,RELIANCE,5m,2026-02-18 09:10:00
1437.300048828125,1439.300048828125,1437.0,1439.300048828125,78894,0.0013914979002684902,0.0036959894198920207,0.0007757681999774776,0.55,0.35,0,1434.7122388655955,1431.2899309334803,74.2657618842453,2.067044650452999,1.8235057978783906,1430.091685788509,0.0007757681999774776,0,RELIANCE,5m,2026-02-18 09:15:00
1439.4000244140625,1439.9000244140625,1438.4000244140625,1439.0,81209,-0.00020846857357459392,0.003346847714088108,0.0007807227904534251,0.6,0.3,0,1435.120597068872,1431.5922865831478,74.81508273804141,2.1571906279698396,1.8902427638966806,1430.2606007081606,0.0007807227904534251,0,RELIANCE,5m,2026-02-18 09:20:00
1439.0,1440.699951171875,1439.0,1439.5,85733,0.00034746351633074823,0.0027864855451062986,0.0007626677916454773,0.6,0.3,0,1435.5376830623127,1431.9023929916518,73.4378576333257,2.2431204892384358,1.9608183089650317,1430.4444783727922,0.0007626677916454773,0,RELIANCE,5m,2026-02-18 09:25:00
1440.0999755859375,1441.699951171875,1439.300048828125,1440.699951171875,194021,0.0008335888654915635,0.00439202917637016,0.0007464025214916162,0.6,0.3,0,1436.0293276441757,1432.2473952732294,89.83075395183316,2.380604428566812,2.044775532885388,1430.870427520189,0.0007464025214916162,0,RELIANCE,5m,2026-02-18 09:30:00
1440.5999755859375,1442.0,1440.5,1441.9000244140625,135857,0.0008329793037136213,0.0062107637223045575,0.0007022135198254823,0.65,0.25,0,1436.5884416222602,1432.6259297493405,89.65557157439464,2.556922708858565,2.147204968080023,1431.1737171136754,0.0007022135198254823,0,RELIANCE,5m,2026-02-18 09:35:00
1442.0,1442.0999755859375,1441.0999755859375,1441.9000244140625,134195,0.0,0.006070383434686688,0.0007046836266349908,0.7,0.25,0,1437.0943066500508,1432.9896197361923,91.22808896122669,2.6659250913221513,2.250948992728449,1431.463135649277,0.0007046836266349908,0,RELIANCE,5m,2026-02-18 09:40:00
1441.9000244140625,1442.0,1441.199951171875,1441.300048828125,166186,-0.00041610068366659814,0.006002720701718145,0.0007081083506502803,0.7,0.2,0,1437.494853524153,1433.3155189162683,86.08716881793478,2.6730836052993254,2.3353759152426243,1431.7936318710263,0.0007081083506502803,0,RELIANCE,5m,2026-02-18 09:45:00
1441.300048828125,1441.800048828125,1440.699951171875,1441.199951171875,165307,-6.944956140908509e-05,0.006213713635653262,0.0007006027814346421,0.7,0.2,0,1437.8477199667932,1433.624712338057,82.99947510406366,2.6402446381982827,2.3963496598337564,1432.0930139846596,0.0007006027814346421,0,RELIANCE,5m,2026-02-18 09:50:00
1441.199951171875,1441.9000244140625,1440.300048828125,1441.300048828125,153155,6.945438498573431e-05,0.005441261826386379,0.0006911411064601211,0.7,0.25,0,1438.1765131916818,1433.925705925903,79.99971278398483,2.5924128429544453,2.4355622964578942,1432.3520230922031,0.0006911411064601211,0,RELIANCE,5m,2026-02-18 09:55:00
1436.800048828125,1442.0,1436.5999755859375,1440.5,143697,0.002156654746963138,0.005444300337795749,0.000966085894319564,0.7,0.2,0,1438.3308893195726,1434.3144261132916,61.90460373347506,2.140082387049233,2.3410613974993106,1439.6999918619792,0.000966085894319564,0,RELIANCE,5m,2026-02-19 03:50:00
1440.0999755859375,1440.0999755859375,1436.0999755859375,1436.4000244140625,47074,-0.002846216998221074,0.0027225301319808715,0.00119032236286915,0.65,0.25,0,1438.1469974238098,1434.3962142819494,49.72684521228696,1.7304971454082079,2.2189485470810904,1439.165352599897,0.00119032236286915,0,RELIANCE,5m,2026-02-19 03:55:00
1436.300048828125,1437.0,1435.5,1435.5999755859375,127189,-0.0005569819093057538,0.0018143583991190315,0.0011990216304535878,0.65,0.3,0,1437.9044239154412,1434.443420607596,48.147980701539105,1.3260547031848091,2.040369778301834,1437.912492386154,0.0011990216304535878,0,RELIANCE,5m,2026-02-19 04:00:00
1435.699951171875,1436.9000244140625,1434.300048828125,1435.4000244140625,94692,-0.0001392805623261495,0.0005576807763421066,0.001175152817488196,0.6,0.35,0,1437.6659096772146,1434.4809344823593,44.75137748942856,0.9781215885504935,1.8279201403515661,1437.3665499295373,0.001175152817488196,0,RELIANCE,5m,2026-02-19 04:05:00
1435.4000244140625,1436.5,1435.0,1435.5,46607,6.96499820518337e-05,-0.0004873633168583913,0.0011471867527263454,0.55,0.35,0,1437.459632565099,1434.5208978359922,38.271595635662194,0.7023529946120561,1.6028067112036644,1437.1940406064048,0.0011471867527263454,0,RELIANCE,5m,2026-02-19 04:10:00
1435.699951171875,1435.699951171875,1434.800048828125,1435.0,46216,-0.0003483106931382318,-0.0013917884481559062,0.0011409075309214013,0.5,0.4,0,1437.2253818446134,1434.5396861561494,37.804986974320805,0.4384049168013462,1.3699263523232008,1437.008676119538,0.0011409075309214013,0,RELIANCE,5m,2026-02-19 04:15:00
1434.800048828125,1434.9000244140625,1433.4000244140625,1433.9000244140625,77099,-0.0007665335093640646,-0.002157255105036504,0.001151294867069734,0.5,0.45,0,1436.908681136942,1434.51460138195,33.52960183822209,0.1388645821252794,1.1237139982836166,1436.6193279774873,0.001151294867069734,0,RELIANCE,5m,2026-02-19 04:20:00
1433.9000244140625,1434.699951171875,1432.5,1433.0999755859375,43938,-0.0005579530054419246,-0.002366880900844026,0.0011545578167005573,0.5,0.5,0,1436.5459472749417,1434.4591258605378,27.108810271419017,-0.16122207756689022,0.8667267831135153,1436.395888832858,0.0011545578167005573,-1,RELIANCE,5m,2026-02-19 04:25:00
1433.0999755859375,1433.4000244140625,1431.5999755859375,1432.199951171875,41378,-0.0006280262573408191,-0.002854624741950862,0.0011601940363647589,0.45,0.5,0,1436.1320428841734,1434.370530774708,20.245486066905812,-0.46629223910190376,0.6001229786704315,1436.1483292622759,0.0011601940363647589,0,RELIANCE,5m,2026-02-19 04:30:00
1432.199951171875,1432.9000244140625,1430.5,1430.5999755859375,62561,-0.001117145399026409,-0.004661568924074211,0.0011620710912321308,0.4,0.55,0,1435.6051793319605,1434.2226658653444,18.4358761030565,-0.8276268313300079,0.31457301667034365,1435.7359388893274,0.0011620710912321308,-1,RELIANCE,5m,2026-02-19 04:35:00
1431.0,1431.5,1429.199951171875,1429.199951171875,83513,-0.0009786274555814156,-0.007017367688185283,0.001107250840168258,0.35,0.6,-1,1434.9951576024284,1434.0256966616791,17.647135620659043,-1.2129749485127377,0.009063423633727363,1435.1440061384278,0.001107250840168258,-1,RELIANCE,5m,2026-02-19 04:40:00
1429.5999755859375,1432.0,1429.4000244140625,1431.199951171875,48243,0.0013993843187303234,-0.0054204647867442945,0.0011745062919882227,0.35,0.6,0,1434.6337093709471,1433.9148831130594,25.72827040223754,-1.3415186306528994,-0.261052987223598,1434.9046760463052,0.0011745062919882227,-1,RELIANCE,5m,2026-02-19 04:45:00
1431.0,1431.300048828125,1429.5999755859375,1430.5,27308,-0.0004890659556702204,-0.0062521708926710495,0.0011661856064814377,0.3,0.6,-1,1434.2400227641901,1433.7809661282336,24.528128058962395,-1.482778091845148,-0.505398008147908,1434.7684299594982,0.0011661856064814377,-1,RELIANCE,5m,2026-02-19 04:50:00
1430.4000244140625,1431.0,1429.699951171875,1431.0,28175,0.0003495281370149428,-0.0067328045398939995,0.001145987336170813,0.25,0.6,-1,1433.9314491676005,1433.6719086330086,32.02232935803096,-1.5366676629575977,-0.711651939109846,1434.6394265494655,0.001145987336170813,-1,RELIANCE,5m,2026-02-19 04:55:00
1430.9000244140625,1431.800048828125,1430.300048828125,1430.5999755859375,29023,-0.00027954186866696595,-0.007836915622993268,0.0011127207159859235,0.25,0.6,-1,1433.614165969347,1433.5514406703783,17.21840920298466,-1.5932877341765561,-0.8879790981231881,1434.5247892008965,0.0011127207159859235,-1,RELIANCE,5m,2026-02-19 05:00:00
1430.5999755859375,1431.0,1427.199951171875,1427.4000244140625,50098,-0.002236789617282353,-0.010056175708778592,0.0011814573344538384,0.2,0.65,-1,1433.0223429640816,1433.3102086603267,18.309750184825404,-1.8747578238089773,-1.085334843260346,1434.2236685634318,0.0011814573344538384,-1,RELIANCE,5m,2026-02-19 05:05:00
1427.199951171875,1428.699951171875,1427.0,1428.5,30398,0.0007706148011235037,-0.008880905012479734,0.0012154450192990857,0.2,0.7,-1,1432.591643634169,1433.1215730265883,25.5171194531204,-1.9861707210950499,-1.2655020188272867,1434.0414650990765,0.0012154450192990857,-1,RELIANCE,5m,2026-02-19 05:10:00
1428.300048828125,1428.800048828125,1427.5,1428.800048828125,23629,0.00021004468192153958,-0.008603873691271913,0.0012215842141250497,0.25,0.65,-1,1432.2305393669267,1432.9521014893937,27.397306087639947,-2.026890084860952,-1.4177796320340197,1433.9138630871714,0.0012215842141250497,-1,RELIANCE,5m,2026-02-19 05:15:00
1428.5,1429.0999755859375,1428.199951171875,1428.5999755859375,18048,-0.000140028860127539,-0.00881154014565777,0.0012179577713630318,0.25,0.6,-1,1431.884771387785,1432.7814298853366,26.5306461390266,-2.0516545164205127,-1.5445546089113182,1433.824701484814,0.0012179577713630318,0,RELIANCE,5m,2026-02-19 05:20:00
1428.199951171875,1428.300048828125,1427.300048828125,1428.0,30203,-0.0004199745178431469,-0.00653960223626282,0.0010953895217179954,0.2,0.6,-1,1431.5147931603767,1432.5939228310096,26.351429372659638,-2.0955374708919408,-1.6547511813074427,1433.660975396716,0.0010953895217179954,0,RELIANCE,5m,2026-02-19 05:25:00
1428.300048828125,1428.9000244140625,1427.5999755859375,1427.800048828125,23976,-0.00014002182904415683,-0.00881634930362718,0.0009290174357504232,0.25,0.6,-1,1431.1610079858765,1432.405927772073,28.057680316855325,-2.1219884549618655,-1.7481986360383273,1433.54225603864,0.0009290174357504232,0,RELIANCE,5m,2026-02-19 05:30:00
1427.5999755859375,1429.5,1427.5,1428.300048828125,22012,0.0003501890901393967,-0.0056390806518132885,0.0007517185467780265,0.3,0.6,0,1430.8885356851383,1432.2449129115262,32.35317877049842,-2.078643915928751,-1.814287692016412,1433.4440467057123,0.0007517185467780265,0,RELIANCE,5m,2026-02-19 05:35:00
1428.199951171875,1429.4000244140625,1427.5,1427.699951171875,20583,-0.0004201481731673784,-0.005502942705775782,0.0007497083562420724,0.3,0.55,0,1430.5848609695895,1432.0666791178144,33.08276887493804,-2.0688673076017494,-1.8652036151334794,1433.3514481942693,0.0007497083562420724,0,RELIANCE,5m,2026-02-19 05:40:00
1427.5,1428.199951171875,1427.0,1427.0999755859375,25079,-0.00042023927047485365,-0.005782394236417243,0.0007496518271744302,0.3,0.55,0,1430.2529671235275,1431.87190643029,35.77241420376728,-2.0854920366214174,-1.909261299431067,1433.2268020586532,0.0007496518271744302,0,RELIANCE,5m,2026-02-19 05:45:00
1427.0,1427.800048828125,1425.199951171875,1425.699951171875,33454,-0.0009810275650012912,-0.006826923600226409,0.000759892310784915,0.3,0.6,0,1429.8193465567035,1431.6298689691757,35.77241420376728,-2.186433677441073,-1.9646957750330682,1433.0356883639697,0.000759892310784915,0,RELIANCE,5m,2026-02-19 05:50:00
1425.4000244140625,1426.5,1425.300048828125,1426.0,16960,0.00021045720586454486,-0.006271777003484358,0.0007698616912551951,0.3,0.55,0,1429.455599265589,1431.409089793914,25.472154406006723,-2.2166668664099234,-2.0150899933084396,1432.9386369405934,0.0007698616912551951,0,RELIANCE,5m,2026-02-19 05:55:00
1425.800048828125,1426.0999755859375,1425.5999755859375,1426.0,20659,0.0,-0.005509466684953002,0.0007652264948469161,0.3,0.5,0,1429.1264945736282,1431.1969686255254,27.273063549604203,-2.215092676953418,-2.0550905300374356,1432.8233966854662,0.0007652264948469161,0,RELIANCE,5m,2026-02-19 06:00:00
1426.0,1426.0,1424.0,1425.199951171875,46949,-0.0005610440589937093,-0.005512542424566336,0.0007652867650971127,0.3,0.5,0,1428.7525380591755,1430.9617914704804,21.568932503590247,-2.2524376751846376,-2.094559959066876,1432.5451400123254,0.0007652867650971127,0,RELIANCE,5m,2026-02-19 06:05:00
1425.199951171875,1425.800048828125,1424.0,1425.800048828125,35575,0.0004210620802762577,-0.004468581596105636,0.0007757749946340358,0.3,0.45,0,1428.4713486085993,1430.7593701903882,26.924024929870072,-2.2081567334121246,-2.117279313935926,1432.3507673272986,0.0007757749946340358,0,RELIANCE,5m,2026-02-19 06:10:00
1425.699951171875,1426.199951171875,1424.5999755859375,1425.4000244140625,25537,-0.00028056136931076114,-0.0036348044600974516,0.0007470844695730032,0.35,0.4,0,1428.178841542453,1430.5491997677873,36.84269699013844,-2.1802102880351413,-2.129865508755769,1432.2211916944636,0.0007470844695730032,0,RELIANCE,5m,2026-02-19 06:15:00
1425.4000244140625,1425.5999755859375,1424.5,1425.199951171875,27142,-0.00014036287270990933,-0.002798768637460536,0.0007231582767084788,0.35,0.4,0,1427.895137697636,1430.3394253130457,25.37438513390417,-2.1494294821957283,-2.133778303443761,1432.0828366677692,0.0007231582767084788,0,RELIANCE,5m,2026-02-19 06:20:00
1425.300048828125,1425.800048828125,1424.0999755859375,1424.9000244140625,32456,-0.00021044538877923458,-0.004401849477883246,0.0006258585340096238,0.35,0.45,0,1427.6098888134864,1430.12611547387,20.896718832552978,-2.124744324600897,-2.1319715076751886,1431.9205082595909,0.0006258585340096238,0,RELIANCE,5m,2026-02-19 06:25:00
1424.800048828125,1425.0,1423.199951171875,1424.300048828125,25245,-0.00042106504011341084,-0.00433411476537926,0.0006245052214163112,0.35,0.5,0,1427.2946659577378,1429.8976422720762,19.719762743918167,-2.129051791180018,-2.131387564376155,1431.7859488466102,0.0006245052214163112,0,RELIANCE,5m,2026-02-19 06:30:00
1424.4000244140625,1424.4000244140625,1422.4000244140625,1422.699951171875,23753,-0.0011234273688093266,-0.005800173884084603,0.0006408218529671573,0.35,0.55,0,1426.8570740733699,1429.61537987599,17.285029687452905,-2.2358070063353352,-2.152271452767991,1431.6474719427183,0.0006408218529671573,0,RELIANCE,5m,2026-02-19 06:35:00
1422.300048828125,1422.300048828125,1421.0,1421.0999755859375,59639,-0.0011246050754549763,-0.0066405705033715234,0.0006673636150056296,0.3,0.6,0,1426.3087789793285,1429.2814424528508,14.737815925064567,-2.421601230120814,-2.2061374082385554,1431.252719064172,0.0006673636150056296,0,RELIANCE,5m,2026-02-19 06:40:00
1421.0,1421.9000244140625,1419.199951171875,1421.4000244140625,111622,0.00021113843732312176,-0.00420344675450246,0.0005043766766794333,0.3,0.6,0,1425.8412785445412,1428.9723672356433,12.904750029531826,-2.51563439089864,-2.2680368047705723,1430.5477354159098,0.0005043766766794333,0,RELIANCE,5m,2026-02-19 06:45:00
1421.5,1424.0,1420.300048828125,1422.5999755859375,117258,0.0008442037085019116,-0.004130223601023775,0.0005121194154258704,0.35,0.55,0,1425.5325830246743,1428.7224695238901,24.243246242432463,-2.464916296419233,-2.3074127031003044,1430.0004130769066,0.0005121194154258704,0,RELIANCE,5m,2026-02-19 06:50:00
1422.5999755859375,1422.800048828125,1420.300048828125,1421.5999755859375,104846,-0.0007029382940824114,-0.00503924481812057,0.0005136960789858356,0.3,0.55,0,1425.1580489828898,1428.4431560361274,23.30173026783598,-2.4768617631787038,-2.3413025151159843,1429.528019682828,0.0005136960789858356,0,RELIANCE,5m,2026-02-19 06:55:00
1421.4000244140625,1421.5999755859375,1420.199951171875,1420.800048828125,33356,-0.0005626946901731156,-0.005459839626984042,0.0005175080626231744,0.25,0.6,0,1424.7430013491025,1428.1434263416959,24.74327997583812,-2.521806223363228,-2.377403256765433,1429.3763768741535,0.0005175080626231744,0,RELIANCE,5m,2026-02-19 07:00:00
1420.699951171875,1421.0,1419.199951171875,1419.4000244140625,44236,-0.000985377509817309,-0.00602239186690301,0.000540843541315438,0.25,0.6,0,1424.2341464029082,1427.80054783473,19.445040972025993,-2.639963446300726,-2.429915294672492,1429.160584173773,0.000540843541315438,0,RELIANCE,5m,2026-02-19 07:05:00
1419.9000244140625,1420.5,1416.9000244140625,1418.300048828125,73749,-0.0007749581280946938,-0.006653592712647094,0.0005494118658631083,0.2,0.65,0,1423.6689942529288,1427.4279792462357,17.647662228422547,-2.7901990557847967,-2.501972046894953,1428.774414405108,0.0005494118658631083,0,RELIANCE,5m,2026-02-19 07:10:00
1418.0999755859375,1418.199951171875,1417.199951171875,1417.9000244140625,34945,-0.0002820449836359318,-0.007281400307026065,0.0005256739442376034,0.15,0.6,0,1423.1195685539892,1427.0543339586995,18.26152490738677,-2.90801865686376,-2.5831813688887144,1428.5875124762267,0.0005256739442376034,0,RELIANCE,5m,2026-02-19 07:15:00
1418.4000244140625,1420.4000244140625,1417.5,1418.199951171875,122764,0.00021152884734343402,-0.00665405920354778,0.0005409533414881801,0.2,0.6,0,1422.6510335652165,1426.707103261177,16.070844686648513,-2.9432618661244305,-2.655197468335858,1428.030934693691,0.0005409533414881801,0,RELIANCE,5m,2026-02-19 07:20:00
1418.699951171875,1419.800048828125,1418.5999755859375,1419.0999755859375,24272,0.0006346244852983851,-0.0056057740430661696,0.0005819358612131991,0.2,0.55,0,1422.31283756719,1426.4087845288147,23.076602049120453,-2.865535801988699,-2.6972651350664263,1427.9333663068958,0.0005819358612131991,0,RELIANCE,5m,2026-02-19 07:25:00
1418.5999755859375,1419.0,1417.5,1418.5,38662,-0.0004227859884852192,-0.005050116727546294,0.0005595431931087709,0.2,0.55,0,1421.9497101798386,1426.0986361159203,22.31391618409637,-2.8198449346414236,-2.721781094981426,1427.7679533924686,0.0005595431931087709,0,RELIANCE,5m,2026-02-19 07:30:00
1418.5,1421.5999755859375,1418.0999755859375,1419.5999755859375,229436,0.0007754498314680447,-0.004488095662035452,0.0005971687136946706,0.25,0.55,0,1421.7259259328002,1425.843786683372,29.45701956924941,-2.664164921349766,-2.7102578602550937,1427.0256969066058,0.0005971687136946706,0,RELIANCE,5m,2026-02-19 07:35:00
1419.9000244140625,1420.699951171875,1417.699951171875,1418.300048828125,356133,-0.0009156993379603184,-0.005399685253769326,0.0006139019264446925,0.25,0.6,0,1421.3996519228313,1425.5479538263035,27.940938874427786,-2.6155304081819395,-2.691312369840463,1426.0029189646434,0.0006139019264446925,0,RELIANCE,5m,2026-02-19 07:40:00
1418.300048828125,1418.5,1417.5999755859375,1418.5,45570,0.0001409794577953427,-0.004701060483734865,0.0006164795537782778,0.25,0.6,0,1421.1234945968474,1425.2715634801739,32.78667200320193,-2.5316693097024654,-2.659383757812864,1425.879237327642,0.0006164795537782778,0,RELIANCE,5m,2026-02-19 07:45:00
1418.5,1422.5,1418.5,1421.4000244140625,267528,0.0020444303236253347,-0.0030860038317988003,0.0007899303102709957,0.3,0.6,0,1421.1498307699155,1425.1197384187578,51.111312053531066,-2.2057742586644054,-2.5686618579831726,1425.446829209022,0.0007899303102709957,0,RELIANCE,5m,2026-02-19 07:50:00
1421.5999755859375,1422.4000244140625,1419.300048828125,1420.5999755859375,140338,-0.0005628597258923174,-0.003367509994324669,0.0007948135073292741,0.25,0.6,0,1421.0974636095366,1424.9424928174708,47.142632928169085,-1.9891279085713904,-2.4527550681008163,1425.246756781504,0.0007948135073292741,0,RELIANCE,5m,2026-02-19 07:55:00
1420.5,1420.5,1417.0,1418.699951171875,226564,-0.001337480252510126,-0.004560763557882042,0.0008365744796665431,0.25,0.6,0,1420.869129091664,1424.6976872627415,36.73445661471006,-1.9482915145081279,-2.351862357382279,1424.8262528707994,0.0008365744796665431,0,RELIANCE,5m,2026-02-19 08:00:00
1418.800048828125,1419.0,1417.4000244140625,1418.199951171875,103246,-0.0003524353402472036,-0.004702135677864594,0.0008370182384286697,0.2,0.55,0,1420.6149216707317,1424.4428740827075,38.027938964109175,-1.933980476259194,-2.2682859811576623,1424.6368799275426,0.0008370182384286697,0,RELIANCE,5m,2026-02-19 08:05:00
1418.0999755859375,1418.5,1417.0999755859375,1417.5999755859375,38325,-0.0004230542988256092,-0.004704116416832327,0.0008370415924776591,0.2,0.55,0,1420.3277839483703,1424.1745251220498,38.57106733980312,-1.94858976111027,-2.204346737148184,1424.5644115378755,0.0008370415924776591,0,RELIANCE,5m,2026-02-19 08:10:00
1417.699951171875,1417.9000244140625,1416.199951171875,1416.4000244140625,52137,-0.0008464666990269931,-0.004428148572454327,0.0008237625050234574,0.2,0.55,0,1419.9537116117697,1423.8696427413443,39.13028094260845,-2.0335522314867376,-2.1701878360158946,1424.4555633380994,0.0008237625050234574,0,RELIANCE,5m,2026-02-19 08:15:00
1416.4000244140625,1417.5999755859375,1414.0,1417.0,372535,0.0004235919059558668,-0.002885071885422419,0.0008070077788302158,0.2,0.55,0,1419.6724057439822,1423.6002449867817,45.11252661722593,-2.029082584823982,-2.141966785777512,1423.7009586954166,0.0008070077788302158,0,RELIANCE,5m,2026-02-19 08:20:00
1416.800048828125,1417.300048828125,1415.5999755859375,1415.699951171875,59439,-0.0009174656514643331,-0.004010182316225297,0.0008202081422870164,0.2,0.5,0,1419.294076737115,1423.29042954306,42.253169997850854,-2.1061648754675844,-2.1348064037155265,1423.5931370441665,0.0008202081422870164,0,RELIANCE,5m,2026-02-19 08:25:00
1415.699951171875,1416.199951171875,1413.800048828125,1414.4000244140625,396376,-0.0009182219415466708,-0.005764059688316503,0.00079638136562764,0.15,0.55,0,1418.8279765158718,1422.941786204668,37.50010038789884,-2.246252965620897,-2.1570957160966007,1422.823981672469,0.00079638136562764,0,RELIANCE,5m,2026-02-19 08:30:00
1414.4000244140625,1415.0999755859375,1413.5999755859375,1415.0999755859375,30627,0.0004948749715731893,-0.004572312965411274,0.0008085362419763629,0.15,0.6,0,1418.472928808259,1422.6342642196198,36.66644964924559,-2.2745737066954916,-2.180591314216379,1422.7687706555425,0.0008085362419763629,0,RELIANCE,5m,2026-02-19 08:35:00
1415.0999755859375,1415.5,1414.0,1414.199951171875,50561,-0.0006360147195182408,-0.004645338843909608,0.000810294135515525,0.2,0.55,0,1418.065978557175,1422.3035068451984,35.94737346013915,-2.342638072970658,-2.2130006659672348,1422.678863783976,0.000810294135515525,0,RELIANCE,5m,2026-02-19 08:40:00
1414.0999755859375,1416.5,1414.0999755859375,1415.9000244140625,285627,0.0012021448881953667,-0.002465830590248741,0.0008499826390445035,0.25,0.5,0,1417.8596972102118,1422.0523898871145,38.36486195989313,-2.233649747194022,-2.2171304822125926,1422.2602503730861,0.0008499826390445035,0,RELIANCE,5m,2026-02-19 08:45:00
1416.0,1416.5999755859375,1413.199951171875,1414.699951171875,574578,-0.0008475691937953611,-0.0025383187846779176,0.0008530630019790445,0.3,0.5,0,1417.5587690160846,1421.7640589571051,38.607321105737284,-2.218537673701121,-2.2174119205102985,1421.4805147919294,0.0008530630019790445,0,RELIANCE,5m,2026-02-19 08:50:00
1414.699951171875,1414.699951171875,1412.300048828125,1412.4000244140625,57434,-0.0016257346696784136,-0.0038789758835591215,0.0009164935290414847,0.3,0.55,0,1417.067460006368,1421.3968419162015,32.96098529020642,-2.3648851902635215,-2.246906574460943,1421.393826189182,0.0009164935290414847,0,RELIANCE,5m,2026-02-19 08:55:00
1412.9000244140625,1414.0999755859375,1412.5,1413.800048828125,43733,0.0009912378857706017,-0.003102455574134133,0.0009505965454768579,0.25,0.55,0,1416.7562779893926,1421.0989284617672,26.829377219034015,-2.3409118076419873,-2.265707621097152,1421.3316306741979,0.0009505965454768579,0,RELIANCE,5m,2026-02-19 09:00:00
1413.800048828125,1415.300048828125,1413.800048828125,1414.699951171875,123690,0.0006365131649952449,-0.003100573948108032,0.0009506791989061482,0.3,0.55,0,1416.5604373401054,1420.847988175889,32.1210058668166,-2.2236651037201227,-2.257299117621746,1421.1854955467634,0.0009506791989061482,0,RELIANCE,5m,2026-02-19 09:05:00
1414.699951171875,1414.699951171875,1411.800048828125,1411.800048828125,100667,-0.002049835614504558,-0.004723264837416252,0.0010402154336501272,0.3,0.55,0,1416.107067005631,1420.4931670249964,30.285718271739285,-2.3377954787390536,-2.2733983898452075,1421.0393341638742,0.0010402154336501272,0,RELIANCE,5m,2026-02-19 09:10:00
1411.5999755859375,1412.800048828125,1410.800048828125,1412.4000244140625,208973,0.00042497206770564233,-0.005071816917229244,0.0010251187274237332,0.25,0.6,0,1415.7540153302434,1420.1757888833913,33.522683923233245,-2.3527110195054775,-2.2892609157772617,1420.7248905253732,0.0010251187274237332,0,RELIANCE,5m,2026-02-19 09:15:00
1412.199951171875,1412.800048828125,1411.5999755859375,1412.0,56517,-0.00028322317130269337,-0.004441971805141276,0.0010133096569935047,0.25,0.55,0,1415.3964900606966,1419.8551697114935,33.90791292207747,-2.3694962423730885,-2.305307981096427,1420.6448145970878,0.0010133096569935047,0,RELIANCE,5m,2026-02-19 09:20:00
1412.199951171875,1413.4000244140625,1411.199951171875,1412.5,64611,0.0003541076487252326,-0.004229820232640069,0.001018436416835383,0.3,0.55,0,1415.1206338644397,1419.566731683592,38.32316070319067,-2.3157582119429208,-2.3073980272657257,1420.5575398690298,0.001018436416835383,-1,RELIANCE,5m,2026-02-19 09:25:00
1412.5,1413.9000244140625,1407.199951171875,1413.9000244140625,1634188,0.0009911677267699925,-0.005276487878978164,0.0009179187301355646,0.3,0.6,0,1415.0043853453562,1419.3445078691007,41.14286511485153,-2.1355825002344773,-2.273034921859476,1418.685839299621,0.0009179187301355646,-1,RELIANCE,5m,2026-02-19 09:30:00
1413.300048828125,1414.5,1408.0,1412.9000244140625,1296294,-0.0007072635849302289,-0.005420210688585336,0.0009209554154702307,0.35,0.6,0,1414.8039700185664,1419.0917830277267,41.860597156869005,-2.049854150602414,-2.2283987676080637,1417.7005080474944,0.0009209554154702307,-1,RELIANCE,5m,2026-02-19 09:35:00
1413.0999755859375,1414.4000244140625,1407.0999755859375,1409.300048828125,1248265,-0.0025479336992937363,-0.006625715561620726,0.0010282345808984067,0.35,0.6,-1,1414.279787048048,1418.707793451272,36.923057661368574,-2.2465054430667806,-2.232020102699807,1416.8002272057897,0.0010282345808984067,-1,RELIANCE,5m,2026-02-19 09:40:00
1409.4000244140625,1409.4000244140625,1403.300048828125,1404.199951171875,375556,-0.003618887021603956,-0.009871668651822763,0.0012640555440100703,0.35,0.65,-1,1413.319802678889,1418.138858459923,27.196624938071096,-2.781821163951463,-2.3419803149501384,1416.4076518242002,0.0012640555440100703,0,RELIANCE,5m,2026-02-19 09:45:00
1403.5999755859375,1406.300048828125,1401.0999755859375,1405.5999755859375,708348,0.0009970263942069568,-0.008465011432467029,0.0013074575893772156,0.35,0.65,-1,1412.5845810509888,1417.647137562904,32.37711684218425,-3.0578435428506054,-2.4851529605302316,1415.6568192581872,0.0013074575893772156,0,RELIANCE,5m,2026-02-19 09:50:00
1406.0,1407.5,1405.0,1407.300048828125,195760,0.001209500051021939,-0.00642472142691608,0.0013525525282185376,0.4,0.6,-1,1412.081292267859,1417.2413693772264,32.37711684218425,-3.1036347942599605,-2.6088493272761775,1415.5038047564512,0.0013525525282185376,0,RELIANCE,5m,2026-02-19 09:55:00
1410.4000244140625,1413.9000244140625,1410.0,1411.4000244140625,94201,0.0007090187058209629,-0.003037315042819011,0.0014636157964442959,0.5,0.55,0,1411.8715384621814,1416.7545300874792,47.99999999999999,-2.551172331533053,-2.6369941275420223,1411.7666829427083,0.0014636157964442959,0,RELIANCE,5m,2026-02-20 03:50:00
1411.0,1411.5,1408.4000244140625,1408.5999755859375,69332,-0.001983880388047643,-0.004100713184396199,0.001511624254281744,0.5,0.55,0,1411.5599610453962,1416.4347436364385,40.15138554300432,-2.5059733608450188,-2.6107899742026217,1410.8056924283542,0.001511624254281744,0,RELIANCE,5m,2026-02-20 03:55:00
1408.9000244140625,1415.0,1408.5,1414.5,90469,0.004188573417806651,-0.00042398105878638237,0.0017997344636203586,0.55,0.5,0,1411.8399647553586,1416.3588713369704,49.681607899545156,-1.9713457426785226,-2.482901127897802,1411.4685237382096,0.0017997344636203586,0,RELIANCE,5m,2026-02-20 04:00:00
1414.5999755859375,1416.5,1413.5,1414.5999755859375,413042,7.067909928415439e-05,0.00028286269825628096,0.0017939245828650868,0.55,0.5,0,1412.1028229296994,1416.2898950330084,54.89493924274306,-1.522037211702127,-2.290728344658667,1413.5726913645,0.0017939245828650868,0,RELIANCE,5m,2026-02-20 04:05:00
1415.0999755859375,1417.5,1413.9000244140625,1417.300048828125,178132,0.001908718569763268,0.0009887876191272404,0.0018252049771650322,0.55,0.5,0,1412.5977968247876,1416.3295089073267,57.98041328524794,-0.9372792468971056,-2.020038525106355,1414.1334619307704,0.0018252049771650322,0,RELIANCE,5m,2026-02-20 04:10:00
1417.300048828125,1417.5,1416.0,1416.0,47516,-0.000917271419837995,0.0009189572863474993,0.0018270766235707822,0.5,0.45,0,1412.9218161748079,1416.3165869893924,56.32904546683663,-0.5721618961238164,-1.7304631993098472,1414.2594274630005,0.0018270766235707822,0,RELIANCE,5m,2026-02-20 04:15:00
1416.199951171875,1416.5999755859375,1414.5,1415.5,43693,-0.0003531073446327859,0.0021948283293351523,0.0017874670363633167,0.5,0.45,0,1413.1673574914928,1416.2845639702005,54.746784100127485,-0.3194669700635586,-1.4482639534605897,1414.3188692669785,0.0017874670363633167,0,RELIANCE,5m,2026-02-20 04:20:00
1415.5,1416.4000244140625,1414.4000244140625,1415.5,43787,0.0,0.0012023985805376114,0.0017754820144845259,0.5,0.5,0,1413.3895139208744,1416.2537967556827,52.648938363224076,-0.11784596565644279,-1.1821803558997603,1414.368656192898,0.0017754820144845259,0,RELIANCE,5m,2026-02-20 04:25:00
1415.5,1415.5,1413.0999755859375,1414.199951171875,44684,-0.0009184378863476006,-0.0003534318351999799,0.0017830103670084417,0.45,0.55,0,1413.4666984209698,1416.1732537916118,52.13100188506318,-0.06224541612050416,-0.9581933679439092,1414.3642083573893,0.0017830103670084417,0,RELIANCE,5m,2026-02-20 04:30:00
1414.0999755859375,1414.9000244140625,1410.5,1410.800048828125,37120,-0.0024041171412377826,-0.0007083156009450864,0.0018058911942630867,0.45,0.55,0,1413.2127317930797,1415.9625398714752,52.47522359197487,-0.28919166352284265,-0.8243930270596959,1414.2839016072278,0.0018058911942630867,0,RELIANCE,5m,2026-02-20 04:35:00
1410.699951171875,1413.300048828125,1410.5999755859375,1410.800048828125,62828,0.0,-0.0011328062576331233,0.0018027054333386026,0.45,0.5,0,1412.9829524630838,1415.7600892423243,63.09533036233288,-0.46370292102028543,-0.7522550058518138,1414.132126806499,0.0018027054333386026,0,RELIANCE,5m,2026-02-20 04:40:00
1411.0,1414.699951171875,1411.0,1414.199951171875,41693,0.0024099108492192656,0.0015580390735658867,0.0018835426866472729,0.5,0.5,0,1413.0988571020164,1415.6989073572086,65.8087360820023,-0.3239266204582236,-0.6665893287730958,1414.1023837208868,0.0018835426866472729,0,RELIANCE,5m,2026-02-20 04:45:00
1414.0999755859375,1415.199951171875,1413.0,1414.199951171875,66555,0.0,0.0012035052544248082,0.0018824898131146834,0.5,0.45,0,1413.2037232039077,1415.6401247617052,63.52922028186274,-0.21072380240548227,-0.5754162234995732,1414.1040524947523,0.0018824898131146834,0,RELIANCE,5m,2026-02-20 04:50:00
1414.199951171875,1415.800048828125,1414.0,1414.699951171875,47287,0.00035355679342630175,0.0005657590664120971,0.001871288478399603,0.5,0.4,0,1413.346221105619,1415.6032552091629,59.38847636156228,-0.07974468510042243,-0.4762819158197431,1414.1309871605042,0.001871288478399603,1,RELIANCE,5m,2026-02-20 04:55:00
1415.199951171875,1416.0999755859375,1413.5,1414.4000244140625,176962,-0.00021200732887849405,0.0010616462411217054,0.001864283309648094,0.5,0.45,0,1413.4465833254708,1415.5560696877865,56.756771618040055,-0.00014272846078711154,-0.38105407834795196,1414.196035435891,0.001864283309648094,1,RELIANCE,5m,2026-02-20 05:00:00
1414.800048828125,1417.800048828125,1414.800048828125,1417.800048828125,60815,0.0024038633734264625,0.006031362879088897,0.0018289238023965527,0.55,0.4,0,1413.8611990876284,1415.6440688697605,70.17566402715538,0.33345212220433496,-0.2381528382374946,1414.3003509654345,0.0018289238023965527,1,RELIANCE,5m,2026-02-20 05:05:00
1417.199951171875,1420.0,1417.0,1420.0,111558,0.001551665323818563,0.01125199357466089,0.001596093908910019,0.6,0.35,1,1414.4458467935685,1415.8148896983976,64.39801618242942,0.7665102653857048,-0.03722021751285476,1414.6220615940622,0.001596093908910019,1,RELIANCE,5m,2026-02-20 05:10:00
1420.0,1420.9000244140625,1418.9000244140625,1420.300048828125,94622,0.00021130199163721386,0.010458219619746023,0.0015944612024287015,0.65,0.3,1,1415.0033898444785,1415.9907782917203,64.76708516492205,1.1210011927387313,0.19442406453746247,1414.9190108618543,0.0015944612024287015,1,RELIANCE,5m,2026-02-20 05:15:00
1420.300048828125,1421.5999755859375,1419.0,1421.5999755859375,48987,0.0009152479850191853,0.01016124938652574,0.0015891277021973728,0.65,0.3,1,1415.63163610557,1416.2107468130623,62.01111603641695,1.4896591684362193,0.4534710853172138,1415.0796312578068,0.0015891277021973728,1,RELIANCE,5m,2026-02-20 05:20:00
1421.5,1421.800048828125,1420.0999755859375,1420.5999755859375,63400,-0.000703432763909384,0.007231956179320376,0.001558463444367886,0.65,0.3,1,1416.1048112941762,1416.3828734316066,63.0683118666639,1.6817455121486091,0.6991259706834929,1415.2782418572344,0.001558463444367886,0,RELIANCE,5m,2026-02-20 05:25:00
1420.699951171875,1421.800048828125,1419.800048828125,1421.5,45464,0.0006335523226312922,0.0071559978824078385,0.0015576689470708966,0.6,0.35,1,1416.6186387899688,1416.5835450617399,66.66689272586706,1.8848721391173058,0.9362752043702556,1415.4172591384654,0.0015576689470708966,0,RELIANCE,5m,2026-02-20 05:30:00
1421.5,1422.0,1420.0,1420.5,36494,-0.000703482237073505,0.008448121979494072,0.001480777748517399,0.65,0.3,1,1416.9882922385432,1416.737131529907,63.15806381146961,1.9427648281771326,1.137573129131631,1415.5202769576758,0.001480777748517399,0,RELIANCE,5m,2026-02-20 05:35:00
1420.5,1421.300048828125,1419.0,1420.300048828125,56434,-0.00014076112064409507,0.00410042334968197,0.001188801868503008,0.6,0.35,0,1417.303697628027,1416.8768537768958,67.03970429777542,1.9500320571410157,1.300064914733508,1415.653992045566,0.001188801868503008,0,RELIANCE,5m,2026-02-20 05:40:00
1420.0999755859375,1421.9000244140625,1420.0999755859375,1420.9000244140625,26576,0.0004224287582279551,0.004453590369613458,0.0011893073557425076,0.6,0.35,0,1417.6462049409827,1417.0346251744318,83.44422257613363,1.9813644678040419,1.4363248253476149,1415.7245287460228,0.0011893073557425076,0,RELIANCE,5m,2026-02-20 05:45:00
1420.699951171875,1421.199951171875,1419.5,1420.9000244140625,39414,0.0,0.0025400236096189133,0.001121560395795713,0.55,0.4,0,1417.9560925098474,1417.186209458339,83.44422257613363,1.9833330007413679,1.5457264604263656,1415.8173890435892,0.001121560395795713,0,RELIANCE,5m,2026-02-20 05:50:00
1420.9000244140625,1421.5999755859375,1420.0999755859375,1421.0,44697,7.036074616073584e-05,0.003531073446327637,0.0010945585760911176,0.6,0.4,0,1418.2459884612904,1417.3357698717375,78.81424315153521,1.970248473565107,1.630630863054114,1415.9263069040298,0.0010945585760911176,0,RELIANCE,5m,2026-02-20 05:55:00
1421.0999755859375,1421.9000244140625,1420.300048828125,1421.300048828125,27884,0.000211153292135835,0.004097526547597985,0.0010874291097001442,0.65,0.35,0,1418.5368513533697,1417.4912317915957,79.33960170295192,1.9614796083790225,1.696800612119096,1415.9954402055498,0.0010874291097001442,0,RELIANCE,5m,2026-02-20 06:00:00
1421.4000244140625,1422.300048828125,1421.300048828125,1422.0,24896,0.0004924724884460829,0.004592016955139444,0.0010881173682439332,0.7,0.3,0,1418.866675034001,1417.668046231141,79.67546645494244,1.9880929316066158,1.7550590760165998,1416.063790915703,0.0010881173682439332,0,RELIANCE,5m,2026-02-20 06:05:00
1422.0,1423.0,1421.800048828125,1422.5999755859375,30513,0.0004219237594498271,0.005939771393077553,0.0010544389067025529,0.75,0.25,0,1419.2222274675187,1417.861455225447,82.53986707744772,2.034148796470845,1.8108770201074489,1416.1538629498862,0.0010544389067025529,0,RELIANCE,5m,2026-02-20 06:10:00
1422.800048828125,1423.800048828125,1420.9000244140625,1421.199951171875,53736,-0.0009841307732947335,0.007371634522119974,0.0008994248003735495,0.8,0.25,0,1419.4105821060286,1417.9923766351108,66.03749683303775,1.9353684091720424,1.8357752979203676,1416.2943877485873,0.0008994248003735495,0,RELIANCE,5m,2026-02-20 06:15:00
1421.0999755859375,1422.5,1421.0,1421.5,36871,0.0002111235846000703,0.007584314432624861,0.0008961152015380925,0.8,0.25,0,1419.6095742864068,1418.1299304925574,58.62073803844535,1.8598564064470793,1.84059151962571,1416.3820474499003,0.0008961152015380925,0,RELIANCE,5m,2026-02-20 06:20:00
1421.199951171875,1422.9000244140625,1420.800048828125,1422.199951171875,19580,0.000492403216232784,0.005656908694821272,0.0007594638518854731,0.8,0.3,0,1419.8562768469274,1418.2895391466484,60.439191908351894,1.8353361968668196,1.8395404550739323,1416.4300226116454,0.0007594638518854731,0,RELIANCE,5m,2026-02-20 06:25:00
1422.0999755859375,1422.199951171875,1420.300048828125,1421.4000244140625,18950,-0.0005624573092928298,0.00509126961588513,0.0007805900240088056,0.75,0.35,0,1420.0033004247496,1418.4115189610568,48.8374733853797,1.7313978731037878,1.8179119386799036,1416.4701786237301,0.0007805900240088056,0,RELIANCE,5m,2026-02-20 06:30:00
1421.5,1422.0,1420.699951171875,1421.4000244140625,17789,0.0,0.0047360383639212245,0.0007822241677994795,0.7,0.35,0,1420.136321757065,1418.5287152533315,55.263580584021334,1.6302336835674396,1.7803762876574107,1416.5077883800402,0.0007822241677994795,0,RELIANCE,5m,2026-02-20 06:35:00
1421.5999755859375,1422.800048828125,1420.800048828125,1422.4000244140625,23371,0.000703531717197059,0.0056561084996544775,0.0007813805379573843,0.7,0.3,0,1420.3519124863028,1418.6805312988504,55.844444092141345,1.6121679090470025,1.746734611935329,1416.5626580314386,0.0007813805379573843,0,RELIANCE,5m,2026-02-20 06:40:00
1422.5,1424.5,1422.199951171875,1424.0,45046,0.0011248422092768884,0.0043729376205055015,0.0006377470456098115,0.7,0.3,0,1420.6993493923694,1418.8891379145816,71.08483350982468,1.7072749084115912,1.7388426712305816,1416.6949773169824,0.0006377470456098115,0,RELIANCE,5m,2026-02-20 06:45:00
1424.0,1425.5999755859375,1423.699951171875,1425.199951171875,65728,0.0008426623397999045,0.0036619374449824438,0.000576498466938352,0.7,0.3,0,1421.1279781332748,1419.1366207874166,76.34411424971123,1.8580554155457776,1.7626852200936207,1416.9132988195352,0.000576498466938352,0,RELIANCE,5m,2026-02-20 06:50:00
1425.0999755859375,1426.5,1425.0,1426.199951171875,121783,0.0007016559319819038,0.004153983060563915,0.0005880790120310856,0.7,0.3,0,1421.61102318457,1419.4136141358267,77.31969142094864,2.034785950587775,1.8171053661924517,1417.3388292126072,0.0005880790120310856,0,RELIANCE,5m,2026-02-20 06:55:00
1426.0,1426.199951171875,1424.4000244140625,1424.5999755859375,115906,-0.0011218452115517863,0.002110298291728263,0.0006336810205096676,0.65,0.35,0,1421.8956853180337,1419.6170008593604,66.37174833635814,2.0224282210378988,1.8581699371615412,1417.6720741872275,0.0006336810205096676,0,RELIANCE,5m,2026-02-20 07:00:00
1424.5999755859375,1425.9000244140625,1424.199951171875,1424.4000244140625,177050,-0.00014035601242567974,0.002674960505020252,0.0006078256589283669,0.6,0.4,0,1422.1341938033697,1419.8045704105252,64.91267521175324,1.9737481033087079,1.8812855703909745,1418.1146433595334,0.0006078256589283669,0,RELIANCE,5m,2026-02-20 07:05:00
1425.0,1425.5,1423.300048828125,1424.699951171875,198711,0.00021056357250204272,0.0022511088089165465,0.0005967783630355149,0.6,0.4,0,1422.3785516479893,1419.9965461266565,64.91229948814598,1.9370413353028653,1.8924367233733528,1418.5288131413126,0.0005967783630355149,0,RELIANCE,5m,2026-02-20 07:10:00
1424.800048828125,1426.4000244140625,1423.0999755859375,1425.699951171875,135343,0.0007019021788956525,0.0036606484842485187,0.0005780758895988328,0.6,0.45,0,1422.694875412169,1420.2202090696062,65.81215308209173,1.9659800061210717,1.9071453799228968,1418.805422366752,0.0005780758895988328,0,RELIANCE,5m,2026-02-20 07:15:00
1425.699951171875,1427.0,1425.5999755859375,1426.800048828125,53383,0.0007716193406233085,0.004576497765639731,0.000587121570535738,0.65,0.4,0,1423.0858443089269,1420.4782420013128,67.21365605707368,2.0540055013505025,1.9365174042084181,1418.9311734928451,0.000587121570535738,0,RELIANCE,5m,2026-02-20 07:20:00
1427.300048828125,1427.300048828125,1423.5,1425.199951171875,110773,-0.0011214589301172806,0.0030261993693649902,0.0006575513490469936,0.65,0.45,0,1423.2871878196838,1420.6634070668251,66.12915928332349,1.9719207572129562,1.9435980748093258,1419.1420479015364,0.0006575513490469936,0,RELIANCE,5m,2026-02-20 07:25:00
1425.199951171875,1426.800048828125,1424.5999755859375,1425.0,167825,-0.00014029692585282305,0.0028854778770435185,0.0006599941864495488,0.65,0.4,0,1423.4503127892378,1420.8334695347928,64.22786820166732,1.8691867957336399,1.9287158189941889,1419.4426597880304,0.0006599941864495488,0,RELIANCE,5m,2026-02-20 07:30:00
1425.0,1425.0,1422.4000244140625,1423.0,52130,-0.0014035087719298511,0.0014074595355384467,0.0007454364972338262,0.6,0.45,0,1423.4074258569294,1420.9184315138205,52.9413876671753,1.6078517912046664,1.8645430134362844,1419.5012057401486,0.0007454364972338262,0,RELIANCE,5m,2026-02-20 07:35:00
1423.699951171875,1423.9000244140625,1420.4000244140625,1421.9000244140625,73671,-0.0007729976007994077,0.0004221315452934693,0.0007678161162478272,0.55,0.5,0,1423.2638638147516,1420.9569253530456,51.79857378719218,1.2970317062570302,1.7510407520004336,1419.552892183893,0.0007678161162478272,0,RELIANCE,5m,2026-02-20 07:40:00
1421.800048828125,1421.800048828125,1419.300048828125,1420.0,46053,-0.001336257389013995,-0.0014064697609000865,0.0008161313620740696,0.5,0.55,0,1422.953019641918,1420.9193988686125,45.56952245563342,0.8871618094499354,1.578264963490334,1419.563013908257,0.0008161313620740696,0,RELIANCE,5m,2026-02-20 07:45:00
1420.300048828125,1421.0,1419.0,1420.9000244140625,165405,0.0006338200099031965,-0.001194960776781162,0.0008241898456182504,0.45,0.6,0,1422.7574962868841,1420.9186390860812,45.22291507922933,0.6277253841906258,1.3881570476303926,1419.5945282618743,0.0008241898456182504,0,RELIANCE,5m,2026-02-20 07:50:00
1420.699951171875,1421.9000244140625,1419.5,1421.4000244140625,185381,0.00035188964136034784,0.00014077768720888173,0.0007990597126815869,0.45,0.55,0,1422.6282132513772,1420.9375169420805,41.095959131459914,0.45719570190249215,1.2019647784848124,1419.6557567288985,0.0007990597126815869,0,RELIANCE,5m,2026-02-20 07:55:00
1420.699951171875,1424.5,1420.699951171875,1424.5,347069,0.0021809311472436033,0.002110446711220515,0.0009352846087434937,0.5,0.55,0,1422.806478656008,1421.077222160038,47.87893584280303,0.56567111777008,1.074706046341866,1419.9379131953365,0.0009352846087434937,0,RELIANCE,5m,2026-02-20 08:00:00
1424.199951171875,1425.0,1420.699951171875,1421.4000244140625,190114,-0.0021761850375131564,-0.0005624573092928298,0.0010593564536089965,0.5,0.5,0,1422.6725306329656,1421.0898810719605,37.09695414481759,0.3969210849670617,0.9391490540669053,1420.0384939732003,0.0010593564536089965,0,RELIANCE,5m,2026-02-20 08:05:00
1421.4000244140625,1422.0,1419.5,1420.0,121460,-0.0009849615801432732,-0.0009849615801432732,0.0010746855476616664,0.5,0.5,0,1422.4180039060166,1421.047140637766,37.500082928091395,0.14850334435618606,0.7810199121247615,1420.0503896321793,0.0010746855476616664,0,RELIANCE,5m,2026-02-20 08:10:00
1420.0999755859375,1421.5,1419.5999755859375,1420.5,131274,0.00035211267605639307,-0.0006331957215447437,0.0010784034804934397,0.5,0.5,0,1422.2353368673482,1421.0256841421674,39.57216807775914,-0.00793224551671301,0.6232294805964667,1420.0634788127202,0.0010784034804934397,0,RELIANCE,5m,2026-02-20 08:15:00
1420.5,1420.9000244140625,1418.9000244140625,1418.9000244140625,52687,-0.0011263467694033746,-0.002460629879025622,0.0010903530239343758,0.45,0.55,0,1421.9176880622733,1420.9423249371437,35.50027160478757,-0.25803872597043664,0.446975839283086,1420.0581329210888,0.0010903530239343758,0,RELIANCE,5m,2026-02-20 08:20:00
1419.0999755859375,1422.0999755859375,1418.5,1421.9000244140625,67580,0.0021143138687582663,-0.0014747019564167463,0.0011695087766220996,0.45,0.6,0,1421.9160058100626,1420.9798817793758,41.363850742127894,-0.21173424511835037,0.31523382240279874,1420.068687102558,0.0011695087766220996,0,RELIANCE,5m,2026-02-20 08:25:00
1421.9000244140625,1423.699951171875,1421.0,1421.4000244140625,49722,-0.0003516421628911859,-0.002666241150715676,0.0011506250682371368,0.45,0.6,0,1421.866864724729,1420.9963579611283,37.38313492176671,-0.21292891972007055,0.2096012739782249,1420.0881718512217,0.0011506250682371368,0,RELIANCE,5m,2026-02-20 08:30:00
1421.4000244140625,1421.800048828125,1420.199951171875,1420.9000244140625,36101,-0.0003517658585985295,-0.0037161176127216144,0.0011344105117837018,0.4,0.65,0,1421.7747846951418,1420.992580174969,39.40900918236649,-0.2513244178298919,0.11741613561660155,1420.0944525799925,0.0011344105117837018,0,RELIANCE,5m,2026-02-20 08:35:00
1421.0999755859375,1422.699951171875,1420.4000244140625,1422.4000244140625,76203,0.0010556689240810435,-0.0015442588864078566,0.0011442680683090875,0.45,0.6,0,1421.8343313350388,1421.047774066698,43.98153119295608,-0.1588841452055476,0.06215607945217172,1420.1203040027203,0.0011442680683090875,0,RELIANCE,5m,2026-02-20 08:40:00
1422.4000244140625,1425.9000244140625,1422.4000244140625,1425.800048828125,278042,0.0023903433321881273,0.0009828871033883413,0.0012698819526786294,0.5,0.55,0,1422.2120187153328,1421.2341377828322,56.08706266983695,0.18657823412854668,0.08704051038744672,1420.3559453607375,0.0012698819526786294,0,RELIANCE,5m,2026-02-20 08:45:00
1425.9000244140625,1426.0,1422.800048828125,1423.0,155775,-0.0019638439698654864,-0.0011931994315551586,0.0013461894984316267,0.55,0.5,0,1422.287064551968,1421.3033872815447,52.226664623930645,0.231747676273244,0.11598194356460617,1420.4561816105806,0.0013461894984316267,0,RELIANCE,5m,2026-02-20 08:50:00
1423.0999755859375,1423.5,1420.5999755859375,1421.300048828125,264094,-0.0011946248572557439,-0.0030861348772113217,0.0013565389552175878,0.5,0.5,0,1422.193063054459,1421.3032563618026,52.65316087372449,0.12888720069554438,0.11856299499079381,1420.5171220607438,0.0013565389552175878,0,RELIANCE,5m,2026-02-20 08:55:00
1421.300048828125,1423.0,1420.699951171875,1422.5,42236,0.0008442630905869386,-0.003013771152907352,0.001359241381263545,0.45,0.5,0,1422.2222951445106,1421.3501874848691,53.22576675641486,0.14255230960088738,0.12336085791281254,1420.5282790719461,0.001359241381263545,0,RELIANCE,5m,2026-02-20 09:00:00
1422.5,1423.0,1421.0,1422.300048828125,41388,-0.00014056321397193372,-0.0020347336816602946,0.0013399039236762695,0.4,0.45,0,1422.229700257236,1421.3874369493108,51.83679367024909,0.1356835429289731,0.12582539491604466,1420.5392910782066,0.0013399039236762695,0,RELIANCE,5m,2026-02-20 09:05:00
1422.300048828125,1424.199951171875,1421.800048828125,1423.0999755859375,63283,0.000562417725058495,-0.001333350466008798,0.0013480077289947587,0.45,0.45,0,1422.3125836218742,1421.4545953272177,46.84676758623344,0.19256760051371202,0.13917383603557815,1420.5657257425523,0.0013480077289947587,0,RELIANCE,5m,2026-02-20 09:10:00
1423.699951171875,1424.5,1423.0,1424.0,47023,0.0006324393433370101,0.0007027406886859211,0.0013182201282447147,0.5,0.4,0,1422.4732899436005,1421.5544151183071,56.49997863756492,0.306737198882729,0.17268650860500834,1420.5912596666326,0.0013182201282447147,0,RELIANCE,5m,2026-02-20 09:15:00
1424.0,1424.9000244140625,1422.0,1423.9000244140625,86554,-7.020757439435421e-05,0.0014065686515647435,0.0013048201841610188,0.55,0.4,0,1422.609169416978,1421.6463997965723,60.42796806559218,0.3847154733832667,0.21509230156066,1420.6339224670037,0.0013048201841610188,0,RELIANCE,5m,2026-02-20 09:20:00
1424.0,1425.5,1422.5999755859375,1425.5,58162,0.0011236572501611697,0.0038732394366196576,0.0012808975134039663,0.6,0.35,0,1422.884486615361,1421.7975213731775,62.62638717632552,0.5690587212475293,0.2858855854980339,1420.6707263882436,0.0012808975134039663,0,RELIANCE,5m,2026-02-20 09:25:00
1425.699951171875,1426.0,1421.5999755859375,1422.0,213011,-0.0024552788495264544,0.0007741400288814315,0.0014052890812354607,0.65,0.35,0,1422.8002497948505,1421.8054617114842,57.14285714285714,0.4277999129219552,0.3142684509828182,1420.755233759927,0.0014052890812354607,0,RELIANCE,5m,2026-02-20 09:30:00
1421.9000244140625,1422.0,1418.300048828125,1418.800048828125,411427,-0.0022503172797996296,-0.0018291652886450738,0.0014926079879634584,0.6,0.4,0,1422.41927827421,1421.6876023827251,42.922359157873615,0.05698508456384843,0.26281177769902425,1420.6912652054373,0.0014926079879634584,0,RELIANCE,5m,2026-02-20 09:35:00
1418.699951171875,1419.199951171875,1417.699951171875,1418.699951171875,282281,-7.055092529262286e-05,-0.004071638348982054,0.0013939214996850345,0.55,0.45,0,1422.0650566454162,1421.5704395901428,43.72072425011498,-0.24217375450098189,0.16181467125902302,1420.6050925205384,0.0013939214996850345,0,RELIANCE,5m,2026-02-20 09:40:00
1418.699951171875,1419.300048828125,1418.4000244140625,1418.5,215123,-0.00014093971858519794,-0.0020402591559388616,0.001314310406754733,0.55,0.45,0,1421.725527441091,1421.4500301944508,44.33951943064105,-0.4897481662883365,0.03150210374955112,1420.5498145190033,0.001314310406754733,1,RELIANCE,5m,2026-02-20 09:45:00
1419.0,1420.0,1418.0,1420.0,342826,0.0010574550581601283,0.0,0.0013213643635775793,0.6,0.45,0,1421.5611914943204,1421.3931662652567,44.33951943064105,-0.558477427189473,-0.0864938024382537,1420.4951347306262,0.0013213643635775793,1,RELIANCE,5m,2026-02-20 09:50:00
1419.9000244140625,1420.800048828125,1418.199951171875,1419.4000244140625,236266,-0.00042251801826587165,-0.0007743580330429323,0.0013218784972433837,0.65,0.45,0,1421.3553660581053,1421.3150038397198,32.608421625279476,-0.6538220238999202,-0.19995944673058702,1420.4642327001707,0.0013218784972433837,1,RELIANCE,5m,2026-02-20 09:55:00
1432.300048828125,1434.9000244140625,1432.0999755859375,1433.5999755859375,142397,0.000977534186421991,0.008228392271598883,0.002366032726627177,0.7,0.35,1,1423.4559733925548,1422.2068884828054,71.88619984100299,1.1555703219835323,0.15114090410969847,1433.5333251953125,0.002366032726627177,0,RELIANCE,5m,2026-02-23 03:50:00
1432.800048828125,1434.800048828125,1431.4000244140625,1433.5999755859375,91270,0.0,0.008583052597669782,0.0023613576488230145,0.65,0.4,1,1424.4220688395435,1422.65367621234,70.63209340951067,1.8127157211204121,0.4834558675118412,1433.4291751082433,0.0023613576488230145,0,RELIANCE,5m,2026-02-23 03:55:00
1433.5999755859375,1434.5,1430.0999755859375,1433.199951171875,88014,-0.0002790348917932617,0.008656433631130778,0.0023601459560034536,0.65,0.4,1,1425.2580576330988,1423.067255622518,70.11062963396726,2.2750047190820624,0.8417656378258855,1433.2023007614332,0.0023601459560034536,0,RELIANCE,5m,2026-02-23 04:00:00
1433.300048828125,1434.0,1430.5999755859375,1430.699951171875,66290,-0.00174434837089954,0.005835156506856398,0.0024039491875145758,0.6,0.4,0,1425.7763332082204,1423.3665770166103,63.19443561410424,2.4118407748173922,1.1557806652241869,1432.9569994307917,0.0024039491875145758,0,RELIANCE,5m,2026-02-23 04:05:00
1431.0,1432.5,1430.699951171875,1432.0,58439,0.0009086802771329783,0.004348401570732685,0.00235833284954459,0.55,0.4,0,1426.369063378866,1423.7051426238022,63.698653043819974,2.595270744661775,1.4436786811117046,1432.7968086325907,0.00235833284954459,0,RELIANCE,5m,2026-02-23 04:10:00
1432.0,1432.300048828125,1429.4000244140625,1429.4000244140625,84973,-0.0018156254091742374,0.0044975575643446675,0.0023513328615507294,0.5,0.45,0,1426.657726334599,1423.9284713214595,58.675092226766175,2.502002489169854,1.6553434427233347,1432.4082119194436,0.0023513328615507294,0,RELIANCE,5m,2026-02-23 04:15:00
1429.5,1431.0,1428.4000244140625,1428.5,60513,-0.000629651880992177,0.0050657503162765405,0.0023367027816384744,0.5,0.45,0,1426.833180969399,1424.107746955912,54.83870967741936,2.3286194013901422,1.7899986344566963,1432.0904420148906,0.0023367027816384744,0,RELIANCE,5m,2026-02-23 04:20:00
1428.699951171875,1431.199951171875,1427.9000244140625,1428.0999755859375,65986,-0.00028003109139829174,0.003936713944419967,0.0023353105733846073,0.55,0.5,0,1426.953828075736,1424.2643049414032,60.93184632279913,2.13433019814579,1.8588649471945151,1431.7871537137685,0.0023353105733846073,0,RELIANCE,5m,2026-02-23 04:25:00
1428.0,1428.5,1427.5,1428.5,40127,0.00028010953077584055,0.004359102129668946,0.0023339848569503105,0.55,0.55,0,1427.1010825447136,1424.4304106299758,69.32253671821807,1.989697240621581,1.8850314058799282,1431.5790198877878,0.0023339848569503105,0,RELIANCE,5m,2026-02-23 04:30:00
1428.5,1429.9000244140625,1428.0,1428.199951171875,74806,-0.0002100446819216506,0.003583708575244371,0.002334413040869245,0.55,0.55,0,1427.2057366996814,1424.578235749266,68.77466732285365,1.8297706894275052,1.8739792625894438,1431.3003392585315,0.002334413040869245,0,RELIANCE,5m,2026-02-23 04:35:00
1428.0,1428.199951171875,1425.0999755859375,1426.0,70151,-0.0015403663682175273,0.001404494382022392,0.0023627085661548693,0.5,0.6,0,1427.090904633045,1424.6339912100793,63.73623916795593,1.5081253414259663,1.8008084783567484,1430.8953086341298,0.0023627085661548693,0,RELIANCE,5m,2026-02-23 04:40:00
1426.0,1427.9000244140625,1425.5999755859375,1427.800048828125,46971,0.0012623063310834848,0.00273897348633545,0.0023772063383857038,0.45,0.55,0,1427.1584421754337,1424.7581503323556,64.13047324192834,1.3825310255322165,1.7171529877918421,1430.6949925697884,0.0023772063383857038,0,RELIANCE,5m,2026-02-23 04:45:00
1427.800048828125,1428.0,1426.5,1427.0,38476,-0.0005603367423762107,0.0010522623640827344,0.002370324370619389,0.45,0.55,0,1427.14335244444,1424.8460660055966,63.66893680924216,1.204554022226148,1.6146331946787034,1430.5487689953138,0.002370324370619389,0,RELIANCE,5m,2026-02-23 04:50:00
1427.0,1427.0,1424.5999755859375,1425.0,65857,-0.0014015416958654825,0.0021097046413502962,0.0023228192472424954,0.4,0.55,0,1426.9392236402077,1424.8521026328283,28.823977137276856,0.8918420792117558,1.4700749715853139,1430.2165633747716,0.0023228192472424954,0,RELIANCE,5m,2026-02-23 04:55:00
1425.5999755859375,1426.5,1425.0999755859375,1425.800048828125,55415,0.0005614377741227639,0.0049337466585102074,0.002256724810874109,0.4,0.5,0,1426.8307308009619,1424.8892769934282,26.22012489672575,0.7004979610969713,1.3161595694876453,1429.9834044666757,0.002256724810874109,0,RELIANCE,5m,2026-02-23 05:00:00
1425.9000244140625,1426.699951171875,1425.0999755859375,1425.4000244140625,45847,-0.00028056136931076114,0.004722685185583497,0.002258775235145744,0.45,0.45,0,1426.6944730498287,1424.9093063040414,25.59580899235621,0.5106908160266812,1.1550658187954526,1429.805542243155,0.002258775235145744,0,RELIANCE,5m,2026-02-23 05:05:00
1425.300048828125,1425.5,1423.199951171875,1423.199951171875,107933,-0.0015434777637890473,0.0033133247598695625,0.0022926772341411395,0.4,0.5,0,1426.3616614424045,1424.8422727694467,23.118773544042938,0.18065725779365494,0.9601841065950931,1429.2818785960683,0.0022926772341411395,0,RELIANCE,5m,2026-02-23 05:10:00
1423.199951171875,1425.0,1422.300048828125,1424.9000244140625,113233,0.0011945427912554152,0.003450721418353897,0.002295679684055421,0.35,0.5,0,1426.2224579158958,1424.844537539824,33.708450771836695,0.055643563309558886,0.7792759979379863,1428.833384463075,0.002295679684055421,0,RELIANCE,5m,2026-02-23 05:15:00
1424.9000244140625,1427.4000244140625,1424.5,1426.699951171875,81772,0.0012631951203401215,0.0051429664874256265,0.0023035290486722905,0.35,0.5,0,1426.2679334640843,1424.917298858728,35.51922409882867,0.10064814730503713,0.6435504278113965,1428.6794034840216,0.0023035290486722905,0,RELIANCE,5m,2026-02-23 05:20:00
1426.699951171875,1426.699951171875,1424.5,1424.800048828125,81510,-0.0013316761819396339,-0.005166808124588473,0.0010582163889977843,0.3,0.5,0,1426.1281349273263,1424.9127008183123,36.932050686290154,-0.016797999747723225,0.5114807422995726,1428.4951184409922,0.0010582163889977843,0,RELIANCE,5m,2026-02-23 05:25:00
1424.800048828125,1426.9000244140625,1424.5999755859375,1426.0,42723,0.0008421891709380347,-0.005301322346096815,0.0010502995020887727,0.3,0.5,0,1426.1159316009143,1424.9553400019079,43.016816923307736,-0.012900181023951518,0.4066045576348678,1428.42043582386,0.0010502995020887727,0,RELIANCE,5m,2026-02-23 05:30:00
1426.0,1427.4000244140625,1424.9000244140625,1427.0,140262,0.0007012622720896644,-0.0046037776913605555,0.0010711184069809056,0.35,0.45,0,1426.2001285913034,1425.035522746931,47.02711262726571,0.07007275593628037,0.33929819729515037,1428.252835972621,0.0010711184069809056,0,RELIANCE,5m,2026-02-23 05:35:00
1427.0,1427.9000244140625,1426.0999755859375,1427.800048828125,36191,0.0005606508956728096,-0.003767724342534806,0.0010854617900258965,0.4,0.4,0,1426.352501947191,1425.1439355344287,48.148291674740044,0.19810305174200948,0.31105916818452223,1428.2318315066948,0.0010854617900258965,0,RELIANCE,5m,2026-02-23 05:40:00
1427.800048828125,1427.9000244140625,1426.0,1426.0,44964,-0.001260714922654893,-0.003285071176542198,0.0010538970196342665,0.4,0.45,0,1426.3189303331728,1425.1775066899413,44.60800153185175,0.15256046471131413,0.27935942748988063,1428.1906218961467,0.0010538970196342665,0,RELIANCE,5m,2026-02-23 05:45:00
1426.0,1426.4000244140625,1425.199951171875,1425.699951171875,31343,-0.00021041292294876612,-0.004399475438634726,0.0010232098889921427,0.4,0.5,0,1426.2599799368588,1425.1979947088407,49.18906792298455,0.09120485080870822,0.24172851215364616,1428.1478303572817,0.0010232098889921427,0,RELIANCE,5m,2026-02-23 05:50:00
1425.699951171875,1425.800048828125,1424.0999755859375,1424.800048828125,42056,-0.0006312003749529005,-0.0032181163476775465,0.0009582051433801994,0.4,0.5,0,1426.1209388788843,1425.1823889880284,41.477320016645855,-0.029692239936366605,0.1874443617356436,1428.072678611001,0.0009582051433801994,0,RELIANCE,5m,2026-02-23 05:55:00
1424.9000244140625,1424.9000244140625,1423.0999755859375,1423.4000244140625,23794,-0.0009826111496935575,-0.0035701614182271912,0.0009704683223515098,0.4,0.5,0,1425.8618041679488,1425.1124923380692,40.10999698179014,-0.23575666896454095,0.10280415559560668,1428.017465878981,0.0009704683223515098,0,RELIANCE,5m,2026-02-23 06:00:00
1423.300048828125,1423.5,1422.300048828125,1423.5,39931,7.023716750231834e-05,-0.0032210459103538813,0.0009716967939400062,0.35,0.5,0,1425.6368704376678,1425.0492573444194,45.398786789485506,-0.3865412128409389,0.00493508190829757,1427.9130888390569,0.0009716967939400062,0,RELIANCE,5m,2026-02-23 06:05:00
1423.4000244140625,1423.5,1422.5,1422.699951171875,34278,-0.0005620293840007395,-0.0040602371915470226,0.0009698273616206016,0.35,0.45,0,1425.3571638409258,1424.9571276905942,40.49052647345166,-0.5640937823625336,-0.10887069094586867,1427.8233800196672,0.0009698273616206016,0,RELIANCE,5m,2026-02-23 06:10:00
1422.699951171875,1422.9000244140625,1419.699951171875,1420.4000244140625,76209,-0.0016165929828830805,-0.005461368873043604,0.0010200653481026928,0.3,0.5,0,1424.8850553240816,1424.7784177581811,36.26369941110977,-0.880243442498795,-0.26314524125645394,1427.5622990966315,0.0010200653481026928,0,RELIANCE,5m,2026-02-23 06:15:00
1420.4000244140625,1421.9000244140625,1419.199951171875,1421.5,38981,0.0007744125366311305,-0.003155680224403934,0.0009998525658934416,0.3,0.5,0,1424.5626691027403,1424.6498523558996,45.029339958024586,-1.030160440679083,-0.41654828114097975,1427.4337713856708,0.0009998525658934416,0,RELIANCE,5m,2026-02-23 06:20:00
1421.5,1421.800048828125,1420.5,1420.5999755859375,28861,-0.0006331511882254892,-0.005042774195236244,0.0009465999916143283,0.3,0.5,0,1424.1852697201875,1424.4910336590385,36.8095081181475,-1.2076738775181184,-0.5747734004164076,1427.3431473221276,0.0009465999916143283,0,RELIANCE,5m,2026-02-23 06:25:00
1420.5999755859375,1421.9000244140625,1420.0999755859375,1421.699951171875,44977,0.0007743035371261531,-0.003714119711370034,0.0009704853606251966,0.3,0.55,0,1423.9485727155864,1424.3815794438556,33.97420849179147,-1.2452413510636688,-0.7088669905458599,1427.2125722177957,0.0009704853606251966,0,RELIANCE,5m,2026-02-23 06:30:00
1421.800048828125,1423.5,1421.300048828125,1422.0999755859375,52008,0.00028137049152521243,-0.002035104851973668,0.0009316902706996294,0.35,0.5,0,1423.772515846096,1424.2921047827608,40.42525561221398,-1.2285729927359625,-0.8128081909838805,1427.0940998035778,0.0009316902706996294,0,RELIANCE,5m,2026-02-23 06:35:00
1422.0999755859375,1423.199951171875,1421.300048828125,1423.0,63007,0.0006328840654763468,-0.0019638439698654864,0.0009344984103533996,0.35,0.5,0,1423.6989429083724,1424.2414340069663,39.13047324192836,-1.129716086454664,-0.8761897700780372,1426.963686661217,0.0009344984103533996,0,RELIANCE,5m,2026-02-23 06:40:00
1422.800048828125,1424.0,1422.5,1422.5999755859375,36427,-0.00028111343222947394,-0.001964395103245531,0.0009345040988617,0.35,0.5,0,1423.5942793538547,1424.1770630884946,33.33333333333333,-1.0713006164276067,-0.9152119393479512,1426.9002239906408,0.0009345040988617,0,RELIANCE,5m,2026-02-23 06:45:00
1422.5999755859375,1422.9000244140625,1421.0999755859375,1421.0999755859375,43264,-0.001054407441123506,-0.001475530956987714,0.0009004650528452421,0.35,0.5,0,1423.356726614053,1424.0563929903553,25.899059445503156,-1.1329830759059405,-0.9587661666595492,1426.8023737108917,0.0009004650528452421,0,RELIANCE,5m,2026-02-23 06:50:00
1421.5,1421.5,1420.300048828125,1420.800048828125,28903,-0.00021105253885378428,-0.002877377721727137,0.0008497142600742925,0.35,0.5,0,1423.1132334915837,1423.9286932192874,29.03228982083087,-1.1923240823778087,-1.0054777498032013,1426.7286851012022,0.0008497142600742925,0,RELIANCE,5m,2026-02-23 06:55:00
1420.9000244140625,1421.5,1420.0,1421.300048828125,50328,0.0003519144023202969,-0.0037848899758596843,0.0007928293309100477,0.3,0.55,0,1422.940549237921,1423.8256091255164,32.53986707744774,-1.1853425451990915,-1.0414507088823795,1426.6060577147027,0.0007928293309100477,0,RELIANCE,5m,2026-02-23 07:00:00
1421.199951171875,1423.800048828125,1421.199951171875,1423.699951171875,68338,0.0016885261811738772,-0.0007721066946585475,0.0008493971913790816,0.35,0.55,0,1423.0128732316307,1423.8206813626286,46.0989039530414,-0.9749193015240962,-1.0281444274107228,1426.5025498282052,0.0008493971913790816,0,RELIANCE,5m,2026-02-23 07:05:00
1423.699951171875,1425.800048828125,1423.699951171875,1425.5999755859375,277675,0.0013345680123810766,-0.00028052202949679916,0.0008827408534786722,0.35,0.55,0,1423.259263932041,1423.89045760668,57.53415494724168,-0.6473786952262799,-0.9519912809738342,1426.352809710775,0.0008827408534786722,0,RELIANCE,5m,2026-02-23 07:10:00
1425.800048828125,1426.199951171875,1423.4000244140625,1423.800048828125,91323,-0.001262574907854308,-0.0022424324960581554,0.0009078965606112315,0.35,0.6,0,1423.3107672554777,1423.8869121643838,50.92040620693787,-0.5269649280069189,-0.8669860103804512,1426.2916384304679,0.0009078965606112315,0,RELIANCE,5m,2026-02-23 07:15:00
1423.5999755859375,1424.5,1422.0999755859375,1423.800048828125,254853,0.0,-0.0028015127211146185,0.0008945973503550102,0.3,0.65,0,1423.3573655004918,1423.8835057590404,53.54875801345157,-0.42661835906847045,-0.7789124801180551,1426.0571785086393,0.0008945973503550102,0,RELIANCE,5m,2026-02-23 07:20:00
1423.699951171875,1424.5999755859375,1422.5,1423.0999755859375,150203,-0.0004916935090455432,-0.0020336777097212932,0.0008597343390078593,0.35,0.6,0,1423.332852175296,1423.8527790855856,59.712122808866404,-0.3989838031907311,-0.7029267447325904,1425.9332624508666,0.0008597343390078593,0,RELIANCE,5m,2026-02-23 07:25:00
1423.0999755859375,1423.4000244140625,1422.300048828125,1423.199951171875,121208,7.02519764266274e-05,-0.0017535246444703168,0.0008601523421304607,0.35,0.6,0,1423.320194936875,1423.8271779909303,56.58900791097316,-0.3648107134888505,-0.6353035384838425,1425.8256727455662,0.0008601523421304607,0,RELIANCE,5m,2026-02-23 07:30:00
1423.199951171875,1424.4000244140625,1423.0,1423.9000244140625,174696,0.0004919008334780539,-0.0006316847159029138,0.0008594422033431645,0.4,0.55,0,1423.3754167918453,1423.8300347134061,62.99236817316749,-0.27803323969033045,-0.5638494787251401,1425.7233925415842,0.0008594422033431645,0,RELIANCE,5m,2026-02-23 07:35:00
1423.800048828125,1425.199951171875,1423.800048828125,1424.5,153681,0.00042136075261622885,0.0007727803618595708,0.0008346246773089378,0.45,0.5,0,1423.4825199545269,1423.8563078619,61.47565588041064,-0.1590154201473979,-0.4828826670095917,1425.6721695383935,0.0008346246773089378,0,RELIANCE,5m,2026-02-23 07:40:00
1424.699951171875,1424.9000244140625,1423.699951171875,1424.300048828125,53326,-0.0001403658630221294,0.0005620293840007395,0.0008355372904360784,0.45,0.5,0,1423.5603798472505,1423.8737094684186,59.16706509465632,-0.07990622002671444,-0.4022873776130163,1425.6525196980867,0.0008355372904360784,0,RELIANCE,5m,2026-02-23 07:45:00
1424.300048828125,1424.699951171875,1422.9000244140625,1423.800048828125,60657,-0.0003510496263841034,0.0007732464286260843,0.0008289964591551069,0.45,0.55,0,1423.5832054644768,1423.8708208158582,53.44852987603392,-0.056901505173982514,-0.33321020312520955,1425.6228276998372,0.0008289964591551069,0,RELIANCE,5m,2026-02-23 07:50:00
1423.800048828125,1425.300048828125,1423.800048828125,1424.699951171875,100306,0.0006320426414443414,0.0030272646324307484,0.0007403937496463178,0.5,0.5,0,1423.6895621985147,1423.9033357317805,58.67777766568134,0.03355766357299217,-0.25985662978556917,1425.5964182671976,0.0007403937496463178,0,RELIANCE,5m,2026-02-23 07:55:00
1424.699951171875,1425.800048828125,1423.0999755859375,1423.199951171875,218228,-0.0010528532683433678,0.001195885453306289,0.0007715546395894845,0.55,0.5,0,1423.64293257693,1423.875752023549,58.67777766568134,-0.015610311495038331,-0.21100736612746301,1425.5132809884992,0.0007715546395894845,0,RELIANCE,5m,2026-02-23 08:00:00
1423.199951171875,1423.5,1421.199951171875,1421.800048828125,350161,-0.000983630123509549,0.0008447650730758482,0.0007918409046322118,0.55,0.55,0,1423.4674198389484,1423.7943518982383,53.7879628602079,-0.16562745543433266,-0.20193138398883698,1425.2501288551184,0.0007918409046322118,0,RELIANCE,5m,2026-02-23 08:05:00
1421.199951171875,1423.9000244140625,1420.300048828125,1423.5,234578,0.0011956330802465054,0.0012661242807536777,0.0008175224380894714,0.55,0.55,0,1423.4705227114296,1423.7828086865427,57.63890066292535,-0.1456661219558555,-0.1906783315822407,1425.1158470579462,0.0008175224380894714,0,RELIANCE,5m,2026-02-23 08:10:00
1423.5999755859375,1423.800048828125,1421.0,1421.0,59649,-0.0017562346329469403,-0.0007734868186635158,0.0009106168942054397,0.5,0.55,0,1423.2352348341506,1423.6736789341294,40.68966678452964,-0.3277970872138667,-0.2181020827085659,1425.0758601114271,0.0009106168942054397,0,RELIANCE,5m,2026-02-23 08:15:00
1421.0,1421.5,1420.800048828125,1420.800048828125,34755,-0.00014071159174877668,-0.0015459952015987044,0.0008969341127967084,0.5,0.6,0,1423.0033123573862,1423.5609875574232,31.249821181631773,-0.48270722940651467,-0.27102311204815566,1425.0464805121476,0.0008969341127967084,0,RELIANCE,5m,2026-02-23 08:20:00
1420.800048828125,1421.199951171875,1419.5999755859375,1419.800048828125,56939,-0.0007038288046405938,-0.001968175738692346,0.0009069226303827991,0.45,0.65,0,1422.6982396403137,1423.4134997641174,33.33299424223311,-0.6783467171139819,-0.3524878330613209,1424.9894541379813,0.0009069226303827991,0,RELIANCE,5m,2026-02-23 08:25:00
1419.800048828125,1420.199951171875,1418.5999755859375,1419.9000244140625,103948,7.041525743001209e-05,-0.0008443819523537011,0.0008789437336594318,0.45,0.65,0,1422.4317429520993,1423.2757164170564,33.88383894432057,-0.8159198106891381,-0.4451742285868844,1424.8754164383017,0.0008789437336594318,0,RELIANCE,5m,2026-02-23 08:30:00
1419.5999755859375,1420.5999755859375,1419.5,1419.800048828125,94974,-7.041029947074673e-05,-0.0007038288046405938,0.0008780811076354775,0.5,0.6,0,1422.1811054164828,1423.1394157272944,35.6520354545937,-0.9223820269187399,-0.5406157882532555,1424.782878880546,0.0008780811076354775,0,RELIANCE,5m,2026-02-23 08:35:00
1419.699951171875,1420.0,1418.5,1419.0,42804,-0.0005634940136713951,-0.001618271124398718,0.0008807145785751321,0.5,0.6,0,1421.8781429958653,1422.9770856987732,32.78667200320193,-1.059102678038471,-0.6443131662102987,1424.735564113567,0.0008807145785751321,0,RELIANCE,5m,2026-02-23 08:40:00
1418.9000244140625,1421.5999755859375,1418.5,1421.5999755859375,53746,0.0018322590457628962,-0.001475012754063032,0.0008963580306320235,0.5,0.6,0,1421.8516508615864,1422.9230813806228,41.84357251696911,-0.9467449912565371,-0.7047995312195464,1424.6919258022199,0.0008963580306320235,0,RELIANCE,5m,2026-02-23 08:45:00
1421.5999755859375,1421.9000244140625,1421.199951171875,1421.300048828125,54111,-0.00021097830821847907,-0.003016222524867218,0.0008329639757028019,0.5,0.6,0,1421.79911733459,1422.8594330452306,38.40560479804682,-0.8718521291161778,-0.7382100507988727,1424.6582905230493,0.0008329639757028019,0,RELIANCE,5m,2026-02-23 08:50:00
1421.5,1425.5,1421.0,1425.300048828125,89506,0.0028143248171264013,0.0010535187165041648,0.0010235846645898531,0.5,0.6,0,1422.1325393815932,1422.9551434680893,52.840972145155924,-0.4841514293864293,-0.6873983265163841,1424.6459970988699,0.0010235846645898531,0,RELIANCE,5m,2026-02-23 08:55:00
1425.5,1427.5,1423.300048828125,1425.800048828125,375365,0.0003508033276298228,0.0014046916220056271,0.0010256296484683807,0.55,0.55,0,1422.4818259955487,1423.0667083841693,55.68194429031184,-0.1349938848190959,-0.5769174381769264,1424.704913908453,0.0010256296484683807,0,RELIANCE,5m,2026-02-23 09:00:00
1425.800048828125,1426.5999755859375,1425.199951171875,1425.9000244140625,53712,7.011893850039641e-05,0.0019675700064376578,0.001017074081811136,0.5,0.55,0,1422.8073687020737,1423.177818816714,53.571714030358294,0.14807624823379228,-0.43191870089478274,1424.7161609759755,0.001017074081811136,0,RELIANCE,5m,2026-02-23 09:05:00
1425.9000244140625,1427.0,1425.5,1426.5,82389,0.0004207697423836976,0.0023187527693544485,0.0010195735973622538,0.55,0.5,0,1423.1590478733049,1423.308100431745,60.37773512476007,0.41602866419634665,-0.2623292278765569,1424.7391741028089,0.0010195735973622538,0,RELIANCE,5m,2026-02-23 09:10:00
1426.5,1428.199951171875,1426.0999755859375,1427.699951171875,138166,0.0008411855393446466,0.0026686752529385682,0.0010292909323658336,0.55,0.5,0,1423.591514854121,1423.4803298725344,68.78984853668398,0.7169444264338836,-0.06647449701446881,1424.7996383475004,0.0010292909323658336,0,RELIANCE,5m,2026-02-23 09:15:00
1428.0,1428.199951171875,1424.0999755859375,1424.699951171875,103705,-0.002101281853751913,0.0001403658630221294,0.0011407270941203168,0.5,0.55,0,1423.6970802177168,1423.528158158783,53.52931883787393,0.7052180928430971,0.08786402095704439,1424.814545272154,0.0011407270941203168,0,RELIANCE,5m,2026-02-23 09:20:00
1424.699951171875,1425.0,1423.0,1423.0,48390,-0.0011931994315551586,-0.0009127633107888222,0.0011717864316537808,0.5,0.55,0,1423.6306916255535,1423.5074460741248,56.172951140850586,0.5523854805317114,0.1807683128719778,1424.8054092604473,0.0011717864316537808,0,RELIANCE,5m,2026-02-23 09:25:00
1423.800048828125,1428.0,1423.5,1427.300048828125,298582,0.0030218192748594497,0.002458210338509792,0.0013539713044816723,0.55,0.5,0,1423.9801542162745,1423.6561755938894,66.0100062539087,0.7693736767701012,0.2984893856516025,1424.873812911202,0.0013539713044816723,0,RELIANCE,5m,2026-02-23 09:30:00
1427.300048828125,1428.5,1427.300048828125,1428.199951171875,227257,0.0006304927576292751,0.002456657626134673,0.001353940718556992,0.55,0.5,0,1424.3820396406174,1423.8343628714576,70.79213904131113,1.002397964187594,0.4392711013588008,1424.981363354506,0.001353940718556992,0,RELIANCE,5m,2026-02-23 09:35:00
1428.4000244140625,1429.0,1427.9000244140625,1428.800048828125,211633,0.0004201776199177498,0.003934863580931758,0.001326362196170118,0.55,0.45,0,1424.80280242038,1424.029095654072,71.49782099744652,1.221414549822839,0.5956997910516084,1425.0926637206867,0.001326362196170118,0,RELIANCE,5m,2026-02-23 09:40:00
1428.699951171875,1429.5,1428.300048828125,1429.300048828125,192630,0.0003499439969996132,0.0052750033355124515,0.0012970719264786246,0.6,0.4,0,1425.2311116020699,1424.2357997001134,72.51200462829043,1.4189755266047541,0.7603549381622376,1425.200951811338,0.0012970719264786246,0,RELIANCE,5m,2026-02-23 09:45:00
1429.4000244140625,1429.9000244140625,1428.199951171875,1429.9000244140625,204119,0.0004197688137137501,0.004495977811073137,0.0012792179185957219,0.6,0.4,0,1425.6757699651168,1424.457926159484,76.07688758315763,1.6054504067039943,0.929374031870589,1425.3178752784215,0.0012792179185957219,0,RELIANCE,5m,2026-02-23 09:50:00
1429.5999755859375,1430.0,1424.5,1428.0,228034,-0.0013287813005256055,0.0049261083743843415,0.001247551245421066,0.65,0.45,0,1425.8971252065344,1424.5968310159749,65.8417786157593,1.5816843292302565,1.0598360913425224,1425.3847376365516,0.001247551245421066,0,RELIANCE,5m,2026-02-23 09:55:00
1423.4000244140625,1427.300048828125,1422.699951171875,1427.0,119648,0.0027405133026277007,0.005071102214581291,0.001593804513573335,0.7,0.4,0,1425.761136670804,1424.6346746931097,53.44120350693381,1.1171549161970233,1.0863907460149522,1425.6666666666667,0.001593804513573335,0,RELIANCE,5m,2026-02-24 03:50:00
1426.699951171875,1427.0,1423.5999755859375,1424.4000244140625,58239,-0.001821987095961819,0.003169237215737697,0.0016600821487463713,0.7,0.35,0,1425.631506932067,1424.6254727213825,47.38800701450728,0.8680303409530552,1.0427186650025728,1425.4484045114784,0.0016600821487463713,0,RELIANCE,5m,2026-02-24 03:55:00
1424.300048828125,1424.300048828125,1421.0999755859375,1421.9000244140625,67319,-0.001755124934814889,0.0014790643144932947,0.0017142239180546984,0.65,0.4,0,1425.2761276446379,1424.5185923956053,43.15067347809001,0.4635249860930344,0.9268799292206652,1424.6206495586848,0.0017142239180546984,0,RELIANCE,5m,2026-02-24 04:00:00
1421.800048828125,1421.800048828125,1419.199951171875,1419.699951171875,75508,-0.001547277026803684,0.0004932707342317766,0.0017473138829299994,0.65,0.4,0,1424.7450632186603,1424.329626073106,38.960977195082314,-0.03418191793002734,0.7346675597905268,1423.5877083633668,0.0017473138829299994,0,RELIANCE,5m,2026-02-24 04:05:00
1419.5999755859375,1420.199951171875,1417.5,1418.699951171875,86742,-0.0007043741877814647,-0.00203997218898877,0.0017007538097858405,0.6,0.45,0,1424.1693382618237,1424.108854508352,35.29416457897844,-0.5035057667464571,0.48703289448313003,1422.5684615674234,0.0017007538097858405,0,RELIANCE,5m,2026-02-24 04:10:00
1418.9000244140625,1423.9000244140625,1418.699951171875,1422.300048828125,66575,0.002537603284807455,0.0007035812042817113,0.0017995552889927561,0.6,0.45,0,1423.9913106967097,1424.0379209522646,46.1540267301011,-0.5782844020245648,0.2739694351815911,1422.437129185373,0.0017995552889927561,0,RELIANCE,5m,2026-02-24 04:15:00
1422.199951171875,1422.300048828125,1420.0999755859375,1420.699951171875,38425,-0.001125007102100839,-0.0032274591304701783,0.0016919013630777887,0.55,0.4,0,1423.6778478848205,1423.907020176563,46.30221294166595,-0.7579246341283579,0.06759062131960131,1422.3318690882757,0.0016919013630777887,0,RELIANCE,5m,2026-02-24 04:20:00
1420.699951171875,1421.0,1420.0999755859375,1420.0999755859375,23069,-0.00042230985187452497,-0.003997806878231258,0.001688438572005994,0.5,0.4,0,1423.3370981420696,1423.7577243102642,36.86130899079136,-0.937892388254113,-0.13350598059514157,1422.2486485785525,0.001688438572005994,0,RELIANCE,5m,2026-02-24 04:25:00
1420.300048828125,1420.9000244140625,1419.0,1420.4000244140625,40140,0.00021128711589568638,-0.00385721292224539,0.0016899168784173316,0.5,0.45,0,1423.0573768346403,1423.6260498045308,35.44812319801048,-1.0442690140209834,-0.31565858728030993,1422.0988286301053,0.0016899168784173316,0,RELIANCE,5m,2026-02-24 04:30:00
1420.0,1420.800048828125,1419.5999755859375,1419.5999755859375,38254,-0.0005632559943492543,-0.004837030784481278,0.0016854605706554764,0.45,0.45,0,1422.72810052524,1423.4681645410565,32.96305840759176,-1.1795335815916133,-0.4884335861425706,1421.9680482007393,0.0016854605706554764,0,RELIANCE,5m,2026-02-24 04:35:00
1419.300048828125,1419.300048828125,1416.5,1417.199951171875,75137,-0.0016906343021539927,-0.007354486488131862,0.0016949503154428608,0.4,0.5,0,1422.201610110634,1423.222352252069,29.06585794417788,-1.4635230555213639,-0.6834514800183293,1421.4990109899384,0.0016949503154428608,0,RELIANCE,5m,2026-02-24 04:40:00
1416.699951171875,1417.5,1415.699951171875,1416.9000244140625,75635,-0.00021163333908136295,-0.005474785586534692,0.0016451619855087846,0.4,0.5,0,1421.696697187151,1422.974417827049,27.272998881746858,-1.6932693869382547,-0.8854150614023144,1421.0243436906721,0.0016451619855087846,0,RELIANCE,5m,2026-02-24 04:45:00
1417.0,1417.800048828125,1415.300048828125,1415.699951171875,62411,-0.0008469710081936421,-0.005130041340917102,0.0016367715308913291,0.45,0.5,0,1421.1255785190294,1422.6891446248853,27.95721036051802,-1.9497058951239978,-1.0982732281466512,1420.66534278759,0.0016367715308913291,0,RELIANCE,5m,2026-02-24 04:50:00
1415.699951171875,1416.199951171875,1415.0,1415.300048828125,62694,-0.0002824767659410643,-0.008407482371945885,0.0014439169716598157,0.4,0.55,0,1420.5707661675149,1422.3993761622673,33.33368110801011,-2.1602998603534616,-1.3106785545880133,1420.301398691724,0.0014439169716598157,-1,RELIANCE,5m,2026-02-24 04:55:00
1415.300048828125,1417.4000244140625,1415.0,1416.699951171875,75799,0.0009891205366021616,-0.008052093819611139,0.0014598026525057522,0.4,0.55,0,1420.2021171203112,1422.1758692998992,25.35890756597007,-2.189003208990698,-1.4863434854685504,1419.992522434472,0.0014598026525057522,0,RELIANCE,5m,2026-02-24 05:00:00
1416.800048828125,1417.300048828125,1416.4000244140625,1416.800048828125,29222,7.065550907037199e-05,-0.008398655927988052,0.0014514960271761544,0.35,0.55,0,1419.8781106162935,1421.9650528108102,29.34819385013435,-2.17856068381775,-1.6247869251383906,1419.899724829619,0.0014514960271761544,0,RELIANCE,5m,2026-02-24 05:05:00
1416.800048828125,1417.0,1416.0999755859375,1416.9000244140625,39509,7.05643580547477e-05,-0.008675592241271679,0.0014450198710713312,0.3,0.6,-1,1419.594483358938,1421.766424246232,34.37523841494118,-2.137577055430029,-1.7273449511967183,1419.7762290507637,0.0014450198710713312,0,RELIANCE,5m,2026-02-24 05:10:00
1416.9000244140625,1417.699951171875,1416.0999755859375,1416.4000244140625,62469,-0.0003528830484753609,-0.009441219504511822,0.0014312392607454642,0.3,0.55,0,1419.2902491737118,1421.55597719399,38.46193244385259,-2.1209935624717673,-1.8060746734517283,1419.6029171106834,0.0014312392607454642,0,RELIANCE,5m,2026-02-24 05:15:00
1416.699951171875,1416.9000244140625,1415.5,1415.9000244140625,50707,-0.0003530076188800191,-0.008473372259059864,0.0014171009326895553,0.25,0.55,0,1418.9673706251738,1421.334175124189,39.85546346339263,-2.1237159704107853,-1.86960293284354,1419.4481273215397,0.0014171009326895553,0,RELIANCE,5m,2026-02-24 05:20:00
1415.800048828125,1416.0999755859375,1415.199951171875,1415.9000244140625,43913,0.0,-0.005059343191198162,0.0012291403629114041,0.25,0.55,0,1418.6752424145918,1421.1210711747722,18.62755657679004,-2.101647019703023,-1.9160117502154368,1419.311207387567,0.0012291403629114041,0,RELIANCE,5m,2026-02-24 05:25:00
1415.5999755859375,1418.9000244140625,1415.300048828125,1418.800048828125,65279,0.002048184450920365,-0.005746286735721751,0.0011474339931490227,0.25,0.55,0,1418.6871287396903,1421.0300506905899,41.739555027173914,-1.8290651589700246,-1.8986224319663545,1419.2257837939871,0.0011474339931490227,0,RELIANCE,5m,2026-02-24 05:30:00
1418.5,1420.9000244140625,1418.199951171875,1420.0999755859375,80580,0.0009162156139521649,-0.0030188491676653717,0.0011176750780171685,0.3,0.55,0,1418.82168558219,1420.993577157074,50.0,-1.4909619636532625,-1.8170903383037362,1419.2563661805116,0.0011176750780171685,0,RELIANCE,5m,2026-02-24 05:35:00
1420.5999755859375,1421.699951171875,1420.0999755859375,1420.4000244140625,40155,0.00021128711589568638,-0.0010549264886735576,0.0010537587947481476,0.35,0.5,0,1418.9720035661778,1420.9703005789167,50.0,-1.1851397592251942,-1.6907002224880279,1419.2994224559764,0.0010537587947481476,0,RELIANCE,5m,2026-02-24 05:40:00
1420.5,1420.699951171875,1420.0999755859375,1420.5999755859375,26293,0.00014077102818799148,0.0006339539656388116,0.0009935954258852994,0.35,0.45,0,1419.1270485204407,1420.9557780301725,54.310399259150124,-0.9160790809714854,-1.5357759941847196,1419.321285400448,0.0009935954258852994,0,RELIANCE,5m,2026-02-24 05:45:00
1420.5999755859375,1421.0,1419.199951171875,1419.4000244140625,127350,-0.0008446791443735835,0.0004934611026166102,0.0009995468614622607,0.4,0.45,0,1419.153046224595,1420.8947680844428,60.57749867949997,-0.7905595082331729,-1.3867326969944103,1419.3666479097722,0.0009995468614622607,0,RELIANCE,5m,2026-02-24 05:50:00
1419.4000244140625,1421.5,1419.4000244140625,1421.4000244140625,78630,0.0014090460515707726,-0.00063279503843372,0.000874246449891107,0.4,0.45,0,1419.3670441474014,1420.9145820581534,68.59526643933738,-0.5236645779314131,-1.2141190731818108,1419.4350361919758,0.000874246449891107,0,RELIANCE,5m,2026-02-24 05:55:00
1421.5,1422.4000244140625,1419.300048828125,1419.800048828125,66366,-0.0011256335714480148,-0.0006334218164839589,0.0008742877096521286,0.45,0.5,0,1419.4082826884228,1420.8708748726622,66.40071095138578,-0.43622455588433695,-1.058540169722316,1419.4772063715407,0.0008742877096521286,0,RELIANCE,5m,2026-02-24 06:00:00
1420.0,1420.5,1419.199951171875,1419.699951171875,35718,-7.050123454543922e-05,-0.00028168750154189404,0.0008695332373773137,0.45,0.55,0,1419.4360606392277,1420.8249562961607,68.03245882611915,-0.3707311943130662,-0.9209783746404662,1419.4839410802751,0.0008695332373773137,0,RELIANCE,5m,2026-02-24 06:05:00
1419.800048828125,1421.4000244140625,1419.800048828125,1420.800048828125,107933,0.0007748803931013626,0.0002816279971746827,0.0008861822791450714,0.5,0.5,0,1419.5659642762655,1420.8239795327083,67.22708901791026,-0.2274367966367663,-0.7822700590397262,1419.5540945009523,0.0008861822791450714,0,RELIANCE,5m,2026-02-24 06:10:00
1420.800048828125,1421.0999755859375,1420.4000244140625,1421.0,19080,0.00014073139428716352,0.000986210508692631,0.0008759500411243213,0.5,0.5,0,1419.7025391070972,1420.8308822961317,67.49979654947917,-0.09662671299020076,-0.6451413898298213,1419.5673683155028,0.0008759500411243213,0,RELIANCE,5m,2026-02-24 06:15:00
1421.0,1421.800048828125,1420.5999755859375,1421.0,100868,0.0,0.0026813780405388066,0.0007749172557634332,0.55,0.45,0,1419.826106811183,1420.83751436295,67.2267528337693,0.006960978903634896,-0.51472091608313,1419.6488032114332,0.0007749172557634332,0,RELIANCE,5m,2026-02-24 06:20:00
1421.199951171875,1422.300048828125,1420.699951171875,1421.199951171875,111269,0.00014071159174866565,0.0030347425250349946,0.0007706348807519747,0.6,0.4,0,1419.9569491312488,1420.851727571143,70.6893830174582,0.10399062040733043,-0.39097860878503793,1419.743809639936,0.0007706348807519747,0,RELIANCE,5m,2026-02-24 06:25:00
1421.0,1421.5,1419.800048828125,1420.4000244140625,64603,-0.0005628530715561242,0.0033199642609982316,0.0007536868385090277,0.55,0.4,0,1419.999146777231,1420.8340137218458,68.90771818965163,0.11501409537322616,-0.2897800679533851,1419.7689382760518,0.0007536868385090277,0,RELIANCE,5m,2026-02-24 06:30:00
1421.0,1421.5999755859375,1420.300048828125,1421.0,40339,0.00042239902536267415,0.004027380043259754,0.0007480708628319903,0.6,0.35,0,1420.0944661317803,1420.840522987656,70.40010156349183,0.17020131941990257,-0.1977837904787276,1419.7913493279893,0.0007480708628319903,0,RELIANCE,5m,2026-02-24 06:35:00
1421.0,1422.4000244140625,1420.5999755859375,1422.0,99492,0.0007037297677692234,0.0037411230400203888,0.0007348563808216729,0.6,0.35,0,1420.2759455478013,1420.8859926744146,65.09431789391252,0.2912716366142831,-0.09997270506012546,1419.874075919484,0.0007348563808216729,0,RELIANCE,5m,2026-02-24 06:40:00
1422.5,1422.9000244140625,1421.199951171875,1421.9000244140625,243093,-7.030631922466668e-05,0.003599643852465917,0.0007367044584038315,0.65,0.35,0,1420.4306197255403,1420.925758624989,59.57482728169965,0.3748327029268239,-0.005011623462735593,1420.0809219934524,0.0007367044584038315,0,RELIANCE,5m,2026-02-24 06:45:00
1421.800048828125,1423.4000244140625,1421.699951171875,1423.0,244073,0.0007735955883332313,0.004305155960781404,0.0007478987080033599,0.7,0.3,0,1420.6753226088222,1421.0071014240089,62.745191904927175,0.5237765172587387,0.10074600468155928,1420.314007079672,0.0007478987080033599,0,RELIANCE,5m,2026-02-24 06:50:00
1423.199951171875,1423.9000244140625,1422.699951171875,1423.5999755859375,53018,0.00042162725645633614,0.005083275238471963,0.0007369130738087221,0.7,0.3,0,1420.953860987595,1421.1087827636923,64.1511389547873,0.6823627260293961,0.21706934895112667,1420.3725329781978,0.0007369130738087221,0,RELIANCE,5m,2026-02-24 06:55:00
1423.5999755859375,1424.9000244140625,1423.5,1424.9000244140625,68514,0.0009132121736585841,0.006356380990758526,0.0007364278961231837,0.75,0.25,0,1421.32968607583,1421.257458906844,75.70105186300682,0.9025425656170682,0.354163992284315,1420.4696755008852,0.0007364278961231837,0,RELIANCE,5m,2026-02-24 07:00:00
1424.9000244140625,1425.800048828125,1422.9000244140625,1423.0,140095,-0.0013334440181821394,0.005014461094366984,0.0008220350270644511,0.8,0.25,0,1421.4887635924179,1421.3257938516736,57.547072033166344,0.9131938534528672,0.46596996451802547,1420.6296450934112,0.0008220350270644511,0,RELIANCE,5m,2026-02-24 07:05:00
1423.0,1423.300048828125,1422.0999755859375,1423.0999755859375,71017,7.025691211359764e-05,0.0030306784675995235,0.0007050231623564298,0.75,0.3,0,1421.6422123537054,1421.3953696059584,68.13151434665379,0.9191073723911813,0.5565974460926566,1420.6805362047396,0.0007050231623564298,0,RELIANCE,5m,2026-02-24 07:10:00
1423.0999755859375,1423.800048828125,1420.5999755859375,1421.5,107420,-0.0011242889560719727,0.0009858632759180974,0.0007355260782725345,0.75,0.35,0,1421.6286683200192,1421.399472758666,58.490913697399634,0.7856329331095822,0.6024045434960418,1420.7239463123265,0.0007355260782725345,0,RELIANCE,5m,2026-02-24 07:15:00
1421.5999755859375,1423.5,1421.0999755859375,1422.5,106850,0.000703482237073505,0.0014784395591684873,0.0007493278336050614,0.7,0.35,0,1421.7116522895412,1421.4426306896987,58.09519380565955,0.7518779401325446,0.6322992228233424,1420.777305931811,0.0007493278336050614,0,RELIANCE,5m,2026-02-24 07:20:00
1422.5,1423.0,1422.300048828125,1422.699951171875,31710,0.00014056321397193372,0.0014782314670049868,0.0007493268624172108,0.7,0.35,0,1421.8057759926205,1421.4919373752743,58.09519380565955,0.7328138318230231,0.6524021446232786,1420.7953453002551,0.0007493268624172108,0,RELIANCE,5m,2026-02-24 07:25:00
1422.699951171875,1423.5,1421.800048828125,1423.0999755859375,55371,0.0002811727193305913,0.002606700794867356,0.0007183171661249882,0.7,0.35,0,1421.929033096746,1421.5549976972611,59.63310971990458,0.7414371893198677,0.6702091535625965,1420.8282193316174,0.0007183171661249882,0,RELIANCE,5m,2026-02-24 07:30:00
1423.199951171875,1423.800048828125,1423.0,1423.699951171875,52740,0.00042159763630844616,0.001618071421351397,0.0006571372014222115,0.7,0.35,0,1422.097691961044,1421.639113519795,61.062138103880386,0.7876052547346717,0.6936883737970115,1420.8693096136194,0.0006571372014222115,0,RELIANCE,5m,2026-02-24 07:35:00
1423.800048828125,1425.0,1423.5999755859375,1424.199951171875,218079,0.0003511975958054858,0.0030989591438468356,0.000594386443001059,0.7,0.3,0,1422.2979071239804,1421.739538525759,67.27258603278179,0.8546872973847712,0.7258881585145636,1421.0724398052864,0.000594386443001059,0,RELIANCE,5m,2026-02-24 07:40:00
1424.4000244140625,1424.4000244140625,1423.0,1424.0,196315,-0.0001403954351426595,0.0030288434007310627,0.000595984695856196,0.7,0.3,0,1422.4600112074108,1421.8281840737684,64.1511389547873,0.8815539062925382,0.7570213080701585,1421.2117502231406,0.000595984695856196,0,RELIANCE,5m,2026-02-24 07:45:00
1424.0,1424.0,1422.199951171875,1422.300048828125,42672,-0.0011937859353055025,0.0010557432069608907,0.0006479013403542272,0.65,0.35,0,1422.444776695098,1421.8466885739394,51.32767262985049,0.7569484049022321,0.7570067274365734,1421.2295552139271,0.0006479013403542272,0,RELIANCE,5m,2026-02-24 07:50:00
1422.300048828125,1423.300048828125,1422.199951171875,1422.4000244140625,47114,7.0291487383356e-05,0.0009852388557793912,0.0006475904849348348,0.65,0.35,0,1422.4405145730948,1421.8683880186502,52.212427620776076,0.6586720798431998,0.7373397979178987,1421.2463694530602,0.0006475904849348348,0,RELIANCE,5m,2026-02-24 07:55:00
1422.4000244140625,1422.699951171875,1420.5,1420.9000244140625,145779,-0.0010545556624395047,-7.035579587433283e-05,0.0006931563642954004,0.6,0.4,0,1422.2938012246154,1421.830412975333,41.02561427304503,0.45451060488426265,0.6807739593111716,1421.2506682107055,0.0006931563642954004,0,RELIANCE,5m,2026-02-24 08:00:00
1420.9000244140625,1422.300048828125,1420.0,1422.0,142805,0.0007741400288814315,0.0005629389639827398,0.0007142330476034995,0.55,0.45,0,1422.2658201556044,1421.8370634468886,43.4426311523799,0.37712276549109447,0.6200437205471562,1421.2568471782263,0.0007142330476034995,0,RELIANCE,5m,2026-02-24 08:05:00
1422.0,1422.0999755859375,1419.0999755859375,1420.5999755859375,48350,-0.0009845460014503704,0.00014077102818799148,0.0007384201093890684,0.55,0.45,0,1422.1071682918266,1421.7885501974397,32.519849146486706,0.2005107128165946,0.5361371190010439,1421.249409970226,0.0007384201093890684,0,RELIANCE,5m,2026-02-24 08:10:00
1420.699951171875,1420.9000244140625,1420.0999755859375,1420.0999755859375,29932,-0.00035196396493941684,-0.0006333739718947795,0.0007358059671707452,0.5,0.45,0,1421.9160070817418,1421.7223315852239,36.69686754544131,0.019968384221783708,0.43290337204519186,1421.2432656519932,0.0007358059671707452,0,RELIANCE,5m,2026-02-24 08:15:00
1420.0999755859375,1421.4000244140625,1420.0,1421.300048828125,27964,0.0008450625046256821,-0.0004922300786743827,0.000743872369357507,0.5,0.5,0,1421.857344390921,1421.7057714771022,42.50022888416427,-0.025977379650839794,0.3411272217059856,1421.2410480515236,0.000743872369357507,0,RELIANCE,5m,2026-02-24 08:20:00
1421.300048828125,1423.9000244140625,1421.199951171875,1422.199951171875,431621,0.0006331543747515322,0.00021093378765235649,0.0007580806520043536,0.5,0.5,0,1421.8899736081546,1421.7251510729757,53.09718261170167,0.010108347069035517,0.2749234467785956,1421.3491605353518,0.0007580806520043536,0,RELIANCE,5m,2026-02-24 08:25:00
1422.300048828125,1423.199951171875,1421.5999755859375,1422.4000244140625,151360,0.0001406787013475963,-0.00042162725645644716,0.000737493802211619,0.45,0.5,0,1421.938549875384,1421.7516166941948,49.523920246468634,0.054225703880774745,0.23078389819903145,1421.3815458159227,0.000737493802211619,0,RELIANCE,5m,2026-02-24 08:30:00
1422.4000244140625,1424.5,1422.4000244140625,1424.4000244140625,236943,0.0014060742165860063,0.0005619899141933171,0.0007988765100536583,0.45,0.5,0,1422.172976021925,1421.8554758204643,56.910907990194616,0.24771678737874936,0.23417047603497504,1421.4913202996956,0.0007988765100536583,0,RELIANCE,5m,2026-02-24 08:35:00
1424.300048828125,1427.199951171875,1423.9000244140625,1427.0,272294,0.0018253127923155699,0.0014737704750906744,0.0008745009188230879,0.45,0.5,0,1422.6326925912656,1422.0572218667207,63.4484732663765,0.603894842132604,0.30811534925450085,1421.7194839209872,0.0008745009188230879,0,RELIANCE,5m,2026-02-24 08:40:00
1427.0,1428.9000244140625,1426.199951171875,1427.5999755859375,441369,0.0004204454000964475,0.0032325900112000205,0.0008116132035005388,0.45,0.45,0,1423.1057671621868,1422.2745847576705,63.4484732663765,0.9239310304374158,0.43127848549108383,1422.1597459701388,0.0008116132035005388,0,RELIANCE,5m,2026-02-24 08:45:00
1427.699951171875,1427.699951171875,1423.300048828125,1425.5,916534,-0.0014709832038737325,0.0016864763229824664,0.0008901244455589159,0.45,0.45,0,1423.3337893372168,1422.4010716299188,54.037455455303665,0.9966230852976423,0.5443474054523956,1422.6113946606424,0.0008901244455589159,0,RELIANCE,5m,2026-02-24 08:50:00
1425.4000244140625,1426.9000244140625,1424.800048828125,1425.699951171875,87464,0.00014026739521222353,0.0029545910459900515,0.0008434190313140186,0.4,0.4,0,1423.5591380833748,1422.5304394550935,55.27939949958298,1.0581685427273442,0.6471116329073853,1422.6520142837437,0.0008434190313140186,0,RELIANCE,5m,2026-02-24 08:55:00
1425.699951171875,1427.300048828125,1425.4000244140625,1426.9000244140625,80948,0.0008417432021381455,0.003093163032732882,0.0008487625502917,0.45,0.4,0,1423.8773177339165,1422.7017957279943,64.74353456708009,1.1900613558425448,0.7557015774944172,1422.6972418728878,0.0008487625502917,0,RELIANCE,5m,2026-02-24 09:00:00
1426.9000244140625,1428.4000244140625,1426.9000244140625,1427.300048828125,100179,0.0002803450888066994,0.0032333575695007166,0.0008492147703347816,0.5,0.4,0,1424.203292123841,1422.8821193789797,65.40885814530183,1.3117450076290424,0.8669102635213424,1422.7659914895614,0.0008492147703347816,0,RELIANCE,5m,2026-02-24 09:05:00
1427.300048828125,1428.699951171875,1424.199951171875,1424.199951171875,522638,-0.0021720013663527604,0.0007729432961900429,0.0009956072293345398,0.5,0.4,0,1424.2029739379395,1422.9337990571325,59.428296398602136,1.1448313034577495,0.9224944715086238,1422.9685639558343,0.0009956072293345398,0,RELIANCE,5m,2026-02-24 09:10:00
1424.300048828125,1425.9000244140625,1422.699951171875,1425.5999755859375,376533,0.0009830251804956447,0.0013345680123810766,0.0010146912203398636,0.45,0.45,0,1424.3360217139393,1423.0383549994385,60.1121938841989,1.112694806970012,0.9605345386009015,1423.0521876740902,0.0010146912203398636,0,RELIANCE,5m,2026-02-24 09:15:00
1425.800048828125,1425.800048828125,1424.300048828125,1425.4000244140625,89263,-0.00014025755843105614,0.0008426297453527631,0.001013401009562885,0.4,0.45,0,1424.4373553044272,1423.1309694862866,64.45789334353032,1.0588858366722889,0.9802047982151791,1423.0756771999652,0.001013401009562885,0,RELIANCE,5m,2026-02-24 09:20:00
1425.4000244140625,1426.9000244140625,1424.0999755859375,1426.0999755859375,300856,0.0004910559561430716,0.0014747019564167463,0.0010172288505636974,0.45,0.45,0,1424.5957000931426,1423.2474010980375,67.85709095665064,1.0604972971677853,0.9962632980057005,1423.1703885733623,0.0010172288505636974,0,RELIANCE,5m,2026-02-24 09:25:00
1426.4000244140625,1427.0999755859375,1424.5999755859375,1424.699951171875,603702,-0.0009817154743918532,0.001687339001167354,0.0010043397193258009,0.5,0.4,0,1424.6056287673077,1423.304363846031,59.9997127757353,0.937991538916549,0.9846089461878702,1423.3254501339495,0.0010043397193258009,0,RELIANCE,5m,2026-02-24 09:30:00
1424.5999755859375,1429.5999755859375,1424.0999755859375,1429.300048828125,1037565,0.003228818568054459,0.00485097321121386,0.001225845134813188,0.55,0.45,0,1425.0527163921474,1423.5394887472896,67.14983252347031,1.1982812389171613,1.0273434047337284,1423.7768930564873,0.001225845134813188,1,RELIANCE,5m,2026-02-24 09:35:00
1429.300048828125,1430.699951171875,1428.300048828125,1429.300048828125,734410,0.0,0.0059117631569656215,0.001189242255124192,0.6,0.4,0,1425.457224243193,1423.7653930641852,66.8292276270268,1.3885562889015546,1.0995859815672937,1424.1646986734806,0.001189242255124192,1,RELIANCE,5m,2026-02-24 09:40:00
1429.0999755859375,1431.699951171875,1429.0999755859375,1430.0,483928,0.0004897160483894325,0.005625879043600568,0.0011849091948580017,0.65,0.35,0,1425.889869553365,1424.009887453825,64.58321412449853,1.57764474019109,1.195197733292053,1424.428447413407,0.0011849091948580017,1,RELIANCE,5m,2026-02-24 09:45:00
1430.0999755859375,1431.800048828125,1429.300048828125,1431.5999755859375,521171,0.0011188640461101684,0.00774320722866606,0.0011597297519614271,0.7,0.3,1,1426.4336891755147,1424.3075379688098,62.63724470974881,1.8354454853479183,1.323247283703226,1424.716301068237,0.0011597297519614271,1,RELIANCE,5m,2026-02-24 09:50:00
1431.5999755859375,1433.300048828125,1430.699951171875,1432.0,414003,0.0002794247142248185,0.008379708906869343,0.0011470979687322601,0.75,0.3,1,1426.9638140159418,1424.6092031465037,62.22220715191547,2.0484201479421245,1.4682818565510058,1424.9648756125634,0.0011470979687322601,1,RELIANCE,5m,2026-02-24 09:55:00
1433.800048828125,1435.5999755859375,1433.300048828125,1434.699951171875,87357,0.0009068834489129873,0.008789200133005215,0.001154309765263395,0.7,0.25,1,1428.2551830764357,1425.3361377035235,74.4563270396858,2.581008115507302,1.8244811598493222,1434.5333251953125,0.001154309765263395,0,RELIANCE,5m,2026-02-25 03:50:00
1434.4000244140625,1435.5999755859375,1433.5,1433.699951171875,66707,-0.000697009851560404,0.00794426783173563,0.0011805752525083093,0.7,0.25,1,1428.7737324188583,1425.664130388557,68.68104228847379,2.6891499608727827,1.9974149200540143,1434.4178561755593,0.0011805752525083093,0,RELIANCE,5m,2026-02-25 03:55:00
1433.5,1434.5999755859375,1431.5999755859375,1432.699951171875,72168,-0.0006974960131529429,0.005826963363909421,0.0011795906788550404,0.65,0.3,0,1429.1476580143838,1425.9400449290792,64.36140510356469,2.6634588145252565,2.1306236989482628,1433.9549163894262,0.0011795906788550404,0,RELIANCE,5m,2026-02-25 04:00:00
1432.699951171875,1432.9000244140625,1431.199951171875,1432.699951171875,57776,0.0,0.0039943596158900085,0.0011239492442605534,0.6,0.35,0,1429.4859716484304,1426.2051392915419,77.07014788436717,2.6129776165089424,2.227094482460399,1433.6114692804397,0.0011239492442605534,0,RELIANCE,5m,2026-02-25 04:05:00
1432.9000244140625,1433.4000244140625,1430.5,1430.800048828125,48357,-0.001326099259091884,0.0022415755792333236,0.0011727077931295137,0.6,0.4,0,1429.6111218560204,1426.3853318223883,66.04977808588717,2.3920901363223948,2.2600936132327982,1433.3139670181574,0.0011727077931295137,0,RELIANCE,5m,2026-02-25 04:10:00
1430.4000244140625,1433.0999755859375,1430.0,1432.9000244140625,42694,0.0014676932585075964,0.0051911781228077825,0.0011476819856553765,0.6,0.4,0,1429.9243506710723,1426.6408099632383,70.71839971943834,2.359289278230335,2.279932746232306,1433.1643945299006,0.0011476819856553765,0,RELIANCE,5m,2026-02-25 04:15:00
1432.5999755859375,1433.0999755859375,1431.800048828125,1432.300048828125,30628,-0.00041871419897754336,0.004629373558457939,0.0011575039344109478,0.6,0.4,0,1430.1506076384105,1426.8627408991163,67.22254247058424,2.2588428124342954,2.275714759472704,1433.1066871645971,0.0011575039344109478,0,RELIANCE,5m,2026-02-25 04:20:00
1432.300048828125,1433.0,1431.5999755859375,1432.9000244140625,21659,0.0004188895939984949,0.004204919684169139,0.0011496075290938182,0.55,0.45,0,1430.4124568551392,1427.0994971153887,73.83765906558506,2.2022649408174857,2.2610247957416605,1433.0759386907655,0.0011496075290938182,0,RELIANCE,5m,2026-02-25 04:25:00
1433.0,1435.0,1432.699951171875,1433.9000244140625,77772,0.0006978853953254482,0.004624098199503601,0.0011547234578135929,0.55,0.45,0,1430.7446061464652,1427.3661844604346,66.91200890412803,2.2126125919346578,2.25134235498026,1433.1976842298902,0.0011547234578135929,0,RELIANCE,5m,2026-02-25 04:30:00
1433.5999755859375,1434.4000244140625,1433.199951171875,1433.5999755859375,40442,-0.00020925365995971834,0.006600213970185731,0.0010146253102379205,0.5,0.4,0,1431.0165460930816,1427.6106468575133,65.46760694494454,2.1715692486354783,2.235387733711304,1433.237390335187,0.0010146253102379205,0,RELIANCE,5m,2026-02-25 04:35:00
1433.5,1433.5,1432.5,1432.5,25077,-0.0007672820903110722,0.0048400845484206645,0.001030645544571927,0.5,0.4,0,1431.15782741755,1427.8023861964346,58.741378132896266,2.0269182149941116,2.1936938299678657,1433.219633797431,0.001030645544571927,0,RELIANCE,5m,2026-02-25 04:40:00
1433.0,1434.699951171875,1432.699951171875,1433.0,51566,0.0003490401396160081,0.005331819458233467,0.0010268958333725948,0.55,0.4,0,1431.3332724254024,1428.0062141887313,55.3031914401709,1.9303748898907997,2.1410300419524524,1433.2401043164648,0.0010268958333725948,0,RELIANCE,5m,2026-02-25 04:45:00
1433.0,1433.5,1432.5999755859375,1433.0,26762,0.0,0.004838387583049775,0.0010271126135187345,0.5,0.4,0,1431.4920083848879,1428.2020489264282,53.906309605554284,1.8327369583723794,2.079371425236438,1433.2315771650156,0.0010271126135187345,0,RELIANCE,5m,2026-02-25 04:50:00
1433.0,1433.300048828125,1432.5999755859375,1433.199951171875,27333,0.0001395332671842997,0.0059661685206127135,0.0009866132139448862,0.45,0.4,0,1431.6546696026962,1428.3980450929164,49.13759536963957,1.751304633048676,2.0137580667988857,1433.2235646896158,0.0009866132139448862,0,RELIANCE,5m,2026-02-25 04:55:00
1433.199951171875,1435.800048828125,1433.0,1435.0,202547,0.0012559648963517134,0.003987931838768555,0.0007479028730722863,0.45,0.35,0,1431.9732724976777,1428.656945285351,51.23988620084341,1.8111401293201652,1.9732344793031418,1433.5407948490588,0.0007479028730722863,0,RELIANCE,5m,2026-02-25 05:00:00
1435.0,1435.0,1433.800048828125,1434.0,27986,-0.0006968641114982743,0.0032882886806926415,0.0007734714606582554,0.4,0.35,0,1432.1662941645654,1428.8664768427882,51.23988620084341,1.7576079383154593,1.9301091711056055,1433.5631967124589,0.0007734714606582554,0,RELIANCE,5m,2026-02-25 05:05:00
1433.699951171875,1434.4000244140625,1431.199951171875,1431.199951171875,116352,-0.0019526142455543738,0.0008391266936189634,0.0009016003469085373,0.35,0.4,0,1432.074261498595,1428.9579856400073,44.60427863842344,1.4722713244491388,1.8385416017743124,1433.4157580778128,0.0009016003469085373,0,RELIANCE,5m,2026-02-25 05:10:00
1431.199951171875,1431.800048828125,1430.699951171875,1431.0,76221,-0.00013970876096747187,-0.00041909443711185546,0.0008657148624168814,0.3,0.45,0,1431.9719508796811,1429.0380646345168,43.97174172770246,1.2159884557213445,1.714030972563719,1433.259829959988,0.0008657148624168814,0,RELIANCE,5m,2026-02-25 05:15:00
1431.0,1431.0,1429.5999755859375,1429.699951171875,79718,-0.0009084897471174358,-0.001606179349249337,0.000884591842416614,0.25,0.5,0,1431.755569955128,1429.0640209693152,45.925564236111114,0.8976320172298529,1.550751181496946,1433.046198740326,0.000884591842416614,0,RELIANCE,5m,2026-02-25 05:20:00
1429.800048828125,1430.5,1429.0999755859375,1430.199951171875,40651,0.00034972373020658587,-0.002232505363250259,0.000855749378537948,0.2,0.55,0,1431.6074157852945,1429.1085672517686,38.65517771964918,0.6778640723462104,1.376173759666799,1432.942456417684,0.000855749378537948,0,RELIANCE,5m,2026-02-25 05:25:00
1430.199951171875,1431.4000244140625,1430.0,1430.0999755859375,57210,-6.990322287148132e-05,-0.0032062283003356784,0.0008217745931788713,0.25,0.55,0,1431.4638500520223,1429.1474460099714,40.35057662037285,0.4899810024355702,1.198935208220553,1432.833032148406,0.0008217745931788713,0,RELIANCE,5m,2026-02-25 05:30:00
1430.0999755859375,1431.5,1430.0999755859375,1430.0999755859375,65619,0.0,-0.0025109686186394198,0.0008125403107513562,0.3,0.55,0,1431.3339572457285,1429.1848001109897,37.03686958880574,0.33719533794783274,1.0265872341660092,1432.7222638756311,0.0008125403107513562,0,RELIANCE,5m,2026-02-25 05:35:00
1430.4000244140625,1431.699951171875,1430.0999755859375,1430.699951171875,58532,0.00041953401592897954,-0.0013959657068209896,0.0008095304271849405,0.35,0.5,0,1431.2735757148853,1429.244217799652,34.61506860570208,0.26151008814827037,0.8735718049624615,1432.6433526050641,0.0008095304271849405,0,RELIANCE,5m,2026-02-25 05:40:00
1430.699951171875,1431.4000244140625,1428.800048828125,1431.4000244140625,139996,0.0004893221961839167,-0.0009073265876425873,0.0008190804685254869,0.35,0.5,0,1431.2856184481402,1429.3287592355114,39.81508691819065,0.25507865434133237,0.7498731748382357,1432.451681752635,0.0008190804685254869,0,RELIANCE,5m,2026-02-25 05:45:00
1431.4000244140625,1431.5999755859375,1430.0999755859375,1430.9000244140625,30944,-0.0003493083634706906,6.98739044771024e-05,0.0007660828893589201,0.35,0.45,0,1431.2488952067995,1429.3903774778075,42.15703873909454,0.20724686256289715,0.641347912383168,1432.420482865914,0.0007660828893589201,0,RELIANCE,5m,2026-02-25 05:50:00
1430.699951171875,1431.9000244140625,1430.5999755859375,1431.0,53011,6.986902245564863e-05,-0.0013259992893359662,0.0006849658362868905,0.4,0.4,0,1431.2251909013899,1429.4534999296582,39.7959692085399,0.17538528483328264,0.548155386873191,1432.3795828203545,0.0006849658362868905,0,RELIANCE,5m,2026-02-25 05:55:00
1431.0999755859375,1431.0999755859375,1428.199951171875,1428.5999755859375,93758,-0.0016771659078005374,-0.0025833087454090187,0.0007714084847202096,0.4,0.45,0,1430.9751703951563,1429.4200283867672,31.9672213161502,-0.04303112145930754,0.4299180852066913,1432.211598555306,0.0007714084847202096,0,RELIANCE,5m,2026-02-25 06:00:00
1428.9000244140625,1431.0,1428.5999755859375,1430.5999755859375,49915,0.0013999720244848302,-0.00160517048568376,0.0008365303493559409,0.4,0.4,0,1430.939437556183,1429.4663008259504,40.71445387090305,-0.05412054380872178,0.3331103594036087,1432.1510673307744,0.0008365303493559409,0,RELIANCE,5m,2026-02-25 06:05:00
1430.5,1430.5,1429.0,1429.800048828125,80173,-0.0005591547402934438,-0.0028593176066182835,0.0008221085075563764,0.35,0.4,0,1430.8309243439871,1429.4793889828984,30.00018780048076,-0.1260039004741884,0.24128750742804933,1432.0476761011694,0.0008221085075563764,0,RELIANCE,5m,2026-02-25 06:10:00
1430.0,1430.800048828125,1430.0,1430.199951171875,24690,0.0002796910967219901,-0.0023716688560020405,0.0008272832285412368,0.4,0.4,0,1430.7708316609287,1429.5076463236426,34.67710179169127,-0.14898578610427649,0.16323284872158417,1432.0250850206157,0.0008272832285412368,0,RELIANCE,5m,2026-02-25 06:15:00
1430.199951171875,1430.199951171875,1428.5999755859375,1428.5999755859375,20421,-0.0011187076217046288,-0.0027225301319807604,0.0008453261978501132,0.4,0.4,0,1430.5640834633105,1429.4720513927523,38.392789022223674,-0.29292707331228485,0.07200086431481037,1431.993906659232,0.0008453261978501132,0,RELIANCE,5m,2026-02-25 06:20:00
1429.199951171875,1429.9000244140625,1428.5999755859375,1429.5,21278,0.0006300045005203092,-0.00244242847173759,0.0008560768082357959,0.35,0.4,0,1430.4627421810903,1429.473147416566,43.69742727011612,-0.33056656646135707,-0.008512621840423125,1431.964349363726,0.0008560768082357959,0,RELIANCE,5m,2026-02-25 06:25:00
1429.5,1430.199951171875,1429.5,1429.699951171875,47299,0.00013987490162636895,-0.0023028952045534012,0.0008576950443798272,0.4,0.35,0,1430.390095418308,1429.4820416814803,50.0,-0.3403385366536895,-0.0748778048030764,1431.9121878895755,0.0008576950443798272,0,RELIANCE,5m,2026-02-25 06:30:00
1430.0,1430.199951171875,1429.0,1430.199951171875,81549,0.00034972373020658587,-0.002093218045079448,0.0008622526767351068,0.4,0.4,0,1430.3719864424572,1429.5101949948291,50.0,-0.30423009692822234,-0.12074826322810558,1431.8279240400304,0.0008622526767351068,0,RELIANCE,5m,2026-02-25 06:35:00
1430.199951171875,1430.199951171875,1427.4000244140625,1429.0,99469,-0.0008390093782982833,-0.004181184668989535,0.000814205352042991,0.35,0.45,0,1430.2413210669852,1429.490187347973,45.378168501174564,-0.3681955997781188,-0.17023773053810826,1431.690515458656,0.000814205352042991,0,RELIANCE,5m,2026-02-25 06:40:00
1429.300048828125,1429.9000244140625,1428.0,1428.5,101490,-0.00034989503149052137,-0.0038354253835425345,0.0008069307933460376,0.35,0.45,0,1430.0754809653674,1429.451356471582,43.54837121846051,-0.45400110087371104,-0.22699040460522882,1431.5598513189564,0.0008069307933460376,0,RELIANCE,5m,2026-02-25 06:45:00
1428.5,1429.199951171875,1428.0999755859375,1428.5999755859375,43098,6.998640947664114e-05,-0.00181664035399709,0.00069339657342972,0.35,0.4,0,1429.934956643517,1429.4179689858704,41.17641024588903,-0.5080785709351403,-0.2832080378712111,1431.5047306577128,0.00069339657342972,0,RELIANCE,5m,2026-02-25 06:50:00
1428.5999755859375,1428.5999755859375,1427.300048828125,1428.0,50802,-0.0004199745178431469,-0.002096436058700246,0.0006972607990145586,0.35,0.4,0,1429.75067505842,1429.3623623589735,35.59272937939025,-0.5925181902782697,-0.3450700683526229,1431.4278866052732,0.0006972607990145586,0,RELIANCE,5m,2026-02-25 06:55:00
1427.9000244140625,1428.0,1424.300048828125,1424.800048828125,73992,-0.002240862165178603,-0.003427224250608485,0.0008292559202566058,0.35,0.4,0,1429.279186846011,1429.1834481028618,28.96507017115532,-0.9071890033001182,-0.45749385534212195,1431.2522496222641,0.0008292559202566058,0,RELIANCE,5m,2026-02-25 07:00:00
1424.800048828125,1424.9000244140625,1420.699951171875,1422.199951171875,306975,-0.0018248859960304786,-0.005593623460443342,0.0008971303973941403,0.35,0.4,0,1428.6049739246646,1428.9095854781174,24.117131737300923,-1.350802826499148,-0.6361556495735272,1430.2757651806437,0.0008971303973941403,0,RELIANCE,5m,2026-02-25 07:05:00
1422.199951171875,1422.199951171875,1419.4000244140625,1419.9000244140625,85893,-0.001617161325253469,-0.007132334344454372,0.0009435665224168743,0.3,0.45,0,1427.775931114131,1428.5562693579584,24.259978908134812,-1.8664396905799094,-0.8822124577748037,1429.9765122888982,0.0009435665224168743,0,RELIANCE,5m,2026-02-25 07:10:00
1419.9000244140625,1419.9000244140625,1416.0999755859375,1416.5999755859375,91737,-0.002324141679965641,-0.009439899468894675,0.0010358383335273412,0.25,0.5,0,1426.7115543971602,1428.087395092389,11.537842406031174,-2.5124104770402482,-1.2082520616278927,1429.5825686114563,0.0010358383335273412,-1,RELIANCE,5m,2026-02-25 07:15:00
1416.5,1418.0,1414.699951171875,1417.0,335448,0.00028238346813269644,-0.009575698357054852,0.0010300520725114177,0.2,0.55,0,1425.7866444545734,1427.6525952848442,14.044412135842421,-2.957970707167533,-1.5581957907358208,1428.2320995419948,0.0010300520725114177,-1,RELIANCE,5m,2026-02-25 07:20:00
1417.0,1417.0,1413.4000244140625,1414.0,128256,-0.0021171489061396764,-0.012155948104852876,0.0010651825705542911,0.2,0.55,0,1424.6641068874712,1427.117199391321,10.29404724861773,-3.5126635289802834,-1.9490893383847134,1427.719579991654,0.0010651825705542911,0,RELIANCE,5m,2026-02-25 07:25:00
1414.0,1414.0,1410.0999755859375,1412.4000244140625,122418,-0.001131524459644595,-0.012928925630269372,0.001069428136703584,0.15,0.6,-1,1423.496099032861,1426.540055274566,10.29404724861773,-4.034854948606608,-2.3662424604290924,1427.1730543427066,0.001069428136703584,0,RELIANCE,5m,2026-02-25 07:30:00
1412.699951171875,1413.5999755859375,1411.0,1412.300048828125,211966,-7.07841859313163e-05,-0.01306775064421728,0.0010648985863680955,0.1,0.6,-1,1422.429808537172,1425.9816236492154,6.122245612286832,-4.405973287663755,-2.7741886258760253,1426.3200170627933,0.0010648985863680955,-1,RELIANCE,5m,2026-02-25 07:35:00
1412.5,1413.5,1412.0,1412.4000244140625,39932,7.078919668690453e-05,-0.01133973921932252,0.001048360348366847,0.1,0.55,0,1421.4745910016377,1425.4490119145037,5.640935753053341,-4.638549736905361,-3.147060848081893,1426.1737139542215,0.001048360348366847,-1,RELIANCE,5m,2026-02-25 07:40:00
1412.300048828125,1414.699951171875,1412.0,1414.0999755859375,79964,0.0012035904435645506,-0.011533622453224202,0.0010296962803329822,0.15,0.55,0,1420.772246676333,1425.0039516663248,11.11084901487854,-4.632298146538915,-3.4441083077732975,1425.9102051202738,0.0010296962803329822,-1,RELIANCE,5m,2026-02-25 07:45:00
1414.0,1414.5,1410.699951171875,1411.0,188122,-0.0021921898306044296,-0.01314872582605775,0.0010909359760301817,0.15,0.6,-1,1419.8415565166822,1424.4547770911747,10.176733031576447,-4.821901954143641,-3.7196670370473663,1425.25974237607,0.0010909359760301817,-1,RELIANCE,5m,2026-02-25 07:50:00
1411.0999755859375,1411.199951171875,1407.300048828125,1410.5999755859375,343405,-0.00028350419139799854,-0.013704360407702176,0.001072488868272267,0.1,0.65,-1,1418.9614059518492,1423.9114515419499,10.221952159028646,-4.947412275706256,-3.9652160847791444,1424.030588893307,0.001072488868272267,-1,RELIANCE,5m,2026-02-25 07:55:00
1410.5999755859375,1411.5,1408.0999755859375,1409.199951171875,188291,-0.0009925027919279739,-0.013579745727004933,0.0010701974085590127,0.15,0.6,-1,1418.0317435918516,1423.3345299588098,9.243520764839545,-5.101048665793769,-4.19238260098207,1423.4314931059967,0.0010701974085590127,-1,RELIANCE,5m,2026-02-25 08:00:00
1409.0999755859375,1410.5999755859375,1409.0,1409.800048828125,44693,0.0004258428023298233,-0.01378100816500527,0.0010579187942726656,0.15,0.6,-1,1417.247772661973,1422.8037659929007,11.764886905677798,-5.115416410055559,-4.376989362796768,1423.2984764840107,0.0010579187942726656,0,RELIANCE,5m,2026-02-25 08:05:00
1409.699951171875,1410.199951171875,1409.4000244140625,1409.4000244140625,45424,-0.0002837454959623287,-0.01419873221732526,0.001044520243276076,0.1,0.6,-1,1416.5003680669338,1422.2781290682403,13.333488342352908,-5.100288625513031,-4.5216492153400205,1423.16460867019,0.001044520243276076,0,RELIANCE,5m,2026-02-25 08:10:00
1409.4000244140625,1410.5999755859375,1407.300048828125,1410.300048828125,82826,0.0006385869153342494,-0.01391407007631662,0.0010618599411872127,0.15,0.6,-1,1415.9098614727613,1421.8084004313732,19.17131544659911,-4.958516606011244,-4.609022693474265,1422.9224727085443,0.0010618599411872127,-1,RELIANCE,5m,2026-02-25 08:15:00
1410.5999755859375,1410.800048828125,1410.0,1410.800048828125,39309,0.0003545344839315234,-0.012736144976819408,0.0010868693998390146,0.2,0.55,0,1415.4232126494626,1421.376700368501,24.000251114319795,-4.7510483103219485,-4.637427816843802,1422.8198955328996,0.0010868693998390146,-1,RELIANCE,5m,2026-02-25 08:20:00
1410.800048828125,1411.5,1410.4000244140625,1411.4000244140625,51906,0.00042527329541552916,-0.011970581439228245,0.0011113107678870026,0.25,0.55,0,1415.0400518651386,1420.9854581742093,32.432655350456116,-4.486497623820014,-4.607241778239045,1422.6931487038605,0.0011113107678870026,0,RELIANCE,5m,2026-02-25 08:25:00
1411.5,1411.5,1408.4000244140625,1409.5,93922,-0.0013461983712599324,-0.01336971574432777,0.0011113999300156388,0.25,0.6,-1,1414.5124278779824,1420.5350480497304,26.99393394742755,-4.379669288522109,-4.561727280295658,1422.4456881820538,0.0011113999300156388,0,RELIANCE,5m,2026-02-25 08:30:00
1409.300048828125,1410.699951171875,1407.9000244140625,1409.5,244317,0.0,-0.012955182072829086,0.0011203473775377505,0.25,0.6,-1,1414.035053794365,1420.102301067388,33.08276887493804,-4.246061113704627,-4.498594046977452,1421.8237459143206,0.0011203473775377505,0,RELIANCE,5m,2026-02-25 08:35:00
1409.5,1411.300048828125,1408.9000244140625,1410.9000244140625,75297,0.0009932773423642072,-0.009755771994459872,0.0011121948453926844,0.3,0.55,0,1413.7364795676694,1419.74142747314,44.274851839427484,-3.98131132417916,-4.395137502417794,1421.658263200507,0.0011121948453926844,0,RELIANCE,5m,2026-02-25 08:40:00
1410.9000244140625,1414.800048828125,1409.300048828125,1414.800048828125,383167,0.002764210324315508,-0.005203137813113101,0.0012825289527729916,0.35,0.5,0,1413.8377718781892,1419.5476479184335,57.39638559438337,-3.4174021475125755,-4.19959043143675,1421.0631696572782,0.0012825289527729916,0,RELIANCE,5m,2026-02-25 08:45:00
1414.699951171875,1414.699951171875,1410.800048828125,1410.9000244140625,353611,-0.0027565905283173375,-0.006338474431475505,0.0013684190875191027,0.35,0.45,0,1413.5579864054152,1419.2085254280662,46.37684578006322,-3.2477612683685493,-4.00922459882311,1420.5324571182307,0.0013684190875191027,0,RELIANCE,5m,2026-02-25 08:50:00
1411.199951171875,1411.300048828125,1407.5,1407.5,517113,-0.002409826603748555,-0.006423814586170362,0.0013751513774971323,0.35,0.45,0,1412.9810353191851,1418.7493675681421,35.26808826013743,-3.349067242031424,-3.877193127464773,1419.5916461653458,0.0013751513774971323,0,RELIANCE,5m,2026-02-25 08:55:00
1407.699951171875,1411.0999755859375,1407.4000244140625,1409.800048828125,372912,0.0016341377109236888,-0.005081122915931546,0.0014381578479933084,0.35,0.45,0,1412.6780842247983,1418.3984138920632,47.222379203164735,-3.2067923320646514,-3.743112968384749,1419.037816731114,0.0014381578479933084,0,RELIANCE,5m,2026-02-25 09:00:00
1409.699951171875,1410.0999755859375,1409.0,1409.9000244140625,94196,7.091472724840564e-05,-0.0028995584058963964,0.001370577365651065,0.35,0.4,0,1412.4135070999664,1418.0651437164554,48.356944730990534,-3.0508034831320856,-3.6046510713342164,1418.9105150722485,0.001370577365651065,0,RELIANCE,5m,2026-02-25 09:05:00
1409.699951171875,1409.9000244140625,1405.5999755859375,1408.199951171875,226560,-0.0012058112013254574,-0.002973713657311694,0.001373491212786237,0.35,0.4,0,1412.0122160591957,1417.6782734205894,47.685221814071774,-3.0294413845344934,-3.4896091339742723,1418.5621478318976,0.001373491212786237,0,RELIANCE,5m,2026-02-25 09:10:00
1408.199951171875,1408.9000244140625,1403.0999755859375,1403.5,149417,-0.0033375595333345887,-0.006231005114973209,0.0015470995292882575,0.35,0.45,0,1411.2015288154628,1417.1222626982135,37.74318881331459,-3.3531060288651133,-3.4623085129524407,1418.2883466931346,0.0015470995292882575,0,RELIANCE,5m,2026-02-25 09:15:00
1403.699951171875,1404.5,1399.0999755859375,1400.5,263786,-0.002137513359458443,-0.008425392387683694,0.0015964085491530782,0.35,0.5,0,1410.1823355949425,1416.470409259068,34.27567019647594,-3.807793644464482,-3.531405539254849,1417.6989917976985,0.0015964085491530782,0,RELIANCE,5m,2026-02-25 09:20:00
1400.5,1404.0999755859375,1398.199951171875,1400.5999755859375,251874,7.138563794173436e-05,-0.009546708318417307,0.001555283580700226,0.3,0.55,0,1409.2697298797991,1415.848039311102,32.363581482681624,-4.112661460150548,-3.647656723433989,1417.1604564972013,0.001555283580700226,0,RELIANCE,5m,2026-02-25 09:25:00
1400.5999755859375,1402.9000244140625,1399.199951171875,1400.699951171875,438121,7.138054239619329e-05,-0.007299821990166544,0.0015055697566820328,0.3,0.5,0,1408.4535604790444,1415.2539966389754,31.365200627015724,-4.296674813617074,-3.7774603414706065,1416.300151567204,0.0015055697566820328,0,RELIANCE,5m,2026-02-25 09:30:00
1400.699951171875,1401.699951171875,1396.5999755859375,1397.0999755859375,408585,-0.0025701261593716884,-0.009570395741990811,0.0015838282305923894,0.3,0.5,0,1407.372266679701,1414.5420742447386,26.245843134074136,-4.679057404372315,-3.9577797540509483,1415.4599625034318,0.0015838282305923894,0,RELIANCE,5m,2026-02-25 09:35:00
1397.0999755859375,1398.0,1393.5,1395.300048828125,441092,-0.001288330677307159,-0.00986368352638034,0.001590239557250813,0.25,0.55,0,1406.2225316462175,1413.7874850127146,26.333414713541657,-5.068906213657328,-4.180005045972225,1414.4987498523265,0.001590239557250813,0,RELIANCE,5m,2026-02-25 09:40:00
1395.4000244140625,1399.9000244140625,1395.4000244140625,1399.699951171875,380975,0.003153373604082743,-0.007164205778433352,0.0017790492287247982,0.3,0.55,0,1405.601333505804,1413.2350327052307,35.7557025450313,-4.965588641217437,-4.3371217650212674,1413.850100555629,0.0017790492287247982,0,RELIANCE,5m,2026-02-25 09:45:00
1399.800048828125,1400.0,1397.699951171875,1398.199951171875,365027,-0.0010716582498585536,-0.007946695791241964,0.0017860301347178108,0.35,0.55,0,1404.8964399501917,1412.6454216647069,31.594031625168512,-4.947712040118404,-4.459239820040695,1413.2867341351491,0.0017860301347178108,0,RELIANCE,5m,2026-02-25 09:50:00
1398.300048828125,1400.9000244140625,1398.199951171875,1400.699951171875,323623,0.00178801322221811,-0.006807131336503236,0.001838831213697456,0.35,0.5,0,1404.4967743522568,1412.1769718414585,28.700664566998825,-4.677891773842703,-4.502970210801097,1412.8623602212035,0.001838831213697456,0,RELIANCE,5m,2026-02-25 09:55:00
1404.0,1404.199951171875,1398.5999755859375,1399.300048828125,141877,-0.003063498740812909,-0.008573030591352504,0.0020032547566841766,0.3,0.55,0,1403.9245729347201,1411.3488319797127,37.57573964059274,-4.088560061034059,-4.368707961913334,1400.6999918619792,0.0020032547566841766,0,RELIANCE,5m,2026-02-26 03:50:00
1399.5999755859375,1401.9000244140625,1397.0,1401.5999755859375,134446,0.0016436265829753438,-0.005604841726897791,0.002042343226182457,0.3,0.55,0,1403.7031827110263,1410.9665238858393,37.575508724425056,-3.785411259451621,-4.252048621420991,1400.440500472522,0.002042343226182457,0,RELIANCE,5m,2026-02-26 03:55:00
1401.9000244140625,1402.199951171875,1400.4000244140625,1402.199951171875,96437,0.0004280647805281479,-0.005179176181713374,0.0020476571560433645,0.35,0.5,0,1403.5600178025356,1410.6227367205856,38.50722773467818,-3.4569016244681734,-4.093019222030428,1400.7404690890917,0.0020476571560433645,0,RELIANCE,5m,2026-02-26 04:00:00
1402.300048828125,1403.0,1401.0999755859375,1402.699951171875,61747,0.0003565825256106603,-0.005811944928977519,0.002032076280148627,0.35,0.5,0,1403.4781066948535,1410.3120392480873,41.485952274771535,-3.1202413506266566,-3.898463647749674,1400.9573507833504,0.002032076280148627,0,RELIANCE,5m,2026-02-26 04:05:00
1402.699951171875,1402.9000244140625,1400.4000244140625,1401.4000244140625,59202,-0.0009267318764262233,-0.009471320293748753,0.0019037020542523888,0.3,0.55,0,1403.2801940966829,1409.9625484702824,46.36676592958669,-2.9246157338459398,-3.7036940649689276,1401.0304184492943,0.0019037020542523888,0,RELIANCE,5m,2026-02-26 04:10:00
1401.300048828125,1402.5,1401.0999755859375,1401.800048828125,51888,0.00028544627307947046,-0.006449766410427715,0.0018319002850893653,0.3,0.55,0,1403.1392278806297,1409.6424504450997,52.47161701772138,-2.706108066769275,-3.504176865328997,1401.1036088623073,0.0018319002850893653,0,RELIANCE,5m,2026-02-26 04:15:00
1402.0999755859375,1402.0999755859375,1397.300048828125,1397.300048828125,85007,-0.0032101582559951325,-0.007246856960479553,0.001887798893233324,0.3,0.55,0,1402.583115589915,1409.1584346954146,44.62545379357512,-2.863048121717611,-3.37595111660672,1400.8065601547316,0.001887798893233324,0,RELIANCE,5m,2026-02-26 04:20:00
1397.300048828125,1399.0999755859375,1397.0,1399.0,63868,0.001216597089007898,-0.007660695456141009,0.0018667545143395664,0.3,0.55,0,1402.2418664861136,1408.760064707359,47.36846083492695,-2.8177708847128997,-3.264315070227956,1400.5821715011145,0.0018667545143395664,0,RELIANCE,5m,2026-02-26 04:25:00
1399.199951171875,1400.0,1398.800048828125,1399.5,53913,0.00035739814152968563,-0.007376426862879648,0.0018715121501353645,0.35,0.55,0,1401.9807363445789,1408.3969249149138,54.109689259750084,-2.710299876977615,-3.1535120315778884,1400.4994113781172,0.0018715121501353645,0,RELIANCE,5m,2026-02-26 04:30:00
1399.800048828125,1402.0,1399.800048828125,1401.4000244140625,61519,0.0013576451690335833,-0.004828807693221249,0.001898729354090457,0.4,0.5,0,1401.9254304464343,1408.1225366599786,60.40962741070647,-2.4436434375793397,-3.0115383127781787,1400.5425010282795,0.001898729354090457,0,RELIANCE,5m,2026-02-26 04:35:00
1401.699951171875,1402.0,1401.0999755859375,1401.4000244140625,33988,0.0,-0.0014962419564926721,0.0017532816797400973,0.4,0.45,0,1401.8753917766849,1407.8589087287662,53.413831816020284,-2.2068767863404446,-2.850606007490632,1400.5810645826807,0.0017532816797400973,0,RELIANCE,5m,2026-02-26 04:40:00
1401.300048828125,1404.0,1401.0999755859375,1403.0999755859375,61444,0.0012130377781216506,0.0018564623962424864,0.00170508552015267,0.45,0.4,0,1401.9920188061376,1407.6722838996357,59.76110924680352,-1.8606176152618445,-2.6526083290448748,1400.7271352139712,0.00170508552015267,0,RELIANCE,5m,2026-02-26 04:45:00
1403.0999755859375,1403.4000244140625,1401.4000244140625,1401.800048828125,38838,-0.0009264676647646741,0.0008568279759433306,0.0017203169624269946,0.45,0.35,0,1401.9737359510887,1407.442000171341,52.30149244583371,-1.6718261813903155,-2.4564518995139633,1400.787721913899,0.0017203169624269946,0,RELIANCE,5m,2026-02-26 04:50:00
1401.800048828125,1402.300048828125,1400.5,1400.699951171875,39390,-0.0007847750163582079,0.0,0.0017302293892026244,0.45,0.4,0,1401.852423114973,1407.1776060929305,43.43877906109666,-1.5926175926003907,-2.283685038131249,1400.8028979815585,0.0017302293892026244,0,RELIANCE,5m,2026-02-26 04:55:00
1400.699951171875,1403.0,1400.5999755859375,1402.0,47819,0.0009281422670410766,0.00350728258513322,0.001630534852111482,0.5,0.35,0,1401.866478056404,1406.9745627167372,57.06798921171372,-1.408702494381032,-2.1086885293812054,1400.852218132852,0.001630534852111482,0,RELIANCE,5m,2026-02-26 05:00:00
1402.0,1402.300048828125,1400.300048828125,1400.5,72616,-0.0010699001426534016,0.00372676197943389,0.0016209111257691805,0.5,0.35,0,1401.7363372891275,1406.7206582964732,46.99459019564681,-1.3682139986885886,-1.9605936232426822,1400.8641332027025,0.0016209111257691805,0,RELIANCE,5m,2026-02-26 05:05:00
1400.4000244140625,1401.699951171875,1400.300048828125,1401.4000244140625,28409,0.0006426450653784777,0.0012145983435694063,0.001469229111621589,0.45,0.35,0,1401.7043074915023,1406.512005987359,47.849656430685634,-1.249103241127841,-1.8182955468197142,1400.8708868972228,0.001469229111621589,0,RELIANCE,5m,2026-02-26 05:10:00
1401.5,1403.800048828125,1401.300048828125,1403.0,35996,0.0011416979863450027,0.003433020308792001,0.0014627102454501063,0.45,0.35,0,1401.827706778026,1406.3742802623647,50.761547136607554,-1.0139146721819543,-1.6574193718921624,1400.9272389184348,0.0014627102454501063,0,RELIANCE,5m,2026-02-26 05:15:00
1403.0,1403.199951171875,1401.9000244140625,1401.9000244140625,24202,-0.0007840168110744283,0.0008567668194630063,0.0014257889134934231,0.4,0.35,0,1401.834594171934,1406.1988192487058,51.28205128205128,-0.9058428808925783,-1.5071040736922456,1400.955773318756,0.0014257889134934231,0,RELIANCE,5m,2026-02-26 05:20:00
1402.0,1403.9000244140625,1401.0999755859375,1403.300048828125,70089,0.0009986620940731772,-0.0002136839292030679,0.0013644308042375039,0.4,0.35,0,1401.9741612820476,1406.0851419773107,53.65853658536585,-0.6991653945053713,-1.345516337854871,1401.0562923234509,0.0013644308042375039,0,RELIANCE,5m,2026-02-26 05:25:00
1403.4000244140625,1405.0,1402.0999755859375,1404.5,82821,0.0008550923752030926,0.0037161087618269306,0.001170401484321135,0.45,0.35,0,1402.214717350424,1406.0229795468279,70.93015003335651,-0.4335482915223565,-1.163122728588368,1401.2292797420178,0.001170401484321135,0,RELIANCE,5m,2026-02-26 05:30:00
1404.699951171875,1405.699951171875,1404.5,1405.0,58360,0.0003559985760057671,0.00242581654772156,0.0011203526537450835,0.5,0.3,0,1402.4799823646695,1405.9828627018542,68.75,-0.1806169625012899,-0.9666215753709525,1401.3888016307408,0.0011203526537450835,0,RELIANCE,5m,2026-02-26 05:35:00
1405.4000244140625,1406.699951171875,1404.9000244140625,1406.0,60415,0.000711743772241924,0.002710062017153181,0.0011262151951278246,0.5,0.3,0,1402.8152221394628,1405.983534752762,69.69696969696969,0.09937900140425882,-0.7534214600159103,1401.5735529708,0.0011262151951278246,0,RELIANCE,5m,2026-02-26 05:40:00
1405.800048828125,1406.800048828125,1405.5,1406.800048828125,32011,0.0005690247710703478,0.0029230040628607235,0.0011294031672903519,0.5,0.3,0,1403.194729443145,1406.01555491258,67.53251900409806,0.3814380933013126,-0.5264495493524657,1401.6760947067216,0.0011294031672903519,0,RELIANCE,5m,2026-02-26 05:45:00
1406.5,1406.800048828125,1405.199951171875,1405.300048828125,62523,-0.001066249607575398,0.0027829487270725206,0.001136788078009035,0.5,0.3,0,1403.3952360512383,1405.9874958504445,61.53851710065369,0.47841956879551617,-0.3254757257228693,1401.8401643414006,0.001136788078009035,0,RELIANCE,5m,2026-02-26 05:50:00
1405.5,1409.0999755859375,1405.5,1405.5,397176,0.00014228361554646796,0.0026394286224828978,0.001136271849351882,0.55,0.3,0,1403.5956897606443,1405.9683783661133,57.792274705327486,0.5649006522664877,-0.14740045012499792,1402.8269771576076,0.001136271849351882,0,RELIANCE,5m,2026-02-26 05:55:00
1405.5,1407.0,1405.0,1405.0,89199,-0.0003557452863749422,0.005510592501827061,0.0008331693621070565,0.55,0.3,0,1403.729433592964,1405.9304027439127,60.958663589846495,0.5863328327375257,-0.0006537935524932037,1402.9508268860052,0.0008331693621070565,0,RELIANCE,5m,2026-02-26 06:00:00
1405.0999755859375,1405.699951171875,1401.300048828125,1402.9000244140625,194260,-0.001494644545151247,0.002787722955012617,0.0008905205663074244,0.55,0.3,0,1403.6504422425924,1405.8115643780363,57.05152783755233,0.4289231515190295,0.08526159546181133,1402.9811163084626,0.0008905205663074244,0,RELIANCE,5m,2026-02-26 06:05:00
1402.9000244140625,1403.199951171875,1392.0999755859375,1393.5,628153,-0.006700423587196469,-0.004287245444801746,0.0017668743331125288,0.5,0.35,0,1402.6837334575837,1405.328757931839,32.06747360288436,-0.4491510323409784,-0.02162093009874662,1401.5103052117038,0.0017668743331125288,0,RELIANCE,5m,2026-02-26 06:10:00
1393.300048828125,1399.4000244140625,1392.0999755859375,1398.800048828125,381850,0.0038034078422137796,-0.0018552701160573504,0.001955856248489687,0.45,0.35,0,1402.3138587309686,1405.0727301238503,46.9091796875,-0.7091864432943566,-0.1591340327378686,1400.9528739797076,0.001955856248489687,0,RELIANCE,5m,2026-02-26 06:15:00
1399.0999755859375,1401.699951171875,1398.300048828125,1398.5999755859375,427235,-0.00014303205261900764,-0.001998036805583525,0.0019557673968049268,0.5,0.35,0,1401.960155574299,1404.8188966125597,44.77603782350851,-0.92079625246879,-0.3114664766840529,1400.787921371443,0.0019557673968049268,0,RELIANCE,5m,2026-02-26 06:20:00
1398.4000244140625,1399.0,1395.9000244140625,1396.9000244140625,87441,-0.0012154663245741437,-0.00441875224841759,0.0019454355612082,0.45,0.4,0,1401.478238320943,1404.5083526047754,38.66176570689537,-1.2117026494076981,-0.49151371122878196,1400.7061229550065,0.0019454355612082,0,RELIANCE,5m,2026-02-26 06:25:00
1396.9000244140625,1400.800048828125,1396.5,1398.800048828125,192260,0.0013601720816487362,-0.002140105503996792,0.001968759400792635,0.5,0.4,0,1401.2231726549603,1404.2844975547107,44.404390994143284,-1.2742432903389727,-0.6480596270508201,1400.6086376051048,0.001968759400792635,0,RELIANCE,5m,2026-02-26 06:30:00
1398.699951171875,1403.300048828125,1398.699951171875,1403.199951171875,208461,0.003145483407321903,0.0017848219369953622,0.002089794441665276,0.55,0.35,0,1401.411437275619,1404.2419663240114,49.83697424193023,-0.9577317161788415,-0.7099940448764244,1400.6649304464686,0.002089794441665276,0,RELIANCE,5m,2026-02-26 06:35:00
1402.800048828125,1404.199951171875,1401.0999755859375,1401.4000244140625,228734,-0.00128273006018087,-0.00042794264332202125,0.0021016357357595728,0.55,0.35,0,1401.410350336423,1404.1305176216604,45.047950734958604,-0.8424221419907099,-0.7364796642992815,1400.7465819015279,0.0021016357357595728,0,RELIANCE,5m,2026-02-26 06:40:00
1401.5,1402.9000244140625,1400.0,1400.0,263063,-0.000999018402791818,-0.000357015351660106,0.0020998298027035457,0.55,0.35,0,1401.2760312567636,1403.9685365384582,42.23601307139987,-0.8541624899223734,-0.7600162294238999,1400.7590153488236,0.0020998298027035457,0,RELIANCE,5m,2026-02-26 06:45:00
1400.5,1401.800048828125,1395.4000244140625,1400.300048828125,484484,0.0002143205915179358,-0.0007849119214889955,0.0020949398835581764,0.55,0.4,0,1401.183080549274,1403.8246742753079,40.95245845734127,-0.8296912036944377,-0.7739512242780074,1400.6089615484666,0.0020949398835581764,0,RELIANCE,5m,2026-02-26 06:50:00
1400.300048828125,1402.5,1400.0,1401.0,49531,0.0004998579929071933,-0.0014255167498218313,0.002080798911177753,0.55,0.4,0,1401.165644306486,1403.7139027350997,40.76422473447681,-0.7452268124125112,-0.7682063419049082,1400.6142833434499,0.002080798911177753,0,RELIANCE,5m,2026-02-26 06:55:00
1401.0,1405.800048828125,1401.0,1403.9000244140625,152027,0.0020699674618576136,0.0014266352558456319,0.0021265605575690677,0.6,0.4,0,1401.4260614595887,1403.7212016244707,47.8658116763492,-0.43921741513076995,-0.7024085565500806,1400.6982943818923,0.0021265605575690677,0,RELIANCE,5m,2026-02-26 07:00:00
1404.0999755859375,1406.5,1403.0,1405.800048828125,431081,0.001353390113983055,0.0017815149383682005,0.002136141189495186,0.6,0.35,0,1401.8426316851637,1403.802725044222,50.4348533740942,-0.04289223704881806,-0.5705052926498282,1401.0269350082847,0.002136141189495186,0,RELIANCE,5m,2026-02-26 07:05:00
1405.800048828125,1408.4000244140625,1405.199951171875,1408.0999755859375,266999,0.0016360269440378605,0.002563172364498101,0.002157866813770546,0.6,0.35,0,1402.438569199523,1403.971244673309,54.269947439040386,0.4515776835764882,-0.36608869740456496,1401.3012535689707,0.002157866813770546,0,RELIANCE,5m,2026-02-26 07:10:00
1408.0,1408.5,1406.0,1406.0999755859375,98925,-0.0014203536926898908,0.0007829007729092119,0.0021844777789457254,0.6,0.35,0,1402.7872745696577,1404.0547243169415,54.41982802225594,0.6742925480712074,-0.1580124483094105,1401.3909252674168,0.0021844777789457254,0,RELIANCE,5m,2026-02-26 07:15:00
1406.199951171875,1406.300048828125,1403.300048828125,1403.5,389641,-0.0018490687938843564,-0.0017780938833570348,0.0022179120984836403,0.55,0.4,0,1402.8551531820713,1404.0329704221595,67.00685921177194,0.6336945456137073,0.00032895047521305787,1401.5685056431164,0.0022179120984836403,0,RELIANCE,5m,2026-02-26 07:20:00
1403.9000244140625,1404.300048828125,1398.9000244140625,1398.9000244140625,549007,-0.0032775030893748003,-0.005615598620886675,0.002322379344089162,0.5,0.45,0,1402.4784742517847,1403.831678421842,50.17417453181291,0.22771578417655292,0.045806317215481035,1401.5011456409168,0.002322379344089162,0,RELIANCE,5m,2026-02-26 07:25:00
1399.300048828125,1406.0,1398.9000244140625,1406.0,181918,0.005075398857692814,0.0004980795186471099,0.002602012268948132,0.55,0.4,0,1402.8138576563767,1403.9167106405935,60.3933711205522,0.4734260231348344,0.13133025839935172,1401.554571312563,0.002602012268948132,0,RELIANCE,5m,2026-02-26 07:30:00
1406.0,1406.0,1401.0999755859375,1402.4000244140625,116568,-0.002560437827836104,-0.0022056034051494144,0.0026651871806814076,0.5,0.4,0,1402.7744449666325,1403.8572327493569,57.333381076699716,0.3733613371368847,0.17973647414685834,1401.5800454698153,0.0026651871806814076,1,RELIANCE,5m,2026-02-26 07:35:00
1402.9000244140625,1402.9000244140625,1400.800048828125,1401.800048828125,123669,-0.0004278205757933806,-0.002277545318060459,0.002665589896834662,0.5,0.4,0,1402.6816453343936,1403.776558870093,54.14367994388766,0.24284694852076427,0.19235856902163953,1401.584222372643,0.002665589896834662,0,RELIANCE,5m,2026-02-26 07:40:00
1401.5999755859375,1403.0,1400.5,1402.5,52476,0.0004993231184862168,-0.0002851410699986623,0.0026483336018335055,0.55,0.4,0,1402.6643457787372,1403.7264977379325,48.9231439539059,0.19366115977140907,0.19261908717159346,1401.587111078572,0.0026483336018335055,0,RELIANCE,5m,2026-02-26 07:45:00
1402.5,1403.9000244140625,1401.5,1403.699951171875,61952,0.0008555801581997535,0.00731966356072844,0.0021325365574271352,0.6,0.35,1,1402.762974863798,1403.7254566961265,53.604925704970476,0.24864092121697468,0.2038234539806697,1401.59887688576,0.0021325365574271352,0,RELIANCE,5m,2026-02-26 07:50:00
1403.699951171875,1404.699951171875,1401.699951171875,1402.5999755859375,155397,-0.0007836258632190063,0.002716561785221616,0.001985054427523587,0.65,0.35,0,1402.7474511230494,1403.6813201820014,54.11392038321133,0.20113537793031355,0.20328583877059847,1401.6268967960373,0.001985054427523587,0,RELIANCE,5m,2026-02-26 07:55:00
1402.5999755859375,1404.0,1401.4000244140625,1402.0999755859375,54970,-0.0003564808275368092,0.002502502546186447,0.0019872148088774847,0.6,0.4,0,1402.6857867861818,1403.6193066684305,52.83010176466298,0.12173775423912048,0.1869762218643029,1401.6330300396005,0.0019872148088774847,0,RELIANCE,5m,2026-02-26 08:00:00
1402.300048828125,1403.5999755859375,1402.0,1402.800048828125,27794,0.0004993033695011029,0.004223655459192344,0.0019630979177585606,0.6,0.35,0,1402.6966688854145,1403.5871789099872,52.830282836348,0.11399061249903752,0.17237909999124984,1401.6371602564304,0.0019630979177585606,0,RELIANCE,5m,2026-02-26 08:05:00
1402.9000244140625,1403.5,1400.5999755859375,1400.5999755859375,133862,-0.001568344144288747,0.0012867648663013043,0.0019821211695393325,0.55,0.4,0,1402.4969838092738,1403.4700336815931,44.69443027044001,-0.0688825419447312,0.12412677160405362,1401.6359785059246,0.0019821211695393325,0,RELIANCE,5m,2026-02-26 08:10:00
1401.0999755859375,1402.699951171875,1400.5999755859375,1402.199951171875,163974,0.0011423501455283258,-0.0007126568092914454,0.0018655127909720933,0.5,0.4,0,1402.4686949866646,1403.4202265243491,44.15564856209772,-0.08374086359140165,0.08255324456496257,1401.6399479156007,0.0018655127909720933,0,RELIANCE,5m,2026-02-26 08:15:00
1402.199951171875,1405.699951171875,1401.800048828125,1405.0,340581,0.0019968969659318603,0.002568842245769698,0.0018938959443534097,0.5,0.4,0,1402.7097716546014,1403.482178425355,45.047950734958604,0.12893803153406225,0.09183020195878251,1401.7412905619533,0.0018938959443534097,0,RELIANCE,5m,2026-02-26 08:20:00
1405.0999755859375,1406.9000244140625,1404.5999755859375,1406.800048828125,449970,0.0012811735431494942,0.004857177734375107,0.0018909841975718984,0.55,0.35,0,1403.0993218616036,1403.6122909901694,51.12552056552748,0.43769105495539407,0.16100237255810484,1401.960638494457,0.0018909841975718984,0,RELIANCE,5m,2026-02-26 08:25:00
1406.800048828125,1406.9000244140625,1403.0,1404.0999755859375,200505,-0.0019193013566047856,0.0027136518069770243,0.0019519486689237714,0.55,0.35,0,1403.1946222163022,1403.631415876278,50.961497079318136,0.459213181564337,0.22064453435935127,1402.0199879684085,0.0019519486689237714,0,RELIANCE,5m,2026-02-26 08:30:00
1404.0999755859375,1404.4000244140625,1401.300048828125,1404.199951171875,172599,7.120261211879253e-05,0.0022840479456638363,0.0019501108748996505,0.5,0.4,0,1403.2903678311186,1403.6537113780662,59.92492924970397,0.47881730833751135,0.27227908915498333,1402.0437067013222,0.0019501108748996505,0,RELIANCE,5m,2026-02-26 08:35:00
1404.4000244140625,1406.5999755859375,1404.199951171875,1406.0,39546,0.0012819034971642829,0.0014958156203566109,0.0019162164322305104,0.5,0.4,0,1403.5484280376788,1403.7457226965735,50.0,0.6323136981293374,0.34428601094985417,1402.0587413613287,0.0019162164322305104,0,RELIANCE,5m,2026-02-26 08:40:00
1406.199951171875,1406.5,1405.199951171875,1405.800048828125,49644,-0.00014221278227244394,0.0,0.0018928023021841174,0.45,0.4,0,1403.7628681129595,1403.826284505654,59.44444821202113,0.7294180274391238,0.4213124142477081,1402.0786680188683,0.0018928023021841174,0,RELIANCE,5m,2026-02-26 08:45:00
1405.800048828125,1406.5,1404.0,1404.4000244140625,88416,-0.0009958915673886626,-0.0026276196548724595,0.0018644757675888894,0.4,0.45,0,1403.8235496654456,1403.8487841099054,56.91476582841486,0.6855016025292571,0.47415025190401794,1402.1055686526813,0.0018644757675888894,0,RELIANCE,5m,2026-02-26 08:50:00
1404.699951171875,1406.5999755859375,1403.800048828125,1404.5,242396,7.118739974343313e-05,-0.001137881810481356,0.0018398089839924948,0.4,0.5,0,1403.8879735068317,1403.8743219879484,55.49444653109406,0.6512574234579915,0.5095716862148127,1402.1768115872133,0.0018398089839924948,0,RELIANCE,5m,2026-02-26 08:55:00
1404.5,1405.0,1402.300048828125,1405.0,462479,0.0003559985760057671,0.0010687566797291659,0.0017921109244163772,0.4,0.5,0,1403.9938807918954,1403.918466223715,53.714373404388894,0.6568922412968732,0.5390357972312249,1402.264036834832,0.0017921109244163772,0,RELIANCE,5m,2026-02-26 09:00:00
1405.0,1408.5999755859375,1405.0,1405.5999755859375,306915,0.0004270288867882499,0.004789442458321025,0.0016119406748957665,0.45,0.45,0,1404.1468422008518,1403.9844077673317,58.82340269699711,0.7016823334531637,0.5715651044756126,1402.3848847207696,0.0016119406748957665,0,RELIANCE,5m,2026-02-26 09:05:00
1405.5,1409.5,1405.300048828125,1409.5,225366,0.0027746332397571294,0.0024893314366998265,0.0013007700780702138,0.45,0.45,0,1404.6566667531515,1404.2007055019462,68.13707597580168,1.039890964800179,0.6652302765405259,1402.5049289413544,0.0013007700780702138,0,RELIANCE,5m,2026-02-26 09:10:00
1409.9000244140625,1410.699951171875,1407.9000244140625,1408.0,383898,-0.0010642071656615792,0.003993137113839751,0.001175145816587896,0.5,0.45,0,1404.9750794433276,1404.3496974430464,62.26392279699664,1.1733605082795293,0.7668563228883266,1402.7246896706085,0.001175145816587896,0,RELIANCE,5m,2026-02-26 09:15:00
1408.0,1409.5,1405.0,1406.9000244140625,374506,-0.000781232660466924,0.003638161940571427,0.0011876725121596897,0.5,0.45,0,1405.1584075357785,1404.4497102654393,65.67168711283858,1.1768116935145372,0.8488473970135688,1402.868413734948,0.0011876725121596897,0,RELIANCE,5m,2026-02-26 09:20:00
1406.9000244140625,1407.5999755859375,1405.4000244140625,1406.300048828125,138712,-0.00042645218247638894,0.002709482230392135,0.0011926950974415183,0.45,0.4,0,1405.2671352779066,1404.5222725620151,60.73318506020401,1.1182433537976522,0.9027265883703856,1402.9109459564802,0.0011926950974415183,0,RELIANCE,5m,2026-02-26 09:25:00
1406.5,1412.9000244140625,1404.5,1405.5,1939162,-0.000568903363682316,0.0012823601130869111,0.0011899906230212472,0.45,0.45,0,1405.289312870487,1404.560614814485,51.46197995488422,0.9957914050087311,0.9213395516980547,1403.5859969461185,0.0011899906230212472,0,RELIANCE,5m,2026-02-26 09:30:00
1405.5,1408.800048828125,1404.199951171875,1406.699951171875,1006878,0.000853753946549185,0.0029231253795114487,0.0011848652300682975,0.4,0.5,0,1405.4236593753812,1404.6445103579122,49.69667376893939,0.984227818898944,0.9339172051382326,1403.7919433073582,0.0011848652300682975,0,RELIANCE,5m,2026-02-26 09:35:00
1406.4000244140625,1407.0999755859375,1401.699951171875,1404.0,719000,-0.001919351152053217,0.001355127627948649,0.0012683849197697378,0.4,0.5,0,1405.2880727682023,1404.6192354419156,49.697041437629004,0.7485710375078725,0.8968479716121607,1403.8142634479611,0.0012683849197697378,0,RELIANCE,5m,2026-02-26 09:40:00
1403.9000244140625,1406.9000244140625,1403.5,1406.5999755859375,337722,0.001851834462918367,0.0027088156726162715,0.0013272546223474838,0.4,0.5,0,1405.413015893701,1404.696911525995,56.31589429927978,0.7628143918489059,0.8700412556595098,1403.8542908478978,0.0013272546223474838,0,RELIANCE,5m,2026-02-26 09:45:00
1406.699951171875,1408.0,1406.4000244140625,1407.300048828125,201087,0.0004977059962594232,0.004783716520760706,0.0012666299856965595,0.45,0.45,0,1405.592733316027,1404.7989953417648,53.63144111950681,0.8211269720700329,0.8602583989416146,1403.8972139652547,0.0012666299856965595,0,RELIANCE,5m,2026-02-26 09:50:00
1407.300048828125,1409.5999755859375,1406.0999755859375,1406.800048828125,200600,-0.00035529025982505846,0.003280628880642622,0.0012546521350947962,0.5,0.5,0,1405.7077157457506,1404.8774680275044,52.74726011777805,0.817569854327985,0.8517206900188887,1403.9422967895134,0.0012546521350947962,0,RELIANCE,5m,2026-02-26 09:55:00
1390.800048828125,1394.9000244140625,1389.699951171875,1391.800048828125,188244,0.0005751609116642076,-0.010662496075753758,0.0027685023945979463,0.4,0.55,0,1403.1158445238034,1403.8417553688994,30.931032207453242,-1.382909016546364,0.1957295419542302,1392.1333414713542,0.0027685023945979463,0,RELIANCE,5m,2026-02-27 03:50:00
1391.800048828125,1393.9000244140625,1391.699951171875,1392.4000244140625,112634,0.0004310788654180442,-0.008332705202841795,0.002756380725672889,0.4,0.5,0,1402.0952902276376,1403.3930600373374,31.13777488642718,-2.0463317878532052,-0.2526827240072569,1392.3329923266804,0.002756380725672889,0,RELIANCE,5m,2026-02-27 03:55:00
1392.4000244140625,1394.5,1392.0,1393.0999755859375,91089,0.0005026940244199363,-0.007904839746415093,0.0027620666198311648,0.45,0.45,0,1401.238593595095,1402.9894096666942,31.343283582089555,-2.486950882284873,-0.69953635566278,1392.534473881686,0.0027620666198311648,0,RELIANCE,5m,2026-02-27 04:00:00
1393.199951171875,1393.9000244140625,1392.199951171875,1393.699951171875,65900,0.00043067661793982914,-0.008748256634512841,0.0027413787409694417,0.4,0.45,0,1400.5206276500264,1402.6251171767012,23.840936466745887,-2.7559626516106164,-1.1108216148523473,1392.6398536003455,0.0027413787409694417,0,RELIANCE,5m,2026-02-27 04:05:00
1393.699951171875,1393.699951171875,1392.5,1392.9000244140625,44139,-0.0005739590915102566,-0.009176286787595411,0.002740646245494183,0.4,0.45,0,1399.794855913268,1402.2437409899312,24.406715136367595,-2.999131697698431,-1.4884836314215641,1392.6744496863091,0.002740646245494183,0,RELIANCE,5m,2026-02-27 04:10:00
1392.9000244140625,1392.9000244140625,1391.199951171875,1391.699951171875,51429,-0.0008615645208939204,-0.009043059684854526,0.002739421036782635,0.4,0.45,0,1399.023912604564,1401.830259036282,24.324179427011373,-3.251202956002089,-1.8410274963376692,1392.6055777708937,0.002739421036782635,0,RELIANCE,5m,2026-02-27 04:15:00
1390.5999755859375,1393.0,1390.5,1393.0,59093,0.0009341444806620913,-0.008187967248130978,0.002754823592518089,0.4,0.45,0,1398.4502066422247,1401.4839743681928,28.0527600738061,-3.307936337831279,-2.1344092646363912,1392.5632342798497,0.002754823592518089,0,RELIANCE,5m,2026-02-27 04:20:00
1393.0,1393.5,1392.4000244140625,1392.699951171875,49781,-0.000215397579414911,-0.008754483151690362,0.002749447809819888,0.45,0.4,0,1397.9025632640962,1401.139502870298,28.523443196434556,-3.338623807458589,-2.375252173200831,1392.5860404964787,0.002749447809819888,0,RELIANCE,5m,2026-02-27 04:25:00
1392.699951171875,1393.800048828125,1392.0999755859375,1393.800048828125,85770,0.0007899028468583147,-0.008394939501114917,0.002756630237106682,0.45,0.45,0,1397.5118476035275,1400.8516811431539,28.283135501265903,-3.236862623819434,-2.547574263324552,1392.660257792528,0.002756630237106682,0,RELIANCE,5m,2026-02-27 04:30:00
1393.800048828125,1395.9000244140625,1393.0,1395.699951171875,114449,0.0013631096837365408,-0.009790740566246847,0.0026878047063647616,0.45,0.45,0,1397.3392860386082,1400.649652516829,35.64012671594509,-2.9686887160673905,-2.6317971538731197,1392.9530255146747,0.0026878047063647616,0,RELIANCE,5m,2026-02-27 04:35:00
1395.699951171875,1397.4000244140625,1395.699951171875,1397.300048828125,110810,0.0011464481709744234,-0.007599397139115727,0.0027082554246219467,0.45,0.45,0,1397.3355491614193,1400.518295509429,33.33362501586025,-2.5971066252666333,-2.624859048151823,1393.3909865770117,0.0027082554246219467,0,RELIANCE,5m,2026-02-27 04:40:00
1397.300048828125,1397.5,1395.199951171875,1396.800048828125,86994,-0.00035783295106828206,-0.007178886495608605,0.0027065905367949696,0.5,0.45,0,1397.284549129677,1400.372481914084,31.047065044949775,-2.316270438738684,-2.563141326269195,1393.6460628302225,0.0027065905367949696,0,RELIANCE,5m,2026-02-27 04:45:00
1396.699951171875,1397.4000244140625,1396.0999755859375,1397.4000244140625,35695,0.000429535771022449,-0.006328681010484893,0.0027121911108870505,0.5,0.45,0,1397.295546775809,1400.2559149532988,33.09358520060245,-2.021984542851442,-2.454909969585645,1393.754207286909,0.0027121911108870505,0,RELIANCE,5m,2026-02-27 04:50:00
1397.800048828125,1399.0,1397.5999755859375,1398.300048828125,80780,0.0006440707015444858,-0.005122697383048713,0.002719739548246643,0.5,0.4,0,1397.3912136379342,1400.179214320939,78.2944416056322,-1.6965792917569615,-2.3032438340199084,1394.0662463831693,0.002719739548246643,0,RELIANCE,5m,2026-02-27 04:55:00
1398.300048828125,1401.9000244140625,1398.300048828125,1399.699951171875,192530,0.0010011458877678958,-0.004976185571179181,0.002723094586015245,0.55,0.35,0,1397.6110934030714,1400.1604196876424,79.25889756944444,-1.310624799326888,-2.1047200270813042,1394.895851866695,0.002723094586015245,0,RELIANCE,5m,2026-02-27 05:00:00
1399.5999755859375,1400.5999755859375,1398.800048828125,1399.0,67052,-0.0005000722985586403,-0.0035612535612535856,0.0026955416952569233,0.55,0.3,0,1397.7433702218266,1400.1149130332249,74.2646596835142,-1.0491394665543794,-1.8936039149759194,1395.1092222138907,0.0026955416952569233,0,RELIANCE,5m,2026-02-27 05:05:00
1399.300048828125,1400.5999755859375,1397.9000244140625,1400.5999755859375,86811,0.0011436566018137029,-0.004265605079013746,0.002672066345042548,0.55,0.35,0,1398.0154278755513,1400.1339350941155,75.86206896551724,-0.7046826552013954,-1.6558196630210147,1395.370861725393,0.002672066345042548,0,RELIANCE,5m,2026-02-27 05:10:00
1400.5999755859375,1401.0,1399.800048828125,1401.0,85348,0.00028560932531451755,-0.004476691970110469,0.002669528217382407,0.55,0.35,0,1398.2996728397843,1400.167898423758,75.52455909719495,-0.3948677340147242,-1.4036292772197567,1395.6483156046613,0.002669528217382407,0,RELIANCE,5m,2026-02-27 05:15:00
1401.0,1401.9000244140625,1400.5,1401.300048828125,56410,0.00021416761465031797,-0.003909581894443015,0.0026710558793066256,0.55,0.3,0,1398.585422933912,1400.2122964788311,80.43449416634971,-0.12369980965604555,-1.1476433837070146,1395.8375409348325,0.0026710558793066256,0,RELIANCE,5m,2026-02-27 05:20:00
1401.300048828125,1402.5,1401.0,1401.199951171875,74858,-7.143199369308295e-05,0.007332818958932341,0.0006278415710648457,0.6,0.25,0,1398.8344256232417,1400.251028035421,87.40099961553248,0.08217837855568177,-0.9016790312544753,1396.0840438268865,0.0006278415710648457,0,RELIANCE,5m,2026-02-27 05:25:00
1401.300048828125,1402.4000244140625,1401.300048828125,1402.4000244140625,35517,0.0008564610933534667,0.007616018978345629,0.000635883644683378,0.6,0.25,0,1399.1740064604628,1400.335302403211,87.30103370438187,0.3382747860350719,-0.6536882677965659,1396.2030649184524,0.000635883644683378,0,RELIANCE,5m,2026-02-27 05:30:00
1402.4000244140625,1403.5999755859375,1402.4000244140625,1402.800048828125,72858,0.000285242731815849,0.007469135472357502,0.0006360986541208714,0.65,0.25,0,1399.5193438288118,1400.4319591257567,89.76355247981546,0.5669759156828604,-0.40955543110068066,1396.4683811557952,0.0006360986541208714,0,RELIANCE,5m,2026-02-27 05:35:00
1402.800048828125,1403.0,1401.699951171875,1403.0,28301,0.0001425371862810998,0.007106470883325278,0.0006373106746733058,0.6,0.3,0,1399.8508348927346,1400.532666611021,88.98268263919061,0.7556469692524388,-0.1765149510300568,1396.5603544323214,0.0006373106746733058,0,RELIANCE,5m,2026-02-27 05:40:00
1403.0,1404.0,1401.199951171875,1402.0999755859375,148840,-0.0006414999387472919,0.006027139777826207,0.0006745558891682382,0.65,0.35,0,1400.0650387682776,1400.5941297080767,79.62927380615994,0.8230579899386612,0.023399637163686815,1396.991953076809,0.0006745558891682382,0,RELIANCE,5m,2026-02-27 05:45:00
1402.0999755859375,1402.0999755859375,1401.0,1401.9000244140625,61184,-0.0001426083555785551,0.0064613395378365635,0.0006516241286807342,0.65,0.4,0,1400.2397993059712,1400.6453412651742,74.46789169534446,0.85054279311953,0.18882826835485544,1397.1290321484682,0.0006516241286807342,0,RELIANCE,5m,2026-02-27 05:50:00
1402.0,1402.5,1401.199951171875,1401.800048828125,45220,-7.131434781115775e-05,0.007257381627228776,0.0005977971869549508,0.7,0.35,0,1400.3883944985573,1400.6906239147017,77.77777777777777,0.8544084150455546,0.3219442976929953,1397.2288233513093,0.0005977971869549508,0,RELIANCE,5m,2026-02-27 05:55:00
1401.9000244140625,1402.0,1401.0,1401.4000244140625,42474,-0.00028536481675611736,0.006030168280016124,0.000598539306109222,0.65,0.35,0,1400.4847402047958,1400.7184435421277,72.7271466222777,0.8157894087084969,0.4207133198960956,1397.3116113536782,0.000598539306109222,0,RELIANCE,5m,2026-02-27 06:00:00
1401.4000244140625,1401.5,1398.5,1399.800048828125,274100,-0.0011416979863451138,0.00509808135648715,0.0006719261173543855,0.6,0.4,0,1400.4195315022557,1400.6824280631472,57.89473684210526,0.648602226988487,0.46629110131457396,1397.6051274753647,0.0006719261173543855,0,RELIANCE,5m,2026-02-27 06:05:00
1400.0,1402.0999755859375,1399.0,1402.0999755859375,120856,0.0016430394896314038,0.0059548905632418325,0.0007320913624545845,0.6,0.35,0,1400.5795737959397,1400.7380181620802,61.53855182694226,0.693693581226853,0.5117715972970298,1397.767960789151,0.0007320913624545845,0,RELIANCE,5m,2026-02-27 06:10:00
1402.0,1404.699951171875,1402.0,1404.5999755859375,95830,0.0017830397571723111,0.0063767462387527285,0.0007693459386120264,0.6,0.35,0,1400.962469204511,1400.8894674728197,72.95058183164404,0.9205464247900181,0.5935265627956275,1397.983666045235,0.0007693459386120264,0,RELIANCE,5m,2026-02-27 06:15:00
1404.5999755859375,1407.199951171875,1404.0999755859375,1407.199951171875,150295,0.0018510434508962614,0.007085022541903463,0.0008234977634829132,0.6,0.35,0,1401.5565151061649,1401.1369374218023,74.99976880750913,1.2951950364340519,0.7338602575233124,1398.4205153666298,0.0008234977634829132,0,RELIANCE,5m,2026-02-27 06:20:00
1407.300048828125,1407.4000244140625,1403.699951171875,1405.9000244140625,270836,-0.0009237683363547688,0.006514873473531191,0.0008582141744110695,0.6,0.35,0,1401.970182659298,1401.323725146989,67.37600318595409,1.4702652325527197,0.881141252529194,1399.056431721821,0.0008582141744110695,0,RELIANCE,5m,2026-02-27 06:25:00
1405.9000244140625,1406.699951171875,1405.4000244140625,1406.5999755859375,59229,0.0004978669604667196,0.006583620302806681,0.0008587876820286387,0.6,0.35,0,1402.4111153189779,1401.5306369289085,68.27576336681174,1.6465098929941178,1.0342149806221788,1399.1915769141408,0.0008587876820286387,0,RELIANCE,5m,2026-02-27 06:30:00
1406.800048828125,1407.199951171875,1404.300048828125,1404.5,78725,-0.0014929444208633402,0.004433920442948658,0.0009459767669658902,0.6,0.4,0,1402.6100567171704,1401.6470825395395,60.00029593240904,1.5983102509517266,1.1470340346880885,1399.3415451606272,0.0009459767669658902,0,RELIANCE,5m,2026-02-27 06:35:00
1404.5,1406.300048828125,1404.300048828125,1405.699951171875,43581,0.0008543618169276623,0.0042866329994344365,0.0009401624589362411,0.55,0.4,0,1402.9043323795233,1401.806018564337,60.0,1.638055237410299,1.2452382752325306,1399.422791914325,0.0009401624589362411,0,RELIANCE,5m,2026-02-27 06:40:00
1406.0999755859375,1406.0999755859375,1405.0999755859375,1405.699951171875,25404,0.0,0.004789100194335205,0.0009267169115672653,0.55,0.4,0,1403.1705817883187,1401.9587218038482,59.00612641028752,1.6505271756625461,1.326296055318534,1399.4707022104608,0.0009267169115672653,0,RELIANCE,5m,2026-02-27 06:45:00
1405.699951171875,1406.800048828125,1405.0999755859375,1405.5999755859375,40826,-7.112156890531907e-05,0.0035698986771066643,0.0009038527162661977,0.6,0.35,0,1403.4019526261873,1402.1015160698125,58.12510967505665,1.633513950336237,1.3877396343220747,1399.5486173853444,0.0009038527162661977,0,RELIANCE,5m,2026-02-27 06:50:00
1405.5999755859375,1408.699951171875,1405.5,1408.0,88177,0.001707473289519701,0.0049964311206280865,0.0009664644456046753,0.6,0.35,0,1403.8398618998838,1402.3328291651142,66.85756537873979,1.7930238957142137,1.4687964866005025,1399.7509247992625,0.0009664644456046753,0,RELIANCE,5m,2026-02-27 06:55:00
1408.0,1410.199951171875,1407.0999755859375,1408.5,391361,0.00035511363636353543,0.005138051039030644,0.0009667057591116257,0.6,0.35,0,1404.2836845760853,1402.5746790017763,68.53958783389912,1.9374487942784526,1.5625269481360926,1400.6590766113907,0.0009667057591116257,0,RELIANCE,5m,2026-02-27 07:00:00
1408.800048828125,1408.800048828125,1406.300048828125,1406.5,59879,-0.00141995030173947,0.0037825071458876813,0.0010353870033141324,0.55,0.4,0,1404.4947622355057,1402.7286131585695,61.92898748295947,1.8689788567517098,1.623817329859216,1400.7601958096714,0.0010353870033141324,0,RELIANCE,5m,2026-02-27 07:05:00
1406.5,1407.0,1405.0,1405.199951171875,62550,-0.0009243148440277738,0.0019965250349893715,0.0010514390762630908,0.55,0.45,0,1404.5619230865886,1402.8255283747776,59.223243438635166,1.6903278156280521,1.6371194270129834,1400.8392303314972,0.0010514390762630908,0,RELIANCE,5m,2026-02-27 07:10:00
1405.300048828125,1407.0,1405.0,1406.300048828125,37958,0.0007828762414434642,0.002495009893194622,0.0010618832865647648,0.5,0.45,0,1404.727458871497,1402.9617840788305,66.1692720669509,1.6188531341565522,1.6334661684416973,1400.8894814912467,0.0010618832865647648,0,RELIANCE,5m,2026-02-27 07:15:00
1406.0999755859375,1407.5,1406.0,1406.4000244140625,47183,7.109121984383293e-05,0.002423395876024692,0.001061941848870379,0.55,0.4,0,1404.8867508279318,1403.0966170331535,62.01137510570392,1.5523812437434117,1.6172491835020402,1400.9568807813343,0.001061941848870379,0,RELIANCE,5m,2026-02-27 07:20:00
1406.4000244140625,1406.800048828125,1404.300048828125,1405.0999755859375,41511,-0.0009243805500264157,0.00213964770860664,0.0010744502347130246,0.5,0.4,0,1404.9070579477418,1403.1751801136547,51.49701036504246,1.3789035741533553,1.5695800616323032,1401.0022811101796,0.0010744502347130246,0,RELIANCE,5m,2026-02-27 07:25:00
1405.0,1405.699951171875,1404.800048828125,1405.699951171875,22453,0.00042699850285554675,0.002710554741163218,0.0010750229905843573,0.5,0.35,0,1404.9825715881354,1403.274190743389,44.89794223646842,1.2751353205133,1.5106911134085026,1401.026453077616,0.0010750229905843573,0,RELIANCE,5m,2026-02-27 07:30:00
1405.9000244140625,1406.300048828125,1405.5,1406.199951171875,18097,0.00035569468404905713,0.0031387517409691146,0.001074931264431487,0.5,0.35,0,1405.0985125008726,1403.388926446467,51.0788713346038,1.2191899899348755,1.4523908887137773,1401.048389451132,0.001074931264431487,0,RELIANCE,5m,2026-02-27 07:35:00
1406.199951171875,1406.300048828125,1405.0999755859375,1405.5,29676,-0.0004977607709996112,0.0029256283106258163,0.001080568662861706,0.5,0.35,0,1405.1367494055514,1403.4717136446448,46.0432602376415,1.1056277144894011,1.3830382538689021,1401.0813126775922,0.001080568662861706,0,RELIANCE,5m,2026-02-27 07:40:00
1405.5,1406.0999755859375,1405.0999755859375,1406.0,37124,0.0003557452863749422,0.004429169135309996,0.0010376278216196603,0.5,0.3,0,1405.2189637478798,1403.5708621291685,56.09753676981401,1.043940715613644,1.3152187462178504,1401.1227291685957,0.0010376278216196603,0,RELIANCE,5m,2026-02-27 07:45:00
1405.9000244140625,1406.199951171875,1405.699951171875,1406.0,20524,0.0,0.002781559433686409,0.0009827481401243835,0.5,0.3,0,1405.2933481528437,1403.6661224378288,51.35155940702943,0.9837136855474,1.2489177340837605,1401.1464540304191,0.0009827481401243835,0,RELIANCE,5m,2026-02-27 07:50:00
1406.0,1407.300048828125,1405.300048828125,1406.800048828125,49968,0.0005690247710703478,0.0015663343873189017,0.0009107343705207205,0.5,0.35,0,1405.4368434552514,1403.789021511958,54.62220216236177,0.9891384125476179,1.196961869776532,1401.2091475903308,0.0009107343705207205,0,RELIANCE,5m,2026-02-27 07:55:00
1406.699951171875,1406.9000244140625,1405.699951171875,1405.699951171875,28821,-0.0007819857961807175,-0.0010659465975327853,0.0008275515877338021,0.45,0.35,0,1405.461901333025,1403.863959929994,50.38749420414652,0.894359244171028,1.1364413446554313,1401.2421653482534,0.0008275515877338021,0,RELIANCE,5m,2026-02-27 08:00:00
1405.5,1406.9000244140625,1404.199951171875,1405.5,152096,-0.00014224313781063813,-0.00028453261762284576,0.0008023379386496753,0.4,0.35,0,1405.465529777499,1403.928118364112,38.31797024733047,0.7939594119980029,1.0679449581239457,1401.3897854320976,0.0008023379386496753,0,RELIANCE,5m,2026-02-27 08:05:00
1405.4000244140625,1406.5999755859375,1405.0999755859375,1405.5999755859375,36400,7.113168689976135e-05,-0.0007109341798355873,0.00079363844309247,0.4,0.35,0,1405.4783341402074,1403.9936813924187,35.92244515815547,0.714225864734999,0.9972011394461565,1401.4255255358437,0.00079363844309247,0,RELIANCE,5m,2026-02-27 08:10:00
1405.699951171875,1406.699951171875,1405.5,1406.699951171875,33097,0.0007825665943677063,0.0015663589689391966,0.0007345773693584245,0.4,0.3,0,1405.5946786194138,1404.099809619064,51.063553489338496,0.7313645754188656,0.9440338266406985,1401.4614502239792,0.0007345773693584245,0,RELIANCE,5m,2026-02-27 08:15:00
1406.699951171875,1406.800048828125,1406.0,1406.699951171875,31076,0.0,0.0007113893680983363,0.0007115663119496779,0.45,0.3,0,1405.6999426720292,1404.2017759544683,59.25914762794623,0.7364577011635447,0.9025186015452678,1401.4960772494728,0.0007115663119496779,0,RELIANCE,5m,2026-02-27 08:20:00
1406.699951171875,1408.5,1406.5999755859375,1408.300048828125,47217,0.0011374832670727475,0.0018496818286735106,0.0007528172124441044,0.5,0.3,0,1405.9475718297526,1404.362492537749,61.62777493896554,0.8596984793689444,0.8939545771100031,1401.5612225320397,0.0007528172124441044,0,RELIANCE,5m,2026-02-27 08:25:00
1408.300048828125,1409.4000244140625,1406.699951171875,1406.9000244140625,55805,-0.000994123670752911,0.0009249066951519946,0.0007907238991296492,0.5,0.3,0,1406.038281599687,1404.4620035917221,52.52521516115509,0.8347746517201813,0.8821185920320389,1401.6348926413148,0.0007907238991296492,0,RELIANCE,5m,2026-02-27 08:30:00
1406.800048828125,1407.800048828125,1406.300048828125,1407.5999755859375,50849,0.0004975130853142051,-0.0002841082486239044,0.0006977812585027314,0.45,0.35,0,1406.1870143602823,1404.5850613169855,63.44078964639172,0.8615708956010621,0.8780090527458436,1401.6957766800263,0.0006977812585027314,0,RELIANCE,5m,2026-02-27 08:35:00
1407.5999755859375,1408.5999755859375,1407.5,1407.800048828125,53943,0.00014213785568184534,-0.0004969479388533538,0.0006934639006921561,0.45,0.35,0,1406.340636690553,1404.7111392585987,61.798107255520506,0.8887068906610693,0.8801486203288889,1401.76729794627,0.0006934639006921561,0,RELIANCE,5m,2026-02-27 08:40:00
1407.800048828125,1408.0,1407.0,1407.699951171875,33862,-7.11021826809155e-05,0.0008531469405439474,0.0006113491879240615,0.45,0.35,0,1406.4700952125838,1404.8283475689232,58.823275985868975,0.8918545735780299,0.882489810978717,1401.808523282512,0.0006113491879240615,0,RELIANCE,5m,2026-02-27 08:45:00
1407.699951171875,1408.0,1406.9000244140625,1406.9000244140625,37879,-0.0005682508954742982,0.0012098443646897383,0.0005863773357792358,0.45,0.35,0,1406.5110408508199,1404.9095897981445,58.13946886576867,0.820345300897543,0.8700609089624823,1401.8515835807352,0.0005863773357792358,0,RELIANCE,5m,2026-02-27 08:50:00
1406.9000244140625,1407.0,1404.800048828125,1405.0,56742,-0.0013505042157162528,-0.0009244462653672514,0.0006396950152298846,0.45,0.4,0,1406.3671321983609,1404.9131352962563,45.00012206733234,0.6034019539331439,0.8167291179566147,1401.895364445016,0.0006396950152298846,0,RELIANCE,5m,2026-02-27 08:55:00
1405.0,1405.5,1403.5,1404.199951171875,86139,-0.0005694297709074592,-0.001564329638791162,0.0006494806746749698,0.4,0.45,0,1406.1607340053622,1404.8851672913788,41.66666666666667,0.36273416071821885,0.7259301265089356,1401.9389998062222,0.0006494806746749698,0,RELIANCE,5m,2026-02-27 09:00:00
1403.9000244140625,1406.5,1403.9000244140625,1404.300048828125,79807,7.128447495419188e-05,-0.0005693023782730178,0.0006186225806061671,0.45,0.4,0,1405.9835258932444,1404.8622214692905,37.624181189722265,0.17802804846178333,0.6163497108995052,1401.986035324897,0.0006186225806061671,0,RELIANCE,5m,2026-02-27 09:05:00
1404.800048828125,1404.9000244140625,1403.0,1403.5999755859375,69848,-0.0004985211264300071,-0.0014939003051019917,0.0006173876431853794,0.45,0.45,0,1405.7565211020724,1404.8127216307278,39.17573774617756,-0.024559825742244357,0.4881678035711553,1402.011365466845,0.0006173876431853794,0,RELIANCE,5m,2026-02-27 09:10:00
1403.5999755859375,1404.300048828125,1403.0,1403.4000244140625,45085,-0.00014245595280204526,-0.001991129892643717,0.0006091088673939099,0.4,0.45,0,1405.5320928460715,1404.757321739878,39.17573774617756,-0.19895315598614616,0.35074361165969503,1402.0250104553736,0.0006091088673939099,0,RELIANCE,5m,2026-02-27 09:15:00
1403.4000244140625,1404.5,1403.199951171875,1403.5,40440,7.123812469589375e-05,-0.0014229811454997687,0.0006027822126630298,0.45,0.4,0,1405.3385601940647,1404.708015004981,39.17573774617756,-0.32534357418262516,0.21552617449123102,1402.0383485122984,0.0006027822126630298,0,RELIANCE,5m,2026-02-27 09:20:00
1404.5,1405.5,1403.5999755859375,1405.199951171875,73266,0.001211222780103327,-0.0005690247710704588,0.00066209457143249,0.5,0.4,0,1405.3253593348086,1404.727306619369,42.718653709409814,-0.2850511465321688,0.11541071028655106,1402.0764032684824,0.00066209457143249,0,RELIANCE,5m,2026-02-27 09:25:00
1405.199951171875,1405.199951171875,1394.0999755859375,1394.4000244140625,1272464,-0.007685686829696947,-0.008250338254578549,0.0018354843904131023,0.45,0.45,0,1404.2848512471185,1404.3223151603374,20.853557647249403,-1.1117671779534248,-0.13002486736144414,1401.2619680821142,0.0018354843904131023,0,RELIANCE,5m,2026-02-27 09:30:00
1394.0999755859375,1395.4000244140625,1390.5,1391.699951171875,1130355,-0.0019363691874016986,-0.010733648800217543,0.0018504027565659,0.4,0.45,0,1403.0862893351905,1403.8273204941233,12.612721594158273,-1.9621999150194824,-0.4964598768930518,1399.9731680790953,0.0018504027565659,0,RELIANCE,5m,2026-02-27 09:35:00
1391.5999755859375,1393.5,1391.0999755859375,1391.199951171875,893812,-0.00035927284439363216,-0.010315145837425654,0.0018498809607546466,0.4,0.45,0,1401.9542571291604,1403.3321295403098,13.145663673198044,-2.646018157279059,-0.9263715329702533,1399.1326225929367,0.0018498809607546466,0,RELIANCE,5m,2026-02-27 09:40:00
1391.0999755859375,1394.800048828125,1391.0999755859375,1392.5,1088552,0.0009344802140267561,-0.00924937744574883,0.0018768226884815478,0.45,0.4,0,1401.053851688288,1402.907340146572,15.525592646886679,-3.0479115384891884,-1.3506795340740405,1398.417386451429,0.0018768226884815478,0,RELIANCE,5m,2026-02-27 09:45:00
1392.4000244140625,1394.9000244140625,1392.0999755859375,1394.0,1067085,0.001077199281867225,-0.008252686246029484,0.0019051561211962378,0.5,0.4,0,1400.3820562894034,1402.558032689844,20.258765837437394,-3.208393115921808,-1.722222250443594,1397.9438296895028,0.0019051561211962378,0,RELIANCE,5m,2026-02-27 09:50:00
1394.0,1394.9000244140625,1392.800048828125,1394.800048828125,761582,0.0005739231191714822,-0.008459446048772912,0.0018988283720810912,0.45,0.4,0,1399.8504365311865,1402.2537980286,23.012922008274174,-3.2337421020836246,-2.0245262207716004,1397.69296241829,0.0018988283720810912,0,RELIANCE,5m,2026-02-27 09:55:00
1369.0999755859375,1374.5,1367.0999755859375,1369.5999755859375,332771,7.300152313804986e-05,-0.02747999140835833,0.004362226299019604,0.35,0.45,0,1394.35420989199,1399.7391643892481,12.017320281127141,-6.735282756410243,-3.48035143983742,1370.3999837239583,0.004362226299019604,0,RELIANCE,5m,2026-03-02 03:50:00
1369.199951171875,1370.699951171875,1366.0,1367.5,273275,-0.0015332765941669102,-0.028004850188606434,0.00436136165224057,0.3,0.5,0,1391.7966660927527,1398.474883432807,11.691191086600853,-8.001491293554636,-4.384579410580864,1369.3478496175262,0.00436136165224057,0,RELIANCE,5m,2026-03-02 03:55:00
1367.5,1376.9000244140625,1367.199951171875,1376.199951171875,273675,0.006361938699725789,-0.022307491445495153,0.004681733170502411,0.35,0.45,0,1390.3112646717168,1397.6013566774764,25.132656941371692,-8.208336734375052,-5.149330875339702,1370.6188071988558,0.004681733170502411,0,RELIANCE,5m,2026-03-02 04:00:00
1376.5,1378.199951171875,1372.9000244140625,1373.5999755859375,220206,-0.0018892426087674385,-0.024293274652644192,0.004675012198123836,0.35,0.45,0,1388.719713330214,1396.6601260464356,24.315025542837546,-8.48425828905988,-5.816316358083738,1371.4759011313502,0.004675012198123836,0,RELIANCE,5m,2026-03-02 04:05:00
1373.5,1376.0999755859375,1372.0,1374.9000244140625,117800,0.0009464537356085323,-0.02330036790191503,0.004693655502420568,0.35,0.45,0,1387.4035524810567,1395.806788727519,26.050420168067234,-8.50004184232057,-6.353061454931105,1371.7523222942166,0.004693655502420568,0,RELIANCE,5m,2026-03-02 04:10:00
1374.699951171875,1377.5,1374.0999755859375,1374.5999755859375,80543,-0.00021823319717584333,-0.022958311370829043,0.004696659274748554,0.4,0.4,0,1386.1841642053312,1394.9751489964765,25.795654138628365,-8.439476819428592,-6.770344527830602,1371.978618514984,0.004696659274748554,0,RELIANCE,5m,2026-03-02 04:15:00
1374.5,1375.0,1371.5,1371.5999755859375,169244,-0.0021824531160210547,-0.023772259369439497,0.004702208992175565,0.4,0.4,0,1384.795193860627,1394.0584755293967,22.459091518531636,-8.535165455972674,-7.123308713459017,1372.0618123453248,0.004702208992175565,0,RELIANCE,5m,2026-03-02 04:20:00
1371.800048828125,1375.5999755859375,1371.199951171875,1375.5999755859375,94794,0.002916302180809849,-0.020367452343285852,0.0047902600062846665,0.45,0.4,0,1383.9194587868471,1393.3346127865161,32.65684402082846,-8.19378002356757,-7.337402975480728,1372.187501181838,0.0047902600062846665,0,RELIANCE,5m,2026-03-02 04:25:00
1375.5999755859375,1376.300048828125,1369.800048828125,1370.9000244140625,130184,-0.003416655463281071,-0.02378410827652855,0.004811982726236121,0.45,0.45,0,1382.6795126561055,1392.4548250072041,31.49475120060991,-8.207861273729577,-7.511494635130498,1372.1987215066672,0.004811982726236121,0,RELIANCE,5m,2026-03-02 04:30:00
1370.5999755859375,1370.5999755859375,1365.199951171875,1365.5999755859375,525185,-0.0038661089311675667,-0.027073240710293378,0.004845252112487253,0.45,0.45,0,1381.0528900779943,1391.4016936573505,29.016455445425677,-8.548152629533206,-7.718826234011041,1370.9991406012068,0.004845252112487253,0,RELIANCE,5m,2026-03-02 04:35:00
1365.5999755859375,1366.5999755859375,1364.0999755859375,1366.5999755859375,217200,0.0007322788648784773,-0.026222066544062894,0.004860745554359776,0.45,0.5,0,1379.6764220311318,1390.429077262393,28.66557400126696,-8.637575741578303,-7.902576135524494,1370.532382468736,0.004860745554359776,0,RELIANCE,5m,2026-03-02 04:40:00
1366.5,1367.199951171875,1365.0,1366.0,140725,-0.00043902795013606166,-0.026718916993231256,0.004854413717233411,0.45,0.5,0,1378.3739056472145,1389.4710742324953,26.58864787846869,-8.657063973066442,-8.053473703032884,1370.2883850861076,0.004854413717233411,0,RELIANCE,5m,2026-03-02 04:45:00
1366.0999755859375,1366.199951171875,1364.5,1365.5999755859375,117006,-0.00029284364133419505,-0.028181025449732555,0.004824336530909283,0.4,0.55,0,1377.1573408794738,1388.534952716944,25.420823871517968,-8.605587310276633,-8.163896424481633,1370.0774100604162,0.004824336530909283,0,RELIANCE,5m,2026-03-02 04:50:00
1365.5999755859375,1365.5999755859375,1363.4000244140625,1364.4000244140625,125755,-0.0008786988820500552,-0.021514629571672717,0.004593407567710547,0.4,0.55,0,1375.9423583589585,1387.5884849403603,42.77622355858177,-8.562909821114545,-8.243699103808217,1369.8270597641329,0.004593407567710547,0,RELIANCE,5m,2026-03-02 04:55:00
1364.4000244140625,1366.0999755859375,1363.699951171875,1365.5,150177,0.0008061972781112647,-0.018825861960987678,0.004607311415644788,0.45,0.5,0,1374.9478480390576,1386.7222698446599,44.352639313445586,-8.344142683763266,-8.263787819799226,1369.5879188663753,0.004607311415644788,0,RELIANCE,5m,2026-03-02 05:00:00
1365.4000244140625,1365.5999755859375,1363.5,1365.5999755859375,82722,7.32153686835435e-05,-0.018401363200432397,0.004611192059558871,0.45,0.55,0,1374.0575744720938,1385.893944579612,47.23027919639838,-8.069678723897823,-8.224966000618945,1369.4608254306588,0.004611192059558871,0,RELIANCE,5m,2026-03-02 05:05:00
1365.4000244140625,1365.5999755859375,1363.5999755859375,1363.699951171875,110571,-0.001391347721170888,-0.02068226127692996,0.004591299343758157,0.4,0.55,0,1373.0711341577874,1385.0235918969556,27.272727272727266,-7.914249606334124,-8.16282272176198,1369.2803474522173,0.004591299343758157,0,RELIANCE,5m,2026-03-02 05:10:00
1363.800048828125,1366.300048828125,1363.5999755859375,1364.5999755859375,90476,0.0006599871278789582,-0.021090404888136627,0.0045821394167485235,0.4,0.55,0,1372.2643571509445,1384.222665767112,32.55817254464074,-7.6304869586158475,-8.056355569132755,1369.1566359446638,0.0045821394167485235,0,RELIANCE,5m,2026-03-02 05:15:00
1364.5,1365.5999755859375,1364.4000244140625,1365.300048828125,59365,0.0005130245161311109,-0.0211499849206237,0.004581019968683246,0.4,0.55,0,1371.6010896916284,1383.48060235774,30.952484753365397,-7.265362381014029,-7.8981569315090105,1369.0839170639324,0.004581019968683246,0,RELIANCE,5m,2026-03-02 05:20:00
1365.5,1367.199951171875,1365.199951171875,1366.0999755859375,179327,0.0005858981390201023,-0.002482675731334427,0.0022023182153518062,0.45,0.5,0,1371.077174062515,1382.7990091510028,33.463003600368594,-6.832688142884763,-7.685063173784161,1368.9340606018961,0.0022023182153518062,-1,RELIANCE,5m,2026-03-02 05:25:00
1366.0999755859375,1366.5,1364.5,1365.0,127174,-0.0008051940601679908,-0.003358627093994815,0.0022069758782276997,0.45,0.55,0,1370.4983955803707,1382.10100879214,36.13446240171515,-6.50358030342386,-7.448766599712101,1368.807499866262,0.0022069758782276997,0,RELIANCE,5m,2026-03-02 05:30:00
1364.9000244140625,1365.800048828125,1364.0999755859375,1365.5999755859375,82100,0.0004395425538004094,-0.0013894145623857268,0.002186637733966823,0.45,0.55,0,1370.0318793904246,1381.4539094507204,25.490078747696217,-6.123756105498842,-7.18376450086945,1368.726718733593,0.002186637733966823,0,RELIANCE,5m,2026-03-02 05:35:00
1365.5999755859375,1365.5999755859375,1364.0,1364.0999755859375,60374,-0.0010984182973176049,-0.0087923092684562,0.0015859967137870105,0.4,0.6,-1,1369.4669361709496,1380.7733630246505,30.232360080055642,-5.8760447697400195,-6.922220554643564,1368.6599323980063,0.0015859967137870105,-1,RELIANCE,5m,2026-03-02 05:40:00
1364.0999755859375,1364.300048828125,1362.199951171875,1363.199951171875,310232,-0.0006597935856393899,-0.007571363278181642,0.001550304016947774,0.35,0.65,0,1368.870080456752,1380.0842096186593,40.6248509875354,-5.686802283076304,-6.675136900330113,1368.2463831612736,0.001550304016947774,-1,RELIANCE,5m,2026-03-02 05:45:00
1363.199951171875,1363.300048828125,1361.5,1362.300048828125,132630,-0.0006601396537436743,-0.009164284938686484,0.001519335482250648,0.35,0.65,0,1368.2443631587876,1379.3867915484423,33.07092668954314,-5.545515595498728,-6.449212639363836,1368.0608662252414,0.001519335482250648,0,RELIANCE,5m,2026-03-02 05:50:00
1362.300048828125,1363.0,1358.5999755859375,1359.800048828125,173407,-0.0018351316966850328,-0.010766715423157103,0.0015485796288986422,0.3,0.7,-1,1367.4401427463436,1378.6186839907828,28.767077473620844,-5.5710543377610975,-6.273580979043288,1367.7599956236756,0.0015485796288986422,0,RELIANCE,5m,2026-03-02 05:55:00
1359.800048828125,1365.199951171875,1359.0,1363.0,591771,0.0023532512553097185,-0.006270031889045291,0.0016255883344777093,0.35,0.65,-1,1367.0172720085966,1378.0061865793796,42.52871144037772,-5.272308764993795,-6.07332653623339,1367.1216180552854,0.0016255883344777093,0,RELIANCE,5m,2026-03-02 06:00:00
1362.9000244140625,1364.699951171875,1362.699951171875,1363.5999755859375,60423,0.00044018751719554494,-0.008723466278696801,0.0014516713779031084,0.3,0.6,0,1366.6918152064386,1377.4412371286564,47.618874614892746,-4.930304252237875,-5.844722079434287,1367.0801075487839,0.0014516713779031084,0,RELIANCE,5m,2026-03-02 06:05:00
1363.800048828125,1363.9000244140625,1362.5,1363.0,66864,-0.0004399938374006762,-0.005762655389432214,0.0012715141462638284,0.25,0.6,0,1366.3402137582063,1376.8749141040034,42.331196453178364,-4.654027495512764,-5.606583162649983,1367.0283222642768,0.0012715141462638284,0,RELIANCE,5m,2026-03-02 06:10:00
1363.300048828125,1364.0,1362.5999755859375,1362.9000244140625,87153,-7.334965952865424e-05,-0.00197711717936766,0.0009526516468651592,0.3,0.55,0,1366.0125766778117,1376.3268792142019,41.717841950751904,-4.392509257121901,-5.363768381544366,1366.9633895044906,0.0009526516468651592,0,RELIANCE,5m,2026-03-02 06:15:00
1362.800048828125,1363.0,1361.199951171875,1362.0,98982,-0.0006603744940495426,-0.0033660000498428877,0.0009395363826426624,0.3,0.55,0,1365.6304265180202,1375.765040813645,44.44453309504054,-4.20935578420972,-5.132885862077437,1366.8716290263467,0.0009395363826426624,0,RELIANCE,5m,2026-03-02 06:20:00
1362.199951171875,1363.0999755859375,1361.300048828125,1361.5999755859375,68418,-0.00029370368139680636,-0.003221101328010567,0.0009378917208029658,0.3,0.55,0,1365.246574048298,1375.2095480596174,39.86473111184428,-4.049800386505922,-4.916268766963134,1366.809334790632,0.0009378917208029658,0,RELIANCE,5m,2026-03-02 06:25:00
1361.4000244140625,1361.5,1360.0,1360.0999755859375,84505,-0.0011016451431372642,-0.00402753375683107,0.0009610325167275256,0.3,0.55,0,1364.7564218137877,1374.6170158057475,33.3328116563505,-3.99829914458428,-4.732674842487364,1366.7117541332061,0.0009610325167275256,0,RELIANCE,5m,2026-03-02 06:30:00
1360.199951171875,1361.0,1360.0,1360.5,60577,0.0002941139778274149,-0.002858417138872027,0.0009532750981029038,0.3,0.5,0,1364.3510483077125,1374.063407342777,31.5788205626541,-3.880473726633909,-4.562234619316673,1366.6432832334049,0.0009532750981029038,0,RELIANCE,5m,2026-03-02 06:35:00
1360.5,1361.4000244140625,1358.9000244140625,1358.9000244140625,108218,-0.0011760202763230199,-0.0048333764818290215,0.0009524728168300837,0.3,0.55,0,1363.8319031749838,1373.4687648749843,30.57311469291595,-3.8715718222558735,-4.424102059904513,1366.50984263123,0.0009524728168300837,0,RELIANCE,5m,2026-03-02 06:40:00
1358.9000244140625,1360.0999755859375,1357.5999755859375,1359.0,176681,7.357096485494097e-05,-0.0048330226302952806,0.0009524790099081301,0.3,0.55,0,1363.3717219202233,1372.9013623308674,28.289309893428197,-3.812501658725523,-4.301781979668715,1366.2772476730695,0.0009524790099081301,0,RELIANCE,5m,2026-03-02 06:45:00
1359.0999755859375,1360.0,1356.5,1357.699951171875,360813,-0.0009566216542494788,-0.004399794833785831,0.0009295485477412421,0.3,0.6,0,1362.8315532775234,1372.3052285599265,28.66641167327208,-3.8264819025482666,-4.206721964244625,1365.7948613473104,0.0009295485477412421,-1,RELIANCE,5m,2026-03-02 06:50:00
1357.699951171875,1357.9000244140625,1355.0,1357.0,116236,-0.0005155418701097148,-0.005569379834316823,0.0009078873267576308,0.25,0.65,0,1362.2761672510926,1371.7050235183608,29.05394259320356,-3.8496650143815714,-4.135310574272015,1365.6246834194153,0.0009078873267576308,-1,RELIANCE,5m,2026-03-02 06:55:00
1356.800048828125,1358.300048828125,1355.9000244140625,1357.5,169702,0.0003684598378776993,-0.00571306566261387,0.0009018063145182253,0.3,0.65,0,1361.82129417956,1371.1479637725429,33.3330507612492,-3.7840715548279604,-4.0650627703832045,1365.403123294629,0.0009018063145182253,-1,RELIANCE,5m,2026-03-02 07:00:00
1357.5999755859375,1358.0,1353.199951171875,1353.699951171875,565940,-0.002799299320902393,-0.009076952372203961,0.0010370763830322286,0.25,0.7,-1,1361.0478329407329,1370.4637279842814,30.572876980733042,-3.9926951434058537,-4.0505892449877345,1364.558527710067,0.0010370763830322286,-1,RELIANCE,5m,2026-03-02 07:05:00
1353.5999755859375,1355.800048828125,1353.300048828125,1353.9000244140625,170558,0.0001477973327947968,-0.008131850246108074,0.0010420354981164463,0.25,0.65,-1,1360.367089271526,1369.814170981528,14.173531079691273,-4.0946856149275845,-4.0594085189757045,1364.3150826468698,0.0010420354981164463,-1,RELIANCE,5m,2026-03-02 07:10:00
1353.5999755859375,1356.0999755859375,1353.300048828125,1354.800048828125,184091,0.0006647643089097155,-0.007908558106980434,0.0010528338966189895,0.3,0.6,-1,1359.836894943583,1369.225381877473,16.15444566513611,-4.056132776223649,-4.058753370425293,1364.0750247634796,0.0010528338966189895,0,RELIANCE,5m,2026-03-02 07:15:00
1354.699951171875,1355.0999755859375,1352.0,1352.0999755859375,374988,-0.0019929680726856747,-0.0087970091743792,0.0011020775605664682,0.3,0.6,-1,1359.1000454809503,1368.5537973170206,13.907729121025696,-4.1950942834398575,-4.086021553028207,1363.5405051620937,0.0011020775605664682,0,RELIANCE,5m,2026-03-02 07:20:00
1352.0,1353.9000244140625,1351.300048828125,1353.800048828125,195352,0.0012573576457988178,-0.006895468515583092,0.0011637092694448056,0.3,0.6,-1,1358.595283894967,1367.975218944907,22.75508190250642,-4.120541538623229,-4.0929255501472115,1363.2804582554734,0.0011637092694448056,0,RELIANCE,5m,2026-03-02 07:25:00
1353.9000244140625,1354.300048828125,1352.199951171875,1353.0,139429,-0.0005909652823675726,-0.006826725754084162,0.0011628266206758634,0.35,0.55,0,1358.062399714494,1367.3879554568714,22.892124420913305,-4.078995089074851,-4.0901394579327395,1363.1054492549936,0.0011628266206758634,0,RELIANCE,5m,2026-03-02 07:30:00
1353.0,1353.800048828125,1352.4000244140625,1353.0,115490,0.0,-0.005000771131009496,0.0011099922259672624,0.35,0.5,0,1357.5802664083517,1366.823721909543,23.457385485973504,-3.999960177444791,-4.07210360183515,1362.963596725981,0.0011099922259672624,0,RELIANCE,5m,2026-03-02 07:35:00
1353.0,1353.5,1351.0,1351.9000244140625,162676,-0.0008129900856892469,-0.008143782528200694,0.0009304228858754268,0.3,0.55,0,1357.0392909803243,1366.2384788705047,24.051268580611264,-3.9802019865564944,-4.053723278779419,1362.7522401946162,0.0009304228858754268,0,RELIANCE,5m,2026-03-02 07:40:00
1351.9000244140625,1352.4000244140625,1350.5,1350.800048828125,251420,-0.0008136515763539354,-0.009386863440146609,0.0009123038563962656,0.3,0.6,0,1356.4450774420197,1365.6330502413916,20.606643485980626,-4.0071108354618445,-4.044400790115905,1362.414985240894,0.0009123038563962656,-1,RELIANCE,5m,2026-03-02 07:45:00
1351.0,1352.4000244140625,1350.199951171875,1350.9000244140625,128834,7.40121278677286e-05,-0.008877458243534475,0.0009204286605044304,0.3,0.6,0,1355.9169771536428,1365.0552845226728,23.33376735404697,-3.974552925777516,-4.0304312172482275,1362.2487209693375,0.0009204286605044304,-1,RELIANCE,5m,2026-03-02 07:50:00
1350.5999755859375,1352.0999755859375,1347.800048828125,1348.300048828125,320223,-0.001924624723480317,-0.010712433285203216,0.0009726547443172938,0.25,0.65,0,1355.1915554083553,1364.3982164562199,19.42913742832829,-4.1111560013898725,-4.046576174076557,1361.7933946234414,0.0009726547443172938,-1,RELIANCE,5m,2026-03-02 07:55:00
1349.0,1351.5,1348.199951171875,1350.300048828125,177204,0.0014833493492329985,-0.00859027251973199,0.0010715416796942233,0.25,0.6,-1,1354.7256976388096,1363.845347137471,29.670816118473994,-4.01178626289402,-4.0396181918400496,1361.5665704618443,0.0010715416796942233,-1,RELIANCE,5m,2026-03-02 08:00:00
1350.0,1350.5,1348.300048828125,1348.9000244140625,152255,-0.0010368246785427138,-0.009327226351050544,0.0010793953596263302,0.2,0.6,-1,1354.1708716174053,1363.2592560502785,28.571797637424027,-3.999896976443324,-4.031673948760705,1361.366074066336,0.0010793953596263302,-1,RELIANCE,5m,2026-03-02 08:05:00
1349.0,1350.0999755859375,1346.9000244140625,1349.199951171875,532037,0.00022234913810081913,-0.008014134703124842,0.0010790814637301105,0.2,0.6,-1,1353.697450622593,1362.7079107609293,27.807587863596012,-3.921073355649696,-4.009553830138504,1360.6870218869615,0.0010790814637301105,-1,RELIANCE,5m,2026-03-02 08:10:00
1349.199951171875,1349.5,1346.5,1347.0999755859375,149417,-0.001556459873952365,-0.009849338047822509,0.0010954943809306549,0.2,0.65,-1,1353.069119666721,1362.095834871714,30.58844648691344,-3.9821517809073157,-4.004073420292267,1360.4938847050928,0.0010954943809306549,-1,RELIANCE,5m,2026-03-02 08:15:00
1347.0,1347.5999755859375,1346.0999755859375,1346.800048828125,106544,-0.0002226462499058668,-0.008904242673153817,0.0010849568636463964,0.15,0.65,-1,1352.4720653011404,1361.4960001249067,29.23980782821613,-4.008550382163776,-4.004968812666569,1360.3505431584779,0.0010849568636463964,0,RELIANCE,5m,2026-03-02 08:20:00
1346.800048828125,1346.800048828125,1342.5,1343.0,321779,-0.00282153897412718,-0.011773362766740236,0.0011990452285874536,0.15,0.65,-1,1351.569963843889,1360.770666786675,20.4998779296875,-4.286689359384354,-4.061312922010126,1359.8513708719,0.0011990452285874536,0,RELIANCE,5m,2026-03-02 08:25:00
1343.0,1351.0,1341.5999755859375,1346.300048828125,534877,0.002457221763309647,-0.008396481368295183,0.0013744626314635892,0.2,0.65,-1,1351.068067175721,1360.2031915726143,35.92249118544636,-4.192501593317729,-4.087550656271647,1359.1930543072951,0.0013744626314635892,0,RELIANCE,5m,2026-03-02 08:30:00
1346.5999755859375,1353.199951171875,1346.5999755859375,1351.199951171875,482829,0.0036395321741353737,-0.004274170101786989,0.001646468518222022,0.25,0.6,0,1351.080627556307,1359.8501233216048,44.537565138894585,-3.6800545629282624,-4.00605143760297,1358.8208561052534,0.001646468518222022,0,RELIANCE,5m,2026-03-02 08:35:00
1351.300048828125,1354.9000244140625,1351.199951171875,1353.9000244140625,208503,0.0019982780785670062,-0.0026519157170810104,0.0017156352870393893,0.25,0.6,0,1351.34914154276,1359.6167861095444,51.75103190473702,-3.021236322500954,-3.8090884145825674,1358.7230784937892,0.0017156352870393893,-1,RELIANCE,5m,2026-03-02 08:40:00
1353.800048828125,1354.199951171875,1350.5,1352.800048828125,360757,-0.0008124496388967062,-0.000664772383991763,0.001607111004928223,0.25,0.6,0,1351.4873231889853,1359.3494630789005,49.62695405021317,-2.558385482041558,-3.558947828074366,1358.5369623629404,0.001607111004928223,0,RELIANCE,5m,2026-03-02 08:45:00
1352.699951171875,1353.5999755859375,1349.0,1349.199951171875,321836,-0.0026612193423326547,-0.003471506874535679,0.0017100187742507354,0.25,0.65,0,1351.269478234975,1358.9514430041152,45.39235496302469,-2.4537849444927815,-3.337915251358049,1358.3307005575607,0.0017100187742507354,0,RELIANCE,5m,2026-03-02 08:50:00
1349.300048828125,1349.9000244140625,1345.5,1346.0,358330,-0.0023717397625871994,-0.0064954594855062275,0.0017656653116986166,0.2,0.7,-1,1350.7676231649773,1358.4435432784635,42.356586374733695,-2.599136355343717,-3.1901594721551825,1358.0158244541692,0.0017656653116986166,0,RELIANCE,5m,2026-03-02 08:55:00
1346.0,1350.699951171875,1346.0,1350.699951171875,336992,0.0034917913609768814,-0.0010354444488883674,0.001912670558294259,0.25,0.65,0,1350.7611782132533,1358.1398729997736,49.72211955471312,-2.308470998506664,-3.013821777425479,1357.786969261138,0.001912670558294259,0,RELIANCE,5m,2026-03-02 09:00:00
1351.4000244140625,1355.199951171875,1350.699951171875,1353.5,751876,0.0020730354107851845,-0.00022163452304846398,0.0019503413041633516,0.3,0.6,0,1351.0220183834197,1357.957917195861,57.18226268757376,-1.8310686500401516,-2.7772711519484137,1357.533997266204,0.0019503413041633516,0,RELIANCE,5m,2026-03-02 09:05:00
1353.5,1357.4000244140625,1352.5,1356.5,651081,0.0022164758034723953,0.002586844050258774,0.0020064936828109144,0.3,0.6,0,1351.5437309183321,1357.900743972494,58.33327864226132,-1.196852352523365,-2.461187392063404,1357.4410584066566,0.0020064936828109144,0,RELIANCE,5m,2026-03-02 09:10:00
1356.300048828125,1359.699951171875,1353.5,1358.0999755859375,456276,0.0011794880839937072,0.003769383285984862,0.002019727751339869,0.35,0.6,0,1352.1681351723896,1357.908556976943,62.29943207781187,-0.5586865188097363,-2.0806872174126707,1357.43064074713,0.002019727751339869,0,RELIANCE,5m,2026-03-02 09:15:00
1358.4000244140625,1358.5,1356.0,1358.0,195426,-7.361430508412425e-05,0.00451214991920823,0.002007129011534552,0.35,0.55,0,1352.7235508702572,1357.9121429778472,61.82803814374127,-0.06030750473496482,-1.6766112748771296,1357.4315363695484,0.002007129011534552,0,RELIANCE,5m,2026-03-02 09:20:00
1358.300048828125,1358.699951171875,1355.0,1355.699951171875,250769,-0.0016937031134941494,0.0036274075856015386,0.0020405140989443234,0.4,0.55,0,1353.0070175656494,1357.8253903580053,61.49728605886135,0.1473679701994115,-1.3118154258618215,1357.4158089215666,0.0020405140989443234,0,RELIANCE,5m,2026-03-02 09:25:00
1355.699951171875,1360.699951171875,1354.0999755859375,1359.199951171875,1328691,0.0025816922077592785,0.006143997785041488,0.0021093463972675468,0.45,0.55,0,1353.5968207662422,1357.8792947036472,65.2707789630663,0.5875995477670131,-0.9319324311360547,1357.462247080661,0.0021093463972675468,0,RELIANCE,5m,2026-03-02 09:30:00
1359.0,1359.800048828125,1355.0,1357.0999755859375,2222992,-0.0015450085795890578,0.0065266828147494405,0.002089812455299881,0.45,0.5,0,1353.9304545585942,1357.8487331696194,68.12335056124066,0.7582946168088256,-0.5938870215470787,1357.4432017748218,0.002089812455299881,0,RELIANCE,5m,2026-03-02 09:35:00
1356.4000244140625,1361.5999755859375,1354.0,1360.5999755859375,1425264,0.002579028857832455,0.007627880015816713,0.0021355708325321776,0.5,0.55,0,1354.5656470373888,1357.956625029083,68.28636277071683,1.1625908148696453,-0.2425914542637339,1357.533505042618,0.0021355708325321776,0,RELIANCE,5m,2026-03-02 09:40:00
1360.5999755859375,1361.699951171875,1356.5999755859375,1361.300048828125,1233230,0.000514532746398233,0.009192693446238742,0.0021093299834853895,0.55,0.55,0,1355.2070186365065,1358.0877396878689,64.4699932144581,1.5219444957485848,0.11031573573872988,1357.666743506542,0.0021093299834853895,0,RELIANCE,5m,2026-03-02 09:45:00
1361.300048828125,1361.699951171875,1357.300048828125,1358.0,542965,-0.002424189164589974,0.0065224200612232774,0.0022058145220625095,0.55,0.5,0,1355.473016861601,1358.0842989157957,55.77459364480068,1.5228935472332523,0.3928312980376344,1357.6994431783114,0.0022058145220625095,0,RELIANCE,5m,2026-03-02 09:50:00
1358.0,1361.199951171875,1357.800048828125,1360.0,529824,0.0014727540500736325,0.009576144790925056,0.002173412108900543,0.55,0.45,0,1355.9041581128772,1358.1594244485095,59.89000301820987,1.6658263534141042,0.6474303091129284,1357.7454234801382,0.002173412108900543,0,RELIANCE,5m,2026-03-02 09:55:00
1318.300048828125,1320.5,1315.0,1316.0,1061841,-0.0018960940462646736,-0.02010424422933732,0.007260162026466295,0.55,0.45,0,1348.880728069725,1355.0118331798813,29.61959225916023,-4.254326402409788,-0.6847841771981114,1317.1666666666667,0.007260162026466295,0,RELIANCE,5m,2026-03-04 03:50:00
1315.800048828125,1318.0,1308.699951171875,1311.5,1797679,-0.003419452887537977,-0.025848657480489923,0.007232193252568799,0.5,0.45,0,1345.3206587297511,1353.3054867806704,23.297089277458284,-6.682249511520922,-1.8842772440626736,1314.3795767031654,0.007232193252568799,0,RELIANCE,5m,2026-03-04 03:55:00
1311.5,1315.0,1311.0,1313.0999755859375,1108147,0.0012199585100551857,-0.028197141032231365,0.007165440376018267,0.45,0.45,0,1342.2520222398641,1351.7288000671515,22.022172139254693,-8.38068409999164,-3.183558615248467,1314.0035762551256,0.007165440376018267,0,RELIANCE,5m,2026-03-04 04:00:00
1313.0,1313.0999755859375,1307.199951171875,1309.199951171875,814312,-0.0029700894726787386,-0.033015785830665556,0.007127291991933395,0.4,0.5,0,1339.1042059476747,1350.0610020712584,17.647068646507563,-9.926973157037764,-4.532241523606327,1313.2934284295977,0.007127291991933395,0,RELIANCE,5m,2026-03-04 04:05:00
1309.4000244140625,1316.0999755859375,1307.199951171875,1316.0,443027,0.005194049100015752,-0.027202873669322614,0.00728926856492669,0.45,0.45,0,1336.9038053812294,1348.7252764998364,23.116293934693303,-10.482871250690323,-5.722367469023126,1313.2770256095878,0.00728926856492669,0,RELIANCE,5m,2026-03-04 04:10:00
1315.4000244140625,1317.800048828125,1315.0,1317.0,278155,0.0007598784194529085,-0.023865959336795917,0.007297073912601242,0.5,0.4,0,1335.0082048687314,1347.4811480096469,24.116225447281778,-10.7191689451397,-6.721727764246442,1313.444984800465,0.007297073912601242,0,RELIANCE,5m,2026-03-04 04:15:00
1316.699951171875,1319.800048828125,1314.699951171875,1319.5,328437,0.0018982536066818323,-0.019687964338781616,0.007322831240500166,0.55,0.4,0,1333.5312329764713,1346.3838480877,27.204103030843456,-10.582716495546947,-7.493925510506543,1313.7015243505316,0.007322831240500166,0,RELIANCE,5m,2026-03-04 04:20:00
1319.5999755859375,1321.0999755859375,1318.5,1320.4000244140625,318783,0.0006820950466559506,-0.022432759201274965,0.007259450434923513,0.55,0.4,0,1332.2806416848134,1345.3648746103024,24.73968722730936,-10.283411728555848,-8.051822754116404,1314.027983306971,0.007259450434923513,0,RELIANCE,5m,2026-03-04 04:25:00
1320.300048828125,1321.800048828125,1318.4000244140625,1320.300048828125,358669,-7.571613457202364e-05,-0.024528962816309563,0.00722571195583178,0.55,0.45,0,1331.1396328413193,1344.3819402659035,25.401174679280572,-9.939699074907367,-8.429398018274597,1314.3662461896065,0.00722571195583178,0,RELIANCE,5m,2026-03-04 04:30:00
1320.0,1326.199951171875,1320.0,1325.0999755859375,602744,0.0036354817695212205,-0.023147824853713583,0.007268029701595109,0.55,0.45,0,1330.5644273884259,1343.625784788258,26.675457001148516,-9.17423547014505,-8.578365508648687,1315.1629554762642,0.007268029701595109,0,RELIANCE,5m,2026-03-04 04:35:00
1324.9000244140625,1331.800048828125,1322.5999755859375,1331.5999755859375,379633,0.004905290257156469,-0.019512554654576797,0.00737766122563297,0.55,0.45,0,1330.6630510262842,1343.1541844273827,31.868092558780788,-7.951445062195717,-8.452981419358093,1315.8472649396474,0.00737766122563297,0,RELIANCE,5m,2026-03-04 04:40:00
1331.5,1334.9000244140625,1329.699951171875,1330.699951171875,805711,-0.0006758969890086064,-0.020103128739414555,0.007375088042831945,0.6,0.45,0,1330.6665653258642,1342.665783123245,32.83015796973271,-6.974600450112803,-8.157305225509035,1317.3931494861258,0.007375088042831945,0,RELIANCE,5m,2026-03-04 04:45:00
1330.699951171875,1336.300048828125,1330.5,1333.300048828125,294591,0.0019539323300945544,-0.016522758095836365,0.007401786965267369,0.6,0.4,0,1330.9173732784604,1342.2984994253973,33.3333841324027,-5.922368528465313,-7.710317886100291,1317.94084646182,0.007401786965267369,0,RELIANCE,5m,2026-03-04 04:50:00
1333.5,1338.800048828125,1332.5,1337.9000244140625,232724,0.0034500678148032815,-0.015670929607853545,0.007425216181526645,0.6,0.35,0,1331.5823876723273,1342.1260102092665,72.45369389225618,-4.663529300621576,-7.100960169004548,1318.4276634611012,0.007425216181526645,0,RELIANCE,5m,2026-03-04 04:55:00
1338.199951171875,1340.4000244140625,1337.0999755859375,1338.800048828125,293669,0.0006727142519162843,-0.013484582629891606,0.007429478164453332,0.65,0.35,0,1332.2697839728794,1341.9955803511825,77.40384051081611,-3.5523167979056325,-6.3912314947847655,1319.0827259303405,0.007429478164453332,0,RELIANCE,5m,2026-03-04 05:00:00
1338.9000244140625,1341.0,1335.699951171875,1338.0,255222,-0.0005975864945817477,-0.016610301331370314,0.007390624360399993,0.65,0.35,0,1332.815518832605,1341.838890925646,84.96028704127184,-2.7050480279597195,-5.653994801419756,1319.6041676024483,0.007390624360399993,0,RELIANCE,5m,2026-03-04 05:05:00
1338.0999755859375,1339.0999755859375,1336.199951171875,1336.699951171875,258188,-0.0009716358954596771,-0.01807103267015009,0.007384066617735157,0.6,0.35,0,1333.1854647696782,1341.6373638764785,81.38276286357099,-2.114114305283465,-4.9460187021924975,1320.0794240139962,0.007384066617735157,1,RELIANCE,5m,2026-03-04 05:10:00
1336.699951171875,1340.0,1336.5999755859375,1337.699951171875,220634,0.0007481110470028973,-0.014948489564156842,0.007383336192766124,0.65,0.35,0,1333.6154158556017,1341.4829555351214,91.06605127627839,-1.5472674934396764,-4.266268460441934,1320.4829846498528,0.007383336192766124,1,RELIANCE,5m,2026-03-04 05:15:00
1337.699951171875,1337.699951171875,1335.0,1337.0999755859375,215419,-0.00044851282637181633,-0.01683825324563415,0.007365694590234613,0.65,0.4,0,1333.9472786870622,1341.3110739684867,87.01734247643196,-1.1333853657345117,-3.6396918415004493,1320.8278445214564,0.007365694590234613,0,RELIANCE,5m,2026-03-04 05:20:00
1337.0999755859375,1340.5,1336.300048828125,1340.0,250900,0.0021688912325286136,0.01630640879787637,0.0023477387991334073,0.7,0.35,1,1334.5237283359136,1341.2596593030557,87.82876508805884,-0.564861690020507,-3.024725811204461,1321.2680904709887,0.0023477387991334073,1,RELIANCE,5m,2026-03-04 05:25:00
1340.0,1345.4000244140625,1339.0999755859375,1345.4000244140625,314354,0.004029868965718331,0.022340444083634114,0.002361917572935031,0.75,0.3,1,1335.559566057642,1341.422026562311,88.88872596638501,0.317771190820622,-2.3562264107994446,1321.9194519226485,0.002361917572935031,0,RELIANCE,5m,2026-03-04 05:30:00
1344.800048828125,1347.0,1340.699951171875,1347.0,489698,0.001189219233613592,0.027068242470453585,0.002108146470537524,0.8,0.25,0,1336.6491311950094,1341.640770618691,89.11747071220591,1.1333047346220155,-1.6583201817151525,1322.9312283242048,0.002108146470537524,0,RELIANCE,5m,2026-03-04 05:35:00
1347.0,1348.0,1343.5,1343.800048828125,274668,-0.0023756133421491965,0.02337984450002617,0.0022661693106727386,0.85,0.25,1,1337.3301709695918,1341.7254481955315,81.67107566365276,1.5040736029818618,-1.02584142477575,1323.4654870875731,0.0022661693106727386,0,RELIANCE,5m,2026-03-04 05:40:00
1343.800048828125,1345.5999755859375,1343.5999755859375,1344.9000244140625,226962,0.0008185559949165366,0.027268617914499638,0.0020510138849450005,0.85,0.2,0,1338.0511093928747,1341.8499413805719,79.64066166204945,1.8651689328773955,-0.44763935324512083,1323.880091047806,0.0020510138849450005,0,RELIANCE,5m,2026-03-04 05:45:00
1344.9000244140625,1347.300048828125,1344.300048828125,1345.0,365024,7.433681621127342e-05,0.02203647416413368,0.001855954765244556,0.85,0.2,0,1338.712908498315,1341.9734730911377,74.8147478355223,2.1347981533788243,0.06884814807966816,1324.5393486235944,0.001855954765244556,1,RELIANCE,5m,2026-03-04 05:50:00
1344.800048828125,1347.199951171875,1341.5,1341.800048828125,276502,-0.0023791458526951637,0.018830712853549647,0.002011718478431662,0.8,0.25,0,1339.006921863059,1341.966672139647,68.9421146042512,2.0664511739257705,0.46836875324888866,1324.9667731504335,0.002011718478431662,1,RELIANCE,5m,2026-03-04 05:55:00
1342.0999755859375,1344.4000244140625,1341.199951171875,1343.300048828125,411985,0.0011179012858957282,0.01803717228353552,0.001999586442973916,0.75,0.25,0,1339.4157910978272,1342.018961421548,67.73052715419846,2.109011789181068,0.7964973604353245,1325.5517138219845,0.001999586442973916,0,RELIANCE,5m,2026-03-04 06:00:00
1343.300048828125,1345.0,1341.0999755859375,1341.4000244140625,160073,-0.0014144452802782315,0.01590427113883086,0.0020652729574145846,0.75,0.3,1,1339.6047656993735,1341.994689382039,56.86274509803922,1.9667537790521692,1.0305486441586935,1325.7630407914337,0.0020652729574145846,0,RELIANCE,5m,2026-03-04 06:05:00
1341.4000244140625,1342.5,1340.0999755859375,1340.4000244140625,215165,-0.0007454897732216414,0.015223793715510192,0.0020854036489182794,0.7,0.3,1,1339.680504624582,1341.9321535009421,53.124955296473786,1.753112844859288,1.1750614842988125,1326.0142076822733,0.0020854036489182794,0,RELIANCE,5m,2026-03-04 06:10:00
1340.5,1344.0,1338.199951171875,1343.800048828125,295502,0.002536574419676585,0.014112198012771637,0.0020190131812601944,0.7,0.35,0,1340.0728421677766,1342.0054042980867,60.28379232427472,1.8369788713871458,1.3074449617164792,1326.3680948321569,0.0020190131812601944,0,RELIANCE,5m,2026-03-04 06:15:00
1343.699951171875,1345.5,1343.699951171875,1344.0999755859375,138968,0.0002231929951737044,0.009387203536482147,0.001761061275737103,0.7,0.35,0,1340.4563786837919,1342.0875443485907,63.60307152377918,1.9056774213254357,1.4270914536382706,1326.554230727671,0.001761061275737103,0,RELIANCE,5m,2026-03-04 06:20:00
1344.0999755859375,1345.699951171875,1344.0,1345.5,101732,0.0010416073502659273,0.01112200298428756,0.0017441005888876393,0.7,0.35,0,1340.9367235710497,1342.221366138842,64.13059823616308,2.049466809192836,1.5515665247491837,1326.6928199633485,0.0017441005888876393,0,RELIANCE,5m,2026-03-04 06:25:00
1345.199951171875,1346.5999755859375,1344.199951171875,1344.300048828125,100376,-0.0008918254714790352,0.008250205953017176,0.001740010648896199,0.7,0.35,0,1341.2570402621998,1342.3028831070492,62.76616467471528,2.043043964789149,1.6498620127571768,1326.827298750743,0.001740010648896199,0,RELIANCE,5m,2026-03-04 06:30:00
1344.300048828125,1346.800048828125,1344.0,1346.4000244140625,112001,0.001562133087600559,0.006353240036543584,0.0016131225121326156,0.7,0.4,0,1341.7468482766628,1342.4635553151672,61.67897032420175,2.1822486893934183,1.7563393480844254,1326.9807239784946,0.0016131225121326156,0,RELIANCE,5m,2026-03-04 06:35:00
1346.4000244140625,1346.5999755859375,1344.0999755859375,1344.5,112183,-0.0014111886360737014,0.004257507442477548,0.0016557399337293703,0.65,0.4,0,1342.009053202695,1342.5434158910432,48.117086425554305,2.1148743900052978,1.8280463564686,1327.1265469221253,0.0016557399337293703,0,RELIANCE,5m,2026-03-04 06:40:00
1344.5,1344.699951171875,1342.9000244140625,1343.699951171875,171085,-0.0005950530517850883,0.004260053192731705,0.0016556746914770308,0.6,0.4,0,1342.1700911045216,1342.5887702157818,42.85699187249649,1.974165566417696,1.8572701984584192,1327.328671069306,0.0016556746914770308,0,RELIANCE,5m,2026-03-04 06:45:00
1344.0999755859375,1345.4000244140625,1343.5999755859375,1345.0,260053,0.0009675142333607223,0.006209358218984384,0.001639294445118444,0.65,0.4,0,1342.4396062374242,1342.6833282465354,52.8300800368515,1.9451335961480254,1.8748428779963406,1327.6429865522705,0.001639294445118444,0,RELIANCE,5m,2026-03-04 06:50:00
1344.9000244140625,1345.0,1343.5999755859375,1344.800048828125,133601,-0.0001486625813197362,0.005307690749356775,0.0016389687187113834,0.6,0.4,0,1342.6644102936814,1342.7663368967937,49.75375382598604,1.8842704650330688,1.8767283954036864,1327.798228770685,0.0016389687187113834,0,RELIANCE,5m,2026-03-04 06:55:00
1345.0,1345.4000244140625,1344.300048828125,1345.0999755859375,118642,0.0002230270277532309,0.00598309785810458,0.001630416963912422,0.65,0.35,0,1342.8963688929439,1342.8578521395054,50.24384434453806,1.8390382892553134,1.869190374174012,1327.9374996338463,0.001630416963912422,0,RELIANCE,5m,2026-03-04 07:00:00
1345.0999755859375,1345.199951171875,1344.300048828125,1344.5999755859375,120051,-0.0003717195814996188,0.003432817601445981,0.001575143475043084,0.6,0.35,0,1343.0586171494194,1342.9261707060323,57.864995165172786,1.7427562337115887,1.8439035460815274,1328.0742353077985,0.001575143475043084,0,RELIANCE,5m,2026-03-04 07:05:00
1344.9000244140625,1345.0,1341.9000244140625,1344.300048828125,169433,-0.00022306021363849293,-0.0008175825523836222,0.001287870532267556,0.55,0.4,0,1343.1768487378677,1342.9800482794476,53.01207477240303,1.6235353236600076,1.7998299015972237,1328.2524615146692,0.001287870532267556,0,RELIANCE,5m,2026-03-04 07:10:00
1344.4000244140625,1345.699951171875,1343.5,1344.199951171875,140247,-7.446079938566719e-05,-0.002078729642260524,0.001254962618736199,0.55,0.4,0,1343.274287064916,1343.0278876085624,59.459258831583384,1.5036418024808427,1.7405922817739476,1328.4037905120547,0.001254962618736199,0,RELIANCE,5m,2026-03-04 07:15:00
1344.199951171875,1344.199951171875,1342.300048828125,1343.5,191918,-0.0005207195337753046,-0.00022328383481351466,0.0011416160929705451,0.5,0.45,0,1343.295783534924,1343.0464018199914,60.68966097842284,1.3367360522054241,1.659821035860243,1328.5920619473943,0.0011416160929705451,0,RELIANCE,5m,2026-03-04 07:20:00
1343.5999755859375,1347.0,1343.300048828125,1345.300048828125,168400,0.0013398204898584787,0.0002974380301887791,0.001167204326820717,0.55,0.45,0,1343.4866659438003,1343.134780134036,55.81399750179795,1.3343296181681126,1.594722752321817,1328.7738233446516,0.001167204326820717,0,RELIANCE,5m,2026-03-04 07:25:00
1345.4000244140625,1346.0,1341.0999755859375,1341.199951171875,114770,-0.0030477198449680998,-0.0028253151138475374,0.0013529217937480649,0.5,0.5,0,1343.2688835845695,1343.0589044884612,41.3173302535689,0.9901648825332359,1.4738111783641008,1328.8774208459392,0.0013529217937480649,0,RELIANCE,5m,2026-03-04 07:30:00
1341.199951171875,1342.4000244140625,1340.300048828125,1341.9000244140625,174429,0.0005219752965064384,7.450855738522222e-05,0.001252041747311556,0.5,0.5,0,1343.1385160445213,1343.0134582110338,38.75016212339688,0.7650825148737113,1.332065445666023,1329.0182425227085,0.001252041747311556,0,RELIANCE,5m,2026-03-04 07:35:00
1341.9000244140625,1342.5,1341.0,1341.5999755859375,99291,-0.00022359998708254558,-0.0012655945659130197,0.0012248924292371905,0.55,0.45,0,1342.991988381799,1342.9580275198537,41.05949022239109,0.5560815224139333,1.1768686610156052,1329.0980609596163,0.0012248924292371905,0,RELIANCE,5m,2026-03-04 07:40:00
1341.5,1342.300048828125,1339.9000244140625,1340.0999755859375,301322,-0.0011180679988793685,-0.0009691731060560427,0.0012093714291774944,0.5,0.45,0,1342.716558591717,1342.845947051857,28.276059468287514,0.2663390750747112,0.9947627438274265,1329.3167603443983,0.0012093714291774944,0,RELIANCE,5m,2026-03-04 07:45:00
1340.0,1340.9000244140625,1337.5,1340.9000244140625,197532,0.0005970068224014913,0.00037302297142116636,0.0012058597836596863,0.5,0.45,0,1342.5435553367024,1342.7696363601788,36.567524481894786,0.10011923994329663,0.8158340430506005,1329.443596818566,0.0012058597836596863,0,RELIANCE,5m,2026-03-04 07:50:00
1340.9000244140625,1342.4000244140625,1338.5,1338.699951171875,167433,-0.0016407436812068132,-0.0037952801539913317,0.001104411180741122,0.5,0.4,0,1342.177497797195,1342.6100408625985,33.108442479627854,-0.20675535379518806,0.6113161636814428,1329.5497382063268,0.001104411180741122,0,RELIANCE,5m,2026-03-04 07:55:00
1338.699951171875,1339.5999755859375,1335.699951171875,1336.5,426393,-0.001643348959525448,-0.005654323133682415,0.0011457890376623144,0.45,0.45,0,1341.6367837212715,1342.3704314170066,22.93027306089445,-0.6203226605625787,0.36498839883263856,1329.7448045828119,0.0011457890376623144,0,RELIANCE,5m,2026-03-04 08:00:00
1336.5,1336.5,1334.199951171875,1336.0999755859375,561375,-0.00029930745534045844,-0.006986268609485369,0.001102628134833662,0.4,0.5,0,1341.1094686607635,1342.1245311883372,22.64174119995394,-0.9691842056122368,0.09815387794366348,1329.9333881777852,0.001102628134833662,0,RELIANCE,5m,2026-03-04 08:05:00
1336.0999755859375,1340.199951171875,1336.0999755859375,1339.5999755859375,346056,0.0026195644517283956,-0.003496297754571054,0.00127748788271175,0.4,0.5,0,1340.965707415542,1342.025529007851,35.60235188854094,-0.9522616644906066,-0.11192923054319054,1330.1027573408328,0.00127748788271175,0,RELIANCE,5m,2026-03-04 08:10:00
1339.5999755859375,1340.300048828125,1336.199951171875,1337.0999755859375,248930,-0.0018662287590043292,-0.006907344518336744,0.0012621423075457247,0.4,0.45,0,1340.5975424793892,1341.8323700501292,32.22777604220903,-1.1275814779767188,-0.3150596800298962,1330.20998100965,0.0012621423075457247,0,RELIANCE,5m,2026-03-04 08:15:00
1337.0999755859375,1338.199951171875,1336.199951171875,1336.9000244140625,200406,-0.00014954092852137446,-0.0056526408225641145,0.0012373743043987968,0.4,0.45,0,1340.245397901739,1341.6389447310678,32.381201499694825,-1.2680408956668998,-0.505655923157297,1330.285744677342,0.0012373743043987968,0,RELIANCE,5m,2026-03-04 08:20:00
1337.0999755859375,1339.699951171875,1336.199951171875,1339.199951171875,343594,0.0017203431190155882,-0.0033489619435317364,0.0013126352817332285,0.45,0.4,0,1340.1458315465138,1341.543297924825,39.224228648398366,-1.1801668986965979,-0.6405581182651572,1330.435273112514,0.0013126352817332285,0,RELIANCE,5m,2026-03-04 08:25:00
1339.199951171875,1341.699951171875,1339.0,1341.4000244140625,220704,0.0016428265549608412,-0.002676561773931274,0.001351463605948771,0.45,0.4,0,1340.2652784862805,1341.5376793557757,45.74909189750179,-0.9223661364660529,-0.6969197219053364,1330.5558448901907,0.001351463605948771,0,RELIANCE,5m,2026-03-04 08:30:00
1341.300048828125,1342.9000244140625,1339.5999755859375,1342.699951171875,213852,0.000969082103886354,-0.0015616430547277238,0.0013737154409020767,0.5,0.4,0,1340.4971520753847,1341.5832586426816,44.62794076106695,-0.6061763262721342,-0.6787710427786959,1330.6816303056366,0.0013737154409020767,0,RELIANCE,5m,2026-03-04 08:35:00
1342.699951171875,1347.5,1340.800048828125,1345.5,420367,0.002085386854807858,0.00029739381556992406,0.0014558082751122891,0.5,0.4,0,1340.973613782491,1341.7368563429686,59.38869284320728,-0.12817555619858467,-0.5686519454626737,1330.9828536422845,0.0014558082751122891,0,RELIANCE,5m,2026-03-04 08:40:00
1345.5999755859375,1345.800048828125,1343.0999755859375,1345.0999755859375,366320,-0.0002973053987830321,0.0003718578083284907,0.0014548603217913558,0.5,0.4,0,1341.3666006209144,1341.8687433721047,57.07950739980555,0.21587638226651507,-0.411746279916836,1331.2361474409583,0.0014548603217913558,0,RELIANCE,5m,2026-03-04 08:45:00
1345.0999755859375,1345.4000244140625,1343.699951171875,1344.5,766420,-0.0004460453474294246,0.00014873998706566027,0.0014576694786731844,0.5,0.35,0,1341.6650196093988,1341.971929906532,56.331924284503486,0.43511131429659144,-0.2423747610741505,1331.7319186635495,0.0014576694786731844,0,RELIANCE,5m,2026-03-04 08:50:00
1345.0999755859375,1347.699951171875,1343.0999755859375,1346.5,406963,0.0014875418371140814,0.0017110912897444486,0.001494376558740163,0.5,0.4,0,1342.125493932313,1342.1495012827465,63.67525157413156,0.7614622004823559,-0.041607368762849234,1332.0043768524802,0.001494376558740163,0,RELIANCE,5m,2026-03-04 08:55:00
1346.5,1347.800048828125,1345.199951171875,1345.800048828125,467913,-0.0005198300570924408,0.0017119827526050901,0.0014943575479556298,0.55,0.35,0,1342.475451541438,1342.2926600100163,60.515106903543185,0.9526360240909071,0.15724130980790202,1332.3157698346856,0.0014943575479556298,0,RELIANCE,5m,2026-03-04 09:00:00
1346.199951171875,1346.9000244140625,1344.5999755859375,1345.5999755859375,324914,-0.0001486649092944381,0.0002229441365693141,0.001465443444119493,0.5,0.4,0,1342.7730252599617,1342.4223586600526,66.19729610462551,1.0755995756999255,0.3409129629863067,1332.5156550491708,0.001465443444119493,0,RELIANCE,5m,2026-03-04 09:05:00
1345.5999755859375,1351.300048828125,1345.5,1349.5,634284,0.0028983535113131786,0.00618852455286234,0.0014142573020326725,0.55,0.35,0,1343.4136895209176,1342.6999132224037,78.26086956521739,1.4707940542848519,0.5668891812460157,1332.9760210107083,0.0014142573020326725,0,RELIANCE,5m,2026-03-04 09:10:00
1349.4000244140625,1350.699951171875,1347.5,1348.4000244140625,378976,-0.0008150986187013265,0.004843877995186929,0.0014351317189367828,0.55,0.3,0,1343.88857855836,1342.9234469946257,75.94952356425443,1.6759108320272844,0.7886935114022695,1333.240506809162,0.0014351317189367828,0,RELIANCE,5m,2026-03-04 09:15:00
1348.300048828125,1350.0,1347.4000244140625,1349.300048828125,729141,0.0006674758215416965,0.005739470320744955,0.0014337272991587127,0.5,0.35,0,1344.4039566792899,1343.1735098116258,72.98598214647298,1.8893129805878743,1.0088174052393906,1333.7264101530895,0.0014337272991587127,0,RELIANCE,5m,2026-03-04 09:20:00
1349.300048828125,1352.800048828125,1349.0999755859375,1351.800048828125,206153,0.0018528125024313002,0.00873074655275019,0.001434373910201356,0.55,0.3,0,1345.1083464077503,1343.5118054593318,84.83433708801222,2.2344079632996454,1.2539355168514414,1333.8786634188589,0.001434373910201356,0,RELIANCE,5m,2026-03-04 09:25:00
1351.5,1351.5,1345.4000244140625,1346.0999755859375,957712,-0.00421665411769212,0.003877955908120123,0.001770386348837361,0.55,0.3,0,1345.2027872818633,1343.6133023270418,67.29307781265487,2.0246114892577225,1.4080707113326978,1334.414092195234,0.001770386348837361,0,RELIANCE,5m,2026-03-04 09:30:00
1346.0999755859375,1347.0,1342.199951171875,1342.199951171875,992434,-0.0028972769369265405,0.002614476826518164,0.001859038296636876,0.5,0.35,0,1344.916802890436,1343.5578767915451,55.31911209613186,1.5260554781114024,1.4316676646884388,1334.7771768665314,0.001859038296636876,0,RELIANCE,5m,2026-03-04 09:35:00
1342.300048828125,1344.0,1340.0,1343.699951171875,816314,0.001117568212314568,0.005387168852880597,0.001822399575771127,0.5,0.35,0,1344.800912250573,1343.5634483358717,54.1816664521198,1.2377160907105917,1.3928773498928695,1335.017388072302,0.001822399575771127,0,RELIANCE,5m,2026-03-04 09:40:00
1343.699951171875,1345.699951171875,1343.0,1343.9000244140625,747067,0.0001488972608900685,0.005837923037686155,0.0018177769878160934,0.55,0.3,0,1344.7151134090007,1343.5766473977617,52.27284286843822,1.0136643952212125,1.3170347589585383,1335.2694263066592,0.0018177769878160934,1,RELIANCE,5m,2026-03-04 09:45:00
1344.0,1347.0999755859375,1343.800048828125,1344.0,729770,7.439213045712378e-05,0.003284580840737794,0.0017334361011838502,0.55,0.3,0,1344.6470073700482,1343.5932494605947,46.83546911698051,0.8345488469756219,1.220537576561955,1335.5226385390015,0.0017334361011838502,1,RELIANCE,5m,2026-03-04 09:50:00
1344.0,1349.4000244140625,1344.0,1345.300048828125,767542,0.0009672982352120219,0.006132730081454207,0.0016734031721404416,0.55,0.3,0,1344.709201794627,1343.6601827691254,50.40664929909441,0.7884132231351941,1.134112705876603,1335.8089275166262,0.0016734031721404416,0,RELIANCE,5m,2026-03-04 09:55:00
1369.5,1378.800048828125,1367.5999755859375,1377.5999755859375,512332,0.0056942082638158364,0.028673854401249255,0.004446454894334807,0.6,0.3,1,1350.0036795418107,1345.9760481059561,78.63708812639521,4.785050242748866,2.114473903101352,1374.6666666666667,0.004446454894334807,0,RELIANCE,5m,2026-03-05 03:50:00
1377.699951171875,1378.0,1368.699951171875,1373.800048828125,460029,-0.0027583673237191464,0.024153886852816386,0.0045429095427917095,0.55,0.3,0,1352.2700004262217,1347.0671853891786,74.39018165887603,6.062781419444036,2.904135406369889,1374.114710654445,0.0045429095427917095,0,RELIANCE,5m,2026-03-05 03:55:00
1373.300048828125,1376.0999755859375,1373.0,1373.5999755859375,238602,-0.0001456349068833518,0.023013350366992702,0.0045527677658429334,0.5,0.3,0,1354.301426631909,1348.1076869655221,74.39018165887603,6.978801069393057,3.719068538974523,1374.1380802577542,0.0045527677658429334,0,RELIANCE,5m,2026-03-05 04:00:00
1373.4000244140625,1373.800048828125,1371.0,1372.5999755859375,965399,-0.0007280139908079075,0.02014119330058528,0.004565726646444592,0.45,0.35,0,1356.0441455799119,1349.0681688722052,71.19259068460013,7.537177706026796,4.482690372384978,1373.3966718188158,0.004565726646444592,0,RELIANCE,5m,2026-03-05 04:05:00
1372.699951171875,1380.199951171875,1372.4000244140625,1376.4000244140625,543605,0.002768504222435908,0.023269682102618816,0.004571081019407342,0.5,0.35,0,1357.9828007069739,1350.1400063444348,74.47544090280505,8.191896314111318,5.224531560730246,1373.9835847786417,0.004571081019407342,0,RELIANCE,5m,2026-03-05 04:10:00
1376.4000244140625,1382.4000244140625,1375.0999755859375,1380.5,478508,0.0029787674463919167,0.02677575306805502,0.004571873164274496,0.55,0.35,0,1360.127295877738,1351.3305943309276,75.82771151055582,8.938561124291027,5.967337473442403,1374.783934158083,0.004571873164274496,0,RELIANCE,5m,2026-03-05 04:15:00
1380.5,1385.5999755859375,1380.300048828125,1383.300048828125,343737,0.0020282860037124095,0.027330151376253164,0.004574440307894756,0.55,0.3,0,1362.334224730156,1352.584298428857,75.94719822385251,9.645056695486801,6.702881317851283,1375.5876946377832,0.004574440307894756,0,RELIANCE,5m,2026-03-05 04:20:00
1383.0999755859375,1385.5999755859375,1381.5999755859375,1384.9000244140625,313750,0.0011566366872415301,0.02905333197155424,0.0045535136180826375,0.5,0.3,0,1364.4833485095755,1353.851581800826,84.27560237066176,10.216297070709288,7.4055644684228845,1376.2748945083795,0.0045535136180826375,0,RELIANCE,5m,2026-03-05 04:25:00
1384.5999755859375,1387.199951171875,1384.5,1384.699951171875,214165,-0.00014446764290598768,0.029057651824727193,0.0045534365082923085,0.55,0.25,0,1366.4087392393185,1355.0613217761613,90.17002109110712,10.531464774761162,8.03074452969054,1376.7585523678918,0.0045534365082923085,0,RELIANCE,5m,2026-03-05 04:30:00
1384.699951171875,1386.5999755859375,1383.4000244140625,1384.5,197031,-0.0001444003603132682,0.02593553167839935,0.004553081854711119,0.5,0.3,0,1368.1317164546215,1356.2157797457237,89.53485621279938,10.642423825196147,8.553080388791663,1377.1313958783503,0.004553081854711119,0,RELIANCE,5m,2026-03-05 04:35:00
1384.5,1386.0,1383.5,1384.0,431968,-0.0003611412062116681,0.026401642644145795,0.004543151630849388,0.5,0.3,0,1369.6429815541815,1357.3053570105974,88.63194289275928,10.568190331090136,8.956102377251359,1377.8087561332618,0.004543151630849388,0,RELIANCE,5m,2026-03-05 04:40:00
1384.4000244140625,1385.5,1381.199951171875,1381.4000244140625,130766,-0.0018785950765444204,0.023790094437346587,0.004597553240800014,0.5,0.3,0,1370.7626999217891,1358.2502459283803,84.375007012308,10.182189508839883,9.201319803569064,1377.9411829724752,0.004597553240800014,0,RELIANCE,5m,2026-03-05 04:45:00
1381.5999755859375,1381.9000244140625,1379.0,1379.5,621041,-0.0013754338935012544,0.020491160061643754,0.004629476820170522,0.45,0.35,0,1371.5948237387615,1359.0835696174634,81.09086470170455,9.612161965398855,9.283488235935021,1378.190942106609,0.004629476820170522,0,RELIANCE,5m,2026-03-05 04:50:00
1379.5999755859375,1379.800048828125,1374.699951171875,1377.5,395951,-0.0014498006524102935,0.023326665911567623,0.004504249782378583,0.45,0.35,0,1372.1572214779271,1359.8057825736412,61.84607872596153,8.896474722356288,9.206085533219275,1378.1328648382064,0.004504249782378583,0,RELIANCE,5m,2026-03-05 04:55:00
1377.5,1377.9000244140625,1375.0999755859375,1375.699951171875,137068,-0.0013067505104356059,0.024959023408361203,0.0044424028140363425,0.45,0.3,0,1372.4946243059221,1360.4290833029836,46.41506478909571,8.090773132858885,8.983023053147196,1378.0893539251451,0.0044424028140363425,0,RELIANCE,5m,2026-03-05 05:00:00
1376.0,1380.9000244140625,1375.9000244140625,1379.699951171875,170480,0.00290761077413193,0.026791695548253447,0.004457755268529394,0.5,0.25,0,1373.1808459122033,1361.1848036115675,61.04842544164442,7.686411225043457,8.72370068752645,1378.109962424761,0.004457755268529394,0,RELIANCE,5m,2026-03-05 05:05:00
1379.699951171875,1384.5,1379.4000244140625,1384.0999755859375,127592,0.00318911688757062,0.029912903074320596,0.004467107770438384,0.5,0.25,0,1374.2207630239875,1362.0834378066409,66.99021071843372,7.633008131152565,8.505562176251672,1378.2025120564774,0.004467107770438384,0,RELIANCE,5m,2026-03-05 05:10:00
1383.699951171875,1385.5,1382.4000244140625,1382.5999755859375,222645,-0.0010837367433410572,0.028720219930012947,0.00449377133525164,0.5,0.25,0,1375.0187832679828,1362.888007915633,65.92349259417642,7.384524133019795,8.281354567605298,1378.3838370713531,0.00449377133525164,0,RELIANCE,5m,2026-03-05 05:15:00
1382.5,1383.5999755859375,1381.699951171875,1383.5,60484,0.0006509651598114452,0.028395116171407553,0.004496027967076517,0.45,0.3,0,1375.8265181948416,1363.696321330706,62.456044167848106,7.17748563608302,8.060580781300843,1378.4257508325782,0.004496027967076517,0,RELIANCE,5m,2026-03-05 05:20:00
1383.5,1385.0,1383.0,1384.0,61332,0.0003614022406939199,0.010366440842240587,0.0021394016884433366,0.45,0.3,0,1376.604945033428,1364.4925440236195,57.028071104313135,6.973367319268391,7.843138088894353,1378.4773437736226,0.0021394016884433366,0,RELIANCE,5m,2026-03-05 05:25:00
1383.9000244140625,1385.5,1381.5,1382.9000244140625,147677,-0.0007947800476426625,0.00384730612808748,0.0017739061125959018,0.45,0.35,0,1377.2044764030124,1365.2144059997154,49.13788113967009,6.646229647452401,7.603756400605963,1378.582478047846,0.0017739061125959018,0,RELIANCE,5m,2026-03-05 05:30:00
1383.0,1384.699951171875,1382.699951171875,1383.4000244140625,202689,0.00036155903620849195,0.006987898707767837,0.001632177896397455,0.45,0.35,0,1377.7945285945411,1365.9275675061604,46.60634983760853,6.354070734805418,7.3538192674458545,1378.7282446062113,0.001632177896397455,0,RELIANCE,5m,2026-03-05 05:35:00
1383.4000244140625,1383.9000244140625,1382.5,1382.5999755859375,79822,-0.0005783206693695808,0.00655212591727139,0.001641924814561509,0.45,0.4,0,1378.2521902127694,1366.5813874308576,45.37451803892256,5.988938680375895,7.080843150031863,1378.7765648357365,0.001641924814561509,0,RELIANCE,5m,2026-03-05 05:40:00
1382.5999755859375,1385.0,1382.0,1384.0999755859375,108658,0.0010849125028837836,0.008378260385070169,0.0016305683651120476,0.5,0.4,0,1378.8091221530713,1367.2683908879196,49.16662004282611,5.754274664166132,6.815529452858717,1378.8512256900385,0.0016305683651120476,0,RELIANCE,5m,2026-03-05 05:45:00
1384.0999755859375,1384.4000244140625,1381.199951171875,1382.4000244140625,119422,-0.0012281996978977805,0.004359197830263284,0.001571235889092104,0.45,0.45,0,1379.1511128445943,1367.8617882811018,46.82545449261041,5.369236670072496,6.526270896301473,1378.913773808322,0.001571235889092104,0,RELIANCE,5m,2026-03-05 05:50:00
1382.0999755859375,1383.0,1380.199951171875,1380.699951171875,104556,-0.0012297983305578075,0.00014483967538936326,0.0014600158679303776,0.4,0.5,0,1379.2986212567162,1368.3652456493674,48.55953020842229,4.870762465408006,6.19516921012278,1378.947537569207,0.0014600158679303776,0,RELIANCE,5m,2026-03-05 05:55:00
1380.800048828125,1385.9000244140625,1380.800048828125,1383.699951171875,78813,0.0021728109698662124,0.0002890929875183357,0.0014708574976347514,0.4,0.5,0,1379.7177955343504,1368.9666066502502,58.267572737146644,4.664028972119468,5.888941162522118,1378.995229179352,0.0014708574976347514,0,RELIANCE,5m,2026-03-05 06:00:00
1383.4000244140625,1383.9000244140625,1381.5999755859375,1382.9000244140625,188020,-0.0005781070940524824,-0.0014441475664254133,0.0014510368744375965,0.4,0.5,0,1380.020864951466,1369.5130151900075,61.15704146847115,4.385095138040697,5.588171957625835,1379.0886671719873,0.0014510368744375965,0,RELIANCE,5m,2026-03-05 06:05:00
1382.800048828125,1383.199951171875,1381.800048828125,1382.199951171875,314948,-0.0005062356134415413,-0.0018054452864566528,0.0014542488471984813,0.35,0.5,0,1380.2283969724574,1370.0105420912573,64.06920459109261,4.060738341160004,5.282685234332669,1379.2195015403622,0.0014542488471984813,0,RELIANCE,5m,2026-03-05 06:10:00
1382.699951171875,1383.199951171875,1381.4000244140625,1381.5999755859375,170642,-0.00043407293237773814,-0.0020946366298754127,0.0014562671201616632,0.35,0.5,0,1380.3590235070747,1370.4650296792838,54.82237906099155,3.7124751248832126,4.968643212442778,1379.2791747369383,0.0014562671201616632,0,RELIANCE,5m,2026-03-05 06:15:00
1381.199951171875,1382.0,1379.4000244140625,1381.9000244140625,600889,0.0002171748939108209,-0.0015173234002439084,0.0014566305187399494,0.35,0.55,0,1380.5057854982165,1370.9134608453537,42.94891858900122,3.4212474388773444,4.659164057729692,1379.404322979278,0.0014566305187399494,0,RELIANCE,5m,2026-03-05 06:20:00
1382.0999755859375,1382.800048828125,1380.5999755859375,1382.699951171875,144230,0.0005788600793690257,0.000941021235585815,0.0013989822885041114,0.4,0.5,0,1380.7147536576126,1371.3756761522761,50.335487993708064,3.2179008457480904,4.370911415333372,1379.4469906227007,0.0013989822885041114,0,RELIANCE,5m,2026-03-05 06:25:00
1382.699951171875,1385.699951171875,1382.4000244140625,1385.5,347861,0.0020250588898567123,0.004349401957230992,0.0014233131798749856,0.45,0.45,0,1381.1704914045067,1371.929571205128,55.95236365221688,3.2452781981526186,4.145784771897221,1379.6385870071642,0.0014233131798749856,0,RELIANCE,5m,2026-03-05 06:30:00
1385.5999755859375,1388.300048828125,1383.5999755859375,1384.699951171875,705344,-0.0005774441199025704,0.0052268248071687395,0.0013822890749990715,0.5,0.4,0,1381.5066304299703,1372.4303704195104,52.046629165357935,3.165922904509216,3.9498123984196196,1380.0568762212877,0.0013822890749990715,0,RELIANCE,5m,2026-03-05 06:35:00
1384.5,1386.4000244140625,1383.699951171875,1385.699951171875,106479,0.0007221781145827499,0.007269026935329714,0.001334764216292824,0.5,0.4,0,1381.9059943101518,1372.9507461352894,58.23501956701253,3.1474431399221885,3.7893385467201335,1380.1120923408002,0.001334764216292824,0,RELIANCE,5m,2026-03-05 06:40:00
1385.5999755859375,1386.0,1384.0999755859375,1385.0,262161,-0.0005051246276533972,0.003841450326662166,0.0012040916790030402,0.45,0.4,0,1382.2006615187088,1373.4232658946898,54.65107201408061,3.0412598332736707,3.639722804030841,1380.2372444770522,0.0012040916790030402,0,RELIANCE,5m,2026-03-05 06:45:00
1385.199951171875,1386.4000244140625,1384.0999755859375,1384.300048828125,102907,-0.0005053799074909993,0.00014455114927858226,0.0009833107046589577,0.45,0.4,0,1382.4006031672247,1373.8498064018836,54.97098148954549,2.8675729914675685,3.4852928415181865,1380.2836602010145,0.0009833107046589577,0,RELIANCE,5m,2026-03-05 06:50:00
1384.0999755859375,1385.4000244140625,1383.199951171875,1384.800048828125,161316,0.0003611933701970216,0.0015912579784729264,0.000951466217464765,0.4,0.45,0,1382.6291218015963,1374.279227673501,52.17414380056259,2.7387007024005925,3.335974413694668,1380.3474824230334,0.000951466217464765,0,RELIANCE,5m,2026-03-05 06:55:00
1384.800048828125,1385.0,1383.300048828125,1383.4000244140625,49971,-0.001010993908649338,-7.226280154504217e-05,0.0009713367999083575,0.4,0.4,0,1382.7025410980218,1374.6369059770525,53.16454718234776,2.494839261099287,3.167747383175592,1380.3641938900478,0.0009713367999083575,0,RELIANCE,5m,2026-03-05 07:00:00
1383.5,1384.4000244140625,1383.0,1384.199951171875,63622,0.0005782324300243058,0.00014447339008305526,0.0009768146804505337,0.35,0.45,0,1382.845151581246,1375.0119273572418,61.74504342126823,2.3391603318016223,3.002029972900798,1380.3850457643764,0.0009768146804505337,0,RELIANCE,5m,2026-03-05 07:05:00
1384.199951171875,1385.9000244140625,1384.0,1384.9000244140625,68531,0.0005057601985860583,0.0014462361448344119,0.0009637851081381146,0.35,0.4,0,1383.0408537558,1375.3996958692742,54.762204632867984,2.2463788614229543,2.8508997506052296,1380.41402749981,0.0009637851081381146,0,RELIANCE,5m,2026-03-05 07:10:00
1384.699951171875,1385.0999755859375,1383.199951171875,1383.300048828125,77577,-0.00115530042438583,-7.226802383486497e-05,0.0009989011060015963,0.35,0.45,0,1383.0655390007835,1375.7095136323665,51.4926256911991,2.020453687046711,2.684810537893526,1380.4387532593514,0.0009989011060015963,0,RELIANCE,5m,2026-03-05 07:15:00
1383.4000244140625,1384.699951171875,1383.4000244140625,1384.199951171875,69222,0.0006505474676390399,0.0011572223449949348,0.0009994533538298692,0.35,0.4,0,1383.1735782551732,1376.0424719672492,57.35302037519074,1.8922087523556002,2.526290180785941,1380.462000443808,0.0009994533538298692,0,RELIANCE,5m,2026-03-05 07:20:00
1384.5,1385.0,1383.5,1383.5999755859375,99378,-0.0004334457499651778,-0.00036124558111372274,0.0009747294943839841,0.35,0.35,0,1383.2141875247698,1376.3388446581782,57.35302037519074,1.7223070188633756,2.365493548401428,1380.4942615122309,0.0009747294943839841,0,RELIANCE,5m,2026-03-05 07:25:00
1383.300048828125,1383.5999755859375,1381.9000244140625,1382.300048828125,117703,-0.0009395249933146221,-7.232030105019938e-05,0.0009578509340016616,0.35,0.35,0,1383.127126696518,1376.572617370725,51.369971822978066,1.4658678336652429,2.185568405454191,1380.5165526687545,0.0009578509340016616,0,RELIANCE,5m,2026-03-05 07:30:00
1382.4000244140625,1382.800048828125,1382.0,1382.199951171875,91208,-7.241384121692285e-05,0.0010864054849331062,0.0009137924151900354,0.35,0.3,0,1383.0388242655997,1376.793297127633,48.20142621280781,1.2402638973712783,1.9965075038376088,1380.5313343810158,0.0009137924151900354,0,RELIANCE,5m,2026-03-05 07:35:00
1382.199951171875,1382.4000244140625,1381.0999755859375,1381.5999755859375,85824,-0.00043407293237773814,-0.001517652424688598,0.0007704396753656097,0.3,0.35,0,1382.9017910580128,1376.9817943220762,33.332985549585274,1.0015133148169753,1.7975086660334822,1380.5402135647278,0.0007704396753656097,0,RELIANCE,5m,2026-03-05 07:40:00
1381.699951171875,1382.199951171875,1381.5,1381.699951171875,296885,7.236217986683613e-05,-0.0008677946496500333,0.0007617937535192993,0.3,0.35,0,1382.787330116476,1377.1668200808917,36.36333370325158,0.8110200183627967,1.6002109364993453,1380.5724750322897,0.0007617937535192993,0,RELIANCE,5m,2026-03-05 07:45:00
1381.699951171875,1382.5,1380.800048828125,1382.4000244140625,125311,0.0005066753035589677,0.00014474985476442548,0.0007630544082005333,0.35,0.4,0,1382.7504438591034,1377.3720437802317,34.579535212713765,0.7083770388267112,1.4218441569648186,1380.5866715160676,0.0007630544082005333,0,RELIANCE,5m,2026-03-05 07:50:00
1382.5,1384.300048828125,1382.4000244140625,1384.300048828125,129829,0.0013744389326584283,0.0019543089822671167,0.0008134636621356642,0.4,0.35,0,1382.8980252847246,1377.6437302526983,47.05900455459358,0.7714549763368268,1.2917663208392203,1380.6204222459946,0.0008134636621356642,0,RELIANCE,5m,2026-03-05 07:55:00
1384.4000244140625,1386.199951171875,1382.0,1383.199951171875,599505,-0.0007946959600133585,0.0009406807546470386,0.0008367897755871483,0.45,0.35,0,1382.9267801311198,1377.8616212691365,45.5280760604196,0.7243264251544588,1.178278341702268,1380.7735578590346,0.0008367897755871483,0,RELIANCE,5m,2026-03-05 08:00:00
1383.0999755859375,1383.5,1381.4000244140625,1382.800048828125,257773,-0.0002891139082322747,7.239289779770175e-05,0.0008302553104057718,0.4,0.4,0,1382.9147104832157,1378.0552850949791,41.80324588261192,0.6472468727304204,1.0720720479078985,1380.8099381773213,0.0008302553104057718,0,RELIANCE,5m,2026-03-05 08:05:00
1382.699951171875,1383.300048828125,1381.5,1382.800048828125,292275,0.0,-0.0019487197198664319,0.0006808366430093126,0.35,0.4,0,1382.903790325588,1378.2413542609847,47.22231641291693,0.579480877267315,0.9735538137797818,1380.8486928266368,0.0006808366430093126,0,RELIANCE,5m,2026-03-05 08:10:00
1382.800048828125,1383.5,1382.0,1382.5,93933,-0.00021698641707401656,-0.001588756589478546,0.0006721734793598018,0.35,0.4,0,1382.8653341041036,1378.4083599762403,41.74784896537012,0.49584857114518854,0.8780127652528632,1380.8617370293805,0.0006721734793598018,0,RELIANCE,5m,2026-03-05 08:15:00
1382.5,1382.5999755859375,1381.800048828125,1381.800048828125,84179,-0.000506293795207946,-0.002814391629625046,0.0006508725765026328,0.35,0.45,0,1382.7638783635343,1378.5413673821965,34.951467817059154,0.3688374278951869,0.776177697781328,1380.8694354628988,0.0006508725765026328,0,RELIANCE,5m,2026-03-05 08:20:00
1381.800048828125,1381.800048828125,1379.4000244140625,1380.5999755859375,543050,-0.0008684854535975228,-0.0031769129343411917,0.0006664646295294854,0.35,0.5,0,1382.5577923847154,1378.6220971156765,36.36330008261304,0.16939165898770625,0.6548204900226037,1380.8587705935781,0.0006664646295294854,0,RELIANCE,5m,2026-03-05 08:25:00
1380.5999755859375,1381.800048828125,1378.800048828125,1379.199951171875,220512,-0.001014069563103015,-0.003684242921588754,0.000689686462296441,0.3,0.55,0,1382.2379979834925,1378.644758059057,25.961877039367124,-0.10048251958573928,0.5037598881009351,1380.8441308488589,0.000689686462296441,0,RELIANCE,5m,2026-03-05 08:30:00
1379.199951171875,1379.800048828125,1377.300048828125,1377.300048828125,160719,-0.001377539451140275,-0.005415944349761448,0.0007259384548117979,0.3,0.55,0,1381.7677171115527,1378.5920243637265,23.077404613602923,-0.4623364644698995,0.31054061758676815,1380.8132321889445,0.0007259384548117979,0,RELIANCE,5m,2026-03-05 08:35:00
1377.4000244140625,1378.5,1376.699951171875,1377.800048828125,135740,0.00036302910206487127,-0.004047979967550908,0.0007172104999192689,0.3,0.6,0,1381.3898439417023,1378.5609664995854,29.358075570587047,-0.7006854359378849,0.10829540688183756,1380.7832290402337,0.0007172104999192689,0,RELIANCE,5m,2026-03-05 08:40:00
1377.9000244140625,1379.0,1376.0999755859375,1376.9000244140625,410187,-0.0006532329671696813,-0.005273751636555302,0.00069928942900298,0.35,0.6,0,1380.9622420819271,1378.4958315158394,27.350882135069426,-0.9512378832419017,-0.1036112511429103,1380.686607671009,0.00069928942900298,0,RELIANCE,5m,2026-03-05 08:45:00
1377.0999755859375,1380.800048828125,1377.0999755859375,1379.699951171875,307265,0.002033500405379085,-0.0037548365589693544,0.0008541153361370115,0.35,0.6,0,1380.8420239000172,1378.5430518945075,43.1653918098868,-0.9133433597569365,-0.2655576728657155,1380.6560598610765,0.0008541153361370115,0,RELIANCE,5m,2026-03-05 08:50:00
1379.5999755859375,1381.9000244140625,1379.0999755859375,1381.9000244140625,195947,0.0015946026817779124,-0.0010120901934822513,0.0009096897133413463,0.4,0.55,0,1380.942785853736,1378.6746978756664,50.62522411175451,-0.6977410287638577,-0.35199434404534397,1380.6600775391548,0.0009096897133413463,0,RELIANCE,5m,2026-03-05 08:55:00
1381.800048828125,1381.800048828125,1378.4000244140625,1378.5999755859375,276702,-0.0023880517908843046,-0.004045640646928583,0.0010320088576653529,0.4,0.6,0,1380.7196610663266,1378.6717675897949,39.7848686110309,-0.7841221172234327,-0.43841989868096176,1380.6410625318863,0.0010320088576653529,0,RELIANCE,5m,2026-03-05 09:00:00
1378.5999755859375,1387.0999755859375,1378.0999755859375,1386.199951171875,475152,0.0055128215004554,0.0018791382132226087,0.0016395681299308054,0.4,0.65,0,1381.2415934573312,1378.9669904753666,53.90925622657812,-0.23659788489067068,-0.39805549592290357,1380.7354570752875,0.0016395681299308054,0,RELIANCE,5m,2026-03-05 09:05:00
1386.199951171875,1392.5,1385.5999755859375,1389.699951171875,549689,0.002524888272461112,0.0053533256763056425,0.0017061571906565405,0.45,0.6,0,1382.0471513349066,1379.3878908948377,62.17230690452896,0.47427264340285546,-0.22358986805775177,1381.020522444843,0.0017061571906565405,0,RELIANCE,5m,2026-03-05 09:10:00
1389.5,1391.300048828125,1387.5,1390.199951171875,615279,0.0003597898953500156,0.0057878746075901155,0.0017043498594104057,0.45,0.6,0,1382.823608462237,1379.8118932586433,63.805762801417465,1.06570371094449,0.03426884774269656,1381.3322431875538,0.0017043498594104057,0,RELIANCE,5m,2026-03-05 09:15:00
1390.199951171875,1397.9000244140625,1389.300048828125,1397.9000244140625,495098,0.0055388242789800035,0.011797951010539265,0.0020575115177842032,0.5,0.55,0,1384.259457600506,1380.5212317353266,71.88394515701017,2.1311817152504773,0.45365142124425273,1381.7185198369255,0.0020575115177842032,0,RELIANCE,5m,2026-03-05 09:20:00
1397.800048828125,1399.0,1394.300048828125,1398.800048828125,483260,0.0006438403307416074,0.012376129594378726,0.0020539296539013687,0.55,0.55,0,1385.6442758126602,1381.238048091907,73.21937817347151,3.0134677776916305,0.9656146925337283,1382.1376085362897,0.0020539296539013687,0,RELIANCE,5m,2026-03-05 09:25:00
1398.800048828125,1398.800048828125,1384.300048828125,1390.699951171875,1944353,-0.00579074733592988,0.006003997837985109,0.0025049485055329127,0.5,0.55,0,1386.125768704014,1381.6091031146511,60.47041319845359,3.0242143921802835,1.3773346324630396,1383.025621953206,0.0025049485055329127,0,RELIANCE,5m,2026-03-05 09:30:00
1390.5,1392.0,1388.0,1389.800048828125,1227833,-0.0006470859102222226,0.003973127072166127,0.0025001915899351634,0.45,0.55,0,1386.4757001444054,1381.9303166720424,60.900541794546186,2.9263830411566687,1.6871443142017655,1383.4253845697956,0.0025001915899351634,0,RELIANCE,5m,2026-03-05 09:35:00
1389.800048828125,1392.5,1387.300048828125,1387.800048828125,1261335,-0.0014390559287189575,0.003325692465758534,0.0025177907666215664,0.45,0.55,0,1386.601828590474,1382.1605022467907,60.04683159449886,2.6568412927349527,1.881083709908403,1383.7494276981358,0.0025177907666215664,0,RELIANCE,5m,2026-03-05 09:40:00
1387.5,1390.800048828125,1384.4000244140625,1385.199951171875,757628,-0.0018735391012888458,0.0017355382260679786,0.0025575771270662856,0.45,0.55,0,1386.4683164553694,1382.2796963222843,59.0802965590396,2.2079692689114836,1.9464608217090194,1383.8488968596018,0.0025575771270662856,0,RELIANCE,5m,2026-03-05 09:45:00
1385.199951171875,1387.699951171875,1383.5,1385.300048828125,969368,7.226224355938449e-05,0.0018079258835135281,0.002557494614798814,0.45,0.6,0,1386.3570528718224,1382.398141518592,58.700627056910946,1.8391118636347983,1.9249910300941753,1383.915021308543,0.002557494614798814,0,RELIANCE,5m,2026-03-05 09:50:00
1385.199951171875,1389.9000244140625,1385.199951171875,1386.4000244140625,490448,0.0007940341782763927,0.0028209941512207237,0.002561025577491196,0.45,0.6,0,1386.3611453996548,1382.5550781027282,60.969902682709545,1.6169098194770868,1.8633747879707576,1383.9795991340645,0.002561025577491196,1,RELIANCE,5m,2026-03-05 09:55:00
1400.9000244140625,1408.0999755859375,1400.699951171875,1407.0999755859375,772779,0.00435401540752145,0.019194553432288153,0.003521088004398351,0.55,0.5,0,1389.5976699861333,1384.2125874795909,71.35580245381003,3.8078259824362704,2.368375299704277,1405.2999674479167,0.003521088004398351,1,RELIANCE,5m,2026-03-06 03:50:00
1407.199951171875,1415.5999755859375,1407.0999755859375,1414.300048828125,911569,0.005116959254575448,0.025449607670321006,0.0036063128234091303,0.6,0.45,1,1391.9502774948944,1385.3924879246313,78.37831543687983,5.29366727555589,2.9534336948745996,1409.106424490525,0.0036063128234091303,1,RELIANCE,5m,2026-03-06 03:55:00
1414.699951171875,1417.199951171875,1413.0999755859375,1416.300048828125,464918,0.0014141270812069173,0.02831626996106129,0.0035523323205277537,0.65,0.4,1,1394.2693033361545,1386.604549136533,76.26522142972792,6.557005413748584,3.6741480386493968,1410.4966580967273,0.0035523323205277537,1,RELIANCE,5m,2026-03-06 04:00:00
1416.5,1419.4000244140625,1413.800048828125,1414.0999755859375,691894,-0.0015533948784425267,0.026346295159945132,0.003607285626606943,0.7,0.35,1,1396.157938788515,1387.6828011541568,71.78559361750825,7.2965721247651345,4.3986328558725445,1411.7800418451911,0.003607285626606943,1,RELIANCE,5m,2026-03-06 04:05:00
1414.0999755859375,1415.699951171875,1412.5999755859375,1415.199951171875,376981,0.0007778626723204951,0.02781605496311257,0.0035804438062871998,0.65,0.35,1,1397.9714637774064,1388.7619050764201,72.08467228848103,7.880600254214414,5.095026335540918,1412.0986597074173,0.0035804438062871998,1,RELIANCE,5m,2026-03-06 04:10:00
1415.0,1416.9000244140625,1412.5999755859375,1413.0,223713,-0.001554516144558482,0.02413571791449365,0.003635382980109612,0.65,0.35,1,1399.402752941463,1389.7124186028352,64.77486365688596,8.072870059824709,5.690595080397677,1412.2330756474526,0.003635382980109612,1,RELIANCE,5m,2026-03-06 04:15:00
1413.0,1414.4000244140625,1412.699951171875,1414.199951171875,108275,0.000849222343860534,0.023373562621874955,0.0036349391872792457,0.6,0.35,1,1400.812009915788,1390.6727139976995,64.98040705820884,8.227232877819006,6.197922639881943,1412.2798477293045,0.0036349391872792457,1,RELIANCE,5m,2026-03-06 04:20:00
1414.0,1414.9000244140625,1410.4000244140625,1411.699951171875,194750,-0.0017677839671316198,0.02400984779639881,0.003605582016524225,0.65,0.35,1,1401.8489567020818,1391.4973115339417,72.92573975063567,8.054984568523196,6.569335025610194,1412.2826292134018,0.003605582016524225,1,RELIANCE,5m,2026-03-06 04:25:00
1411.5999755859375,1414.9000244140625,1409.9000244140625,1413.9000244140625,212681,0.0015584566963831037,0.019982740021575074,0.0034617944715676923,0.6,0.35,1,1402.9966774365562,1392.3758492939464,75.58371885083389,8.003741911688167,6.856216402825789,1412.3158083006858,0.0034617944715676923,1,RELIANCE,5m,2026-03-06 04:30:00
1414.300048828125,1417.699951171875,1413.199951171875,1417.699951171875,165066,0.0026875498212026727,0.020148234139598875,0.0034657656215796822,0.6,0.35,1,1404.3969892208722,1393.368951328375,80.57240570159016,8.175511857392621,7.120075493739155,1412.4713256644184,0.0034657656215796822,1,RELIANCE,5m,2026-03-06 04:35:00
1417.5,1418.5,1417.0,1417.5,136777,-0.00014103913293483927,0.019637498048473034,0.0034724649597336066,0.65,0.35,1,1405.6448950093607,1394.3152669625563,84.73123529905914,8.20097070305269,7.336254535601862,1412.6381572969885,0.0034724649597336066,1,RELIANCE,5m,2026-03-06 04:40:00
1417.5,1423.800048828125,1417.199951171875,1423.800048828125,358178,0.004444478891093562,0.01852780882875993,0.00340478695606404,0.65,0.35,1,1407.3739572778145,1395.4715329180688,86.52754807536401,8.630026734197372,7.595008975320964,1413.3333136408403,0.00340478695606404,1,RELIANCE,5m,2026-03-06 04:45:00
1423.800048828125,1424.199951171875,1421.800048828125,1423.5,220138,-0.00021073803752991171,0.017657957041514294,0.003413835909889041,0.65,0.35,1,1408.9097708704035,1396.5706884899091,85.74177084190843,8.843898342290004,7.844786848714772,1413.7807754856476,0.003413835909889041,1,RELIANCE,5m,2026-03-06 04:50:00
1423.5,1424.0,1421.300048828125,1422.699951171875,190644,-0.0005620293840007395,0.023009995774455172,0.0030576339209716173,0.65,0.35,1,1410.2231213753057,1397.5953654578295,78.47755321739353,8.846854842770881,8.045200447525994,1414.1176727697764,0.0030576339209716173,1,RELIANCE,5m,2026-03-06 04:55:00
1422.5,1422.5,1420.0,1420.800048828125,191591,-0.0013354202635524892,0.02230536689514384,0.0030826099982101526,0.65,0.4,1,1411.2304477993837,1398.5053530409784,70.20658314998794,8.596793169369676,8.15551899189473,1414.373949774269,0.0030826099982101526,1,RELIANCE,5m,2026-03-06 05:00:00
1420.4000244140625,1421.699951171875,1418.5999755859375,1419.699951171875,196006,-0.0007742804183863417,0.022985949864093635,0.00305717826311209,0.6,0.4,1,1412.0370671681924,1399.336513751994,59.71203751679561,8.215149672965708,8.167445128108927,1414.5775575603384,0.00305717826311209,1,RELIANCE,5m,2026-03-06 05:05:00
1419.0999755859375,1420.0999755859375,1418.199951171875,1420.0,126073,0.0002113466496052041,0.02512276209559805,0.0029836258000693274,0.6,0.4,1,1412.7954417236026,1400.1468465460337,57.08800254429125,7.846456815371766,8.103247465561495,1414.6880186747119,0.0029836258000693274,0,RELIANCE,5m,2026-03-06 05:10:00
1420.199951171875,1420.199951171875,1416.300048828125,1416.300048828125,293572,-0.0026055994168133756,0.022377823509227568,0.003096984056902167,0.65,0.4,1,1413.1292138287952,1400.780305459057,53.98564345706969,7.173023778584366,7.917202728166069,1414.8345126474564,0.003096984056902167,0,RELIANCE,5m,2026-03-06 05:15:00
1416.300048828125,1419.0,1416.0,1416.4000244140625,190508,7.058926956915457e-05,0.02163877630677269,0.0031051038940560958,0.6,0.45,1,1413.4407195988206,1401.3928434572924,52.25577884143235,6.571636702161186,7.648089522965093,1414.9071872357995,0.0031051038940560958,0,RELIANCE,5m,2026-03-06 05:20:00
1416.5999755859375,1417.699951171875,1415.5,1417.699951171875,144430,0.0009177680989875814,0.011920022249732432,0.0021666487167468617,0.55,0.5,0,1413.8463607010162,1402.0323378774722,59.14389124796946,6.129271905562064,7.344325999484488,1414.955391407248,0.0021666487167468617,0,RELIANCE,5m,2026-03-06 05:25:00
1417.5999755859375,1420.300048828125,1417.5,1420.0,173255,0.0016223805511341727,0.009167809422134798,0.0019966356774515294,0.55,0.5,0,1414.4324215866336,1402.7369520783557,60.820966904430044,5.896320226076341,7.054724844802859,1415.0731367728752,0.0019966356774515294,0,RELIANCE,5m,2026-03-06 05:30:00
1420.0999755859375,1422.699951171875,1417.300048828125,1418.800048828125,209542,-0.0008450360365317433,0.003181785932715453,0.001685273677032407,0.55,0.55,0,1414.8483860858232,1403.3668774410917,63.921760110294116,5.550891093383143,6.753958094518916,1415.2178830220937,0.001685273677032407,0,RELIANCE,5m,2026-03-06 05:35:00
1418.800048828125,1419.300048828125,1415.800048828125,1416.0999755859375,88230,-0.001903068190910795,-0.00014126472872255658,0.0017182814976373741,0.5,0.6,0,1414.9675850858341,1403.8662146232425,54.23067533052884,5.0016072567864285,6.403487926972419,1415.2424435303792,0.0017182814976373741,0,RELIANCE,5m,2026-03-06 05:40:00
1416.4000244140625,1417.300048828125,1415.0999755859375,1416.9000244140625,130886,0.0005649663455391529,0.0019800925510693457,0.0016827781545840012,0.45,0.65,0,1415.1516269266178,1404.377344418961,48.26103801673946,4.578079858200226,6.0384063132179815,1415.2654592477284,0.0016827781545840012,0,RELIANCE,5m,2026-03-06 05:45:00
1416.9000244140625,1418.4000244140625,1413.0,1413.0999755859375,308797,-0.0026819456296477417,-0.0014838720028209629,0.001784230368136755,0.5,0.65,0,1414.9562315608387,1404.7194083862933,41.72934573606414,3.890946749278555,5.608914400430097,1415.246615240038,0.001784230368136755,0,RELIANCE,5m,2026-03-06 05:50:00
1413.300048828125,1415.800048828125,1412.0,1415.5,252513,0.0016984109090139032,0.0017692852087756172,0.0017902996986619928,0.45,0.7,0,1415.008019031235,1405.14217668487,31.718111421811145,3.499708263931325,5.187073173130343,1415.2186132361296,0.0017902996986619928,0,RELIANCE,5m,2026-03-06 05:55:00
1415.0999755859375,1418.0,1415.0999755859375,1417.800048828125,126174,0.0016249020332921305,0.002545677966730775,0.0018158345378787065,0.5,0.7,0,1415.2739266309388,1405.638563827743,38.46172854149369,3.336779348436494,4.817014408191573,1415.2481791468945,0.0018158345378787065,0,RELIANCE,5m,2026-03-06 06:00:00
1417.800048828125,1422.0,1417.699951171875,1422.0,227841,0.002962301472162032,0.00729620258155772,0.001863243492101116,0.5,0.65,0,1415.9145050470397,1406.2801887756746,48.75453960972389,3.506141353159137,4.554839797185086,1415.4058014577593,0.001863243492101116,0,RELIANCE,5m,2026-03-06 06:05:00
1422.0,1422.0,1418.4000244140625,1418.4000244140625,263736,-0.0025316284007999013,0.0031826861321859745,0.0019479160386702038,0.5,0.6,0,1416.1512211772324,1406.7554764477684,45.973136492669674,3.3116988160647907,4.306211600961027,1415.544915219236,0.0019479160386702038,0,RELIANCE,5m,2026-03-06 06:10:00
1418.4000244140625,1420.9000244140625,1418.0,1420.5999755859375,106744,0.0015510089777273084,0.0020455840544153503,0.0018859111079258745,0.45,0.65,0,1416.5749120732994,1407.2983979825988,51.456349033907074,3.2971123199031354,4.104391744749449,1415.6017218805207,0.0018859111079258745,0,RELIANCE,5m,2026-03-06 06:15:00
1420.699951171875,1421.800048828125,1420.0,1420.800048828125,205789,0.00014083714319723661,0.002328076774691379,0.0018850375914359811,0.45,0.65,0,1416.9773060499494,1407.8278744863449,51.29877850614711,3.2640704824591467,3.936327492291389,1415.7328288343092,0.0018850375914359811,0,RELIANCE,5m,2026-03-06 06:20:00
1420.800048828125,1421.0,1417.199951171875,1418.300048828125,337777,-0.0017595720116014846,-0.003862901960515308,0.0016286229848370278,0.4,0.7,0,1417.1032815526328,1408.2385479899442,53.37836723247719,3.0015554191347746,3.7493730776600662,1415.8545796098326,0.0016286229848370278,0,RELIANCE,5m,2026-03-06 06:25:00
1418.199951171875,1418.199951171875,1416.0999755859375,1416.300048828125,121408,-0.0014101388501344125,-0.00505792144142958,0.0016512650694796116,0.35,0.75,0,1417.026783197918,1408.554685277716,49.841309208716176,2.602131304915929,3.519924723111239,1415.868665493954,0.0016512650694796116,0,RELIANCE,5m,2026-03-06 06:30:00
1416.199951171875,1418.0,1415.5999755859375,1417.800048828125,137416,0.0010590976122899498,-0.0034440869557308407,0.0016748760895233415,0.35,0.75,0,1417.100427543652,1408.9172485542028,50.157881765811275,2.379196385742489,3.2917790556374893,1415.8882788061262,0.0016748760895233415,0,RELIANCE,5m,2026-03-06 06:35:00
1417.800048828125,1418.5,1414.300048828125,1416.0999755859375,139393,-0.0011990923851304958,-0.003308046931772113,0.0016701591559625355,0.4,0.75,0,1417.005146404822,1409.198924124075,43.72990858528965,2.041800547859566,3.041783354081905,1415.8946556845904,0.0016701591559625355,0,RELIANCE,5m,2026-03-06 06:40:00
1416.199951171875,1416.199951171875,1412.800048828125,1413.300048828125,198470,-0.001977209805864133,-0.004507926015259289,0.0017143561615281502,0.4,0.75,0,1416.6522799689462,1409.3597525438415,41.590264297446616,1.5308347164409497,2.739593626553714,1415.855933986345,0.0017143561615281502,0,RELIANCE,5m,2026-03-06 06:45:00
1413.5,1416.199951171875,1413.0,1415.5,148211,0.0015566058840081887,-0.0031690140845070935,0.0017581864287442572,0.4,0.7,0,1416.5425390195228,1409.6005465617302,49.06836301050485,1.288554631844363,2.449385827611844,1415.8407754849084,0.0017581864287442572,0,RELIANCE,5m,2026-03-06 06:50:00
1415.5,1415.5999755859375,1412.0999755859375,1413.9000244140625,616497,-0.0011303253874513919,-0.0016945734175807248,0.0016792342366408785,0.35,0.7,0,1416.29087096186,1409.7691535363315,45.45454545454545,0.9564162894007495,2.1507919199696253,1415.7186225125884,0.0016792342366408785,0,RELIANCE,5m,2026-03-06 06:55:00
1414.199951171875,1416.699951171875,1414.0999755859375,1415.5999755859375,137597,0.0012023135600265356,-0.0005648466636083427,0.0017035900397286642,0.4,0.65,0,1416.2250714022484,1409.9978132245515,54.04532022818134,0.8209032508905239,1.8848141861538052,1415.715189835733,0.0017035900397286642,0,RELIANCE,5m,2026-03-06 07:00:00
1415.5,1416.5,1415.0,1415.4000244140625,76424,-0.00014124835781537115,-0.0016222944466572908,0.001689079854930645,0.4,0.6,0,1416.1464954986118,1410.209664643748,49.8258254681871,0.6894265232372163,1.6457366535704876,1415.7145752115762,0.001689079854930645,0,RELIANCE,5m,2026-03-06 07:05:00
1415.300048828125,1417.5999755859375,1415.300048828125,1417.4000244140625,105820,0.001413028094886526,-0.0018309687224912219,0.0016785918411856495,0.4,0.6,0,1416.2658792048453,1410.4916395367018,49.29572621652175,0.7381051380584722,1.4642103504680846,1415.725402145157,0.0016785918411856495,0,RELIANCE,5m,2026-03-06 07:10:00
1417.4000244140625,1417.699951171875,1415.5999755859375,1417.5,95612,7.053448865201872e-05,-0.0009163016516660072,0.0016693845327425425,0.4,0.55,0,1416.3834145186695,1410.766477201929,40.740666318369975,0.7758074597961695,1.3265297723337015,1415.7365298066827,0.0016693845327425425,0,RELIANCE,5m,2026-03-06 07:15:00
1417.5999755859375,1420.0999755859375,1417.300048828125,1418.199951171875,241194,0.000493792713844865,0.0014829289048385874,0.001614055682704231,0.45,0.5,0,1416.556418009451,1411.0579859850643,49.53253435401895,0.852341765924848,1.2316921710519309,1415.800049447741,0.001614055682704231,0,RELIANCE,5m,2026-03-06 07:20:00
1418.199951171875,1419.699951171875,1417.199951171875,1419.5999755859375,192981,0.0009871840800061982,0.0019055340005316168,0.0016235302388141555,0.45,0.5,0,1416.846280635783,1411.3929659694122,47.57279827441128,1.0142741041456702,1.1882085576706787,1415.8541848796676,0.0016235302388141555,0,RELIANCE,5m,2026-03-06 07:25:00
1419.5999755859375,1420.4000244140625,1417.5999755859375,1418.300048828125,190341,-0.0009156993379603184,0.0036799047003248653,0.001508400449569713,0.45,0.45,0,1416.9847347493394,1411.6638319638716,44.23955356540132,1.025887629431736,1.1557443720228902,1415.9045673363403,0.001508400449569713,0,RELIANCE,5m,2026-03-06 07:30:00
1418.300048828125,1419.0,1416.0,1417.300048828125,111829,-0.0007050694250672063,0.0012716699598198655,0.0014768737323415414,0.45,0.45,0,1417.0147646616047,1411.8848600761953,47.524716575213326,0.9435234383659008,1.1133001852914923,1415.9199485225918,0.0014768737323415414,0,RELIANCE,5m,2026-03-06 07:35:00
1417.4000244140625,1418.9000244140625,1417.0,1417.9000244140625,95054,0.0004233229134744665,7.051458773754682e-05,0.0014338734633840455,0.4,0.45,0,1417.0990751142197,1412.1207488737589,54.255326056607814,0.9161019856869643,1.0738605453705867,1415.9370208297776,0.0014338734633840455,0,RELIANCE,5m,2026-03-06 07:40:00
1417.699951171875,1418.199951171875,1415.800048828125,1417.4000244140625,157400,-0.0003526341712326575,-0.00323486328125,0.0012543272189036283,0.35,0.5,0,1417.1277369523,1412.3277792871042,48.87631587971059,0.8442919930103017,1.02794683489853,1415.9535857120889,0.0012543272189036283,0,RELIANCE,5m,2026-03-06 07:45:00
1417.4000244140625,1418.699951171875,1416.5,1418.300048828125,121563,0.0006349826432623384,-7.048476044602126e-05,0.0011333993133078948,0.4,0.5,0,1417.2393857023785,1412.5619859357719,56.4709430493821,0.8502058609183223,0.9923986401024883,1415.973474912557,0.0011333993133078948,0,RELIANCE,5m,2026-03-06 07:50:00
1418.300048828125,1419.0,1416.9000244140625,1417.800048828125,178660,-0.00035253471253360313,-0.0019709466464390424,0.001074431792282355,0.45,0.45,0,1417.2927821905448,1412.7674001668447,65.30642750373693,0.8052642376446784,0.9549717596109264,1416.0029749359069,0.001074431792282355,0,RELIANCE,5m,2026-03-06 07:55:00
1417.9000244140625,1417.9000244140625,1413.5,1415.0999755859375,180949,-0.0019044104593022304,-0.004011875736412707,0.0011454766924615392,0.4,0.5,0,1417.0839434662967,1412.8588737126915,48.684115421990576,0.5454863056445447,0.8730746688176501,1415.9952936521825,0.0011454766924615392,0,RELIANCE,5m,2026-03-06 08:00:00
1414.9000244140625,1418.699951171875,1413.4000244140625,1417.4000244140625,262250,0.0016253613651380228,-0.0006345796961694239,0.0011530144678040884,0.45,0.5,0,1417.114046413703,1413.0369580539218,61.00635690814729,0.5192198972824826,0.8023037145106167,1416.00622259086,0.0011530144678040884,0,RELIANCE,5m,2026-03-06 08:05:00
1417.4000244140625,1417.5,1415.5,1415.5,113912,-0.0013404997751766956,-0.0005648865357217314,0.001148727969471636,0.45,0.45,0,1416.960327707636,1413.13354793416,49.68951634304084,0.34115486741757195,0.7100739450920077,1416.0077176250202,0.001148727969471636,0,RELIANCE,5m,2026-03-06 08:10:00
1415.199951171875,1415.5,1411.5999755859375,1412.4000244140625,408895,-0.0021900216078682977,-0.003808734820206716,0.0012148011994021388,0.45,0.45,0,1416.5260131082482,1413.1047823059212,42.10526315789474,-0.04953407585503555,0.5581523409025991,1415.915765840843,0.0012148011994021388,0,RELIANCE,5m,2026-03-06 08:15:00
1412.4000244140625,1413.5999755859375,1410.9000244140625,1411.199951171875,290979,-0.0008496695139079691,-0.003460224912464227,0.0012019708668728486,0.4,0.45,0,1416.0187691143078,1413.0300830457625,32.96690029846741,-0.45079724929610165,0.356362422862859,1415.8253567874838,0.0012019708668728486,0,RELIANCE,5m,2026-03-06 08:20:00
1411.199951171875,1411.4000244140625,1408.5999755859375,1408.5999755859375,349662,-0.0018423863916509076,-0.003325601839527792,0.0011916509812143277,0.4,0.45,0,1415.312217349701,1412.8563533414558,28.502432551968155,-0.967445397744541,0.09160085874137902,1415.65961719609,0.0011916509812143277,0,RELIANCE,5m,2026-03-06 08:25:00
1409.300048828125,1412.699951171875,1408.0,1411.5,336767,0.002058799136962941,-0.0028258565877781194,0.001234380891449784,0.45,0.5,0,1414.9491490306818,1412.8031630143398,35.371379225791316,-1.1298607129540414,-0.15269145559770508,1415.5377303553432,0.001234380891449784,0,RELIANCE,5m,2026-03-06 08:30:00
1411.5,1413.300048828125,1411.300048828125,1413.300048828125,227377,0.0012752737004073644,-0.0004243408837807383,0.0012499850352324531,0.5,0.45,0,1414.7920918685336,1412.8226487325276,36.48094302554028,-1.1006396350146588,-0.34228109148109587,1415.490009680998,0.0012499850352324531,0,RELIANCE,5m,2026-03-06 08:35:00
1413.4000244140625,1414.9000244140625,1411.0999755859375,1411.699951171875,421375,-0.0011321712311386234,-0.002755032835069282,0.0012387373864930626,0.5,0.5,0,1414.4976022783756,1412.7786213772079,36.01694476915598,-1.1928458441359453,-0.5123940420120657,1415.4036252240799,0.0012387373864930626,0,RELIANCE,5m,2026-03-06 08:40:00
1411.5999755859375,1414.699951171875,1411.4000244140625,1413.9000244140625,119985,0.0015584566963831037,-0.001059771071164839,0.0012954522175773052,0.5,0.5,0,1414.440690100822,1412.8225979668885,43.14522678610981,-1.0759890730550978,-0.6251130482206722,1415.3863507735773,0.0012954522175773052,0,RELIANCE,5m,2026-03-06 08:45:00
1413.9000244140625,1414.5,1412.0,1414.0999755859375,112829,0.00014141818263135875,-0.0023282409843962126,0.001250166971498184,0.45,0.5,0,1414.4082410994044,1412.8726912068512,42.2131393580405,-0.9562221182065969,-0.6913348622178572,1415.3719245207208,0.001250166971498184,0,RELIANCE,5m,2026-03-06 08:50:00
1414.0,1414.5,1412.5,1413.9000244140625,282499,-0.00014139818635672263,-0.002539665316358075,0.0012494024097706993,0.4,0.5,0,1414.3598395103243,1412.9129787836046,42.73869219470192,-0.867441012099107,-0.7265560921941072,1415.3386830911184,0.0012494024097706993,0,RELIANCE,5m,2026-03-06 08:55:00
1413.800048828125,1417.199951171875,1413.800048828125,1416.0,217267,0.0014852362611761372,-0.0015512277870670665,0.00129417106350401,0.4,0.5,0,1414.5160452712457,1413.0340384391495,45.45450159220302,-0.6204783778134697,-0.7053405493179797,1415.3434361528782,0.00129417106350401,0,RELIANCE,5m,2026-03-06 09:00:00
1415.800048828125,1417.0,1413.9000244140625,1414.199951171875,151178,-0.0012712209238170402,-0.003803905682538189,0.0012949731109671823,0.4,0.45,0,1414.4859410713057,1413.0797605070995,43.23298609517691,-0.5635117944734702,-0.6769747983490778,1415.340340330925,0.0012949731109671823,0,RELIANCE,5m,2026-03-06 09:05:00
1414.199951171875,1414.199951171875,1410.199951171875,1410.800048828125,166291,-0.0024041171412377826,-0.005288020688003825,0.0013789359349159868,0.35,0.5,0,1414.1349037148123,1412.9903600491007,42.124725567086834,-0.7836753501107978,-0.6983149087014219,1415.301162084362,0.0013789359349159868,0,RELIANCE,5m,2026-03-06 09:10:00
1410.800048828125,1412.199951171875,1402.4000244140625,1405.0999755859375,505397,-0.004040312620432807,-0.008607967841583686,0.0016163071866404483,0.35,0.5,0,1413.2744343692052,1412.680933207408,29.967474631803285,-1.4019440885183485,-0.8390407446648072,1415.0220403797857,0.0016163071866404483,0,RELIANCE,5m,2026-03-06 09:15:00
1405.0999755859375,1409.5,1404.699951171875,1407.199951171875,176313,0.0014945381982955919,-0.007546422919774809,0.0016631742985316292,0.35,0.5,0,1412.6959121599357,1412.4659927354264,36.569563946368326,-1.702846681970641,-1.011801932125974,1414.9350643779246,0.0016631742985316292,0,RELIANCE,5m,2026-03-06 09:20:00
1407.300048828125,1408.0999755859375,1405.5999755859375,1406.4000244140625,108106,-0.0005684528038437664,-0.007760688451058373,0.0016637054398589237,0.35,0.45,0,1412.096303803186,1412.2281116247848,39.510525327369265,-1.9830027380680804,-1.2060420933143954,1414.8797677449993,0.0016637054398589237,0,RELIANCE,5m,2026-03-06 09:25:00
1406.5999755859375,1407.800048828125,1404.5,1405.0,431940,-0.0009954667162678232,-0.009377457780611498,0.0016508290403934613,0.3,0.5,0,1411.4204653457398,1411.94465626695,39.236214131310135,-2.2915827610547694,-1.4231502268624703,1414.641660746389,0.0016508290403934613,0,RELIANCE,5m,2026-03-06 09:30:00
1404.9000244140625,1405.5999755859375,1403.5,1405.5,456250,0.000355871886120962,-0.00867544675167109,0.001661043002616956,0.25,0.55,0,1410.8566115032884,1411.6919246486382,44.194818198027676,-2.4673467931831965,-1.6319895401266158,1414.3791303549754,0.001661043002616956,0,RELIANCE,5m,2026-03-06 09:35:00
1405.5999755859375,1406.300048828125,1403.9000244140625,1404.699951171875,428069,-0.0005692271989505837,-0.007349321315447188,0.0016252926470602903,0.3,0.5,0,1410.2702629002968,1411.4177296103337,36.1788174113257,-2.6407573027277067,-1.8337430926468343,1414.1477808233665,0.0016252926470602903,0,RELIANCE,5m,2026-03-06 09:40:00
1404.800048828125,1404.800048828125,1401.0,1403.0,374741,-0.00121018810490936,-0.010159463924106604,0.001564853458309122,0.25,0.5,0,1409.5778569097924,1411.0876225667912,28.9794921875,-2.8821347777316078,-2.0434214296637894,1413.9115618688886,0.001564853458309122,0,RELIANCE,5m,2026-03-06 09:45:00
1402.9000244140625,1404.699951171875,1402.800048828125,1404.4000244140625,329071,0.0009978791262028608,-0.007841734783424537,0.0015866838579143465,0.25,0.5,0,1409.0847300054372,1410.825363815704,34.97952929947505,-2.92672048406007,-2.2200812405430455,1413.7309542401226,0.0015866838579143465,0,RELIANCE,5m,2026-03-06 09:50:00
1404.800048828125,1409.699951171875,1404.5999755859375,1408.0,264579,0.0025633548300738607,-0.0031152820291743266,0.0016576562685351915,0.3,0.45,0,1408.9814223858718,1410.714565234696,38.521276949456855,-2.6411218256491793,-2.3042893575642722,1413.6403216007511,0.0016576562685351915,0,RELIANCE,5m,2026-03-06 09:55:00
1392.199951171875,1406.800048828125,1390.800048828125,1397.0,1844267,0.0030875629919471237,-0.008235109887114844,0.0030160872599947434,0.35,0.4,0,1406.4373959769412,1409.4979878290462,31.180383936751838,-3.980996289665427,-2.8481893514464813,1398.2000325520833,0.0030160872599947434,0,RELIANCE,5m,2026-03-09 03:50:00
1396.5,1404.699951171875,1394.300048828125,1401.9000244140625,597303,0.0035075335820060616,-0.006801257942569916,0.003094844812855618,0.3,0.35,0,1406.005265351905,1409.200028479439,35.22017407148651,-3.837149084537259,-3.045981298064637,1398.7137682702512,0.003094844812855618,0,RELIANCE,5m,2026-03-09 03:55:00
1401.800048828125,1405.0,1400.0,1400.699951171875,365653,-0.0008560333984508617,-0.008915373396256254,0.00307303884499278,0.3,0.35,0,1405.4999973347592,1408.8666921144365,35.668819522915996,-3.776452426511014,-3.1920755237539127,1399.1287866849957,0.00307303884499278,0,RELIANCE,5m,2026-03-09 04:00:00
1400.699951171875,1409.0,1396.5,1403.5999755859375,530796,0.0020704108768163643,-0.005737745885174506,0.003118352113079294,0.3,0.35,0,1405.3190428824905,1408.6601542113583,42.2746359518951,-3.4545205910212644,-3.244564537207383,1399.7496679391534,0.003118352113079294,0,RELIANCE,5m,2026-03-09 04:05:00
1403.5,1405.5999755859375,1395.5,1400.699951171875,895835,-0.0020661331323063026,-0.009335931122610885,0.0031110140080336498,0.3,0.4,0,1404.8791293862414,1408.3479893862805,44.97716067790564,-3.394268016861588,-3.2745052331382243,1399.929583295412,0.0031110140080336498,0,RELIANCE,5m,2026-03-09 04:10:00
1400.300048828125,1404.0,1398.300048828125,1403.5999755859375,312400,0.0020704108768163643,-0.007425217580991239,0.0031602916721392136,0.3,0.4,0,1404.757305214784,1408.1617927666591,45.964172813487885,-3.077039488214723,-3.2350120841535244,1400.0695639008727,0.0031602916721392136,0,RELIANCE,5m,2026-03-09 04:15:00
1403.4000244140625,1405.5,1402.199951171875,1405.0,235118,0.0009974525779525845,-0.00629466317305627,0.003174812579535511,0.35,0.4,0,1404.7804190038523,1408.0378008934567,48.45131130141703,-2.681749781876988,-3.124359623698217,1400.2743112651501,0.003174812579535511,0,RELIANCE,5m,2026-03-09 04:20:00
1404.800048828125,1412.9000244140625,1404.800048828125,1411.5999755859375,677120,0.004697491520240238,-0.0031073618743379106,0.0033470413149732526,0.35,0.4,0,1405.4299005830985,1408.1774940186522,56.54755993886829,-1.8149948394934654,-2.862486666857267,1401.451829654901,0.0033470413149732526,0,RELIANCE,5m,2026-03-09 04:25:00
1411.5999755859375,1412.0,1407.5999755859375,1408.0999755859375,321396,-0.0024794559794089066,-0.004313375616285864,0.0033790892557706248,0.35,0.4,0,1405.6841934405118,1408.1744540801144,52.434421826244986,-1.3944319092556725,-2.568875715336948,1401.8845264346967,0.0033790892557706248,0,RELIANCE,5m,2026-03-09 04:30:00
1407.9000244140625,1409.699951171875,1405.0999755859375,1407.5,341994,-0.0004260887695050064,-0.002339132913176556,0.003340234811918036,0.35,0.4,0,1405.8571273985583,1408.1480049005022,52.63161517704719,-1.09690137636062,-2.2744808475416827,1402.1945046925314,0.003340234811918036,0,RELIANCE,5m,2026-03-09 04:35:00
1407.5999755859375,1408.199951171875,1401.199951171875,1401.5999755859375,221860,-0.004191846830595036,-0.002490925956027068,0.003349773249283899,0.35,0.4,0,1405.4516843687848,1407.891219437186,48.780472244020395,-1.3219503266232095,-2.083974743357988,1402.245989262376,0.003349773249283899,0,RELIANCE,5m,2026-03-09 04:40:00
1402.0,1403.199951171875,1399.4000244140625,1401.0,268565,-0.0004280647805281479,-0.004405877904353206,0.0033285408904538093,0.35,0.45,0,1405.0277144289005,1407.6209755376885,46.996456523942726,-1.5310670685662444,-1.9733932083996393,1402.2035051049045,0.0033285408904538093,0,RELIANCE,5m,2026-03-09 04:45:00
1400.5,1402.4000244140625,1397.699951171875,1397.699951171875,198534,-0.0023554952377765614,-0.006186058796331495,0.0033623294066230007,0.35,0.5,0,1404.3298322139456,1407.2319157586371,40.852579724725295,-1.9407086724054352,-1.9668563012007987,1402.117896421701,0.0033623294066230007,0,RELIANCE,5m,2026-03-09 04:50:00
1397.5999755859375,1399.800048828125,1396.300048828125,1398.5999755859375,354020,0.0006439324930274104,-0.004555177518905662,0.0033645888325635415,0.35,0.5,0,1403.7841315827068,1406.8934083008842,57.0405568002051,-2.167739791414988,-2.007032999243637,1401.9259590789559,0.0033645888325635415,0,RELIANCE,5m,2026-03-09 04:55:00
1398.5999755859375,1401.699951171875,1397.5999755859375,1401.0,245600,0.0017160192020289067,-0.0032017075773745907,0.0033905481363089057,0.4,0.45,0,1403.5189761938775,1406.662294249869,54.99996948260814,-2.129454648874571,-2.031517329169824,1401.8654417176358,0.0033905481363089057,0,RELIANCE,5m,2026-03-09 05:00:00
1400.9000244140625,1403.5999755859375,1399.800048828125,1402.5,220568,0.0010706638115631772,-0.0015661360065113428,0.0033998160143665955,0.4,0.45,0,1403.4219308420797,1406.499067024384,50.81963385796571,-1.9555337577232876,-2.0163206148805166,1401.8683677685715,0.0033998160143665955,0,RELIANCE,5m,2026-03-09 05:05:00
1402.5,1403.300048828125,1400.4000244140625,1401.800048828125,80724,-0.0004990739193404536,-0.000855275247238052,0.003391002661483092,0.4,0.4,0,1403.2674658883698,1406.3147918010013,51.52367684254663,-1.85282222699675,-1.9836209373037634,1401.8680014659833,0.003391002661483092,0,RELIANCE,5m,2026-03-09 05:10:00
1401.800048828125,1402.300048828125,1398.9000244140625,1399.4000244140625,125960,-0.0017121018194206084,-0.003560239186186309,0.003401588247972479,0.4,0.45,0,1402.8991381289118,1406.043624452494,44.10120835562139,-1.94269038578841,-1.975434827000693,1401.8411955132271,0.003401588247972479,0,RELIANCE,5m,2026-03-09 05:15:00
1399.0999755859375,1402.5,1397.199951171875,1400.800048828125,341377,0.001000446183819781,-0.0051136016845703125,0.003353027563255165,0.4,0.5,0,1402.69922486217,1405.837994035852,50.14677033664103,-1.8792781308902704,-1.9562034877786085,1401.7713044087093,0.003353027563255165,0,RELIANCE,5m,2026-03-09 05:20:00
1400.699951171875,1402.5,1399.0999755859375,1399.9000244140625,118915,-0.0006425074119718044,0.0051698668016244564,0.0022460445960916825,0.4,0.45,0,1402.4326343433027,1405.6051324820564,44.236853713816345,-1.8799767091618378,-1.9409581320552545,1401.7530859135695,0.0022460445960916825,0,RELIANCE,5m,2026-03-09 05:25:00
1400.0,1400.0,1397.5,1398.5,109468,-0.00100008885609415,0.0010737294201861314,0.00215954394348098,0.35,0.5,0,1402.0580977391785,1405.3264998357013,39.87542020961044,-1.9707826515600573,-1.9469230359562153,1401.7128997432278,0.00215954394348098,0,RELIANCE,5m,2026-03-09 05:30:00
1398.800048828125,1402.5,1398.5,1399.9000244140625,307507,0.0010010900350823082,-0.0014266352558456319,0.0020166978623785336,0.4,0.5,0,1401.8525669463102,1405.11369687799,28.252997286332743,-1.9077849876268829,-1.9390954262903488,1401.6630460362956,0.0020166978623785336,0,RELIANCE,5m,2026-03-09 05:35:00
1399.699951171875,1400.699951171875,1393.699951171875,1396.0,263776,-0.0027859306707954667,-0.0033554303817480147,0.0021007350719554766,0.35,0.55,0,1401.29517961809,1404.7562970004217,27.83901128137255,-2.1477997627312106,-1.9808362935785213,1401.5201795392297,0.0021007350719554766,0,RELIANCE,5m,2026-03-09 05:40:00
1396.0,1396.0,1391.0999755859375,1393.9000244140625,249381,-0.001504280505685851,-0.006910766130375334,0.0020519517433927187,0.3,0.55,0,1400.5908791224686,1404.3305608205644,26.389071381039372,-2.4788885960902007,-2.0804467540808576,1401.3079463556876,0.0020519517433927187,0,RELIANCE,5m,2026-03-09 05:45:00
1393.5,1396.0,1393.0999755859375,1393.5,130126,-0.00028698214151379187,-0.005140252318743377,0.0020115621780880124,0.3,0.5,0,1399.915557301281,1403.9058329452482,32.61820563195809,-2.741950015984912,-2.2127474064616686,1401.2091107398849,0.0020115621780880124,0,RELIANCE,5m,2026-03-09 05:50:00
1393.5999755859375,1398.0,1393.0,1397.0,277317,0.0025116612845352826,-0.004702177045266986,0.0020406274216114907,0.35,0.55,0,1399.6378851773495,1403.6350159670033,42.36646911923665,-2.637602695207761,-2.297718464210887,1401.059189825622,0.0020406274216114907,0,RELIANCE,5m,2026-03-09 05:55:00
1396.9000244140625,1400.300048828125,1395.699951171875,1399.0999755859375,386893,0.0015032037121958108,-0.0041993056327847,0.0020597305819616135,0.35,0.55,0,1399.5866556924532,1403.457171246177,52.80003515607834,-2.3582715259747147,-2.309829076563653,1400.9552512556622,0.0020597305819616135,0,RELIANCE,5m,2026-03-09 06:00:00
1399.4000244140625,1403.0,1399.4000244140625,1401.9000244140625,287074,0.0020013214759384557,-0.00687160055230851,0.0017926619652650075,0.35,0.55,0,1399.8069765230825,1403.3961066645254,56.133886352704145,-1.8891817116427774,-2.225699603579478,1400.9685641206013,0.0017926619652650075,0,RELIANCE,5m,2026-03-09 06:05:00
1402.0999755859375,1406.0,1401.199951171875,1402.699951171875,605390,0.0005706018573947702,-0.003834972308564555,0.0017300026560002845,0.4,0.55,0,1400.0824979182057,1403.3688064491275,53.35958081232088,-1.4363202443876162,-2.0678237317411057,1401.0978739150896,0.0017300026560002845,0,RELIANCE,5m,2026-03-09 06:10:00
1402.699951171875,1404.5999755859375,1401.0999755859375,1402.699951171875,143241,0.0,-0.0034103366452042927,0.0017295745632405978,0.4,0.55,0,1400.3317791804598,1403.3425768304119,50.42006462532698,-1.0651459296507255,-1.8672881713230298,1401.1199218130107,0.0017295745632405978,0,RELIANCE,5m,2026-03-09 06:15:00
1402.800048828125,1402.9000244140625,1401.0,1401.5999755859375,121514,-0.0007841845185910801,0.0,0.0014591673019966817,0.4,0.55,0,1400.4525597905053,1403.274239526707,49.586626783759655,-0.8499487676419903,-1.663820290586822,1401.1276760058345,0.0014591673019966817,0,RELIANCE,5m,2026-03-09 06:20:00
1401.699951171875,1405.300048828125,1401.199951171875,1404.0,104599,0.0017123462156591884,0.0021413276231263545,0.0015038495715031157,0.45,0.5,0,1400.7904112390288,1403.3027007217381,59.504053024762044,-0.4802060376796362,-1.4270974400053849,1401.1496661084884,0.0015038495715031157,0,RELIANCE,5m,2026-03-09 06:25:00
1404.0999755859375,1404.0999755859375,1400.0,1401.0,148043,-0.002136752136752129,0.002361056695579178,0.0014856755340424673,0.45,0.5,0,1400.8103720734068,1403.2123987326504,50.387501537704516,-0.42436536847662865,-1.2265510256996337,1401.1567925513937,0.0014856755340424673,0,RELIANCE,5m,2026-03-09 06:30:00
1400.9000244140625,1400.9000244140625,1397.0,1397.0999755859375,192150,-0.002783743336233102,-0.0010725010912226995,0.001614084548848886,0.45,0.5,0,1400.4570009793622,1402.972695864152,45.138812359598184,-0.6868925425194448,-1.118619329063596,1401.1101214313035,0.001614084548848886,0,RELIANCE,5m,2026-03-09 06:35:00
1397.199951171875,1399.5999755859375,1395.699951171875,1398.9000244140625,127832,0.0012884180513781374,-0.0014989119100196069,0.0015921095184362425,0.4,0.55,0,1400.3087174969526,1402.8129832582663,50.68497159364066,-0.7411547519327542,-1.0431264136374276,1401.0770170636135,0.0015921095184362425,0,RELIANCE,5m,2026-03-09 06:40:00
1398.9000244140625,1400.0999755859375,1398.4000244140625,1399.5999755859375,179547,0.000500358252669475,-0.0020677535929144453,0.0015755541320408926,0.4,0.55,0,1400.241218267332,1402.6869829573907,49.47359854714912,-0.7193851102474582,-0.9783781529594338,1401.0512801150853,0.0015755541320408926,0,RELIANCE,5m,2026-03-09 06:45:00
1399.5999755859375,1401.5,1399.0,1401.300048828125,196379,0.0012146851042031948,-0.0003566842506661505,0.001599263832843753,0.45,0.55,0,1400.3420592731218,1402.632593383694,60.0761197493618,-0.5585126239634519,-0.8944050471602374,1401.043973306609,0.001599263832843753,0,RELIANCE,5m,2026-03-09 06:50:00
1401.300048828125,1401.5,1398.9000244140625,1399.5999755859375,229375,-0.0012132114343457179,0.00014288349891855567,0.0015751354356239066,0.45,0.55,0,1400.271384636247,1402.5136671955468,61.003704506678474,-0.5617264887989677,-0.8278693354879835,1401.0245956727817,0.0015751354356239066,0,RELIANCE,5m,2026-03-09 06:55:00
1399.5999755859375,1399.9000244140625,1397.0999755859375,1397.9000244140625,187372,-0.001214597886201929,-0.0020702629304507614,0.0015795716488494823,0.4,0.55,0,1400.0455408055627,1402.3327400276455,58.08825839343336,-0.6934516730925679,-0.8009858030089003,1400.9839012237421,0.0015795716488494823,0,RELIANCE,5m,2026-03-09 07:00:00
1397.9000244140625,1399.0,1397.0,1398.9000244140625,76907,0.0007153587399206796,-0.0007143367258805045,0.0015843110591072808,0.4,0.6,0,1399.936444006372,1402.1981237290738,53.84619186233277,-0.7089805021194024,-0.7825847428310008,1400.967547883044,0.0015843110591072808,0,RELIANCE,5m,2026-03-09 07:05:00
1398.9000244140625,1399.9000244140625,1397.5999755859375,1399.800048828125,95538,0.0006433800831759928,0.0009296023082767668,0.0015741834743750339,0.45,0.55,0,1399.9234539893962,1402.1040815760955,51.48950979933822,-0.6412705943705532,-0.7543219131389113,1400.953518304855,0.0015741834743750339,0,RELIANCE,5m,2026-03-09 07:10:00
1399.699951171875,1401.0999755859375,1399.199951171875,1400.5999755859375,182823,0.0005714578724884678,0.0005000008283935209,0.0015633820479509525,0.45,0.55,0,1399.9878846176382,1402.0450970274617,46.97663063226744,-0.5171017732104701,-0.7068778851532231,1400.9442561538513,0.0015633820479509525,0,RELIANCE,5m,2026-03-09 07:15:00
1400.699951171875,1404.199951171875,1400.199951171875,1403.800048828125,187805,0.002284787446785952,0.005587427527310229,0.0014929145928096823,0.5,0.5,0,1400.3509478757799,1402.1139186667035,52.301445426221974,-0.1586491131160983,-0.5972321307457982,1400.9699279899849,0.0014929145928096823,0,RELIANCE,5m,2026-03-09 07:20:00
1403.800048828125,1407.0,1402.699951171875,1407.0,412533,0.002279492136039174,0.00939807400566206,0.001494690357804921,0.55,0.45,0,1400.9841909352294,1402.3055296993819,57.93364083530026,0.3792645928408547,-0.4019327860284676,1401.1103884424392,0.001494690357804921,0,RELIANCE,5m,2026-03-09 07:25:00
1407.0,1407.699951171875,1404.300048828125,1406.699951171875,564297,-0.0002132543199182546,0.009472516090330174,0.0014928177860870006,0.6,0.45,0,1401.5285490530052,1402.477859953205,59.69570807283326,0.772449332383303,-0.16705636234611349,1401.3159252676473,0.0014928177860870006,0,RELIANCE,5m,2026-03-09 07:30:00
1406.4000244140625,1407.9000244140625,1405.5,1405.699951171875,297805,-0.0007108836530256291,0.006227595684949794,0.0014338942261932718,0.6,0.4,0,1401.9258254452786,1402.6042164715843,53.4135364885137,0.9919251330800307,0.06473993673911535,1401.420650279864,0.0014338942261932718,0,RELIANCE,5m,2026-03-09 07:35:00
1405.699951171875,1406.4000244140625,1403.4000244140625,1403.699951171875,127987,-0.0014227787361966726,0.003287810496895416,0.0014550120422889246,0.55,0.45,0,1402.0947898001928,1402.6471864598311,55.6483987946269,0.9930309583203325,0.2503981410553588,1401.4478482183902,0.0014550120422889246,0,RELIANCE,5m,2026-03-09 07:40:00
1403.699951171875,1404.800048828125,1402.300048828125,1402.800048828125,606692,-0.0006410930932915226,0.0006420032801117692,0.0013983726028599479,0.5,0.5,0,1402.1619573266626,1402.6531810625095,63.63652292758144,0.9107936719460668,0.3824772472335004,1401.522279383933,0.0013983726028599479,0,RELIANCE,5m,2026-03-09 07:45:00
1402.800048828125,1406.9000244140625,1402.5,1404.9000244140625,220598,0.0014969885321090004,0.0015684560624311672,0.0014320536233965848,0.5,0.5,0,1402.4227256207007,1402.7412925664921,64.15097598894455,1.0035027544693094,0.5066823486806622,1401.5690028563884,0.0014320536233965848,0,RELIANCE,5m,2026-03-09 07:50:00
1404.9000244140625,1407.699951171875,1404.199951171875,1405.0999755859375,293268,0.0001423241286926391,0.0017110034202663105,0.001431992240534913,0.55,0.45,0,1402.6777018078662,1402.8337899398036,63.28505549199759,1.0806526675419263,0.6214764124529151,1401.6459795464689,0.001431992240534913,0,RELIANCE,5m,2026-03-09 07:55:00
1405.699951171875,1409.5,1405.300048828125,1407.699951171875,352996,0.0018503847634423476,0.004352151606871635,0.0014684008793710963,0.6,0.4,0,1403.1560112711052,1403.0246197920417,64.81468922722186,1.3361880858642508,0.7644187471351822,1401.7754217286774,0.0014684008793710963,0,RELIANCE,5m,2026-03-09 08:00:00
1407.5999755859375,1408.300048828125,1406.5,1407.300048828125,160685,-0.0002840820896647944,0.0023504621282941507,0.0014288067023013938,0.55,0.4,0,1403.550681514631,1403.1922836758097,68.9659941669924,1.4892656416193404,0.9093881260320138,1401.83113885821,0.0014288067023013938,0,RELIANCE,5m,2026-03-09 08:05:00
1407.0,1408.0,1405.5,1406.0,266422,-0.0009237893718596624,0.0035688793718773315,0.0013517096236741598,0.55,0.4,0,1403.783949941809,1403.302390198327,70.35192216858158,1.488518912499103,1.0252142833254316,1401.9070256950204,0.0013517096236741598,0,RELIANCE,5m,2026-03-09 08:10:00
1405.800048828125,1407.0,1403.300048828125,1405.5999755859375,218552,-0.0002845123855351739,0.0060840313138186275,0.0011661880509584825,0.55,0.4,0,1403.9569047650593,1403.3924915860764,67.35756211101554,1.439059910357173,1.10798340873178,1401.9516703486797,0.0011661880509584825,0,RELIANCE,5m,2026-03-09 08:15:00
1405.5999755859375,1407.800048828125,1404.800048828125,1406.800048828125,155146,0.0008537800676093887,0.005647311656436171,0.0011508259246130546,0.6,0.35,0,1404.2276803901132,1403.526121281843,67.85727631693676,1.4796427751741703,1.182315282020258,1401.9934531937483,0.0011508259246130546,0,RELIANCE,5m,2026-03-09 08:20:00
1407.0,1408.699951171875,1406.5,1407.800048828125,118877,0.000710833071716932,0.00585886923780099,0.0011538837726736118,0.6,0.35,0,1404.567905955638,1403.693726283658,68.18207039414061,1.5743485208263337,1.2607219297814733,1402.033397389055,0.0011538837726736118,0,RELIANCE,5m,2026-03-09 08:25:00
1407.800048828125,1408.4000244140625,1405.800048828125,1408.300048828125,125656,0.0003551640734891226,0.0049953612760194055,0.0011335673298581018,0.55,0.4,0,1404.9233481339702,1403.874366383441,63.15800745277766,1.6704929253021419,1.342676128885607,1402.0737814956685,0.0011335673298581018,0,RELIANCE,5m,2026-03-09 08:30:00
1408.199951171875,1409.0999755859375,1407.300048828125,1408.4000244140625,110134,7.099025951240456e-05,0.0062875457142250735,0.0010815112981073477,0.6,0.35,0,1405.2544601606455,1404.0518431689554,55.000130790760934,1.7347580419288988,1.4210925114942654,1402.1136214817413,0.0010815112981073477,0,RELIANCE,5m,2026-03-09 08:35:00
1408.4000244140625,1410.199951171875,1407.300048828125,1408.699951171875,147427,0.00021295566075929528,0.007725821996704907,0.0010207163961062815,0.65,0.3,0,1405.582602161715,1404.2341219141679,57.142981706572726,1.7892646633629283,1.494726941867998,1402.1701405132178,0.0010207163961062815,0,RELIANCE,5m,2026-03-09 08:40:00
1408.699951171875,1409.5,1407.300048828125,1409.0,146447,0.00021299697488830205,0.007219940960518478,0.0010183470603764495,0.65,0.25,0,1405.908068622504,1404.4210190940044,62.406380791541224,1.835514319853928,1.5628844174651841,1402.224215309988,0.0010183470603764495,0,RELIANCE,5m,2026-03-09 08:45:00
1408.9000244140625,1410.9000244140625,1408.0999755859375,1409.9000244140625,186775,0.0006387682143806916,0.00721529878098881,0.001018280096035706,0.65,0.25,0,1406.2882548883667,1404.6358820477321,75.41049219039233,1.9226290829576556,1.6348333505636785,1402.3028409527255,0.001018280096035706,0,RELIANCE,5m,2026-03-09 08:50:00
1409.9000244140625,1412.199951171875,1409.800048828125,1411.4000244140625,165150,0.0010639052230836388,0.007711016004842364,0.0010295530343332232,0.65,0.25,0,1406.77509008129,1404.9011425326864,83.59384685810198,2.088629206951282,1.7255925218411994,1402.3849301943371,0.0010295530343332232,0,RELIANCE,5m,2026-03-09 08:55:00
1411.300048828125,1413.5999755859375,1410.0,1412.0,296415,0.00042509251492073297,0.005841252946757081,0.0009278666896820961,0.65,0.25,0,1407.2727005497386,1405.1795291000321,81.41602480311984,2.242745542212333,1.8290231259154262,1402.5405352397472,0.0009278666896820961,0,RELIANCE,5m,2026-03-09 09:00:00
1412.0999755859375,1413.4000244140625,1411.0999755859375,1412.699951171875,187524,0.0004957161273901889,0.0040511380041754474,0.0008042282788006959,0.6,0.25,0,1407.7895815613706,1405.4744476126534,82.2034862670046,2.393770165689375,1.941972533870216,1402.6418469735352,0.0008042282788006959,0,RELIANCE,5m,2026-03-09 09:05:00
1412.800048828125,1415.0,1411.5999755859375,1414.5,139157,0.0012741904794657533,0.005544927204715666,0.0008320550676699152,0.6,0.25,0,1408.4286690317163,1405.8283908435299,80.90931285511364,2.628408507515587,2.0792597285992906,1402.7255302256494,0.0008320550676699152,0,RELIANCE,5m,2026-03-09 09:10:00
1414.5,1420.0,1413.5999755859375,1418.0999755859375,455662,0.0025450516690967984,0.008821245532323774,0.0009401309653996317,0.6,0.25,0,1409.349745846404,1406.3096294608793,88.02771497588694,3.0694661325248944,2.2773010093844115,1403.076334380742,0.0009401309653996317,0,RELIANCE,5m,2026-03-09 09:15:00
1418.5,1420.5999755859375,1416.699951171875,1420.5999755859375,274662,0.001762922250222232,0.012039627414643483,0.0008756377769568141,0.65,0.2,0,1410.4211962977881,1406.870035191274,97.4024429877058,3.5794746292413038,2.53773573335579,1403.3094026402403,0.0008756377769568141,0,RELIANCE,5m,2026-03-09 09:20:00
1427.0999755859375,1429.0,1425.199951171875,1425.5999755859375,551116,-0.000981096295769146,0.014589709171015652,0.0012263865551228779,0.7,0.2,0,1414.1045026592412,1408.8672658154776,93.20375692572073,5.114356651477237,3.579908332253769,1404.845631996211,0.0012263865551228779,0,RELIANCE,5m,2026-03-09 09:35:00
1425.800048828125,1426.9000244140625,1424.0999755859375,1425.0,475301,-0.00042085830261806567,0.01228958544306491,0.001221859986975239,0.65,0.25,0,1415.142169072647,1409.499922058008,90.33814146036539,5.334927522552562,3.930912170313528,1405.3081755953738,0.001221859986975239,0,RELIANCE,5m,2026-03-09 09:40:00
1424.5999755859375,1425.0,1421.5999755859375,1422.300048828125,420508,-0.0018947025767543924,0.010658707794752642,0.0013321053328106626,0.65,0.3,0,1415.823871906502,1410.0018878136989,79.82847233500809,5.2315618434727185,4.191042104945366,1405.6539793191416,0.0013321053328106626,0,RELIANCE,5m,2026-03-09 09:45:00
1422.199951171875,1422.699951171875,1420.0,1420.4000244140625,311995,-0.001335881564250796,0.01024183813233459,0.0013587147896687332,0.65,0.3,0,1416.2596959548412,1410.4096578764584,73.49409994068074,4.9393894995566825,4.34071158386763,1405.8742326332099,0.0013587147896687332,0,RELIANCE,5m,2026-03-09 09:50:00
1420.300048828125,1421.4000244140625,1418.5999755859375,1418.5999755859375,331784,-0.0012672830168863891,0.009248719568724306,0.0014059305496675453,0.65,0.3,0,1416.4825797292312,1410.7308468062417,68.18175512902913,4.510596565759897,4.374688580246083,1406.079136384953,0.0014059305496675453,0,RELIANCE,5m,2026-03-09 09:55:00
1402.300048828125,1409.699951171875,1401.9000244140625,1409.699951171875,361517,0.005707355553028037,0.001349554111275575,0.003363663174023387,0.6,0.35,0,1414.5628285170121,1410.3501551004083,48.26168466932442,2.021922785877905,3.6482004134017987,1407.0999755859375,0.003363663174023387,0,RELIANCE,5m,2026-03-10 03:50:00
1409.300048828125,1410.800048828125,1404.4000244140625,1408.9000244140625,376533,-0.0005674446942751654,0.00042602823626736175,0.00336591313269004,0.65,0.3,0,1414.0235138405408,1410.2932872303554,46.843200481320245,1.3449770911088308,3.187555748943205,1407.5761658842016,0.00336591313269004,0,RELIANCE,5m,2026-03-10 03:55:00
1408.800048828125,1409.9000244140625,1403.699951171875,1405.0,311551,-0.0027681342511755025,-0.002414104199889522,0.003423326885896978,0.6,0.35,0,1413.164131570013,1410.0857073389689,42.63867688041789,0.4881660995999937,2.6476778190745627,1407.1676788564669,0.003423326885896978,0,RELIANCE,5m,2026-03-10 04:00:00
1404.9000244140625,1408.5999755859375,1402.5999755859375,1406.300048828125,276453,0.0009253016570285322,-0.0017036291807588366,0.003430619360585178,0.55,0.4,0,1412.510409404119,1409.9372501424652,42.0849966772398,-0.08498011087249324,2.1011462330851516,1406.8894972568437,0.003430619360585178,0,RELIANCE,5m,2026-03-10 04:05:00
1406.4000244140625,1410.9000244140625,1403.9000244140625,1410.9000244140625,323960,0.0032709773350081406,0.001348491422329623,0.003511539257959887,0.6,0.4,0,1412.357039405066,1409.9750059962535,43.18187072580906,-0.166108233465593,1.6476953397750027,1407.2187936817138,0.003511539257959887,0,RELIANCE,5m,2026-03-10 04:10:00
1410.5999755859375,1410.699951171875,1407.300048828125,1410.5999755859375,152343,-0.00021266484012549824,0.0004964544717742658,0.0035094831085986248,0.55,0.4,0,1412.1896999937203,1409.9995146076137,40.1185961458665,-0.25171270060741335,1.2678137316985194,1407.4144278842477,0.0035094831085986248,0,RELIANCE,5m,2026-03-10 04:15:00
1410.5,1412.0,1410.0999755859375,1411.199951171875,172761,0.00042533361429297756,-0.00014175516418213352,0.0035024862178077514,0.55,0.4,0,1412.0954382011635,1410.0465905513104,40.58813955269608,-0.2680519064631426,0.960640604066187,1407.7367979433993,0.0035024862178077514,0,RELIANCE,5m,2026-03-10 04:20:00
1411.199951171875,1411.5999755859375,1409.800048828125,1411.5,157179,0.00021261964179908333,-0.0003541076487252326,0.0035014471044711535,0.5,0.45,0,1412.0387298010526,1410.1035870002786,32.81600173225789,-0.2538630369388102,0.7177398758651876,1407.9748833579454,0.0035014471044711535,0,RELIANCE,5m,2026-03-10 04:25:00
1411.4000244140625,1415.0,1411.199951171875,1414.199951171875,170284,0.001912824067924257,0.001061796596478759,0.0035265076955632198,0.55,0.45,0,1412.2445604077977,1410.264228732498,37.71549739679934,-0.024472654946293915,0.5692973697028914,1408.381017728829,0.0035265076955632198,0,RELIANCE,5m,2026-03-10 04:30:00
1414.199951171875,1414.9000244140625,1412.699951171875,1413.199951171875,85089,-0.0007071135868527145,-0.0009190871884942053,0.0035183938788074473,0.5,0.45,0,1412.3355500043767,1410.3793551026695,37.39312337957046,0.0757559651901829,0.47058908880034966,1408.567004864867,0.0035183938788074473,0,RELIANCE,5m,2026-03-10 04:35:00
1413.300048828125,1414.5,1412.5999755859375,1413.300048828125,104452,7.083049795397756e-05,-0.0033847590723138365,0.003465819299031984,0.45,0.5,0,1412.42740703521,1410.4938921115108,39.819049512825615,0.161404344255061,0.408752139891292,1408.7723641227822,0.003465819299031984,0,RELIANCE,5m,2026-03-10 04:40:00
1413.0999755859375,1417.699951171875,1412.699951171875,1416.9000244140625,173435,0.002547212524985465,-0.0026044989690704456,0.003493096286627284,0.45,0.5,0,1412.8533705951008,1410.7451129861206,46.187376001957375,0.513845949018787,0.429770901716791,1409.2274482299483,0.003493096286627284,0,RELIANCE,5m,2026-03-10 04:45:00
1416.699951171875,1416.9000244140625,1414.300048828125,1415.4000244140625,113470,-0.0010586491454259717,-0.0038006927283796843,0.0034985925118945845,0.4,0.5,0,1413.0959090540496,1410.9276585323144,46.49128912398676,0.664461497491402,0.47670902087171324,1409.4849241293787,0.0034985925118945845,0,RELIANCE,5m,2026-03-10 04:50:00
1415.300048828125,1415.800048828125,1413.199951171875,1414.300048828125,85856,-0.0007771482033094301,-0.008899755551419086,0.0033317141293437384,0.35,0.5,0,1413.210589032533,1411.05990913215,71.14106880985737,0.6871455813482044,0.5187963329670116,1409.6332205931471,0.0033317141293437384,0,RELIANCE,5m,2026-03-10 04:55:00
1414.0,1416.800048828125,1414.0,1416.5999755859375,87247,0.00162619435650746,-0.006313131421246676,0.003360379056639916,0.35,0.5,0,1413.533387751905,1411.2771666401418,64.3154178506486,0.8805572336386831,0.5911485131013459,1409.8154733099743,0.003360379056639916,0,RELIANCE,5m,2026-03-10 05:00:00
1416.5999755859375,1418.0,1415.199951171875,1416.5,111927,-7.057432419910192e-05,-0.0059649122807017285,0.003360690370790111,0.4,0.45,0,1413.8159222517236,1411.481983634646,66.23924712952481,1.0140804787642992,0.6757349062339366,1410.062087193824,0.003360690370790111,0,RELIANCE,5m,2026-03-10 05:05:00
1416.5,1421.0,1416.199951171875,1420.0,141147,0.0024708789269325404,-0.001617133339775978,0.0033928514594442406,0.45,0.4,0,1414.4048820372736,1411.8160234921108,82.6086956521739,1.386338514361114,0.8178556278593722,1410.458619546067,0.0033928514594442406,0,RELIANCE,5m,2026-03-10 05:10:00
1420.0,1420.5,1418.5999755859375,1418.5999755859375,102032,-0.0009859326859594786,-0.0012672830168863891,0.003386906141845644,0.45,0.35,0,1414.804414756194,1412.0820608291235,76.62324622823473,1.5505120817058469,0.9643869186286672,1410.7293289651907,0.003386906141845644,0,RELIANCE,5m,2026-03-10 05:15:00
1418.199951171875,1418.300048828125,1415.0,1415.0999755859375,91751,-0.0024672212464647014,-0.0024672212464647014,0.0034199237412752457,0.45,0.35,0,1414.832563406646,1412.2004104274301,59.54534357244318,1.3822661634521864,1.0479627675933711,1410.8752028833471,0.0034199237412752457,0,RELIANCE,5m,2026-03-10 05:20:00
1415.0999755859375,1416.800048828125,1412.5,1416.0,105818,0.0006360147195181298,0.010201932885971488,0.0019972113493086376,0.4,0.35,0,1414.9437478441082,1412.34941394008,61.946969574211806,1.3064940592360017,1.0996690259218973,1411.002759567268,0.0019972113493086376,0,RELIANCE,5m,2026-03-10 05:25:00
1416.4000244140625,1417.0,1414.4000244140625,1416.5,65161,0.0003531073446327859,0.0048237561634816295,0.0015788390347779753,0.45,0.35,0,1415.0919623351456,1412.5121820208612,61.77788628472222,1.272125669217985,1.1341603545811147,1411.093363702093,0.0015788390347779753,0,RELIANCE,5m,2026-03-10 05:30:00
1416.4000244140625,1418.5999755859375,1415.0,1418.5999755859375,105032,0.0014825101206759062,0.006884768971388899,0.0015900381615705024,0.45,0.35,0,1415.426058835221,1412.7509190234132,64.60904729610931,1.3982211292591273,1.1869725095167172,1411.2736078584535,0.0015900381615705024,0,RELIANCE,5m,2026-03-10 05:35:00
1418.4000244140625,1418.5,1414.699951171875,1415.0,154648,-0.0025376960721084085,0.007117437722419906,0.0015669648269268568,0.45,0.35,0,1415.3854818032953,1412.8391182773971,51.58740154428932,1.1939021850653262,1.188358444626439,1411.4671595448274,0.0015669648269268568,0,RELIANCE,5m,2026-03-10 05:40:00
1415.0,1418.300048828125,1414.699951171875,1415.0,161793,0.0,0.006186411768331235,0.0015629210744088312,0.45,0.3,0,1415.3487692506005,1412.9238587371071,53.71911665304723,1.0202175172773877,1.1547302591566289,1411.650898255544,0.0015629210744088312,0,RELIANCE,5m,2026-03-10 05:45:00
1415.0,1417.5,1415.0,1417.199951171875,241533,0.0015547358105123532,0.004465182967467118,0.001433526592565344,0.4,0.3,0,1415.525072290722,1413.09154863651,57.41431807211022,1.0480080560287206,1.1333858185310473,1411.9313906283833,0.001433526592565344,0,RELIANCE,5m,2026-03-10 05:50:00
1417.199951171875,1417.199951171875,1415.0999755859375,1416.199951171875,165663,-0.0007056167333149288,0.003969924629845023,0.0014456122135229974,0.4,0.3,0,1415.5893464698795,1413.2134467751519,48.52304158146578,0.9780660786286717,1.1023218705505722,1412.0908996109392,0.0014456122135229974,0,RELIANCE,5m,2026-03-10 05:55:00
1416.199951171875,1418.4000244140625,1416.199951171875,1416.800048828125,124427,0.00042373794445715873,0.003968323306417165,0.0014455991153880315,0.4,0.3,0,1415.704651456379,1413.354097836053,53.07023884097078,0.95999321901445,1.0738561402433477,1412.229614471219,0.0014455991153880315,0,RELIANCE,5m,2026-03-10 06:00:00
1416.9000244140625,1417.800048828125,1416.5999755859375,1417.5,67218,0.0004940366655505901,0.004250797024442088,0.0014471071054114747,0.4,0.25,0,1415.875637031962,1413.5166822346391,57.14277929155313,0.990730038224001,1.0572309198394785,1412.3038630402596,0.0014471071054114747,0,RELIANCE,5m,2026-03-10 06:05:00
1417.5,1418.5,1416.5999755859375,1416.5999755859375,80255,-0.0006349378582451992,0.00169708987196171,0.0014010117706318088,0.4,0.25,0,1415.9446216561503,1413.637595699396,50.0,0.931724401574229,1.0321296161864286,1412.388567112092,0.0014010117706318088,0,RELIANCE,5m,2026-03-10 06:10:00
1416.5999755859375,1416.699951171875,1411.5999755859375,1411.9000244140625,122806,-0.003317768779383834,-0.0009198463081848685,0.0015879184043287374,0.4,0.3,0,1415.5594219188088,1413.5694556489907,41.015664115585444,0.49995209246458217,0.9256941114420594,1412.4144797330462,0.0015879184043287374,0,RELIANCE,5m,2026-03-10 06:15:00
1411.300048828125,1412.5999755859375,1410.0,1412.5999755859375,108523,0.0004957512286789534,-0.0004953465067577545,0.0015923835463204988,0.4,0.3,0,1415.277569887107,1413.5314368229886,33.77182415393759,0.21180804527807595,0.7829168982092627,1412.3993993846193,0.0015923835463204988,0,RELIANCE,5m,2026-03-10 06:20:00
1412.9000244140625,1413.9000244140625,1411.0999755859375,1412.4000244140625,87761,-0.0001415483330955425,-0.003175947436277915,0.001472941122621403,0.4,0.3,0,1415.003517937293,1413.4870677089132,35.64816384659727,-0.03231012557625945,0.6198714934521583,1412.400582671568,0.001472941122621403,0,RELIANCE,5m,2026-03-10 06:25:00
1412.300048828125,1413.199951171875,1411.4000244140625,1411.9000244140625,55188,-0.00035400735723400967,-0.002472799166051254,0.0014586220671185155,0.4,0.3,0,1414.707947125557,1413.4248307169582,41.39791297499507,-0.263088634073938,0.44327946794693907,1412.3980237349972,0.0014586220671185155,0,RELIANCE,5m,2026-03-10 06:30:00
1411.800048828125,1414.5999755859375,1411.199951171875,1411.4000244140625,127975,-0.0003541327228232527,-0.0020505015300433804,0.00145168437022191,0.45,0.3,0,1414.3929068673194,1413.3454265482173,37.362585768614224,-0.48078588564249003,0.25846639722905324,1412.3980722252093,0.00145168437022191,0,RELIANCE,5m,2026-03-10 06:35:00
1411.4000244140625,1412.800048828125,1410.0,1410.0,65998,-0.0009919401940238215,-0.0046590256245117034,0.0014049712642007996,0.4,0.35,0,1413.9745347847174,1413.2142333502482,32.98416269349251,-0.7575502281852096,0.05526307214620066,1412.3796197128904,0.0014049712642007996,0,RELIANCE,5m,2026-03-10 06:40:00
1410.0,1411.5,1408.5,1409.5,189195,-0.00035460992907798694,-0.004941757853865192,0.0014046835337086366,0.35,0.4,0,1413.5483886147442,1413.0685771404346,23.99988839207863,-1.0056413771496864,-0.15691781771297675,1412.2908676241157,0.0014046835337086366,0,RELIANCE,5m,2026-03-10 06:45:00
1409.5,1410.0,1407.0,1408.199951171875,128535,-0.0009223475190670571,-0.008309893540933144,0.001256246056803721,0.3,0.45,0,1413.0390136201852,1412.8776506318636,27.63134647199601,-1.2922620826886941,-0.3839866707081202,1412.2008625270175,0.001256246056803721,0,RELIANCE,5m,2026-03-10 06:50:00
1408.0,1410.0,1407.800048828125,1410.0,167380,0.001278262242962791,-0.006062297852772347,0.0013033576522015016,0.3,0.45,0,1412.749583751596,1412.7648015874768,35.294117647058826,-1.3585021923893237,-0.5788897750443609,1412.115060307896,0.0013033576522015016,0,RELIANCE,5m,2026-03-10 06:55:00
1410.0,1412.5,1409.0999755859375,1412.5,346760,0.0017730496453900457,-0.0018373087631924356,0.001277431064135633,0.35,0.4,0,1412.7258138704915,1412.7544172114974,36.41636443177489,-1.195488008338316,-0.7022094217031519,1412.0723110892,0.001277431064135633,0,RELIANCE,5m,2026-03-10 07:00:00
1412.5,1414.699951171875,1409.800048828125,1409.800048828125,567303,-0.0019114698561947252,-0.0043784965903072015,0.0013271453827632647,0.4,0.35,0,1412.4471695807422,1412.6385596278358,33.158151726973685,-1.2695272680682592,-0.8156729909761735,1412.0177032248866,0.0013271453827632647,0,RELIANCE,5m,2026-03-10 07:05:00
1409.5999755859375,1410.0999755859375,1407.199951171875,1407.199951171875,296160,-0.0018443024302711164,-0.006565512762530923,0.0013676690936425097,0.35,0.4,0,1411.9474344941834,1412.4252808648569,27.14262462797619,-1.5204828855280539,-0.9566349698865496,1411.8532216176538,0.0013676690936425097,0,RELIANCE,5m,2026-03-10 07:10:00
1407.199951171875,1410.5,1405.800048828125,1410.4000244140625,216546,0.002274071456243698,-0.005780312500349605,0.0014327377780855603,0.35,0.45,0,1411.8000621056003,1412.345859043257,34.89374743523814,-1.4444965962916285,-1.0542072951675654,1411.7637889506714,0.0014327377780855603,0,RELIANCE,5m,2026-03-10 07:15:00
1410.4000244140625,1412.4000244140625,1409.800048828125,1411.9000244140625,143657,0.0010635280587314444,-0.0021907954670936647,0.0013596650911560063,0.4,0.4,0,1411.809582325454,1412.3283753323083,40.249103470632335,-1.248843559468014,-1.0931345480276553,1411.755968522725,0.0013596650911560063,0,RELIANCE,5m,2026-03-10 07:20:00
1411.9000244140625,1413.800048828125,1411.0,1411.4000244140625,100462,-0.0003541327228232527,-0.002544152357553009,0.0013604796299685187,0.45,0.4,0,1411.7705768100832,1412.2919694139457,48.74372784041418,-1.1212083476034422,-1.0987493079428128,1411.7601898508424,0.0013604796299685187,0,RELIANCE,5m,2026-03-10 07:25:00
1411.199951171875,1412.5,1409.300048828125,1409.9000244140625,218085,-0.0010627745317084436,-0.005150950472285976,0.0013153901491389651,0.45,0.45,0,1411.592428962843,1412.1981676492444,43.47844034533189,-1.1280900665403806,-1.1046174596623264,1411.725999826125,0.0013153901491389651,0,RELIANCE,5m,2026-03-10 07:30:00
1410.199951171875,1410.800048828125,1408.300048828125,1408.5,319500,-0.0009929955243772604,-0.005437050866654469,0.0013220970429623246,0.45,0.5,0,1411.2979119187628,1412.053141466921,41.095943859492664,-1.2323088586636004,-1.1301557394625812,1411.6242589030721,0.0013220970429623246,0,RELIANCE,5m,2026-03-10 07:35:00
1408.5999755859375,1409.699951171875,1407.199951171875,1408.0,273563,-0.0003549875754348397,-0.0062112143738305425,0.0013119654225704795,0.4,0.55,0,1410.9838250693567,1411.8941947427281,41.095943859492664,-1.3398043925644743,-1.1720854700829597,1411.513436251441,0.0013119654225704795,0,RELIANCE,5m,2026-03-10 07:40:00
1408.300048828125,1408.9000244140625,1407.300048828125,1408.0999755859375,225740,7.100538773974208e-05,-0.006631410521384495,0.0013016789508661804,0.4,0.55,0,1410.7091727376026,1411.7454018346189,42.325554987793105,-1.4007808536650828,-1.2178245467993842,1411.4220492258014,0.0013016789508661804,0,RELIANCE,5m,2026-03-10 07:45:00
1408.0999755859375,1409.9000244140625,1407.5999755859375,1409.199951171875,147365,0.0007811771926775624,-0.005223792560776874,0.0013226685744089264,0.4,0.55,0,1410.5654373503903,1411.6455802400017,48.11310977014142,-1.3448437795389054,-1.2432283933472885,1411.3787268595872,0.0013226685744089264,0,RELIANCE,5m,2026-03-10 07:50:00
1409.300048828125,1411.300048828125,1408.9000244140625,1411.0,119580,0.0012773551593072696,-0.0006374561927187106,0.0011518089474897195,0.45,0.5,0,1410.6068242694007,1411.6202633678447,53.3332971647443,-1.1420989428140729,-1.2230025032406455,1411.3652726244559,0.0011518089474897195,0,RELIANCE,5m,2026-03-10 07:55:00
1411.0,1413.5999755859375,1410.9000244140625,1413.4000244140625,424306,0.0017009386350548272,0.0005663661630697092,0.0012108444713240768,0.5,0.45,0,1410.8728433307972,1411.6900579186768,61.01700175345129,-0.7787829614342172,-1.1341585948793598,1411.4242503468538,0.0012108444713240768,0,RELIANCE,5m,2026-03-10 08:00:00
1413.300048828125,1415.800048828125,1412.4000244140625,1414.5,411052,0.0007782478894420297,0.001486813614867133,0.0012214468116398922,0.5,0.45,0,1411.2182868231023,1411.8002517257876,59.82526466167017,-0.39751132858145866,-0.9868291416197795,1411.5453634413614,0.0012214468116398922,0,RELIANCE,5m,2026-03-10 08:05:00
1414.5,1415.0999755859375,1413.0,1413.4000244140625,79016,-0.0007776426906592748,0.0010623981684698691,0.0012328975310539154,0.5,0.45,0,1411.4260713555748,1411.8629879096416,52.093068148913574,-0.18201153387303748,-0.8258656200704312,1411.564169890778,0.0012328975310539154,0,RELIANCE,5m,2026-03-10 08:10:00
1413.4000244140625,1413.5,1412.5999755859375,1412.9000244140625,82223,-0.0003537568921490042,0.0010627745317084436,0.0012328909888027594,0.45,0.45,0,1411.5664478373355,1411.9036560078541,58.03095372121412,-0.050984497746640045,-0.670889395605673,1411.5763468534599,0.0012328909888027594,0,RELIANCE,5m,2026-03-10 08:15:00
1412.800048828125,1414.0,1412.699951171875,1413.300048828125,70995,0.00028312294369747804,0.0023404601617906806,0.0012086970933288062,0.5,0.4,0,1411.7315526936013,1411.9584165106098,67.83644099254732,0.08416381142569662,-0.5198787541993991,1411.58911918458,0.0012086970933288062,0,RELIANCE,5m,2026-03-10 08:20:00
1413.5,1413.5999755859375,1412.300048828125,1412.4000244140625,99221,-0.0006368247243808689,0.0020574845080258974,0.0012161243319747043,0.5,0.4,0,1411.7952166669784,1411.9757344676082,56.75673446495439,0.11729328773026282,-0.3924443458134667,1411.600962464969,0.0012161243319747043,0,RELIANCE,5m,2026-03-10 08:25:00
1412.4000244140625,1412.5,1410.5999755859375,1411.0999755859375,120440,-0.0009204536998392854,0.002059383975726803,0.001216040325323114,0.5,0.4,0,1411.7290032306887,1411.9413909820526,47.26012507942879,0.03820515566576432,-0.30631444551762055,1411.5985384518817,0.001216040325323114,0,RELIANCE,5m,2026-03-10 08:30:00
1411.199951171875,1415.5,1411.0,1413.699951171875,182142,0.0018425169236204741,0.0026240788453013586,0.0012507774790545944,0.55,0.4,0,1411.9167125584208,1412.0103541267515,56.88597805667838,0.1832115928903022,-0.20840923783603602,1411.6308081664283,0.0012507774790545944,0,RELIANCE,5m,2026-03-10 08:35:00
1413.9000244140625,1414.300048828125,1413.0999755859375,1414.0,265061,0.00021224364326832834,0.001061946902654931,0.0011902090850951785,0.5,0.4,0,1412.1151208861904,1412.0883794551144,63.22562353812108,0.3186682625562298,-0.10299373775758286,1411.685918517297,0.0011902090850951785,0,RELIANCE,5m,2026-03-10 08:40:00
1414.0,1414.699951171875,1411.800048828125,1412.0999755859375,152287,-0.0013437230651078824,0.0016313850745885983,0.0011468512566694185,0.5,0.45,0,1412.1136784766427,1412.0888342053427,61.24983787660312,0.2695948366706489,-0.028476022871936513,1411.7029053135996,0.0011468512566694185,0,RELIANCE,5m,2026-03-10 08:45:00
1412.0999755859375,1412.199951171875,1410.5,1410.800048828125,114842,-0.0009205628356966367,0.0025583412316436682,0.0010819493451788475,0.5,0.45,0,1411.9885708910695,1412.0382936023145,58.33345443448186,0.12437682902395863,0.0020945475072425175,1411.6971500279806,0.0010819493451788475,0,RELIANCE,5m,2026-03-10 08:50:00
1410.800048828125,1411.5999755859375,1408.5999755859375,1410.0,198989,-0.0005670887442834616,-0.00028362479235544136,0.0009656575186973343,0.45,0.45,0,1411.799183187158,1411.958360519871,55.4286033161041,-0.05463692199145953,-0.009251746392497892,1411.6673816266068,0.0009656575186973343,0,RELIANCE,5m,2026-03-10 08:55:00
1410.0,1411.4000244140625,1408.800048828125,1409.5,279961,-0.00035460992907798694,-0.0016998543611885797,0.0009339368703521775,0.4,0.45,0,1411.5802133598095,1411.861954224974,50.88771073198215,-0.2341532577218004,-0.0542320486583584,1411.623121463351,0.0009339368703521775,0,RELIANCE,5m,2026-03-10 09:00:00
1409.199951171875,1412.800048828125,1409.0999755859375,1411.699951171875,129020,0.0015608025341433684,0.00021250301305397734,0.0010006328847073165,0.4,0.45,0,1411.5916169609584,1411.855601164068,52.022974555820554,-0.19663686593366947,-0.08271301211342062,1411.6182937881822,0.0010006328847073165,0,RELIANCE,5m,2026-03-10 09:05:00
1411.699951171875,1412.800048828125,1410.0999755859375,1411.699951171875,319919,0.0,0.0012766343192032181,0.0009683002061841315,0.4,0.4,0,1411.601934504855,1411.8494972428057,44.29506558196312,-0.16500280551940705,-0.0991709707946179,1411.6159560813942,0.0009683002061841315,0,RELIANCE,5m,2026-03-10 09:10:00
1411.699951171875,1414.0,1411.0999755859375,1413.699951171875,271823,0.00141673164920042,0.0036918361177671333,0.0009796792298590283,0.45,0.35,0,1411.8017456159998,1411.9220640635535,47.46820773521641,0.021206248144608253,-0.07509552700677267,1411.6460476266313,0.0009796792298590283,0,RELIANCE,5m,2026-03-10 09:15:00
1414.0,1415.300048828125,1411.5,1414.0,351465,0.00021224364326832834,0.0042613636363635354,0.0009714080119746123,0.5,0.3,0,1412.0111031763809,1412.003551747336,51.99990234454472,0.1907903847613852,-0.021918344653141096,1411.7021026708323,0.0009714080119746123,0,RELIANCE,5m,2026-03-10 09:20:00
1413.699951171875,1414.0999755859375,1411.300048828125,1412.5999755859375,311029,-0.0009901162758575444,0.0031957958085522264,0.0010078702706390946,0.5,0.35,0,1412.0671862630052,1412.026940917477,49.05645891872802,0.20979834042191214,0.02442499236186955,1411.7259840298088,0.0010078702706390946,0,RELIANCE,5m,2026-03-10 09:25:00
1412.699951171875,1412.699951171875,1406.5999755859375,1409.5,1133173,-0.0021945176550436374,0.00021292140116480063,0.0011242677243333942,0.45,0.4,0,1411.8226923331952,1411.9278451952232,39.7848686110309,-0.024991750636218057,0.01454164376225203,1411.5500779936672,0.0011242677243333942,0,RELIANCE,5m,2026-03-10 09:30:00
1409.5,1411.5,1406.300048828125,1407.4000244140625,966989,-0.0014898727108459964,-0.002551364695915992,0.0011305104610141862,0.4,0.45,0,1411.4014858647063,1411.750283595962,37.37376851086917,-0.37617871486577314,-0.06360242796335301,1411.342333569539,0.0011305104610141862,0,RELIANCE,5m,2026-03-10 09:35:00
1407.4000244140625,1410.4000244140625,1406.0,1408.5,994238,0.000781565700480602,-0.0034668348163456875,0.001069300813764717,0.35,0.5,0,1411.1251538775914,1411.6228214941596,43.36740095787946,-0.5592909197018798,-0.1627401263110584,1411.149139940775,0.001069300813764717,0,RELIANCE,5m,2026-03-10 09:40:00
1408.5,1410.0,1408.5,1409.5,511228,0.0007099751508696794,-0.003534817956875269,0.0010662084401763417,0.3,0.5,0,1410.9703773178207,1411.5395735924278,38.33346896701389,-0.6166091323830187,-0.25351392752545043,1411.0917247308937,0.0010662084401763417,0,RELIANCE,5m,2026-03-10 09:45:00
1409.5,1411.0,1405.699951171875,1410.800048828125,689768,0.0009223475190669461,-0.0018395185658889313,0.0010833864479397198,0.35,0.55,0,1410.9541555568974,1411.5105726212787,41.57907586348684,-0.5507820804464245,-0.31296755810964527,1411.0129574459706,0.0010833864479397198,0,RELIANCE,5m,2026-03-10 09:50:00
1410.800048828125,1412.199951171875,1409.5999755859375,1410.9000244140625,424494,7.08644616369547e-05,-0.0014155283214956071,0.0010821364129436812,0.4,0.5,0,1410.9490002099606,1411.4866295543293,46.51175994662957,-0.4849562000745209,-0.3473652865026204,1411.0101825449042,0.0010821364129436812,0,RELIANCE,5m,2026-03-10 09:55:00
1431.0999755859375,1433.5,1424.0,1424.0,920064,-0.004961201667990078,0.008212953402312317,0.0036128889479204217,0.45,0.45,0,1413.9283177960576,1412.7163380112904,66.50947198710199,1.9108908784321557,0.34923006684964225,1427.1666666666667,0.0036128889479204217,0,RELIANCE,5m,2026-03-11 03:50:00
1425.0,1425.0,1419.0,1419.5,517255,-0.003160112359550604,0.005952820182407281,0.0036903465542938584,0.45,0.45,0,1414.458954196433,1412.9823639716321,60.775884748545145,2.1000053370232763,0.6993851208843691,1425.0074173977152,0.0036903465542938584,0,RELIANCE,5m,2026-03-11 03:55:00
1419.9000244140625,1420.9000244140625,1412.199951171875,1412.800048828125,548042,-0.004719937422948184,-0.0006365582335940978,0.0038351832599068294,0.4,0.5,0,1414.3009632089752,1412.9752143581613,51.08064810107154,1.689771211530342,0.8974623390135638,1422.3277697238154,0.0038351832599068294,0,RELIANCE,5m,2026-03-11 04:00:00
1412.800048828125,1413.0,1404.0999755859375,1406.699951171875,702683,-0.004317736017428575,-0.005162693654968131,0.003952415619014757,0.4,0.55,0,1413.57705730068,1412.7291256057579,45.6140350877193,0.8624885798162722,0.8904675871741056,1418.5649061317315,0.003952415619014757,0,RELIANCE,5m,2026-03-11 04:05:00
1406.300048828125,1407.0,1401.800048828125,1401.800048828125,436461,-0.0034832604775937304,-0.007294049242893452,0.004012041692729827,0.35,0.55,0,1412.4554374461509,1412.3005343595762,40.06684328510291,-0.18637165854761406,0.6750997380297618,1416.4651555832615,0.004012041692729827,-1,RELIANCE,5m,2026-03-11 04:10:00
1401.800048828125,1407.0,1401.5,1406.199951171875,322526,0.0031387517409691146,-0.003260630491238703,0.004084134885420603,0.35,0.55,0,1411.8596768486009,1412.061295803196,43.90618860698169,-0.6550150012565155,0.4090767901725063,1415.383045030994,0.004084134885420603,0,RELIANCE,5m,2026-03-11 04:15:00
1406.0999755859375,1407.0,1397.4000244140625,1397.5999755859375,469630,-0.006115755855894189,-0.00879434355607267,0.004296509655743024,0.35,0.55,0,1410.5016100616806,1411.4941852064408,39.4662487912932,-1.7007590914165576,-0.012890386145306465,1413.6184673023522,0.004296509655743024,-1,RELIANCE,5m,2026-03-11 04:20:00
1397.800048828125,1400.4000244140625,1395.699951171875,1399.0999755859375,261876,0.0010732684789660496,-0.007378520336333794,0.004309720994387473,0.35,0.6,-1,1409.4157401116097,1411.0081377703425,42.528689264962004,-2.3810342721239977,-0.4865191633410447,1412.6646991280904,0.004309720994387473,-1,RELIANCE,5m,2026-03-11 04:25:00
1399.0999755859375,1404.9000244140625,1396.5999755859375,1404.5,338293,0.0038596415612122126,-0.005100199348946788,0.004393526980264916,0.35,0.6,0,1408.9475743866944,1410.7529166813094,48.010951196845255,-2.456107930278904,-0.8804369167286166,1411.8659546408862,0.004393526980264916,-1,RELIANCE,5m,2026-03-11 04:30:00
1404.5999755859375,1405.0,1401.800048828125,1402.5999755859375,123100,-0.0013528119715645603,-0.006446111709774827,0.004399941141767877,0.4,0.6,-1,1408.343041167575,1410.433193501099,45.99726045094898,-2.6385053885844627,-1.232050611099786,1411.6342734126847,0.004399941141767877,-1,RELIANCE,5m,2026-03-11 04:35:00
1402.5999755859375,1404.300048828125,1401.800048828125,1404.0999755859375,108540,0.0010694424826105386,-0.006790674059215851,0.0043934311615284214,0.35,0.6,-1,1407.9389396836095,1410.1848320142299,46.361161151280335,-2.6316828229992097,-1.5119770534796708,1411.4460558633875,0.0043934311615284214,0,RELIANCE,5m,2026-03-11 04:40:00
1403.699951171875,1404.800048828125,1403.0999755859375,1403.199951171875,103276,-0.0006409973860208584,-0.007637941179720609,0.004392015646738857,0.35,0.6,-1,1407.4876074443969,1409.9109151184514,44.85086871948234,-2.6681436399960603,-1.7432103707829487,1411.2811703756047,0.004392015646738857,0,RELIANCE,5m,2026-03-11 04:45:00
1403.5,1403.5999755859375,1401.0,1401.5,95706,-0.001211481778099599,-0.007857833624365762,0.00439392809848309,0.35,0.6,-1,1406.917359116359,1409.5810753098847,43.76654389444287,-2.801912252322836,-1.9549507470909262,1411.1022754068763,0.00439392809848309,0,RELIANCE,5m,2026-03-11 04:50:00
1401.5,1402.9000244140625,1400.4000244140625,1402.699951171875,100574,0.0008561906328041768,-0.004824440459826218,0.0043807460902599476,0.35,0.6,0,1406.5157012168843,1409.3112273044726,24.822575304040683,-2.7790634961065734,-2.119773296894056,1410.920926846712,0.0043807460902599476,0,RELIANCE,5m,2026-03-11 04:55:00
1402.699951171875,1404.699951171875,1402.0999755859375,1403.300048828125,78645,0.0004278161240032219,-0.0029131558297680327,0.004372760910662117,0.4,0.55,0,1406.209448608431,1409.0754948152041,29.258525368168705,-2.681620771551252,-2.2321427918254955,1410.8050416198516,0.004372760910662117,0,RELIANCE,5m,2026-03-11 05:00:00
1403.300048828125,1403.300048828125,1401.0,1401.5,162304,-0.001282725550838637,-0.004969826056088089,0.00437430494648317,0.4,0.55,0,1405.7609296933424,1408.778416587157,30.932183664285603,-2.718310614424581,-2.3293763563453127,1410.532793953703,0.00437430494648317,-1,RELIANCE,5m,2026-03-11 05:05:00
1401.5999755859375,1403.4000244140625,1401.0999755859375,1401.5999755859375,92326,7.13347027738731e-05,-0.005604841726897791,0.004369333160930972,0.45,0.55,0,1405.36464834978,1408.4969090969132,36.20679805769781,-2.7081030586587076,-2.405121696807992,1410.3869701180568,0.004369333160930972,-1,RELIANCE,5m,2026-03-11 05:10:00
1401.5999755859375,1404.300048828125,1399.5999755859375,1403.699951171875,236537,0.001498270278621927,-0.005032674660131797,0.0043795045325802535,0.45,0.55,0,1405.2061057614083,1408.308793099853,45.90162294130596,-2.501724692628841,-2.424442295972162,1410.0562952909984,0.0043795045325802535,-1,RELIANCE,5m,2026-03-11 05:15:00
1403.699951171875,1404.9000244140625,1399.199951171875,1400.199951171875,329706,-0.0024934103595843915,-0.007583863531812729,0.004407274697524784,0.45,0.6,-1,1404.7293291338335,1407.9907992987557,47.72713085816936,-2.590724836706613,-2.4576988041190524,1409.578274389484,0.004407274697524784,-1,RELIANCE,5m,2026-03-11 05:20:00
1400.199951171875,1401.5999755859375,1399.800048828125,1401.0,97826,0.000571381842611407,-0.02103275529273463,0.0027601332929730795,0.4,0.6,-1,1404.3741549306112,1407.7166503066478,41.77225458534851,-2.5671088056155895,-2.47958080441836,1409.4362247425117,0.0027601332929730795,-1,RELIANCE,5m,2026-03-11 05:25:00
1401.0,1401.5,1399.699951171875,1400.5999755859375,379382,-0.00028552777591894785,-0.016432601414369752,0.0026058966326461238,0.35,0.65,-1,1404.0147092787374,1407.4375650234826,56.410216282199755,-2.5512621954196675,-2.4939170826186214,1408.9144436873803,0.0026058966326461238,0,RELIANCE,5m,2026-03-11 05:30:00
1400.5999755859375,1401.0,1399.5,1399.800048828125,120516,-0.0005711314948994017,-0.013878091702624218,0.0025474362786230766,0.35,0.65,-1,1403.6133130453456,1407.138054584449,51.54200657134099,-2.5735843681638926,-2.509850539727676,1408.7521463553376,0.0025474362786230766,0,RELIANCE,5m,2026-03-11 05:35:00
1399.800048828125,1399.9000244140625,1398.4000244140625,1399.300048828125,95436,-0.00035719387238097866,-0.00955549230848185,0.0023649335311938385,0.35,0.65,-1,1403.202525977039,1406.8306818096912,35.393435652662916,-2.601630693041443,-2.5282065703904295,1408.6148694140784,0.0023649335311938385,0,RELIANCE,5m,2026-03-11 05:40:00
1399.300048828125,1399.5,1397.300048828125,1399.0,124551,-0.00021442779793823252,-0.005473769417181251,0.002185400972595364,0.35,0.65,0,1402.8022854077972,1406.5235962485267,38.88901447506235,-2.6178916154249237,-2.546143579397328,1408.430492036848,0.002185400972595364,0,RELIANCE,5m,2026-03-11 05:45:00
1399.300048828125,1399.300048828125,1397.0,1397.300048828125,86818,-0.001215118779038571,-0.0032101582559951325,0.0020655599772100553,0.35,0.65,0,1402.2782628763998,1406.1618885065502,29.268546844412683,-2.736406772137798,-2.584196217945422,1408.29664533602,0.0020655599772100553,0,RELIANCE,5m,2026-03-11 05:50:00
1397.5999755859375,1400.199951171875,1397.300048828125,1400.199951171875,143278,0.002075361226947736,-0.004266818523923188,0.0019884597640446124,0.4,0.6,0,1402.0803284283497,1405.9280870424452,41.84778281983919,-2.5667451635411,-2.5807060070645576,1408.11101125574,0.0019884597640446124,0,RELIANCE,5m,2026-03-11 05:55:00
1400.0999755859375,1400.4000244140625,1397.0999755859375,1397.699951171875,96337,-0.0017854592823743909,7.153376336854755e-05,0.0014833890758394668,0.45,0.6,0,1401.6631496420189,1405.605415047521,40.104014343298196,-2.6039989441158014,-2.5853645944748065,1407.979091851033,0.0014833890758394668,0,RELIANCE,5m,2026-03-11 06:00:00
1397.699951171875,1398.5999755859375,1395.5,1397.199951171875,138538,-0.00035773056984134133,-0.001358033340874587,0.0014635091813046618,0.45,0.6,0,1401.2380831210528,1405.2757890131822,35.135135135135144,-2.6433972172826543,-2.5969711190363762,1407.77063764654,0.0014635091813046618,0,RELIANCE,5m,2026-03-11 06:05:00
1397.300048828125,1397.9000244140625,1396.800048828125,1397.199951171875,103003,0.0,-0.0051976139751690464,0.0011364072121151539,0.4,0.6,0,1400.853499125893,1404.9590894899939,32.9605281104231,-2.644140625407317,-2.6064050203105644,1407.6235665198553,0.0011364072121151539,0,RELIANCE,5m,2026-03-11 06:10:00
1397.199951171875,1398.4000244140625,1396.5,1397.0,88834,-0.00014310848759135908,-0.003992567862121987,0.0011069884887250124,0.4,0.65,0,1400.4864992091414,1404.6469683335235,36.196153615721045,-2.6305409318038073,-2.611232202609213,1407.5000047843525,0.0011069884887250124,0,RELIANCE,5m,2026-03-11 06:15:00
1397.0999755859375,1397.199951171875,1392.5,1395.0999755859375,303054,-0.0013600747416339098,-0.006409799983255637,0.0010936418724187215,0.4,0.7,0,1399.9734969593126,1404.2725764610693,32.044053576486775,-2.74147712589388,-2.637281187266147,1407.0070171119721,0.0010936418724187215,0,RELIANCE,5m,2026-03-11 06:20:00
1395.0,1395.300048828125,1393.9000244140625,1395.0,90622,-7.166195089025607e-05,-0.005843751038493772,0.0010922803372193902,0.35,0.7,0,1399.4998305822353,1403.9089460116156,22.981272272348164,-2.805126303322595,-2.6708502104774365,1406.8647063773203,0.0010922803372193902,0,RELIANCE,5m,2026-03-11 06:25:00
1394.9000244140625,1397.5999755859375,1394.5999755859375,1397.300048828125,73471,0.0016487805219533858,-0.002996754314573691,0.0011512708170717664,0.4,0.65,0,1399.2903275580343,1403.6497735730475,40.268720301491065,-2.6395469625592796,-2.6645895608938055,1406.768181460092,0.0011512708170717664,0,RELIANCE,5m,2026-03-11 06:30:00
1397.5,1397.5999755859375,1396.0999755859375,1397.0,130933,-0.00021473471526511911,-0.004063556976039662,0.0011266795840881927,0.4,0.6,0,1399.0722011239359,1403.3889981388104,36.1110169204164,-2.5036747706144524,-2.632406602837935,1406.6070780066764,0.0011266795840881927,0,RELIANCE,5m,2026-03-11 06:35:00
1397.0,1398.699951171875,1396.5999755859375,1397.800048828125,102147,0.0005726906428955569,-0.003919332864409819,0.0011314043233867097,0.4,0.6,0,1398.9510437624301,1403.1698236560385,40.54074116841662,-2.3048687334212445,-2.566899028954597,1406.4950613059154,0.0011314043233867097,0,RELIANCE,5m,2026-03-11 06:40:00
1397.800048828125,1399.5999755859375,1397.800048828125,1399.0999755859375,159368,0.0009299804781823795,-0.0017124683653674255,0.0011276961909428144,0.45,0.55,0,1398.9652277456212,1403.0102217709364,47.71216799508525,-2.019144846297195,-2.457348192423117,1406.3476229229814,0.0011276961909428144,0,RELIANCE,5m,2026-03-11 06:45:00
1399.199951171875,1401.0,1399.0,1400.9000244140625,130097,0.0012865762701275152,-0.0004993943950251101,0.0011685670922704926,0.45,0.55,0,1399.1494940949965,1402.927468933412,54.81921065984248,-1.6286832635853443,-2.2916152066555626,1406.2540899395933,0.0011685670922704926,0,RELIANCE,5m,2026-03-11 06:50:00
1400.9000244140625,1402.199951171875,1400.0,1401.9000244140625,141620,0.0007138268131718917,-0.0012822731498350892,0.0011272050448042194,0.45,0.5,0,1399.4114493634788,1402.8871769914767,58.38160893586694,-1.2244334963488654,-2.078178864594223,1406.173167726266,0.0011272050448042194,0,RELIANCE,5m,2026-03-11 06:55:00
1401.9000244140625,1402.199951171875,1400.0,1400.4000244140625,233717,-0.001069976441884224,0.00014288905096737636,0.001003902781512675,0.4,0.45,0,1399.5055993682963,1402.7896415962841,59.06426904049742,-1.0134180548232052,-1.8652267026400198,1406.0320264465186,0.001003902781512675,0,RELIANCE,5m,2026-03-11 07:00:00
1400.9000244140625,1401.4000244140625,1397.800048828125,1398.5,173426,-0.001356772622777891,-0.0017844396859386658,0.0010388874599934735,0.4,0.5,0,1399.409827999887,1402.6214203572142,44.72068055681922,-0.9881125418744432,-1.6898038704869045,1405.900441875424,0.0010388874599934735,0,RELIANCE,5m,2026-03-11 07:05:00
1398.5,1401.5,1398.0999755859375,1401.5,121681,0.002145155523775477,0.0006425991930250063,0.00115080813805669,0.45,0.45,0,1399.6088919998979,1402.5774430883039,61.44586287025326,-0.7177095041865869,-1.495384997226841,1405.8263016488754,0.00115080813805669,0,RELIANCE,5m,2026-03-11 07:10:00
1401.4000244140625,1401.800048828125,1399.5,1400.699951171875,185317,-0.0005708518217089065,0.0006428792058574828,0.0011508004156752748,0.5,0.4,0,1399.7128023972289,1402.5038159543262,60.35493983213672,-0.5614978056296422,-1.3086075589074013,1405.7231274999451,0.0011508004156752748,0,RELIANCE,5m,2026-03-11 07:15:00
1400.800048828125,1401.5,1399.0999755859375,1400.0,119565,-0.0004997152825552131,0.0005002152129280901,0.0011537796351834876,0.5,0.4,0,1399.7401545498738,1402.4056270933725,57.954640033291724,-0.4885474480422545,-1.144595536734372,1405.652778292076,0.0011537796351834876,0,RELIANCE,5m,2026-03-11 07:20:00
1400.0,1400.199951171875,1398.0,1398.800048828125,150722,-0.0008571079799106762,-0.00014292435444962504,0.001169658004918467,0.5,0.4,0,1399.650620671612,1402.2642318672845,54.83881553041241,-0.5215477177969206,-1.0199859729468819,1405.5476471576062,0.001169658004918467,0,RELIANCE,5m,2026-03-11 07:25:00
1398.699951171875,1400.800048828125,1398.4000244140625,1400.800048828125,252329,0.001429796918920312,0.0025048306574777524,0.0011753228470732316,0.55,0.35,0,1399.760090019851,1402.2068129245724,65.24077785248481,-0.38191490671806605,-0.8923717597011187,1405.4046642037158,0.0011753228470732316,0,RELIANCE,5m,2026-03-11 07:30:00
1400.800048828125,1402.9000244140625,1400.699951171875,1402.5999755859375,430443,0.001284927680662351,0.0017140583472052828,0.0011182166202462224,0.55,0.35,0,1400.0305553118592,1402.2222310681555,68.627368849369,-0.12457977312169533,-0.7388133623852341,1405.2640826141528,0.0011182166202462224,0,RELIANCE,5m,2026-03-11 07:35:00
1402.5999755859375,1402.699951171875,1400.199951171875,1401.0,454762,-0.0011407212418274026,0.002361056695579178,0.0010696572942595671,0.5,0.35,0,1400.1228833773964,1402.1743004380319,59.39076229071396,-0.049177595271885366,-0.6008862089625644,1405.095214039678,0.0010696572942595671,0,RELIANCE,5m,2026-03-11 07:40:00
1400.800048828125,1402.4000244140625,1399.5,1402.199951171875,183809,0.0008564961969128593,0.00357858586797577,0.0010756486625959577,0.5,0.35,0,1400.3206993578228,1402.1753063491628,62.62133045735213,0.10618121413631343,-0.45947272434278885,1405.032102073053,0.0010756486625959577,0,RELIANCE,5m,2026-03-11 07:45:00
1402.0999755859375,1403.9000244140625,1401.5,1403.5999755859375,120212,0.0009984484829659301,0.004580607384572666,0.0010899695958336189,0.55,0.35,0,1400.6330113795482,1402.2311757309972,63.67918281328274,0.33837389597215406,-0.2999034002798003,1405.0098527708255,0.0010899695958336189,0,RELIANCE,5m,2026-03-11 07:50:00
1403.5999755859375,1404.5999755859375,1402.300048828125,1404.0,155610,0.00028499887505017973,0.005010737294201872,0.0010864733960499098,0.55,0.3,0,1400.9536769624485,1402.300541388605,62.06906919547557,0.5483459059857978,-0.13025353902668066,1404.9906161710157,0.0010864733960499098,0,RELIANCE,5m,2026-03-11 07:55:00
1404.0,1405.800048828125,1402.5999755859375,1403.199951171875,203617,-0.0005698353476674134,0.005806018011387026,0.0010381115107695655,0.6,0.25,0,1401.167607839537,1402.3358123604983,55.95838208785301,0.6427833759066743,0.024353843959990337,1404.9704322694736,0.0010381115107695655,0,RELIANCE,5m,2026-03-11 08:00:00
1402.800048828125,1404.0,1402.199951171875,1402.300048828125,116473,-0.0006413215329706956,0.005233009912634312,0.0010562143582997956,0.6,0.3,0,1401.2754593622594,1402.3344098690325,51.0417395174365,0.6376605984128219,0.14701519485055664,1404.9487026261677,0.0010562143582997956,0,RELIANCE,5m,2026-03-11 08:05:00
1402.300048828125,1404.300048828125,1402.0,1402.0999755859375,153193,-0.00014267505898946098,0.0034351439133191164,0.0010072015981468611,0.6,0.35,0,1401.3539847168954,1402.3252163677348,54.74849286669031,0.6104199802198309,0.23969615192441152,1404.9203465064797,0.0010072015981468611,0,RELIANCE,5m,2026-03-11 08:10:00
1402.0999755859375,1402.199951171875,1399.300048828125,1399.800048828125,223692,-0.0016403443391056483,0.0020043298698102507,0.0010835599267559174,0.6,0.4,0,1401.2059908227268,1402.226190189711,53.55208388921501,0.3986513216939329,0.27148718587831583,1404.835516372502,0.0010835599267559174,0,RELIANCE,5m,2026-03-11 08:15:00
1399.800048828125,1401.0999755859375,1398.800048828125,1400.4000244140625,140872,0.0004286152057502157,0.0018600482866752976,0.001080731949955322,0.55,0.45,0,1401.1292321171397,1402.154575845568,46.540909474783305,0.2760539713374328,0.27240054297013927,1404.7797985342504,0.001080731949955322,0,RELIANCE,5m,2026-03-11 08:20:00
1400.4000244140625,1400.5,1399.0999755859375,1400.4000244140625,115404,0.0,0.000929203667222156,0.001062702673022002,0.5,0.45,0,1401.0597837644657,1402.0857699070775,49.006847377058456,0.17685600201139096,0.2532916347783896,1404.7341666781392,0.001062702673022002,0,RELIANCE,5m,2026-03-11 08:25:00
1400.4000244140625,1400.5999755859375,1398.800048828125,1399.9000244140625,108470,-0.00035704083924825714,-0.0007138268131720027,0.0010246680956667242,0.5,0.5,0,1400.9493304929986,1402.0000543975475,49.664506509147216,0.057235302374010644,0.21408036829751384,1404.6899888721148,0.0010246680956667242,0,RELIANCE,5m,2026-03-11 08:30:00
1399.9000244140625,1400.0,1397.5999755859375,1398.0999755859375,140548,-0.0012858409863079068,-0.0027106418160690593,0.0010450902304174473,0.45,0.55,0,1400.6779633589927,1401.8471101304256,47.74168143335302,-0.180730511863203,0.13511819226537047,1404.6202307101457,0.0010450902304174473,0,RELIANCE,5m,2026-03-11 08:35:00
1398.300048828125,1398.800048828125,1397.5,1398.300048828125,151949,0.00014310367332903695,-0.001499554091207722,0.0010229497446104887,0.45,0.6,0,1400.4514953084338,1401.7080096871982,40.87587988951261,-0.3491510990043025,0.03826433401143588,1404.5421197195722,0.0010229497446104887,0,RELIANCE,5m,2026-03-11 08:40:00
1398.199951171875,1398.9000244140625,1392.0999755859375,1392.9000244140625,497913,-0.0038618495498073946,-0.0040042728537271755,0.0013031934251013255,0.5,0.6,0,1399.732307604208,1401.3625985000165,21.96553816626917,-0.9078967988948534,-0.150967892569822,1404.1622266038037,0.0013031934251013255,0,RELIANCE,5m,2026-03-11 08:45:00
1392.9000244140625,1393.4000244140625,1391.0,1392.300048828125,462107,-0.00043073844168384223,-0.006564360450856177,0.00118078397430626,0.45,0.65,0,1399.0244734350574,1401.0072043952364,23.31311315809181,-1.3831754219163486,-0.3974093984391273,1403.7523575155742,0.00118078397430626,0,RELIANCE,5m,2026-03-11 08:50:00
1392.199951171875,1395.800048828125,1391.800048828125,1395.5,270674,0.0022983200888115896,-0.003712394769147087,0.0013163162723020053,0.45,0.65,0,1398.6888092983854,1400.7912355954234,31.694171324892935,-1.484515270437214,-0.6148305728387446,1403.5671916341062,0.0013163162723020053,-1,RELIANCE,5m,2026-03-11 08:55:00
1395.5,1395.800048828125,1391.4000244140625,1391.699951171875,558360,-0.002723073327212444,-0.005928606305803608,0.0014329971229872368,0.45,0.65,0,1398.0232037625274,1400.4347146376372,21.25608137992039,-1.850132832969848,-0.8618910248649654,1403.1526514262882,0.0014329971229872368,-1,RELIANCE,5m,2026-03-11 09:00:00
1391.699951171875,1393.800048828125,1391.300048828125,1393.800048828125,267773,0.0015090161169306615,-0.0035744922973006688,0.0014811238685744157,0.45,0.65,0,1397.6209985306796,1400.1745316647152,27.23240073677671,-1.9479720466151775,-1.079107229215008,1402.965141720214,0.0014811238685744157,0,RELIANCE,5m,2026-03-11 09:05:00
1393.9000244140625,1393.9000244140625,1390.800048828125,1391.800048828125,221211,-0.0014349260510369,-0.0064248998331555285,0.001455758648256193,0.45,0.7,-1,1397.0666223685316,1399.8461205730844,25.84776446734115,-2.161971749082568,-1.29568013318852,1402.8033826472852,0.001455758648256193,-1,RELIANCE,5m,2026-03-11 09:10:00
1391.699951171875,1393.300048828125,1391.0,1392.300048828125,102564,0.00035924700564637924,-0.007343452828387331,0.001416182946036066,0.4,0.7,-1,1396.612662983731,1399.5501961909292,28.448457296796732,-2.265111439060547,-1.4895663943629256,1402.730246298659,0.001416182946036066,-1,RELIANCE,5m,2026-03-11 09:15:00
1392.300048828125,1394.0999755859375,1391.199951171875,1393.199951171875,412350,0.0006463422482154701,-0.005567486672466093,0.0014211977056410017,0.45,0.65,0,1396.2876428111733,1399.3011669744958,31.380721082389712,-2.2483185711475926,-1.641316829719859,1402.4632019335436,0.0014211977056410017,-1,RELIANCE,5m,2026-03-11 09:20:00
1392.9000244140625,1393.4000244140625,1390.0,1390.0999755859375,357099,-0.0022250758646165103,-0.008629279708521675,0.001458270997117893,0.45,0.65,-1,1395.6983411706747,1398.9403359396504,30.364282431317108,-2.456831401477075,-1.8044197440713023,1402.2052621473977,0.001458270997117893,-1,RELIANCE,5m,2026-03-11 09:25:00
1390.4000244140625,1393.800048828125,1390.4000244140625,1392.0999755859375,484577,0.0014387454392674748,-0.00819321758337821,0.0014841007932685948,0.45,0.65,-1,1395.3556396864142,1398.6720865140146,34.09958281106766,-2.432653916390791,-1.9300665785352003,1401.9015641682095,0.0014841007932685948,-1,RELIANCE,5m,2026-03-11 09:30:00
1392.300048828125,1394.0999755859375,1391.0,1393.0,556078,0.0006465228287095837,-0.007834757834757844,0.001495174463272174,0.45,0.65,-1,1395.1312930496129,1398.4496517487592,36.29631304111943,-2.3141920712112096,-2.006891677070402,1401.5948000761578,0.001495174463272174,-1,RELIANCE,5m,2026-03-11 09:35:00
1393.0,1393.5,1389.0999755859375,1389.5999755859375,740117,-0.0024407928313442406,-0.009692115207515228,0.0015638307199847396,0.4,0.7,-1,1394.6045009102152,1398.102605624727,32.77592246327703,-2.4662345438168813,-2.098760250419698,1401.1333325632836,0.0015638307199847396,-1,RELIANCE,5m,2026-03-11 09:40:00
1389.5999755859375,1390.5999755859375,1389.0999755859375,1389.9000244140625,586625,0.00021592460664687785,-0.008842632804887174,0.0015710716981436844,0.4,0.65,-1,1394.156455529629,1397.7809357733283,35.56354070851995,-2.533315383143645,-2.185671276964487,1400.7662838047222,0.0015710716981436844,0,RELIANCE,5m,2026-03-11 09:45:00
1389.9000244140625,1390.4000244140625,1386.800048828125,1387.0,637387,-0.002086498570488926,-0.010769542720822867,0.0016111405858169792,0.35,0.65,-1,1393.474888336331,1397.358153978296,31.832775972241848,-2.7883428842148987,-2.3062055984145693,1400.3321202030202,0.0016111405858169792,0,RELIANCE,5m,2026-03-11 09:50:00
1387.0,1387.5,1383.800048828125,1387.0,668961,0.0,-0.009144198015167082,0.0015938379362920722,0.35,0.65,-1,1392.8582323042995,1396.9519518615002,38.5213859928278,-2.9563747681399946,-2.4362394323596543,1399.839150113,0.0015938379362920722,-1,RELIANCE,5m,2026-03-11 09:55:00
1392.4000244140625,1397.0,1391.699951171875,1396.0999755859375,623489,0.0028013392837571427,-0.003070586084804039,0.0019697592591729975,0.45,0.65,0,1393.1102471224326,1396.739496018482,50.96769874740602,-2.050082234776255,-2.3915331844342282,1394.9333089192708,0.0019697592591729975,0,RELIANCE,5m,2026-03-12 03:50:00
1396.5,1397.0,1390.300048828125,1390.300048828125,474124,-0.004154377809066467,-0.00685761512859151,0.002164008905713575,0.4,0.65,-1,1392.8426091896413,1396.4869686776838,47.87893584280303,-2.0275800065617204,-2.318742548859727,1393.8966315193286,0.002164008905713575,0,RELIANCE,5m,2026-03-12 03:55:00
1390.199951171875,1393.9000244140625,1387.699951171875,1387.699951171875,357477,-0.0018701701538754723,-0.007438684354245773,0.002181301067918426,0.4,0.65,-1,1392.3528322355683,1396.1423797558873,40.895376632462686,-2.194258928469708,-2.293845824781723,1392.8820027519664,0.002181301067918426,0,RELIANCE,5m,2026-03-12 04:00:00
1388.0999755859375,1391.4000244140625,1387.5999755859375,1390.300048828125,302677,0.001873674243523915,-0.005721232725912184,0.002236396391971719,0.4,0.65,0,1392.157329053907,1395.9132687391125,47.800592808969455,-2.092426829996384,-2.2535620258246554,1392.345563250083,0.002236396391971719,0,RELIANCE,5m,2026-03-12 04:05:00
1390.300048828125,1392.699951171875,1390.199951171875,1392.5,276445,0.0015823571132931313,-0.0002871881736312698,0.0021055476446821034,0.4,0.6,0,1392.1899643821064,1395.7794150630689,50.27926103234518,-1.8133038464845868,-2.165510389956642,1392.271417963589,0.0021055476446821034,0,RELIANCE,5m,2026-03-12 04:10:00
1392.5,1394.0,1392.0999755859375,1393.0999755859375,221055,0.0004308621802064927,0.0005745361845572727,0.0021053489959824414,0.45,0.55,0,1392.2766321158047,1395.6743390051422,49.85918979977099,-1.526092016689745,-2.0376267153032623,1392.3493644347423,0.0021053489959824414,0,RELIANCE,5m,2026-03-12 04:15:00
1392.5,1395.0,1391.300048828125,1395.0,238275,0.0013638823109327625,-0.00035829451809388235,0.0020623089083048585,0.45,0.6,0,1392.536000485728,1395.647894338274,57.142857142857146,-1.1321082421768551,-1.8565230206779808,1392.4847989160887,0.0020623089083048585,0,RELIANCE,5m,2026-03-12 04:20:00
1394.9000244140625,1398.699951171875,1394.0999755859375,1397.9000244140625,423291,0.0020788705477150504,0.004455035898339066,0.0020093931484030433,0.5,0.55,0,1393.046859907474,1395.7362131647756,58.23866000832293,-0.5791889984345744,-1.6010562162292996,1393.1255308306372,0.0020093931484030433,0,RELIANCE,5m,2026-03-12 04:25:00
1397.9000244140625,1398.699951171875,1394.5,1395.199951171875,232934,-0.0019315209922249332,0.0010043781709772048,0.002040640683349964,0.5,0.5,0,1393.2519162183694,1395.715183282701,52.972887372734284,-0.35478017438458664,-1.351801007860357,1393.3479637552553,0.002040640683349964,0,RELIANCE,5m,2026-03-12 04:30:00
1395.5,1395.9000244140625,1393.0,1393.800048828125,147612,-0.0010033704076424232,0.001436988022585517,0.002026319835817489,0.45,0.5,0,1393.3041193240604,1395.640079970757,56.000083705065194,-0.28659133767132516,-1.1387590738225506,1393.3875997139874,0.002026319835817489,0,RELIANCE,5m,2026-03-12 04:35:00
1393.800048828125,1396.0,1393.0999755859375,1393.800048828125,121232,0.0,0.0010773539807475974,0.002025247846487332,0.5,0.5,0,1393.3513507054,1395.5679218867322,55.61961985907416,-0.22990103725305744,-0.956987466508652,1393.4199558662558,0.002025247846487332,0,RELIANCE,5m,2026-03-12 04:40:00
1393.5999755859375,1395.5,1393.5,1395.199951171875,96511,0.0010043781709772048,0.0014355441215152531,0.0020323127456351293,0.45,0.5,0,1393.5274078926832,1395.55349166262,62.3493422165354,-0.0711924834383808,-0.7798284698945978,1393.4560154402643,0.0020323127456351293,0,RELIANCE,5m,2026-03-12 04:45:00
1395.199951171875,1395.5999755859375,1394.0999755859375,1394.5999755859375,84865,-0.00043002838799810483,0.0032371772383517072,0.0019639367327433915,0.5,0.45,0,1393.6295571968028,1395.5160988752991,61.24259179671276,0.006101835155959634,-0.6226424088844864,1393.4869117586202,0.0019639367327433915,0,RELIANCE,5m,2026-03-12 04:50:00
1394.300048828125,1402.199951171875,1394.300048828125,1400.0,282674,0.0038720955891267117,0.005674897315286032,0.002116545722382374,0.5,0.45,0,1394.2362660352026,1395.6919381350915,61.4706600413603,0.4973617037217082,-0.39864158636324754,1393.8761536657069,0.002116545722382374,0,RELIANCE,5m,2026-03-12 04:55:00
1399.800048828125,1403.199951171875,1398.300048828125,1402.800048828125,199541,0.002000034877232215,0.007035210931891633,0.0021500831921951228,0.5,0.45,0,1395.0518643964333,1395.9706875740342,60.18247457488767,1.0999496929757697,-0.09892333049544408,1394.2455548946991,0.0021500831921951228,1,RELIANCE,5m,2026-03-12 05:00:00
1402.800048828125,1403.9000244140625,1401.0,1401.699951171875,232161,-0.0007842155816639718,0.008707524322483895,0.0020671079960703892,0.55,0.4,0,1395.685015517904,1396.195364577871,70.21245281712089,1.4717706727417408,0.21521547015199294,1394.6735926005576,0.0020671079960703892,1,RELIANCE,5m,2026-03-12 05:05:00
1401.9000244140625,1402.9000244140625,1400.4000244140625,1402.5,143899,0.0005707703902366745,0.0090653826639433,0.002066645912100816,0.55,0.45,0,1396.3340616590563,1396.4426051826604,78.03023997780552,1.8101326497567243,0.5341989060729393,1394.9079152522575,0.002066645912100816,1,RELIANCE,5m,2026-03-12 05:10:00
1402.9000244140625,1405.4000244140625,1402.699951171875,1404.5999755859375,170491,0.0014973087956773323,0.01268923978798675,0.0019887349083818535,0.6,0.4,1,1397.1212915568544,1396.7625020612202,77.60601018979796,2.2221221924528436,0.8717835633489202,1395.2513980605088,0.0019887349083818535,1,RELIANCE,5m,2026-03-12 05:15:00
1404.4000244140625,1404.800048828125,1401.5999755859375,1404.0,104061,-0.00042715050289476864,0.012256669069935056,0.0019981568478062302,0.6,0.4,1,1397.776406646678,1397.0463255097998,73.66250389318115,2.471721392069412,1.1917711290930186,1395.4320284240252,0.0019981568478062302,0,RELIANCE,5m,2026-03-12 05:20:00
1403.5999755859375,1406.9000244140625,1402.300048828125,1406.699951171875,159367,0.0019230421452101076,0.010415170599449297,0.001885791378866152,0.6,0.35,1,1398.6262680300301,1397.4248990651752,75.75750569892125,2.854489275655851,1.5243147584055852,1395.7534863429125,0.001885791378866152,0,RELIANCE,5m,2026-03-12 05:25:00
1406.9000244140625,1409.9000244140625,1406.9000244140625,1409.800048828125,169353,0.002203808746611191,0.009813103274668888,0.001852177831271898,0.6,0.35,1,1399.6904376298487,1397.9101990558793,76.81158779301194,3.3691500883583103,1.8932818243961302,1396.1922390886537,0.001852177831271898,0,RELIANCE,5m,2026-03-12 05:30:00
1409.800048828125,1410.0,1407.5999755859375,1408.699951171875,177812,-0.0007803217606386914,0.013234482987509955,0.0015330545069451597,0.65,0.3,0,1400.5484865386131,1398.3333265898398,70.92995197653238,3.6462224210213208,2.2438699437211684,1396.6189869643213,0.0015330545069451597,0,RELIANCE,5m,2026-03-12 05:35:00
1408.800048828125,1410.800048828125,1406.0999755859375,1406.5999755859375,162661,-0.001490718860457485,0.013619676500025824,0.0015021471064852001,0.7,0.3,0,1401.1248188288346,1398.6575089034122,72.61903031888355,3.654230071710799,2.5259419693190948,1396.9566645709463,0.0015021471064852001,0,RELIANCE,5m,2026-03-12 05:40:00
1406.800048828125,1408.800048828125,1402.300048828125,1404.699951171875,295955,-0.0013507922984792309,0.010357406198674646,0.0015395994389799195,0.7,0.3,0,1401.46530762341,1398.8944674237441,71.20587452977163,3.467291325440101,2.714211840543296,1397.3882910870961,0.0015395994389799195,0,RELIANCE,5m,2026-03-12 05:45:00
1404.800048828125,1405.5999755859375,1402.0999755859375,1405.5999755859375,132871,0.0006407236031522601,0.009407522862432627,0.0015195557174682809,0.65,0.35,0,1401.859085524603,1399.1574285281438,72.18013023785159,3.353112872641532,2.8419920469629436,1397.548830509916,0.0015195557174682809,0,RELIANCE,5m,2026-03-12 05:50:00
1405.4000244140625,1406.300048828125,1404.0,1405.5,123303,-7.112662754271692e-05,0.00890102981219787,0.0015243636996092635,0.65,0.35,0,1402.2058392841645,1399.4061568211578,70.3555920100357,3.2174694469533733,2.91708752696103,1397.7086579573443,0.0015243636996092635,0,RELIANCE,5m,2026-03-12 05:55:00
1405.300048828125,1406.0999755859375,1403.0,1405.800048828125,80966,0.00021348191257564153,0.007741970486111027,0.0015094691538660233,0.6,0.35,0,1402.548144955018,1399.656897684176,72.39981836203572,3.0984653083080502,2.9533630832304345,1397.8060303948046,0.0015094691538660233,0,RELIANCE,5m,2026-03-12 06:00:00
1405.699951171875,1407.5999755859375,1405.5,1407.0999755859375,88584,0.0009246882292373027,0.006581265477644704,0.0014627115275042874,0.6,0.35,0,1402.981652634153,1399.9487830920882,66.98536927255205,3.0736161626043668,2.977413699105221,1397.935170713513,0.0014627115275042874,0,RELIANCE,5m,2026-03-12 06:05:00
1406.699951171875,1407.5,1404.199951171875,1404.5,58759,-0.0018477546947969214,0.006665746239679526,0.0014560024786859041,0.6,0.4,0,1403.1262571451862,1400.1272621865162,54.10612350804359,2.8117150340426633,2.9442739660927097,1398.006117555366,0.0014560024786859041,0,RELIANCE,5m,2026-03-12 06:10:00
1404.5,1406.699951171875,1404.4000244140625,1405.4000244140625,77912,0.0006408148195531371,0.00832255357982703,0.0014225962182951716,0.6,0.35,0,1403.3428064088887,1400.3340371758318,59.02451514556055,2.646276324934661,2.8846744378611,1398.0993811454498,0.0014225962182951716,0,RELIANCE,5m,2026-03-12 06:15:00
1405.4000244140625,1407.300048828125,1405.4000244140625,1407.0,57076,0.0011384485257885935,0.009470476904469338,0.0014278644438259528,0.6,0.35,0,1403.691110560423,1400.595447482662,60.563356066250215,2.6141354876178866,2.830566647812457,1398.1758806005078,0.0014278644438259528,0,RELIANCE,5m,2026-03-12 06:20:00
1407.0,1409.0999755859375,1406.699951171875,1408.300048828125,95324,0.0009239863739338716,0.009389405185433741,0.0014264003782472135,0.65,0.35,0,1404.130057062109,1400.8975887118957,59.02451514556055,2.6628708009366164,2.7970274784372893,1398.3224090045242,0.0014264003782472135,0,RELIANCE,5m,2026-03-12 06:25:00
1408.300048828125,1409.800048828125,1408.199951171875,1409.699951171875,88173,0.0009940369915593106,0.010827460096285435,0.001414689739958867,0.65,0.35,0,1404.6605231678009,1401.2427793966008,63.380136397501296,2.7823807541672068,2.794098133583273,1398.47039513816,0.001414689739958867,0,RELIANCE,5m,2026-03-12 06:30:00
1409.5999755859375,1409.9000244140625,1407.0999755859375,1409.0,127366,-0.0004965249316304376,0.00642857142857145,0.00119294004870539,0.65,0.4,0,1405.0738066756294,1401.5469841261458,55.958660645389806,2.788469304905675,2.792972367847754,1398.6663215601998,0.00119294004870539,0,RELIANCE,5m,2026-03-12 06:35:00
1408.9000244140625,1409.9000244140625,1407.5999755859375,1409.9000244140625,115405,0.0006387682143806916,0.005061288379529794,0.0011292411329727032,0.6,0.4,0,1405.533446460242,1401.874554333515,50.292326692032574,2.8332589283450034,2.801029679947204,1398.8454437414541,0.0011292411329727032,0,RELIANCE,5m,2026-03-12 06:40:00
1409.9000244140625,1409.9000244140625,1407.4000244140625,1407.4000244140625,107296,-0.0017731753718062127,0.004066543083933283,0.0011966910416846008,0.55,0.45,0,1405.7112157891772,1402.091239434713,46.486661255946835,2.636632463195383,2.76815023659684,1398.9924713377561,0.0011966910416846008,0,RELIANCE,5m,2026-03-12 06:45:00
1407.5,1409.699951171875,1406.0999755859375,1407.800048828125,113425,0.0002842293641631688,0.0037790009469695907,0.0011937757489185639,0.55,0.45,0,1405.9101522690771,1402.3151143128862,53.5716621253406,2.4844440752317496,2.711409004323822,1399.1369994381678,0.0011937757489185639,0,RELIANCE,5m,2026-03-12 06:50:00
1407.5999755859375,1408.0,1406.0999755859375,1406.4000244140625,67471,-0.000994476747765316,0.001281538416212813,0.0011800277474392816,0.5,0.45,0,1405.9568067590758,1402.4753068658736,55.214972028548104,2.225212546500643,2.6141697127591863,1399.2108457472968,0.0011800277474392816,0,RELIANCE,5m,2026-03-12 06:55:00
1406.199951171875,1406.199951171875,1403.0999755859375,1405.300048828125,290112,-0.0007821214212476724,0.0009259607037928053,0.0011904385113678429,0.5,0.45,0,1405.8942583846995,1402.5860810604718,49.09112431288702,1.909005033699259,2.473136776947201,1399.4349399889184,0.0011904385113678429,0,RELIANCE,5m,2026-03-12 07:00:00
1404.699951171875,1407.0,1404.300048828125,1405.800048828125,80351,0.00035579590310041986,-0.0006397258654913252,0.001109257378272008,0.5,0.45,0,1405.885286045978,1402.7121190121445,50.887723556094876,1.6793951016331903,2.314388441884399,1399.5029462361917,0.001109257378272008,0,RELIANCE,5m,2026-03-12 07:05:00
1405.699951171875,1406.9000244140625,1405.300048828125,1406.0,49643,0.00014223300962434848,-0.0026954523311896184,0.0009787216373900532,0.45,0.45,0,1405.8962111844564,1402.8410555214723,50.59509969191421,1.4963133953308443,2.150773432573688,1399.5466719513076,0.0009787216373900532,0,RELIANCE,5m,2026-03-12 07:10:00
1405.699951171875,1407.699951171875,1405.699951171875,1407.0,49531,0.0007112375533429027,-0.0012067517788020288,0.0009837346844582616,0.45,0.45,0,1406.0013339287939,1403.0041513833755,49.697041437629004,1.4155933873123558,2.0037374235214216,1399.5945639119134,0.0009837346844582616,0,RELIANCE,5m,2026-03-12 07:15:00
1407.0,1407.199951171875,1404.0,1405.0999755859375,109060,-0.0013504082544865126,-0.0010664012697534364,0.0009734402559687247,0.4,0.45,0,1405.9154902770933,1403.0863405677896,51.89866571894339,1.1846501982863629,1.83991997847441,1399.6782333160597,0.0009734402559687247,0,RELIANCE,5m,2026-03-12 07:20:00
1405.0999755859375,1405.4000244140625,1403.5,1404.0999755859375,135097,-0.0007116931302934004,-0.0004271201016536885,0.0009384530997901479,0.4,0.45,0,1405.742584116031,1403.1260909606583,45.911771028467896,0.910439435393755,1.6540238698582792,1399.7594256037205,0.0009384530997901479,0,RELIANCE,5m,2026-03-12 07:25:00
1404.0999755859375,1404.5999755859375,1401.5999755859375,1403.300048828125,195393,-0.000569707835425759,-0.0016362598162779074,0.0009325481771083776,0.4,0.45,0,1405.509961707659,1403.132912837814,37.748387201086516,0.6214147437817701,1.4475020446429774,1399.8432619399634,0.0009325481771083776,0,RELIANCE,5m,2026-03-12 07:30:00
1403.0999755859375,1405.0999755859375,1400.0,1404.5999755859375,239781,0.0009263355751309987,-0.000640358885850234,0.0009594154290586699,0.4,0.5,0,1405.4232963627333,1403.1904447102895,37.74788394221363,0.4915871085975141,1.2563190574338847,1399.9426244405718,0.0009594154290586699,0,RELIANCE,5m,2026-03-12 07:35:00
1404.9000244140625,1408.5,1404.699951171875,1407.199951171875,116664,0.0018510434508962614,0.000995804734049477,0.0010472834631594888,0.45,0.45,0,1405.5925015826515,1403.3476802578027,42.331196453178364,0.5916736279600627,1.1233899715391205,1400.0390393431612,0.0010472834631594888,0,RELIANCE,5m,2026-03-12 07:40:00
1407.199951171875,1407.5999755859375,1405.0999755859375,1405.5,162139,-0.001208038111754739,-0.0011370731388657962,0.001062039552709182,0.4,0.45,0,1405.5836919081132,1403.432084953575,39.8842788597234,0.527737632234448,1.004259503678186,1400.1545653058502,0.001062039552709182,0,RELIANCE,5m,2026-03-12 07:45:00
1405.5,1407.800048828125,1404.5999755859375,1407.5,96823,0.0014229811454997687,0.0021359914560341586,0.0010227678352612553,0.45,0.45,0,1405.766197440674,1403.5916110338271,43.47811664488393,0.6311753833640523,0.9296426796153594,1400.2278774659308,0.0010227678352612553,0,RELIANCE,5m,2026-03-12 07:50:00
1407.5,1409.699951171875,1406.5999755859375,1409.0,120653,0.001065719360568318,0.002561530897538189,0.0010387245272725138,0.5,0.45,0,1406.0741786368003,1403.8037047187752,54.597689053522195,0.8246815942677586,0.9086504625458394,1400.3419715016544,0.0010387245272725138,0,RELIANCE,5m,2026-03-12 07:55:00
1408.9000244140625,1409.800048828125,1406.5,1408.9000244140625,216312,-7.095499356812862e-05,0.0013504082544864016,0.0010116822041666602,0.5,0.5,0,1406.3433068060633,1404.0035603931,53.21635339553544,0.958915683199848,0.9187035066766411,1400.5379644121226,0.0010116822041666602,0,RELIANCE,5m,2026-03-12 08:00:00
1409.0,1410.300048828125,1408.5999755859375,1410.0999755859375,196741,0.0008516936270008824,0.0012780847088020852,0.0010085871612168051,0.5,0.5,0,1406.7010847850988,1404.2426354987017,60.94682249606334,1.1488796277469646,0.9647387308907059,1400.7355388761919,0.0010085871612168051,0,RELIANCE,5m,2026-03-12 08:05:00
1410.0999755859375,1410.199951171875,1407.5,1408.4000244140625,114141,-0.0012055536496046182,-0.0009221301006160365,0.0010217151407963703,0.45,0.55,0,1406.862888559286,1404.4056703581275,58.85725845267409,1.149010492211346,1.001593083154834,1400.8343043738641,0.0010217151407963703,0,RELIANCE,5m,2026-03-12 08:10:00
1408.5999755859375,1409.0999755859375,1405.4000244140625,1405.800048828125,172302,-0.0018460490917835415,-0.00227107961098294,0.0010949951770228463,0.4,0.55,0,1406.7616657277467,1404.460351866755,50.0,0.9286134248400231,0.986997151491872,1400.9433158244706,0.0010949951770228463,0,RELIANCE,5m,2026-03-12 08:15:00
1405.800048828125,1406.699951171875,1404.300048828125,1405.800048828125,153230,0.0,-0.002907990293596452,0.0010811385285536912,0.4,0.6,0,1406.670083165878,1404.512889002495,49.484652848567215,0.745355170633502,0.938668755320198,1401.0181905614493,0.0010811385285536912,0,RELIANCE,5m,2026-03-12 08:20:00
1405.699951171875,1405.699951171875,1404.0,1405.0999755859375,268539,-0.0004979892003639241,-0.0016342537929702194,0.0010156876638501098,0.4,0.6,0,1406.5205491106456,1404.5359120057674,45.0260441632314,0.5374363917997016,0.8584222826160988,1401.1254898584973,0.0010156876638501098,0,RELIANCE,5m,2026-03-12 08:25:00
1404.800048828125,1406.9000244140625,1404.0,1406.9000244140625,116768,0.0012810823851694408,-0.0006393126742761934,0.0010581405702371912,0.45,0.55,0,1406.556689615733,1404.6286222962888,54.73703146884598,0.5120060711190035,0.7891390403166798,1401.1821105717609,0.0010581405702371912,0,RELIANCE,5m,2026-03-12 08:30:00
1406.9000244140625,1408.699951171875,1403.800048828125,1404.199951171875,129371,-0.0019191649693175439,-0.001564329638791162,0.0011207815580382649,0.5,0.6,0,1406.3322383353657,1404.6118116639589,50.241488916277945,0.27085674561180895,0.6854825813757056,1401.2385822543883,0.0011207815580382649,0,RELIANCE,5m,2026-03-12 08:35:00
1404.300048828125,1405.199951171875,1402.800048828125,1404.300048828125,331664,7.128447495419188e-05,-0.0007115918062010618,0.0011087311098381218,0.5,0.6,0,1406.1386964775334,1404.599585670397,52.5,0.08682040053531637,0.5657501452076278,1401.3300448246605,0.0011087311098381218,0,RELIANCE,5m,2026-03-12 08:40:00
1404.199951171875,1405.800048828125,1403.300048828125,1405.5,138172,0.0008544834651800226,-0.00021343634777581943,0.0011234917692241175,0.5,0.6,0,1406.0778682415778,1404.6348960362636,52.26136510020181,0.037365575220064784,0.4600732312101152,1401.3765208518669,0.0011234917692241175,0,RELIANCE,5m,2026-03-12 08:45:00
1405.4000244140625,1405.5999755859375,1403.699951171875,1404.4000244140625,229126,-0.0007826222596496457,-0.0011379627211504095,0.0011358583179207642,0.5,0.6,0,1405.9180735913383,1404.6256853844127,42.39151347083916,-0.08955424150030922,0.35014773666803034,1401.4445565211074,0.0011358583179207642,0,RELIANCE,5m,2026-03-12 08:50:00
1404.4000244140625,1404.5999755859375,1401.5,1401.699951171875,163739,-0.001922581312481797,-0.0037669145899964507,0.0011934087797712903,0.45,0.65,0,1405.5163476466273,1404.5109507094112,40.20613367227514,-0.4033627412534315,0.19944564108373797,1401.4619016125814,0.0011934087797712903,0,RELIANCE,5m,2026-03-12 08:55:00
1401.5,1403.199951171875,1401.0,1402.5999755859375,261625,0.0006420949171825896,-0.0017792328257336676,0.0011742781597861482,0.45,0.65,0,1405.2385979265614,1404.4360105084907,36.612080178767975,-0.5728305557072417,0.04499040172554203,1401.4807522456308,0.0011742781597861482,0,RELIANCE,5m,2026-03-12 09:00:00
1402.5,1402.699951171875,1400.800048828125,1401.199951171875,346987,-0.0009981637233934526,-0.0020653973822998273,0.0011839882999447838,0.45,0.65,0,1404.8539649023055,1404.3091062207802,28.571524386972143,-0.8107593601109784,-0.12615955064176207,1401.483340462872,0.0011839882999447838,0,RELIANCE,5m,2026-03-12 09:05:00
1401.199951171875,1401.5,1398.0999755859375,1399.4000244140625,410352,-0.0012845609624144716,-0.0027791807014611036,0.0012093468926707264,0.45,0.65,0,1404.3345419986633,1404.1165932087522,26.130828967869377,-1.1315152945535374,-0.32723069942411714,1401.4208331124123,0.0012093468926707264,0,RELIANCE,5m,2026-03-12 09:10:00
1399.300048828125,1400.0,1398.300048828125,1398.800048828125,466307,-0.0004287377272189641,-0.0041292374046874025,0.001184251287518625,0.4,0.6,0,1403.807447410993,1403.908101272257,20.72583756569918,-1.4177863407069253,-0.5453418276806788,1401.3309972243476,0.001184251287518625,0,RELIANCE,5m,2026-03-12 09:15:00
1398.9000244140625,1398.9000244140625,1393.0999755859375,1395.5,816577,-0.002359199823369851,-0.008314348761973456,0.0011734655683515725,0.35,0.65,0,1403.0162619432795,1403.5783718106,19.139094121426282,-1.8891674219516972,-0.8141069465348826,1400.9911354422302,0.0011734655683515725,0,RELIANCE,5m,2026-03-12 09:20:00
1395.199951171875,1397.5,1394.5,1395.0999755859375,337650,-0.0002866531093246305,-0.0073995193269743575,0.0011587579899044458,0.35,0.65,0,1402.262329909247,1403.2458856841426,21.39066406428492,-2.2688648898954398,-1.1050585352069942,1400.8592546920106,0.0011587579899044458,-1,RELIANCE,5m,2026-03-12 09:25:00
1395.199951171875,1396.699951171875,1392.0999755859375,1396.5999755859375,1327403,0.001075191761343186,-0.007744244699156355,0.0011327419718144423,0.3,0.65,0,1401.7230580689318,1402.985261758723,27.227899275445523,-2.420834531276796,-1.3682137344209546,1400.348257395157,0.0011327419718144423,-1,RELIANCE,5m,2026-03-12 09:30:00
1396.5999755859375,1396.699951171875,1393.5999755859375,1395.4000244140625,1054738,-0.0008591946103762016,-0.009652218300878257,0.0010834232238395509,0.25,0.65,0,1401.1208643875157,1402.6878014706972,26.57038731896023,-2.608033807821812,-1.616177749101126,1400.0095693902674,0.0010834232238395509,-1,RELIANCE,5m,2026-03-12 09:35:00
1395.5999755859375,1396.4000244140625,1389.0,1390.699951171875,1652670,-0.003368262261684518,-0.012917930958058266,0.0012545751605271235,0.2,0.65,-1,1400.1283964622164,1402.2176896942728,15.678130479535312,-3.0999133422942577,-1.9129248677397526,1399.259800655736,0.0012545751605271235,-1,RELIANCE,5m,2026-03-12 09:40:00
1390.699951171875,1394.9000244140625,1388.9000244140625,1393.199951171875,1085648,0.0017976559198793485,-0.011984983126490767,0.0013297169060584857,0.15,0.7,-1,1399.468544529803,1401.864052889473,26.49587363193423,-3.2505321987353,-2.1804463339388622,1398.8569708478392,0.0013297169060584857,-1,RELIANCE,5m,2026-03-12 09:45:00
1393.199951171875,1393.199951171875,1389.0,1390.0999755859375,1000256,-0.0022250758646165103,-0.012993502208819119,0.0013729191513821713,0.15,0.65,-1,1398.5762998684825,1401.4027165246284,23.10594676074703,-3.5787868230445383,-2.4601144317599974,1398.4455094520981,0.0013729191513821713,-1,RELIANCE,5m,2026-03-12 09:50:00
1390.0999755859375,1390.5999755859375,1388.5999755859375,1390.0,421168,-7.191970915287893e-05,-0.01123918642718491,0.0013488692468284719,0.15,0.65,-1,1397.7595094048174,1400.9555511707215,19.367648052186155,-3.803157737002266,-2.728723092808451,1398.2628540207843,0.0013488692468284719,-1,RELIANCE,5m,2026-03-12 09:55:00
1393.800048828125,1396.5999755859375,1391.0,1392.800048828125,201134,-0.0010758086118268784,-0.008753773376647733,0.0015823183840763119,0.2,0.6,-1,1396.9890857174357,1400.384962755297,33.69984171130646,-3.506318462397303,-3.022459631485108,1393.4666748046875,0.0015823183840763119,0,RELIANCE,5m,2026-03-13 03:50:00
1392.699951171875,1396.0,1391.9000244140625,1395.5999755859375,153439,0.0020102862289301804,-0.008031877626010542,0.0016316548408363165,0.15,0.6,-1,1396.8567895144358,1400.197316199636,38.01367858665752,-3.175418849902371,-3.053051475168561,1393.9138390970718,0.0016316548408363165,-1,RELIANCE,5m,2026-03-13 03:55:00
1395.5999755859375,1397.0999755859375,1394.0,1395.9000244140625,172155,0.00021499629791765784,-0.005910786958001069,0.0015966125007562874,0.15,0.55,0,1396.765669028686,1400.0287949531428,40.56951714850453,-2.85604438829796,-3.013650057794441,1394.486730665858,0.0015966125007562874,0,RELIANCE,5m,2026-03-13 04:00:00
1396.0,1396.800048828125,1393.300048828125,1395.800048828125,159319,-7.162087842171871e-05,-0.006052837502279584,0.0015952053948324006,0.15,0.55,0,1396.6737052000612,1399.8629617717695,43.18187072580906,-2.581249977790094,-2.927170041793572,1394.6756055334606,0.0015952053948324006,0,RELIANCE,5m,2026-03-13 04:05:00
1396.199951171875,1397.4000244140625,1391.5,1392.0999755859375,306674,-0.002650861952106953,-0.009533991045224122,0.0016529415798291292,0.15,0.6,-1,1396.238111903478,1399.5585309409526,38.643990648211364,-2.6317017953981576,-2.868076392514489,1394.3639214671066,0.0016529415798291292,0,RELIANCE,5m,2026-03-13 04:10:00
1391.300048828125,1398.0,1390.0999755859375,1397.9000244140625,561072,0.004166402506891709,-0.004628310942042191,0.0019488312450080172,0.2,0.65,0,1396.3963892854385,1399.49349146931,53.75002384176696,-2.1785567112760873,-2.730172456266809,1394.7139744372305,0.0019488312450080172,0,RELIANCE,5m,2026-03-13 04:15:00
1397.800048828125,1399.5,1392.5999755859375,1393.5999755859375,367354,-0.0030760775112851357,-0.005778680079974063,0.002017416747496667,0.25,0.6,0,1396.1300641712005,1399.2623731993738,47.91087203411154,-2.141725492497926,-2.6124830635130323,1394.8132810435702,0.002017416747496667,0,RELIANCE,5m,2026-03-13 04:20:00
1393.699951171875,1394.5,1393.0,1393.800048828125,119498,0.00014356576183449654,-0.006274010345776793,0.002008382226389699,0.25,0.55,0,1395.9081579480505,1399.0481644005013,45.953888761488116,-2.0725017377533277,-2.5044867983610914,1394.7519933723402,0.002008382226389699,0,RELIANCE,5m,2026-03-13 04:25:00
1393.800048828125,1397.800048828125,1392.0,1397.5,844868,0.0026545781620439524,-0.0026405590214163555,0.002106460135863386,0.3,0.55,0,1396.059761952998,1398.9874520710698,52.83013901455951,-1.6994955488125925,-2.3434885484513917,1395.0490908894672,0.002106460135863386,0,RELIANCE,5m,2026-03-13 04:30:00
1397.5,1397.800048828125,1395.800048828125,1396.5,113218,-0.0007155635062612298,-0.0020723341170990617,0.0020938518554210295,0.3,0.5,0,1396.1016893860458,1398.8899049310278,58.6826697464311,-1.467658841821276,-2.1683226071253685,1395.1114226935397,0.0020938518554210295,0,RELIANCE,5m,2026-03-13 04:35:00
1396.5999755859375,1397.5,1394.300048828125,1396.5,138492,0.0,-0.0016443013639096948,0.0020925210253539585,0.3,0.55,0,1396.139623730232,1398.7961831690268,55.33985952104419,-1.2692949392858281,-1.9885170735574604,1395.1550639337156,0.0020925210253539585,0,RELIANCE,5m,2026-03-13 04:40:00
1396.5,1396.699951171875,1395.0,1396.0,86966,-0.0003580379520229382,0.00035829451809377133,0.0020245514390618037,0.3,0.5,0,1396.1263262321147,1398.6865289271043,60.42400845428861,-1.139302765626553,-1.818674211971279,1395.1751566436894,0.0020245514390618037,0,RELIANCE,5m,2026-03-13 04:45:00
1396.0,1398.0,1395.0999755859375,1395.4000244140625,97329,-0.0004297819383506374,0.0002150733520005499,0.0020259444164674365,0.35,0.5,0,1396.0571546303954,1398.557646397181,59.374986754601984,-1.0723348385254212,-1.6694063372821077,1395.2042104314535,0.0020259444164674365,0,RELIANCE,5m,2026-03-13 04:50:00
1396.0,1399.199951171875,1395.0,1399.199951171875,349995,0.0027231809454841827,0.0018616465927165926,0.0021034631130421133,0.4,0.5,0,1396.3564685867268,1398.582834819718,58.65705634203784,-0.7045186888794888,-1.476428807601584,1395.4516566414973,0.0021034631130421133,0,RELIANCE,5m,2026-03-13 04:55:00
1399.4000244140625,1400.5999755859375,1394.0,1394.0,227244,-0.003716374609304296,-0.0010033140243425054,0.0022626844443930936,0.45,0.55,0,1396.1320430070386,1398.4031158071803,51.87492370605469,-0.82312585954719,-1.3457682179907051,1395.4952743096012,0.0022626844443930936,0,RELIANCE,5m,2026-03-13 05:00:00
1394.0,1397.0,1393.4000244140625,1397.0,202928,0.002152080344332896,0.0045301280285630074,0.002171161553427129,0.45,0.55,0,1396.2147055777968,1398.348091657879,52.17394600865106,-0.6673551145199781,-1.2100855972965598,1395.5103508028799,0.002171161553427129,0,RELIANCE,5m,2026-03-13 05:05:00
1397.0,1397.800048828125,1394.0999755859375,1395.300048828125,182483,-0.0012168583907480324,0.0015073914225187668,0.002161090140029245,0.5,0.5,0,1396.1275954111616,1398.228560566516,49.1071785388609,-0.6733159620184779,-1.1027316702409435,1395.5198497245506,0.002161090140029245,0,RELIANCE,5m,2026-03-13 05:10:00
1395.300048828125,1395.800048828125,1393.5999755859375,1394.9000244140625,389134,-0.00028669418767557353,0.003453024179862929,0.002094839361897354,0.5,0.55,0,1396.0106838876284,1398.0980297370081,48.67253131875452,-0.7022238047757128,-1.0226300971478974,1395.457135437632,0.002094839361897354,0,RELIANCE,5m,2026-03-13 05:15:00
1394.9000244140625,1395.300048828125,1394.0,1394.0,213899,-0.0006452250328410347,0.0028776978417266452,0.0021022973049378913,0.5,0.5,0,1395.8191901840448,1397.9373226884982,53.05470402832348,-0.7886666684019019,-0.9758374113986983,1395.4123272202335,0.0021022973049378913,0,RELIANCE,5m,2026-03-13 05:20:00
1394.4000244140625,1395.0999755859375,1392.5,1395.0999755859375,100431,0.000789078612580596,0.0005737120632569592,0.0019925169406528513,0.45,0.5,0,1395.7506935556537,1397.8260541746724,44.69685760260417,-0.7596575641780419,-0.9326014419545671,1395.3885866616529,0.0019925169406528513,0,RELIANCE,5m,2026-03-13 05:25:00
1395.0,1395.0999755859375,1393.199951171875,1393.199951171875,89649,-0.001361927064233881,0.00028712114426365787,0.0020018837022164606,0.45,0.5,0,1395.5077657095796,1397.6446383706411,49.16661156520368,-0.879841466387461,-0.9220494468411459,1395.3611250038368,0.0020018837022164606,0,RELIANCE,5m,2026-03-13 05:30:00
1393.0,1395.0,1392.0999755859375,1392.9000244140625,251086,-0.00021527904703144696,-0.0019346168093342664,0.0019462924189499176,0.45,0.55,0,1395.259409395721,1397.4585750782264,48.132708623527925,-0.9879017412044959,-0.935219905713816,1395.2655703809326,0.0019462924189499176,0,RELIANCE,5m,2026-03-13 05:35:00
1392.9000244140625,1393.4000244140625,1391.0,1392.199951171875,121459,-0.0005026012132364199,-0.0026506720950453255,0.0019468908148937115,0.4,0.6,0,1394.9680324220212,1397.2523545328793,37.440555394851025,-1.1171525087004284,-0.9716064263111386,1395.1972485480276,0.0019468908148937115,0,RELIANCE,5m,2026-03-13 05:40:00
1391.5,1392.0999755859375,1389.699951171875,1390.800048828125,112856,-0.0010055325332913867,-0.003582174971406449,0.0019565699037816823,0.4,0.6,0,1394.5710816035548,1396.9993229366146,36.74414907509397,-1.3173593937478927,-1.0407570197984894,1395.1093892982578,0.0019565699037816823,0,RELIANCE,5m,2026-03-13 05:45:00
1390.699951171875,1390.699951171875,1387.0999755859375,1390.0,175842,-0.0005752436008318318,-0.0015084948083945449,0.0018716840339089618,0.35,0.6,0,1394.1357404984542,1396.7248396841983,35.42588132253121,-1.523025556142784,-1.1372107270673484,1394.9303536566883,0.0018716840339089618,0,RELIANCE,5m,2026-03-13 05:50:00
1390.0,1392.5,1389.5999755859375,1392.0,79968,0.0014388489208632116,-0.004220634030345338,0.0016302655376168747,0.35,0.55,0,1393.9323366414587,1396.5395518534453,41.59656969348816,-1.507259437720677,-1.2112204691980142,1394.8813750601723,0.0016302655376168747,0,RELIANCE,5m,2026-03-13 05:55:00
1392.0999755859375,1394.699951171875,1389.5999755859375,1394.4000244140625,227009,0.0017241554698725903,0.0005740878603190946,0.0015368088728230501,0.35,0.55,0,1393.9768783340878,1396.4556488166068,48.04686382406515,-1.286275380995221,-1.2262314515574557,1394.806973672125,0.0015368088728230501,0,RELIANCE,5m,2026-03-13 06:00:00
1394.300048828125,1395.199951171875,1392.0999755859375,1395.0,115009,0.0004302750827831492,0.0008609205982479384,0.0015392610268733376,0.4,0.55,0,1394.0743184927462,1396.398564549289,40.625068119891004,-1.0506200148136031,-1.1911091642086853,1394.7937749040204,0.0015392610268733376,0,RELIANCE,5m,2026-03-13 06:05:00
1394.5999755859375,1397.5999755859375,1394.300048828125,1397.300048828125,252687,0.0016487805219533858,-0.00014307776162791885,0.0014640803838664198,0.4,0.5,0,1394.3815309056395,1396.4339168739493,58.46166366185897,-0.6705371859059142,-1.0869947685481312,1394.857062897504,0.0014640803838664198,0,RELIANCE,5m,2026-03-13 06:10:00
1397.5999755859375,1397.800048828125,1395.0,1397.699951171875,153990,0.0002861964716063259,0.0008592561202112048,0.0014556440189886326,0.45,0.5,0,1394.6975709309952,1396.4835652777897,52.07087342174453,-0.33320900266289755,-0.9362376153710845,1394.9034032688703,0.0014556440189886326,0,RELIANCE,5m,2026-03-13 06:15:00
1398.4000244140625,1400.0,1397.0,1397.5,120279,-0.0001430572933105445,0.0007160759040458764,0.0014562227296709422,0.5,0.45,0,1394.964468937567,1396.5234254629745,57.14274390437237,-0.0810738072498225,-0.7652048537468321,1394.9620954638249,0.0014562227296709422,0,RELIANCE,5m,2026-03-13 06:20:00
1397.5,1397.5,1395.5999755859375,1395.800048828125,48465,-0.0012164230210196525,-0.000143231498477836,0.0014809125280637765,0.5,0.5,0,1395.044047974763,1396.4950577518039,52.69471145060487,-0.018216709941953013,-0.6158072249858563,1394.971721740839,0.0014809125280637765,0,RELIANCE,5m,2026-03-13 06:25:00
1396.300048828125,1396.9000244140625,1395.800048828125,1396.5,32858,0.0005014695138194636,0.0007882869189423936,0.0014815307297099184,0.45,0.5,0,1395.1827100724047,1396.4952515654586,57.57586967136706,0.08707446217204051,-0.47523088755427695,1394.9786552069638,0.0014815307297099184,0,RELIANCE,5m,2026-03-13 06:30:00
1396.5999755859375,1396.5999755859375,1390.4000244140625,1391.0,86019,-0.003938417472252098,-0.00586045701688831,0.0015914099859284554,0.4,0.5,0,1394.7843567321756,1396.2797515040681,40.191342845962,-0.27017119457264016,-0.4342189489579496,1394.9496427324718,0.0015914099859284554,0,RELIANCE,5m,2026-03-13 06:35:00
1391.0,1391.9000244140625,1389.4000244140625,1391.4000244140625,88813,0.0002875804558322148,-0.001865118784747155,0.0013751980299120967,0.35,0.5,0,1394.462039368546,1396.0883896574014,45.36096096851934,-0.5150748619023489,-0.4503901315468295,1394.8978457303438,0.0013751980299120967,0,RELIANCE,5m,2026-03-13 06:40:00
1391.699951171875,1392.0,1390.199951171875,1390.5,123218,-0.0006468480654522324,-0.004652827487473199,0.001273412765438955,0.4,0.45,0,1394.0847022858272,1395.8692371218172,43.999902343153956,-0.7728779748990746,-0.5148877002172785,1394.8281386716856,0.001273412765438955,0,RELIANCE,5m,2026-03-13 06:45:00
1390.9000244140625,1390.9000244140625,1387.300048828125,1388.199951171875,154263,-0.0016541163812477944,-0.005088581242588819,0.0012947788458163812,0.35,0.5,0,1393.5242497987842,1395.5684808100548,40.74067794694427,-1.1495324232241728,-0.6418166448186574,1394.6993608894973,0.0012947788458163812,0,RELIANCE,5m,2026-03-13 06:50:00
1388.300048828125,1391.0999755859375,1387.0,1387.4000244140625,360243,-0.0005762330974995455,-0.005376729420555004,0.0012967778360570238,0.4,0.5,0,1392.9409902383345,1395.2481491866827,41.904656718847185,-1.4953437987655889,-0.8125220756080438,1394.4047856703357,0.0012967778360570238,0,RELIANCE,5m,2026-03-13 06:55:00
1387.4000244140625,1387.9000244140625,1384.800048828125,1385.5999755859375,209725,-0.0012974259740878846,-0.006025842477806687,0.0013148189040257333,0.4,0.55,0,1392.2418459857254,1394.869789437634,39.999889026372884,-1.8928313208921281,-1.0285839246648607,1394.1812325818357,0.0013148189040257333,0,RELIANCE,5m,2026-03-13 07:00:00
1385.300048828125,1385.5,1382.0,1383.0,117761,-0.0018764258312273796,-0.0086731960416353,0.0013334341217831856,0.4,0.55,0,1391.361670177561,1394.4043074989033,30.088366515788223,-2.390087901255356,-1.3008847199829598,1394.0221910458529,0.0013334341217831856,0,RELIANCE,5m,2026-03-13 07:05:00
1383.300048828125,1384.0,1380.199951171875,1383.5999755859375,167743,0.0004338218264190452,-0.006890594259540861,0.001328154836395037,0.4,0.6,0,1390.6224611688351,1393.9806082081989,24.03810038029954,-2.7045776208808547,-1.5816233001625388,1393.7849621554976,0.001328154836395037,0,RELIANCE,5m,2026-03-13 07:10:00
1383.5999755859375,1385.5,1383.5,1385.199951171875,229643,0.0011563859599375004,-0.005528087520442537,0.0013699536233909375,0.45,0.55,0,1390.1060316453152,1393.6362687165783,27.522622407382514,-2.792517922896195,-1.8238022247092704,1393.5347102134538,0.0013699536233909375,0,RELIANCE,5m,2026-03-13 07:15:00
1385.199951171875,1385.5,1381.5,1383.0999755859375,118035,-0.0015160089950631006,-0.006536399874369825,0.001397236419554346,0.45,0.55,0,1389.4387882110889,1393.223080750671,17.12905140015259,-2.9971128738045536,-2.0584643545283274,1393.3922422553946,0.001397236419554346,0,RELIANCE,5m,2026-03-13 07:20:00
1383.0999755859375,1384.0999755859375,1381.199951171875,1382.199951171875,142773,-0.0006507298315012733,-0.006183561514465308,0.0013904024363152589,0.45,0.55,0,1388.7493751597353,1392.7908011593456,14.931894256581344,-3.1950497501529753,-2.2857814336532574,1393.210717874063,0.0013904024363152589,0,RELIANCE,5m,2026-03-13 07:25:00
1382.199951171875,1384.9000244140625,1382.0999755859375,1384.5,84301,0.001664049276065338,-0.003956834532374054,0.0014564419644323757,0.5,0.5,0,1388.34467276357,1392.4656717021164,23.14044167347639,-3.1302379974683845,-2.454672746416283,1393.119341951555,0.0014564419644323757,0,RELIANCE,5m,2026-03-13 07:30:00
1384.9000244140625,1385.0,1381.699951171875,1382.300048828125,154902,-0.0015889860396351985,-0.006968355726921671,0.0014346322969349572,0.5,0.55,0,1387.7689942935278,1392.0670198247049,22.672010754069845,-3.2192820112413756,-2.6075945993813017,1392.941342210124,0.0014346322969349572,0,RELIANCE,5m,2026-03-13 07:35:00
1382.4000244140625,1383.0,1380.300048828125,1380.5,94989,-0.0013022128080303341,-0.009968462543525458,0.0013622805281066032,0.45,0.6,0,1387.0767091227158,1391.6134112041284,18.992306746027992,-3.3959525039199434,-2.76526618028903,1392.816756526037,0.0013622805281066032,-1,RELIANCE,5m,2026-03-13 07:40:00
1380.199951171875,1382.4000244140625,1380.199951171875,1380.199951171875,123852,-0.00021734793779426553,-0.010609353998655924,0.0013466131906435957,0.4,0.65,0,1386.4217797940642,1391.1658245361969,23.78641352011188,-3.519604762205745,-2.916133896672373,1392.6536786866327,0.0013466131906435957,-1,RELIANCE,5m,2026-03-13 07:45:00
1380.5,1382.4000244140625,1378.5999755859375,1379.300048828125,214115,-0.0006520086767036748,-0.012881986238457599,0.0012449164587098453,0.35,0.7,0,1385.7435197020698,1390.7004999986254,21.327038894770652,-3.648160937718103,-3.0625393048815193,1392.3627517576915,0.0012449164587098453,-1,RELIANCE,5m,2026-03-13 07:50:00
1379.300048828125,1384.0,1378.800048828125,1383.9000244140625,113105,0.003335007194298134,-0.009873311325683476,0.0015212415351747149,0.35,0.7,-1,1385.5679487222596,1390.4338146815837,36.69355831089628,-3.3403574850365203,-3.11810294091252,1392.2402485812463,0.0015212415351747149,-1,RELIANCE,5m,2026-03-13 07:55:00
1383.9000244140625,1384.199951171875,1381.0,1381.0999755859375,234404,-0.0020233028244295292,-0.0117352589724955,0.0015560545550502665,0.35,0.7,-1,1385.1424274711812,1390.0677817758722,35.96838707498421,-3.284499900306855,-3.1513823327913872,1391.9923090100935,0.0015560545550502665,0,RELIANCE,5m,2026-03-13 08:00:00
1381.0999755859375,1381.5,1380.0,1381.0,119544,-7.238837716661006e-05,-0.010603272897540483,0.0015527969315114818,0.35,0.7,-1,1384.747910569164,1389.712182490544,36.991807386749905,-3.2112818974703714,-3.1633622457271846,1391.8548727834382,0.0015527969315114818,-1,RELIANCE,5m,2026-03-13 08:05:00
1381.0999755859375,1383.4000244140625,1380.699951171875,1382.5,272195,0.0010861694424331159,-0.010025062656641603,0.00157856304680014,0.4,0.7,-1,1384.5338238482914,1389.4293518046402,43.62143018612011,-2.9976634405761615,-3.13022248469698,1391.5915037177958,0.00157856304680014,0,RELIANCE,5m,2026-03-13 08:10:00
1382.5,1384.800048828125,1381.800048828125,1384.0999755859375,454477,0.0011573060296112825,-0.004960477652093842,0.001395409495482397,0.45,0.65,0,1384.4925049661624,1389.220356658809,52.36047005076674,-2.6685037658912734,-3.037878740935839,1391.2419278926013,0.001395409495482397,0,RELIANCE,5m,2026-03-13 08:15:00
1384.199951171875,1384.5,1380.199951171875,1383.0,228294,-0.0007947226395057516,-0.006037102390881399,0.0013945449366567534,0.45,0.65,-1,1384.3503616360517,1388.9764211035615,48.73954320943329,-2.467952172740979,-2.9238934272968673,1391.0561595696422,0.0013945449366567534,0,RELIANCE,5m,2026-03-13 08:20:00
1382.699951171875,1384.4000244140625,1381.300048828125,1382.4000244140625,156577,-0.0004338218264190452,-0.0058252251606886185,0.001392582965328355,0.4,0.65,0,1384.1646152339576,1388.7185231941694,43.859790016972106,-2.3305613453878777,-2.8052270109150697,1390.935212637829,0.001392582965328355,0,RELIANCE,5m,2026-03-13 08:25:00
1382.5,1385.5,1382.4000244140625,1382.9000244140625,313604,0.0003616898084271014,-0.0038178410490062875,0.0013613423330893668,0.45,0.6,0,1384.0441780130154,1388.49034677142,49.528415961305924,-2.1564738157476313,-2.675476371881582,1390.7285584679755,0.0013613423330893668,0,RELIANCE,5m,2026-03-13 08:30:00
1382.800048828125,1385.800048828125,1382.300048828125,1385.199951171875,428206,0.0016631186038100765,-0.0015857526333233896,0.0014188125651906334,0.45,0.6,0,1384.1542516471925,1388.3613116498693,56.637211161403926,-1.8120353110959968,-2.502788159724465,1390.4953628092621,0.0014188125651906334,0,RELIANCE,5m,2026-03-13 08:35:00
1385.199951171875,1388.0,1384.199951171875,1387.5,336293,0.0016604453574944333,0.0013712647571741954,0.0014390715630112653,0.5,0.55,0,1384.47289434746,1388.3275347224235,56.637211161403926,-1.338046430152417,-2.2698398138100555,1390.3842993022151,0.0014390715630112653,0,RELIANCE,5m,2026-03-13 08:40:00
1387.5,1387.699951171875,1384.800048828125,1387.699951171875,178651,0.00014410895270278168,0.003398373949295097,0.0013642506290957562,0.5,0.5,0,1384.7802330926422,1388.3029236027942,63.106652286760614,-0.9354887070965106,-2.0029695924673465,1390.330280519458,0.0013642506290957562,0,RELIANCE,5m,2026-03-13 08:45:00
1387.9000244140625,1388.199951171875,1385.4000244140625,1386.0,181133,-0.0012250134983714522,0.0017346230532029328,0.0013974232598530734,0.55,0.45,0,1384.8964013695334,1388.2126128732727,63.41479390713018,-0.7450422801557579,-1.7513841300050288,1390.2741633037465,0.0013974232598530734,0,RELIANCE,5m,2026-03-13 08:50:00
1386.0,1387.5,1385.5999755859375,1385.5999755859375,236922,-0.00028861790336398574,0.0002887846001755623,0.0013764531129678763,0.5,0.45,0,1384.9634084377624,1388.1101565090635,63.10702624545934,-0.6192523857523611,-1.5249577811544954,1390.1975286386341,0.0013764531129678763,0,RELIANCE,5m,2026-03-13 08:55:00
1386.0999755859375,1389.0,1386.0999755859375,1386.300048828125,290629,0.0005052491732986386,0.002313696261061482,0.0013315713071885553,0.55,0.4,0,1385.090707522559,1388.0391718941248,67.15694487661264,-0.45779574391417555,-1.3115253737064316,1390.1278637348328,0.0013315713071885553,0,RELIANCE,5m,2026-03-13 09:00:00
1386.4000244140625,1388.199951171875,1384.699951171875,1384.9000244140625,366755,-0.0010098999962135924,0.001953460669636309,0.0013448180039844725,0.55,0.4,0,1385.0725472265117,1387.9160680713771,52.90698499666435,-0.4377641886794663,-1.1367731367010385,1390.0108768823595,0.0013448180039844725,0,RELIANCE,5m,2026-03-13 09:05:00
1384.699951171875,1385.0999755859375,1383.4000244140625,1384.300048828125,367077,-0.0004332266411731789,-0.00014442121478874803,0.00129723972099384,0.5,0.45,0,1384.998975950475,1387.7742633951714,60.666997615540495,-0.4649424848673789,-1.0024070063343067,1389.8548841562258,0.00129723972099384,0,RELIANCE,5m,2026-03-13 09:10:00
1384.300048828125,1385.5999755859375,1380.0,1381.699951171875,434169,-0.0018782760706040902,-0.00043412980905177534,0.0013172725179462158,0.5,0.45,0,1384.6847831144178,1387.5360550726891,51.99986049107143,-0.6883527295603926,-0.9395961509795239,1389.6239209766604,0.0013172725179462158,0,RELIANCE,5m,2026-03-13 09:15:00
1381.699951171875,1382.800048828125,1379.5,1380.0,236260,-0.0012303330910833354,-0.0003621876131836288,0.0013136857864271428,0.5,0.45,0,1384.2386132939969,1387.240523501211,42.93783362529138,-0.9911534109985496,-0.9499076029833291,1389.4764239436847,0.0013136857864271428,0,RELIANCE,5m,2026-03-13 09:20:00
1380.800048828125,1382.0999755859375,1379.5,1381.5999755859375,208070,0.0011594025985053324,0.0010143634716650585,0.0013384880648006922,0.5,0.4,0,1383.987314464658,1387.0193255437493,42.93783362529138,-1.0894618364836788,-0.9778184496833991,1389.3548709842814,0.0013384880648006922,0,RELIANCE,5m,2026-03-13 09:25:00
1381.699951171875,1382.199951171875,1378.699951171875,1378.800048828125,335079,-0.0020265828078239734,-0.00036250270593751743,0.001409901236238033,0.55,0.4,0,1383.4932891659405,1386.697000966666,39.175329088117586,-1.3774245683389381,-1.057739673414507,1389.139799762043,0.001409901236238033,0,RELIANCE,5m,2026-03-13 09:30:00
1378.800048828125,1380.9000244140625,1378.5999755859375,1379.9000244140625,371507,0.0007977774492191614,-0.0028903822020622805,0.0011892878427199112,0.5,0.45,0,1383.1510734752853,1386.430452866564,43.71856213961477,-1.4995919090245025,-1.1461101205365063,1388.9100443025093,0.0011892878427199112,0,RELIANCE,5m,2026-03-13 09:35:00
1380.0,1383.5,1379.699951171875,1382.5,464744,0.0018841767808805976,0.001013702439223163,0.0011852684971805053,0.5,0.45,0,1383.089066477639,1386.2763174600323,49.090848559839756,-1.3708122356517833,-1.1910505435595617,1388.7007612732318,0.0011852684971805053,0,RELIANCE,5m,2026-03-13 09:40:00
1382.4000244140625,1382.9000244140625,1379.699951171875,1379.9000244140625,451621,-0.0018806333352170412,-0.0007965065792451265,0.001261704119295299,0.5,0.4,0,1382.78534818587,1386.0262667523473,38.1167171189122,-1.4617001481478837,-1.2451804644772262,1388.478949263765,0.001261704119295299,0,RELIANCE,5m,2026-03-13 09:45:00
1379.9000244140625,1380.4000244140625,1379.0,1380.0,334732,7.245132558053591e-05,-0.001808318264014508,0.001234182270086354,0.45,0.45,0,1382.5200769300727,1385.7899425659807,31.34314761505665,-1.5082758146365904,-1.2977995345090991,1388.3013012415938,0.001234182270086354,0,RELIANCE,5m,2026-03-13 09:50:00
1380.0,1382.199951171875,1379.5999755859375,1382.0999755859375,237407,0.001521721439085244,-0.00144498232445478,0.0012560585346787724,0.45,0.45,0,1382.4800672782503,1385.6452379785283,37.272712139959935,-1.3600589730972388,-1.3102514222267272,1388.201114283638,0.0012560585346787724,0,RELIANCE,5m,2026-03-13 09:55:00
1379.4000244140625,1382.9000244140625,1377.0,1380.5,237981,0.0007974304527105236,-0.0013744389326583173,0.0013301841948505167,0.55,0.45,0,1382.0260889233168,1385.20815793119,39.24048024970513,-1.4052367661520293,-1.3506188458162343,1380.1333414713542,0.0013301841948505167,0,RELIANCE,5m,2026-03-16 03:50:00
1381.300048828125,1384.5999755859375,1379.199951171875,1382.0,179955,0.0010865628395508864,-0.0006508239194252807,0.0013521992400496706,0.55,0.45,0,1382.0236042639533,1385.0823478162415,41.22430269753167,-1.239338547333773,-1.328362786119742,1380.9083719594908,0.0013521992400496706,0,RELIANCE,5m,2026-03-16 03:55:00
1382.0,1387.0,1381.9000244140625,1386.5,147859,0.0032561505065122898,0.0009385279193989682,0.0014965050652931894,0.55,0.4,0,1382.4499276673864,1385.1379420195262,52.89853469970853,-0.736263435184128,-1.2099429159326192,1382.0124816936784,0.0014965050652931894,0,RELIANCE,5m,2026-03-16 04:00:00
1386.699951171875,1389.199951171875,1385.0999755859375,1385.5,309826,-0.0007212405337180261,-0.0014414414414414267,0.0014556424280551046,0.55,0.4,0,1382.740410746683,1385.1521403717015,52.14278863341093,-0.4134978808199321,-1.0506539089100817,1383.6357009662438,0.0014556424280551046,0,RELIANCE,5m,2026-03-16 04:05:00
1385.800048828125,1388.300048828125,1383.699951171875,1383.800048828125,400848,-0.0012269586227896534,-0.0028103354334318986,0.0014770999980419283,0.55,0.45,0,1382.8413286592013,1385.0991171739145,53.87477477477477,-0.29151529916498475,-0.8988261869610624,1384.1478762429656,0.0014770999980419283,0,RELIANCE,5m,2026-03-16 04:10:00
1383.800048828125,1384.800048828125,1381.4000244140625,1383.0999755859375,163670,-0.0005059063574830436,-0.002092369707115793,0.0014579178481450492,0.5,0.5,0,1382.865961699843,1385.020719464582,55.938711653859286,-0.2484690872831834,-0.7687547670254867,1384.028788265495,0.0014579178481450492,0,RELIANCE,5m,2026-03-16 04:15:00
1383.0,1383.5999755859375,1380.199951171875,1381.0,162416,-0.0015183107678444774,-0.003319843870516981,0.0014916655048448325,0.5,0.55,0,1382.6882510617625,1384.8630441914613,48.87221495605883,-0.3794312861139133,-0.6908900708431721,1383.782632570269,0.0014916655048448325,0,RELIANCE,5m,2026-03-16 04:20:00
1381.0,1381.4000244140625,1379.4000244140625,1379.5,285027,-0.0010861694424330048,-0.004905178236034313,0.0014964574311772036,0.45,0.6,0,1382.3846081034992,1384.6527287329725,51.38331339020342,-0.5973711138460658,-0.6721862794437509,1383.2265533776858,0.0014964574311772036,-1,RELIANCE,5m,2026-03-16 04:25:00
1380.0999755859375,1381.9000244140625,1377.5,1378.9000244140625,290388,-0.00043492249796117655,-0.004332442699276129,0.001486474367496279,0.5,0.6,0,1382.0527429902195,1384.4271324851723,47.98385508958456,-0.8091753434109705,-0.6995840922371949,1382.7208068082325,0.001486474367496279,-1,RELIANCE,5m,2026-03-16 04:30:00
1378.9000244140625,1379.5,1375.9000244140625,1376.0999755859375,150639,-0.002030639479693064,-0.005923624180414699,0.001540686681030819,0.5,0.6,0,1381.4858127612401,1384.1005773126533,37.1998886713314,-1.1892631751607041,-0.7975199088218967,1382.3615064204107,0.001540686681030819,-1,RELIANCE,5m,2026-03-16 04:35:00
1376.0999755859375,1376.5999755859375,1370.300048828125,1372.699951171875,338891,-0.0024707684575132616,-0.00651371521897115,0.0015779598923261716,0.45,0.6,-1,1380.6490640384436,1383.6534939345836,36.04633007338434,-1.7447269490189683,-0.9869613168613112,1381.1975870838703,0.0015779598923261716,-1,RELIANCE,5m,2026-03-16 04:40:00
1372.300048828125,1372.300048828125,1366.0999755859375,1366.5999755859375,269111,-0.004443779269264203,-0.00971016261888591,0.0018199809454404806,0.45,0.6,-1,1379.3110556143954,1382.9847285091464,28.930730696147876,-2.6466441752902483,-1.3188978885470988,1380.018707010527,0.0018199809454404806,-1,RELIANCE,5m,2026-03-16 04:45:00
1366.5999755859375,1367.9000244140625,1363.800048828125,1364.0,212928,-0.0019025139999894192,-0.012738836057429204,0.0018029731140816766,0.45,0.65,-1,1377.8528598415958,1382.240229351925,21.981398407413437,-3.530518753437491,-1.7612220615251775,1379.0191274378021,0.0018029731140816766,-1,RELIANCE,5m,2026-03-16 04:50:00
1364.0,1366.800048828125,1363.5,1366.199951171875,128055,0.0016128674280608823,-0.00913845170440708,0.0018388902962786023,0.4,0.65,-1,1376.743059015908,1381.6111988350606,29.245120055277255,-4.007284568720252,-2.2104345629641924,1378.490937593652,0.0018388902962786023,0,RELIANCE,5m,2026-03-16 04:55:00
1366.5,1369.4000244140625,1366.5,1367.9000244140625,132642,0.001244380985908622,-0.00869628218543983,0.0018575502925286401,0.45,0.6,-1,1375.9008652443038,1381.0735057205118,30.55560788332498,-4.199533600477025,-2.608254370466759,1378.080297513197,0.0018575502925286401,0,RELIANCE,5m,2026-03-16 05:00:00
1367.800048828125,1373.0,1367.5999755859375,1372.4000244140625,288291,0.0032897141016774434,-0.007305588127260343,0.0019729146482358574,0.45,0.6,-1,1375.5674518319,1380.7333691986903,36.44072180057035,-3.9433237695116077,-2.875268250275729,1377.5284058951618,0.0019729146482358574,-1,RELIANCE,5m,2026-03-16 05:05:00
1372.4000244140625,1373.0,1371.699951171875,1372.5,72238,7.284726330447633e-05,-0.005362725040319316,0.001942029005303615,0.45,0.6,0,1375.2753135621952,1380.4104919752122,27.41935483870968,-3.689676148429726,-3.0381498299065286,1377.4301587329005,0.001942029005303615,0,RELIANCE,5m,2026-03-16 05:10:00
1372.5999755859375,1373.4000244140625,1371.300048828125,1372.199951171875,96042,-0.00021861481102003477,-0.005652209295742727,0.001940441038738573,0.5,0.6,0,1374.9824219059742,1380.0885099829245,28.0527600738061,-3.47283730739332,-3.125087325403887,1377.3027383771823,0.001940441038738573,0,RELIANCE,5m,2026-03-16 05:15:00
1372.300048828125,1373.800048828125,1370.5999755859375,1371.5,125373,-0.0005100941530257197,-0.007669470930598665,0.0018936849791417849,0.5,0.65,-1,1374.650762676834,1379.7517056698687,29.010190562689047,-3.3192093937125264,-3.1639117390656155,1377.1351611892114,0.0018936849791417849,0,RELIANCE,5m,2026-03-16 05:20:00
1371.4000244140625,1375.5,1369.800048828125,1375.5,175631,0.002916514764855993,-0.0028273338734491338,0.0019917056025636143,0.5,0.65,0,1374.7316424218973,1379.5849721141876,38.34358699762974,-2.841931576512934,-3.0995157065550796,1376.9861906537806,0.0019917056025636143,-1,RELIANCE,5m,2026-03-16 05:25:00
1375.4000244140625,1375.4000244140625,1373.199951171875,1374.9000244140625,83977,-0.0004361872671301281,-0.004056483582714598,0.0019802259488490544,0.45,0.65,0,1374.7476788021036,1379.401248674967,40.19295759721476,-2.483470580416679,-2.9763066813274,1376.937085940062,0.0019802259488490544,0,RELIANCE,5m,2026-03-16 05:30:00
1374.800048828125,1375.0,1372.0,1375.0,76989,7.27148041037573e-05,-0.00506512301013029,0.0019583773107396773,0.4,0.7,0,1374.7717093923795,1379.2286506877135,42.42422996933852,-2.1663481512018734,-2.814314975302295,1376.8848487124478,0.0019583773107396773,0,RELIANCE,5m,2026-03-16 05:35:00
1375.199951171875,1376.4000244140625,1374.5999755859375,1375.4000244140625,144156,0.00029092684659093315,-0.008005752315858317,0.0017832162337978253,0.4,0.7,-1,1374.8315489182542,1379.0785084809038,44.06779661016949,-1.8612918998269379,-2.6237103602072236,1376.8391430696745,0.0017832162337978253,0,RELIANCE,5m,2026-03-16 05:40:00
1375.4000244140625,1378.800048828125,1375.300048828125,1378.800048828125,86177,0.0024720258497239467,-0.00483576410817399,0.0018925726375430382,0.4,0.7,0,1375.2095012906227,1379.0675884945204,54.485175136568806,-1.3298493917893666,-2.364938166523652,1376.854155899418,0.0018925726375430382,0,RELIANCE,5m,2026-03-16 05:45:00
1378.300048828125,1380.0,1377.0,1378.800048828125,105793,0.0,-0.0036132387798615273,0.0018787539733731333,0.45,0.65,0,1375.5514581989562,1379.057096742897,61.423424741457346,-0.8983220776085545,-2.071614948740633,1376.8937493929643,0.0018787539733731333,0,RELIANCE,5m,2026-03-16 05:50:00
1378.800048828125,1380.5,1377.0,1378.0,109571,-0.000580250072376276,-0.003687351367190117,0.0018795075907657721,0.5,0.6,0,1375.7846526561984,1379.015641968666,76.6355406738958,-0.6138151473446669,-1.78005498846144,1376.9306117751373,0.0018795075907657721,0,RELIANCE,5m,2026-03-16 05:55:00
1377.800048828125,1379.699951171875,1377.0,1377.5999755859375,160603,-0.0002902934790003364,-0.002462001748053999,0.0018534677927465012,0.5,0.55,0,1375.9575405542687,1378.9601256399314,85.41646798527533,-0.4158265923069848,-1.5072093092305492,1376.9686665686302,0.0018534677927465012,0,RELIANCE,5m,2026-03-16 06:00:00
1377.4000244140625,1379.0,1375.800048828125,1376.5,156927,-0.0007984724197382942,-0.002174700978615496,0.0018466918477574343,0.5,0.55,0,1376.009203358624,1378.8636501246401,78.45302004370228,-0.343715929633845,-1.2745106333112086,1376.9727145457202,0.0018466918477574343,0,RELIANCE,5m,2026-03-16 06:05:00
1376.5,1376.9000244140625,1372.0999755859375,1372.5,169723,-0.002905920813657814,-0.004641398434075739,0.0019495634459498832,0.45,0.55,0,1375.6749935149458,1378.6140952177914,61.2744364726509,-0.602390300135994,-1.1400865666761657,1376.8714502274631,0.0019495634459498832,0,RELIANCE,5m,2026-03-16 06:10:00
1372.699951171875,1374.9000244140625,1372.5,1374.0999755859375,189879,0.0011657381318306292,-0.0014533827741319838,0.0019251119412151982,0.45,0.5,0,1375.5249918074212,1378.437070918503,54.857003348214285,-0.670557178430272,-1.046180689026987,1376.7656328595644,0.0019251119412151982,0,RELIANCE,5m,2026-03-16 06:15:00
1374.0999755859375,1374.5999755859375,1373.5,1374.4000244140625,37132,0.0002183602601382173,0.00123848860104947,0.0018407393984435695,0.45,0.45,0,1375.4178520556727,1378.2787553693092,55.36727839502341,-0.6923870805092065,-0.9754219673234309,1376.7480505277654,0.0018407393984435695,0,RELIANCE,5m,2026-03-16 06:20:00
1374.0999755859375,1375.0,1373.0,1373.0,125244,-0.0010186440550009612,0.004683173224350856,0.0015329196976302066,0.5,0.45,0,1375.1875804313229,1378.0717453548266,52.127783910135705,-0.8132826883252164,-0.9429941115237881,1376.6793070155313,0.0015329196976302066,0,RELIANCE,5m,2026-03-16 06:25:00
1373.0999755859375,1376.9000244140625,1373.0,1375.9000244140625,160784,0.0021121809279407433,0.008724358074825966,0.0015008407119708183,0.55,0.4,0,1375.255432239203,1377.9865798277378,60.47618770817227,-0.6673923116939022,-0.887873751557811,1376.6399760107902,0.0015008407119708183,0,RELIANCE,5m,2026-03-16 06:30:00
1376.0,1377.0999755859375,1376.0,1376.699951171875,67612,0.0005813843619584258,0.007685551438494365,0.001475765690890582,0.6,0.35,0,1375.393005470886,1377.9361238020176,53.3706401130176,-0.4816733030352225,-0.8066336618532934,1376.6395130984752,0.001475765690890582,0,RELIANCE,5m,2026-03-16 06:35:00
1376.5999755859375,1377.699951171875,1375.5,1376.9000244140625,143401,0.00014532813923406884,0.006579428203355109,0.001462440830416855,0.6,0.4,0,1375.5365310845218,1377.8954924534703,55.74707805418754,-0.3147175441336003,-0.7082504383093549,1376.6409619851054,0.001462440830416855,0,RELIANCE,5m,2026-03-16 06:40:00
1377.0,1378.5999755859375,1375.800048828125,1378.5999755859375,197919,0.0012346220798409302,0.004517597684044139,0.001307446914611167,0.6,0.4,0,1375.8282877037043,1377.9231192429788,59.47355909771345,-0.04471658491115704,-0.5755436676297153,1376.67379127995,0.001307446914611167,0,RELIANCE,5m,2026-03-16 06:45:00
1378.5999755859375,1379.699951171875,1378.0999755859375,1379.699951171875,112946,0.0007978932289405272,0.0052458660632968,0.0013130108168430046,0.65,0.4,0,1376.1970175578158,1377.992798926465,60.91347911490058,0.2550795590545931,-0.40941902229285365,1376.7185064818325,0.0013130108168430046,0,RELIANCE,5m,2026-03-16 06:50:00
1379.199951171875,1379.9000244140625,1378.699951171875,1379.199951171875,109959,-0.00036239763549694715,0.005101297368522717,0.0013161733066735359,0.65,0.35,0,1376.4830112353452,1378.0401382302066,51.19018208768692,0.44716964838335116,-0.23810128815761272,1376.762241119552,0.0013161733066735359,0,RELIANCE,5m,2026-03-16 06:55:00
1379.199951171875,1379.5,1376.0999755859375,1376.9000244140625,199987,-0.0016675803648762422,0.0039373127335491365,0.0013757011079099579,0.6,0.35,0,1376.5227267761754,1377.9954278844755,45.0261077415685,0.4091016904149001,-0.10866069244311018,1376.7845736973607,0.0013757011079099579,0,RELIANCE,5m,2026-03-16 07:00:00
1376.5999755859375,1379.699951171875,1375.199951171875,1379.699951171875,209829,0.002033500405379085,0.0030533996160486687,0.0012956852707564838,0.6,0.35,0,1376.825319575766,1378.0622719349617,54.028348278854494,0.597970220374691,0.03266549012045007,1376.82814309063,0.0012956852707564838,0,RELIANCE,5m,2026-03-16 07:05:00
1379.699951171875,1381.699951171875,1379.5,1380.0999755859375,289353,0.0002899358035945987,0.00378205766204065,0.001288452667232122,0.65,0.35,0,1377.1371915767345,1378.1421818820588,55.92421174428695,0.771040443882157,0.18034048087279148,1376.9749484691329,0.001288452667232122,0,RELIANCE,5m,2026-03-16 07:10:00
1380.0,1380.0999755859375,1374.0999755859375,1374.300048828125,336334,-0.004202541019066475,-0.000509055397727276,0.0016206730231003354,0.65,0.35,0,1376.8669875054384,1377.9915099975908,45.73649646088043,0.43517776715953005,0.23130793813013922,1376.9384194742822,0.0016206730231003354,0,RELIANCE,5m,2026-03-16 07:15:00
1374.300048828125,1377.5999755859375,1373.300048828125,1377.5,133491,0.0023284225119570845,0.0015268107813448673,0.0017034491289326104,0.6,0.4,0,1376.9272744096822,1377.9722350957245,60.00009765720369,0.4223449627295395,0.2695153430500193,1376.9242330454517,0.0017034491289326104,0,RELIANCE,5m,2026-03-16 07:20:00
1377.300048828125,1378.4000244140625,1376.0999755859375,1378.4000244140625,210406,0.0006533752552178029,-0.0002901250361881935,0.0016151607741159437,0.6,0.4,0,1377.0675363148612,1377.989011147424,58.847908210424784,0.47927454257160207,0.31146718295433584,1376.9433957233316,0.0016151607741159437,0,RELIANCE,5m,2026-03-16 07:25:00
1378.4000244140625,1380.800048828125,1376.800048828125,1376.800048828125,177425,-0.0011607483731854717,-0.0014505366472099546,0.0016353868151967336,0.6,0.4,0,1377.0420613161243,1377.942385174118,54.68759685856385,0.39078229151755295,0.32733020466697926,1376.969908594897,0.0016353868151967336,0,RELIANCE,5m,2026-03-16 07:30:00
1376.800048828125,1378.5,1374.699951171875,1377.800048828125,245550,0.0007263218801096816,-0.00014510244693399788,0.0016400760354967556,0.55,0.45,0,1377.1142506029814,1377.9368033566282,59.52401712879537,0.3967694761161056,0.3412180589568045,1376.9708087001873,0.0016400760354967556,1,RELIANCE,5m,2026-03-16 07:35:00
1377.800048828125,1379.4000244140625,1377.0,1378.0999755859375,134842,0.00021768525706433728,0.00036295006450437484,0.001639374483117474,0.6,0.45,0,1377.2081291727868,1377.9432022675815,54.86723273701495,0.4208644820387235,0.35714734357318834,1376.9901346060572,0.001639374483117474,0,RELIANCE,5m,2026-03-16 07:40:00
1378.199951171875,1381.5999755859375,1378.0,1380.5999755859375,303169,0.0018140918977500586,0.0029785510976660934,0.001674484027925807,0.65,0.4,0,1377.5311621645155,1378.0473894565366,58.02484640540934,0.6343763586787645,0.4125931465943036,1377.0979992296725,0.001674484027925807,0,RELIANCE,5m,2026-03-16 07:45:00
1380.5999755859375,1382.5,1379.5999755859375,1381.5,440074,0.0006519081775882007,0.006557377049180246,0.0015140401213532106,0.7,0.35,1,1377.909146720276,1378.1827859484372,59.20008593875887,0.8662252026531405,0.503319557806071,1377.2966531077925,0.0015140401213532106,0,RELIANCE,5m,2026-03-16 07:50:00
1381.5,1382.699951171875,1379.5,1380.0,318961,-0.0010857763300760048,0.004293737369107209,0.0015320653908923792,0.75,0.4,0,1378.1082756040591,1378.254049244577,52.82266599067725,0.9183435253949028,0.5863243513238374,1377.4131913783726,0.0015320653908923792,0,RELIANCE,5m,2026-03-16 07:55:00
1379.300048828125,1380.699951171875,1376.5,1377.0,300201,-0.0021739130434782483,0.0018917167780507782,0.0016225347333527632,0.75,0.45,0,1378.0027255465297,1378.2048708428288,44.9438561840493,0.7093952765412723,0.6109385363673244,1377.4334020214328,0.0016225347333527632,0,RELIANCE,5m,2026-03-16 08:00:00
1376.699951171875,1377.300048828125,1375.9000244140625,1376.300048828125,431757,-0.0005083160289578448,0.002403531557265026,0.0016080350492810775,0.7,0.45,0,1377.8405658590625,1378.1301719402913,44.609778455450574,0.4817685461896417,0.5851045383317879,1377.3936519717356,0.0016080350492810775,0,RELIANCE,5m,2026-03-16 08:05:00
1376.300048828125,1376.699951171875,1375.5,1375.699951171875,392193,-0.00043602240424311933,-0.00014541263074163702,0.0015415633441576973,0.65,0.5,0,1377.6366977936161,1378.0348691650593,47.61888614928525,0.2500672373391808,0.5180970781332666,1377.3405031480504,0.0015415633441576973,0,RELIANCE,5m,2026-03-16 08:10:00
1375.699951171875,1378.4000244140625,1375.0,1377.199951171875,201471,0.001090354040299335,0.00036318734490725646,0.0015559071895664173,0.65,0.55,0,1377.5951028772597,1378.0021272829738,44.76985310642123,0.18534322342679843,0.451546307191973,1377.3316074064915,0.0015559071895664173,0,RELIANCE,5m,2026-03-16 08:15:00
1377.0999755859375,1380.9000244140625,1377.0999755859375,1380.800048828125,283912,0.0026140704210646515,0.002832467386818527,0.0016608221976332053,0.65,0.5,0,1377.900335824961,1378.1118496965091,51.29164921194759,0.41970862985272106,0.4451787717241226,1377.3900727605817,0.0016608221976332053,0,RELIANCE,5m,2026-03-16 08:20:00
1380.5,1381.9000244140625,1379.9000244140625,1381.5,291721,0.0005069171111842241,0.0021036010919919246,0.0016435235587889398,0.65,0.5,0,1378.2431609844884,1378.2447183358618,66.363525390625,0.6543818066625136,0.4870193787118008,1377.485787072776,0.0016435235587889398,0,RELIANCE,5m,2026-03-16 08:25:00
1381.5,1383.4000244140625,1380.5,1382.0,286835,0.0003619254433586683,0.0016670645136802609,0.001636746055179016,0.65,0.5,0,1378.600955176442,1378.391984283475,61.658001593867404,0.8706712550838347,0.5637497539862075,1377.5966429288237,0.001636746055179016,0,RELIANCE,5m,2026-03-16 08:30:00
1381.800048828125,1384.4000244140625,1381.5,1384.199951171875,331580,0.0015918604716895768,0.0036252901515487768,0.0016667181768332301,0.65,0.5,0,1379.134192890293,1378.6197476908635,64.07750881455364,1.2057013009757611,0.6921400633841183,1377.7570714768467,0.0016667181768332301,1,RELIANCE,5m,2026-03-16 08:35:00
1384.0999755859375,1386.9000244140625,1383.5999755859375,1383.699951171875,418113,-0.00036121948969636275,0.004938576975264564,0.0016152095572868482,0.7,0.45,0,1379.5690270123484,1378.8189713567856,67.69205729166666,1.4145630030168377,0.8366246513106622,1377.9933728843766,0.0016152095572868482,1,RELIANCE,5m,2026-03-16 08:40:00
1383.699951171875,1387.199951171875,1382.0,1387.199951171875,246891,0.002529450114553855,0.005435964532454873,0.0016475539457551174,0.7,0.45,0,1380.295781694208,1379.147637231887,71.36341441761364,1.8412829917610907,1.037556319400748,1378.1399160655715,0.0016475539457551174,1,RELIANCE,5m,2026-03-16 08:45:00
1387.300048828125,1393.0999755859375,1387.0,1393.0999755859375,776462,0.004253189606212349,0.009419607441468747,0.001872731497147265,0.7,0.45,1,1381.5152287315157,1379.6947877555754,77.17381689517913,2.625281705525822,1.3551013966257628,1378.8907949349425,0.001872731497147265,1,RELIANCE,5m,2026-03-16 08:50:00
1392.699951171875,1395.0,1390.300048828125,1390.5999755859375,938602,-0.0017945589288725916,0.011860529854242241,0.00161633688026199,0.75,0.4,1,1382.380442717651,1380.1224421802956,68.11587793011941,3.010177772372572,1.6861166717751246,1379.7487042862585,0.00161633688026199,1,RELIANCE,5m,2026-03-16 08:55:00
1391.0,1392.800048828125,1389.699951171875,1391.0999755859375,782961,0.000359557032056923,0.009872940534255914,0.0015640579336164047,0.75,0.4,1,1383.2108744193924,1380.5529336863992,67.64696642626659,3.3173165395899105,2.012356645338082,1380.342917035182,0.0015640579336164047,1,RELIANCE,5m,2026-03-16 09:00:00
1391.4000244140625,1392.5,1389.5,1392.300048828125,643631,0.0008626793639918695,0.010084173075933567,0.001565890120061686,0.7,0.45,1,1384.0765100773672,1381.0136048684278,72.86241979252698,3.615880487190225,2.333061413708511,1380.7966410111464,0.001565890120061686,1,RELIANCE,5m,2026-03-16 09:05:00
1392.4000244140625,1395.0,1391.4000244140625,1393.699951171875,791673,0.0010054602417979286,0.012274768843983264,0.0015189700101955125,0.7,0.45,1,1384.9930282768441,1381.5111086450336,83.00379237472136,3.9202646161540997,2.650502054197629,1381.398875773782,0.0015189700101955125,0,RELIANCE,5m,2026-03-16 09:10:00
1393.4000244140625,1394.300048828125,1391.9000244140625,1393.4000244140625,714204,-0.00021520181410661365,0.01132237990498397,0.0015297686144495495,0.7,0.4,1,1385.793694575627,1381.977340635976,84.33726670621283,4.090141048580563,2.938429853074216,1381.887814190705,0.0015297686144495495,0,RELIANCE,5m,2026-03-16 09:15:00
1393.5999755859375,1395.5999755859375,1392.5,1392.5999755859375,634652,-0.0005741702412137561,0.010521733006950251,0.0015493312992185795,0.7,0.4,1,1386.441911814704,1382.3939145555823,83.66542002441409,4.112802266630297,3.1733043357854323,1382.3025204667965,0.0015493312992185795,0,RELIANCE,5m,2026-03-16 09:20:00
1392.9000244140625,1393.699951171875,1390.5999755859375,1392.699951171875,592929,7.179059865736193e-05,0.008764287845798524,0.0015217482691060888,0.65,0.45,0,1387.0379155630062,1382.7980728542605,82.70048931238733,4.091662501112978,3.3569759688509415,1382.6246040944106,0.0015217482691060888,0,RELIANCE,5m,2026-03-16 09:25:00
1393.199951171875,1395.0,1391.4000244140625,1394.0999755859375,799325,0.001005259182270013,0.009120503500497756,0.0015264126403729073,0.65,0.45,0,1387.7104927080472,1383.241284726091,80.93023783974064,4.140154233512021,3.5136116217831574,1383.075832436687,0.0015264126403729073,0,RELIANCE,5m,2026-03-16 09:30:00
1394.0999755859375,1397.300048828125,1394.0999755859375,1395.0999755859375,654402,0.0007173086704772569,0.010942011294157616,0.0014832473690328488,0.65,0.4,0,1388.414252982132,1383.7063314264772,81.19270935408909,4.2107371664910715,3.6530367307247404,1383.4839944981568,0.0014832473690328488,0,RELIANCE,5m,2026-03-16 09:35:00
1395.300048828125,1397.0,1394.5,1396.9000244140625,755137,0.001290265113343514,0.014451724338462313,0.00134479725943269,0.65,0.35,0,1389.222421689935,1384.2237311514805,82.25116918117685,4.361645215182762,3.794758427616345,1383.9460085062747,0.00134479725943269,0,RELIANCE,5m,2026-03-16 09:40:00
1397.0,1397.0999755859375,1393.0,1393.9000244140625,709677,-0.002147612533157761,0.012787891420132702,0.0014678371244702282,0.7,0.35,0,1389.6679076636615,1384.6031936323661,70.2930195261225,4.1908564189704975,3.873978025887175,1384.301792219782,0.0014678371244702282,1,RELIANCE,5m,2026-03-16 09:45:00
1393.9000244140625,1396.699951171875,1393.199951171875,1395.800048828125,470679,0.0013630994911999483,0.014610815126603782,0.0014537055544756189,0.7,0.3,0,1390.2519211078961,1385.042285992984,73.91319032317209,4.160857384666997,3.93135389764314,1384.537218055763,0.0014537055544756189,1,RELIANCE,5m,2026-03-16 09:50:00
1395.5,1396.0,1392.5999755859375,1395.0,237817,-0.0005731829776024489,0.012924810818486288,0.001479160960046781,0.65,0.3,0,1390.7041190976204,1385.4327845814946,67.25667062763314,4.026115130651078,3.9503061442447276,1384.6448204845674,0.001479160960046781,0,RELIANCE,5m,2026-03-16 09:55:00
1399.5,1401.699951171875,1397.0,1397.0,192561,-0.0023566726508984503,0.011219688744118717,0.0017242463370184553,0.6,0.3,1,1392.130586960793,1386.4465669224626,64.03503605865757,4.197830196842688,4.055355907944564,1398.566650390625,0.0017242463370184553,0,RELIANCE,5m,2026-03-17 03:50:00
1397.0,1399.5999755859375,1396.0,1398.199951171875,166593,0.0008589485840193589,0.011722106491950157,0.0017248316112615089,0.55,0.35,0,1392.7086216475627,1386.9074839518514,65.10625256476186,4.167655092031055,4.077815744761862,1398.2728759770384,0.0017248316112615089,0,RELIANCE,5m,2026-03-17 03:55:00
1398.4000244140625,1401.0,1398.0999755859375,1400.0,100861,0.0012874044421302688,0.01141457114974509,0.0017167957850370067,0.55,0.35,0,1393.4030386335091,1387.4209159537397,65.97493769880666,4.240112621934486,4.110275120196388,1398.5857795459895,0.0017167957850370067,0,RELIANCE,5m,2026-03-17 04:00:00
1399.5,1401.800048828125,1399.5,1401.0,100864,0.0007142857142856673,0.012502745854311437,0.0017029110070147851,0.55,0.35,0,1394.126558763651,1387.9534290535933,65.40081997610119,4.328333049956655,4.153886706148441,1398.9779757954598,0.0017029110070147851,0,RELIANCE,5m,2026-03-17 04:05:00
1400.699951171875,1401.5,1396.300048828125,1397.800048828125,187625,-0.0022840479456638363,0.007641362477914804,0.0017585052155920271,0.5,0.35,0,1394.4764149602677,1388.3395710055358,58.27065426393586,4.09285912600717,4.141681190120187,1398.8665269129262,0.0017585052155920271,0,RELIANCE,5m,2026-03-17 04:10:00
1397.800048828125,1401.0,1396.199951171875,1400.5999755859375,153331,0.002003095335531002,0.005383676786617997,0.0015584045148873307,0.45,0.4,0,1395.0596112103315,1388.8203711851593,63.98596623017431,4.085084720390796,4.13036189617431,1398.9345549725472,0.0015584045148873307,0,RELIANCE,5m,2026-03-17 04:15:00
1400.800048828125,1401.5,1398.0,1398.5,300924,-0.0014993400132389256,0.005681018662993864,0.0015391022114708173,0.45,0.4,0,1395.387267285538,1389.1999644720158,59.477173722255024,3.864920569871174,4.077273630913683,1399.0343272290352,0.0015391022114708173,0,RELIANCE,5m,2026-03-17 04:20:00
1398.699951171875,1399.9000244140625,1398.199951171875,1398.800048828125,146693,0.0002145504670181264,0.005535240728434587,0.0015390711364303357,0.45,0.35,0,1395.7122940991176,1389.5764383683338,57.966192870295664,3.6723181297431893,3.9962825306795846,1399.02697303112,0.0015390711364303357,0,RELIANCE,5m,2026-03-17 04:25:00
1398.800048828125,1401.0999755859375,1398.5,1401.0999755859375,84886,0.0016442140960313267,0.006320424081877496,0.0015644323090049225,0.5,0.3,0,1396.2254066216717,1390.0283417886321,59.74024429877058,3.663038943602487,3.9296338132641653,1399.0983660493666,0.0015644323090049225,0,RELIANCE,5m,2026-03-17 04:30:00
1401.199951171875,1403.199951171875,1401.0,1402.699951171875,185226,0.0011419424836320857,0.006457630993265351,0.0015678907991419583,0.5,0.3,0,1396.8420299121672,1390.5252676467987,59.47701206741797,3.741658272500217,3.892038705111376,1399.46452621386,0.0015678907991419583,0,RELIANCE,5m,2026-03-17 04:35:00
1402.4000244140625,1402.4000244140625,1399.800048828125,1400.300048828125,84071,-0.0017109163950173034,0.004951933610711778,0.0016293820881239313,0.5,0.35,0,1397.1713650470201,1390.9085923990076,60.66675075989079,3.5691694312806703,3.8274648503452346,1399.5320761316527,0.0016293820881239313,0,RELIANCE,5m,2026-03-17 04:40:00
1400.4000244140625,1401.300048828125,1400.0,1400.0,42219,-0.00021427466804424533,0.00531381914677187,0.001621790630719729,0.45,0.35,0,1397.4407588520658,1391.265118187282,57.394305658236334,3.369418786699498,3.7358556376160874,1399.5538711184936,0.001621790630719729,0,RELIANCE,5m,2026-03-17 04:45:00
1400.0999755859375,1401.4000244140625,1399.4000244140625,1400.5999755859375,169297,0.0004285539899553381,0.005672452567701436,0.001621500941198185,0.5,0.35,0,1397.741636636244,1391.6311910264449,59.92909489942125,3.222382359348103,3.633160981962491,1399.6345618450534,0.001621500941198185,0,RELIANCE,5m,2026-03-17 04:50:00
1400.5,1402.0,1399.9000244140625,1400.9000244140625,66667,0.0002142287829181022,0.004877733984083088,0.0016126079142236853,0.5,0.35,0,1398.0424354722268,1391.9946746887044,51.293060356847825,3.0943960921929374,3.5254080040085802,1399.678252175792,0.0016126079142236853,0,RELIANCE,5m,2026-03-17 04:55:00
1400.5,1401.699951171875,1398.5,1398.9000244140625,292196,-0.0014276536263438944,0.002723854128467762,0.0016503961011977715,0.45,0.4,0,1398.1241106095445,1392.26547271715,54.33799880715484,2.7993140185844823,3.380189206923761,1399.681045583988,0.0016503961011977715,0,RELIANCE,5m,2026-03-17 05:00:00
1398.0999755859375,1399.0,1395.699951171875,1399.0,190946,7.146728443263584e-05,0.0015033112958948713,0.00162793210127891,0.45,0.45,0,1398.2075286467307,1392.5295718262814,51.92321235738767,2.544198605734664,3.2129910866859417,1399.5430771634353,0.00162793210127891,0,RELIANCE,5m,2026-03-17 05:05:00
1399.4000244140625,1399.800048828125,1398.0,1399.300048828125,128975,0.00021447378707994957,0.003874039973801091,0.0015414807554033883,0.45,0.4,0,1398.3115781878157,1392.7950807283146,48.18663664423418,2.3392636605233292,3.0382456014534194,1399.5177334242583,0.0015414807554033883,0,RELIANCE,5m,2026-03-17 05:10:00
1399.300048828125,1401.0,1399.0999755859375,1400.9000244140625,82957,0.0011434113700470316,0.0036538009797457693,0.001533476944232252,0.5,0.4,0,1398.5580968760296,1393.1129216571676,49.74880228685,2.2796771985035775,2.8865319208634515,1399.543008901064,0.001533476944232252,0,RELIANCE,5m,2026-03-17 05:15:00
1401.5,1401.5999755859375,1398.9000244140625,1399.800048828125,196768,-0.0007851920670767232,0.00344089521729396,0.001539703028825012,0.55,0.4,0,1398.6763780143244,1393.3751619383816,55.618039172655955,2.1192660809660993,2.7330787528839813,1399.5811488435622,0.001539703028825012,0,RELIANCE,5m,2026-03-17 05:20:00
1399.800048828125,1400.5999755859375,1398.4000244140625,1399.300048828125,83383,-0.00035719387238097866,-0.0007141326609514387,0.0012836871207300236,0.5,0.45,0,1398.7357752346863,1393.6075104438617,45.80665485331759,1.9295506346791171,2.5723731292430085,1399.5769811856876,0.0012836871207300236,0,RELIANCE,5m,2026-03-17 05:25:00
1399.5,1400.199951171875,1398.5999755859375,1399.300048828125,65137,0.0,0.0016464200630816883,0.0011617197506487609,0.5,0.45,0,1398.7895155769186,1393.8307472432446,52.98527857741501,1.7589239957401333,2.4096833025424336,1399.5724481046298,0.0011617197506487609,0,RELIANCE,5m,2026-03-17 05:30:00
1399.300048828125,1400.0,1397.5,1398.800048828125,127084,-0.00035732150543321684,0.0004291930175988057,0.0011507397068531067,0.5,0.45,0,1398.7905187437002,1394.0256218152008,50.0,1.5653113983289586,2.2408089216997387,1399.539932615348,0.0011507397068531067,0,RELIANCE,5m,2026-03-17 05:35:00
1399.0,1399.9000244140625,1397.199951171875,1397.9000244140625,69616,-0.0006434260670897807,-0.0014999825613839501,0.0011195699261202952,0.45,0.5,0,1398.7057097599252,1394.177559172019,36.88539352824639,1.323985490992527,2.0574442355582963,1399.5138370120274,0.0011195699261202952,0,RELIANCE,5m,2026-03-17 05:40:00
1397.9000244140625,1399.0,1397.0,1397.0,286839,-0.0006438403307416074,-0.002855103497501732,0.0011103616332027997,0.4,0.55,0,1398.543261211361,1394.2882431260575,25.217603600543484,1.048027513570105,1.8555608911606583,1399.3627009698366,0.0011103616332027997,0,RELIANCE,5m,2026-03-17 05:45:00
1397.0999755859375,1397.5999755859375,1394.300048828125,1394.4000244140625,296114,-0.0018611135189244843,-0.00243241114271886,0.0010707474470720553,0.4,0.55,0,1398.148667230666,1394.2926267059793,24.78637829040032,0.6124723276677742,1.6069431784620816,1399.0566549260593,0.0010707474470720553,0,RELIANCE,5m,2026-03-17 05:50:00
1394.300048828125,1394.9000244140625,1391.300048828125,1392.0,175756,-0.0017211878743841336,-0.0061402082934777225,0.0010036038614027103,0.4,0.55,0,1397.5630798753646,1394.202719776333,21.014595311808932,0.07279070650679387,1.300112684071024,1398.7772501361392,0.0010036038614027103,0,RELIANCE,5m,2026-03-17 05:55:00
1392.300048828125,1393.300048828125,1391.0999755859375,1391.199951171875,133425,-0.0005747477213541297,-0.005219913355827721,0.0009664166279138709,0.35,0.6,0,1396.9570676178896,1394.0849641447858,16.428776953325965,-0.41468785711958844,0.9571525758329015,1398.5529634552304,0.0009664166279138709,0,RELIANCE,5m,2026-03-17 06:00:00
1391.0999755859375,1392.199951171875,1389.699951171875,1390.0999755859375,197671,-0.000790666780149718,-0.006219668958030278,0.0009665111375828433,0.35,0.65,0,1396.304011233894,1393.9286900836546,13.513468929908782,-0.8796370593274787,0.5897946488008254,1398.1911592816261,0.0009665111375828433,0,RELIANCE,5m,2026-03-17 06:05:00
1390.0999755859375,1390.5,1388.699951171875,1389.300048828125,98415,-0.0005754454872753945,-0.008421902050835262,0.0008506160329165082,0.3,0.7,0,1395.6369671952493,1393.7471747403004,14.705908752277608,-1.297700966987577,0.21229552564314497,1397.9970769053014,0.0008506160329165082,0,RELIANCE,5m,2026-03-17 06:10:00
1389.300048828125,1390.9000244140625,1388.699951171875,1389.9000244140625,81426,0.0004318545777375338,-0.009125206532672125,0.0007948754700264124,0.3,0.7,0,1395.090591692279,1393.5963061000557,17.73052715419844,-1.5625939992730764,-0.1426823793400993,1397.848979070045,0.0007948754700264124,0,RELIANCE,5m,2026-03-17 06:15:00
1389.9000244140625,1392.0,1389.5999755859375,1391.4000244140625,109658,0.0010792143130096132,-0.006355798117346878,0.0008081303424643651,0.35,0.65,0,1394.7391090943538,1393.5101774064874,24.182803162673437,-1.6326658165992285,-0.44067906679192514,1397.6856438605662,0.0008081303424643651,0,RELIANCE,5m,2026-03-17 06:20:00
1391.5,1392.9000244140625,1390.0999755859375,1392.300048828125,95182,0.0006468480654522324,-0.005499965122767847,0.000836417092154383,0.4,0.65,0,1394.5068176404272,1393.4627213838066,20.547979565729946,-1.5971626909711176,-0.6719757916277638,1397.5656066552676,0.000836417092154383,0,RELIANCE,5m,2026-03-17 06:25:00
1392.800048828125,1393.9000244140625,1391.699951171875,1393.5,84278,0.0008618481144815338,-0.005069238690345701,0.0008608643435962886,0.4,0.6,0,1394.4109302461009,1393.4641832903242,28.571191310557865,-1.4554229669706729,-0.8286652266963457,1397.485656868954,0.0008608643435962886,0,RELIANCE,5m,2026-03-17 06:30:00
1393.5,1395.0999755859375,1393.199951171875,1395.0,63317,0.0010764262648008671,-0.004211595625126963,0.0009059397101481232,0.4,0.6,0,1394.4670321274245,1393.524411396586,36.305534389724286,-1.2081291892841364,-0.9045580192139038,1397.4457339042513,0.0009059397101481232,0,RELIANCE,5m,2026-03-17 06:35:00
1394.800048828125,1395.0,1393.199951171875,1393.5999755859375,46256,-0.001003601730510728,-0.003788725952982186,0.0008805638151098196,0.4,0.55,0,1394.3844553139497,1393.527374698129,33.33309537916807,-1.1122955082951194,-0.9461055170301469,1397.412489886213,0.0008805638151098196,0,RELIANCE,5m,2026-03-17 06:40:00
1393.699951171875,1393.699951171875,1390.300048828125,1390.4000244140625,121951,-0.002296176254258042,-0.00614723058322908,0.0009953201528973114,0.4,0.55,0,1394.0049857044366,1393.4047335105186,28.78773866992188,-1.2798031678601092,-1.0128450471961394,1397.2677356885085,0.0009953201528973114,0,RELIANCE,5m,2026-03-17 06:45:00
1391.0,1391.9000244140625,1390.0,1390.0999755859375,74063,-0.0002158003616631321,-0.006574768041988088,0.0009880609981911446,0.35,0.6,0,1393.6330799788652,1393.275135160535,29.687321185610926,-1.4203922302431238,-1.0943544838055363,1397.1715576916863,0.0009880609981911446,0,RELIANCE,5m,2026-03-17 06:50:00
1390.0999755859375,1391.0,1389.0,1389.9000244140625,56862,-0.00014383941830564684,-0.007852094944891475,0.000927125666661734,0.3,0.65,0,1393.2775508774553,1393.1427778763596,30.810750176508236,-1.5303040708324716,-1.1815444012109233,1397.0918540655612,0.000927125666661734,0,RELIANCE,5m,2026-03-17 06:55:00
1389.9000244140625,1391.699951171875,1388.199951171875,1391.300048828125,90058,0.0010072842574793128,-0.006072295830476637,0.000972798618590365,0.3,0.65,0,1393.0892173489478,1393.0705139921151,41.04049505718983,-1.4872951143793216,-1.2426945438446029,1396.976626711853,0.000972798618590365,0,RELIANCE,5m,2026-03-17 07:00:00
1391.300048828125,1392.5999755859375,1390.800048828125,1392.0,57771,0.0005030914592898394,-0.005216928874002824,0.0009892060758879622,0.35,0.6,0,1392.9854823633336,1393.028533051248,50.0,-1.3808128457335442,-1.2703182042223913,1396.920071711301,0.0009892060758879622,0,RELIANCE,5m,2026-03-17 07:05:00
1391.9000244140625,1396.0999755859375,1391.0,1395.699951171875,318673,0.0026580108993354834,-0.002572784628475433,0.0011852482876544695,0.4,0.6,0,1393.2440032022423,1393.1332945461745,62.16232266578687,-0.9864980079189536,-1.2135541649617037,1396.7692535541323,0.0011852482876544695,0,RELIANCE,5m,2026-03-17 07:10:00
1395.699951171875,1398.9000244140625,1394.800048828125,1398.9000244140625,327631,0.002292808880232977,7.147239237026426e-05,0.0013007833760740183,0.45,0.55,0,1393.7826718890824,1393.3594408155036,71.35949370089006,-0.4110432409331679,-1.0530519801559965,1396.811440502727,0.0013007833760740183,0,RELIANCE,5m,2026-03-17 07:15:00
1398.9000244140625,1399.5,1396.699951171875,1397.9000244140625,104902,-0.0007148473676086287,0.0,0.001302751951068759,0.5,0.5,0,1394.1748007009853,1393.5375029174081,70.67309103073484,-0.035276192828177955,-0.8494968226904329,1396.832665114628,0.001302751951068759,0,RELIANCE,5m,2026-03-17 07:20:00
1397.5999755859375,1399.0999755859375,1397.0,1398.800048828125,92017,0.0006438403307416074,0.0012885102563529038,0.0013010341728683088,0.5,0.45,0,1394.6153005226176,1393.7438772668481,71.09012964923546,0.3313270168409872,-0.613332054784149,1396.8546871844019,0.0013010341728683088,0,RELIANCE,5m,2026-03-17 07:25:00
1398.5999755859375,1399.5,1397.0999755859375,1399.199951171875,429431,0.0002858895694812791,0.0034422882055165083,0.0012197646507499864,0.55,0.4,0,1395.051933917785,1393.9578409493984,69.49993591269478,0.6466769889682382,-0.3613302460336716,1396.9689272973983,0.0012197646507499864,0,RELIANCE,5m,2026-03-17 07:30:00
1399.0,1399.800048828125,1394.5,1399.4000244140625,649301,0.00014299117293425923,0.005316109492861099,0.001135772384061714,0.6,0.4,0,1395.4660377745731,1394.171259908797,68.39378893773126,0.9023367757499727,-0.10859684167694272,1397.052779253395,0.001135772384061714,0,RELIANCE,5m,2026-03-17 07:35:00
1399.199951171875,1400.800048828125,1398.5999755859375,1400.0999755859375,101773,0.0005001794766783529,0.006397372575067672,0.0011192184407936483,0.65,0.35,0,1395.9073651851793,1394.4037585628025,67.55319494315268,1.1481935480419452,0.14276123626683487,1397.0914826008443,0.0011192184407936483,0,RELIANCE,5m,2026-03-17 07:40:00
1400.4000244140625,1401.5,1400.0,1400.699951171875,106534,0.00042852338861476547,0.007625333265306677,0.0010883462589271913,0.7,0.3,0,1396.363801945817,1394.6506680768837,65.92173818161979,1.3755928488806148,0.3893275587895909,1397.143783702028,0.0010883462589271913,0,RELIANCE,5m,2026-03-17 07:45:00
1400.9000244140625,1401.9000244140625,1399.5,1399.5999755859375,101539,-0.0007853042223762152,0.007413752534235041,0.0010990067477117662,0.75,0.3,0,1396.6720089591618,1394.8447585674348,67.0455964155419,1.4503310822963158,0.6015282634909359,1397.1868522671882,0.0010990067477117662,0,RELIANCE,5m,2026-03-17 07:50:00
1399.4000244140625,1400.800048828125,1398.0999755859375,1399.699951171875,184296,7.143154307054367e-05,0.007050814148984452,0.0011008918717916863,0.7,0.35,0,1396.9603844079916,1395.0351582774128,82.06898293526851,1.5003339491522638,0.7812894006232015,1397.2429847319138,0.0011008918717916863,0,RELIANCE,5m,2026-03-17 07:55:00
1399.4000244140625,1402.5,1399.4000244140625,1400.0,150572,0.0002143665346803214,0.006180807413424416,0.0010877281343734117,0.7,0.35,0,1397.2498716072305,1395.2298579528085,84.13830261906165,1.5463476807083225,0.9343010566402258,1397.307977650701,0.0010877281343734117,0,RELIANCE,5m,2026-03-17 08:00:00
1400.5,1400.800048828125,1397.5,1398.0,114259,-0.0014285714285714457,0.004093910056724104,0.0011509330514433845,0.65,0.4,0,1397.321312406542,1395.338490974267,74.84666252274786,1.4052319697541407,1.028487239263009,1397.328892865313,0.0011509330514433845,0,RELIANCE,5m,2026-03-17 08:05:00
1398.199951171875,1399.4000244140625,1397.0999755859375,1398.5,130539,0.0003576537911302857,0.0035880875493361497,0.001141268015377927,0.6,0.45,0,1397.4335683678237,1395.4624717203742,73.37661308221567,1.3185432278983171,1.0864984369900705,1397.345081574641,0.001141268015377927,0,RELIANCE,5m,2026-03-17 08:10:00
1398.5,1400.5,1398.5,1400.5,87193,0.0014301036825170588,0.003942652329748997,0.0011585036934352953,0.6,0.45,0,1397.72560947565,1395.660021848987,75.44917620572198,1.3951427238471297,1.1482272943614824,1397.3715832496496,0.0011585036934352953,0,RELIANCE,5m,2026-03-17 08:15:00
1400.5,1400.9000244140625,1398.5999755859375,1399.5999755859375,166718,-0.0006426450653784777,0.004305396171865761,0.001141495791108657,0.65,0.45,0,1397.9041205337724,1395.8145298386714,64.02884015842767,1.367460692214081,1.192073973932002,1397.4180544199692,0.001141495791108657,0,RELIANCE,5m,2026-03-17 08:20:00
1399.5999755859375,1400.0,1398.300048828125,1399.0,81303,-0.0004286764764241946,0.0061852527581489625,0.0009917951983039039,0.65,0.45,0,1398.0084900067463,1395.939450237155,50.44237271656817,1.282327592857655,1.2101246977171327,1397.4342672215419,0.0009917951983039039,0,RELIANCE,5m,2026-03-17 08:25:00
1398.800048828125,1402.9000244140625,1398.699951171875,1401.300048828125,312401,0.001644066353198692,0.008057027148329121,0.001026598389759515,0.7,0.4,0,1398.3219717992588,1396.149669789742,63.4921865160484,1.3844941298746107,1.2449985841486284,1397.5604278659616,0.001026598389759515,0,RELIANCE,5m,2026-03-17 08:30:00
1401.0,1401.800048828125,1398.4000244140625,1400.4000244140625,240116,-0.0006422781579257242,0.0075545001910668486,0.0010464011860636636,0.7,0.4,0,1398.5198815720971,1396.3163503632447,56.34912177021673,1.3769646072719297,1.2713917887732886,1397.6309522740937,0.0010464011860636636,0,RELIANCE,5m,2026-03-17 08:35:00
1400.4000244140625,1404.5,1400.4000244140625,1403.5999755859375,310599,0.00228502650391893,0.008840599673789029,0.0011231088193117901,0.7,0.35,0,1399.0037000496059,1396.601982724919,64.28577090450787,1.6106402644445552,1.339241483907542,1397.8047426795274,0.0011231088193117901,0,RELIANCE,5m,2026-03-17 08:40:00
1403.5999755859375,1405.9000244140625,1399.699951171875,1401.4000244140625,783617,-0.0015673633586069657,0.0067528911020564575,0.0012091868832915529,0.7,0.4,0,1399.2319214176496,1396.7901412225326,55.7471586922969,1.599869927841155,1.3913671726942647,1398.1567476739413,0.0012091868832915529,0,RELIANCE,5m,2026-03-17 08:45:00
1401.4000244140625,1402.300048828125,1400.0,1400.699951171875,83980,-0.0004995527543822931,0.003582431880005288,0.0010905427862390397,0.65,0.4,0,1399.3717337751948,1396.943467102899,51.72406535663424,1.5173531954808368,1.4165643772515792,1398.180236990982,0.0010905427862390397,0,RELIANCE,5m,2026-03-17 08:50:00
1400.5999755859375,1401.199951171875,1399.199951171875,1400.300048828125,123761,-0.0002855017903123924,0.0010008037669804182,0.0009736947507790158,0.6,0.45,0,1399.4601447326168,1397.0750977587902,48.83748988658784,1.4035105179707443,1.4139536053954123,1398.2049322325558,0.0009736947507790158,0,RELIANCE,5m,2026-03-17 08:55:00
1400.300048828125,1402.9000244140625,1400.300048828125,1402.4000244140625,142075,0.0014996611531186144,0.003219114329643391,0.0010074147458082364,0.6,0.45,0,1399.7401332737068,1397.2839184119382,57.69246247333896,1.4658425351187816,1.4243313913400864,1398.254806450146,0.0010074147458082364,0,RELIANCE,5m,2026-03-17 09:00:00
1402.4000244140625,1402.5999755859375,1400.5999755859375,1400.699951171875,92089,-0.0012122598492522174,0.0013582372586715685,0.0010453901350360602,0.6,0.45,0,1399.8315445021037,1397.4178804809553,52.525246297826165,1.3623550245606566,1.4119361179842005,1398.2814546881864,0.0010453901350360602,0,RELIANCE,5m,2026-03-17 09:05:00
1400.9000244140625,1402.5999755859375,1400.5,1400.9000244140625,134672,0.00014283804466486139,0.001215032376726155,0.001044312479917376,0.55,0.5,0,1399.9333044937187,1397.5544351449987,52.28431743120403,1.2817099113970016,1.3858908766667608,1398.320017829103,0.001044312479917376,0,RELIANCE,5m,2026-03-17 09:10:00
1401.199951171875,1401.4000244140625,1398.5,1400.4000244140625,238669,-0.00035691340658594584,0.0007145919555193725,0.0010482278472278026,0.5,0.5,0,1399.9777540099417,1397.6660268810406,56.593447131023844,1.164033997534716,1.3415195008403518,1398.3590053253045,0.0010482278472278026,0,RELIANCE,5m,2026-03-17 09:15:00
1400.4000244140625,1401.5,1399.300048828125,1401.300048828125,223137,0.0006426909442815987,0.0008571339640837117,0.0010520250756671117,0.5,0.5,0,1400.1036868497686,1397.8085375456321,57.526973459690765,1.1303692433793913,1.2992894493481597,1398.405982213147,0.0010520250756671117,0,RELIANCE,5m,2026-03-17 09:20:00
1401.5,1405.0999755859375,1401.0,1405.0,533645,0.0026403704010209417,0.0030699285914355112,0.0012004353630435355,0.5,0.5,0,1400.570002387886,1398.0905556810974,61.08371718240749,1.3862648229983279,1.3166845240781933,1398.648411933788,0.0012004353630435355,0,RELIANCE,5m,2026-03-17 09:25:00
1404.699951171875,1404.9000244140625,1396.199951171875,1397.4000244140625,1714058,-0.005409235292482162,-0.001571842819555691,0.0017225702521362104,0.45,0.5,0,1400.2680997237123,1398.0634760235666,45.92601634837963,0.9646890643002735,1.2462854321226093,1398.7576081077098,0.0017225702521362104,0,RELIANCE,5m,2026-03-17 09:30:00
1397.4000244140625,1401.5999755859375,1397.199951171875,1398.5999755859375,1186793,0.0008587026985191759,-0.0007858652742086525,0.0017350961146693116,0.45,0.45,0,1400.1092307582098,1398.0845152220909,49.27531744943587,0.7191236594951533,1.1408530775971182,1398.7882431804435,0.0017350961146693116,0,RELIANCE,5m,2026-03-17 09:35:00
1398.5999755859375,1402.0,1395.699951171875,1401.0999755859375,1264613,0.0017875018187045733,0.0007856968470982828,0.0017821520369270785,0.45,0.5,0,1400.2035874084695,1398.2027685696928,49.64015509117974,0.7179641695825012,1.0562752959941948,1398.8531359368797,0.0017821520369270785,0,RELIANCE,5m,2026-03-17 09:40:00
1401.0999755859375,1401.0999755859375,1392.300048828125,1395.4000244140625,1667270,-0.0040681973243852365,-0.0018597822503129136,0.0019831072941405544,0.45,0.5,0,1399.746105218526,1398.092857034178,42.331253884923875,0.2541768498763304,0.8958556067706219,1398.6065219991337,0.0019831072941405544,0,RELIANCE,5m,2026-03-17 09:45:00
1395.300048828125,1399.699951171875,1393.9000244140625,1394.0,647797,-0.0010033140243425054,-0.0032177332856632157,0.0019902320118512533,0.45,0.45,0,1399.198857102476,1397.9323528367593,34.41558698917615,-0.22376874531596513,0.6719307363533045,1398.5086458761832,0.0019902320118512533,0,RELIANCE,5m,2026-03-17 09:50:00
1393.9000244140625,1394.9000244140625,1393.5999755859375,1394.800048828125,248553,0.0005739231191714822,-0.004069940144144968,0.0019632718831881875,0.4,0.5,0,1398.7799229811094,1397.8095173854404,38.77556104548568,-0.5318559148577151,0.43117340611110055,1398.4535429261841,0.0019632718831881875,0,RELIANCE,5m,2026-03-17 09:55:00
1407.699951171875,1409.5999755859375,1403.5,1403.800048828125,199918,-0.0027704073872443225,0.0034310570608471203,0.002956258519134894,0.45,0.45,0,1400.0266494138164,1398.4170901337004,53.8802786784966,0.5696621885258537,0.43178394937493125,1405.6333414713542,0.002956258519134894,0,RELIANCE,5m,2026-03-18 03:50:00
1403.9000244140625,1407.4000244140625,1403.199951171875,1406.5,244380,0.0019233160549672057,0.003710804960167957,0.0029642088301476367,0.4,0.5,0,1400.643158993453,1398.7340669912026,54.48576686887142,1.0196922367958905,0.5493656068591231,1405.6700016014042,0.0029642088301476367,0,RELIANCE,5m,2026-03-18 03:55:00
1406.5,1409.9000244140625,1406.0,1409.4000244140625,192158,0.002061873028128325,0.00642673510646774,0.002985871165770778,0.45,0.45,0,1401.477146176368,1399.1523398313147,59.275174842466086,1.5920004360002622,0.7578925726873509,1406.504308178003,0.002985871165770778,0,RELIANCE,5m,2026-03-18 04:00:00
1409.5,1409.699951171875,1407.0,1407.5,87566,-0.0013481086853623925,0.0027785868352088183,0.002970802699631701,0.4,0.45,0,1402.0507513024281,1399.4796990536163,56.79013586048743,1.870678696522873,0.9804497974544553,1406.6932638425967,0.002970802699631701,0,RELIANCE,5m,2026-03-18 04:05:00
1407.5,1408.0,1406.199951171875,1407.0999755859375,90173,-0.0002842091751775744,0.004067326296970819,0.002945672350794118,0.35,0.45,0,1402.5316298056196,1399.7785334274326,56.90720092622889,2.0357873098107575,1.1915172999257158,1406.7383076196184,0.002945672350794118,0,RELIANCE,5m,2026-03-18 04:10:00
1407.4000244140625,1410.0,1407.0999755859375,1410.0,144958,0.00206099386282399,0.006639572465426458,0.0029688960915189256,0.4,0.45,0,1403.2429031574652,1400.1793752538078,58.613854684863696,2.3732870334822564,1.4278712466370238,1407.0851565141509,0.0029688960915189256,0,RELIANCE,5m,2026-03-18 04:15:00
1409.9000244140625,1412.0,1409.800048828125,1410.9000244140625,228460,0.0006383151872784154,0.007569788771205399,0.0029659171837523096,0.45,0.4,0,1403.9721528009507,1400.5997928679355,56.18453412222942,2.682460707184191,1.6787891387464573,1407.8190190774721,0.0029659171837523096,0,RELIANCE,5m,2026-03-18 04:20:00
1410.9000244140625,1410.9000244140625,1408.5999755859375,1409.300048828125,187710,-0.0011340106019219753,0.004920154231276008,0.0029721096697491005,0.4,0.45,0,1404.4795714702052,1400.9409793761783,64.26867288242268,2.7664880605548205,1.89632892310813,1408.062097237398,0.0029721096697491005,0,RELIANCE,5m,2026-03-18 04:25:00
1409.5999755859375,1409.5999755859375,1407.199951171875,1408.199951171875,126513,-0.0007805986079151284,0.005354465810986309,0.0029624866991907824,0.4,0.5,0,1404.8338933465548,1401.2256449367937,61.53843896627512,2.713037449613921,2.0596706284092883,1408.0849424377914,0.0029624866991907824,0,RELIANCE,5m,2026-03-18 04:30:00
1408.4000244140625,1408.5,1406.199951171875,1406.5999755859375,70230,-0.0011361849463252804,0.004068777980255289,0.002979161791057869,0.4,0.5,0,1405.0020916550675,1401.436403001466,56.756764862903175,2.5126090045614546,2.1502583036397214,1408.040940327189,0.002979161791057869,0,RELIANCE,5m,2026-03-18 04:35:00
1406.5999755859375,1407.0,1405.5,1406.199951171875,68269,-0.00028439102872579447,0.00414162143437502,0.0029784830261208417,0.4,0.5,0,1405.1161735138112,1401.6232088120703,65.25412331851709,2.2950336712240187,2.179213377156581,1407.965708967124,0.0029784830261208417,0,RELIANCE,5m,2026-03-18 04:40:00
1406.5999755859375,1408.5,1406.199951171875,1408.0999755859375,53027,0.001351176560971279,0.004852584400820703,0.0029880866941196316,0.4,0.5,0,1405.400345139728,1401.8771996659475,69.63783565062752,2.2499833357283023,2.193367368870925,1407.9542561625824,0.0029880866941196316,0,RELIANCE,5m,2026-03-18 04:45:00
1408.5,1408.9000244140625,1407.0999755859375,1408.5,54774,0.0002840880768399945,0.002491103202846956,0.0029347002972487457,0.4,0.5,0,1405.6955503645158,1402.1369173261064,69.29570587588029,2.2209574325645463,2.1988853816096494,1407.960911578952,0.0029347002972487457,0,RELIANCE,5m,2026-03-18 04:50:00
1408.800048828125,1409.5,1407.0999755859375,1408.0,140790,-0.0003549875754348397,0.00758549835461908,0.0026350564620912435,0.45,0.45,0,1405.9150217583715,1402.3668421368475,50.649453592339725,2.13302024424479,2.185712354136678,1407.9787312886958,0.0026350564620912435,0,RELIANCE,5m,2026-03-18 04:55:00
1408.0999755859375,1409.199951171875,1407.300048828125,1408.800048828125,85779,0.0005682164972478088,0.007293059788531897,0.002633085814764875,0.45,0.45,0,1406.1897862412052,1402.619124752192,62.499847413972,2.1036372226565163,2.1692973278406456,1407.9984794054674,0.002633085814764875,0,RELIANCE,5m,2026-03-18 05:00:00
1409.0,1409.5999755859375,1407.4000244140625,1407.4000244140625,83238,-0.0009937708443629178,0.004496501989795787,0.0026275362158402274,0.45,0.4,0,1406.3050470195726,1402.8066110134419,52.4064415475903,1.9449604037929475,2.124429943031106,1408.0039341963145,0.0026275362158402274,0,RELIANCE,5m,2026-03-18 05:05:00
1407.699951171875,1409.5999755859375,1407.5999755859375,1408.9000244140625,65705,0.0010657950646437708,0.009674645093738388,0.0024290526468627384,0.45,0.35,0,1406.5521877238098,1403.0455684017015,48.554937766362784,1.9181342875460814,2.0831708119341013,1408.0254700011758,0.0024290526468627384,0,RELIANCE,5m,2026-03-18 05:10:00
1409.0,1410.5999755859375,1408.5999755859375,1409.9000244140625,134134,0.0007097735699279628,0.011406043338638705,0.0024039079973904596,0.5,0.35,0,1406.8710293133577,1403.3143705982648,57.31702778542772,1.9550296746740514,2.0575425844820914,1408.1249527303664,0.0024039079973904596,0,RELIANCE,5m,2026-03-18 05:15:00
1410.0,1410.0,1408.199951171875,1408.800048828125,40911,-0.0007801798474289523,0.010037280979279029,0.002422785528955589,0.5,0.35,0,1407.0547454576213,1403.52949523473,54.97091051861371,1.873909436369786,2.0208159548596303,1408.1405263884617,0.002422785528955589,0,RELIANCE,5m,2026-03-18 05:20:00
1408.9000244140625,1409.800048828125,1408.5,1409.0,48783,0.00014193012843888297,0.0009235269398444323,0.0012776080991391651,0.45,0.35,0,1407.2400077949906,1403.744024833368,46.52781309868946,1.8049491216499973,1.9776425882177038,1408.1604655891972,0.0012776080991391651,0,RELIANCE,5m,2026-03-18 05:25:00
1409.0,1412.5999755859375,1408.9000244140625,1411.5999755859375,200404,0.0018452630134404568,0.0055562946904894606,0.0011526798094147988,0.45,0.35,0,1407.6552428226996,1404.0521013334687,52.17374821823917,1.937756624133499,1.969665395400863,1408.3864309237122,0.0011526798094147988,0,RELIANCE,5m,2026-03-18 05:30:00
1412.0999755859375,1412.300048828125,1411.0,1411.800048828125,75376,0.00014173508476034158,0.0037682536993424165,0.0010857093300416568,0.45,0.3,0,1408.0499862517877,1404.3559424116906,58.50328838105361,2.035685648258095,1.9828694459723095,1408.4816431471245,0.0010857093300416568,0,RELIANCE,5m,2026-03-18 05:35:00
1411.800048828125,1412.9000244140625,1409.9000244140625,1412.0999755859375,99156,0.00021244280169940843,0.0019156741344583672,0.0009925262876168,0.45,0.35,0,1408.4356995217067,1404.6596299871512,64.02884015842767,2.1131377515628174,2.008923107090411,1408.5964346625296,0.0009925262876168,0,RELIANCE,5m,2026-03-18 05:40:00
1412.0,1412.0,1410.0,1410.5999755859375,58970,-0.001062247734532784,0.0022024693328153155,0.0009724891635023902,0.45,0.35,0,1408.6418210516333,1404.8925847165153,64.49270234409553,2.030080137325058,2.0131545131373407,1408.6445672460386,0.0009724891635023902,0,RELIANCE,5m,2026-03-18 05:45:00
1410.699951171875,1410.800048828125,1409.699951171875,1410.300048828125,34498,-0.0002126235382131636,0.0022742330308511693,0.0009710908581461616,0.45,0.35,0,1408.7997475065372,1405.104642132657,64.96391339214114,1.9179459103067984,1.9941127925712323,1408.6644401622507,0.0009710908581461616,0,RELIANCE,5m,2026-03-18 05:50:00
1410.5999755859375,1410.699951171875,1408.5999755859375,1410.0999755859375,76221,-0.0001418657273349888,7.090467087755847e-05,0.0008568469195683047,0.4,0.4,0,1408.9235787521943,1405.3005375621976,58.33333333333333,1.792274266852246,1.9537450874274351,1408.6943668574943,0.0008568469195683047,0,RELIANCE,5m,2026-03-18 05:55:00
1410.0999755859375,1410.0999755859375,1408.699951171875,1409.800048828125,69097,-0.00021269893128528228,-0.0007796268813549112,0.0008447284475302943,0.35,0.4,0,1409.007052092759,1405.476988984391,55.46243486110541,1.6494630183160552,1.8928886736051593,1408.7139432263384,0.0008447284475302943,0,RELIANCE,5m,2026-03-18 06:00:00
1410.0,1410.4000244140625,1408.5,1410.0,64735,0.00014182945449681128,0.0004966658253202638,0.0008048911049374445,0.4,0.4,0,1409.1016185601152,1405.6543619653953,58.620798518300255,1.5347270849597408,1.8212563558760757,1408.7336122822599,0.0008048911049374445,0,RELIANCE,5m,2026-03-18 06:05:00
1410.0999755859375,1410.699951171875,1409.5,1409.5,43488,-0.00035460992907798694,0.0009231990294014114,0.0007879042925178706,0.45,0.35,0,1409.139559649628,1405.8051713000857,53.09718261170167,1.3874584524444344,1.7344967751897475,1408.7501376012876,0.0007879042925178706,0,RELIANCE,5m,2026-03-18 06:10:00
1409.5,1409.9000244140625,1408.5,1408.5,38704,-0.0007094714437744232,0.0013507922984792309,0.0007594586410951469,0.45,0.35,0,1409.0786492068062,1405.9108508569452,55.045861285011924,1.1764934730952064,1.6228961147708394,1408.7528340359293,0.0007594586410951469,0,RELIANCE,5m,2026-03-18 06:15:00
1408.800048828125,1409.9000244140625,1408.699951171875,1409.4000244140625,32389,0.0006389949691605334,0.00227568863127936,0.0007649705627664242,0.45,0.3,0,1409.109256369402,1406.0476811925184,52.427230492083055,1.069597006942331,1.5122362932051379,1408.7588208876816,0.0007649705627664242,0,RELIANCE,5m,2026-03-18 06:20:00
1409.699951171875,1409.800048828125,1408.699951171875,1409.0,42389,-0.0002838260303200668,0.0006391765000124394,0.0007112708943293926,0.4,0.3,0,1409.0988510008874,1406.163458400655,45.36061715810271,0.9417462952226288,1.3981382936086362,1408.7642524621674,0.0007112708943293926,0,RELIANCE,5m,2026-03-18 06:25:00
1409.199951171875,1409.4000244140625,1407.300048828125,1407.800048828125,67123,-0.0008516331950851885,-0.0004969479388533538,0.0007350408368967977,0.35,0.35,0,1408.9751555558623,1406.2276384174183,44.897857498754355,0.7351236065724152,1.265535356201392,1408.7519113239396,0.0007350408368967977,0,RELIANCE,5m,2026-03-18 06:30:00
1408.300048828125,1408.5,1407.5,1407.800048828125,77256,0.0,-0.00014201077547937313,0.0007309172921718246,0.3,0.35,0,1408.8632406294112,1406.2893015707793,43.75015894814475,0.5648622567002803,1.1254007363011698,1408.732905179038,0.0007309172921718246,0,RELIANCE,5m,2026-03-18 06:35:00
1407.800048828125,1408.9000244140625,1407.5,1408.0999755859375,66643,0.0002130464181060443,-0.0004969287463965077,0.0007204497585162365,0.35,0.35,0,1408.790548720509,1406.3603083949033,26.02675585284281,0.44895521674948213,0.9901116323908322,1408.7217865381783,0.0007204497585162365,0,RELIANCE,5m,2026-03-18 06:40:00
1408.0,1408.699951171875,1408.0,1408.0999755859375,38467,0.0,0.0004973363363174332,0.0006834069006485479,0.3,0.35,0,1408.7247798505498,1406.4285306376892,23.942160554323337,0.35302855904683383,0.8626950177220326,1408.7166857119228,0.0006834069006485479,0,RELIANCE,5m,2026-03-18 06:45:00
1408.5,1408.5,1406.199951171875,1406.5,174425,-0.0011362656158500073,-0.0017034738962834473,0.0006842994495373933,0.3,0.4,0,1408.5128960552593,1406.43133335778,16.665940038656615,0.14621584819042255,0.7193991838157107,1408.6368903103491,0.0006842994495373933,0,RELIANCE,5m,2026-03-18 06:50:00
1406.800048828125,1407.0,1405.300048828125,1405.300048828125,140151,-0.0008531469405439474,-0.003262625367957739,0.0006779704280087278,0.25,0.45,0,1408.206910605056,1406.386969258578,17.283318011242898,-0.11320578055801889,0.5528781909409648,1408.5332745197477,0.0006779704280087278,0,RELIANCE,5m,2026-03-18 06:55:00
1405.9000244140625,1407.199951171875,1405.5,1406.5,40641,0.0008538754217475297,-0.0016326297191984196,0.0006978687711249273,0.3,0.4,0,1408.0443476902888,1406.391401836673,28.888044923093616,-0.21944364942191896,0.39841382286838806,1408.510384334612,0.0006978687711249273,0,RELIANCE,5m,2026-03-18 07:00:00
1406.699951171875,1407.0,1406.0999755859375,1406.800048828125,39338,0.0002133301301989743,-0.0015613564030341198,0.0006992529584640385,0.3,0.4,0,1407.9258430367493,1406.4074272088867,31.867999195117036,-0.2762421455825006,0.26348262917821036,1408.4910898128549,0.0006992529584640385,0,RELIANCE,5m,2026-03-18 07:05:00
1406.800048828125,1407.199951171875,1406.0,1407.0999755859375,51607,0.00021319785854601037,-0.003187871973525769,0.0005401345045109036,0.3,0.45,0,1407.8471889938148,1406.434585968771,35.16399490240795,-0.2936685519728144,0.15205239294800543,1408.4681447758019,0.0005401345045109036,0,RELIANCE,5m,2026-03-18 07:10:00
1407.300048828125,1408.5999755859375,1406.9000244140625,1408.5999755859375,60783,0.0010660223338965213,-0.002266661801608394,0.0006031322459968944,0.35,0.45,0,1407.9188829549694,1406.51950320866,43.268971183754914,-0.18431694955006606,0.08477852444839114,1408.4614356167326,0.0006031322459968944,0,RELIANCE,5m,2026-03-18 07:15:00
1408.4000244140625,1409.0,1407.699951171875,1408.199951171875,79173,-0.0002839872362599971,-0.0027618613989737195,0.0005992241750680124,0.35,0.4,0,1407.9456513565794,1406.5854031287859,43.68896368635631,-0.12845291857888697,0.04213223584293552,1408.4582543581741,0.0005992241750680124,0,RELIANCE,5m,2026-03-18 07:20:00
1408.4000244140625,1411.199951171875,1407.699951171875,1411.0,104335,0.001988388670085328,0.00028358458881738713,0.0007263800968691721,0.4,0.4,0,1408.236541703572,1406.7585245747157,60.33070357740966,0.14014476626107353,0.06173474192656313,1408.4964262520689,0.0007263800968691721,0,RELIANCE,5m,2026-03-18 07:25:00
1411.199951171875,1412.300048828125,1410.0999755859375,1411.5,151211,0.0003543586109142627,0.0008508481389275513,0.0007281143644870896,0.45,0.35,0,1408.5473472556125,1406.9444647874718,58.974385726954985,0.3888734963634306,0.12716249281393663,1408.5956136329917,0.0007281143644870896,0,RELIANCE,5m,2026-03-18 07:30:00
1411.5,1411.699951171875,1409.5999755859375,1410.0999755859375,94224,-0.0009918699355738747,0.0,0.0007634111782342482,0.45,0.35,0,1408.6952166204053,1407.0682103089803,54.33067081903553,0.4676319670156772,0.19525638765428477,1408.635971630615,0.0007634111782342482,0,RELIANCE,5m,2026-03-18 07:35:00
1410.199951171875,1411.0999755859375,1409.800048828125,1410.5999755859375,81170,0.0003545847873602792,0.0005674044049561733,0.0007656170865047827,0.45,0.35,0,1408.8766222361703,1407.2067109080767,61.66648016845874,0.5638942221762591,0.2689839545586796,1408.669976548693,0.0007656170865047827,0,RELIANCE,5m,2026-03-18 07:40:00
1410.800048828125,1410.800048828125,1409.300048828125,1409.300048828125,87598,-0.0009215417413236393,-0.0004964192708333259,0.0007937492134332928,0.4,0.35,0,1408.916948578261,1407.288802591216,55.639180556575376,0.5291893619530583,0.3210250360375554,1408.6917951566368,0.0007937492134332928,0,RELIANCE,5m,2026-03-18 07:45:00
1409.0999755859375,1410.699951171875,1408.5,1410.4000244140625,134505,0.0007805119902266622,0.0006385416204770511,0.0008093346152851698,0.35,0.4,0,1409.0581938959565,1407.4108112901513,58.15628625352795,0.5837156365887495,0.37356315614779423,1408.7256222368073,0.0008093346152851698,0,RELIANCE,5m,2026-03-18 07:50:00
1410.5,1410.699951171875,1409.0999755859375,1409.9000244140625,71651,-0.00035450935291048147,0.0009939825445952621,0.0007959957471496463,0.35,0.35,0,1409.138368231014,1407.508427491089,56.164612631895785,0.5798975823961428,0.41483004139746393,1408.7433621811392,0.0007959957471496463,0,RELIANCE,5m,2026-03-18 07:55:00
1409.5,1410.4000244140625,1408.5999755859375,1409.4000244140625,197615,-0.00035463507436128694,0.0,0.0007882685292382551,0.35,0.4,0,1409.1632878674948,1407.582607762578,60.740928285303504,0.5304116700524446,0.43794636712846013,1408.7722920861008,0.0007882685292382551,0,RELIANCE,5m,2026-03-18 08:00:00
1409.5,1409.800048828125,1408.800048828125,1409.5999755859375,108492,0.00014186970938800947,0.00042581659754259427,0.00078593678459167,0.35,0.4,0,1409.204877174013,1407.6617202262391,67.19987499877928,0.5015465995049908,0.4506664136037663,1408.7857798541795,0.00078593678459167,0,RELIANCE,5m,2026-03-18 08:05:00
1409.5,1409.699951171875,1409.199951171875,1409.699951171875,45312,7.092479261427975e-05,0.001349554111275575,0.0007585864351482091,0.35,0.35,0,1409.2520270785712,1407.7416508515582,64.03499378935196,0.4811911453957691,0.4567713599621669,1408.7924282226156,0.0007585864351482091,0,RELIANCE,5m,2026-03-18 08:10:00
1409.699951171875,1409.9000244140625,1408.0999755859375,1408.0999755859375,50679,-0.00113497598166723,0.0002130464181060443,0.000804954051894509,0.4,0.4,0,1409.1423078887965,1407.7557028019262,55.117890750406104,0.3321261001883613,0.4318423080074058,1408.7915177644306,0.000804954051894509,0,RELIANCE,5m,2026-03-18 08:15:00
1408.0999755859375,1410.699951171875,1407.199951171875,1409.300048828125,251149,0.0008522642305197614,0.0008522642305197614,0.0008258199994130176,0.4,0.45,0,1409.157330835399,1407.816265391189,58.08851908698423,0.30728467269113935,0.4069307809441525,1408.8043223435764,0.0008258199994130176,0,RELIANCE,5m,2026-03-18 08:20:00
1410.0,1411.0,1409.199951171875,1409.5,141577,0.0001418797736090216,0.0009942649231848844,0.0008260412638315129,0.45,0.45,0,1409.1899659939324,1407.8822941993778,53.6586576155457,0.30027071702147623,0.3855987681596173,1408.8323323953946,0.0008260412638315129,0,RELIANCE,5m,2026-03-18 08:25:00
1409.699951171875,1411.0,1409.5999755859375,1409.9000244140625,60284,0.000283805898589895,0.002417365385042558,0.0007783622785909216,0.45,0.4,0,1409.2575906053733,1407.9614208744636,56.910907990194616,0.32326434356423306,0.3731318832405405,1408.846700834883,0.0007783622785909216,0,RELIANCE,5m,2026-03-18 08:30:00
1409.9000244140625,1411.0,1409.5,1411.0,96600,0.0007801798474289523,0.004056038549652197,0.0007561404790396366,0.45,0.4,0,1409.4235343572425,1408.0805808401708,50.0,0.42534270918031325,0.3835740484284951,1408.8747449379966,0.0007561404790396366,0,RELIANCE,5m,2026-03-18 08:35:00
1411.0,1411.5,1409.0999755859375,1409.5999755859375,82101,-0.0009922214132264129,0.0022040352548435838,0.0007846073133493644,0.45,0.45,0,1409.4403382837847,1408.140164947848,41.73893659706817,0.3887885670549167,0.38461695215377945,1408.8916839044773,0.0007846073133493644,0,RELIANCE,5m,2026-03-18 08:40:00
1409.4000244140625,1411.5,1409.300048828125,1411.4000244140625,99731,0.001276992664090315,0.003269814775574753,0.0008268642069311474,0.45,0.45,0,1409.6269750580968,1408.2680025739742,55.46243486110541,0.4993122816840696,0.40755601805983754,1408.9229379414114,0.0008268642069311474,0,RELIANCE,5m,2026-03-18 08:45:00
1411.4000244140625,1411.9000244140625,1409.5,1410.800048828125,209138,-0.000425092514920844,0.0026295738088166765,0.0008371022585582903,0.45,0.4,0,1409.738696369528,1408.3672985055096,50.8336469894103,0.5323534668407319,0.43251550781601644,1408.9851520259738,0.0008371022585582903,0,RELIANCE,5m,2026-03-18 08:50:00
1410.800048828125,1411.5999755859375,1410.4000244140625,1410.5,49038,-0.0002126799105048871,0.0013488743766818523,0.0008103870000053645,0.4,0.4,0,1409.811201477192,1408.4509338582347,55.45432350852272,0.5282382100406267,0.4516600482609385,1408.9999250164856,0.0008103870000053645,0,RELIANCE,5m,2026-03-18 08:55:00
1410.4000244140625,1410.5999755859375,1409.0999755859375,1409.199951171875,73117,-0.0009216936037752532,0.0007101264271227592,0.0008370597925421195,0.35,0.45,0,1409.7529871624,1408.4803070862208,44.642565203649006,0.4152865985088283,0.44438535831051645,1409.0073847877131,0.0008370597925421195,0,RELIANCE,5m,2026-03-18 09:00:00
1409.4000244140625,1410.0,1408.0,1409.699951171875,140508,0.0003548112527140823,-0.0009213669937101487,0.0007059349226341652,0.3,0.5,0,1409.7479361156832,1408.5281362660505,49.10682172401391,0.36194517524586445,0.42789732169758604,1409.012385191953,0.0007059349226341652,0,RELIANCE,5m,2026-03-18 09:05:00
1409.9000244140625,1410.800048828125,1408.300048828125,1408.9000244140625,207411,-0.0005674446942751654,-0.0018419947473875542,0.0007085174623732125,0.3,0.5,0,1409.6671826202908,1408.542720114992,47.82608695652174,0.2522169093854245,0.39276123923515377,1409.0225403263873,0.0007085174623732125,0,RELIANCE,5m,2026-03-18 09:10:00
1409.0999755859375,1410.0,1408.9000244140625,1409.9000244140625,99960,0.0007097735699279628,-0.00014179928752355853,0.0006968364909366144,0.3,0.45,0,1409.6893580292212,1408.5959477345634,51.219705841487865,0.24314528331933616,0.36283804805199027,1409.031212986308,0.0006968364909366144,0,RELIANCE,5m,2026-03-18 09:15:00
1409.9000244140625,1410.699951171875,1409.0999755859375,1409.0999755859375,95703,-0.000567450751309484,-0.001063377304665658,0.000702145335694258,0.35,0.45,0,1409.633226367956,1408.6157135326566,47.69242326074914,0.16944543862155115,0.32415952616590243,1409.0397474738493,0.000702145335694258,0,RELIANCE,5m,2026-03-18 09:20:00
1409.199951171875,1410.199951171875,1408.699951171875,1410.0,82280,0.0006387228938018463,0.0004966658253202638,0.0006870772560177748,0.35,0.45,0,1409.6681571900554,1408.669999276474,57.72356916725385,0.18156921226091072,0.2956414633849041,1409.0468938431668,0.0006870772560177748,0,RELIANCE,5m,2026-03-18 09:25:00
1410.300048828125,1410.5999755859375,1408.300048828125,1410.5,446531,0.00035460992907809796,7.088456055504011e-05,0.0006687870669807306,0.4,0.45,0,1409.7473803148118,1408.7417640107299,55.17215978448458,0.2288847703855481,0.2822901247850329,1409.0930846422261,0.0006687870669807306,0,RELIANCE,5m,2026-03-18 09:30:00
1410.4000244140625,1410.5,1408.4000244140625,1409.0,394324,-0.0010634526763558805,-0.0006383604500159734,0.0007064998134191525,0.4,0.45,0,1409.6762012372108,1408.7518909122698,48.062037510172416,0.1436888712480595,0.2545698740776382,1409.1037162403927,0.0007064998134191525,0,RELIANCE,5m,2026-03-18 09:35:00
1409.0999755859375,1409.0999755859375,1408.0999755859375,1408.300048828125,338295,-0.0004967715911107229,-0.0007804566247221478,0.0007106222179164577,0.4,0.45,0,1409.5451391030122,1408.7341716148524,43.939520044388956,0.01946590668853787,0.20754908059981816,1409.0782285408238,0.0007106222179164577,0,RELIANCE,5m,2026-03-18 09:40:00
1408.300048828125,1408.4000244140625,1407.0999755859375,1407.300048828125,368339,-0.0007100759535101364,-0.0016316166271614918,0.0007246189004782385,0.4,0.5,0,1409.3313209815944,1408.677931505569,35.87815423608781,-0.1578536912616073,0.13446852622753308,1409.013265168719,0.0007246189004782385,0,RELIANCE,5m,2026-03-18 09:45:00
1407.199951171875,1407.300048828125,1405.0999755859375,1406.5,420369,-0.0005684991120346039,-0.002269951963334349,0.0007316169829954781,0.4,0.55,0,1409.0616713642999,1408.5925224269192,37.6002187478638,-0.3588019586654809,0.03581442924893029,1408.8836809113102,0.0007316169829954781,0,RELIANCE,5m,2026-03-18 09:50:00
1406.699951171875,1408.0,1405.699951171875,1407.199951171875,271765,0.0004976545836294921,-0.0006391765000123284,0.0007021167077221659,0.4,0.5,0,1408.884364679307,1408.5379117894665,31.57866558159955,-0.4563145879787953,-0.06261137419661483,1408.8262626097167,0.0007021167077221659,0,RELIANCE,5m,2026-03-18 09:55:00
1402.4000244140625,1404.5999755859375,1398.699951171875,1399.300048828125,217580,-0.0017834212533306415,-0.007236574084338421,0.0011219807477385552,0.3,0.5,0,1407.3611327788658,1407.9217746913241,19.565188546559455,-1.5400578862179373,-0.5014068000752067,1400.8666585286458,0.0011219807477385552,0,RELIANCE,5m,2026-03-19 03:50:00
1399.0999755859375,1404.9000244140625,1398.199951171875,1400.5999755859375,210464,0.0009289835721089101,-0.006596247015450585,0.0011504542485695384,0.35,0.55,0,1406.7172130462059,1407.6346453146423,26.630222051203802,-1.8746225879865506,-0.7760499576574755,1401.0469400430998,0.0011504542485695384,0,RELIANCE,5m,2026-03-19 03:55:00
1400.5,1403.800048828125,1399.5,1401.4000244140625,103343,0.000571218650628813,-0.006803668026886922,0.001140747097788791,0.35,0.5,0,1406.210814128859,1407.3901503773648,27.807479649322076,-2.0515611505134075,-1.031152196228662,1401.1480201061834,0.001140747097788791,0,RELIANCE,5m,2026-03-19 04:00:00
1401.0999755859375,1404.5,1400.300048828125,1400.9000244140625,261901,-0.0003567860648561183,-0.006171929144833221,0.0011304476256783632,0.35,0.45,0,1405.7050246322117,1407.135635633706,28.260754186237833,-2.206694655051251,-1.26626068799318,1401.3962914530812,0.0011304476256783632,0,RELIANCE,5m,2026-03-19 04:05:00
1401.0,1402.800048828125,1400.5,1400.9000244140625,225547,0.0,-0.007439421721959438,0.0010706407513762337,0.35,0.45,0,1405.2474055638165,1406.8911018603867,24.13778588466394,-2.3030904816259863,-1.4736266467197414,1401.3971178461188,0.0010706407513762337,0,RELIANCE,5m,2026-03-19 04:10:00
1400.9000244140625,1402.300048828125,1400.300048828125,1401.4000244140625,119208,0.00035691340658594584,-0.006662903380156959,0.0010828385631036325,0.3,0.5,0,1404.880988311459,1406.6757654899427,27.485330020987718,-2.312482192114885,-1.6413977557987702,1401.3904407929547,0.0010828385631036325,0,RELIANCE,5m,2026-03-19 04:15:00
1401.9000244140625,1405.199951171875,1401.4000244140625,1403.0,230933,0.0011416979863450027,-0.005317263381779513,0.0011320344670456566,0.35,0.5,0,1404.7018465675108,1406.5316178236706,30.336862895704186,-2.165853916359083,-1.7462889879108328,1401.6956945424893,0.0011320344670456566,0,RELIANCE,5m,2026-03-19 04:20:00
1402.9000244140625,1404.5,1402.9000244140625,1404.0999755859375,91721,0.0007840168110744283,-0.003619057452916019,0.0011442170346227126,0.35,0.45,0,1404.6445255216468,1406.436259304544,32.608421625279476,-1.938544777029847,-1.7847401457346357,1401.8299224949908,0.0011442170346227126,0,RELIANCE,5m,2026-03-19 04:25:00
1404.0,1406.699951171875,1403.9000244140625,1406.699951171875,134258,0.0018517026074675869,-0.0021281124380447825,0.0012270439387579665,0.4,0.4,0,1404.840280345478,1406.4466001620863,44.102365063665154,-1.5309564327851604,-1.7339834031447405,1402.1613024531825,0.0012270439387579665,0,RELIANCE,5m,2026-03-19 04:30:00
1406.9000244140625,1408.0,1405.0,1407.0,151116,0.0002132998070234482,-0.0013485871113194658,0.0012239996196205395,0.4,0.4,0,1405.045967931623,1406.4683021165145,46.59670471540142,-1.1702385194346334,-1.6212344264027192,1402.5512250957813,0.0012239996196205395,0,RELIANCE,5m,2026-03-19 04:35:00
1407.0999755859375,1407.300048828125,1404.5999755859375,1406.300048828125,127429,-0.0004974777340973624,-0.002553355219235165,0.0012134111697253013,0.4,0.45,0,1405.1654042074804,1406.4617039483423,47.34039790140772,-0.9301252788743568,-1.483012596897047,1402.7903349516637,0.0012134111697253013,0,RELIANCE,5m,2026-03-19 04:40:00
1406.5,1407.4000244140625,1404.0999755859375,1406.5,180191,0.00014218243968744382,-0.0018451320921046843,0.001210228863043146,0.4,0.5,0,1405.2925085686727,1406.46320575429,50.0,-0.715452130492622,-1.329500503616162,1403.0719512000305,0.001210228863043146,0,RELIANCE,5m,2026-03-19 04:45:00
1406.4000244140625,1410.800048828125,1406.4000244140625,1410.4000244140625,146012,0.0027728577419570133,0.00028370525820031745,0.0013625173910369198,0.45,0.45,0,1405.7789386491859,1406.6175907997713,57.476883410246025,-0.2279945580689855,-1.1091993145067267,1403.478721302347,0.0013625173910369198,0,RELIANCE,5m,2026-03-19 04:50:00
1410.4000244140625,1412.0,1408.199951171875,1408.4000244140625,189160,-0.001418037411642037,-0.0014888164380981728,0.0013964993759451043,0.45,0.4,0,1406.0285658648884,1406.6874901571944,68.33338984775017,-0.0030292855653897277,-0.8879653087184594,1403.9581497469221,0.0013964993759451043,0,RELIANCE,5m,2026-03-19 04:55:00
1408.4000244140625,1413.5,1408.0,1410.9000244140625,254361,0.001775063871530369,0.001348491422329623,0.0014343291326421334,0.5,0.45,0,1406.492514298143,1406.8526875790324,82.22237292733377,0.3726902787673225,-0.635834191221303,1404.6165509804985,0.0014343291326421334,0,RELIANCE,5m,2026-03-19 05:00:00
1411.0999755859375,1415.4000244140625,1410.5999755859375,1415.300048828125,246615,0.003118594044882572,0.004970531674570955,0.001579802078152093,0.55,0.4,0,1407.3313271105224,1407.1839566476242,84.83433708801222,1.0138093746936647,-0.3059054780383095,1405.3974110193658,0.001579802078152093,0,RELIANCE,5m,2026-03-19 05:05:00
1415.0999755859375,1415.5999755859375,1413.199951171875,1414.9000244140625,152157,-0.00028264283209322727,0.005400394601184022,0.0015689971822311474,0.6,0.35,0,1408.0521554251452,1407.4865475404256,82.60877257126683,1.472646498019003,0.04980491717315305,1405.8560454012033,0.0015689971822311474,0,RELIANCE,5m,2026-03-19 05:10:00
1415.0,1415.0999755859375,1411.199951171875,1411.699951171875,145129,-0.0022616956583294545,0.003697085795858479,0.0016597088789609806,0.6,0.35,0,1408.3995645438813,1407.6517790553844,73.07674249972612,1.5600754784782112,0.3518590294341647,1406.1661721606877,0.0016597088789609806,0,RELIANCE,5m,2026-03-19 05:15:00
1411.699951171875,1412.800048828125,1409.800048828125,1410.199951171875,127809,-0.0010625487369003705,0.0021318931950655706,0.0016808138681538075,0.55,0.4,0,1408.5710299370235,1407.7517073736783,68.67453341242566,1.491137209852468,0.5797146655178254,1406.3499731602067,0.0016808138681538075,0,RELIANCE,5m,2026-03-19 05:20:00
1410.300048828125,1410.300048828125,1406.5999755859375,1406.800048828125,125031,-0.0024109363646798165,0.003566842506661283,0.0015279100259124275,0.55,0.4,0,1408.4023650695094,1407.7143874307155,59.71229971414395,1.148915448209891,0.6935548220562385,1406.40631223875,0.0015279100259124275,0,RELIANCE,5m,2026-03-19 05:25:00
1407.199951171875,1410.0,1406.699951171875,1409.4000244140625,104012,0.001848148632140889,0.007217876962411385,0.0014978955923515588,0.55,0.4,0,1408.4973802451811,1407.780490841827,61.11118175383272,1.075105391690613,0.7698649359831136,1406.4736293248852,0.0014978955923515588,0,RELIANCE,5m,2026-03-19 05:30:00
1409.5,1410.0999755859375,1407.9000244140625,1408.300048828125,82304,-0.0007804566247221478,0.005497696256182127,0.0015124641913994124,0.55,0.35,0,1408.47858677689,1407.800865664819,57.291812367279995,0.9172777463463717,0.7993474980557652,1406.5256736879562,0.0015124641913994124,0,RELIANCE,5m,2026-03-19 05:35:00
1408.699951171875,1409.5999755859375,1405.0999755859375,1405.5999755859375,99222,-0.0019172570819935286,0.002996968102402464,0.001587339771853545,0.55,0.4,0,1408.2044333301328,1407.7145562499609,48.09692965968177,0.567779842539494,0.753033966952511,1406.532091447631,0.001587339771853545,0,RELIANCE,5m,2026-03-19 05:40:00
1405.5999755859375,1406.5999755859375,1404.4000244140625,1405.0999755859375,138045,-0.00035571998341243916,0.0029980377604972297,0.0015873218462866985,0.5,0.45,0,1407.9087706878286,1407.6120236749011,46.73535050149546,0.24760023308908785,0.6519472201798264,1406.490450399739,0.0015873218462866985,0,RELIANCE,5m,2026-03-19 05:45:00
1404.800048828125,1408.4000244140625,1404.800048828125,1407.0,122516,0.0013522343228780098,0.004354326132936404,0.0016092049130913017,0.55,0.45,0,1407.8222210985116,1407.5880227464738,51.155033075764045,0.14549450677168352,0.5506566774981978,1406.4979164205067,0.0016092049130913017,0,RELIANCE,5m,2026-03-19 05:50:00
1406.800048828125,1407.5,1405.5,1405.5,56040,-0.0010660980810234255,0.0029256283106258163,0.0016340303067196582,0.55,0.4,0,1407.6010571843676,1407.506139501514,48.41772640882613,-0.05581903386769227,0.4293615352250198,1406.4933239517813,0.0016340303067196582,0,RELIANCE,5m,2026-03-19 05:55:00
1405.4000244140625,1407.9000244140625,1405.4000244140625,1407.199951171875,66499,0.0012094992329241272,0.002993550371970688,0.001636270623877298,0.55,0.45,0,1407.5628566117493,1407.4941321160381,44.557703087047685,-0.07729856300693427,0.328029515578629,1406.4988271079303,0.001636270623877298,0,RELIANCE,5m,2026-03-19 06:00:00
1407.0999755859375,1408.0,1402.4000244140625,1403.0,148807,-0.002984615774309418,-0.0007834026102582214,0.001770957360987759,0.6,0.5,0,1407.128298839202,1407.3178916408995,41.45565097134822,-0.4282851985446996,0.17676657275396332,1406.4277983632737,0.001770957360987759,0,RELIANCE,5m,2026-03-19 06:05:00
1403.0999755859375,1404.800048828125,1401.0999755859375,1401.9000244140625,229472,-0.0007840168110744283,-0.003412189467849047,0.0017203018501033738,0.55,0.55,0,1406.6303679415696,1407.1054262594548,35.099313656537234,-0.7861413249977431,-0.015815006796377984,1406.2320346210759,0.0017203018501033738,0,RELIANCE,5m,2026-03-19 06:10:00
1401.800048828125,1403.300048828125,1401.199951171875,1402.199951171875,84577,0.00021394304343336223,-0.003411548562988642,0.0017203093890080445,0.5,0.55,0,1406.2084234873128,1406.9130546873928,24.903886628314865,-1.0336282772934737,-0.21937766089579713,1406.1580539651422,0.0017203093890080445,0,RELIANCE,5m,2026-03-19 06:15:00
1402.199951171875,1402.5,1399.800048828125,1399.9000244140625,156107,-0.0016402273840405712,-0.004550966502060216,0.0017504903956138912,0.5,0.55,0,1405.6076235755745,1406.6380338923602,23.21405215935546,-1.3992190123103683,-0.4553459311787114,1405.978927316786,0.0017504903956138912,-1,RELIANCE,5m,2026-03-19 06:20:00
1400.0999755859375,1401.9000244140625,1399.4000244140625,1401.5,95576,0.0011429213215472522,-0.00355492356914322,0.0017757074653270504,0.45,0.55,0,1405.2164213302817,1406.4365423671697,30.681660547658893,-1.5420716039748186,-0.6726910657379328,1405.878943502301,0.0017757074653270504,0,RELIANCE,5m,2026-03-19 06:25:00
1401.5,1401.9000244140625,1400.5,1400.9000244140625,66290,-0.0004280953164020884,-0.006735677705299703,0.0016345218207895833,0.4,0.55,0,1404.8053359096893,1406.2194240160675,31.76458761183956,-1.6842809848808429,-0.8750090495665148,1405.8141517052518,0.0016345218207895833,0,RELIANCE,5m,2026-03-19 06:30:00
1400.9000244140625,1401.0,1397.5,1398.699951171875,133204,-0.0015704712712155677,-0.006887299825362514,0.0016401755452345444,0.35,0.6,-1,1404.223870696564,1405.92454272806,33.332998432664866,-1.9520089238860692,-1.0904090244304259,1405.6352030087678,0.0016401755452345444,-1,RELIANCE,5m,2026-03-19 06:35:00
1398.0999755859375,1401.300048828125,1397.699951171875,1401.0999755859375,63470,0.0017158965452537256,-0.006945955530899384,0.0016362003755687486,0.35,0.55,0,1403.9263568765043,1405.7353440166044,32.779877017211504,-1.9480672257013794,-1.2619406646846167,1405.5652966433047,0.0016362003755687486,-1,RELIANCE,5m,2026-03-19 06:40:00
1400.9000244140625,1401.5,1399.199951171875,1399.9000244140625,132739,-0.0008564350815674082,-0.010881102156969358,0.0014202225889771508,0.35,0.55,0,1403.542896641986,1405.5065079537596,32.644455093444975,-2.018501404928884,-1.4132528127334703,1405.4288325039468,0.0014202225889771508,0,RELIANCE,5m,2026-03-19 06:45:00
1399.800048828125,1400.0,1398.5999755859375,1399.199951171875,48293,-0.0005000880277007402,-0.011096242116957478,0.0014189326908671345,0.3,0.6,-1,1403.1292827876898,1405.2591920015288,35.58541963367627,-2.106528312191358,-1.551907912625048,1405.3723330057735,0.0014189326908671345,0,RELIANCE,5m,2026-03-19 06:50:00
1399.199951171875,1400.300048828125,1397.800048828125,1400.0,116679,0.0005717902058637314,-0.0082878455596479,0.0013806872734562865,0.35,0.6,-1,1402.8312558555288,1405.0529491779396,38.66665943283112,-2.087667682735173,-1.6590598666470728,1405.2421778863413,0.0013806872734562865,-1,RELIANCE,5m,2026-03-19 06:55:00
1400.0,1400.199951171875,1397.800048828125,1398.5999755859375,63402,-0.0010000174386161076,-0.008225766549132207,0.0013792140394157121,0.35,0.55,0,1402.4282767822342,1404.799891390018,30.90892949290601,-2.1607826108331665,-1.7594044154842916,1405.1679710886494,0.0013792140394157121,0,RELIANCE,5m,2026-03-19 07:00:00
1398.5999755859375,1399.800048828125,1397.5999755859375,1399.4000244140625,80014,0.0005720354941303185,-0.005260182085028209,0.00131128843327891,0.35,0.55,0,1402.1398717947893,1404.588131900765,35.680759245568495,-2.1296205242124415,-1.8334476372299218,1405.077716705843,0.00131128843327891,0,RELIANCE,5m,2026-03-19 07:05:00
1399.4000244140625,1399.4000244140625,1397.5,1398.199951171875,53261,-0.0008575626849013362,-0.007946695791241964,0.001218311728272501,0.35,0.6,-1,1401.7646412592737,1404.337615009436,28.365435402655024,-2.1766689426274297,-1.9020918983094235,1405.0136654462995,0.001218311728272501,0,RELIANCE,5m,2026-03-19 07:10:00
1398.300048828125,1400.5999755859375,1397.0999755859375,1400.199951171875,61565,0.001430410577774488,-0.005751684566786874,0.0012805099199243446,0.35,0.65,0,1401.6156231557118,1404.1753536824729,42.47302654030924,-2.0291807354867615,-1.9275096657448914,1404.951318736123,0.0012805099199243446,0,RELIANCE,5m,2026-03-19 07:15:00
1400.199951171875,1400.9000244140625,1398.800048828125,1400.9000244140625,241314,0.0004999809074421879,-0.0033437331057976083,0.0012317451577845322,0.4,0.6,0,1401.5474708946022,1404.0469093974373,47.25277673445297,-1.8346564315354499,-1.908939018903003,1404.7564387116515,0.0012317451577845322,0,RELIANCE,5m,2026-03-19 07:20:00
1400.800048828125,1401.5999755859375,1399.4000244140625,1400.199951171875,76672,-0.0004997310514576192,-0.003487313713758433,0.0012333280083296953,0.45,0.55,0,1401.4191356829137,1403.8960482905525,44.62375470880859,-1.7171898830126793,-1.8705891917249384,1404.7003958266034,0.0012333280083296953,-1,RELIANCE,5m,2026-03-19 07:25:00
1400.199951171875,1400.800048828125,1399.5,1399.9000244140625,52345,-0.00021420280550754622,-0.0050461802316542625,0.0011798887600631388,0.4,0.55,0,1401.2744584192135,1403.7393414718667,50.0,-1.6295143526508582,-1.8223742239101224,1404.6600539201531,0.0011798887600631388,0,RELIANCE,5m,2026-03-19 07:30:00
1399.800048828125,1399.9000244140625,1397.800048828125,1398.800048828125,100932,-0.0007857529586070555,-0.004766952096673771,0.0011713456418494536,0.4,0.6,0,1401.0388003629193,1403.545643721132,41.61523647777761,-1.6300000738647213,-1.7838993939010424,1404.563854430688,0.0011713456418494536,0,RELIANCE,5m,2026-03-19 07:35:00
1399.0,1400.0,1395.5999755859375,1396.699951171875,147142,-0.0015013565791689443,-0.007461626182729719,0.0011516819678503549,0.4,0.6,-1,1400.625576630439,1403.2771851897887,38.06828821705749,-1.7793342830198071,-1.7829863717247956,1404.3962625832403,0.0011516819678503549,0,RELIANCE,5m,2026-03-19 07:40:00
1397.0,1397.5,1396.0,1396.9000244140625,73731,0.00014324711762148112,-0.004347808685629007,0.000977718383108915,0.35,0.55,0,1400.2707621336413,1403.0271004534857,44.2311755178053,-1.8600964471345378,-1.7984083868067442,1404.30784101799,0.000977718383108915,0,RELIANCE,5m,2026-03-19 07:45:00
1396.5999755859375,1397.0,1394.0999755859375,1394.0999755859375,180076,-0.002004473318911626,-0.005563912327760434,0.0010503349068167818,0.35,0.55,0,1399.6830681767171,1402.6770171253465,28.12566755164943,-2.1255396851131536,-1.8638346464680262,1404.0523839386924,0.0010503349068167818,0,RELIANCE,5m,2026-03-19 07:50:00
1394.199951171875,1395.9000244140625,1394.199951171875,1394.9000244140625,120474,0.0005738819612193247,-0.005206052640147063,0.0010622314341215545,0.35,0.55,0,1399.2275401993215,1402.3720370190217,33.97496087636932,-2.24546380054403,-1.9401604772832273,1403.8880103414208,0.0010622314341215545,0,RELIANCE,5m,2026-03-19 07:55:00
1395.300048828125,1396.0999755859375,1394.199951171875,1395.5,66171,0.00043012085127003274,-0.0031430990337357745,0.0010207584082760415,0.4,0.5,0,1398.8725363708147,1402.102545371217,38.06504961411246,-2.265970809475675,-2.005322543721717,1403.8028750333815,0.0010207584082760415,0,RELIANCE,5m,2026-03-19 08:00:00
1395.5,1397.199951171875,1395.5,1396.699951171875,81139,0.0008598718537262684,-0.003424936730734962,0.00100360647835025,0.45,0.45,0,1398.6656234947252,1401.8906789320272,39.62274290627687,-2.160491924591952,-2.036356419895764,1403.715105876111,0.00100360647835025,0,RELIANCE,5m,2026-03-19 08:05:00
1396.9000244140625,1397.4000244140625,1395.5999755859375,1396.0999755859375,93898,-0.00042956655467341065,-0.0034264035580502394,0.0010036263646785628,0.5,0.45,0,1398.4212760748408,1401.6635925262983,41.72204168081357,-2.1010920823264314,-2.0493035523818977,1403.6147554942756,0.0010036263646785628,0,RELIANCE,5m,2026-03-19 08:10:00
1395.699951171875,1396.0999755859375,1394.199951171875,1395.199951171875,150375,-0.0006446704604265996,-0.002502323673542417,0.0009559031133349299,0.5,0.45,0,1398.1144832269392,1401.4101163947523,36.18425807695088,-2.1024064944103884,-2.059924140787596,1403.4339515983822,0.0009559031133349299,0,RELIANCE,5m,2026-03-19 08:15:00
1395.300048828125,1397.4000244140625,1395.0,1397.4000244140625,71595,0.0015768874134058919,-0.0026407474386884733,0.0009422220641485551,0.5,0.45,0,1398.0464395304748,1401.2528578857057,47.531138622440906,-1.903972837898209,-2.0287338802097183,1403.3650193770263,0.0009422220641485551,0,RELIANCE,5m,2026-03-19 08:20:00
1397.5,1397.5,1390.0,1393.199951171875,363451,-0.003005634155437087,-0.004786108382983878,0.0011325522936612613,0.5,0.5,0,1397.5848692106083,1400.9370576224183,30.978664685277565,-2.0618557549601064,-2.035358255159796,1402.8877310107714,0.0011325522936612613,0,RELIANCE,5m,2026-03-19 08:25:00
1393.199951171875,1393.699951171875,1389.300048828125,1390.800048828125,209108,-0.0017225828508904417,-0.006003360946886027,0.0011793922447980996,0.5,0.5,0,1396.9386958408481,1400.5395278657795,24.875957269784593,-2.3535014666331335,-2.0989868974544637,1402.5709250891334,0.0011793922447980996,0,RELIANCE,5m,2026-03-19 08:30:00
1390.5,1391.9000244140625,1389.5,1390.4000244140625,90320,-0.0002876218004159714,-0.006857125418526788,0.0011614630385263062,0.45,0.45,0,1396.3159652287732,1400.1419002794376,25.252923805355024,-2.5870890690187025,-2.1966073317673116,1402.4316079819585,0.0011614630385263062,0,RELIANCE,5m,2026-03-19 08:35:00
1390.300048828125,1391.4000244140625,1389.0,1391.199951171875,203205,0.0005753213059311868,-0.005291022839437942,0.0011679840961842344,0.45,0.5,0,1395.8287257947827,1399.7912356085528,28.57142857142857,-2.6768049811589663,-2.292646861645643,1402.1280182747093,0.0011679840961842344,0,RELIANCE,5m,2026-03-19 08:40:00
1391.199951171875,1392.0,1390.0999755859375,1391.0999755859375,99681,-7.186284462801229e-05,-0.005931148122996666,0.0011524812435257437,0.5,0.45,0,1395.3783686320357,1399.4504018821758,30.051800363045274,-2.7245655860597253,-2.3790306065284597,1401.9912808151184,0.0011524812435257437,0,RELIANCE,5m,2026-03-19 08:45:00
1391.0999755859375,1392.9000244140625,1390.5,1392.4000244140625,77337,0.0009345473732593756,-0.00414813829234606,0.001176012437454525,0.55,0.4,0,1395.0947168017526,1399.1739164912694,38.378653012477486,-2.6272280841108113,-2.42867010204493,1401.8957338507425,0.001176012437454525,0,RELIANCE,5m,2026-03-19 08:50:00
1392.4000244140625,1392.4000244140625,1390.0,1390.0,88484,-0.001723660135005023,-0.007284638999835891,0.0011561695235605869,0.5,0.4,0,1394.609505677776,1398.8141550602393,33.33333333333333,-2.7124815263371147,-2.4854323869033674,1401.7764321774634,0.0011561695235605869,0,RELIANCE,5m,2026-03-19 08:55:00
1390.300048828125,1392.5,1390.0999755859375,1392.5,98232,0.0017985611510791255,-0.005996162658056803,0.001240669693802873,0.5,0.4,0,1394.4086003751308,1398.5665411363082,46.07849590406721,-2.548933863963157,-2.4981326823153256,1401.6575729472027,0.001240669693802873,0,RELIANCE,5m,2026-03-19 09:00:00
1392.300048828125,1393.800048828125,1391.800048828125,1392.9000244140625,142681,0.00028727067437173126,-0.005213488796155796,0.00124646629145382,0.5,0.4,0,1394.264926474077,1398.3443247942594,45.00000000000001,-2.3598397722184927,-2.4704741002959594,1401.5089327110206,0.00124646629145382,0,RELIANCE,5m,2026-03-19 09:05:00
1393.0,1393.800048828125,1391.0,1392.699951171875,215487,-0.0001436379055788084,-0.005143276745924186,0.001246704334708989,0.5,0.45,0,1394.1158812072006,1398.122976809068,42.85705388505518,-2.2007566282372863,-2.416530605884225,1401.285431879605,0.001246704334708989,0,RELIANCE,5m,2026-03-19 09:10:00
1393.0999755859375,1393.4000244140625,1389.5,1390.5,149077,-0.0015796303934841882,-0.0059336921206705195,0.0012767007965328572,0.5,0.45,0,1393.7715115684196,1397.8240365420456,34.95164616369195,-2.2265336701311753,-2.378531218733615,1401.1141307386877,0.0012767007965328572,0,RELIANCE,5m,2026-03-19 09:15:00
1390.5,1390.5999755859375,1386.699951171875,1387.5,165330,-0.0021574973031284195,-0.006586920235914673,0.0013170763449485696,0.45,0.45,0,1393.1742247523796,1397.4191723639262,31.304500124723347,-2.4606719944622455,-2.394959373879341,1400.8781306614233,0.0013170763449485696,0,RELIANCE,5m,2026-03-19 09:20:00
1387.5,1388.199951171875,1380.0,1381.5,337955,-0.00432432432432428,-0.011024428480858606,0.0015843939524440328,0.45,0.5,0,1392.0623938235817,1396.7948910947528,25.622947401344945,-3.094704334100925,-2.5349083659236578,1400.2395592404841,0.0015843939524440328,0,RELIANCE,5m,2026-03-19 09:25:00
1381.300048828125,1384.199951171875,1376.800048828125,1382.699951171875,1857864,0.0008685857197792135,-0.008177336355860043,0.0015760846529729348,0.45,0.5,0,1391.1707326186574,1396.2421483526791,22.878069215280874,-3.460463431684502,-2.7200193790758265,1397.0857018488546,0.0015760846529729348,0,RELIANCE,5m,2026-03-19 09:30:00
1382.699951171875,1388.300048828125,1380.4000244140625,1386.0,1800721,0.002386670242758182,-0.0063804030814330615,0.0016840309006371165,0.5,0.5,0,1390.678281893071,1395.8404954761033,36.259609560639234,-3.4443395881553442,-2.86488342089173,1395.3973700510676,0.0016840309006371165,0,RELIANCE,5m,2026-03-19 09:35:00
1386.0999755859375,1389.800048828125,1384.4000244140625,1385.699951171875,1075708,-0.0002164854459776322,-0.007022607544338921,0.0016750824927916114,0.5,0.5,0,1390.204155157719,1395.442827072016,39.41892740644691,-3.416390733068056,-2.975184883326995,1394.7274469542226,0.0016750824927916114,0,RELIANCE,5m,2026-03-19 09:40:00
1385.699951171875,1390.0999755859375,1385.5999755859375,1389.9000244140625,471894,0.0030310120445884436,-0.004868566618125181,0.0018216260889701347,0.5,0.5,0,1390.1751903249897,1395.2254622619,49.10394735690722,-3.020511676479373,-2.984250241957471,1394.5264790739966,0.0018216260889701347,0,RELIANCE,5m,2026-03-19 09:45:00
1389.800048828125,1393.5999755859375,1389.800048828125,1393.4000244140625,452428,0.002518166730355542,-0.0019339239446242162,0.0019221622301480567,0.5,0.5,0,1390.482317381092,1395.1538764639456,53.59486510529485,-2.396725957767785,-2.8667453851195335,1394.4583052515054,0.0019221622301480567,0,RELIANCE,5m,2026-03-19 09:50:00
1393.300048828125,1394.0,1384.800048828125,1384.800048828125,243066,-0.006171935865692202,-0.007454058706793054,0.002354151993637556,0.55,0.5,0,1389.941148947476,1394.747844007639,41.943872947684895,-2.5667297752306695,-2.8067422631417607,1394.353173994402,0.002354151993637556,0,RELIANCE,5m,2026-03-19 09:55:00
1408.4000244140625,1409.300048828125,1405.0,1406.199951171875,208847,-0.0015621082107711848,0.00933103678984848,0.004500980111532535,0.5,0.45,0,1393.0801669999817,1395.7113305937912,63.235211986787725,0.43897159317248224,-1.8346093749733179,1406.833333333333,0.004500980111532535,1,RELIANCE,5m,2026-03-20 03:50:00
1406.300048828125,1413.5,1406.300048828125,1413.4000244140625,327358,0.005120234313894745,0.016249622370217764,0.004584517895865825,0.55,0.4,0,1395.0153915156086,1396.4050048612528,65.85731353789444,1.9696787483389926,-1.0737517503108558,1409.417836509305,0.004584517895865825,0,RELIANCE,5m,2026-03-20 03:55:00
1413.0,1413.800048828125,1411.5999755859375,1413.0,213656,-0.0002830227870048718,0.016254297460517986,0.00458445973189712,0.6,0.4,1,1396.728211371265,1397.055788984341,65.25029869131527,3.1145934750732067,-0.2360827052340433,1410.3815101254886,0.00458445973189712,0,RELIANCE,5m,2026-03-20 04:00:00
1413.0,1413.300048828125,1410.5,1412.4000244140625,359579,-0.000424611171930267,0.015238696079833636,0.004592672550707714,0.6,0.4,1,1398.2207649943884,1397.6575237070754,64.8567288554695,3.9282511945757506,0.5967840747279155,1410.9276916970061,0.004592672550707714,0,RELIANCE,5m,2026-03-20 04:05:00
1411.9000244140625,1412.300048828125,1409.199951171875,1410.0999755859375,220323,-0.0016284684143071937,0.01365825629606321,0.004620730218897387,0.55,0.45,0,1399.3521183840596,1398.1454629964426,64.75895806791421,4.337486239867076,1.3449245077557477,1410.8623507221462,0.004620730218897387,0,RELIANCE,5m,2026-03-20 04:10:00
1410.0,1411.699951171875,1409.5,1411.4000244140625,247421,0.0009219550745576122,0.013645503926212221,0.004620695799088222,0.5,0.45,0,1400.4995380059645,1398.6652497187024,68.46978916088864,4.712389543808058,2.01841751496621,1410.863026510001,0.004620695799088222,0,RELIANCE,5m,2026-03-20 04:15:00
1411.4000244140625,1415.300048828125,1411.4000244140625,1413.800048828125,517116,0.0017004565484961542,0.017122337286420874,0.004589970547773242,0.55,0.4,0,1401.7662533223609,1399.2587712524053,76.4319706553401,5.143869697660421,2.643507951505052,1411.5141472781613,0.004589970547773242,0,RELIANCE,5m,2026-03-20 04:20:00
1413.800048828125,1416.699951171875,1413.300048828125,1415.5,286490,0.0012023985805376114,0.016517055655296264,0.004585482464942969,0.55,0.4,0,1403.0742291964218,1399.8956821836834,76.6232685333809,5.558912992051546,3.226588959614351,1411.9536695710192,0.004585482464942969,1,RELIANCE,5m,2026-03-20 04:25:00
1415.0999755859375,1416.699951171875,1414.0,1416.0,173461,0.00035323207347226493,0.01658408728627503,0.004585095756495147,0.5,0.4,0,1404.3052549872389,1400.527224058833,75.51007697865026,5.860625966380212,3.753396360967524,1412.1990296652111,0.004585095756495147,1,RELIANCE,5m,2026-03-20 04:30:00
1416.0999755859375,1418.9000244140625,1416.0,1418.800048828125,157852,0.001977435613082612,0.018740646636979053,0.004585855695778307,0.55,0.35,0,1405.6857115435137,1401.2438054223348,76.99831930095664,6.253588733509787,4.253434835475977,1412.5308435465774,0.004585855695778307,1,RELIANCE,5m,2026-03-20 04:35:00
1418.9000244140625,1422.5,1417.199951171875,1422.300048828125,372099,0.0024668733292552147,0.02286950652867681,0.0045580807660896335,0.6,0.3,1,1407.2680293801432,1402.0695404578562,76.73259648253455,6.769401856092372,4.756628239599256,1413.5124043027024,0.0045580807660896335,1,RELIANCE,5m,2026-03-20 04:40:00
1422.0,1423.0999755859375,1419.199951171875,1420.699951171875,243197,-0.001125007102100839,0.023927892736486545,0.004524478641976709,0.65,0.25,1,1408.5472600269748,1402.8001447995823,73.2536449332776,6.968741647861407,5.199050921251686,1414.0596638634238,0.004524478641976709,1,RELIANCE,5m,2026-03-20 04:45:00
1420.699951171875,1423.300048828125,1420.0,1423.300048828125,233528,0.0018301525625485926,0.030257002409066258,0.004334820019366957,0.7,0.2,1,1409.9522875318462,1403.6040626046233,86.52720963953655,7.252918885810004,5.60982451416335,1414.5935147452658,0.004334820019366957,1,RELIANCE,5m,2026-03-20 04:50:00
1423.0,1426.0,1422.199951171875,1426.0,290640,0.0018969655583851441,0.03131557847487243,0.004333030155365089,0.75,0.15,1,1411.4806411002419,1404.4823346593441,77.6725564183963,7.60829124394445,6.00951786011957,1415.3586662132184,0.004333030155365089,1,RELIANCE,5m,2026-03-20 04:55:00
1426.0,1428.199951171875,1426.0,1426.800048828125,430882,0.0005610440589935983,0.02943726466675689,0.004333746477076518,0.75,0.15,1,1412.9396323124213,1405.3575391365512,83.88130420815934,7.863834265877813,6.3803811412712195,1416.529968237998,0.004333746477076518,1,RELIANCE,5m,2026-03-20 05:00:00
1426.800048828125,1429.4000244140625,1426.0,1428.5,417901,0.0011914431691191218,0.030886952685485358,0.004316472415239052,0.75,0.15,1,1414.4215720921907,1406.2650866213924,80.32090909536579,8.110038330780071,6.7263125791729905,1417.5467884983884,0.004316472415239052,1,RELIANCE,5m,2026-03-20 05:05:00
1428.699951171875,1429.9000244140625,1427.9000244140625,1428.0999755859375,314273,-0.00028003109139829174,0.027483956040635915,0.004319404537276486,0.75,0.15,1,1415.7242771868332,1407.1213567768648,80.32090909536579,8.17860038471531,7.016770140281454,1418.2415973130237,0.004319404537276486,1,RELIANCE,5m,2026-03-20 05:10:00
1427.9000244140625,1428.5999755859375,1426.199951171875,1428.5,327554,0.00028010953077584055,0.025190164325350484,0.004316957043528173,0.7,0.2,1,1416.9410126928492,1407.959734942478,82.59062492278039,8.171024449920424,7.247621002209248,1418.8256226214587,0.004316957043528173,1,RELIANCE,5m,2026-03-20 05:15:00
1428.5999755859375,1430.0,1427.0999755859375,1428.9000244140625,375537,0.00028003109139840276,0.031845735146569965,0.003959105862828417,0.7,0.15,1,1418.0799661901076,1408.7809227648931,91.22764749973231,8.103882580192703,7.41887331780594,1419.4719781680294,0.003959105862828417,0,RELIANCE,5m,2026-03-20 05:20:00
1429.300048828125,1429.5,1427.5999755859375,1428.300048828125,244149,-0.0004198863291247079,0.014129525751990446,0.0015786991217756044,0.65,0.15,1,1419.0533073937283,1409.5463786889416,88.23496920655086,7.911065312665187,7.51731171677779,1419.8403271537647,0.0015786991217756044,0,RELIANCE,5m,2026-03-20 05:25:00
1428.4000244140625,1429.9000244140625,1425.699951171875,1426.5,281195,-0.0012602735885935967,0.014436104062731436,0.0015572026952960665,0.7,0.2,1,1419.7625162133734,1410.211226583493,79.53443479248283,7.526249423752915,7.519099258172815,1420.1793223626769,0.0015572026952960665,0,RELIANCE,5m,2026-03-20 05:30:00
1426.4000244140625,1427.5,1425.800048828125,1427.0,118796,0.000350508236943492,0.009622170193166246,0.001162825169414632,0.65,0.2,0,1420.4518003835283,1410.8696098547287,78.32471437161756,7.178872309376857,7.451053868413624,1420.3023292860462,0.001162825169414632,0,RELIANCE,5m,2026-03-20 05:35:00
1427.0,1429.5,1426.199951171875,1428.9000244140625,247618,0.0013314817197354056,0.011252671205989051,0.001163139468583423,0.65,0.2,0,1421.256393148341,1411.5766849354868,79.72312382923907,6.976469141009147,7.356136922932729,1420.598208202203,0.001163139468583423,0,RELIANCE,5m,2026-03-20 05:40:00
1428.800048828125,1429.4000244140625,1427.199951171875,1428.0999755859375,88162,-0.0005599053918786678,0.011115796446115267,0.0011695448359629395,0.65,0.15,0,1421.9081629043026,1412.2246571178575,73.60349474858259,6.674565679320494,7.219822674210282,1420.6987103298022,0.0011695448359629395,0,RELIANCE,5m,2026-03-20 05:45:00
1428.4000244140625,1429.5,1426.9000244140625,1427.199951171875,156638,-0.0006302250748888572,0.012126782414014325,0.001090128198989129,0.7,0.15,0,1422.4121427393095,1412.8119235513484,64.32691346744143,6.29017138223935,7.033892415816096,1420.8625166494187,0.001090128198989129,0,RELIANCE,5m,2026-03-20 05:50:00
1426.800048828125,1429.0999755859375,1426.800048828125,1427.9000244140625,104712,0.0004905221875972643,0.011690519848793324,0.0010877596578041599,0.7,0.2,0,1422.934798136905,1413.4036137812589,72.22201291508745,5.973171192937571,6.821748171240391,1420.9689116434154,0.0010877596578041599,0,RELIANCE,5m,2026-03-20 05:55:00
1428.0999755859375,1429.300048828125,1426.300048828125,1427.0,118703,-0.000630313326335119,0.009336504962506043,0.0010864648420630548,0.7,0.25,0,1423.3219602191045,1413.9368053976802,62.758237502736016,5.584942074922083,6.57438695197673,1421.079006991216,0.0010864648420630548,0,RELIANCE,5m,2026-03-20 06:00:00
1427.0,1428.0999755859375,1426.300048828125,1427.5,116890,0.0003503854239663706,0.00847756976333458,0.0010726590983621057,0.65,0.25,0,1423.719868769666,1414.468695382085,56.09741574371799,5.257013938870614,6.310912349355507,1421.1800793439131,0.0010726590983621057,0,RELIANCE,5m,2026-03-20 06:05:00
1427.9000244140625,1428.199951171875,1426.5,1427.300048828125,239637,-0.0001400708734675682,0.00798026047183975,0.0010799877661867275,0.7,0.25,0,1424.060838299043,1414.971885713302,52.136716467740584,4.924230673964075,6.033576014277221,1421.378425440254,0.0010799877661867275,0,RELIANCE,5m,2026-03-20 06:10:00
1427.699951171875,1428.199951171875,1426.5,1427.699951171875,73128,0.00028018099213156233,0.00627283763564912,0.001014021154580742,0.65,0.25,0,1424.407420477408,1415.4710255352068,46.1536655790042,4.639287497553823,5.754718310932542,1421.4377298550437,0.001014021154580742,0,RELIANCE,5m,2026-03-20 06:15:00
1427.699951171875,1428.199951171875,1426.5,1426.5999755859375,118663,-0.0007704529127668946,0.00302322056541815,0.0009046230699214267,0.6,0.25,0,1424.616235249649,1415.907454948961,43.2433026877227,4.275424705789419,5.458859589903918,1421.5258361525305,0.0009046230699214267,0,RELIANCE,5m,2026-03-20 06:20:00
1426.800048828125,1426.9000244140625,1424.0,1425.5,135889,-0.0007710469681493359,0.00337865066030707,0.0008815056340883585,0.55,0.3,0,1424.700403321111,1416.2836331862568,37.28818819440134,3.853876891075288,5.1378630501381926,1421.5948291874267,0.0008815056340883585,0,RELIANCE,5m,2026-03-20 06:25:00
1425.5,1426.4000244140625,1423.300048828125,1423.699951171875,103128,-0.0012627490902314964,0.00028096840443403437,0.0008453077455225162,0.5,0.35,0,1424.605122164041,1416.5744691856928,30.30286216303695,3.3360919229894535,4.777508824708445,1421.63248549593,0.0008453077455225162,0,RELIANCE,5m,2026-03-20 06:30:00
1423.5,1425.0,1423.199951171875,1424.199951171875,107001,0.0003511975958054858,-0.0012623063310834848,0.0007264268870355641,0.45,0.4,0,1424.5665344505014,1416.873507694955,34.35088896343508,2.9322878377599864,4.408464627318754,1421.6660515978272,0.0007264268870355641,0,RELIANCE,5m,2026-03-20 06:35:00
1424.5999755859375,1425.800048828125,1424.0,1425.0999755859375,106546,0.0006319508811398755,-0.0011915287244234074,0.0007297975548568712,0.45,0.4,0,1424.617338368162,1417.196114278915,44.26222947079835,2.654297549453986,4.0576312117458,1421.7095825994436,0.0007297975548568712,0,RELIANCE,5m,2026-03-20 06:40:00
1425.0,1425.0,1422.9000244140625,1423.5,159887,-0.0011227111173583992,-0.003500175008750439,0.0007040461811850722,0.4,0.45,0,1424.5109251902418,1417.4433254836636,36.84215356939626,2.2786171053278395,3.7018283904622082,1421.7501523212563,0.0007040461811850722,0,RELIANCE,5m,2026-03-20 06:45:00
1423.9000244140625,1424.5,1421.5999755859375,1421.5999755859375,118637,-0.001334755471768534,-0.004551502073468661,0.0007503045561821545,0.35,0.5,0,1424.2336918945937,1417.6063313700274,22.556308166749275,1.8067445294027493,3.3228116182503165,1421.761743299298,0.0007503045561821545,0,RELIANCE,5m,2026-03-20 06:50:00
1421.5999755859375,1421.800048828125,1419.5,1420.5,286096,-0.000773758866648877,-0.0056002800140007025,0.000749762990851493,0.35,0.5,0,1423.8781021903467,1417.719808571203,22.058863128416405,1.3287067718438266,2.9239906489690184,1421.7232892686798,0.000749762990851493,0,RELIANCE,5m,2026-03-20 06:55:00
1420.5,1421.699951171875,1419.199951171875,1421.199951171875,256877,0.0004927498570046485,-0.005388811750734579,0.0007595775057885176,0.3,0.55,0,1423.6230401885873,1417.8562847516214,27.611777138067993,0.9948703684144675,2.5381665928581083,1421.693753305655,0.0007595775057885176,0,RELIANCE,5m,2026-03-20 07:00:00
1421.5,1423.0,1420.5999755859375,1421.9000244140625,143219,0.0004925930665915512,-0.004480868301666385,0.0007772893202921892,0.35,0.55,0,1423.4589434481563,1418.0148627775995,27.611777138067993,0.7778263751508803,2.1860985493166627,1421.6959638422006,0.0007772893202921892,0,RELIANCE,5m,2026-03-20 07:05:00
1421.9000244140625,1424.4000244140625,1421.9000244140625,1423.699951171875,77449,0.0012658602763258031,-0.0019628803562039554,0.0008048319073582006,0.35,0.5,0,1423.481896564701,1418.2378074205124,38.46121013453528,0.7424974451528215,1.8973783284838945,1421.7098676168,0.0008048319073582006,0,RELIANCE,5m,2026-03-20 07:10:00
1423.5999755859375,1424.300048828125,1423.0999755859375,1423.4000244140625,103668,-0.00021066711252304415,-0.00252275794389456,0.000798129484527326,0.35,0.5,0,1423.474099217021,1418.4402473026125,35.46080256265964,0.6824307934468834,1.6543888214764924,1421.731109961963,0.000798129484527326,0,RELIANCE,5m,2026-03-20 07:15:00
1423.5,1425.699951171875,1422.699951171875,1424.4000244140625,152151,0.0007025431943572524,-0.003149275612788438,0.0007485309191767836,0.35,0.55,0,1423.5622825691203,1418.6739640520814,40.26823093749744,0.7073651171137953,1.464984080603953,1421.7722534155919,0.0007485309191767836,0,RELIANCE,5m,2026-03-20 07:20:00
1424.5999755859375,1425.4000244140625,1423.0999755859375,1424.300048828125,130279,-7.01878575006809e-05,-0.002660826848801978,0.0007426591394677515,0.35,0.55,0,1423.6325460223588,1418.8945948276125,38.356382000301004,0.7108641545316914,1.3141600953895007,1421.8064363888857,0.0007426591394677515,0,RELIANCE,5m,2026-03-20 07:25:00
1424.199951171875,1426.199951171875,1423.699951171875,1426.0,143392,0.0011935344475160203,-0.0008407729911212858,0.000788912466955607,0.35,0.5,0,1423.8580178297532,1419.1732381677064,48.02637390878354,0.841113190099577,1.219550714331516,1421.8583465212946,0.000788912466955607,0,RELIANCE,5m,2026-03-20 07:30:00
1426.199951171875,1426.5,1424.4000244140625,1425.699951171875,204044,-0.00021041292294876612,-0.0015407754076411928,0.0007795352533390846,0.4,0.45,0,1424.0334400528125,1419.4291876972816,50.6942796107287,0.9096393007355346,1.1575684316123198,1421.9344411991094,0.0007795352533390846,0,RELIANCE,5m,2026-03-20 07:35:00
1425.800048828125,1426.800048828125,1423.0999755859375,1424.0,108878,-0.0011923625097115531,-0.0021023125437982237,0.0008100724271853871,0.4,0.45,0,1424.030255285878,1419.6084352385647,51.049136105989206,0.8173529486257394,1.0895253350150038,1421.9639349818806,0.0008100724271853871,0,RELIANCE,5m,2026-03-20 07:40:00
1424.0999755859375,1425.9000244140625,1423.9000244140625,1425.0,76718,0.000702247191011196,-0.0017513134851138146,0.0008241789271867158,0.4,0.45,0,1424.1226119253183,1419.819869150778,52.70290333223358,0.8155063428571339,1.03472153658343,1421.9866252843979,0.0008241789271867158,0,RELIANCE,5m,2026-03-20 07:45:00
1425.5,1426.5999755859375,1425.0,1425.199951171875,85536,0.0001403166118421062,-0.0014713778353572238,0.0008256177845812924,0.4,0.45,0,1424.2252156630857,1420.0308527594484,50.35453010692178,0.8207165732128487,0.9919205439093137,1422.017149661844,0.0008256177845812924,0,RELIANCE,5m,2026-03-20 07:50:00
1425.300048828125,1426.5,1424.5999755859375,1425.699951171875,83067,0.0003508279659909519,-0.001400854569167942,0.0008273590030503754,0.4,0.5,0,1424.3656666639229,1420.2531703442494,58.4615095686142,0.8553318069873512,0.9646027965249212,1422.0463033634758,0.0008273590030503754,0,RELIANCE,5m,2026-03-20 07:55:00
1425.4000244140625,1427.5,1424.4000244140625,1426.9000244140625,198747,0.0008417432021381455,0.00021032443099677778,0.0008340092670619394,0.45,0.55,0,1424.607034068698,1420.5138312881636,71.54525605398968,0.968436971777237,0.9653696315753844,1422.1269001283963,0.0008340092670619394,0,RELIANCE,5m,2026-03-20 08:00:00
1426.5999755859375,1428.300048828125,1426.5999755859375,1428.0,170391,0.000770884832235641,0.0017537706068047054,0.0008291810670909938,0.5,0.5,0,1424.930173681203,1420.807406531765,80.48828900357285,1.1337631507983588,0.9990483354199793,1422.2156014976445,0.0008291810670909938,0,RELIANCE,5m,2026-03-20 08:05:00
1428.0,1428.699951171875,1426.9000244140625,1426.9000244140625,103775,-0.0007702910265668939,0.0022477160581155786,0.0007935050542850048,0.55,0.45,0,1425.1177785129041,1421.0463327232278,72.44153522304565,1.1626244904603027,1.031763566428044,1422.2669420973218,0.0007935050542850048,0,RELIANCE,5m,2026-03-20 08:10:00
1426.9000244140625,1427.300048828125,1425.5,1425.5999755859375,105997,-0.0009111001512939199,0.0009830251804956447,0.0008231719933085755,0.55,0.45,0,1425.1637020436692,1421.2249069531379,63.909795139143846,1.0682797703971119,1.0390668072218576,1422.304933421297,0.0008231719933085755,0,RELIANCE,5m,2026-03-20 08:15:00
1425.5999755859375,1426.199951171875,1424.300048828125,1426.199951171875,131408,0.0004208583026181767,0.0007718585395983801,0.0008166375032460636,0.5,0.5,0,1425.2623924368318,1421.4200067264217,60.33070357740966,1.0300501387937402,1.0372634735362343,1422.3441883112419,0.0008166375032460636,0,RELIANCE,5m,2026-03-20 08:20:00
1425.699951171875,1426.5999755859375,1423.300048828125,1423.699951171875,148532,-0.001752909890331833,0.00014046446917803657,0.0008739631041700495,0.55,0.5,0,1425.113588506836,1421.509416312518,51.04870032865252,0.7889294856709057,0.9875966759631686,1422.3735682304819,0.0008739631041700495,0,RELIANCE,5m,2026-03-20 08:25:00
1423.699951171875,1426.699951171875,1423.300048828125,1426.5999755859375,141401,0.0020369632039920482,0.003517163819547253,0.000925141141733166,0.6,0.45,0,1425.2551491810364,1421.7090460879463,56.78999321829553,0.822367622543652,0.9545508652792654,1422.4134294166215,0.000925141141733166,0,RELIANCE,5m,2026-03-20 08:30:00
1426.5,1427.0999755859375,1424.699951171875,1426.300048828125,144683,-0.00021023886369364586,0.004083103715680991,0.0009030104430297335,0.65,0.4,0,1425.35466343314,1421.8890854110905,56.097597284663706,0.8152681009796652,0.9266943124193454,1422.4595598563856,0.0009030104430297335,0,RELIANCE,5m,2026-03-20 08:35:00
1426.199951171875,1427.0,1423.5999755859375,1424.699951171875,225406,-0.0011218520658150544,0.0024627076556777983,0.0009469554037515381,0.65,0.4,0,1425.2923098844483,1421.9993154409253,46.01213210514491,0.6727718753129466,0.8759098249980657,1422.5109611404673,0.0009469554037515381,0,RELIANCE,5m,2026-03-20 08:40:00
1424.0999755859375,1425.5999755859375,1423.300048828125,1424.9000244140625,199984,0.0001404318446300845,0.0021098529773471153,0.0009429953453618499,0.6,0.45,0,1425.2549493634592,1422.1130687339896,47.53110141585852,0.5694228759443831,0.8146124351873292,1422.5464297723697,0.0009429953453618499,0,RELIANCE,5m,2026-03-20 08:45:00
1424.800048828125,1425.300048828125,1422.5999755859375,1424.800048828125,210827,-7.016322845432299e-05,0.0007727033040525466,0.000902964844159153,0.55,0.5,0,1425.2116255029512,1422.2184405023872,52.73987492057122,0.47398702769282863,0.7464873536884291,1422.5760929329633,0.000902964844159153,0,RELIANCE,5m,2026-03-20 08:50:00
1424.699951171875,1424.9000244140625,1422.199951171875,1423.5999755859375,172849,-0.0008422748463369212,0.00014047433500463669,0.0009229797394510753,0.55,0.55,0,1425.0581350346642,1422.272618348801,45.27024240574713,0.29808145173478806,0.6568061732977009,1422.5901704113237,0.0009229797394510753,0,RELIANCE,5m,2026-03-20 08:55:00
1423.699951171875,1425.0,1423.0999755859375,1424.199951171875,204799,0.0004214495618339864,-0.0001404614144610017,0.0009139336137325213,0.55,0.5,0,1424.9764032382081,1422.3482000281372,46.71056858336011,0.20472805347526446,0.5663905493332135,1422.6151724279339,0.0009139336137325213,0,RELIANCE,5m,2026-03-20 09:00:00
1424.4000244140625,1424.4000244140625,1420.0,1420.699951171875,362577,-0.002457520095489496,-0.0025276258743458513,0.0010659339489149824,0.55,0.55,0,1424.5691220890335,1422.2835628180876,36.26388367226485,-0.14994743579904934,0.423122952306761,1422.589105851617,0.0010659339489149824,0,RELIANCE,5m,2026-03-20 09:05:00
1420.699951171875,1420.699951171875,1417.5,1417.800048828125,337986,-0.0020411786045027025,-0.0057503163898141585,0.0011000406821416763,0.5,0.6,0,1423.9244484451374,1422.1077387400499,27.135767784518563,-0.6574495310476323,0.20700845563588235,1422.487655983367,0.0011000406821416763,0,RELIANCE,5m,2026-03-20 09:10:00
1417.800048828125,1420.4000244140625,1417.300048828125,1419.699951171875,323341,0.0013400354622079558,-0.004208459146728738,0.0011588366588207856,0.45,0.65,0,1423.5221153714933,1422.0133156981606,29.951525587649044,-0.8960136690650415,-0.01359596930430243,1422.4066632539318,0.0011588366588207856,0,RELIANCE,5m,2026-03-20 09:15:00
1419.699951171875,1419.800048828125,1416.800048828125,1418.4000244140625,348236,-0.0009156348542095349,-0.0039325671249561545,0.0011480948875681799,0.4,0.65,0,1423.0342971850714,1421.871618000745,29.664976753965846,-1.176409773046089,-0.24615873005265976,1422.3034225498964,0.0011480948875681799,0,RELIANCE,5m,2026-03-20 09:20:00
1418.300048828125,1419.300048828125,1417.4000244140625,1417.699951171875,197580,-0.0004935654470794582,-0.005122841282894752,0.001129825994505692,0.4,0.65,0,1422.5262642314337,1421.7080232231424,30.54174158283071,-1.4385332496383398,-0.4846336339697958,1422.244304701927,0.001129825994505692,0,RELIANCE,5m,2026-03-20 09:25:00
1417.699951171875,1417.699951171875,1410.699951171875,1416.800048828125,1890506,-0.0006347622026834365,-0.005893841307560543,0.0011288031841693818,0.35,0.7,0,1421.9809103834996,1421.5155536390241,27.184540810884485,-1.6992941860751216,-0.727565744390861,1421.3869737652606,0.0011288031841693818,-1,RELIANCE,5m,2026-03-20 09:30:00
1416.800048828125,1418.199951171875,1415.699951171875,1416.800048828125,1558810,0.0,-0.0062424792372578475,0.0011209388198237214,0.4,0.65,0,1421.4874949972734,1421.330631881734,30.939342028946413,-1.884228889140104,-0.9588983733407097,1420.9846820676767,0.0011209388198237214,-1,RELIANCE,5m,2026-03-20 09:35:00
1416.699951171875,1416.800048828125,1414.199951171875,1416.0999755859375,1363914,-0.0004941228247179463,-0.007568889651228261,0.0010878557470820648,0.35,0.65,0,1420.9743979104796,1421.1255081054283,16.980929275558154,-2.0634943551447122,-1.1798175697015103,1420.6002671384188,0.0010878557470820648,-1,RELIANCE,5m,2026-03-20 09:40:00
1416.0999755859375,1416.199951171875,1412.300048828125,1413.0999755859375,1185356,-0.00211849449312973,-0.010434190766150264,0.0011185025389747396,0.3,0.7,-1,1420.2244529271898,1420.8107813399579,14.515885568776199,-2.4197451407019344,-1.4278030839015952,1420.1998911990052,0.0011185025389747396,-1,RELIANCE,5m,2026-03-20 09:45:00
1413.0,1413.800048828125,1411.0,1411.0,1350494,-0.0014860771510994963,-0.011143054272909958,0.001138087715659666,0.25,0.75,-1,1419.3459336007907,1420.4260448168222,14.135978423427446,-2.838802980792252,-1.7100030632797265,1419.675420645473,0.001138087715659666,-1,RELIANCE,5m,2026-03-20 09:50:00
1410.9000244140625,1418.0,1410.5999755859375,1414.0,1037615,0.002126151665485576,-0.008136907817475114,0.0012822171193033502,0.3,0.75,-1,1418.8367970673821,1420.1740430593,25.113849824138953,-2.8954573799421723,-1.9470939266122158,1419.4209201875428,0.0012822171193033502,-1,RELIANCE,5m,2026-03-20 09:55:00
1402.0,1409.5,1401.5,1404.4000244140625,508402,0.00171185764198456,-0.013556175753132838,0.0022597328540264073,0.3,0.7,-1,1416.0110765685163,1418.8706958383752,22.571306998514217,-4.387540844447585,-2.7419063653885978,1405.1333414713542,0.0022597328540264073,-1,RELIANCE,5m,2026-03-23 03:50:00
1404.199951171875,1406.9000244140625,1404.199951171875,1404.800048828125,177202,0.0002848365188752311,-0.015281036822434202,0.0021814741535896814,0.25,0.7,-1,1414.94335964086,1418.318905759542,22.126420653851554,-4.7157226230576725,-3.1366696169224126,1405.1764183301045,0.0021814741535896814,-1,RELIANCE,5m,2026-03-23 03:55:00
1404.699951171875,1407.800048828125,1403.699951171875,1406.699951171875,280125,0.0013524361316294975,-0.013741917538566906,0.002229926715491729,0.25,0.75,-1,1414.1582731200044,1417.8632604815944,28.91547659317871,-4.767545509099136,-3.4628447953577575,1405.4346442464364,0.002229926715491729,-1,RELIANCE,5m,2026-03-23 04:00:00
1406.5999755859375,1407.9000244140625,1405.5999755859375,1406.5999755859375,128373,-7.107100974457214e-05,-0.012704412301726808,0.002231575849759592,0.3,0.7,-1,1413.438435259617,1417.4215630347057,31.578693757905526,-4.761791742806281,-3.7226341848474624,1405.5831098094736,0.002231575849759592,-1,RELIANCE,5m,2026-03-23 04:05:00
1406.699951171875,1408.0,1404.800048828125,1405.9000244140625,147057,-0.0004976192123019585,-0.013334268843046004,0.0022244304320328933,0.35,0.7,-1,1412.7204913695643,1416.969737990759,26.369850128550823,-4.758854934005058,-3.929878334678982,1405.6601535331279,0.0022244304320328933,-1,RELIANCE,5m,2026-03-23 04:10:00
1405.699951171875,1407.5,1405.0,1406.300048828125,197870,0.00028453261762284576,-0.01298427805025415,0.002230857504251104,0.35,0.65,-1,1412.109020651332,1416.5513188079108,28.621895933710903,-4.670411270899194,-4.077984921923025,1405.743552807412,0.002230857504251104,-1,RELIANCE,5m,2026-03-23 04:15:00
1406.4000244140625,1406.4000244140625,1404.800048828125,1405.5,302272,-0.000568903363682316,-0.012714228643118441,0.002230460538111849,0.35,0.65,-1,1411.47959011311,1416.11793375662,28.521138868352736,-4.611715301525464,-4.184730997843513,1405.7128514250273,0.002230460538111849,-1,RELIANCE,5m,2026-03-23 04:20:00
1405.5,1406.5,1403.800048828125,1404.199951171875,212120,-0.0009249724853255259,-0.014042971974225549,0.002217104950824343,0.35,0.7,-1,1410.7862911663258,1415.6505618905517,28.1248675454584,-4.616880869627039,-4.271160972200218,1405.6173454498123,0.002217104950824343,-1,RELIANCE,5m,2026-03-23 04:25:00
1404.4000244140625,1405.0,1401.5999755859375,1403.4000244140625,248213,-0.0005696672736278385,-0.012177044662768144,0.0021783933444981213,0.35,0.7,-1,1410.08283718992,1415.1701486561794,27.364804955398924,-4.63212576127421,-4.343353930015017,1405.359845111669,0.0021783933444981213,-1,RELIANCE,5m,2026-03-23 04:30:00
1403.300048828125,1405.4000244140625,1402.4000244140625,1404.699951171875,409491,0.0009262695847216396,-0.009239735650367509,0.002176851224244881,0.4,0.65,-1,1409.5701813786777,1414.7595526764028,31.12568058626418,-4.487584145716255,-4.372199973155265,1405.1727242979882,0.002176851224244881,-1,RELIANCE,5m,2026-03-23 04:35:00
1404.699951171875,1405.0,1400.300048828125,1400.300048828125,171364,-0.0031322720130226855,-0.013664790456417664,0.002211453140349062,0.4,0.65,-1,1408.6873116119584,1414.1925133098036,29.746779209240344,-4.674188090911912,-4.432597596706595,1404.9691174978611,0.002211453140349062,-1,RELIANCE,5m,2026-03-23 04:40:00
1400.300048828125,1402.0999755859375,1396.300048828125,1397.0,539469,-0.0023566726508984503,-0.015087439400533587,0.002242605876785694,0.4,0.65,-1,1407.5742343155814,1413.518297101576,28.65840950367702,-5.0303724206917195,-4.55215256150362,1403.9131540397912,0.002242605876785694,-1,RELIANCE,5m,2026-03-23 04:45:00
1396.5,1396.5999755859375,1392.0999755859375,1392.699951171875,238473,-0.003078059289996382,-0.01763419684068901,0.0023003207583817196,0.4,0.7,-1,1406.1576359209428,1412.7018913788427,18.76812268656076,-5.595131874236131,-4.7607484240501226,1403.2357860621155,0.0023003207583817196,-1,RELIANCE,5m,2026-03-23 04:50:00
1392.300048828125,1395.5,1392.0,1393.199951171875,136661,0.0003590148758023659,-0.016657324140954333,0.0023167230405009287,0.4,0.7,-1,1404.923570706746,1411.937109409942,30.530739232356396,-5.9339590030901945,-4.995390539858137,1402.8783717078063,0.0023167230405009287,-1,RELIANCE,5m,2026-03-23 04:55:00
1393.199951171875,1395.699951171875,1391.300048828125,1393.300048828125,151328,7.184730100351366e-05,-0.01658667362373223,0.0023181444400556155,0.4,0.75,-1,1403.816568623068,1411.2062442890865,22.660060013109074,-6.123813390690202,-5.22107511002455,1402.5069734965634,0.0023181444400556155,-1,RELIANCE,5m,2026-03-23 05:00:00
1393.300048828125,1397.0999755859375,1392.800048828125,1395.300048828125,74976,0.0014354409889543174,-0.014688176764642735,0.0023725221058897273,0.45,0.7,-1,1403.00547149974,1410.5824719180684,28.310405565093305,-6.043228499029738,-5.385505787825588,1402.3647898846084,0.0023725221058897273,-1,RELIANCE,5m,2026-03-23 05:05:00
1395.300048828125,1395.800048828125,1391.5999755859375,1393.199951171875,86864,-0.0015051226136011397,-0.014082531142788457,0.0023576405707504615,0.45,0.7,-1,1402.0716124208957,1409.9008044378256,19.45714853847683,-6.078752644819588,-5.524155159224389,1402.1734964650368,0.0023576405707504615,0,RELIANCE,5m,2026-03-23 05:10:00
1393.4000244140625,1394.9000244140625,1391.0,1394.4000244140625,175269,0.0008613790441049929,-0.011764688579686378,0.002375141260499077,0.45,0.7,-1,1401.3409849916736,1409.2929307114036,23.707223134234127,-5.941579079952589,-5.607639943370029,1401.807502871576,0.002375141260499077,0,RELIANCE,5m,2026-03-23 05:15:00
1394.199951171875,1395.9000244140625,1392.5999755859375,1395.4000244140625,117116,0.0007171543190558349,-0.013154155294156644,0.002310385609787055,0.45,0.65,-1,1400.7751792223773,1408.748110856606,27.65980655952295,-5.686624531068901,-5.623436860909804,1401.612225527861,0.002310385609787055,0,RELIANCE,5m,2026-03-23 05:20:00
1395.4000244140625,1396.9000244140625,1394.800048828125,1396.5,120775,0.0007882869189423936,-0.003922967189728954,0.0014132496158097807,0.5,0.6,0,1400.3680192964366,1408.2677927837979,29.752128646947256,-5.33432163798193,-5.5656138163242295,1401.4608128374875,0.0014132496158097807,-1,RELIANCE,5m,2026-03-23 05:25:00
1396.5,1398.0,1394.0,1397.699951171875,86872,0.0008592561202112048,-0.004770772661430889,0.0013647103935970526,0.5,0.65,0,1400.1139175702879,1407.853367622546,34.146305154721034,-4.901788262018044,-5.432848705462993,1401.366547171299,0.0013647103935970526,-1,RELIANCE,5m,2026-03-23 05:30:00
1397.699951171875,1400.0,1396.699951171875,1396.9000244140625,139264,-0.0005723165098072691,-0.005623593493360612,0.0013608742137357713,0.55,0.65,0,1399.8078325077902,1407.423824751625,34.85490839652124,-4.570859822646298,-5.260450928899654,1401.2617181312937,0.0013608742137357713,-1,RELIANCE,5m,2026-03-23 05:35:00
1396.9000244140625,1397.5,1396.0,1396.0,56032,-0.0006443012372628898,-0.007606420376258027,0.0013069029021001816,0.5,0.65,-1,1399.4451817927625,1406.9758316241105,34.71073963288221,-4.331292653062292,-5.074619273732181,1401.2050177592398,0.0013069029021001816,0,RELIANCE,5m,2026-03-23 05:40:00
1396.300048828125,1396.4000244140625,1393.199951171875,1393.199951171875,102711,-0.0020057656361927023,-0.009526535366588873,0.0013535332004893253,0.45,0.7,-1,1398.8503979241066,1406.4356010181405,27.626629175057943,-4.317603835226464,-4.923216186031038,1401.0568057851797,0.0013535332004893253,-1,RELIANCE,5m,2026-03-23 05:45:00
1393.199951171875,1396.5,1393.0,1396.5,57404,0.0023686828479638766,-0.0066861257918963135,0.001495594792345527,0.45,0.7,-1,1398.6265505027632,1406.0459696056644,42.27643083274615,-3.994423757068944,-4.737457700238619,1400.9892820969017,0.001495594792345527,-1,RELIANCE,5m,2026-03-23 05:50:00
1397.0,1398.4000244140625,1395.5999755859375,1398.300048828125,114773,0.0012889715919262024,-0.0056886864269587445,0.001533844546675444,0.5,0.7,0,1398.5954551051786,1405.7422080065453,52.813916866591285,-3.552105854763795,-4.500387331143655,1400.9073371102395,0.001533844546675444,0,RELIANCE,5m,2026-03-23 05:55:00
1397.699951171875,1399.0,1395.0999755859375,1395.699951171875,102694,-0.0018594704751880853,-0.006972642353699765,0.0015731017986568593,0.55,0.7,-1,1398.3196928258164,1405.3483940130288,57.00921785160172,-3.372495848558856,-4.274809034626696,1400.8203165729808,0.0015731017986568593,0,RELIANCE,5m,2026-03-23 06:00:00
1395.199951171875,1395.699951171875,1393.800048828125,1395.5999755859375,76165,-7.163114525698955e-05,-0.006124466518290683,0.0015682115200118497,0.5,0.7,-1,1398.0606721363042,1404.9661030943196,55.71424419449531,-3.2013180175208618,-4.060110831205529,1400.7348857571335,0.0015682115200118497,0,RELIANCE,5m,2026-03-23 06:05:00
1395.5999755859375,1397.300048828125,1394.0999755859375,1395.199951171875,116541,-0.0002866325745631837,-0.005843004916300409,0.0015669830262823392,0.55,0.65,0,1397.7882225206442,1404.5831167444198,54.45980331476514,-3.062632855094307,-3.860615235983285,1400.6199863414847,0.0015669830262823392,0,RELIANCE,5m,2026-03-23 06:10:00
1395.199951171875,1397.4000244140625,1394.5999755859375,1397.0,93981,0.0012901726570540006,-0.005481562924132821,0.0015838926204188957,0.55,0.65,0,1397.7131537091543,1404.2857396171878,54.0282550591829,-2.7754809511761778,-3.643588379021864,1400.5449631264607,0.0015838926204188957,0,RELIANCE,5m,2026-03-23 06:15:00
1397.0,1397.800048828125,1396.300048828125,1396.800048828125,61732,-0.000143128970561901,-0.0024994643133299244,0.0014338736682945109,0.6,0.6,0,1397.6261913395324,1403.992183115656,59.37515894410254,-2.53482549656178,-3.4218358025298476,1400.5042950304764,0.0014338736682945109,0,RELIANCE,5m,2026-03-23 06:20:00
1396.800048828125,1399.5,1396.300048828125,1398.5999755859375,88579,0.001288607313067125,0.0011452939054670264,0.001365190642052625,0.65,0.55,0,1397.7189326963328,1403.7807239968436,60.60591114782802,-2.1738069745561006,-3.1722300369350984,1400.4662496856042,0.001365190642052625,0,RELIANCE,5m,2026-03-23 06:25:00
1398.699951171875,1401.0,1398.0,1400.300048828125,202501,0.0012155536049365256,0.005457096232289738,0.0011696478762699635,0.7,0.5,0,1397.9647532803128,1403.6442269314036,61.951207893436234,-1.730566597829693,-2.8838973491140174,1400.4414949837328,0.0011696478762699635,0,RELIANCE,5m,2026-03-23 06:30:00
1400.300048828125,1401.4000244140625,1397.300048828125,1398.800048828125,209109,-0.001071198991427047,0.004019593635170349,0.001207216707702185,0.75,0.5,0,1398.0443052372473,1403.4542591626478,55.5024705923581,-1.4832350593935644,-2.6037648911699267,1400.3965557486695,0.001207216707702185,0,RELIANCE,5m,2026-03-23 06:35:00
1399.0,1400.5,1398.800048828125,1399.9000244140625,86734,0.0007863708518305312,0.004736937741076419,0.0012137395347713083,0.7,0.45,0,1398.2210403969439,1403.3148774078013,55.288594148889345,-1.1848064847101796,-2.3199732098779773,1400.3869982674444,0.0012137395347713083,0,RELIANCE,5m,2026-03-23 06:40:00
1399.199951171875,1399.9000244140625,1397.0,1399.5999755859375,244230,-0.00021433589748709458,0.003081721928859693,0.0011836943826091762,0.65,0.5,0,1398.3523675578003,1403.1691949834144,56.65003006614551,-0.9614283741993859,-2.0482642427422593,1400.3264095370037,0.0011836943826091762,0,RELIANCE,5m,2026-03-23 06:45:00
1399.5,1399.5999755859375,1396.300048828125,1396.300048828125,251230,-0.0023577642293334256,0.0022251634832763934,0.0012595390799184294,0.65,0.5,0,1398.1569086311647,1402.8998167028149,50.66089481608948,-1.0387026059131585,-1.8463519153764392,1400.2135451073689,0.0012595390799184294,0,RELIANCE,5m,2026-03-23 06:50:00
1397.0999755859375,1398.800048828125,1396.4000244140625,1398.4000244140625,159975,0.001503957253099042,0.0028686172762231177,0.0012875476791896628,0.65,0.45,0,1398.1800625152503,1402.7233542601189,61.81828270217784,-0.9198886084527658,-1.6610592539917046,1400.1572910389696,0.0012875476791896628,0,RELIANCE,5m,2026-03-23 06:55:00
1398.4000244140625,1399.5,1397.0,1399.4000244140625,134299,0.0007151029623437832,0.002866561509255794,0.001287499700628561,0.65,0.45,0,1398.296249362756,1402.5930275994892,57.360440690779086,-0.7365455778674459,-1.4761565187668528,1400.127229712898,0.001287499700628561,0,RELIANCE,5m,2026-03-23 07:00:00
1399.5,1401.0,1399.0,1399.0999755859375,132176,-0.00021441247884113057,0.0018617798681972442,0.0012805915345358847,0.65,0.45,0,1398.3727947173447,1402.4560451675852,52.19759213924008,-0.6084425905885382,-1.30261373313119,1400.1190932350032,0.0012805915345358847,0,RELIANCE,5m,2026-03-23 07:05:00
1399.0,1401.0,1398.4000244140625,1400.5,148556,0.0010006607379691168,0.0020033261257377255,0.0012854214228462813,0.6,0.45,0,1398.575385696645,1402.3793375139546,64.11779067095588,-0.3894603243268193,-1.119983051370316,1400.1158991677719,0.0012854214228462813,0,RELIANCE,5m,2026-03-23 07:10:00
1400.5,1401.4000244140625,1399.5,1400.0999755859375,248947,-0.0002856297137182606,0.0022907517474037853,0.0012791024179586873,0.6,0.45,0,1398.7205847337204,1402.2899507716793,63.00574363895514,-0.24536550687503222,-0.9450595424712592,1400.1232758557612,0.0012791024179586873,0,RELIANCE,5m,2026-03-23 07:15:00
1400.0999755859375,1400.4000244140625,1399.0999755859375,1400.0,120571,-7.140603362676412e-05,0.002865329512893977,0.0012675616278225185,0.6,0.45,0,1398.8424338066993,1402.200148780633,64.11779067095588,-0.13764977918162913,-0.7835775898133333,1400.1185887633674,0.0012675616278225185,0,RELIANCE,5m,2026-03-23 07:20:00
1399.9000244140625,1400.5,1398.4000244140625,1399.699951171875,200899,-0.0002143205915178248,0.00466551839492424,0.001166970103646022,0.65,0.45,0,1398.924102127192,1402.1021018155839,58.7095199092742,-0.07562397563469858,-0.6419868669776064,1400.103237829572,0.001166970103646022,0,RELIANCE,5m,2026-03-23 07:25:00
1399.699951171875,1400.0,1398.4000244140625,1399.0,198832,-0.0005000722985586403,0.001790189760114469,0.0010623129894721107,0.6,0.4,0,1398.9313304960308,1401.9804507639922,56.87484741210937,-0.0820030096363098,-0.5299900955093472,1400.0786971243087,0.0010623129894721107,0,RELIANCE,5m,2026-03-23 07:30:00
1399.0,1400.199951171875,1398.0999755859375,1399.199951171875,197569,0.000142924354449514,0.0006435688423984676,0.0010244689576979318,0.6,0.45,0,1398.9569134175397,1401.8714115643013,52.0832450303056,-0.07011580023299757,-0.4380152364540773,1400.0563285111277,0.0010244689576979318,0,RELIANCE,5m,2026-03-23 07:35:00
1399.199951171875,1400.5,1399.0,1400.4000244140625,208803,0.0008576853087955971,0.0033675384442344303,0.0009367502263939646,0.6,0.4,0,1399.0943525600655,1401.8137101074292,50.359623778201275,0.0357289193343604,-0.3432664052963898,1400.0540634329473,0.0009367502263939646,0,RELIANCE,5m,2026-03-23 07:40:00
1400.4000244140625,1401.9000244140625,1400.4000244140625,1400.9000244140625,104681,0.0003570408392481461,0.0037976848100043092,0.0009358698154950708,0.65,0.35,0,1399.2663213080652,1401.7778792959245,58.13942485119751,0.15813456663840952,-0.24298621090942996,1400.0667291431157,0.0009358698154950708,0,RELIANCE,5m,2026-03-23 07:45:00
1400.5999755859375,1401.5,1399.4000244140625,1399.800048828125,129115,-0.0007851920670767232,0.0032970884584579974,0.0009556630550743183,0.6,0.4,0,1399.3171525004518,1401.7003173167952,49.612498462295484,0.16448698354952285,-0.1614915720176394,1400.0692607096337,0.0009556630550743183,0,RELIANCE,5m,2026-03-23 07:50:00
1399.800048828125,1401.0,1399.0,1399.300048828125,185894,-0.00035719387238097866,0.0016464200630816883,0.0009240536831865288,0.55,0.45,0,1399.3155235792779,1401.606189140769,48.85523924894003,0.1277034129407184,-0.10365257502596784,1400.0627837958182,0.0009240536831865288,0,RELIANCE,5m,2026-03-23 07:55:00
1399.5,1401.5,1399.4000244140625,1400.9000244140625,150522,0.0011434113700470316,0.0029352630602907936,0.0009518700790490536,0.55,0.45,0,1399.4664284206858,1401.5784964063882,70.17528831018642,0.22506244666465136,-0.037909570687844,1400.0719368277719,0.0009518700790490536,0,RELIANCE,5m,2026-03-23 08:00:00
1400.699951171875,1401.5,1400.0,1400.5,123326,-0.00028554815268122535,0.0013585188382878588,0.0009169450241890307,0.5,0.45,0,1399.5648638091918,1401.5362024296674,60.82453468910059,0.2668652982135882,0.023045403092442435,1400.0801244288446,0.0009169450241890307,0,RELIANCE,5m,2026-03-23 08:05:00
1400.699951171875,1403.0,1399.699951171875,1401.699951171875,178173,0.0008568019792039028,0.0009997159858143867,0.0008966038731990461,0.5,0.5,0,1399.7682054627808,1401.5426239489695,61.61576306087471,0.39229822070797127,0.09689596661554821,1400.1071636372599,0.0008966038731990461,0,RELIANCE,5m,2026-03-23 08:10:00
1401.699951171875,1405.800048828125,1401.300048828125,1405.699951171875,275486,0.0028536777765140187,0.004932729555972237,0.0010539314813412996,0.5,0.45,0,1400.3331336255517,1401.7056563890835,74.2646596835142,0.8051895620276355,0.23855468569796567,1400.2289139743243,0.0010539314813412996,0,RELIANCE,5m,2026-03-23 08:15:00
1405.699951171875,1408.199951171875,1405.5,1407.199951171875,316805,0.0010670840521473934,0.005214605779343406,0.00106332566885034,0.55,0.45,0,1400.987116249011,1401.9211189295852,74.4524636906353,1.2391620993917059,0.43867616843671375,1400.4483230578128,0.00106332566885034,0,RELIANCE,5m,2026-03-23 08:20:00
1407.5,1408.5999755859375,1406.300048828125,1407.300048828125,289401,7.113250406720617e-05,0.00550162430444745,0.0010585196675068553,0.6,0.4,0,1401.5883479232123,1402.132057356979,76.86589598535159,1.573032565923313,0.6655474479340338,1400.6491444715236,0.0010585196675068553,0,RELIANCE,5m,2026-03-23 08:25:00
1407.5999755859375,1411.9000244140625,1406.4000244140625,1409.300048828125,397460,0.0014211610393002339,0.00931031980619812,0.0008872730620707123,0.65,0.35,0,1402.322795628442,1402.4131550617299,80.39221943863792,1.9762298537650622,0.9276839291002396,1400.9754512619952,0.0008872730620707123,0,RELIANCE,5m,2026-03-23 08:30:00
1409.199951171875,1412.0,1407.5,1409.699951171875,399396,0.00028375954721826524,0.008080611098778556,0.0008532897675755755,0.7,0.35,0,1403.0253818706738,1402.6989117719318,82.4677383556866,2.3015050684841754,1.202448156977027,1401.2988819133434,0.0008532897675755755,0,RELIANCE,5m,2026-03-23 08:35:00
1409.199951171875,1411.0999755859375,1408.0,1409.199951171875,241328,-0.00035468540634076007,0.007002948825812538,0.0008661185389694678,0.65,0.35,0,1403.6134360898357,1402.9538544934983,83.55257874363546,2.490236304307018,1.4600057864430251,1401.476435456716,0.0008661185389694678,0,RELIANCE,5m,2026-03-23 08:40:00
1409.4000244140625,1412.0,1408.5999755859375,1410.699951171875,318234,0.001064433758142469,0.008291026937570667,0.0008695075708235686,0.65,0.35,0,1404.288342288125,1403.2576229906897,84.84848484848484,2.729382015515057,1.7138810322574316,1401.7270312382577,0.0008695075708235686,0,RELIANCE,5m,2026-03-23 08:45:00
1410.800048828125,1411.5,1409.0,1409.0999755859375,235776,-0.001134171433555653,0.0061406466161639806,0.0009229975765472406,0.65,0.3,0,1404.7465930783928,1403.4867348571702,75.73964924445986,2.7580094403408566,1.9227067138741165,1401.8923280828603,0.0009229975765472406,1,RELIANCE,5m,2026-03-23 08:50:00
1409.0999755859375,1410.300048828125,1406.5,1409.9000244140625,379329,0.0005677729344877314,0.006999535032506277,0.0009138617003205831,0.6,0.35,0,1405.2373960627422,1403.7382364084208,76.16286496997914,2.8128295863616586,2.100731288371625,1402.1140401558255,0.0009138617003205831,1,RELIANCE,5m,2026-03-23 08:55:00
1409.699951171875,1410.0,1403.5999755859375,1405.5,463979,-0.003120805970544649,0.003928571428571503,0.0011979566173266655,0.6,0.35,0,1405.2624059615287,1403.807325176718,63.90231993140244,2.4727257066367656,2.1751301720246534,1402.2724795492688,0.0011979566173266655,1,RELIANCE,5m,2026-03-23 09:00:00
1405.0999755859375,1410.0999755859375,1404.5999755859375,1409.5,455753,0.0028459622909995375,0.007001535450451346,0.0013307697253468515,0.6,0.3,1,1405.665986346145,1404.0305673266507,71.24989827473958,2.4971716617624224,2.2395384699722074,1402.477039017212,0.0013307697253468515,1,RELIANCE,5m,2026-03-23 09:05:00
1409.5,1410.4000244140625,1406.4000244140625,1410.0,745250,0.0003547357218871561,0.00786275911365264,0.00131568053221026,0.65,0.3,1,1406.078749551274,1404.2646627256056,69.86892114479443,2.5277527187781743,2.297181319733401,1402.829418306249,0.00131568053221026,1,RELIANCE,5m,2026-03-23 09:10:00
1410.0,1413.0999755859375,1409.300048828125,1413.0999755859375,596232,0.002198564245345702,0.009934265937059816,0.0013741521795989297,0.65,0.25,1,1406.7474377450517,1404.6111455828734,74.60935078558997,2.7701974373264875,2.3917845432520184,1403.2061301570818,0.0013741521795989297,0,RELIANCE,5m,2026-03-23 09:15:00
1412.800048828125,1415.5,1412.199951171875,1413.5999755859375,865849,0.00035383200667937764,0.009425843288883184,0.0013717750293946033,0.65,0.25,1,1407.4000603965646,1404.9636487202483,73.89560792426745,2.9684638414619258,2.507120402894,1403.8110159181674,0.0013717750293946033,1,RELIANCE,5m,2026-03-23 09:20:00
1413.0999755859375,1415.4000244140625,1411.9000244140625,1415.0999755859375,478443,0.0010611205616202213,0.010136305892216813,0.0013777426308993095,0.6,0.3,1,1408.1333856526956,1405.3611517345892,70.98217448406275,3.209630239670787,2.6476223702493575,1404.1276965585998,0.0013777426308993095,0,RELIANCE,5m,2026-03-23 09:25:00
1415.0,1415.0,1405.0,1405.0,678542,-0.00713728765471533,0.0037147813905480387,0.0021859786114093124,0.6,0.3,0,1407.8349679714865,1405.346988921468,46.45169165826613,2.5563052315296773,2.629358942505422,1404.3030545570184,0.0021859786114093124,0,RELIANCE,5m,2026-03-23 09:30:00
1405.300048828125,1408.9000244140625,1405.300048828125,1408.0999755859375,436380,0.002206388317393282,0.00628880615360683,0.002227119983869559,0.6,0.25,1,1407.8602067919105,1405.4549491828197,51.17636710265072,2.2626007250948987,2.5560072990233174,1404.3848021331455,0.002227119983869559,0,RELIANCE,5m,2026-03-23 09:35:00
1408.0,1409.800048828125,1407.300048828125,1407.300048828125,409370,-0.0005680894621702404,0.0045685090317129085,0.002226530136526938,0.6,0.25,0,1407.806858414407,1405.5273060316551,46.95120135766815,1.9428939120216455,2.433384621622983,1404.4744409702766,0.002226530136526938,0,RELIANCE,5m,2026-03-23 09:40:00
1407.199951171875,1408.4000244140625,1405.5999755859375,1406.199951171875,397295,-0.0007817079642440383,0.004069940144144857,0.0022353268523304113,0.6,0.3,0,1407.653819629404,1405.5536842724482,44.77611940298508,1.582513047012526,2.2632103067008917,1404.5256746145217,0.0022353268523304113,0,RELIANCE,5m,2026-03-23 09:45:00
1406.300048828125,1407.0,1405.0999755859375,1407.0,374001,0.0005689438599811858,0.0037811578888149455,0.002231836409420548,0.55,0.3,0,1407.5915510932705,1405.6104025362738,46.745639062443566,1.3459505886705756,2.0797583630948284,1404.5641601372902,0.002231836409420548,0,RELIANCE,5m,2026-03-23 09:50:00
1406.9000244140625,1407.800048828125,1402.699951171875,1407.800048828125,276034,0.0005686203469261741,0.0014939871446244535,0.0021451642958533156,0.55,0.35,0,1407.6114080203995,1405.6962710183072,45.61949578840225,1.2090927219717287,1.9056252348702085,1404.587496770263,0.0021451642958533156,0,RELIANCE,5m,2026-03-23 09:55:00
1413.4000244140625,1416.0,1410.699951171875,1415.300048828125,242492,0.0015569126602490435,0.0056846441572013795,0.0023097967977900556,0.5,0.4,0,1408.81659732066,1406.351845176027,57.06808123092655,1.9056010073391008,1.8424603907139188,1414.0,0.0023097967977900556,0,RELIANCE,5m,2026-03-24 03:50:00
1415.9000244140625,1417.5,1414.0,1416.0,164681,0.0004945602683010808,0.004754098445853394,0.002295075444522563,0.5,0.4,0,1409.5007309091686,1406.7302041887317,65.21739130434783,2.2489793944955636,1.923764191470248,1414.7414911270312,0.002295075444522563,0,RELIANCE,5m,2026-03-24 03:55:00
1416.199951171875,1417.0,1412.699951171875,1412.800048828125,129510,-0.002259852522510597,0.0021991187938064094,0.002362004752214601,0.45,0.45,0,1409.8149516633548,1406.968237311845,54.89622197268808,2.237111890442975,1.9864337312647935,1414.602776996228,0.002362004752214601,0,RELIANCE,5m,2026-03-24 04:00:00
1412.800048828125,1413.0999755859375,1409.9000244140625,1410.4000244140625,152093,-0.0016987714687958233,0.0008515989808184354,0.0023948889370248123,0.45,0.5,0,1409.8706728777079,1407.1028171982066,50.561832427520706,2.01086489679642,1.991319964371119,1413.836668918588,0.0023948889370248123,0,RELIANCE,5m,2026-03-24 04:05:00
1410.4000244140625,1413.0999755859375,1410.0,1411.699951171875,245046,0.0009216723874863053,0.0007088679624389638,0.0023919023602906636,0.4,0.5,0,1410.0448898581046,1407.28309696188,47.92895347955318,1.9143878779325405,1.9759335470834034,1413.2497339841009,0.0023919023602906636,0,RELIANCE,5m,2026-03-24 04:10:00
1412.0,1412.0,1408.5,1408.9000244140625,138574,-0.0019833724266181685,-0.00014189991862845197,0.0024211666034356797,0.4,0.55,0,1409.93585505391,1407.3465058815734,43.49034592364657,1.593628103237279,1.8994724583141787,1412.803963662881,0.0024211666034356797,0,RELIANCE,5m,2026-03-24 04:15:00
1409.0999755859375,1411.4000244140625,1408.800048828125,1411.4000244140625,71597,0.001774433924820018,0.0010639052230836388,0.002451022836417341,0.4,0.5,0,1410.0752997548768,1407.5054673926516,45.01352320661222,1.5235897828549696,1.8242959232223368,1412.6618579077995,0.002451022836417341,0,RELIANCE,5m,2026-03-24 04:20:00
1411.4000244140625,1415.4000244140625,1411.0999755859375,1415.0,211047,0.0025506415783378422,0.0067591604411241235,0.0023914905140385795,0.45,0.45,0,1410.544318825841,1407.7993706321554,66.33994750153586,1.7385311480106793,1.8071429681800053,1412.8443147903508,0.0023914905140385795,0,RELIANCE,5m,2026-03-24 04:25:00
1415.0,1415.199951171875,1412.699951171875,1413.199951171875,178990,-0.001272119313162512,0.0026250096998048367,0.002341087978724106,0.4,0.45,0,1410.7972361921297,1408.0111581043013,58.7030517654411,1.7435265429919582,1.794419683142396,1412.9441500973064,0.002341087978724106,0,RELIANCE,5m,2026-03-24 04:30:00
1412.800048828125,1414.9000244140625,1412.5999755859375,1413.5999755859375,152839,0.0002830628558476711,0.0025531741744238,0.0023407866486068827,0.35,0.5,0,1411.0641637534447,1408.2303274173069,60.89951805498651,1.7594818451048013,1.7874321155348771,1413.0126332453583,0.0023407866486068827,0,RELIANCE,5m,2026-03-24 04:35:00
1413.5999755859375,1414.300048828125,1412.9000244140625,1413.800048828125,111520,0.00014153455407672766,0.0004954166402113547,0.0022897532347466794,0.3,0.5,0,1411.3247242367477,1408.44874786479,63.571602957589285,1.7678916214060791,1.7835240167091175,1413.0531930713494,0.0022897532347466794,0,RELIANCE,5m,2026-03-24 04:40:00
1413.800048828125,1415.9000244140625,1413.0999755859375,1414.699951171875,117222,0.0006365131649952449,0.0007781378076789913,0.002292745677395863,0.3,0.5,0,1411.6461744210455,1408.6938930925187,63.70105215600754,1.826120645970832,1.7920433425614606,1413.1458060777898,0.002292745677395863,0,RELIANCE,5m,2026-03-24 04:45:00
1414.199951171875,1415.699951171875,1412.300048828125,1415.5,89620,0.0005655254511476304,0.00028268279341658875,0.0022838052665088465,0.3,0.5,0,1412.013205428565,1408.9607992457534,63.70105215600754,1.914752743859708,1.8165852228211101,1413.2063292091939,0.0022838052665088465,0,RELIANCE,5m,2026-03-24 04:50:00
1415.5,1415.800048828125,1412.9000244140625,1414.4000244140625,123775,-0.000777093313979127,0.006690408835631656,0.0015648879601997147,0.35,0.45,0,1412.240521522422,1409.1741021935302,52.71977853596748,1.874625961916081,1.8281933706401043,1413.2737901735748,0.0015648879601997147,0,RELIANCE,5m,2026-03-24 04:55:00
1414.4000244140625,1414.699951171875,1410.0999755859375,1410.5,133275,-0.0027573701546549367,0.0017044417695297742,0.0016440258434517485,0.35,0.5,0,1412.0747575679054,1409.2260981859408,40.6248509875354,1.510711282497141,1.7646969530115117,1413.185001407207,0.0016440258434517485,0,RELIANCE,5m,2026-03-24 05:00:00
1410.800048828125,1410.800048828125,1406.699951171875,1409.0,167714,-0.0010634526763558805,0.0012079521870909105,0.0016580770445891121,0.3,0.55,0,1411.781923513819,1409.2172315904138,36.74237520113933,1.0887187412715775,1.629501310663525,1412.8846568964811,0.0016580770445891121,0,RELIANCE,5m,2026-03-24 05:05:00
1409.0999755859375,1413.4000244140625,1409.0,1412.0,154169,0.002129169623846794,0.004124625963250361,0.001707179689091307,0.35,0.5,0,1411.8026927029791,1409.3263597633386,48.47318641382845,0.9850069925475964,1.5006024470403394,1412.8000613053694,0.001707179689091307,0,RELIANCE,5m,2026-03-24 05:10:00
1412.0,1415.9000244140625,1411.5,1413.5,168775,0.0010623229461756978,0.004619758351101622,0.0017162226066810041,0.4,0.45,0,1411.9643410169813,1409.4900319294823,56.126451700063214,1.0121843177066694,1.4029188211736054,1412.8511473846518,0.0017162226066810041,0,RELIANCE,5m,2026-03-24 05:15:00
1413.5,1415.0,1411.4000244140625,1412.4000244140625,137645,-0.0007781928446675135,0.003267492134104266,0.0017286919583728044,0.35,0.45,0,1412.005834673846,1409.6041492818188,51.3945695679874,0.9341948896199028,1.3091740348628649,1412.855061723492,0.0017286919583728044,0,RELIANCE,5m,2026-03-24 05:20:00
1412.699951171875,1412.9000244140625,1410.5,1412.0999755859375,156173,-0.00021243898537137706,-0.0007076640133585332,0.0015073386023399507,0.3,0.5,0,1412.0148004749976,1409.7020248231568,57.07950739980555,0.8385104466860867,1.2150413172275094,1412.8026891884076,0.0015073386023399507,0,RELIANCE,5m,2026-03-24 05:25:00
1411.800048828125,1414.0999755859375,1411.800048828125,1413.5,151632,0.000991448508085746,-0.0012718496191782558,0.001480993986879532,0.35,0.45,0,1412.1562480488076,1409.8509650261703,54.88363642557444,0.8656711874273242,1.1451672912674724,1412.8183650386459,0.001480993986879532,0,RELIANCE,5m,2026-03-24 05:30:00
1413.5,1414.5999755859375,1412.5999755859375,1412.9000244140625,105921,-0.0004244609734258553,-0.0021892482951536563,0.0014770494549185898,0.35,0.45,0,1412.2270838931177,1409.9705359825584,44.32442775794606,0.8292244710398791,1.0819787272219539,1412.8359408093074,0.0014770494549185898,0,RELIANCE,5m,2026-03-24 05:35:00
1412.800048828125,1414.199951171875,1412.0999755859375,1413.699951171875,100856,0.000566159490402951,0.0006369636980805282,0.0013932087783642966,0.35,0.45,0,1412.367356967285,1410.11678755861,51.42857142857143,0.8550313209771048,1.036589245972984,1412.8506716378665,0.0013932087783642966,0,RELIANCE,5m,2026-03-24 05:40:00
1413.800048828125,1415.0,1413.0,1414.300048828125,109485,0.0004244872865366567,0.0027651902627290337,0.0013339576718804146,0.4,0.4,0,1412.5514228587938,1410.2808370201597,51.97759984551618,0.9133774543784057,1.0119468876540685,1412.8895900106183,0.0013339576718804146,0,RELIANCE,5m,2026-03-24 05:45:00
1414.300048828125,1414.9000244140625,1411.800048828125,1412.300048828125,94577,-0.0014141270812068063,0.0004250886711101298,0.0013637388799126262,0.4,0.45,0,1412.5274824749204,1410.3600217969426,46.15384615384615,0.7891372175342894,0.9673849536301127,1412.8924842843837,0.0013637388799126262,0,RELIANCE,5m,2026-03-24 05:50:00
1412.699951171875,1413.0,1411.5999755859375,1412.800048828125,68824,0.00035403241713050093,0.0027681342511753915,0.001280436199133615,0.4,0.45,0,1412.5534411752255,1410.455709131499,45.026459084285605,0.7226910237959601,0.9184461676632821,1412.8845165037133,0.001280436199133615,0,RELIANCE,5m,2026-03-24 05:55:00
1412.800048828125,1413.699951171875,1411.800048828125,1413.699951171875,57867,0.0006369636980805282,0.0016295357219986428,0.0012281663875412573,0.45,0.45,0,1412.662632603478,1410.582934309553,45.31236092214183,0.7341833265074911,0.8815935994321239,1412.8873376413326,0.0012281663875412573,0,RELIANCE,5m,2026-03-24 06:00:00
1414.0,1414.0,1412.5,1413.0999755859375,76477,-0.00042440093843121307,-0.0013427734375,0.0010853072077480234,0.45,0.45,0,1412.704284316093,1410.6816418105875,46.523924538155235,0.6869592055199973,0.8426667206496986,1412.893609512574,0.0010853072077480234,0,RELIANCE,5m,2026-03-24 06:05:00
1413.199951171875,1414.0,1412.199951171875,1412.199951171875,74023,-0.0006369148889761034,-0.0007076139502911749,0.0010571007696518675,0.45,0.5,0,1412.6562525880722,1410.7411833541673,55.413874072807005,0.5703348360400469,0.7882003437277683,1412.8918259512668,0.0010571007696518675,0,RELIANCE,5m,2026-03-24 06:10:00
1412.4000244140625,1412.800048828125,1410.4000244140625,1411.300048828125,65709,-0.0006372343682657933,-0.0016269997152901228,0.0010625492771947657,0.45,0.5,0,1412.5270903252201,1410.7630996472637,57.61612960597584,0.40067584294570224,0.7106954435713552,1412.8686858055717,0.0010625492771947657,0,RELIANCE,5m,2026-03-24 06:15:00
1411.4000244140625,1413.4000244140625,1410.4000244140625,1412.9000244140625,121644,0.0011336891735149734,-0.0006365995069872454,0.00109611017576607,0.5,0.5,0,1412.562607857491,1410.8469006185107,53.28480161099182,0.390819404010017,0.6467202356590875,1412.8497147275857,0.00109611017576607,0,RELIANCE,5m,2026-03-24 06:20:00
1412.9000244140625,1414.199951171875,1412.699951171875,1412.9000244140625,69975,0.0,-0.0012723028344784337,0.0010848837061915573,0.5,0.5,0,1412.5947427676406,1410.92741527716,47.54104921903923,0.3786433404109175,0.5931048566094536,1412.8567553368612,0.0010848837061915573,0,RELIANCE,5m,2026-03-24 06:25:00
1413.0,1413.5999755859375,1413.0,1413.199951171875,71667,0.0002122774100290492,-0.0016249020332921305,0.001076957409700523,0.5,0.45,0,1412.652381663282,1411.0165343318547,53.50851831625386,0.3887144468706083,0.5522267746616845,1412.8637238969102,0.001076957409700523,0,RELIANCE,5m,2026-03-24 06:30:00
1413.300048828125,1413.300048828125,1411.199951171875,1411.5999755859375,90578,-0.0011321650447346787,-0.0019796724970256863,0.0010918641460516212,0.45,0.5,0,1412.5521525130587,1411.0394143810345,48.03145065169749,0.2645417405533408,0.4946897678400157,1412.8462561789968,0.0010918641460516212,0,RELIANCE,5m,2026-03-24 06:35:00
1411.800048828125,1412.5999755859375,1411.300048828125,1411.5,62929,-7.082430409932616e-05,0.0007089684509038463,0.0008950605298342167,0.45,0.45,0,1412.451947511815,1411.0574765621702,41.22780716595635,0.15626545107852507,0.4270049044877176,1412.8311862468624,0.0008950605298342167,0,RELIANCE,5m,2026-03-24 06:40:00
1411.4000244140625,1411.5999755859375,1409.300048828125,1409.9000244140625,164201,-0.0011335285766471692,0.0006387682143806916,0.0008997152591406443,0.45,0.45,0,1412.208907216791,1411.0120862818521,37.90289235858158,-0.05798058258596939,0.3300078070729802,1412.7382935325156,0.0008997152591406443,0,RELIANCE,5m,2026-03-24 06:45:00
1409.9000244140625,1416.5,1409.199951171875,1416.5,340358,0.0046811656654026645,0.0031869688385268713,0.0013032278139636809,0.45,0.5,0,1412.6175827199538,1411.2272985845245,57.692565664153676,0.3013173646472751,0.32426971858783926,1412.831064382814,0.0013032278139636809,0,RELIANCE,5m,2026-03-24 06:50:00
1416.199951171875,1420.0999755859375,1412.4000244140625,1413.300048828125,307418,-0.0022590548336568483,-0.00014145820436861634,0.0013908561477265215,0.45,0.5,0,1412.6825794921606,1411.308582907803,47.59610305769118,0.32411802908632126,0.32423938068753566,1412.9755862372194,0.0013908561477265215,0,RELIANCE,5m,2026-03-24 06:55:00
1413.0999755859375,1417.0,1413.0999755859375,1416.800048828125,664183,0.002476473416173741,0.0031152820291742156,0.0014831137354127306,0.45,0.45,0,1413.074719428919,1411.5239345125215,60.089884934146426,0.6174904239705938,0.3828895893441473,1413.2775898954533,0.0014831137354127306,0,RELIANCE,5m,2026-03-24 07:00:00
1416.9000244140625,1419.0,1416.5999755859375,1418.5,165899,0.0011998525644327795,0.004532274289861693,0.0014981641823361169,0.5,0.4,0,1413.591412816641,1411.797505708109,62.12780767552517,0.9759123034855293,0.5014941321724238,1413.4088449870542,0.0014981641823361169,0,RELIANCE,5m,2026-03-24 07:05:00
1418.300048828125,1419.9000244140625,1415.199951171875,1415.199951171875,204172,-0.0023264355503171963,0.0012026538180933688,0.0015899673928143794,0.5,0.45,0,1413.744606945711,1411.9309349419823,52.895791110901634,0.9823539002522921,0.5976660857883975,1413.5191509270057,0.0015899673928143794,0,RELIANCE,5m,2026-03-24 07:10:00
1415.4000244140625,1418.0,1414.800048828125,1417.800048828125,360882,0.0018372652246751997,0.003468061667062816,0.0016334377480297859,0.45,0.5,0,1414.130839505941,1412.1610962708507,58.42313666294765,1.1836210167334684,0.7148570719774117,1413.7028589070164,0.0016334377480297859,0,RELIANCE,5m,2026-03-24 07:15:00
1417.800048828125,1418.5,1416.4000244140625,1416.699951171875,348369,-0.0007759187603070261,0.002122091040261509,0.0016440288664212876,0.5,0.45,0,1414.3755168074586,1412.339090580695,58.00715917877963,1.2400632919195687,0.8198983159658431,1413.878800820043,0.0016440288664212876,0,RELIANCE,5m,2026-03-24 07:20:00
1417.0999755859375,1417.5,1415.699951171875,1416.0999755859375,303996,-0.0004235022281473544,0.0012726625862058416,0.0016463507104138907,0.45,0.5,0,1414.5397509768375,1412.4865762671752,58.632984539183354,1.2222913719831467,0.9003769271693038,1413.986232665481,0.0016463507104138907,0,RELIANCE,5m,2026-03-24 07:25:00
1416.0999755859375,1416.199951171875,1413.699951171875,1415.300048828125,151861,-0.0005648801437776463,0.0021241945027823395,0.0016168848597283051,0.45,0.5,0,1414.6121602960077,1412.5969085244674,54.44450974984515,1.1306264355466737,0.9464268288447779,1414.008464038923,0.0016168848597283051,0,RELIANCE,5m,2026-03-24 07:30:00
1415.300048828125,1415.300048828125,1412.5999755859375,1413.199951171875,136311,-0.0014838533058688652,0.00028305657554428265,0.0016539295337407338,0.45,0.5,0,1414.4776641889475,1412.6205572557383,50.51533850419696,0.87839538814751,0.9328205407053244,1414.002869978691,0.0016539295337407338,0,RELIANCE,5m,2026-03-24 07:35:00
1413.199951171875,1416.4000244140625,1413.0,1416.300048828125,102077,0.0021936723488273913,0.001839214646710996,0.0017200273161352279,0.45,0.5,0,1414.651224630774,1412.7648510428908,54.859064922740174,0.9180695043512515,0.9298703334345099,1414.0193564340263,0.0017200273161352279,0,RELIANCE,5m,2026-03-24 07:40:00
1416.300048828125,1416.699951171875,1414.0,1414.800048828125,86733,-0.0010590976122899498,0.001203080653569888,0.0017358636447444321,0.45,0.5,0,1414.6653983638553,1412.8446627207431,55.03153466125671,0.819032763435871,0.907702819434782,1414.0322707413666,0.0017358636447444321,0,RELIANCE,5m,2026-03-24 07:45:00
1414.800048828125,1416.0999755859375,1414.0,1414.5999755859375,124727,-0.00014141450048243964,0.0016994933416270008,0.001728892181196154,0.45,0.45,0,1414.6591676231012,1412.9134985193784,54.858854997761426,0.7161459099124841,0.8693914375303224,1414.0460926755186,0.001728892181196154,0,RELIANCE,5m,2026-03-24 07:50:00
1414.4000244140625,1416.300048828125,1414.199951171875,1416.0999755859375,91351,0.001060370441034797,0.0034010675205446983,0.0017331661147694574,0.5,0.4,0,1414.7963874290856,1413.0384584043416,59.74826108987056,0.7470334644463037,0.8449198429135187,1414.0632435788957,0.0017331661147694574,0,RELIANCE,5m,2026-03-24 07:55:00
1416.0,1416.5,1414.0,1415.0999755859375,154495,-0.0007061648310432433,0.0015570465948482326,0.0017282113990954816,0.5,0.45,0,1414.825300586881,1413.1193022153846,47.32823004850139,0.6829478337881483,0.8125254410884447,1414.0849898550625,0.0017282113990954816,0,RELIANCE,5m,2026-03-24 08:00:00
1415.300048828125,1416.4000244140625,1414.800048828125,1415.4000244140625,103608,0.00021203366073185848,0.001769410401869509,0.001728350253151813,0.45,0.45,0,1414.8800361894698,1413.2087423016071,54.506305107477594,0.648890931854794,0.7797985392417146,1414.1033359894586,0.001728350253151813,0,RELIANCE,5m,2026-03-24 08:05:00
1414.800048828125,1416.199951171875,1414.5999755859375,1415.0,73219,-0.0002826228678554088,0.001273739661986406,0.0017300465848593186,0.45,0.5,0,1414.8914613142822,1413.278987701544,45.54453052295719,0.5829026260062165,0.740419356594615,1414.1136568887146,0.0017300465848593186,0,RELIANCE,5m,2026-03-24 08:10:00
1415.199951171875,1415.5999755859375,1412.0,1412.199951171875,127574,-0.0019788330940813115,0.00042503230115764623,0.0017707638230104012,0.45,0.5,0,1414.6351270150053,1413.236672543518,35.211525897738596,0.3011939029295263,0.6525742658615973,1414.10076279948,0.0017707638230104012,0,RELIANCE,5m,2026-03-24 08:15:00
1412.0,1414.0999755859375,1411.4000244140625,1412.0999755859375,100311,-7.079421427147459e-05,0.00042506240590678424,0.001770763739348692,0.45,0.55,0,1414.3936840217607,1413.1920961922401,41.436750989688356,0.06907427083820039,0.5358742668569179,1414.0822228365205,0.001770763739348692,0,RELIANCE,5m,2026-03-24 08:20:00
1412.0999755859375,1413.199951171875,1411.699951171875,1412.5999755859375,77290,0.0003540825781775947,0.0019149947692191915,0.001750769330488368,0.45,0.5,0,1414.2228546469205,1413.1688757763065,33.75014304787335,-0.07368697106630862,0.4139620192722726,1414.0679328415763,0.001750769330488368,0,RELIANCE,5m,2026-03-24 08:25:00
1412.5,1413.4000244140625,1411.5,1412.199951171875,93791,-0.0002831830815348546,-0.00303568572405577,0.0013791217981542429,0.45,0.5,0,1414.0301971731064,1413.1308787329956,35.294399234083286,-0.2166079888247623,0.2878480176528656,1414.0494898358938,0.0013791217981542429,0,RELIANCE,5m,2026-03-24 08:30:00
1412.5,1413.300048828125,1411.4000244140625,1412.199951171875,88899,0.0,-0.0007783893145423271,0.0012868107050689602,0.4,0.55,0,1413.855888030132,1413.0943717698144,36.73489723894541,-0.32611467807919325,0.16505547850645386,1414.0316962799645,0.0012868107050689602,0,RELIANCE,5m,2026-03-24 08:35:00
1412.199951171875,1414.0999755859375,1411.5,1412.699951171875,87129,0.0003540575111797839,-0.0028939141127509727,0.0011486153675146116,0.45,0.55,0,1413.7457988055362,1413.0789042953854,40.97212803472127,-0.36830807076466954,0.058382768652229175,1414.0192103599734,0.0011486153675146116,0,RELIANCE,5m,2026-03-24 08:40:00
1412.800048828125,1416.0,1412.4000244140625,1413.300048828125,141853,0.0004247877659739885,-0.003665809779256235,0.0011134147483265724,0.45,0.55,0,1413.7033464267352,1413.0875766300026,50.38796366389099,-0.3492972910789831,-0.02315324329401329,1414.017325456387,0.0011134147483265724,0,RELIANCE,5m,2026-03-24 08:45:00
1413.5,1414.5,1409.4000244140625,1411.0,143408,-0.0016274313653580341,-0.0029677440056419258,0.0010518610425946796,0.4,0.55,0,1413.4458848622842,1413.0057108798064,28.099590420273188,-0.5139018882575783,-0.1213029722867263,1413.9798097069347,0.0010518610425946796,0,RELIANCE,5m,2026-03-24 08:50:00
1411.300048828125,1411.9000244140625,1409.300048828125,1410.300048828125,101263,-0.000496067449946791,-0.005289885556287732,0.0009439318505336892,0.4,0.55,0,1413.1462814304593,1412.899606485623,30.089011796223488,-0.6928457329402136,-0.23561152441742378,1413.9415678558778,0.0009439318505336892,0,RELIANCE,5m,2026-03-24 08:55:00
1410.300048828125,1412.199951171875,1409.5,1411.5,74081,0.0008508481389275513,-0.003670467530950128,0.0009673634115087903,0.4,0.55,0,1412.9894927227965,1412.844719956775,37.398648313368994,-0.7294256233772103,-0.3343743442093811,1413.9186384795235,0.0009673634115087903,0,RELIANCE,5m,2026-03-24 09:00:00
1411.5999755859375,1413.0,1407.5999755859375,1408.199951171875,230587,-0.002337972956517942,-0.005578719405594068,0.0010804805107683044,0.45,0.55,0,1412.533345908423,1412.6625721612886,21.986165580171246,-1.013024297349375,-0.4701043348373799,1413.8140233967479,0.0010804805107683044,0,RELIANCE,5m,2026-03-24 09:05:00
1408.0,1411.5999755859375,1407.0,1409.0999755859375,125826,0.0006391311214812845,-0.004380748271238466,0.001097134455068775,0.45,0.55,0,1412.2063582586625,1412.5228624916672,28.571802249542245,-1.1518757348401323,-0.6064586148379304,1413.754263487347,0.001097134455068775,0,RELIANCE,5m,2026-03-24 09:10:00
1409.0,1411.800048828125,1409.0,1410.300048828125,216440,0.000851659401731597,-0.002052011352919547,0.0010795647593224258,0.5,0.5,0,1412.0248049795637,1412.4356933283912,32.88629642070079,-1.1518033462054973,-0.7155275611114438,1413.6799112830847,0.0010795647593224258,0,RELIANCE,5m,2026-03-24 09:15:00
1410.5,1411.0,1408.5,1410.4000244140625,166220,7.08895855321412e-05,-0.004165801179590645,0.0009368925787289978,0.45,0.55,0,1411.8700639733254,1412.3558631748883,34.24689603277456,-1.1306454069872416,-0.7985511302866034,1413.6183588462457,0.0009368925787289978,0,RELIANCE,5m,2026-03-24 09:20:00
1410.199951171875,1412.0,1410.0999755859375,1411.4000244140625,155849,0.0007090187058209629,-0.0024031836985577426,0.0009358036919696997,0.45,0.55,0,1411.8252983010145,1412.3183793019148,46.87532782116938,-1.0214117462664944,-0.8431232534825817,1413.5808372472109,0.0009358036919696997,0,RELIANCE,5m,2026-03-24 09:25:00
1411.0999755859375,1413.0999755859375,1409.5999755859375,1410.800048828125,1922592,-0.000425092514920844,-0.0026862200080546295,0.0009382937924293918,0.5,0.6,0,1411.7276554940727,1412.2588369303937,45.113120095452246,-0.9720510987538091,-0.8689088225368271,1413.1974318543676,0.0009382937924293918,0,RELIANCE,5m,2026-03-24 09:30:00
1410.5,1413.699951171875,1408.0999755859375,1413.5,1660550,0.0019137730921667817,-0.0018360113203601536,0.0010119823742716669,0.5,0.65,0,1411.896450208923,1412.307509991947,52.90328169668523,-0.7069200011085286,-0.8365110582511674,1413.0248456968086,0.0010119823742716669,0,RELIANCE,5m,2026-03-24 09:35:00
1413.5999755859375,1413.800048828125,1410.800048828125,1411.5999755859375,883066,-0.0013441983827821025,-0.0024733234827106765,0.0010419940257715774,0.5,0.6,0,1411.8682145305434,1412.2797635446525,48.23537859476537,-0.642709037395889,-0.7977506540801118,1412.9670885592525,0.0010419940257715774,0,RELIANCE,5m,2026-03-24 09:40:00
1411.5,1414.5,1408.199951171875,1412.5999755859375,1479146,0.0007084159941168622,-0.0019782738305972325,0.0010562161425079126,0.55,0.65,0,1411.9379060596284,1412.2923208796049,51.11117139233811,-0.505304903006845,-0.7392615038654585,1412.85699659916,0.0010562161425079126,0,RELIANCE,5m,2026-03-24 09:45:00
1413.0,1414.5999755859375,1410.199951171875,1413.5999755859375,892132,0.0007079144961652517,-0.0009894165470406557,0.0010702571455867551,0.6,0.6,0,1412.0961983954674,1412.343601456324,52.432482365904995,-0.3121215509581816,-0.6538335132840032,1412.8540074584248,0.0010702571455867551,0,RELIANCE,5m,2026-03-24 09:50:00
1413.5999755859375,1414.5,1412.0999755859375,1414.0,422127,0.00028298275394122996,0.0012746416161757423,0.00097044470651731,0.6,0.55,0,1412.2775128339943,1412.4085582619584,51.912429793081365,-0.12529935263660263,-0.5481266811545231,1412.870447277017,0.00097044470651731,0,RELIANCE,5m,2026-03-24 09:55:00
1416.4000244140625,1418.800048828125,1416.0,1418.699951171875,192719,0.0014824054935260733,0.0043182611435395035,0.0010879837041852087,0.65,0.5,0,1413.2616307359554,1412.8132030041966,70.999755859375,0.6730978760112976,-0.17939675061482965,1417.833333333333,0.0010879837041852087,0,RELIANCE,5m,2026-03-25 03:50:00
1418.4000244140625,1418.5,1414.0999755859375,1416.9000244140625,262955,-0.0012687155986195187,0.003328192468982305,0.0011331642206884485,0.6,0.5,0,1413.6081444195847,1412.9734705104656,63.106870907528666,0.8690744740410992,0.030297494316356116,1417.0639089934177,0.0011331642206884485,0,RELIANCE,5m,2026-03-25 03:55:00
1416.800048828125,1417.4000244140625,1415.300048828125,1416.4000244140625,124828,-0.0003528830484753609,0.002974134957802743,0.001138631532418359,0.6,0.45,0,1413.8740377523923,1413.1078451733517,73.03400838036717,0.9728273702289698,0.21880346949887886,1416.913984786865,0.001138631532418359,0,RELIANCE,5m,2026-03-25 04:00:00
1416.4000244140625,1417.9000244140625,1415.9000244140625,1416.699951171875,122191,0.00021175286122754322,0.002831457590610098,0.0011377277110595136,0.6,0.45,0,1414.1431723637716,1413.2487120752546,72.09317180147764,1.0669546813103352,0.38843371186117015,1416.8999603384098,0.0011377277110595136,0,RELIANCE,5m,2026-03-25 04:05:00
1416.9000244140625,1420.4000244140625,1416.4000244140625,1419.800048828125,175078,0.002188252815061853,0.004599164915751297,0.0012257277429150852,0.6,0.45,0,1414.6819225032336,1413.5056272420338,74.86930067874171,1.3758433599346063,0.5859156414758574,1417.2922411379488,0.0012257277429150852,0,RELIANCE,5m,2026-03-25 04:10:00
1420.0,1421.4000244140625,1419.0,1419.0,157726,-0.0005634940136713951,0.005669737774627981,0.0011623112374496776,0.65,0.4,0,1415.093167979116,1413.7210928403856,71.71719039956596,1.5383494738789523,0.7764024079564764,1417.6742220204171,0.0011623112374496776,0,RELIANCE,5m,2026-03-25 04:15:00
1419.199951171875,1419.4000244140625,1417.0,1418.0999755859375,147902,-0.0006342666765768445,0.005530686015570829,0.0011675876986958066,0.65,0.4,0,1415.379530608337,1413.892813732368,67.00499436120509,1.576341211330373,0.9363901686312558,1417.7357680822859,0.0011675876986958066,0,RELIANCE,5m,2026-03-25 04:20:00
1417.9000244140625,1419.4000244140625,1417.0999755859375,1418.699951171875,261605,0.00042308412401581563,0.005100921836255656,0.0011604079524260517,0.6,0.4,0,1415.695761138198,1414.0813289260743,70.0505632598431,1.6360041154903229,1.0763129580030693,1417.8560183604443,0.0011604079524260517,0,RELIANCE,5m,2026-03-25 04:25:00
1418.300048828125,1419.5999755859375,1417.800048828125,1417.800048828125,242136,-0.0006343147774175995,0.006817283048661471,0.001013238618324085,0.6,0.35,0,1415.8961694896195,1414.227161079096,62.01137510570392,1.592317552974464,1.1795138769973483,1417.934093357065,0.001013238618324085,0,RELIANCE,5m,2026-03-25 04:30:00
1417.9000244140625,1419.199951171875,1416.0,1419.0999755859375,206418,0.0009168618373844861,0.007096728531161611,0.0010194345837217225,0.6,0.35,0,1416.201293879745,1414.4182518440703,71.67654530059272,1.6436419812225722,1.2723394978423932,1417.9521762876745,0.0010194345837217225,0,RELIANCE,5m,2026-03-25 04:35:00
1419.0999755859375,1420.800048828125,1419.0,1419.9000244140625,346991,0.0005637719976667732,0.006807044780232863,0.0010140581875106617,0.6,0.35,0,1416.5535539306322,1414.6332233174032,71.3453548635799,1.7289440240454041,1.3636604030829955,1418.2538370722516,0.0010140581875106617,0,RELIANCE,5m,2026-03-25 04:40:00
1419.800048828125,1420.5,1419.300048828125,1420.0,109760,7.04102994706357e-05,0.006806562265854854,0.0010140648811608431,0.6,0.3,0,1416.8817868896197,1414.8436851480933,69.75337015575431,1.7840483034935914,1.4477379831651147,1418.3322707148386,0.0010140648811608431,0,RELIANCE,5m,2026-03-25 04:45:00
1420.199951171875,1421.199951171875,1419.5,1420.0,123679,0.0,0.006093223350699395,0.0010128676873481723,0.6,0.3,0,1417.1787595667986,1415.0458935736583,68.98757648804005,1.8068901372096207,1.519568413974016,1418.4273073563213,0.0010128676873481723,0,RELIANCE,5m,2026-03-25 04:50:00
1419.800048828125,1421.0,1419.199951171875,1420.300048828125,119889,0.00021130199163721386,0.006733767841793803,0.0009986449145135512,0.55,0.3,0,1417.4760252107344,1415.251938877755,63.704098886889525,1.8281303392336667,1.5812807990259463,1418.5077005470384,0.0009986449145135512,0,RELIANCE,5m,2026-03-25 04:55:00
1420.300048828125,1420.800048828125,1419.0,1419.800048828125,158521,-0.00035203828966456907,0.004457056121772274,0.0009368559307441838,0.5,0.3,0,1417.697360793343,1415.4302961307108,54.62229699232695,1.7840520890906646,1.62183505703889,1418.5859704151455,0.0009368559307441838,0,RELIANCE,5m,2026-03-25 05:00:00
1419.800048828125,1424.199951171875,1419.800048828125,1423.9000244140625,194532,0.002887713371556355,0.00871355131826168,0.0010368757426753206,0.5,0.3,0,1418.288090661983,1415.7624423379011,74.64797207846912,2.0562503490921245,1.708718115449537,1418.8531444526377,0.0010368757426753206,0,RELIANCE,5m,2026-03-25 05:05:00
1424.4000244140625,1426.9000244140625,1424.199951171875,1425.800048828125,224683,0.0013343804912457902,0.009344523198587806,0.0010548736518789883,0.5,0.25,0,1419.0035152492346,1416.1560739649688,80.12833052936344,2.3976469408237335,1.8465038805243763,1419.3334662973132,0.0010548736518789883,0,RELIANCE,5m,2026-03-25 05:10:00
1425.699951171875,1426.0999755859375,1425.0,1425.199951171875,276986,-0.0004208848616208405,0.008205981739020096,0.001071301457701518,0.45,0.25,0,1419.593652003772,1416.51073581622,76.72931349517097,2.5899282530399432,1.9951887550274896,1419.8233959784634,0.001071301457701518,0,RELIANCE,5m,2026-03-25 05:15:00
1425.300048828125,1425.5999755859375,1424.0999755859375,1424.9000244140625,254176,-0.00021044538877923458,0.0077086452716141896,0.0010800087169441936,0.45,0.3,0,1420.099020804752,1416.8397275259395,69.46559194893538,2.6871353716396698,2.1335780783499256,1420.169589387989,0.0010800087169441936,0,RELIANCE,5m,2026-03-25 05:20:00
1424.5999755859375,1425.5999755859375,1424.0999755859375,1425.4000244140625,156915,0.00035090181165919887,0.006212091613572834,0.0010243826920606205,0.4,0.3,0,1420.603878291353,1417.1754254431207,75.00023841994334,2.7725582096122707,2.2613741046023947,1420.3673236889836,0.0010243826920606205,0,RELIANCE,5m,2026-03-25 05:25:00
1425.0999755859375,1427.5999755859375,1424.5,1427.5999755859375,376501,0.0015433921244525362,0.0062733662651577315,0.0010281396197941532,0.45,0.3,0,1421.2701732717896,1417.5842313310745,83.68829324883555,2.983383509944133,2.4057759856707426,1420.9183027884844,0.0010281396197941532,0,RELIANCE,5m,2026-03-25 05:30:00
1427.5,1429.5,1426.5,1428.300048828125,424003,0.0004903847395347771,0.008045750735855117,0.0009585742935997525,0.5,0.25,0,1421.9396852295358,1418.004459468214,83.80327699740384,3.1704076533424086,2.558702319205076,1421.5717236683588,0.0009585742935997525,0,RELIANCE,5m,2026-03-25 05:35:00
1428.4000244140625,1428.9000244140625,1426.5,1427.4000244140625,317288,-0.0006301367942967984,0.007766167615360198,0.0009719648147184002,0.5,0.25,0,1422.459717532824,1418.3729129955022,83.80255658617517,3.2090097195170983,2.6887637992674804,1421.955995254857,0.0009719648147184002,0,RELIANCE,5m,2026-03-25 05:40:00
1427.4000244140625,1429.0,1426.800048828125,1428.800048828125,130863,0.0009808213465858362,0.00854104473303674,0.000979834186363068,0.5,0.25,0,1423.063558608567,1418.7818202830563,83.91593468035887,3.314366451465048,2.813884329706994,1422.115951846048,0.000979834186363068,0,RELIANCE,5m,2026-03-25 05:45:00
1428.9000244140625,1430.4000244140625,1428.5999755859375,1428.699951171875,260862,-7.005714783681061e-05,0.006268419522238888,0.0008922471098217477,0.5,0.25,0,1423.6003579003107,1419.1707665924218,82.35214921059482,3.3511553435016594,2.9213385324659273,1422.4617478125167,0.0008922471098217477,0,RELIANCE,5m,2026-03-25 05:50:00
1428.699951171875,1429.0999755859375,1426.699951171875,1427.0,90430,-0.001189858773691821,0.005637773079633535,0.0009346137837747121,0.45,0.3,0,1423.9241333383764,1419.4777953535033,73.02601991647927,3.206180104537225,2.978306846880187,1422.546854191851,0.0009346137837747121,0,RELIANCE,5m,2026-03-25 05:55:00
1427.0999755859375,1428.0,1425.0,1426.800048828125,171939,-0.00014011995225993168,0.006135021078885972,0.000915464530548967,0.45,0.3,0,1424.1980300516857,1419.7649425485865,72.07787060669953,3.0401073297632593,2.9906669434568016,1422.6706022573294,0.000915464530548967,0,RELIANCE,5m,2026-03-25 06:00:00
1426.800048828125,1427.0999755859375,1423.5,1424.199951171875,123028,-0.001822327983788341,0.0038767887427195724,0.0010308036932805585,0.45,0.35,0,1424.1982130155134,1419.9388644553821,61.016551724137926,2.6679330370084244,2.9261201621671264,1422.718976789305,0.0010308036932805585,0,RELIANCE,5m,2026-03-25 06:05:00
1424.199951171875,1425.300048828125,1423.5999755859375,1423.699951171875,178073,-0.00035107429935565815,0.004161307758894894,0.00102072123882364,0.4,0.35,0,1424.1507595065955,1420.0863580521075,61.016551724137926,2.3060536562231846,2.8021068609783386,1422.763430380329,0.00102072123882364,0,RELIANCE,5m,2026-03-25 06:10:00
1423.699951171875,1424.9000244140625,1423.300048828125,1424.5999755859375,159337,0.000632172820770105,0.0038756959302526095,0.0010122677899680429,0.4,0.35,0,1424.1935419903425,1420.2633626612774,52.413584092401464,2.0680469304481903,2.6552948748723093,1422.8027480433436,0.0010122677899680429,0,RELIANCE,5m,2026-03-25 06:15:00
1424.800048828125,1426.800048828125,1424.300048828125,1425.800048828125,174808,0.0008423931368479742,0.00415523932151296,0.0010195170036205832,0.4,0.35,0,1424.3465426415598,1420.4804876089968,50.0,1.953739276520082,2.5149837552018637,1422.8817063237798,0.0010195170036205832,0,RELIANCE,5m,2026-03-25 06:20:00
1426.0999755859375,1426.199951171875,1422.5999755859375,1424.5999755859375,218558,-0.0008416841079321724,0.003239419426716461,0.0010460430037026057,0.4,0.4,0,1424.370679112453,1420.642036157112,47.91679028880958,1.7461848243333407,2.3612239690281593,1422.9351185599328,0.0010460430037026057,0,RELIANCE,5m,2026-03-25 06:25:00
1424.4000244140625,1424.800048828125,1423.0999755859375,1424.0,79548,-0.00042115372470841184,0.0028169014084507005,0.0010536920724058569,0.35,0.4,0,1424.3353763398386,1420.7737210136959,46.93875856342122,1.5158100948322044,2.1921411941889684,1422.947618047537,0.0010536920724058569,0,RELIANCE,5m,2026-03-25 06:30:00
1423.800048828125,1424.5,1423.4000244140625,1424.0999755859375,74131,7.020757439435421e-05,0.0026754394333421416,0.001053670237819877,0.35,0.35,0,1424.3129572204195,1420.90416236947,45.45446785263086,1.326018144444788,2.018916584240132,1422.9593688282603,0.001053670237819877,0,RELIANCE,5m,2026-03-25 06:35:00
1424.0,1424.800048828125,1423.4000244140625,1424.699951171875,172017,0.00042130159133701994,0.003451121408112545,0.0010490698811497106,0.4,0.3,0,1424.349813787225,1421.0530168323094,38.58286636998875,1.2100707298350244,1.8571474133591108,1422.9932273187758,0.0010490698811497106,0,RELIANCE,5m,2026-03-25 06:40:00
1424.5999755859375,1427.9000244140625,1424.4000244140625,1427.5,149838,0.0019653603734750558,0.0025282502452508293,0.0009378132232463415,0.4,0.3,0,1424.649831521775,1421.3058397016307,47.29718584012405,1.3288044769874432,1.7514788260847773,1423.0708656926702,0.0009378132232463415,0,RELIANCE,5m,2026-03-25 06:45:00
1427.5,1427.800048828125,1426.5,1426.5,114018,-0.0007005253940455258,0.0004909181848116173,0.0009098600205346266,0.35,0.3,0,1424.8260380435108,1421.509532262351,46.97983828023234,1.3269143418278873,1.6665659292333994,1423.133112607724,0.0009098600205346266,0,RELIANCE,5m,2026-03-25 06:50:00
1426.800048828125,1427.0,1424.699951171875,1426.0999755859375,186124,-0.0002804237042148827,0.0006315074690554923,0.0009067745749869521,0.35,0.35,0,1424.9473654285039,1421.6895496475897,40.28769396949179,1.2784011562723663,1.5889329746411929,1423.2048905609984,0.0009067745749869521,0,RELIANCE,5m,2026-03-25 06:55:00
1426.0999755859375,1426.4000244140625,1424.0,1424.199951171875,96246,-0.001332322029724331,-0.0004913139379553177,0.0009559269169814749,0.35,0.35,0,1424.8761831183488,1421.7879967661893,35.66896809106177,1.0742546769374712,1.4859973151004486,1423.2266293070516,0.0009559269169814749,0,RELIANCE,5m,2026-03-25 07:00:00
1424.199951171875,1425.800048828125,1423.800048828125,1425.4000244140625,75764,0.0008426297453527631,0.0,0.000972264589741575,0.35,0.4,0,1424.9260727655596,1421.9296449092433,44.7370323078035,0.9978009739641038,1.3883580468731798,1423.24470539302,0.000972264589741575,0,RELIANCE,5m,2026-03-25 07:05:00
1425.0,1426.5,1424.5999755859375,1426.0999755859375,142637,0.0004910559561430716,-0.0010507145038191057,0.0009109082020331053,0.35,0.4,0,1425.0378730341672,1422.0931872887213,47.77051245169768,0.9823669585766766,1.3071598292138793,1423.2915615200297,0.0009109082020331053,0,RELIANCE,5m,2026-03-25 07:10:00
1426.0999755859375,1426.699951171875,1425.0,1425.800048828125,129165,-0.00021031257481740617,-0.0017503325033497719,0.0009023775300912814,0.35,0.4,0,1425.1104612050203,1422.2385544079136,55.970448375753826,0.9351539349736413,1.2327586503658319,1423.3341719782836,0.0009023775300912814,0,RELIANCE,5m,2026-03-25 07:15:00
1425.800048828125,1426.0,1423.0999755859375,1423.0999755859375,124503,-0.001893725031365201,-0.003012504381797343,0.000983022505448481,0.35,0.45,0,1424.9189863841552,1422.2723356305812,48.07702841224755,0.6721161913499145,1.1206301585626484,1423.345819882026,0.000983022505448481,0,RELIANCE,5m,2026-03-25 07:20:00
1423.0999755859375,1423.800048828125,1422.0,1423.5999755859375,145188,0.00035134565988181876,-0.003639468830122561,0.0009545632562191261,0.3,0.5,0,1424.7933663081344,1422.324399942556,46.71056858336011,0.49825908519051154,0.996155943888221,1423.3419514153825,0.0009545632562191261,0,RELIANCE,5m,2026-03-25 07:25:00
1423.4000244140625,1424.699951171875,1423.0,1424.300048828125,125374,0.0004917626118245977,-0.0030796545769746775,0.0009662218893892981,0.3,0.5,0,1424.7463836909908,1422.4018763694412,44.89802697136784,0.41221438503862373,0.8793676321183017,1423.352136954355,0.0009662218893892981,0,RELIANCE,5m,2026-03-25 07:30:00
1424.300048828125,1424.800048828125,1423.300048828125,1424.300048828125,88728,0.0,-0.0018920470720917848,0.0009352026236418968,0.35,0.45,0,1424.7038756088132,1422.4763145050758,48.88917020064561,0.3401028463433704,0.7715146749633155,1423.3606021142557,0.0009352026236418968,0,RELIANCE,5m,2026-03-25 07:35:00
1424.199951171875,1424.800048828125,1423.0,1423.199951171875,94333,-0.0007723777424252232,-0.0025231970374594015,0.0009474401219189075,0.35,0.45,0,1424.5606447100572,1422.504692413578,47.142732583485916,0.19197230816234878,0.6556062016031222,1423.3640878088515,0.0009474401219189075,0,RELIANCE,5m,2026-03-25 07:40:00
1423.0999755859375,1424.800048828125,1422.199951171875,1422.5,99818,-0.0004918150617547745,-0.001193618333209634,0.0008651949979782114,0.35,0.45,0,1424.3643928329088,1422.5045083973591,44.52071401697253,0.017891339373363735,0.5280632291571705,1423.3617370244642,0.0008651949979782114,0,RELIANCE,5m,2026-03-25 07:45:00
1422.0999755859375,1423.5999755859375,1422.0,1423.199951171875,127806,0.0004920570628295096,-0.0003511975958054858,0.0008707559931920906,0.35,0.5,0,1424.2534936270963,1422.5317806630264,44.89802697136784,-0.06286421322488422,0.4098777406807596,1423.3553032164361,0.0008707559931920906,0,RELIANCE,5m,2026-03-25 07:50:00
1423.199951171875,1423.800048828125,1422.0999755859375,1422.5999755859375,113146,-0.00042156802032167207,-0.0014039028739821768,0.0008612233762944403,0.4,0.45,0,1424.0960157184145,1422.534454973729,30.400093749084476,-0.17327913207918755,0.2932463661287702,1423.3484548374229,0.0008612233762944403,0,RELIANCE,5m,2026-03-25 07:55:00
1422.5999755859375,1424.300048828125,1422.0999755859375,1423.5,128135,0.0006326616262535278,-0.0016131636620544398,0.0008507435573370043,0.4,0.45,0,1424.0392523166606,1422.5723194845632,37.903368707054405,-0.1860150368165705,0.19739408553970206,1423.347745537895,0.0008507435573370043,0,RELIANCE,5m,2026-03-25 08:00:00
1423.0999755859375,1424.199951171875,1422.800048828125,1424.0999755859375,104343,0.00042147916117851736,-0.00035097571849551645,0.0008380433840545193,0.4,0.4,0,1424.0450354851632,1422.63222756697,42.06355357488859,-0.14601217997687854,0.12871283243638593,1423.3518956546368,0.0008380433840545193,0,RELIANCE,5m,2026-03-25 08:05:00
1424.0999755859375,1424.0999755859375,1422.300048828125,1423.0,130090,-0.000772400537037421,-0.000702247191011196,0.0008505411704049071,0.4,0.45,0,1423.9455082961,1422.646650015324,44.91548217573914,-0.20075429409484968,0.06281940713013881,1423.3487317704512,0.0008505411704049071,0,RELIANCE,5m,2026-03-25 08:10:00
1423.0,1424.199951171875,1423.0,1424.0999755859375,97658,0.0007729976007992967,0.0,0.0008694151861660093,0.45,0.45,0,1423.9602194665606,1422.703643174956,44.444212591031445,-0.153608276430532,0.01953387041800465,1423.3532245431056,0.0008694151861660093,0,RELIANCE,5m,2026-03-25 08:15:00
1424.0999755859375,1425.0,1422.199951171875,1422.699951171875,186250,-0.000983094191463918,-0.001403804357791194,0.0008900959106596381,0.45,0.5,0,1423.8401939146856,1422.7034983905214,36.29025112964039,-0.22660285087590637,-0.029693473840777557,1423.3521545455674,0.0008900959106596381,0,RELIANCE,5m,2026-03-25 08:20:00
1423.0999755859375,1423.4000244140625,1422.300048828125,1422.800048828125,70389,7.035753123307842e-05,-0.0032924351466725454,0.0007522292597895645,0.4,0.5,0,1423.7411324778705,1422.7072846821923,37.705114864324024,-0.2732249653886356,-0.07839977215034917,1423.3482451255302,0.0007522292597895645,0,RELIANCE,5m,2026-03-25 08:25:00
1422.699951171875,1424.300048828125,1422.0999755859375,1423.0999755859375,179577,0.0002108003567047323,-0.0023834731258762787,0.0007456304926921648,0.45,0.55,0,1423.6800699167338,1422.7226843254764,50.0,-0.28271280701460455,-0.11926237912320024,1423.3448200615235,0.0007456304926921648,0,RELIANCE,5m,2026-03-25 08:30:00
1423.300048828125,1423.9000244140625,1420.4000244140625,1421.300048828125,124635,-0.0012647929089250054,-0.003365771572810261,0.0007881216402853597,0.45,0.55,0,1423.4534012416282,1422.6668946981292,39.63994677282775,-0.4305084037036977,-0.18151158403929973,1423.3257191150965,0.0007881216402853597,0,RELIANCE,5m,2026-03-25 08:35:00
1421.300048828125,1422.699951171875,1419.4000244140625,1419.800048828125,163411,-0.001055371806422456,-0.003089385265130473,0.0007687882549500583,0.45,0.55,0,1423.1054629165326,1422.5544693698937,31.092281810348368,-0.6610547155971744,-0.2774202103508747,1423.2808625878433,0.0007687882549500583,0,RELIANCE,5m,2026-03-25 08:40:00
1420.0,1421.4000244140625,1419.800048828125,1420.699951171875,58015,0.0006338232939862021,-0.003297371377638081,0.0007558443655816759,0.45,0.5,0,1422.8763665598985,1422.4817431660497,35.93690394445716,-0.7623616993107589,-0.3744085081428516,1423.2652948014077,0.0007558443655816759,0,RELIANCE,5m,2026-03-25 08:45:00
1420.199951171875,1421.0999755859375,1418.199951171875,1418.5999755859375,155211,-0.001478127442888555,-0.0052590983299880545,0.0007932375766854835,0.4,0.55,0,1422.469091229045,1422.3295169864375,33.33303847072456,-1.0005648050946547,-0.4996397675332122,1423.2038804647339,0.0007932375766854835,0,RELIANCE,5m,2026-03-25 08:50:00
1418.199951171875,1419.5,1418.199951171875,1418.5999755859375,120761,0.0,-0.005049847801664287,0.0007953683416844972,0.35,0.55,0,1422.1006040249395,1422.1832604609276,35.11410546718477,-1.175788722103789,-0.6348695584473276,1423.151047424245,0.0007953683416844972,0,RELIANCE,5m,2026-03-25 08:55:00
1418.300048828125,1419.5,1416.9000244140625,1418.699951171875,99407,7.04748256437071e-05,-0.0030918589625095194,0.0006973095058364809,0.35,0.55,0,1421.7767323246476,1422.046660096651,31.999648430633414,-1.2916978556729646,-0.7662352178924551,1423.1046094056935,0.0006973095058364809,0,RELIANCE,5m,2026-03-25 09:00:00
1418.800048828125,1419.0999755859375,1417.0,1417.0999755859375,91376,-0.0011277758800343207,-0.004565889373048582,0.0007189283694684502,0.35,0.5,0,1421.331326920961,1421.85267246878,29.629261235193056,-1.495423031499513,-0.9120727806138667,1423.0571105026982,0.0007189283694684502,0,RELIANCE,5m,2026-03-25 09:05:00
1417.0999755859375,1418.5,1417.0,1417.5,101160,0.0002822838338538691,-0.004774309201014182,0.0007093440551362923,0.3,0.5,0,1420.9664386427742,1421.6819794307885,26.922643529212905,-1.6060841358657854,-1.0508750516642504,1423.0048498368928,0.0007093440551362923,0,RELIANCE,5m,2026-03-25 09:10:00
1417.5,1418.0999755859375,1416.0999755859375,1417.0,146069,-0.0003527336860670305,-0.005125358827398285,0.0007074710477491557,0.25,0.55,0,1420.5886825815576,1421.498372394287,22.48024603737875,-1.7143675180805076,-1.183573544947502,1422.9228681471468,0.0007074710477491557,0,RELIANCE,5m,2026-03-25 09:15:00
1416.9000244140625,1417.5999755859375,1414.5999755859375,1415.5,223012,-0.0010585744530698937,-0.005410308766196081,0.000721212399905122,0.25,0.55,0,1420.1040461452187,1421.263142104315,21.804097217123143,-1.899326093683385,-1.3267240546946786,1422.7778945867528,0.000721212399905122,0,RELIANCE,5m,2026-03-25 09:20:00
1415.4000244140625,1415.5999755859375,1414.0,1415.300048828125,188718,-0.0001412583340691942,-0.005061477097978884,0.0007198210455087228,0.25,0.55,0,1419.6465225912098,1421.0292953091703,14.51579558767068,-2.038542437639535,-1.4690877312836501,1422.6437861148738,0.0007198210455087228,0,RELIANCE,5m,2026-03-25 09:25:00
1414.5999755859375,1417.800048828125,1408.699951171875,1414.300048828125,2589680,-0.0007065639549916902,-0.0062534448068395365,0.0007042140001779991,0.3,0.55,0,1419.1373346137732,1420.7654032903058,14.9996948180098,-2.204155898714589,-1.616101364769838,1420.919367439115,0.0007042140001779991,0,RELIANCE,5m,2026-03-25 09:30:00
1414.199951171875,1415.300048828125,1412.0,1413.9000244140625,1510633,-0.0002828426785348448,-0.006115528835357709,0.0007037752495829968,0.25,0.55,0,1418.6385431661818,1420.4961727461393,13.820105400013887,-2.340702228613509,-1.7610215375385723,1420.2000981631102,0.0007037752495829968,0,RELIANCE,5m,2026-03-25 09:35:00
1413.9000244140625,1416.199951171875,1410.199951171875,1412.0,2015593,-0.0013438180785447784,-0.008078679311556036,0.0007037358350534697,0.25,0.6,0,1418.006300959879,1420.162989501193,10.071399088410146,-2.5725772012674497,-1.9233326702843478,1419.3282399570894,0.0007037358350534697,0,RELIANCE,5m,2026-03-25 09:40:00
1412.0,1413.199951171875,1410.0999755859375,1410.699951171875,536551,-0.0009207144675106305,-0.009409468888270434,0.0006844809126114943,0.25,0.65,0,1417.310458122926,1419.7918899588667,10.44710855227197,-2.828636106857857,-2.10439335759905,1419.0851210220344,0.0006844809126114943,-1,RELIANCE,5m,2026-03-25 09:45:00
1410.0999755859375,1412.0999755859375,1410.0,1411.9000244140625,602356,0.0008506934739669347,-0.007800404487658064,0.0007409280807628544,0.25,0.65,0,1416.7951787220818,1419.4824050355412,19.84717886595537,-2.9012845508141254,-2.2637715962420653,1418.8292220501376,0.0007409280807628544,-1,RELIANCE,5m,2026-03-25 09:50:00
1412.0999755859375,1413.9000244140625,1411.5999755859375,1413.800048828125,256973,0.001345721638365216,-0.007232586850915879,0.0007972210830847421,0.25,0.65,0,1416.5099282559909,1419.259567537211,25.532430654153828,-2.7735708764296305,-2.3657314522795785,1418.749657105584,0.0007972210830847421,-1,RELIANCE,5m,2026-03-25 09:55:00
1393.4000244140625,1395.5,1390.5,1390.800048828125,218008,-0.0016509416395942278,-0.022490862315022064,0.0032865152108684233,0.2,0.65,-1,1412.0441841801808,1417.1578716819433,10.285957428998927,-5.618320463747523,-3.3246427108450387,1392.2666829427083,0.0032865152108684233,-1,RELIANCE,5m,2026-03-27 03:50:00
1390.699951171875,1391.5,1385.4000244140625,1386.4000244140625,446882,-0.003163664264873911,-0.025788737124223804,0.003300563279906707,0.15,0.65,-1,1409.6018832500743,1415.951681593007,8.9061242999624,-6.943500312537253,-4.048414231183482,1389.2421691133532,0.003300563279906707,-1,RELIANCE,5m,2026-03-27 03:55:00
1386.0,1386.4000244140625,1379.0,1379.300048828125,625831,-0.005121159449588242,-0.029550410579827546,0.0034092360130469927,0.15,0.65,-1,1406.7159942575076,1414.5143626610509,7.812742675127993,-8.46899824294519,-4.932531033535824,1385.5205653797536,0.0034092360130469927,-1,RELIANCE,5m,2026-03-27 04:00:00
1379.0,1379.800048828125,1376.0,1378.9000244140625,459408,-0.00029001986507748434,-0.02880689041236517,0.0034186902750358585,0.15,0.65,-1,1404.0668542724175,1413.1177219454828,6.919834442770238,-9.599586908142328,-5.865942208457125,1383.6076769675474,0.0034186902750358585,-1,RELIANCE,5m,2026-03-27 04:05:00
1379.0,1381.800048828125,1378.199951171875,1381.800048828125,230680,0.002103143348115344,-0.027380800788838755,0.0034811536454961234,0.2,0.65,-1,1401.9462061348659,1411.8895779016648,12.712070428071925,-10.14463776769503,-6.7216813203047066,1383.2574124199225,0.0034811536454961234,-1,RELIANCE,5m,2026-03-27 04:10:00
1381.800048828125,1381.800048828125,1379.5999755859375,1380.199951171875,168933,-0.00115798060479666,-0.027068958885468564,0.0034814213441707147,0.2,0.6,-1,1399.8751342336286,1410.6468474416731,12.685168936007685,-10.58370662718562,-7.494086381680889,1383.0433456960482,0.0034814213441707147,-1,RELIANCE,5m,2026-03-27 04:15:00
1380.5,1380.5,1377.5999755859375,1378.5,215052,-0.001231670215921743,-0.028267289070955104,0.003466861273091081,0.2,0.65,-1,1397.8394071637592,1409.386186757686,12.29525829722941,-10.942703045030612,-8.183809714350833,1382.6635219444977,0.003466861273091081,-1,RELIANCE,5m,2026-03-27 04:20:00
1378.5,1378.5,1374.199951171875,1375.800048828125,295426,-0.001958615286089982,-0.030238883358185698,0.0034503849738655814,0.2,0.65,-1,1395.7404206556037,1408.0690833094677,11.881372402090406,-11.314645596426317,-8.809976890765931,1381.94202523847,0.0034503849738655814,-1,RELIANCE,5m,2026-03-27 04:25:00
1375.5999755859375,1378.9000244140625,1375.4000244140625,1378.699951171875,112027,0.002107793458955065,-0.02709761137225697,0.003544721125002852,0.25,0.65,-1,1394.1175188000104,1406.9173526374054,16.79246021783743,-11.24578050703326,-9.297137614019398,1381.7692572294422,0.003544721125002852,-1,RELIANCE,5m,2026-03-27 04:30:00
1378.699951171875,1378.699951171875,1376.5999755859375,1377.0,129786,-0.0012330102502942086,-0.02857142857142858,0.0035237545504697436,0.25,0.65,-1,1392.487278914295,1405.744123122213,16.856091256721953,-11.199277974843199,-9.677565686184158,1381.5753430363975,0.0035237545504697436,-1,RELIANCE,5m,2026-03-27 04:35:00
1377.0999755859375,1377.0999755859375,1374.800048828125,1375.199951171875,88851,-0.0013072250022694298,-0.029498975884350687,0.0035146719246005585,0.25,0.65,-1,1390.8408667483504,1404.546312457494,16.69796671812091,-11.178810906284298,-9.977814730204187,1381.40080238982,0.0035146719246005585,0,RELIANCE,5m,2026-03-27 04:40:00
1375.199951171875,1376.199951171875,1375.0,1375.0999755859375,108877,-7.269894523509457e-05,-0.028541168784219306,0.0035279312912555746,0.25,0.6,-1,1389.341734256692,1403.3915541488054,14.7508781119774,-11.04335685764454,-10.190923155692257,1381.1911982343406,0.0035279312912555746,0,RELIANCE,5m,2026-03-27 04:45:00
1375.300048828125,1376.800048828125,1373.4000244140625,1376.0999755859375,169494,0.000727219851468508,-0.027697358785965798,0.003550044457612586,0.3,0.6,-1,1388.0806143832867,1402.321296165948,13.25523677629215,-10.731609590389553,-10.299060442631717,1380.8926834978517,0.003550044457612586,0,RELIANCE,5m,2026-03-27 04:50:00
1376.0999755859375,1376.699951171875,1374.800048828125,1375.9000244140625,94052,-0.00014530279443536465,-0.02715125722146472,0.003558002309095024,0.25,0.55,0,1386.9205581957415,1401.2851678619527,22.077824281048862,-10.38101613157437,-10.315451580420248,1380.7502711926586,0.003558002309095024,0,RELIANCE,5m,2026-03-27 04:55:00
1375.300048828125,1378.5,1375.300048828125,1376.0,187376,7.266195520272412e-05,-0.02680530713603224,0.003564597805706003,0.3,0.55,0,1385.8805050342423,1400.29359265168,24.125656237995642,-9.98005720819333,-10.248372705974866,1380.531254692099,0.003564597805706003,0,RELIANCE,5m,2026-03-27 05:00:00
1376.0,1376.0999755859375,1373.300048828125,1376.0999755859375,168658,7.265667582667668e-05,-0.025424946468882825,0.0035788029604094094,0.25,0.55,0,1384.9490260391656,1399.3448233549843,28.806313547401842,-9.544207495461706,-10.107539663872235,1380.2879909829653,0.0035788029604094094,0,RELIANCE,5m,2026-03-27 05:05:00
1376.0999755859375,1376.0999755859375,1372.699951171875,1373.5,200123,-0.0018893798648825788,-0.026369853590037184,0.0035802287055329025,0.25,0.55,0,1383.8586426068641,1398.3313008704752,35.35326757090013,-9.301369362764035,-9.946305603650597,1379.9720385452597,0.0035802287055329025,0,RELIANCE,5m,2026-03-27 05:10:00
1373.5,1373.9000244140625,1373.0,1373.4000244140625,71503,-7.278892314344088e-05,-0.027268219657392123,0.0035565120278181215,0.25,0.5,0,1382.8625837313593,1397.3536037545375,35.89725933067071,-9.013088315651203,-9.759662146050719,1379.8548900258702,0.0035565120278181215,0,RELIANCE,5m,2026-03-27 05:15:00
1373.4000244140625,1373.5999755859375,1370.300048828125,1370.300048828125,163470,-0.0022571541654515803,-0.030768141531793303,0.003502263907924066,0.2,0.55,0,1381.6661518358133,1396.292680031933,20.81174866774073,-8.93180533897771,-9.594090784636117,1379.5222055053052,0.003502263907924066,0,RELIANCE,5m,2026-03-27 05:20:00
1370.300048828125,1372.4000244140625,1370.300048828125,1372.199951171875,178863,0.0013864863723640486,-0.015002530170364792,0.0017414326873340302,0.2,0.5,0,1380.7646089154382,1395.3478671354603,29.999511706828784,-8.614775978390526,-9.398227823387,1379.1965816418053,0.0017414326873340302,0,RELIANCE,5m,2026-03-27 05:25:00
1372.199951171875,1373.4000244140625,1371.0,1371.800048828125,153071,-0.000291431539119702,-0.013661201706175685,0.0017310849114507937,0.25,0.5,0,1379.910841288075,1394.4244232802707,32.08517749663807,-8.30011810816245,-9.17860588034209,1378.953316098658,0.0017310849114507937,0,RELIANCE,5m,2026-03-27 05:30:00
1371.800048828125,1371.800048828125,1368.5999755859375,1370.699951171875,259243,-0.0008019373211057834,-0.011324345762921406,0.001630832581700928,0.25,0.5,0,1379.0336136579608,1393.4940518250396,35.08709308966306,-8.046760124201228,-8.952236729113917,1378.4842448955592,0.001630832581700928,0,RELIANCE,5m,2026-03-27 05:35:00
1371.0,1372.0,1369.5999755859375,1370.9000244140625,171698,0.00014596428781987747,-0.006090063160078429,0.0012338270584307304,0.3,0.45,0,1378.2589861109227,1392.608011534413,22.916507718521913,-7.740599050505125,-8.709909193392159,1378.2170976790696,0.0012338270584307304,0,RELIANCE,5m,2026-03-27 05:40:00
1371.0,1371.0999755859375,1366.199951171875,1366.9000244140625,230763,-0.002917791180075069,-0.008702588866150163,0.001365114469400178,0.3,0.45,0,1377.1771802350313,1391.5998551767523,19.760242681188544,-7.731605627517865,-8.5142484802173,1377.7621028183453,0.001365114469400178,0,RELIANCE,5m,2026-03-27 05:45:00
1367.4000244140625,1367.4000244140625,1365.0,1366.5,361682,-0.00029265082077523097,-0.01107254905736954,0.0012288905426014883,0.25,0.5,0,1376.160305926933,1390.6155471306051,21.568424076083488,-7.6683608120256395,-8.34507094657897,1377.0096860914064,0.0012288905426014883,0,RELIANCE,5m,2026-03-27 05:50:00
1366.5,1366.9000244140625,1363.0,1364.300048828125,203393,-0.0016099167009696602,-0.01151999920754232,0.0012446000618564763,0.25,0.55,0,1375.0307576318085,1389.5835668050177,18.96533580283291,-7.706915983832005,-8.217439954029576,1376.5726383592666,0.0012446000618564763,0,RELIANCE,5m,2026-03-27 05:55:00
1364.300048828125,1367.199951171875,1363.699951171875,1366.4000244140625,235937,0.0015392329478705058,-0.008777639162812823,0.0013199977689309235,0.3,0.5,0,1374.2087830396422,1388.6744082798823,23.78356977895085,-7.481775504929374,-8.070307064209535,1376.1440794386428,0.0013199977689309235,0,RELIANCE,5m,2026-03-27 06:00:00
1366.0999755859375,1366.4000244140625,1362.300048828125,1364.699951171875,235752,-0.0012441987791360631,-0.008068103839438567,0.0012859639205232943,0.3,0.5,0,1373.3031800046167,1387.734233491333,21.999645993933072,-7.355739371206482,-7.927393525608925,1375.6989633253108,0.0012859639205232943,0,RELIANCE,5m,2026-03-27 06:05:00
1364.699951171875,1365.800048828125,1363.0,1365.199951171875,158683,0.00036638090268170664,-0.009791833232840275,0.0011596848701832928,0.25,0.5,0,1372.531443925308,1386.850536145472,23.529165370162048,-7.133280983005534,-7.768571017088247,1375.4229907771455,0.0011596848701832928,0,RELIANCE,5m,2026-03-27 06:10:00
1365.0,1366.0,1363.199951171875,1364.0,148576,-0.0008789563542285217,-0.009440813362382006,0.001150431202284421,0.3,0.5,0,1371.718925456231,1385.954436688787,21.860362125057478,-6.97342187225081,-7.60954118812076,1375.170721896433,0.001150431202284421,0,RELIANCE,5m,2026-03-27 06:15:00
1364.0,1364.699951171875,1359.0999755859375,1360.0,296952,-0.0029325513196480912,-0.011052902640755868,0.0012642027652111747,0.3,0.5,0,1370.6028373175423,1384.936615642168,20.52389176741508,-7.08779525416935,-7.505192001330479,1374.5625595970841,0.0012642027652111747,0,RELIANCE,5m,2026-03-27 06:20:00
1360.0999755859375,1360.199951171875,1357.0999755859375,1358.0,249149,-0.0014705882352941124,-0.012435441705721195,0.001274744229744879,0.3,0.55,0,1369.402567096824,1383.8802777738476,18.95147198527276,-7.256175593232001,-7.455388719710784,1373.9915915586519,0.001274744229744879,0,RELIANCE,5m,2026-03-27 06:25:00
1357.699951171875,1359.800048828125,1354.0999755859375,1358.5,289378,0.0003681885125184081,-0.01278975067087218,0.001257109836859443,0.25,0.55,0,1368.364227373317,1382.8849727631086,23.423254995546074,-7.265520011663057,-7.417414978101239,1373.3389955694963,0.001257109836859443,0,RELIANCE,5m,2026-03-27 06:30:00
1358.199951171875,1358.199951171875,1355.199951171875,1356.800048828125,196586,-0.0012513442560728727,-0.013881804816502807,0.0012584066224571445,0.25,0.55,0,1367.2628770356796,1381.86203456958,15.000221946022734,-7.325651828855143,-7.399062348252021,1372.9051341664403,0.0012584066224571445,0,RELIANCE,5m,2026-03-27 06:35:00
1356.5,1358.4000244140625,1355.5,1357.5,184144,0.0005158838050451919,-0.013444767441860517,0.001276464895989962,0.25,0.55,0,1366.3330792227578,1380.9066606648905,17.93718045565518,-7.233443878997377,-7.365938654401092,1372.5283612908866,0.001276464895989962,0,RELIANCE,5m,2026-03-27 06:40:00
1357.4000244140625,1357.5,1355.199951171875,1355.699951171875,153368,-0.001326002819981631,-0.014824522037634846,0.0012716062868775684,0.25,0.55,0,1365.3204003607689,1379.9181622533997,17.391304347826093,-7.222362413072915,-7.3372234061354575,1372.2085213534378,0.0012716062868775684,0,RELIANCE,5m,2026-03-27 06:45:00
1355.699951171875,1358.9000244140625,1355.0999755859375,1357.199951171875,133580,0.0011064395176110242,-0.011867527359392116,0.0013057868227261385,0.3,0.55,0,1364.5470242475408,1379.0272520149085,21.81046391882049,-7.011716108852397,-7.272121946678846,1371.9555399134197,0.0013057868227261385,0,RELIANCE,5m,2026-03-27 06:50:00
1357.5,1358.199951171875,1355.199951171875,1357.0,288061,-0.00014732624452451493,-0.011941185468566817,0.0013043206588306264,0.3,0.55,0,1363.8282600334892,1378.1634382104023,25.853455205883222,-6.782724754767969,-7.174242508296671,1371.4284889884052,0.0013043206588306264,-1,RELIANCE,5m,2026-03-27 06:55:00
1357.199951171875,1357.5,1353.300048828125,1355.699951171875,402184,-0.0009580315608880285,-0.010654672068891702,0.0012485899850458652,0.3,0.55,0,1363.0541353800022,1377.2825171500679,24.76612590412303,-6.629727164441192,-7.065339439525575,1370.6909167800911,0.0012485899850458652,-1,RELIANCE,5m,2026-03-27 07:00:00
1355.4000244140625,1359.300048828125,1355.4000244140625,1358.699951171875,293417,0.0022128790352222705,-0.009838216353579399,0.0013267423848817195,0.35,0.55,0,1362.6394511697042,1376.5537890724918,37.38713969933246,-6.194988571855447,-6.89126926599155,1370.269661996131,0.0013267423848817195,-1,RELIANCE,5m,2026-03-27 07:05:00
1358.699951171875,1358.699951171875,1355.0999755859375,1357.5,258543,-0.0008831612681226009,-0.010424295319380494,0.0013285982216507683,0.3,0.6,-1,1362.1499796297323,1375.8065816578844,29.107852070904187,-5.8795058526643516,-6.688916583326111,1369.9010617279241,0.0013285982216507683,-1,RELIANCE,5m,2026-03-27 07:10:00
1357.4000244140625,1357.5999755859375,1354.300048828125,1355.5,231897,-0.0014732965009207621,-0.01108918925610225,0.0013444045266362574,0.3,0.6,-1,1361.5166482364245,1375.0102451222813,28.70367230680546,-5.724874025917188,-6.4961080718443265,1369.5557381727622,0.0013444045266362574,-1,RELIANCE,5m,2026-03-27 07:15:00
1355.9000244140625,1356.199951171875,1354.0,1354.5999755859375,180507,-0.0006639796488842054,-0.01189003467637384,0.001334290148927222,0.25,0.65,-1,1360.8579175078066,1374.2098423953657,25.909012723126352,-5.610279824021745,-6.31894242227981,1369.2822160964654,0.001334290148927222,-1,RELIANCE,5m,2026-03-27 07:20:00
1354.800048828125,1354.9000244140625,1352.199951171875,1353.0,215200,-0.0011811424883906296,-0.010169013216618339,0.001227551360351734,0.25,0.65,-1,1360.109544411825,1373.3780838700573,25.44632152588555,-5.584196609175024,-6.171993259658853,1368.9350284868774,0.001227551360351734,-1,RELIANCE,5m,2026-03-27 07:25:00
1352.9000244140625,1353.4000244140625,1351.199951171875,1351.5,181475,-0.0011086474501108556,-0.010976948408342513,0.0012334861182456312,0.25,0.65,-1,1359.289587801175,1372.5201197967217,28.643111274690213,-5.6197815934501705,-6.061550926417117,1368.629725675149,0.0012334861182456312,-1,RELIANCE,5m,2026-03-27 07:30:00
1351.699951171875,1351.699951171875,1350.5,1350.9000244140625,169163,-0.0004439331009526981,-0.009821904225227107,0.0012080970491673518,0.25,0.65,-1,1358.4905817643073,1371.6722729189703,30.810750176508236,-5.631479772105649,-5.975536695554824,1368.338344828843,0.0012080970491673518,-1,RELIANCE,5m,2026-03-27 07:35:00
1351.0,1352.0,1350.0999755859375,1351.5999755859375,186575,0.0005181369155564663,-0.010831417274360433,0.0011372025504795085,0.25,0.7,-1,1357.8343335568436,1370.8851240039494,31.55056825228965,-5.520632043414253,-5.884555765126711,1368.0315494458248,0.0011372025504795085,-1,RELIANCE,5m,2026-03-27 07:40:00
1351.5,1357.0999755859375,1351.5,1355.800048828125,234364,0.003107482478583723,-0.006521508508963936,0.0013853649753208636,0.3,0.65,-1,1357.6405921541084,1370.293552428427,47.64150400184257,-5.03582376892723,-5.714809365886815,1367.7400103267494,0.0013853649753208636,0,RELIANCE,5m,2026-03-27 07:45:00
1355.5999755859375,1355.9000244140625,1352.9000244140625,1355.300048828125,214919,-0.00036878594334921466,-0.007251613461641271,0.0013757417048257492,0.3,0.65,-1,1357.4176832659195,1369.7055718950817,44.76202101934524,-4.638485961064589,-5.49954468492237,1367.4817489354514,0.0013757417048257492,0,RELIANCE,5m,2026-03-27 07:50:00
1355.199951171875,1357.800048828125,1353.5,1353.5,217355,-0.0013281552152835108,-0.0076979472140762395,0.001388219626866401,0.3,0.65,-1,1357.0445705739273,1369.070059271745,44.76202101934524,-4.417914810583397,-5.283218710054575,1367.2353420079867,0.001388219626866401,0,RELIANCE,5m,2026-03-27 07:55:00
1353.699951171875,1354.199951171875,1352.199951171875,1353.0,149339,-0.0003694126339121029,-0.0051470588235293935,0.0012523597980579474,0.3,0.65,0,1356.6593733764105,1368.4398608689316,39.5001220703125,-4.234642088006012,-5.073503385644862,1367.0476136204177,0.0012523597980579474,0,RELIANCE,5m,2026-03-27 08:00:00
1353.199951171875,1353.5999755859375,1351.0,1351.5,202387,-0.0011086474501108556,-0.0047864506627393055,0.0012364172936472988,0.3,0.65,0,1356.168004483419,1367.7755525995617,37.08923147458307,-4.162452438260061,-4.8912931961679025,1366.7815430214475,0.0012364172936472988,0,RELIANCE,5m,2026-03-27 08:05:00
1351.699951171875,1355.4000244140625,1351.5,1353.800048828125,163223,0.0017018489294302608,-0.003459662253864515,0.001304960008744254,0.35,0.6,0,1355.9424848972005,1367.2274936281328,45.74013860150425,-3.874978561847911,-4.688030269303905,1366.5953385064151,0.001304960008744254,0,RELIANCE,5m,2026-03-27 08:10:00
1353.9000244140625,1356.199951171875,1353.0,1354.0999755859375,390777,0.0002215443544060225,-0.0019900303250427465,0.001282232210895129,0.4,0.6,0,1355.7670078199374,1366.7126889990273,38.26535378636424,-3.581664660196793,-4.4667571474824825,1366.1984463210065,0.001282232210895129,0,RELIANCE,5m,2026-03-27 08:15:00
1354.0,1355.699951171875,1354.0,1354.4000244140625,125743,0.00022158543204686687,-0.0022835915918508753,0.001276482428915422,0.35,0.6,0,1355.6368189241398,1366.22983940746,41.71132768896345,-3.2871081109592524,-4.230827340177837,1366.0789583643398,0.001276482428915422,0,RELIANCE,5m,2026-03-27 08:20:00
1354.5,1355.199951171875,1351.199951171875,1352.5999755859375,253890,-0.0013290377995258673,-0.0022866236612739677,0.0012766343260082222,0.35,0.6,0,1355.347595749073,1365.695334943871,42.16214789545571,-3.162463904985998,-4.017154653139469,1365.8101746972516,0.0012766343260082222,0,RELIANCE,5m,2026-03-27 08:25:00
1352.300048828125,1354.0,1351.699951171875,1353.0999755859375,262401,0.0003696584422776539,-0.003020907554850294,0.0012499239544226598,0.3,0.55,0,1355.1335366859173,1365.2013992827758,45.856375947557254,-2.9888826734686518,-3.811500257205306,1365.542362261962,0.0012499239544226598,0,RELIANCE,5m,2026-03-27 08:30:00
1353.199951171875,1354.300048828125,1351.5999755859375,1353.0999755859375,279043,0.0,-0.0028740047266488933,0.0012503778183564054,0.35,0.6,0,1354.939864200205,1364.7268336476056,50.302954079707625,-2.8188246411007185,-3.612965133984389,1365.2709653228644,0.0012503778183564054,0,RELIANCE,5m,2026-03-27 08:35:00
1353.199951171875,1354.300048828125,1351.5999755859375,1354.0999755859375,229278,0.0007390436908158993,-0.0011801841436628324,0.001249751466154137,0.35,0.55,0,1354.85987480837,1364.3100941157754,58.12486171827913,-2.5736928534493018,-3.4051106778773716,1365.0624291536117,0.001249751466154137,0,RELIANCE,5m,2026-03-27 08:40:00
1354.0999755859375,1354.5,1352.4000244140625,1353.0,312109,-0.0008123296697214455,-0.004195150788780744,0.0011385217064698008,0.35,0.55,0,1354.6827438742396,1363.866561013196,56.36351530306505,-2.440055541165293,-3.2120996505349564,1364.7892187068114,0.0011385217064698008,0,RELIANCE,5m,2026-03-27 08:45:00
1352.800048828125,1353.5,1350.5,1351.300048828125,363521,-0.001256431021341431,-0.00456718318370164,0.0011531109983934664,0.35,0.55,0,1354.3605824412764,1363.3737566137813,49.14307238370268,-2.443155682959741,-3.0583108570199133,1364.446193309014,0.0011531109983934664,0,RELIANCE,5m,2026-03-27 08:50:00
1351.0999755859375,1352.800048828125,1350.0999755859375,1350.4000244140625,471684,-0.0006660433519876108,-0.003762431269596078,0.0011209144151494205,0.35,0.55,0,1353.9833864386846,1362.8649828020277,30.98592760064301,-2.489539158331354,-2.9445565172822015,1364.0051169753567,0.0011209144151494205,0,RELIANCE,5m,2026-03-27 08:55:00
1350.300048828125,1350.699951171875,1346.9000244140625,1347.9000244140625,542351,-0.0018513032840655752,-0.004946073595621381,0.0011774726448556415,0.35,0.55,0,1353.4040186268157,1362.2781216887743,27.16052173519904,-2.6969388708491806,-2.8950329879955974,1363.437489022432,0.0011774726448556415,0,RELIANCE,5m,2026-03-27 09:00:00
1347.9000244140625,1348.5999755859375,1345.0,1345.800048828125,315243,-0.0015579609376817904,-0.005321471671748013,0.001196070746191728,0.35,0.55,0,1352.6798310269403,1361.6319227530626,26.666814630681827,-2.9962165969609487,-2.915269709788668,1363.0838892648628,0.001196070746191728,0,RELIANCE,5m,2026-03-27 09:05:00
1346.0,1349.4000244140625,1345.300048828125,1348.5999755859375,385520,0.0020804923883384063,-0.002145782030382959,0.0012869589421274394,0.4,0.5,0,1352.2912733658923,1361.1208660014106,38.29776181911448,-2.973192548739007,-2.926854277578736,1362.7032944850287,0.0012869589421274394,0,RELIANCE,5m,2026-03-27 09:10:00
1348.5999755859375,1349.9000244140625,1348.199951171875,1348.5,310567,-7.413286945523456e-05,-0.0017766114225243879,0.0012845116848437057,0.45,0.45,0,1351.9301997119976,1360.6259300797867,41.379261961554654,-2.9292464887682854,-2.927332719816646,1362.4317663059044,0.0012845116848437057,0,RELIANCE,5m,2026-03-27 09:15:00
1348.4000244140625,1351.699951171875,1348.0,1350.4000244140625,343049,0.0014089910374952552,-0.0008878005279296941,0.0013215531591089424,0.45,0.45,0,1351.784468731242,1360.2249141713269,39.99985638683642,-2.7098651895068997,-2.8838392137546967,1362.1687158820976,0.0013215531591089424,0,RELIANCE,5m,2026-03-27 09:20:00
1350.4000244140625,1351.300048828125,1348.5999755859375,1349.5999755859375,364537,-0.0005924532091682311,-0.004572999718908788,0.0010971529082903092,0.4,0.45,0,1351.5764217650226,1359.8082499130762,37.14285714285714,-2.5709251585458333,-2.8212564027129243,1361.896741865333,0.0010971529082903092,0,RELIANCE,5m,2026-03-27 09:25:00
1349.4000244140625,1351.4000244140625,1348.5,1350.699951171875,1047856,0.0008150382378748766,-0.0033941544237584553,0.0011208677682108172,0.45,0.5,0,1351.4929483751991,1359.4510617271467,39.890469805820715,-2.3450233763385313,-2.7260097974380457,1361.1996138399031,0.0011208677682108172,0,RELIANCE,5m,2026-03-27 09:30:00
1350.800048828125,1350.9000244140625,1348.0,1348.800048828125,950507,-0.0014066057691803913,-0.003472442683321031,0.001125265011574095,0.4,0.55,0,1351.2364817516682,1359.033374946793,39.67398876143594,-2.2928700487391325,-2.6393818476982633,1360.5858621129,0.001125265011574095,0,RELIANCE,5m,2026-03-27 09:35:00
1348.9000244140625,1349.300048828125,1346.800048828125,1346.800048828125,1004631,-0.0014827994718250581,-0.004582373371674109,0.0011624052979388089,0.4,0.55,0,1350.8139643303782,1358.5536366676297,34.17086351897632,-2.3854237658763395,-2.5885902313338787,1359.9198054704063,0.0011624052979388089,0,RELIANCE,5m,2026-03-27 09:40:00
