open,high,low,close,volume,returns,price_change_pct,rolling_volatility,higher_high_ratio,lower_low_ratio,market_type,ema_20,ema_50,rsi,macd,macd_signal,vwap,volatility,target_market_type,symbol,timeframe,timestamp
1067.25,1067.5999755859375,1066.0999755859375,1066.5,79044,-0.0006091218658964559,0.002726611959975811,0.00116093596623409,0.55,0.35,0,1066.1915661985163,1065.0565413500453,54.54564670570082,0.8563678408172564,0.8850413816519214,1065.6105468968042,0.00116093596623409,0,SBIN,5m,2026-01-30 05:25:00
1066.800048828125,1066.949951171875,1065.0,1066.3499755859375,57889,-0.00014066986785044033,0.0015497553204979475,0.001142718523559687,0.55,0.35,0,1066.2066528068422,1065.107264261257,43.74960263469094,0.763707292600202,0.8607745638415776,1065.6325621214476,0.001142718523559687,0,SBIN,5m,2026-01-30 05:30:00
1066.050048828125,1066.050048828125,1065.0999755859375,1065.199951171875,41996,-0.0010784680830799864,0.002069568364887031,0.001108099384780451,0.5,0.35,0,1066.1107764606547,1065.1108990420655,47.72711509384233,0.5906669406804212,0.8067530392093463,1065.626792730458,0.001108099384780451,0,SBIN,5m,2026-01-30 05:35:00
1065.300048828125,1065.4000244140625,1064.5,1064.5,39255,-0.0006571077769060851,0.002873473991644726,0.00106218858622819,0.5,0.35,0,1065.9573691786875,1065.0869422168864,41.436009496061295,0.3925262074806142,0.7239076728635999,1065.6030715215613,0.00106218858622819,0,SBIN,5m,2026-01-30 05:40:00
1064.6500244140625,1065.0,1064.199951171875,1064.8499755859375,38720,0.0003287699257279453,0.0019287981404148002,0.0010299231575184328,0.45,0.4,0,1065.8519031222352,1065.0776494078295,41.11112618172447,0.2607327885243649,0.631272695995753,1065.5777586878378,0.0010299231575184328,0,SBIN,5m,2026-01-30 05:45:00
1064.800048828125,1068.75,1064.800048828125,1068.699951171875,128220,0.003615509859798749,0.005173062690548402,0.0012963981556843368,0.45,0.4,0,1066.1231457936294,1065.2197004574,55.08462302408342,0.46162508208340114,0.5973431732132827,1065.7313500998728,0.0012963981556843368,0,SBIN,5m,2026-01-30 05:50:00
1068.699951171875,1073.8499755859375,1068.449951171875,1071.0,230334,0.00215219325649163,0.0052091126589479675,0.0012991304022677759,0.45,0.4,0,1066.587608098998,1065.4463788708354,61.732976079254,0.7972383230744526,0.6373222031855167,1066.4317709961558,0.0012991304022677759,0,SBIN,5m,2026-01-30 05:55:00
1071.0,1073.699951171875,1070.75,1072.9000244140625,168682,0.00177406574609007,0.005011451773910158,0.001286159598026602,0.4,0.4,0,1067.1887906051948,1065.73867869606,68.07850746743435,1.2026667321172226,0.750391108971858,1066.9566324641576,0.001286159598026602,0,SBIN,5m,2026-01-30 06:00:00
1073.0,1073.25,1070.5,1072.6500244140625,67114,-0.00023301332306013833,0.006616036964760985,0.0011969523017098162,0.4,0.45,0,1067.7089081108013,1066.009711861472,70.60812761359605,1.4866614488073537,0.8976451769389572,1067.1302367891592,0.0011969523017098162,0,SBIN,5m,2026-01-30 06:05:00
1072.6500244140625,1073.449951171875,1072.050048828125,1073.449951171875,103394,0.0007457481374220087,0.006941421138608295,0.0012004384937065722,0.45,0.45,0,1068.255674116618,1066.301485952076,68.24824022097478,1.7560342422925714,1.0693229900096801,1067.417775569044,0.0012004384937065722,0,SBIN,5m,2026-01-30 06:10:00
1073.3499755859375,1073.5,1070.300048828125,1071.300048828125,37447,-0.0020027970017633123,0.004547890551188427,0.0013102068832236036,0.5,0.45,0,1068.545614565333,1066.4975080256468,63.39018960366131,1.7755673352107806,1.2105718590499002,1067.4926351130473,0.0013102068832236036,0,SBIN,5m,2026-01-30 06:15:00
1071.300048828125,1074.300048828125,1071.300048828125,1073.1500244140625,51911,0.0017268510236334578,0.005292762917154636,0.001342878880860686,0.5,0.45,0,1068.9841297890214,1066.758391021271,68.92329419541913,1.918213054919761,1.3521000982238724,1067.6209695733403,0.001342878880860686,0,SBIN,5m,2026-01-30 06:20:00
1073.4000244140625,1074.0,1072.6500244140625,1073.550048828125,37646,0.0003727572147063096,0.00543202887204397,0.0013430699206739465,0.45,0.45,0,1069.418979221317,1067.0247305431085,69.66993166955042,2.0400233235639007,1.4896847432918783,1067.7184562989974,0.0013430699206739465,0,SBIN,5m,2026-01-30 06:25:00
1073.75,1076.0,1073.75,1075.9000244140625,128635,0.002188976274094312,0.008010539208033629,0.001399288898398454,0.5,0.4,0,1070.036221620626,1067.372781283146,73.20972943568755,2.2996730300856143,1.6516824006506257,1068.127103880065,0.001399288898398454,0,SBIN,5m,2026-01-30 06:30:00
1076.0,1076.75,1075.25,1076.0,74327,9.292274715955173e-05,0.008860297913124704,0.0013753441400575646,0.5,0.35,0,1070.6042005138997,1067.711103585768,75.95656118256043,2.4848704476905823,1.8183200100586172,1068.367455813973,0.0013753441400575646,0,SBIN,5m,2026-01-30 06:35:00
1076.25,1076.9000244140625,1075.6500244140625,1076.800048828125,59913,0.0007435398030901652,0.007815150954980643,0.0013413109646822588,0.5,0.35,0,1071.1942813057308,1068.0675328109583,77.57300128191089,2.6654720865456056,1.987750425356015,1068.5615798830863,0.0013413109646822588,0,SBIN,5m,2026-01-30 06:40:00
1076.8499755859375,1078.0,1076.4000244140625,1077.199951171875,78312,0.00037138031725136855,0.009228440353437284,0.001299188844507828,0.5,0.35,0,1071.7662498644113,1068.4256668643275,82.96756365197328,2.808494388437339,2.15189921797228,1068.8245136784576,0.001299188844507828,1,SBIN,5m,2026-01-30 06:45:00
1077.199951171875,1079.800048828125,1077.050048828125,1079.199951171875,82652,0.001856665513050082,0.011433881135777924,0.001321090048763888,0.55,0.3,0,1072.474221417503,1068.8481878175646,87.69265440522844,3.0480874239544846,2.331136859168721,1069.1313671670011,0.001321090048763888,0,SBIN,5m,2026-01-30 06:50:00
1079.5,1079.800048828125,1078.050048828125,1079.449951171875,76314,0.0002316530868340383,0.011668182916471315,0.0013168433990315693,0.55,0.3,0,1073.138576632205,1069.2639432432238,87.62922924938492,3.2210097460949783,2.5091114365539724,1069.40984319185,0.0013168433990315693,0,SBIN,5m,2026-01-30 06:55:00
1079.449951171875,1080.8499755859375,1079.3499755859375,1080.0,175821,0.0005095639937060525,0.012041395578838987,0.0013129273264634626,0.6,0.25,1,1073.792045524376,1069.684965076823,85.09363863825915,3.363662073136993,2.6800215638705764,1070.0542445883398,0.0013129273264634626,0,SBIN,5m,2026-01-30 07:00:00
1080.050048828125,1080.050048828125,1078.300048828125,1079.9000244140625,103685,-9.256998697915186e-05,0.012564486089134963,0.0012928277432284166,0.55,0.3,0,1074.3737577995842,1070.0855556390677,82.01498239173773,3.4291191250965767,2.829841076115777,1070.3766094411271,0.0012928277432284166,0,SBIN,5m,2026-01-30 07:05:00
1079.949951171875,1082.5,1079.1500244140625,1080.050048828125,103683,0.00013892435472806497,0.012847633099686284,0.0012856006480222288,0.6,0.25,0,1074.9143569451594,1070.4763200778543,79.42450090926445,3.4532926190629496,2.954531384705212,1070.71578562904,0.0012856006480222288,0,SBIN,5m,2026-01-30 07:10:00
1080.0,1080.9000244140625,1079.6500244140625,1080.1500244140625,57693,9.25656973451705e-05,0.014034992421601444,0.0012286553975529122,0.6,0.25,0,1075.4129919421978,1070.8556810322154,81.2506357958129,3.4408534645638156,3.0517958006769326,1070.8888547026397,0.0012286553975529122,0,SBIN,5m,2026-01-30 07:15:00
1080.1500244140625,1081.0,1079.550048828125,1080.0,50014,-0.00013889220077911713,0.014560826679192118,0.0012037902419257127,0.65,0.25,0,1075.8498498524646,1071.21428177605,78.85521306115425,3.379927923426294,3.117422225226805,1071.0330977235244,0.0012037902419257127,0,SBIN,5m,2026-01-30 07:20:00
1080.25,1080.5,1078.5,1078.949951171875,47336,-0.0009722674334490256,0.013241278968127768,0.0012600942906931057,0.65,0.25,0,1076.1450975971704,1071.5176413602,87.3165967987805,3.2099119613351377,3.135920172448472,1071.153007061178,0.0012600942906931057,0,SBIN,5m,2026-01-30 07:25:00
1078.949951171875,1079.0,1076.800048828125,1076.949951171875,84564,-0.0018536540993655537,0.007719659751975749,0.0011752357824204604,0.6,0.3,0,1076.221750318571,1071.7306731175206,68.2688357571276,2.8805842193964963,3.0848529818380768,1071.3151041424803,0.0011752357824204604,0,SBIN,5m,2026-01-30 07:30:00
1076.800048828125,1077.0999755859375,1075.5,1076.0999755859375,90399,-0.0007892433487857176,0.0047618819663282075,0.0011254714481787474,0.55,0.35,0,1076.2101527249868,1071.9020183123607,61.7508409932158,2.5219324179236082,2.9722688690551835,1071.444160478392,0.0011254714481787474,0,SBIN,5m,2026-01-30 07:35:00
1076.0999755859375,1076.6500244140625,1075.050048828125,1075.6500244140625,63355,-0.0004181313837777756,0.0025631465536612996,0.0010735689125772475,0.55,0.4,0,1076.1568071715653,1072.0489989438001,48.603344335633814,2.1763039054189903,2.813075876327945,1071.5225188172012,0.0010735689125772475,0,SBIN,5m,2026-01-30 07:40:00
1075.5,1075.75,1074.0,1075.4000244140625,111601,-0.00023241760268277734,0.002563743940156238,0.0010735583613209851,0.55,0.4,0,1076.0847326232317,1072.18041170734,46.70342200222678,1.8607681317423612,2.6226143274108282,1071.6312685559958,0.0010735583613209851,0,SBIN,5m,2026-01-30 07:45:00
1075.4000244140625,1075.449951171875,1074.0,1074.75,87489,-0.000604448948582359,0.0012110940307050733,0.0010751573570971723,0.5,0.4,0,1075.957615230543,1072.2811798756798,38.547150767887835,1.5404943599992293,2.4061903339285085,1071.704470917861,0.0010751573570971723,0,SBIN,5m,2026-01-30 07:50:00
1074.699951171875,1075.4000244140625,1074.050048828125,1074.300048828125,69560,-0.00041865659164919133,0.002800335912690022,0.0009681350098795136,0.45,0.35,0,1075.799751763646,1072.3603512071481,33.889431423611114,1.2361185836975892,2.1721759838823247,1071.7574905703768,0.0009681350098795136,0,SBIN,5m,2026-01-30 07:55:00
1074.25,1074.550048828125,1073.4000244140625,1073.8499755859375,44876,-0.0004189455661650632,0.0006522398135873075,0.0008995235147142504,0.4,0.4,0,1075.6140587943405,1072.4187678494536,14.09447657747701,0.9476574338430055,1.927272273874461,1071.7830390803415,0.0008995235147142504,0,SBIN,5m,2026-01-30 08:00:00
1074.199951171875,1076.0,1074.1500244140625,1075.4000244140625,50097,0.00144345007530422,0.001723231802706282,0.0009511863392977672,0.45,0.4,0,1075.5936745676474,1072.5356798715952,26.857884237106063,0.8345062123107709,1.7087190615617232,1071.8270332664354,0.0009511863392977672,0,SBIN,5m,2026-01-30 08:05:00
1075.5999755859375,1077.9000244140625,1075.5,1076.949951171875,62044,0.001441256018807513,0.0009758590333561745,0.0008759171946446639,0.45,0.4,0,1075.72284376805,1072.7087885500375,34.35872395833334,0.8599858090287853,1.5389724110551355,1071.9051992480395,0.0008759171946446639,0,SBIN,5m,2026-01-30 08:10:00
1076.9000244140625,1077.949951171875,1075.75,1077.949951171875,47856,0.0009285482569656445,0.0018122222786942643,0.0008977728284889511,0.45,0.4,0,1075.9349492350811,1072.9143243391293,40.844747550002865,0.94992012772218,1.4211619543885445,1071.9690341556156,0.0008977728284889511,0,SBIN,5m,2026-01-30 08:15:00
1077.949951171875,1078.5,1076.9000244140625,1077.9000244140625,86130,-4.63163969330882e-05,0.0010215226003513767,0.0008848326109287106,0.45,0.4,0,1076.122099252127,1073.1098419891266,39.81024009256581,1.0055734266140917,1.338044248833654,1072.0917844446458,0.0008848326109287106,0,SBIN,5m,2026-01-30 08:20:00
1078.199951171875,1078.4000244140625,1076.5,1076.949951171875,89355,-0.0008814112818152919,-0.00023208318913126025,0.0009051018983410722,0.4,0.45,0,1076.200942292103,1073.260434506097,35.96462110098621,0.9619275938719056,1.2628209178413043,1072.2033667153573,0.0009051018983410722,0,SBIN,5m,2026-01-30 08:25:00
1076.949951171875,1078.6500244140625,1066.199951171875,1078.5,90742,0.0014392951375672425,-0.0006485833983914668,0.0008636297472306792,0.4,0.5,0,1076.4199001690456,1073.4659076627206,44.140647351656526,1.0404206218147465,1.218340858635993,1072.2513557239304,0.0008636297472306792,0,SBIN,5m,2026-01-30 08:30:00
1078.449951171875,1079.0999755859375,1078.0,1078.5999755859375,57451,9.269873522255168e-05,-0.0007874154656404286,0.0008619536645565973,0.45,0.5,0,1076.6275263992259,1073.6672436597096,48.52330672160701,1.0980366235337442,1.1942800116155432,1072.3356232129177,0.0008619536645565973,0,SBIN,5m,2026-01-30 08:35:00
1078.5999755859375,1078.5999755859375,1077.4000244140625,1077.949951171875,44111,-0.0006026556914293657,-0.0018981933593750222,0.0008605744516136237,0.4,0.55,0,1076.7534716156688,1073.8351929739122,54.76190476190476,1.0788103283337023,1.1711860749591751,1072.3928975594265,0.0008605744516136237,0,SBIN,5m,2026-01-30 08:40:00
1078.300048828125,1078.449951171875,1076.550048828125,1076.949951171875,53066,-0.000927686854953591,-0.002731802181214049,0.000880498216705472,0.4,0.55,0,1076.7721839543551,1073.9573403542245,53.99048656083443,0.97168077707056,1.1312850153814522,1072.4522431386779,0.000880498216705472,0,SBIN,5m,2026-01-30 08:45:00
1076.8499755859375,1077.449951171875,1076.699951171875,1077.0999755859375,102760,0.00013930490818014896,-0.002731422720075205,0.000880504483722171,0.35,0.55,0,1076.8034022049821,1074.0805809515466,57.00452894277492,0.8886418422787301,1.082756380760908,1072.5578663502215,0.000880504483722171,0,SBIN,5m,2026-01-30 08:50:00
1077.050048828125,1079.0,1076.949951171875,1079.0,145639,0.001764018621418062,-0.0010646895228154651,0.000977372612453933,0.4,0.55,0,1077.012601994984,1074.2734993456036,64.99974568943594,0.9650247743497857,1.0592100594786835,1072.7381880703422,0.000977372612453933,0,SBIN,5m,2026-01-30 08:55:00
1079.0,1080.199951171875,1077.800048828125,1079.8499755859375,152198,0.0007877438238530488,-0.0001389114945022918,0.000994883516255028,0.4,0.5,0,1077.2828280512651,1074.4921846883617,70.90141380586934,1.0816758388180006,1.0637032153465469,1072.9455760365602,0.000994883516255028,0,SBIN,5m,2026-01-30 09:00:00
1079.8499755859375,1080.8499755859375,1079.800048828125,1080.550048828125,91513,0.0006483060221469383,0.001483013789946419,0.0009779340316128243,0.45,0.45,0,1077.5939919347757,1074.7297479879603,75.10000784375245,1.2165886312816383,1.0942802985335653,1073.0849423627958,0.0009779340316128243,0,SBIN,5m,2026-01-30 09:05:00
1080.5,1081.449951171875,1077.5999755859375,1077.699951171875,142979,-0.002637635951560968,0.0006964111927243444,0.0010706121923997438,0.5,0.45,0,1077.60408329069,1074.8462265441924,62.96268895958176,1.0810670615592244,1.0916376511386972,1073.250451415466,0.0010706121923997438,0,SBIN,5m,2026-01-30 09:10:00
1077.6500244140625,1079.800048828125,1076.699951171875,1079.6500244140625,99501,0.001809476969973911,0.0032989953616455736,0.001121744062841258,0.5,0.45,0,1077.7989348262493,1075.0346107743835,63.934203153766106,1.118130739226899,1.0969362687563375,1073.3563222516789,0.001121744062841258,0,SBIN,5m,2026-01-30 09:15:00
1079.6500244140625,1079.6500244140625,1078.0999755859375,1078.5999755859375,53878,-0.0009725826002688898,0.002742482317593886,0.001143560630955585,0.5,0.4,0,1077.8752244224102,1075.1744290022875,55.59316423221748,1.0506624235977142,1.087681499724613,1073.412647366892,0.001143560630955585,0,SBIN,5m,2026-01-30 09:20:00
1078.6500244140625,1080.1500244140625,1078.6500244140625,1079.75,64944,0.0010662195810247077,0.004044983715066897,0.001158221671341597,0.55,0.35,0,1078.0537744774188,1075.3538631590604,56.04027395464674,1.0775691104961425,1.0856590218789188,1073.4880674805786,0.001158221671341597,0,SBIN,5m,2026-01-30 09:25:00
1079.5,1079.5,1076.0,1077.3499755859375,685103,-0.002222759355464232,0.0024191445321586347,0.0012688129087184688,0.55,0.4,0,1077.9867460115634,1075.4321420777617,48.40570069914234,0.8949149192180812,1.0475102013467514,1073.964146086843,0.0012688129087184688,0,SBIN,5m,2026-01-30 09:30:00
1077.300048828125,1078.050048828125,1076.5,1077.0999755859375,633038,-0.0002320508708082425,0.002606280024716412,0.001265312414428912,0.55,0.4,0,1077.9022916853132,1075.4975473133766,50.453234597768116,0.7216683030403601,0.9823418216854732,1074.2773311724886,0.001265312414428912,0,SBIN,5m,2026-01-30 09:35:00
1077.0,1077.5,1077.0,1077.1500244140625,720759,4.6466279137957756e-05,0.003073100435956544,0.0012589312589520129,0.55,0.35,0,1077.8306471832893,1075.562350336933,45.51515495608023,0.581702133599947,0.9022138840683681,1074.5677410135813,0.0012589312589520129,0,SBIN,5m,2026-01-30 09:40:00
1077.0999755859375,1078.0,1076.550048828125,1077.25,726752,9.281491312407297e-05,0.0017202673832423798,0.00122181055251053,0.55,0.4,0,1077.7753474515475,1075.628532676661,45.51515495608023,0.4733882056107177,0.8164487483768381,1074.8122568993704,0.00122181055251053,0,SBIN,5m,2026-01-30 09:45:00
1077.199951171875,1077.25,1076.300048828125,1077.050048828125,765586,-0.00018561259863081325,9.29455042373295e-05,0.001180330953970606,0.5,0.45,0,1077.706271392174,1075.684278408091,46.91821480527733,0.3671816077985568,0.7265953202611819,1074.9912463523992,0.001180330953970606,0,SBIN,5m,2026-01-30 09:50:00
1077.0999755859375,1078.0999755859375,1076.199951171875,1078.0,486416,0.0008819935275139468,4.6429639957379365e-05,0.0011784588225579027,0.5,0.5,0,1077.7342455453002,1075.7750910195384,53.60834256183094,0.3555664852431164,0.6523895532575688,1075.119333652099,0.0011784588225579027,0,SBIN,5m,2026-01-30 09:55:00
1082.4000244140625,1082.4000244140625,1053.199951171875,1057.699951171875,2394848,-0.01883121412627553,-0.018740210394900148,0.004373769952876882,0.5,0.55,0,1075.826217509736,1075.0662620059045,22.046330008970514,-1.2769628362134426,0.2665190753633665,1064.4333089192708,0.004373769952876882,0,SBIN,5m,2026-02-03 03:45:00
1057.9000244140625,1058.9000244140625,1050.0,1051.0,445520,-0.006334453513448524,-0.024095781928990978,0.004537087351958475,0.5,0.55,0,1073.461815842142,1074.1224870252809,14.55718108941673,-3.0759267817070395,-0.4019700960507147,1062.6870182400128,0.004537087351958475,0,SBIN,5m,2026-02-03 03:50:00
1051.0999755859375,1053.300048828125,1050.5999755859375,1052.0,297143,0.0009514747859182826,-0.024571163653222095,0.004523392061914579,0.45,0.5,0,1071.4178333809857,1073.2549385144855,14.880470421624622,-4.370546091917504,-1.1956852952240726,1061.6717309599353,0.004523392061914579,0,SBIN,5m,2026-02-03 03:55:00
1051.699951171875,1053.699951171875,1047.9000244140625,1048.0999755859375,229349,-0.003707247541884451,-0.02827739726531253,0.004544519850089408,0.45,0.55,0,1069.1970850195526,1072.2684693800327,12.135464591244599,-5.646155235888955,-2.0857792833570494,1060.8698447939457,0.004544519850089408,-1,SBIN,5m,2026-02-03 04:00:00
1048.199951171875,1048.800048828125,1045.5,1048.5,261304,0.00038166627552760346,-0.027320332581173168,0.004559181379771685,0.45,0.55,0,1067.2259340653095,1071.3363725416,13.861577601991797,-6.549309680489614,-2.9784853627835624,1059.9141384722243,0.004559181379771685,-1,SBIN,5m,2026-02-03 04:05:00
1048.0,1049.5,1043.0,1043.800048828125,217918,-0.004482547612660981,-0.030781284039874124,0.004609874746934492,0.5,0.55,0,1064.9948973760538,1070.2565167096989,8.458916219924461,-7.557198188625534,-3.894227927951957,1059.0936607633728,0.004609874746934492,-1,SBIN,5m,2026-02-03 04:10:00
1043.800048828125,1046.5,1040.800048828125,1046.5,250716,0.0025866555332185737,-0.02840959639729934,0.004688932164158663,0.5,0.6,-1,1063.2334785783344,1069.3248886034362,14.174075819956897,-8.045351790250606,-4.724452700411687,1058.206678156155,0.004688932164158663,-1,SBIN,5m,2026-02-03 04:15:00
1046.4000244140625,1048.5,1046.0999755859375,1047.800048828125,142995,0.0012422826833493605,-0.028915617397474502,0.0046716496650333296,0.5,0.6,-1,1061.7636281259336,1068.4807772396985,14.46052738777395,-8.232415796228906,-5.426045319575131,1057.8444513259199,0.0046716496650333296,-1,SBIN,5m,2026-02-03 04:20:00
1047.800048828125,1050.0,1047.5,1049.4000244140625,150040,0.001526985599711539,-0.0281983163034778,0.004693207460315828,0.5,0.6,-1,1060.5861420581364,1067.732512423007,18.346531149426568,-8.157525830567465,-5.972341421773598,1057.5410180086967,0.004693207460315828,-1,SBIN,5m,2026-02-03 04:25:00
1049.5999755859375,1051.199951171875,1049.4000244140625,1050.0,179533,0.000571732010652859,-0.028272682844498576,0.00469146346091807,0.5,0.6,-1,1059.5779380525996,1067.0371197789675,19.550505701659333,-7.958026798415403,-6.36947849710196,1057.2525848984578,0.00469146346091807,-1,SBIN,5m,2026-02-03 04:30:00
1049.800048828125,1050.699951171875,1048.5,1049.0,170225,-0.0009523809523809268,-0.026630743687672154,0.004683616071452349,0.45,0.6,-1,1058.5705153809233,1066.32978174842,19.031759887195335,-7.790806453584992,-6.653744088398566,1056.9705544374058,0.004683616071452349,-1,SBIN,5m,2026-02-03 04:35:00
1048.800048828125,1049.699951171875,1046.800048828125,1048.4000244140625,206723,-0.0005719500342588058,-0.028944564713884624,0.004629339264065561,0.45,0.6,-1,1057.6018971936032,1065.6266540098177,18.607091527837184,-7.6188705440793,-6.846769379534713,1056.6081833176895,0.004629339264065561,0,SBIN,5m,2026-02-03 04:40:00
1048.5,1050.9000244140625,1048.4000244140625,1050.0,103103,0.0015261117404414826,-0.026515831849894922,0.004676582797629377,0.5,0.6,-1,1056.8779069846887,1065.0138440486485,21.435974116373202,-7.269704807051994,-6.93135646503817,1056.468488138392,0.004676582797629377,0,SBIN,5m,2026-02-03 04:45:00
1050.0,1052.0,1049.5,1051.5,126381,0.0014285714285713347,-0.02616346376476031,0.004687054117845132,0.5,0.6,-1,1056.3657253670992,1064.483889380074,22.33814819722933,-6.793638149186563,-6.903812801867849,1056.3349603230836,0.004687054117845132,0,SBIN,5m,2026-02-03 04:50:00
1051.4000244140625,1054.0,1051.4000244140625,1053.699951171875,90933,0.002092202731217352,-0.02195203503968146,0.004742018069867459,0.55,0.55,0,1056.111842110411,1064.0609898424977,43.28854661641816,-6.1677363932826665,-6.756597520150812,1056.277955781353,0.004742018069867459,0,SBIN,5m,2026-02-03 04:55:00
1053.199951171875,1055.800048828125,1053.199951171875,1055.800048828125,137505,0.00199306989994108,-0.019775255074372722,0.004789281621380855,0.6,0.55,0,1056.0821475120981,1063.737031371346,59.523924858795375,-5.439540772708369,-6.493186170662325,1056.2437437166545,0.004789281621380855,0,SBIN,5m,2026-02-03 05:00:00
1055.699951171875,1058.800048828125,1055.5,1058.5,155018,0.0025572561536360006,-0.017314231064709418,0.004850320091230446,0.65,0.55,0,1056.3124191776126,1063.5316575920774,62.08182824780817,-4.591647349456707,-6.112878406421202,1056.2815629383724,0.004850320091230446,0,SBIN,5m,2026-02-03 05:05:00
1058.5999755859375,1060.9000244140625,1058.5999755859375,1059.699951171875,242147,0.0011336336059282193,-0.01629152826932001,0.00486665582906587,0.65,0.5,0,1056.6350412723043,1063.3813945952068,73.96706095992333,-3.7792943192444,-5.6461615889858425,1056.4256370860883,0.00486665582906587,0,SBIN,5m,2026-02-03 05:10:00
1059.199951171875,1059.699951171875,1057.0,1057.0,141274,-0.002547844952610623,-0.0186157076450999,0.004879363755991927,0.65,0.5,0,1056.6697992463705,1063.1311438267674,66.03788360373308,-3.3151472315723822,-5.179958717503151,1056.4606864278273,0.004879363755991927,1,SBIN,5m,2026-02-03 05:15:00
1057.0999755859375,1059.0,1056.800048828125,1057.5,113362,0.00047303689687794304,-0.019016697588126186,0.004872232458179082,0.6,0.5,0,1056.7488659848113,1062.91031465709,80.717648346836,-2.8738337328938997,-4.718733720581301,1056.485133170296,0.004872232458179082,0,SBIN,5m,2026-02-03 05:20:00
1057.0,1057.699951171875,1056.0,1056.800048828125,102996,-0.0006618923611111382,-0.0008508106129275772,0.002458133736211142,0.55,0.5,0,1056.7537405413175,1062.6706963892875,75.3698224852071,-2.5511616125077126,-4.285219298966583,1056.4909560363192,0.002458133736211142,0,SBIN,5m,2026-02-03 05:25:00
1057.199951171875,1058.0,1057.0,1057.5999755859375,125297,0.0007569329304057959,0.006279710357695034,0.0019641800888537558,0.6,0.45,1,1056.8343343550907,1062.4718445930778,74.74768648388708,-2.205470932236949,-3.869269625620656,1056.5117387973319,0.0019641800888537558,0,SBIN,5m,2026-02-03 05:30:00
1057.5,1057.800048828125,1055.5,1055.800048828125,51068,-0.0017018975031796169,0.0036122137149476874,0.002008039418854586,0.6,0.5,0,1056.7358309715703,1062.2102055434718,66.00035401038838,-2.0530809847023193,-3.506031897436989,1056.5105696709093,0.002008039418854586,0,SBIN,5m,2026-02-03 05:35:00
1055.800048828125,1056.800048828125,1055.5,1056.0,71631,0.0001893835599808824,0.0075374721859391425,0.0017877527771312826,0.55,0.45,0,1056.6657518314207,1061.966668071179,65.30642750373693,-1.8943396960316932,-3.18369345715593,1056.505979657312,0.0017877527771312826,0,SBIN,5m,2026-02-03 05:40:00
1056.0,1056.5,1055.5999755859375,1055.800048828125,92910,-0.00018934770063916417,0.006962373703504943,0.001792229168907611,0.55,0.4,0,1056.583303926345,1061.724839865569,68.08565900029869,-1.7643323445902297,-2.89982123464279,1056.4982708443745,0.001792229168907611,0,SBIN,5m,2026-02-03 05:45:00
1055.800048828125,1057.800048828125,1055.5999755859375,1057.5,154625,0.0016101071161740421,0.013125072361565682,0.0014034963061440758,0.55,0.35,0,1056.6706083143122,1061.5591598708409,72.86479324242256,-1.506759741065025,-2.621208935927237,1056.5091546471845,0.0014034963061440758,0,SBIN,5m,2026-02-03 05:50:00
1057.0999755859375,1057.5,1055.800048828125,1055.800048828125,96175,-0.0016075188386525108,0.008886812067009142,0.001412700163567928,0.55,0.3,0,1056.5876978870563,1061.3333123789696,64.50047608584194,-1.4233954330277356,-2.3816462353473367,1056.5071251433287,0.001412700163567928,0,SBIN,5m,2026-02-03 05:55:00
1055.9000244140625,1058.5999755859375,1055.800048828125,1058.5999755859375,115807,0.0026519479336264418,0.01030724017420237,0.0014878235446116766,0.55,0.3,0,1056.7793433821878,1061.2261227008114,66.667048743445,-1.1185045052181977,-2.129017889321509,1056.5266812673528,0.0014878235446116766,1,SBIN,5m,2026-02-03 06:00:00
1058.800048828125,1060.4000244140625,1058.5,1060.4000244140625,91146,0.0017004051290749889,0.010482180049635303,0.0014945287050706134,0.55,0.3,0,1057.124170147128,1061.1937266895663,66.02923911710249,-0.7232897178791973,-1.8478722550330469,1056.56912539864,0.0014945287050706134,1,SBIN,5m,2026-02-03 06:05:00
1060.0,1061.0,1059.5,1059.800048828125,80583,-0.0005658011808035157,0.009333379836309552,0.0015140770830418834,0.55,0.3,0,1057.3790157357944,1061.1390726557843,60.3095897306821,-0.4532671851627583,-1.5689512410589892,1056.609551466046,0.0015140770830418834,0,SBIN,5m,2026-02-03 06:10:00
1059.699951171875,1061.699951171875,1059.699951171875,1061.199951171875,110511,0.0013209117562298367,0.011630077380243131,0.0014871058718523736,0.6,0.25,1,1057.7429143487543,1061.141460048572,57.45869022728806,-0.12487251034031033,-1.2801354949152535,1056.675360214817,0.0014871058718523736,0,SBIN,5m,2026-02-03 06:15:00
1061.199951171875,1061.5,1059.4000244140625,1060.0,91148,-0.0011307493658946344,0.01106445566177916,0.0015148657510910513,0.6,0.25,1,1057.957874886968,1061.0966969094125,50.828893235313956,0.038117212750876206,-1.0164849533820275,1056.72099314585,0.0015148657510910513,0,SBIN,5m,2026-02-03 06:20:00
1060.0,1060.5,1059.0,1059.800048828125,78197,-0.00018863318101414173,0.009333379836309552,0.0015052924921091998,0.55,0.3,0,1058.1333200242211,1061.0458479650483,58.9748806635887,0.1494308087239915,-0.7833018009608237,1056.7535374942695,0.0015052924921091998,0,SBIN,5m,2026-02-03 06:25:00
1059.800048828125,1060.0,1056.699951171875,1057.300048828125,118062,-0.0023589355395523537,0.005515976060984418,0.0016122279903597405,0.5,0.35,0,1058.0539608626882,1060.8989538812475,49.43193641017104,0.03550920091129228,-0.6195396005864006,1056.7733271711043,0.0016122279903597405,0,SBIN,5m,2026-02-03 06:30:00
1057.300048828125,1061.4000244140625,1057.0,1060.9000244140625,214889,0.0034048760235352304,0.00683313426576504,0.0017135773192532564,0.5,0.35,0,1058.3250145342477,1060.8989958629265,60.00023819306739,0.23302725633629962,-0.4490262292018605,1056.857398839452,0.0017135773192532564,0,SBIN,5m,2026-02-03 06:35:00
1060.9000244140625,1060.9000244140625,1058.0,1058.199951171875,153922,-0.0025450779338785923,0.0022730651948859038,0.0017825110079457383,0.45,0.35,0,1058.3131037378312,1060.7931509730815,51.33925895246244,0.16973183022582816,-0.3252746173163228,1056.9003101482158,0.0017825110079457383,0,SBIN,5m,2026-02-03 06:40:00
1058.0,1058.300048828125,1057.199951171875,1058.199951171875,107922,0.0,-0.0002834660634152275,0.0016872805740946704,0.4,0.4,0,1058.3023273029783,1060.6914568632303,55.8251161467716,0.11820713079214329,-0.2365782676946296,1056.913944393202,0.0016872805740946704,0,SBIN,5m,2026-02-03 06:45:00
1058.300048828125,1058.5,1056.300048828125,1057.0,103883,-0.0011339550437005075,-0.002547844952610623,0.00168236792016158,0.4,0.45,0,1058.178296131266,1060.546693848986,52.314856677818966,-0.019230913880164735,-0.19310879693173663,1056.9185152316413,0.00168236792016158,0,SBIN,5m,2026-02-03 06:50:00
1057.300048828125,1059.300048828125,1057.0,1057.800048828125,129073,0.0007569052300142598,0.0007569052300142598,0.0015918597813861235,0.45,0.4,0,1058.142272578586,1060.4389822795404,54.504563950291434,-0.0628695789566791,-0.16706095333672513,1056.9361802455016,0.0015918597813861235,0,SBIN,5m,2026-02-03 06:55:00
1057.699951171875,1058.9000244140625,1057.199951171875,1058.0,67181,0.00018902548936017283,0.00047281323877057524,0.001589048706250016,0.45,0.35,0,1058.128722809197,1060.3433359156368,51.20774656193239,-0.08039243299572263,-0.14972724926852463,1056.9451546433447,0.001589048706250016,0,SBIN,5m,2026-02-03 07:00:00
1058.199951171875,1059.4000244140625,1057.0999755859375,1058.5,135033,0.0004725897920605515,0.0016085835478150123,0.0015834834842451846,0.5,0.35,0,1058.1640825416544,1060.2710482326706,56.92303839941906,-0.05331897182395551,-0.1304455937796108,1056.9676088572212,0.0015834834842451846,0,SBIN,5m,2026-02-03 07:05:00
1058.5,1060.199951171875,1057.5999755859375,1060.199951171875,73366,0.0016060001623761089,0.002458373341486686,0.0016136380124271768,0.5,0.35,0,1058.3579747921515,1060.2682601126394,54.3478116644884,0.10410869348083907,-0.08353473632752083,1056.9882181952014,0.0016136380124271768,0,SBIN,5m,2026-02-03 07:10:00
1060.199951171875,1060.5999755859375,1059.0,1059.4000244140625,107954,-0.0007545055599449402,0.00340971341110774,0.0015705462588140138,0.55,0.3,0,1058.4572176132858,1060.2342116538716,47.12638033366541,0.16245121190308964,-0.03433754668139874,1057.0221184324846,0.0015705462588140138,0,SBIN,5m,2026-02-03 07:15:00
1059.4000244140625,1059.800048828125,1059.0,1059.300048828125,56235,-9.43700053176455e-05,0.0031250462387546474,0.001571656340390265,0.55,0.3,0,1058.5374872527943,1060.197577817568,48.52068014041981,0.19833460595509678,0.01219688384590037,1057.0374751597167,0.001571656340390265,0,SBIN,5m,2026-02-03 07:20:00
1059.300048828125,1060.199951171875,1059.0999755859375,1060.199951171875,88197,0.0008495254434714994,0.004167363269810043,0.0015767594816128998,0.6,0.3,0,1058.6958171498495,1060.1976708902857,46.95115597040478,0.2959752343465425,0.0689525539460288,1057.0659034552773,0.0015767594816128998,0,SBIN,5m,2026-02-03 07:25:00
1060.199951171875,1060.699951171875,1058.5,1058.800048828125,119797,-0.0013204135146418494,0.0012293605939717178,0.0015758815565106777,0.6,0.35,0,1058.7057439763519,1060.1428621819657,46.38560418872809,0.25742824359235783,0.1066476918752946,1057.0967929552633,0.0015758815565106777,0,SBIN,5m,2026-02-03 07:30:00
1058.5999755859375,1060.0,1058.5,1059.5,78877,0.0006610796558328413,0.003504405191098181,0.0015303276821207984,0.6,0.35,0,1058.7813874071755,1060.11765190032,49.12264420331239,0.2801305153325302,0.14134425656674174,1057.116675869659,0.0015303276821207984,0,SBIN,5m,2026-02-03 07:35:00
1059.699951171875,1060.4000244140625,1058.5,1059.0999755859375,110731,-0.0003775596168593687,0.00047232194552360163,0.0014181830069083063,0.6,0.35,0,1058.8117291384863,1060.077743025246,55.99990234136576,0.26281404545625264,0.16563821434464393,1057.1439992343253,0.0014181830069083063,0,SBIN,5m,2026-02-03 07:40:00
1059.199951171875,1060.199951171875,1058.5,1060.0,85964,0.0008498011847886122,-0.00037723915961196397,0.0013774503058865458,0.55,0.35,0,1058.9248977919638,1060.074694279158,46.341269762502606,0.31804879815126696,0.19612033110596855,1057.166962714414,0.0013774503058865458,0,SBIN,5m,2026-02-03 07:45:00
1060.0,1060.9000244140625,1059.5,1059.9000244140625,83225,-9.431659050707086e-05,9.433438510231262e-05,0.0013716031171113145,0.55,0.35,0,1059.0177669940683,1060.0678444805267,58.76363910947785,0.34972414114940875,0.2268410931146566,1057.1936335616772,0.0013716031171113145,0,SBIN,5m,2026-02-03 07:50:00
1059.699951171875,1060.5999755859375,1058.0,1060.5999755859375,174992,0.0006603935802926841,-0.0005653746829472617,0.0013459787206806736,0.5,0.4,0,1059.1684535266272,1060.0887123670134,61.53909358750132,0.4263921057429343,0.2667512956403122,1057.241280566659,0.0013459787206806736,0,SBIN,5m,2026-02-03 07:55:00
1060.5999755859375,1060.800048828125,1059.0,1059.5,187038,-0.0010371257884762564,-0.0004716981132075748,0.0013420966841778887,0.55,0.35,0,1059.2000293812341,1060.0656256075226,62.13644013558679,0.3938530898853969,0.29217165448932914,1057.2909255926374,0.0013420966841778887,0,SBIN,5m,2026-02-03 08:00:00
1059.5,1061.300048828125,1058.5,1061.0999755859375,160111,0.0015101232524186159,0.001226577371127524,0.0013841411850906787,0.6,0.35,0,1059.380976638825,1060.1061883517743,64.86522155135438,0.49150458471694947,0.3320382405348532,1057.340724867234,0.0013841411850906787,0,SBIN,5m,2026-02-03 08:05:00
1061.199951171875,1063.0,1061.199951171875,1062.5,122846,0.001319408581919257,0.004918141427912026,0.0012864318824876546,0.65,0.3,0,1059.6780264827464,1060.2000633183716,68.2933365092598,0.6740938335303781,0.4004493591339582,1057.4020711020655,0.0012864318824876546,0,SBIN,5m,2026-02-03 08:10:00
1062.5,1063.5,1062.5,1063.5,87995,0.0009411764705882231,0.002450726294754846,0.0010673406932525124,0.65,0.3,0,1060.04202396058,1060.329472600004,69.5319205752761,0.8892381870621193,0.49820712471959044,1057.4533845901576,0.0010673406932525124,0,SBIN,5m,2026-02-03 08:15:00
1063.5,1065.4000244140625,1063.0,1065.4000244140625,145265,0.0017865767880229644,0.006804076331901054,0.0009278258182505005,0.7,0.3,0,1060.5523097180546,1060.5283177691829,70.00084512597071,1.1992337086196585,0.6384124414996041,1057.5568825105745,0.0009278258182505005,0,SBIN,5m,2026-02-03 08:20:00
1065.0,1066.300048828125,1063.800048828125,1064.300048828125,100265,-0.0010324531262728698,0.0057645983157479375,0.0009752216618994896,0.75,0.25,0,1060.909237252347,1060.6762287911022,68.42158401483235,1.3406938715472734,0.7788687275091379,1057.628567375675,0.0009752216618994896,0,SBIN,5m,2026-02-03 08:25:00
1064.300048828125,1065.800048828125,1063.199951171875,1065.800048828125,170301,0.0014093769906819986,0.00832549558006157,0.0009454245579213128,0.7,0.25,0,1061.3750288309925,1060.8771629102012,72.10928417206443,1.5559040405471478,0.93427579011674,1057.749330498147,0.0009454245579213128,0,SBIN,5m,2026-02-03 08:30:00
1065.9000244140625,1066.199951171875,1064.800048828125,1065.4000244140625,178224,-0.00037532782486016103,0.007184699598338229,0.0009576969583764695,0.7,0.25,0,1061.7583617436658,1061.0545300279996,68.3103374167204,1.6748741166697982,1.0823954554273518,1057.8805790050326,0.0009576969583764695,0,SBIN,5m,2026-02-03 08:35:00
1065.4000244140625,1065.9000244140625,1065.0,1065.199951171875,120413,-0.00018779166285221027,0.006805246854324265,0.0009648850968097896,0.7,0.25,0,1062.0861321654,1061.2170955630536,74.61500901442308,1.733037147113464,1.2125237937645743,1057.9656196161707,0.0009648850968097896,0,SBIN,5m,2026-02-03 08:40:00
1065.0,1065.5,1063.5999755859375,1063.5999755859375,114098,-0.0015020424889968798,0.004818115810994339,0.0010480081622867953,0.65,0.25,0,1062.2303077292606,1061.310541838461,64.7480877148302,1.6312233818066488,1.2962637113729893,1058.0323670877135,0.0010480081622867953,0,SBIN,5m,2026-02-03 08:45:00
1063.699951171875,1065.5,1063.699951171875,1065.5,72992,0.0017864088545280765,0.004999103067554911,0.0010610714760598604,0.6,0.25,0,1062.5417069931405,1061.4748343153842,70.77926710368826,1.6844342211434196,1.3738978133270754,1058.0788380166086,0.0010610714760598604,0,SBIN,5m,2026-02-03 08:50:00
1065.5999755859375,1066.0,1065.0,1065.699951171875,58124,0.0001876594761849315,0.005946693045714158,0.0010347194841842722,0.6,0.25,0,1062.84249215302,1061.6405251725016,69.38765341881052,1.7228783144355475,1.4436939135487699,1058.1189687084088,0.0010347194841842722,0,SBIN,5m,2026-02-03 08:55:00
1065.5,1066.9000244140625,1065.5,1065.9000244140625,113977,0.00018773881144262816,0.0062305062604677275,0.00103101963857138,0.65,0.25,0,1063.1336857016906,1061.8075643584452,70.27020339486316,1.7493246482783888,1.5048200604946937,1058.2019734505589,0.00103101963857138,0,SBIN,5m,2026-02-03 09:00:00
1066.0,1068.0,1066.0,1067.9000244140625,119758,0.0018763485825974424,0.00726285002529603,0.001083473624363373,0.65,0.25,0,1063.5876227219164,1062.0464843606264,72.67082158129378,1.909653546322943,1.5857867576603435,1058.300319697978,0.001083473624363373,0,SBIN,5m,2026-02-03 09:05:00
1068.0,1068.199951171875,1064.5999755859375,1064.5999755859375,249112,-0.003090222635715012,0.005477830081545454,0.0012822001077138732,0.65,0.25,0,1063.6840372803947,1062.1466212714229,63.934229396658104,1.7502531633870149,1.6186800388056777,1058.46524378005,0.0012822001077138732,0,SBIN,5m,2026-02-03 09:10:00
1064.5999755859375,1066.5,1064.5,1065.5999755859375,148791,0.0009393199539100561,0.00575740970829397,0.001288117253259548,0.65,0.3,0,1063.8665075952083,1062.2820469308156,62.711724137931036,1.6851929982560705,1.6319826306957563,1058.5568783849396,0.001288117253259548,0,SBIN,5m,2026-02-03 09:15:00
1065.9000244140625,1066.0,1064.699951171875,1065.199951171875,135792,-0.0003753982950708279,0.005759584294733555,0.0012880585780113737,0.6,0.3,0,1063.9935022215575,1062.396474548112,58.08359160283024,1.583104676324865,1.622207039821578,1058.6357291674078,0.0012880585780113737,0,SBIN,5m,2026-02-03 09:20:00
1065.199951171875,1065.5999755859375,1064.5999755859375,1065.300048828125,130591,9.397076684036776e-05,0.005000046064268959,0.0012817800073042338,0.6,0.35,0,1064.1179352317067,1062.5103402061518,55.69625142927779,1.4930648676031524,1.596378605377893,1058.7083573233467,0.0012817800073042338,0,SBIN,5m,2026-02-03 09:25:00
1065.300048828125,1066.199951171875,1062.199951171875,1062.800048828125,450106,-0.0023467566745632995,0.0027361301512052183,0.0014065264795515842,0.6,0.4,0,1063.9924222408895,1062.5217013285821,42.07337496557525,1.2060756742444028,1.5183180191511951,1058.8938507462976,0.0014065264795515842,0,SBIN,5m,2026-02-03 09:30:00
1062.699951171875,1064.199951171875,1061.0,1063.0999755859375,892379,0.00028220431316605676,0.002357156380867309,0.0014016614319875993,0.6,0.4,0,1063.9074273213703,1062.5443787504391,46.1536655790042,0.9914079202503672,1.4129359993710295,1059.1579574469704,0.0014016614319875993,0,SBIN,5m,2026-02-03 09:35:00
1062.5999755859375,1065.199951171875,1061.5,1064.5,942496,0.0013169263909453832,0.004719207173194961,0.0013983329441510184,0.6,0.4,0,1063.963862814573,1062.6210697798338,45.806360156877574,0.9236056967872628,1.3150699388542764,1059.4653587110106,0.0013983329441510184,0,SBIN,5m,2026-02-03 09:40:00
1063.800048828125,1066.4000244140625,1062.300048828125,1065.9000244140625,1141778,0.0013151943767613083,0.004523653697640073,0.0013896398106610906,0.6,0.35,0,1064.1482591573817,1062.749656236078,51.51512909669306,0.9716417348336108,1.2463842980501432,1059.8718964900186,0.0013896398106610906,0,SBIN,5m,2026-02-03 09:45:00
1065.9000244140625,1066.4000244140625,1065.300048828125,1065.5999755859375,577750,-0.00028149809668120973,0.002917624080882364,0.0013693393736867333,0.55,0.35,0,1064.2865178648633,1062.8614334654842,51.20487686504055,0.9742684480411299,1.1919611280483406,1060.0881646888163,0.0013693393736867333,0,SBIN,5m,2026-02-03 09:50:00
1065.699951171875,1065.800048828125,1062.0,1064.199951171875,379894,-0.0013138367550099561,0.0006581581305828976,0.0013931005324123006,0.5,0.4,0,1064.278273417912,1062.913924355931,51.829163906483764,0.8535407806514286,1.1242770585689583,1060.1803104026178,0.0013931005324123006,0,SBIN,5m,2026-02-03 09:55:00
1067.5,1068.5,1065.0999755859375,1065.0999755859375,236609,-0.0020613446468058516,0.0007515989111277488,0.0015448407213989133,0.45,0.45,0,1064.6169105078104,1063.164911446948,48.469486258072955,0.9216939022310271,1.0633205545588917,1066.2333170572917,0.0015448407213989133,0,SBIN,5m,2026-02-04 03:50:00
1065.300048828125,1069.5,1065.0999755859375,1068.5999755859375,149315,0.003286076500071733,0.002627065706077847,0.001683272524986101,0.5,0.4,0,1064.9962500390607,1063.3780512171045,55.8949893390192,1.1317619582830503,1.0770088353037235,1066.8136709611692,0.001683272524986101,0,SBIN,5m,2026-02-04 03:55:00
1068.5,1069.199951171875,1066.0999755859375,1067.0999755859375,126785,-0.0014037058153379967,0.0015955989608784638,0.0017150104393744848,0.45,0.4,0,1065.196604853049,1063.52400903549,48.21420786467869,1.1637895012493118,1.0943649684928412,1066.9751386424575,0.0017150104393744848,0,SBIN,5m,2026-02-04 04:00:00
1067.199951171875,1067.199951171875,1065.800048828125,1065.9000244140625,107961,-0.0011244974222927029,0.0006572223754022222,0.0017354095178864991,0.45,0.45,0,1065.2635971921932,1063.6171861091595,53.20204449789537,1.0798971465435443,1.0914714041029818,1066.857704636642,0.0017354095178864991,0,SBIN,5m,2026-02-04 04:05:00
1065.5999755859375,1068.4000244140625,1065.5999755859375,1067.9000244140625,82451,0.0018763485825974424,0.004042919261779909,0.0017424049224941747,0.5,0.45,0,1065.5146854990378,1063.785140552489,55.39910139146781,1.1614071575684193,1.1054585547960694,1066.9095710522265,0.0017424049224941747,0,SBIN,5m,2026-02-04 04:10:00
1067.699951171875,1070.5999755859375,1067.5,1069.9000244140625,209707,0.0018728344922525064,0.0041295395720906125,0.001746640065216469,0.55,0.45,0,1065.9323368242783,1064.0249399196098,60.262048305161535,1.3715770276583044,1.1586822493685163,1067.4663899892923,0.001746640065216469,0,SBIN,5m,2026-02-04 04:15:00
1069.9000244140625,1069.9000244140625,1068.699951171875,1068.9000244140625,54892,-0.0009346667699606792,0.0030027900805180696,0.0017652418754306356,0.5,0.45,0,1066.214973737591,1064.216119703706,57.56291961368614,1.4408374440802163,1.2151132883108562,1067.562834815662,0.0017652418754306356,0,SBIN,5m,2026-02-04 04:20:00
1068.800048828125,1070.300048828125,1068.800048828125,1069.5999755859375,61816,0.000654833151733536,0.003471199068513897,0.0017688341231961874,0.5,0.45,0,1066.537354866005,1064.4272513069309,65.45429324455543,1.5345180638871625,1.2789942434261174,1067.6831515203537,0.0017688341231961874,0,SBIN,5m,2026-02-04 04:25:00
1069.800048828125,1071.9000244140625,1069.5999755859375,1071.5,128493,0.0017763878622207852,0.003371079224305351,0.001763907407931731,0.5,0.45,0,1067.0099877359094,1064.7046140007767,67.79649620085553,1.7419960746710785,1.3715946096751097,1068.0511835918262,0.001763907407931731,0,SBIN,5m,2026-02-04 04:30:00
1071.4000244140625,1072.300048828125,1071.0,1072.199951171875,103029,0.0006532442108027059,0.0071388087171000425,0.0015897962921616459,0.5,0.4,0,1067.504269967906,1064.9985487918002,66.81201292124649,1.9405348253244483,1.4853826528049774,1068.3601869094514,0.0015897962921616459,0,SBIN,5m,2026-02-04 04:35:00
1072.199951171875,1072.199951171875,1070.5999755859375,1070.699951171875,62685,-0.0013989927889481724,0.004786013234594044,0.0016301811482661078,0.5,0.4,0,1067.8086205587601,1065.222133198862,60.434568006071636,1.9543126519008638,1.5791686526241546,1068.493084029906,0.0016301811482661078,0,SBIN,5m,2026-02-04 04:40:00
1071.0,1073.5999755859375,1071.0,1072.5,115071,0.0016811888579566503,0.006853219266574229,0.0016540074315552463,0.55,0.4,0,1068.255418600783,1065.507539740083,64.08161231658404,2.086429514831025,1.6806208250655288,1068.802878131954,0.0016540074315552463,0,SBIN,5m,2026-02-04 04:45:00
1072.199951171875,1073.5,1070.699951171875,1071.0,79812,-0.0013986013986013734,0.005350559382913067,0.0016988911696867136,0.55,0.4,0,1068.5168073054704,1065.722930338511,63.821182588674304,2.0465047833395147,1.753797616720326,1068.9568885278704,0.0016988911696867136,0,SBIN,5m,2026-02-04 04:50:00
1070.9000244140625,1071.9000244140625,1070.699951171875,1071.300048828125,40192,0.0002801576359710012,0.007997741446636564,0.001583723030905488,0.5,0.35,0,1068.7818779266754,1065.9416408675156,59.17429137782357,2.0158382502741006,1.806205743431081,1069.0173026771627,0.001583723030905488,0,SBIN,5m,2026-02-04 04:55:00
1071.199951171875,1071.5,1070.4000244140625,1070.5999755859375,47786,-0.0006534800805370056,0.007054839781993616,0.001601097521076174,0.5,0.35,0,1068.9550300847004,1066.124320660395,63.54676544516471,1.912992950059106,1.827563184756686,1069.0713177555115,0.001601097521076174,0,SBIN,5m,2026-02-04 05:00:00
1070.300048828125,1070.5,1069.5,1070.5,60814,-9.338276500781006e-05,0.005636449037106583,0.0015873976233061464,0.45,0.4,0,1069.1021700766337,1066.2959159286147,55.62136588536965,1.8026403980204577,1.8225786274094404,1069.1112672754778,0.0015873976233061464,0,SBIN,5m,2026-02-04 05:05:00
1070.800048828125,1071.5999755859375,1070.800048828125,1071.199951171875,62292,0.000653854434259582,0.004972255029946027,0.0015715574344692825,0.45,0.4,0,1069.3019587523709,1066.4882310361936,62.73286274271937,1.7514754960541268,1.8083580011383777,1069.186488458186,0.0015715574344692825,0,SBIN,5m,2026-02-04 05:10:00
1071.5,1072.0,1070.800048828125,1071.9000244140625,40515,0.0006535411446029205,0.005912208119806639,0.001568844684628174,0.5,0.4,0,1069.5493935772938,1066.7004582274826,69.23064884659927,1.7472754982088645,1.7961415005524752,1069.240963967939,0.001568844684628174,0,SBIN,5m,2026-02-04 05:15:00
1071.9000244140625,1072.0,1070.5999755859375,1071.199951171875,101864,-0.0006531143075308998,0.006577711258388685,0.0015398509630885084,0.5,0.4,0,1069.7065895386825,1066.8769089311845,61.53806755614741,1.6682266315947345,1.7705585267609272,1069.351185059345,0.0015398509630885084,0,SBIN,5m,2026-02-04 05:20:00
1071.5,1071.800048828125,1070.5,1071.0,61883,-0.00018666092325358985,0.003466645744031771,0.0014171808769396018,0.45,0.4,0,1069.8297714873793,1067.0385987770205,54.39985937637328,1.57133210835309,1.73071324307936,1069.4071439471586,0.0014171808769396018,0,SBIN,5m,2026-02-04 05:25:00
1070.800048828125,1071.699951171875,1070.800048828125,1071.699951171875,36204,0.0006535491800887527,0.00619657847828492,0.001318378090595967,0.45,0.4,0,1070.0078838382838,1067.2213969101522,61.47504077324074,1.5333472379475097,1.69124004205299,1069.4437644172483,0.001318378090595967,0,SBIN,5m,2026-02-04 05:30:00
1071.5999755859375,1071.5999755859375,1069.4000244140625,1070.0,59577,-0.0015862193238099787,0.0013101482744231063,0.0011826257562846632,0.4,0.45,0,1070.0071329965424,1067.330361737205,51.51523558514819,1.350504328757097,1.6230928993938116,1069.4698749081867,0.0011826257562846632,0,SBIN,5m,2026-02-04 05:35:00
1069.9000244140625,1070.0,1068.0999755859375,1068.9000244140625,63975,-0.0010280145662967533,0.001686860527886802,0.0011608333450964655,0.4,0.5,0,1069.9016940839253,1067.3919171362975,39.516248117266024,1.1041136343167182,1.519297046378393,1069.4555176243125,0.0011608333450964655,0,SBIN,5m,2026-02-04 05:40:00
1069.0999755859375,1069.0999755859375,1067.0999755859375,1067.4000244140625,108347,-0.0014033117838333498,0.0014072614369482483,0.0011776739112573055,0.4,0.5,0,1069.6634398296528,1067.392235068759,31.81856013316687,0.7788318807315591,1.3712040132490264,1069.3773422141023,0.0011776739112573055,0,SBIN,5m,2026-02-04 05:45:00
1067.300048828125,1068.0,1066.300048828125,1066.5999755859375,94431,-0.0007495304570226402,-0.0012173881434625056,0.00111025111018978,0.35,0.5,0,1069.3716813302515,1067.3611660694326,33.60025780998234,0.4512843680640799,1.187220084212037,1069.2782169628997,0.00111025111018978,0,SBIN,5m,2026-02-04 05:50:00
1066.5999755859375,1066.800048828125,1065.199951171875,1065.9000244140625,176607,-0.0006562452539814467,-0.003738667079842939,0.0010187382656058773,0.3,0.55,0,1069.0410473382335,1067.303866396673,21.052800651040272,0.13367942143031541,0.9765119516556928,1069.0417370584491,0.0010187382656058773,0,SBIN,5m,2026-02-04 05:55:00
1066.0,1067.9000244140625,1065.4000244140625,1067.4000244140625,82846,0.0014072614369482483,-0.0014033117838333498,0.0010619271373083787,0.35,0.55,0,1068.8847594406934,1067.3076372993157,34.210667209200224,0.002978344479060979,0.7818052302203665,1068.9723179771038,0.0010619271373083787,0,SBIN,5m,2026-02-04 06:00:00
1067.5,1067.5,1065.199951171875,1065.4000244140625,45748,-0.001873711780265186,-0.003926656009480722,0.0011200574770845928,0.3,0.6,0,1068.5528799143476,1067.2328289508744,27.480780878721518,-0.25900088497837714,0.5736440071806178,1068.9206391978325,0.0011200574770845928,0,SBIN,5m,2026-02-04 06:05:00
1065.199951171875,1066.5999755859375,1065.199951171875,1065.800048828125,59184,0.00037546874872895764,-0.0053195997870975065,0.0010304288513600715,0.25,0.6,0,1068.2907055251835,1067.1766414950803,31.250178814957508,-0.4293929105256211,0.37303662363937007,1068.852712029104,0.0010304288513600715,0,SBIN,5m,2026-02-04 06:10:00
1065.9000244140625,1066.199951171875,1064.5,1065.0999755859375,131969,-0.0006568523269981918,-0.006621876430956242,0.0010103525625400442,0.2,0.65,0,1067.9868264833506,1067.0952036162905,29.850691882339007,-0.6138438682596643,0.1756605252595632,1068.683262059419,0.0010103525625400442,0,SBIN,5m,2026-02-04 06:15:00
1065.5,1066.199951171875,1064.9000244140625,1066.199951171875,70269,0.0010327439781718795,-0.004202858135068377,0.0010214061578660042,0.2,0.6,0,1067.8166478822577,1067.060095677294,31.88412206988059,-0.6636140149762468,0.007805617212401167,1068.6116802490271,0.0010214061578660042,0,SBIN,5m,2026-02-04 06:20:00
1066.300048828125,1068.300048828125,1066.0999755859375,1067.800048828125,159006,0.0015007481987701077,-0.004382238854895082,0.0010044781802390167,0.2,0.6,0,1067.8150670199593,1067.0891134479148,36.054574292286354,-0.5674020489141185,-0.10723591601290276,1068.5479304338487,0.0010044781802390167,0,SBIN,5m,2026-02-04 06:25:00
1067.800048828125,1068.199951171875,1067.0,1068.199951171875,120465,0.0003745105127022086,-0.002614424676120497,0.0009726380310881796,0.2,0.55,0,1067.851722653475,1067.1326757115994,39.5832626903123,-0.4536551415417307,-0.17651976111866835,1068.5192588367315,0.0009726380310881796,0,SBIN,5m,2026-02-04 06:30:00
1068.199951171875,1069.0999755859375,1067.699951171875,1068.0999755859375,84604,-9.359257677166166e-05,-0.0029870933411120237,0.0009679130310696342,0.25,0.55,0,1067.8753657899001,1067.1706090400048,39.860002560928756,-0.36734259542390646,-0.21468432797971598,1068.513509919508,0.0009679130310696342,0,SBIN,5m,2026-02-04 06:35:00
1068.199951171875,1069.0,1067.4000244140625,1068.0,68015,-9.360133716196373e-05,-0.0024285219925532786,0.0009606272417826701,0.25,0.55,0,1067.8872357146715,1067.203134175691,36.496480441949565,-0.3035078257435089,-0.2324490275324746,1068.5056630489355,0.0009606272417826701,0,SBIN,5m,2026-02-04 06:40:00
1068.0,1068.0999755859375,1067.300048828125,1067.699951171875,51159,-0.0002809445956226675,-0.0026156457992760895,0.0009612574504251379,0.25,0.55,0,1067.869399091548,1067.2226171951493,40.65024513209345,-0.2739715699667613,-0.24075353601933197,1068.4933460506008,0.0009612574504251379,0,SBIN,5m,2026-02-04 06:45:00
1067.699951171875,1068.5,1067.5999755859375,1068.0,49935,0.0002810235476695677,-0.002987258511703894,0.0009487800174474394,0.25,0.55,0,1067.8818372733053,1067.2531027953396,46.08689191053933,-0.22377292664486959,-0.2373574141444395,1068.4865824980634,0.0009487800174474394,0,SBIN,5m,2026-02-04 06:50:00
1067.9000244140625,1068.5,1067.5999755859375,1068.300048828125,41931,0.0002809445956226675,-0.0033584993972785027,0.0009357579409560971,0.2,0.55,0,1067.921666945193,1067.2941595025077,54.36897806326219,-0.15795786736407535,-0.2214775047883667,1068.482274557879,0.0009357579409560971,0,SBIN,5m,2026-02-04 06:55:00
1068.199951171875,1068.4000244140625,1067.300048828125,1067.5999755859375,48744,-0.0006553151831786286,-0.0033606943148187796,0.0009358181472852721,0.2,0.55,0,1067.891029672883,1067.3061522900932,54.901866921972236,-0.1604395710951394,-0.20926991804972125,1068.472271426899,0.0009358181472852721,0,SBIN,5m,2026-02-04 07:00:00
1067.800048828125,1068.0,1067.0,1067.5999755859375,67310,0.0,-0.003174625970179701,0.0009365515734671767,0.2,0.55,0,1067.863310236031,1067.3176747722832,58.94688150489553,-0.16055555468983584,-0.19952704537774418,1068.4544900054066,0.0009365515734671767,0,SBIN,5m,2026-02-04 07:05:00
1067.699951171875,1068.5999755859375,1067.5999755859375,1067.5999755859375,74302,0.0,-0.003825674883584984,0.0009179416053977583,0.25,0.55,0,1067.838230745546,1067.3287453924265,51.24965668772315,-0.15881673209651126,-0.19138498272149762,1068.4438179012723,0.0009179416053977583,0,SBIN,5m,2026-02-04 07:10:00
1067.699951171875,1067.800048828125,1067.0,1067.199951171875,62734,-0.0003746950386008807,-0.0026168680636682318,0.0008591304754652541,0.25,0.55,0,1067.7774422147204,1067.3236946386794,64.06133775819649,-0.18755530888324756,-0.19061904795384763,1068.4249452826239,0.0008591304754652541,0,SBIN,5m,2026-02-04 07:15:00
1067.0999755859375,1067.0999755859375,1066.300048828125,1066.699951171875,44540,-0.00046851576356521374,-0.0020582591373721204,0.0008372021965123378,0.25,0.55,0,1067.6748240201637,1067.2992341105694,56.92206572769953,-0.24781994529575968,-0.20205922742223004,1068.4043799676922,0.0008372021965123378,0,SBIN,5m,2026-02-04 07:20:00
1066.5999755859375,1067.0,1066.300048828125,1066.5999755859375,49655,-9.372418722586318e-05,-0.0007495304570226402,0.0007793361209695388,0.25,0.5,0,1067.5724575026184,1067.2718122076426,62.711548806223355,-0.3001869300208,-0.22168476794194406,1068.3811491546312,0.0007793361209695388,0,SBIN,5m,2026-02-04 07:25:00
1066.5,1067.199951171875,1066.199951171875,1067.0999755859375,40591,0.0004687793094364512,0.0004687793094364512,0.0007682625919931459,0.3,0.5,0,1067.5274592248393,1067.2650735165953,58.490522582279645,-0.2979082208453292,-0.2369294585226211,1068.364728069131,0.0007682625919931459,0,SBIN,5m,2026-02-04 07:30:00
1067.0999755859375,1068.4000244140625,1067.0999755859375,1067.9000244140625,81863,0.0007497412111603374,0.0018763485825974424,0.0007670947070090252,0.35,0.45,0,1067.562941623813,1067.2899735517901,51.1108097111081,-0.2289063829700808,-0.23532484341211307,1068.3528985223493,0.0007670947070090252,0,SBIN,5m,2026-02-04 07:35:00
1068.0,1068.5999755859375,1067.5999755859375,1068.5,62721,0.0005618274859267025,0.0010305186066876804,0.0007122515540417303,0.35,0.45,0,1067.652185278688,1067.337425569367,53.19187616870975,-0.12437519392778995,-0.21313491351524846,1068.3510096207665,0.0007122515540417303,0,SBIN,5m,2026-02-04 07:40:00
1068.5,1069.0999755859375,1068.199951171875,1069.0999755859375,62700,0.0005615120130439966,0.003472828127547567,0.0005569995736159047,0.4,0.4,0,1067.7900700698547,1067.40654517786,59.61502347417841,0.006801142734730092,-0.16914770226525278,1068.3579887519825,0.0005569995736159047,0,SBIN,5m,2026-02-04 07:45:00
1069.199951171875,1069.800048828125,1068.5999755859375,1069.300048828125,72810,0.00018714175171297143,0.0032839180330759277,0.0005549938097161496,0.45,0.4,0,1067.9338775706424,1067.4808002229684,62.263933671119304,0.12545737861091766,-0.11022668609001868,1068.3735104994014,0.0005549938097161496,0,SBIN,5m,2026-02-04 07:50:00
1069.4000244140625,1070.0,1069.0999755859375,1069.199951171875,65562,-9.361044765654469e-05,0.0038493809782336186,0.0005246025787115591,0.5,0.35,0,1068.054456008855,1067.5482179072392,64.70489684553156,0.20900695404247926,-0.0463799580635191,1068.390165876872,0.0005246025787115591,0,SBIN,5m,2026-02-04 07:55:00
1069.4000244140625,1069.9000244140625,1067.800048828125,1068.9000244140625,50251,-0.00028051512486859664,0.002532426717164915,0.000495229358085952,0.5,0.4,0,1068.1349863331604,1067.6012299271147,58.823388621622264,0.24815839623261127,0.012527712795706976,1068.395837625765,0.000495229358085952,0,SBIN,5m,2026-02-04 08:00:00
1068.5,1069.199951171875,1067.800048828125,1069.199951171875,68377,0.00028059383568357354,0.0013110154333542123,0.00037841409855735974,0.45,0.4,0,1068.236411555895,1067.6639248778895,58.822403063666826,0.2999303684152892,0.07000824391962342,1068.4012161008663,0.00037841409855735974,0,SBIN,5m,2026-02-04 08:05:00
1069.199951171875,1069.5,1068.0999755859375,1068.4000244140625,50208,-0.0007481545027530068,0.0001872994301936881,0.00041195616926222684,0.5,0.4,0,1068.2519937328634,1067.6927915263668,57.692849429550684,0.27326262385076916,0.11065911990585257,1068.4042865761837,0.00041195616926222684,0,SBIN,5m,2026-02-04 08:10:00
1068.300048828125,1069.699951171875,1068.0999755859375,1069.300048828125,67321,0.0008424039624634894,0.0011235589079843233,0.00045095510956346974,0.5,0.4,0,1068.3518085038406,1067.7558212244749,63.9350823477617,0.32105180716439463,0.152737657357561,1068.413893688832,0.00045095510956346974,0,SBIN,5m,2026-02-04 08:15:00
1069.300048828125,1070.9000244140625,1069.0,1070.0,142573,0.0006545881791009123,0.001872659176029856,0.0004685600336276914,0.55,0.35,0,1068.5087791225224,1067.84382823528,67.64742841755677,0.4106713256687726,0.20432439101980335,1068.4625442481395,0.0004685600336276914,0,SBIN,5m,2026-02-04 08:20:00
1069.9000244140625,1070.0999755859375,1068.4000244140625,1068.9000244140625,101800,-0.0010280145662967533,0.0011239798605127138,0.0005262244999793139,0.55,0.35,0,1068.5460405788594,1067.8852476932714,61.334006087338665,0.3884586928477347,0.24115125138538965,1068.477222379226,0.0005262244999793139,0,SBIN,5m,2026-02-04 08:25:00
1068.9000244140625,1069.5,1067.5,1069.199951171875,71771,0.00028059383568357354,0.0011235497863997246,0.0005262148503717226,0.5,0.4,0,1068.6083177781943,1067.9368046924324,67.123745819398,0.39055453450464483,0.2710319080092407,1068.481113122569,0.0005262148503717226,0,SBIN,5m,2026-02-04 08:30:00
1069.199951171875,1069.5,1068.5,1069.5,78288,0.00028062929463867903,0.0011232342198161938,0.0005262077699622007,0.5,0.4,0,1068.6932398945567,1067.9981064692,69.3338107716597,0.41168133081555425,0.29916179257050346,1068.492288994428,0.0005262077699622007,0,SBIN,5m,2026-02-04 08:35:00
1069.5999755859375,1071.300048828125,1069.5,1070.800048828125,80836,0.0012155669267182034,0.002997445967934942,0.0005583636186421633,0.55,0.35,0,1068.8938883644203,1068.1079865617066,72.289794537673,0.5272497377950458,0.34477938161541194,1068.5260767683822,0.0005583636186421633,0,SBIN,5m,2026-02-04 08:40:00
1070.800048828125,1071.9000244140625,1070.4000244140625,1070.9000244140625,85222,9.336531693926453e-05,0.003091091142367164,0.0005574347390518931,0.6,0.3,0,1069.0849489405766,1068.2174782421912,69.7372225256192,0.6197615023943399,0.39977580577119753,1068.5696552303866,0.0005574347390518931,0,SBIN,5m,2026-02-04 08:45:00
1070.800048828125,1071.4000244140625,1069.9000244140625,1070.0,61717,-0.00084043738308337,0.0022480558907331805,0.0005997634966454074,0.55,0.35,0,1069.1720966605217,1068.287381056223,59.49378824402003,0.6133826011450765,0.44249716484597335,1068.5925217164063,0.0005997634966454074,0,SBIN,5m,2026-02-04 08:50:00
1070.0,1070.300048828125,1069.0999755859375,1069.4000244140625,76469,-0.0005607248466705794,0.002061537989925588,0.0006090861979091193,0.55,0.35,0,1069.1938040656207,1068.3310141290794,51.899066691390075,0.5535334710755251,0.4647044260918837,1068.6076084601693,0.0006090861979091193,0,SBIN,5m,2026-02-04 08:55:00
1069.4000244140625,1070.199951171875,1069.300048828125,1069.699951171875,68961,0.0002804626435060076,0.0028124122408594854,0.000594948916913164,0.55,0.3,0,1069.2420085519307,1068.3846979346793,52.49946592608417,0.524260834509505,0.476615707775408,1068.6226077724318,0.000594948916913164,0,SBIN,5m,2026-02-04 09:00:00
1069.699951171875,1069.9000244140625,1068.800048828125,1069.4000244140625,97914,-0.0002803840062663987,0.0026252099120729344,0.000600258634458015,0.55,0.35,0,1069.2570576816574,1068.424514659361,51.22002054458025,0.47142616894711864,0.47557780000975014,1068.636423490821,0.000600258634458015,0,SBIN,5m,2026-02-04 09:05:00
1069.5,1069.5,1067.800048828125,1068.699951171875,77612,-0.000654641131667355,0.0014993680278729826,0.0006192752253803476,0.5,0.35,0,1069.203999918821,1068.4353160912242,48.83674715042087,0.3688128114351912,0.4542248022948384,1068.6368621361685,0.0006192752253803476,0,SBIN,5m,2026-02-04 09:10:00
1068.800048828125,1068.800048828125,1067.4000244140625,1067.699951171875,88813,-0.0009357163335728114,-0.00018735203447273197,0.0006370613234600747,0.45,0.4,0,1069.0607571810167,1068.4064782512498,41.935314501732655,0.204442655989169,0.40426837303370455,1068.6259205289705,0.0006370613234600747,0,SBIN,5m,2026-02-04 09:15:00
1067.800048828125,1069.300048828125,1067.800048828125,1069.199951171875,86355,0.0014048890780162804,0.0006550783077912126,0.0007014680960864966,0.45,0.4,0,1069.0740137515745,1068.4375948363725,53.99968261331314,0.19299090849176537,0.36201288012531674,1068.6281201231698,0.0007014680960864966,0,SBIN,5m,2026-02-04 09:20:00
1069.199951171875,1069.5,1067.9000244140625,1068.0999755859375,77251,-0.0010287837973915748,-0.0009353662172257859,0.0007280337018750125,0.45,0.4,0,1068.98124821199,1068.424354865767,44.11718946348002,0.09407207486788138,0.3084247190738297,1068.6263538376088,0.0007280337018750125,0,SBIN,5m,2026-02-04 09:25:00
1068.0999755859375,1069.0,1067.4000244140625,1067.699951171875,183684,-0.00037451963599477445,-0.001496397253515136,0.0007293768650503372,0.4,0.45,0,1068.8592199224554,1068.3959468777714,38.38347718865598,-0.01641126171284668,0.24345752291649442,1068.6075312823223,0.0007293768650503372,0,SBIN,5m,2026-02-04 09:30:00
1067.699951171875,1068.800048828125,1067.300048828125,1068.5999755859375,211377,0.000842956312842924,-0.0005611444195072757,0.0007576122538755467,0.35,0.5,0,1068.8345299856442,1068.4039480035817,48.45334877048149,-0.030988438120630235,0.1885683307090695,1068.5943462065156,0.0007576122538755467,0,SBIN,5m,2026-02-04 09:35:00
1068.699951171875,1069.0,1068.0,1068.9000244140625,211166,0.00028078685661636626,0.0,0.0007581538957602043,0.4,0.45,0,1068.8407675502554,1068.4234019804633,48.4539974579364,-0.018120639180779108,0.1472305367310998,1068.5956722638778,0.0007581538957602043,0,SBIN,5m,2026-02-04 09:40:00
1068.9000244140625,1069.199951171875,1067.800048828125,1068.0,236228,-0.000842009910661079,-0.0011222888390144403,0.0007776143693137964,0.45,0.5,0,1068.760694450231,1068.4067979812296,42.718481120671264,-0.07962934666966248,0.10185856005094733,1068.5860582258222,0.0007776143693137964,0,SBIN,5m,2026-02-04 09:45:00
1068.199951171875,1068.300048828125,1067.699951171875,1067.699951171875,177828,-0.0002809445956226675,-0.0006552538620273607,0.0007625950346869723,0.4,0.55,0,1068.659671280864,1068.37907849851,33.3328958076287,-0.15084799157079942,0.051317249726597985,1068.5676392981136,0.0007625950346869723,0,SBIN,5m,2026-02-04 09:50:00
1067.9000244140625,1068.0,1067.0,1067.9000244140625,139098,0.00018738714183497152,-0.001309290517284456,0.000736668101645774,0.35,0.6,0,1068.587323960216,1068.3602920638257,34.04280185959536,-0.18896675111568584,0.0032604495581412193,1068.5484228324003,0.000736668101645774,0,SBIN,5m,2026-02-04 09:55:00
1070.9000244140625,1071.199951171875,1068.5,1068.5,184257,-0.0021479722854347294,-0.0003742393160499624,0.0010486229099241034,0.35,0.55,0,1068.769673027453,1068.4576955134187,46.5648499305795,-0.009445561452366746,0.0025435866321096654,1069.3999837239583,0.0010486229099241034,0,SBIN,5m,2026-02-05 03:50:00
1068.4000244140625,1070.0,1067.5999755859375,1069.4000244140625,185244,0.0008423251418461231,0.00018712425301581348,0.0010644502197968688,0.35,0.55,0,1068.8297064928445,1068.4946495879537,48.905402154446556,0.043570762424906206,0.010749021790668974,1069.1994576497098,0.0010644502197968688,0,SBIN,5m,2026-02-05 03:55:00
1069.5999755859375,1071.0,1068.300048828125,1069.199951171875,130896,-0.00018708924408072924,-0.00028055056393172517,0.0010633263926331119,0.4,0.55,0,1068.8649678908473,1068.5223084735976,49.264461697258,0.06865097677041376,0.02232941278661793,1069.278074810651,0.0010633263926331119,0,SBIN,5m,2026-02-05 04:00:00
1069.300048828125,1069.699951171875,1068.699951171875,1069.0,114079,-0.0001870100832457311,-0.0016810317015720777,0.0010235068037474215,0.35,0.55,0,1068.877828091719,1068.5410414746332,51.145194655137075,0.07156784920766768,0.032177100070827885,1069.2511971514748,0.0010235068037474215,0,SBIN,5m,2026-02-05 04:05:00
1069.0999755859375,1070.0,1069.0,1069.5999755859375,86069,0.0005612493788003103,-0.0012139777742897762,0.0010330676243298378,0.35,0.55,0,1068.9466040435493,1068.5825683025275,57.4802241424054,0.120898860403031,0.04992145213726851,1069.2858594195732,0.0010330676243298378,0,SBIN,5m,2026-02-05 04:10:00
1069.4000244140625,1072.199951171875,1069.199951171875,1072.0999755859375,150158,0.0023373224168508067,0.00196259400554899,0.00114505697226222,0.4,0.5,0,1069.2469251428245,1068.7205058430534,60.58378551762851,0.3576009476885247,0.11145735124751974,1069.6178344386626,0.00114505697226222,0,SBIN,5m,2026-02-05 04:15:00
1072.0,1074.0,1071.800048828125,1073.300048828125,149384,0.0011193669149480723,0.0036469275528578926,0.001155715090884098,0.45,0.45,0,1069.632936922377,1068.9000957640367,68.84027845346873,0.634708414907891,0.21610756397959402,1070.1280158025259,0.001155715090884098,0,SBIN,5m,2026-02-05 04:20:00
1073.4000244140625,1074.300048828125,1072.5,1073.0,150797,-0.0002795572668170543,0.003085022883762667,0.0011599971510353898,0.5,0.45,0,1069.9536095964363,1069.0608763223097,69.34262344744016,0.8206467415122916,0.33701539948613357,1070.5392662749784,0.0011599971510353898,1,SBIN,5m,2026-02-05 04:25:00
1073.0999755859375,1073.800048828125,1072.4000244140625,1073.800048828125,95005,0.0007456186655405705,0.004114479440444407,0.0011624294022622482,0.5,0.45,0,1070.3199371423113,1069.2467262244986,69.11726428218822,1.0207943769473786,0.4737711949783826,1070.7523303654732,0.0011624294022622482,1,SBIN,5m,2026-02-05 04:30:00
1073.9000244140625,1076.9000244140625,1073.9000244140625,1075.199951171875,201157,0.0013036899609735197,0.006082156168223385,0.001168584528236374,0.55,0.4,0,1070.7847003832221,1069.4801860263565,71.4278596636911,1.2776453395167664,0.6345460238860594,1071.389145514408,0.001168584528236374,1,SBIN,5m,2026-02-05 04:35:00
1075.199951171875,1077.800048828125,1075.199951171875,1077.199951171875,146708,0.00186011913209283,0.008897630827437109,0.001179666467694488,0.6,0.35,1,1071.3956766488081,1069.782921914416,79.11322970425539,1.6238659473472126,0.8324100085782901,1071.8810863777494,0.001179666467694488,1,SBIN,5m,2026-02-05 04:40:00
1077.5999755859375,1078.0,1077.0,1077.800048828125,117815,0.0005570903114107129,0.008043488635427032,0.0011583480813998645,0.6,0.35,1,1072.0056168563622,1070.097319048287,81.36609701730177,1.9244868525865968,1.0508253773799514,1072.2747460700944,0.0011583480813998645,1,SBIN,5m,2026-02-05 04:45:00
1077.800048828125,1081.0,1077.699951171875,1080.0,342677,0.002041149630923611,0.011141302018600197,0.0011622682623673955,0.6,0.35,1,1072.7669866795657,1070.485659477766,83.42494115742832,2.3135792581222177,1.3033761535284047,1073.4911378249506,0.0011622682623673955,0,SBIN,5m,2026-02-05 04:50:00
1080.0999755859375,1080.5,1076.0999755859375,1077.0,170826,-0.002777777777777768,0.008710358015767916,0.0013692111023676894,0.6,0.35,1,1073.1701308053214,1070.7411238119712,67.03265010463058,2.352741920486096,1.513249306919943,1073.8270607522668,0.0013692111023676894,0,SBIN,5m,2026-02-05 04:55:00
1077.0,1077.300048828125,1075.5999755859375,1076.0,107479,-0.0009285051067781103,0.006924971535775093,0.001398391891870191,0.6,0.35,1,1073.4396421571955,1070.9473542507176,72.18915678315011,2.2768409645548218,1.6659676384469189,1073.9410089197768,0.001398391891870191,0,SBIN,5m,2026-02-05 05:00:00
1075.9000244140625,1076.4000244140625,1075.199951171875,1075.5999755859375,91281,-0.0003717699015450826,0.006268080287066713,0.0014075773149985259,0.55,0.4,0,1073.645388198028,1071.1298099893536,68.90212132489765,2.1595167185917035,1.7646774544758759,1074.008506864808,0.0014075773149985259,1,SBIN,5m,2026-02-05 05:05:00
1075.699951171875,1076.199951171875,1075.0,1075.9000244140625,123602,0.0002789594969649922,0.00739702660492747,0.0013812190299835798,0.5,0.4,0,1073.860115456698,1071.3168772216952,70.30310204262813,2.0669216549829343,1.8251262945772875,1074.0905780504088,0.0013812190299835798,0,SBIN,5m,2026-02-05 05:10:00
1075.9000244140625,1077.199951171875,1075.199951171875,1076.9000244140625,89307,0.0009294543891702478,0.00861672160993332,0.0013777338027737794,0.55,0.35,0,1074.1496305954945,1071.5358241704155,72.83221495452396,2.0505930820131653,1.8702196520644632,1074.1699268623345,0.0013777338027737794,1,SBIN,5m,2026-02-05 05:15:00
1077.0999755859375,1077.9000244140625,1075.199951171875,1075.800048828125,111214,-0.0010214277658094906,0.007397719106146727,0.0014149491316387732,0.6,0.3,1,1074.3068132843164,1071.7030486667961,67.41576886413979,1.9266841181927248,1.8815125452901156,1074.256134554598,0.0014149491316387732,1,SBIN,5m,2026-02-05 05:20:00
1075.800048828125,1076.9000244140625,1075.4000244140625,1076.5999755859375,149887,0.0007435645301223648,0.005416442373307628,0.0013074853995830055,0.55,0.3,0,1074.5252096939946,1071.8950850165666,63.97507051223729,1.8714597526525267,1.879501986762598,1074.3618511809009,0.0013074853995830055,0,SBIN,5m,2026-02-05 05:25:00
1076.5,1077.199951171875,1075.5,1075.5,204645,-0.001021712438121547,0.0065512400561535955,0.0012190858069772185,0.6,0.3,1,1074.618046865995,1072.0364542316033,56.87484741210937,1.7191182827366447,1.8474252459574074,1074.4743024608817,0.0012190858069772185,0,SBIN,5m,2026-02-05 05:30:00
1075.800048828125,1076.800048828125,1075.5,1076.300048828125,128071,0.0007438854747792156,0.006452238878377647,0.001217093878743418,0.6,0.25,1,1074.7782375290549,1072.203654019702,60.00014796401515,1.6439928976360534,1.8067387762931366,1074.5427166415,0.001217093878743418,0,SBIN,5m,2026-02-05 05:35:00
1076.5,1076.5,1073.4000244140625,1073.5,149955,-0.0026015504051808414,0.004021744317713516,0.001379227953542632,0.55,0.3,0,1074.6565006215258,1072.2544911169687,49.18905722128378,1.3430332974060093,1.7139976805157113,1074.5393435281178,0.001379227953542632,0,SBIN,5m,2026-02-05 05:40:00
1073.5,1075.5,1073.4000244140625,1073.9000244140625,194458,0.0003726356907893802,0.004583745943931294,0.0013766032092834685,0.55,0.3,0,1074.584455268434,1072.3190218345019,46.285949456267744,1.1238442955282153,1.5959670035182123,1074.524512349874,0.0013766032092834685,0,SBIN,5m,2026-02-05 05:45:00
1073.9000244140625,1074.4000244140625,1073.4000244140625,1074.0,76167,9.309580376637427e-05,0.004113710279071592,0.0013746457171048263,0.5,0.3,0,1074.5287928619166,1072.3849425468743,39.74381044790134,0.9472829385701971,1.4662301905286095,1074.5121800051488,0.0013746457171048263,0,SBIN,5m,2026-02-05 05:50:00
1073.9000244140625,1074.9000244140625,1073.4000244140625,1074.800048828125,95880,0.0007449244209729589,0.002518490162926934,0.0012881047956420824,0.5,0.3,0,1074.5546267634602,1072.4796525971194,40.506358452956725,0.8619777028713997,1.3453796929971675,1074.5084573921802,0.0012881047956420824,0,SBIN,5m,2026-02-05 05:55:00
1074.9000244140625,1075.0999755859375,1074.4000244140625,1075.0999755859375,70476,0.00027905353943702416,0.0016770024000070105,0.001267557789087991,0.5,0.3,0,1074.6065647465532,1072.5824103613868,32.3740438574151,0.8092457900227146,1.238152912402277,1074.515070260018,0.001267557789087991,0,SBIN,5m,2026-02-05 06:00:00
1075.0999755859375,1077.199951171875,1075.0,1076.0999755859375,131936,0.0009301460540496187,0.002889073239457085,0.0012780875704117944,0.5,0.3,0,1074.748794350304,1072.720354095683,46.21839257321639,0.838481518816252,1.1582186336850722,1074.5680161456473,0.0012780875704117944,0,SBIN,5m,2026-02-05 06:05:00
1076.4000244140625,1078.9000244140625,1075.9000244140625,1078.5,100766,0.0022302987347952996,0.004376933281949658,0.0013555746039771452,0.55,0.25,0,1075.1060520312274,1072.9470068762444,59.39846173614553,1.0432865984080308,1.135232226629664,1074.6475967038407,0.0013555746039771452,0,SBIN,5m,2026-02-05 06:10:00
1078.5,1078.800048828125,1077.4000244140625,1077.4000244140625,68260,-0.0010199124579856056,0.0020461991648992317,0.001357313523543913,0.5,0.25,0,1075.3245255914974,1073.1216350149823,56.42874581473214,1.104109772447373,1.1290077357932058,1074.700950664079,0.001357313523543913,0,SBIN,5m,2026-02-05 06:15:00
1077.5,1078.0,1076.699951171875,1078.0,69445,0.000556873558884341,0.000742711533967988,0.0012985322781299254,0.45,0.3,0,1075.5793326780215,1073.3129434457674,57.342609586410006,1.1870421091350636,1.1406146104615775,1074.7484705356114,0.0012985322781299254,0,SBIN,5m,2026-02-05 06:20:00
1078.0,1078.5,1077.199951171875,1078.0,119727,0.0,0.0001855178723477735,0.0012927718552488403,0.45,0.3,0,1075.809872422972,1073.496749585149,54.13526933631933,1.2384900411936997,1.160189696608002,1074.8360642692164,0.0012927718552488403,0,SBIN,5m,2026-02-05 06:25:00
1078.0,1079.300048828125,1077.5999755859375,1079.300048828125,89430,0.0012059822153294153,-0.000648102936921302,0.0012359519544483295,0.45,0.3,0,1076.1422701758436,1073.7243299476188,62.96296296296296,1.3683920022729126,1.2018301577409842,1074.9153297589492,0.0012359519544483295,0,SBIN,5m,2026-02-05 06:30:00
1079.4000244140625,1079.5,1076.0,1076.5,125549,-0.0025943191897056517,-0.0004642525533889996,0.0012150017227003619,0.5,0.3,0,1076.176339682906,1073.8331797535945,49.67750064972397,1.2312071136693703,1.2077055489266615,1074.9824543025497,0.0012150017227003619,0,SBIN,5m,2026-02-05 06:35:00
1076.5,1076.5,1075.0999755859375,1075.199951171875,60949,-0.0012076626364375675,-0.0007435398030901652,0.001227496688502027,0.5,0.3,0,1076.083350300903,1073.8867786327428,49.04444237108913,1.0059876264670038,1.16736196443473,1074.9906656791973,0.001227496688502027,0,SBIN,5m,2026-02-05 06:40:00
1075.0999755859375,1075.4000244140625,1074.0,1074.199951171875,96722,-0.000930059566046415,-0.0013016218351062925,0.0012417877963204044,0.5,0.3,0,1075.9039789552812,1073.8990599087872,43.39598016183764,0.7382972860493737,1.0815490287576588,1074.9812143418446,0.0012417877963204044,0,SBIN,5m,2026-02-05 06:45:00
1074.300048828125,1075.5,1073.800048828125,1074.4000244140625,102190,0.00018625325943211202,-0.0013941815837553717,0.0012406111695841475,0.55,0.3,0,1075.7607451894507,1073.9187055756609,53.38350695241155,0.536115001212238,0.9724622232485747,1074.9723569627565,0.0012406111695841475,0,SBIN,5m,2026-02-05 06:50:00
1074.5,1075.5,1074.0999755859375,1075.5,82216,0.0010238045057169298,-0.0013000504989534312,0.001244780160881881,0.5,0.3,0,1075.7359123142649,1073.9807171217135,55.7141486977827,0.4593478447200141,0.8698393475428625,1074.9733873614848,0.001244780160881881,0,SBIN,5m,2026-02-05 06:55:00
1075.5,1075.9000244140625,1073.800048828125,1074.4000244140625,95510,-0.0010227574020804653,-0.0013013797643787184,0.001244834004065082,0.5,0.35,0,1075.608684895198,1073.997160544943,51.33340386227326,0.3062205631802044,0.757115590670331,1074.9681238339201,0.001244834004065082,0,SBIN,5m,2026-02-05 07:00:00
1074.800048828125,1075.5,1074.5999755859375,1074.5999755859375,89846,0.0001861049584246377,-0.001857700209320079,0.0012319659205401138,0.5,0.35,0,1075.512617341935,1074.0208003504722,49.30530242020939,0.19870987410990892,0.6454344473582466,1074.966911543261,0.0012319659205401138,0,SBIN,5m,2026-02-05 07:05:00
1074.5999755859375,1075.0,1074.0999755859375,1074.4000244140625,50500,-0.000186070329813659,-0.0010227574020804653,0.0012128053706035508,0.45,0.4,0,1075.406656110709,1074.0356718823778,47.55262663684633,0.09626283193529162,0.5356001242736557,1074.962288692948,0.0012128053706035508,0,SBIN,5m,2026-02-05 07:10:00
1074.5999755859375,1075.300048828125,1074.4000244140625,1074.699951171875,53315,0.00027915743763684553,-0.0014866650410284565,0.0012011814657257676,0.5,0.4,0,1075.339350878439,1074.0617220505933,44.85284217895899,0.03882682422295147,0.43624546426351485,1074.9606099519308,0.0012011814657257676,0,SBIN,5m,2026-02-05 07:15:00
1074.300048828125,1075.199951171875,1074.0,1074.5,67867,-0.00018605302034024884,0.0009315323707499434,0.001044906592264103,0.5,0.4,0,1075.25941269954,1074.0789094211584,32.455990062963124,-0.022565888683857338,0.34448319367404046,1074.9554896384504,0.001044906592264103,0,SBIN,5m,2026-02-05 07:20:00
1074.5,1074.9000244140625,1074.0999755859375,1074.5999755859375,40524,9.304382125407962e-05,0.0006517842964544052,0.0010421885022287671,0.5,0.4,0,1075.1966091649113,1074.0993433884046,36.53810038029955,-0.062433170986878395,0.26309992074185673,1074.9522385947148,0.0010421885022287671,0,SBIN,5m,2026-02-05 07:25:00
1074.699951171875,1074.9000244140625,1073.699951171875,1073.699951171875,68003,-0.0008375436762612098,-0.00027937507274211626,0.0010599922559412747,0.5,0.45,0,1075.0540703084316,1074.0836809485406,29.906222191799586,-0.1647535514516676,0.17752922630315188,1074.9413654738933,0.0010599922559412747,0,SBIN,5m,2026-02-05 07:30:00
1073.699951171875,1074.0,1073.0999755859375,1073.4000244140625,72853,-0.00027933945371338975,-0.00130259057541815,0.001046075994755199,0.45,0.5,0,1074.8965421280154,1074.0568708883652,29.09078802809867,-0.2669673396019334,0.08862991312213483,1074.9219307493834,0.001046075994755199,0,SBIN,5m,2026-02-05 07:35:00
1073.5,1074.0999755859375,1073.0,1073.5999755859375,59452,0.00018627833736473143,-0.001395219081074317,0.0010446764117002338,0.45,0.55,0,1074.7730596001984,1074.0389534255248,21.211112344171937,-0.328056483677301,0.005292633762247659,1074.9071804827702,0.0010446764117002338,0,SBIN,5m,2026-02-05 07:40:00
1073.5999755859375,1075.5999755859375,1073.5,1074.800048828125,87503,0.001117802970824977,-0.0012079981296391207,0.0010549178906799276,0.45,0.55,0,1074.775630002858,1074.0688003040582,39.75908930462407,-0.27644747485896914,-0.051055387961995706,1074.9028630973783,0.0010549178906799276,0,SBIN,5m,2026-02-05 07:45:00
1074.5,1075.300048828125,1074.300048828125,1074.800048828125,59824,0.0,-0.0034306455001158476,0.0009076871477539377,0.4,0.55,0,1074.7779556052644,1074.0974767167668,47.14345505911897,-0.2328626676667227,-0.0874168439029411,1074.9017666818136,0.0009076871477539377,0,SBIN,5m,2026-02-05 07:50:00
1074.800048828125,1074.9000244140625,1073.0999755859375,1073.4000244140625,89763,-0.00130259057541815,-0.003712641460329791,0.0009236550622998684,0.4,0.6,0,1074.6467240632453,1074.0701256460727,44.5949289826622,-0.3077441803311558,-0.13148231118858406,1074.8844152205352,0.0009236550622998684,0,SBIN,5m,2026-02-05 07:55:00
1073.4000244140625,1073.9000244140625,1072.5,1072.9000244140625,84121,-0.0004658095664502593,-0.0047309606548585625,0.000908575627871877,0.4,0.6,0,1074.480371715704,1074.0242393232488,40.25936964931194,-0.4027910158335999,-0.1857440521175872,1074.8584623293632,0.000908575627871877,0,SBIN,5m,2026-02-05 08:00:00
1073.0999755859375,1074.4000244140625,1072.9000244140625,1074.300048828125,63752,0.0013048973643439155,-0.0034322367086039307,0.0009711635036724779,0.4,0.6,0,1074.463198107363,1074.0350553822636,42.5000762962737,-0.36098483949785987,-0.22079220959364174,1074.8476497260262,0.0009711635036724779,0,SBIN,5m,2026-02-05 08:05:00
1074.199951171875,1074.4000244140625,1073.5,1073.800048828125,56231,-0.0004654193216740987,-0.0050958952572750515,0.0009167864852549409,0.35,0.6,0,1074.4000410331498,1074.025839438964,45.94599053102162,-0.3640029652801786,-0.24943436073094913,1074.838623948009,0.0009167864852549409,0,SBIN,5m,2026-02-05 08:10:00
1073.5999755859375,1074.0,1073.5,1073.800048828125,46000,0.0,-0.0025080828349977047,0.0007336143773510203,0.3,0.55,0,1074.3428989183856,1074.0169849052058,44.444821213611164,-0.36221941180178874,-0.27199137094511705,1074.8303363220048,0.0007336143773510203,0,SBIN,5m,2026-02-05 08:15:00
1073.800048828125,1074.4000244140625,1073.4000244140625,1073.5999755859375,63637,-0.0001863226234770643,-0.0014880725991418542,0.0006884637880367555,0.35,0.55,0,1074.2721443152952,1074.000631598568,44.444067681665594,-0.3726544429343903,-0.2921239853429717,1074.8194328134744,0.0006884637880367555,0,SBIN,5m,2026-02-05 08:20:00
1073.800048828125,1074.0999755859375,1073.0999755859375,1073.699951171875,58269,9.312182210408082e-05,-0.0004654626910516324,0.0006589020005791639,0.35,0.55,0,1074.2176497302075,1073.9888402092859,42.857142857142854,-0.36860800243130143,-0.30742078876063766,1074.8080496339676,0.0006589020005791639,0,SBIN,5m,2026-02-05 08:25:00
1073.699951171875,1074.300048828125,1073.199951171875,1074.0,83956,0.000279453144984787,-0.00037232353404004215,0.0006607872172469449,0.35,0.5,0,1074.1969211844735,1073.9892778481374,46.47892166976136,-0.3373015342388044,-0.31339693785627104,1074.794755536106,0.0006607872172469449,0,SBIN,5m,2026-02-05 08:30:00
1074.0999755859375,1074.0999755859375,1072.300048828125,1072.5,138120,-0.0013966480446927498,-0.002789400278940035,0.0006811964944458517,0.35,0.55,0,1074.0353096430952,1073.9308747952691,37.647379834273984,-0.4285879020737866,-0.33643513069977415,1074.7546371149754,0.0006811964944458517,0,SBIN,5m,2026-02-05 08:35:00
1072.5,1073.4000244140625,1071.300048828125,1072.4000244140625,112168,-9.321732954548079e-05,-0.001861504053009222,0.0006486917783813588,0.3,0.55,0,1073.879568192711,1073.8708414469863,41.55899744764501,-0.5031996284344586,-0.3697880302467111,1074.7128240517727,0.0006486917783813588,0,SBIN,5m,2026-02-05 08:40:00
1072.4000244140625,1072.4000244140625,1070.5,1070.699951171875,126805,-0.0015852976533793361,-0.0036292801997654944,0.0007250237250913916,0.3,0.6,0,1073.57674752406,1073.7464928087466,35.1647909428698,-0.6915400187956493,-0.4341384279564987,1074.6446371640745,0.0007250237250913916,0,SBIN,5m,2026-02-05 08:45:00
1070.5999755859375,1070.5999755859375,1069.5999755859375,1070.5,112214,-0.00018674809096252964,-0.003629955626806125,0.000725023964424552,0.3,0.6,0,1073.28372395034,1073.6191793652663,32.96757837127258,-0.8471698765922611,-0.5167447176836513,1074.5701423472901,0.000725023964424552,0,SBIN,5m,2026-02-05 08:50:00
1070.5,1071.4000244140625,1069.9000244140625,1070.300048828125,96447,-0.00018678297232599395,-0.004094075131344521,0.0007168808652442618,0.3,0.6,0,1072.9995644148908,1073.4890173834176,22.222557116161312,-0.9753982646268469,-0.6084754270722904,1074.512389201277,0.0007168808652442618,0,SBIN,5m,2026-02-05 08:55:00
1070.300048828125,1070.800048828125,1069.199951171875,1070.300048828125,130657,0.0,-0.003908749345625906,0.0007183434154288885,0.3,0.6,0,1072.7424676923415,1073.363959793014,22.222557116161312,-1.064746451666906,-0.6997296319912136,1074.4284972269522,0.0007183434154288885,0,SBIN,5m,2026-02-05 09:00:00
1070.199951171875,1071.199951171875,1069.9000244140625,1070.5,216191,0.00018681786672236633,-0.0038153505295791534,0.0007206286817836367,0.35,0.6,0,1072.5288993406898,1073.2516476442684,28.985404688191053,-1.106664208979737,-0.7811165473889183,1074.3096941865392,0.0007206286817836367,0,SBIN,5m,2026-02-05 09:05:00
1070.300048828125,1070.5999755859375,1069.800048828125,1070.0,97639,-0.0004670714619336991,-0.0034459824346986245,0.0007077779993269362,0.35,0.6,0,1072.2880517844335,1073.1241320503755,28.985404688191053,-1.1667802386809853,-0.8582492856473318,1074.2529472678013,0.0007077779993269362,0,SBIN,5m,2026-02-05 09:10:00
1070.0,1070.800048828125,1069.0999755859375,1069.9000244140625,124912,-9.34351270444056e-05,-0.003260666965151704,0.0007075195630711824,0.4,0.6,0,1072.0606206063028,1072.9976964567945,10.71389645776567,-1.2085583116706857,-0.9283110908520027,1074.179142442955,0.0007075195630711824,0,SBIN,5m,2026-02-05 09:15:00
1070.0,1071.800048828125,1070.0,1071.699951171875,85679,0.0016823317288905404,-0.0017697694274122489,0.0008170094717414206,0.4,0.55,0,1072.0262711363573,1072.946804484837,34.78168565565069,-1.0839337749378046,-0.9594356276691631,1074.1442464873,0.0008170094717414206,0,SBIN,5m,2026-02-05 09:20:00
1071.9000244140625,1072.9000244140625,1071.5999755859375,1072.699951171875,123168,0.0009330969912861864,-0.0019539426505793545,0.0008035928096802608,0.4,0.55,0,1072.09043113974,1072.93712396276,43.03727053587984,-0.8941688669567611,-0.9463822755266827,1074.1156762082517,0.0008035928096802608,0,SBIN,5m,2026-02-05 09:25:00
1072.699951171875,1074.699951171875,1072.699951171875,1074.5,324695,0.0016780543582186613,-0.00027916711434106123,0.0008965341822498172,0.45,0.55,0,1072.3199138883363,1072.9984132191225,54.73703146884598,-0.5917090596915386,-0.875447632359654,1074.109506990889,0.0008965341822498172,0,SBIN,5m,2026-02-05 09:30:00
1074.5,1074.5,1071.800048828125,1073.5999755859375,315332,-0.0008376216045253848,0.00018627833736473143,0.0008668874247181543,0.45,0.55,0,1072.4418245262032,1073.022003900174,49.51467817059151,-0.4197928213925479,-0.7843166701662327,1074.078223627147,0.0008668874247181543,0,SBIN,5m,2026-02-05 09:35:00
1073.5999755859375,1074.699951171875,1072.5999755859375,1073.699951171875,306790,9.312182210408082e-05,0.0007455743681703542,0.0008597320738779297,0.5,0.5,0,1072.5616461115053,1073.0485900676917,48.51458821823105,-0.2723413877058647,-0.6819216136741592,1074.0633089478824,0.0008597320738779297,0,SBIN,5m,2026-02-05 09:40:00
1073.699951171875,1074.0999755859375,1072.5,1073.4000244140625,208214,-0.00027933945371338975,-0.0008377775045661506,0.0008082670106174598,0.45,0.55,0,1072.6414916641297,1073.0623718067652,55.05644176828013,-0.17763893586561608,-0.5810650781124506,1074.045787629985,0.0008082670106174598,0,SBIN,5m,2026-02-05 09:45:00
1073.4000244140625,1074.4000244140625,1072.699951171875,1073.5999755859375,316794,0.00018627833736473143,-0.0001863226234770643,0.0008034032790372782,0.5,0.55,0,1072.732775847159,1073.0834543079093,56.66657624176003,-0.0854669620423465,-0.48194545489842977,1074.0289062531406,0.0008034032790372782,0,SBIN,5m,2026-02-05 09:50:00
1073.5999755859375,1073.5999755859375,1071.5,1072.9000244140625,214146,-0.0006519664565872718,-0.0008381676039638242,0.0008161442731738638,0.5,0.6,0,1072.7487042821022,1073.076260978739,63.751087238490534,-0.06811503088238169,-0.39917937009522014,1073.9972169813298,0.0008161442731738638,0,SBIN,5m,2026-02-05 09:55:00
1069.5999755859375,1072.699951171875,1069.5999755859375,1071.5999755859375,134786,0.002057182646017175,-0.0019558309410795394,0.0011993832806683783,0.5,0.55,0,1072.3507531704822,1072.8798548682414,54.88705932024489,-0.3611461617799705,-0.3809754296258926,1071.2999674479167,0.0011993832806683783,0,SBIN,5m,2026-02-06 03:50:00
1071.699951171875,1073.5,1070.9000244140625,1072.800048828125,61613,0.0011198892026209606,-0.0011172729719506336,0.001227663695982368,0.5,0.55,0,1072.393543233115,1072.8767252196094,58.62083480662053,-0.28339214356969933,-0.36145877241465396,1071.6450700699013,0.001227663695982368,0,SBIN,5m,2026-02-06 03:55:00
1072.5,1072.5,1069.300048828125,1069.800048828125,69669,-0.0027964204543773352,-0.0025174369900932136,0.0013426781482061346,0.5,0.55,0,1072.146543765973,1072.7560712434727,47.97699689528648,-0.45856045245250243,-0.38087910842222367,1071.3539741138718,0.0013426781482061346,0,SBIN,5m,2026-02-06 04:00:00
1069.300048828125,1070.4000244140625,1068.300048828125,1069.0,77723,-0.0007478489358841989,-0.003170481477674514,0.0013498185874058297,0.5,0.55,0,1071.8468729311185,1072.608774331964,47.15906726407635,-0.6543963792912564,-0.43558256259603023,1070.8745529950768,0.0013498185874058297,0,SBIN,5m,2026-02-06 04:05:00
1069.0,1069.800048828125,1068.5999755859375,1069.0999755859375,42273,9.352253127925536e-05,-0.0014943267571706498,0.0013079315213133512,0.5,0.5,0,1071.585263660149,1072.4711743811395,47.72711509384233,-0.7923963164914767,-0.5069453133751195,1070.6875439013493,0.0013079315213133512,0,SBIN,5m,2026-02-06 04:10:00
1069.0999755859375,1070.0,1069.0,1069.9000244140625,26363,0.0007483386459592456,-0.0005604629480966405,0.0013203416626491038,0.55,0.45,0,1071.4247646843312,1072.3703449706659,44.578525888504046,-0.827664209017712,-0.571089092503638,1070.6201575792559,0.0013203416626491038,0,SBIN,5m,2026-02-06 04:15:00
1069.9000244140625,1069.9000244140625,1068.800048828125,1068.800048828125,35625,-0.0010281106279438346,-0.001401476157683379,0.0013389646529666191,0.5,0.5,0,1071.1747917456448,1072.230333357233,38.32361153750566,-0.9336110181766344,-0.6435934776382373,1070.5045925015952,0.0013389646529666191,0,SBIN,5m,2026-02-06 04:20:00
1068.9000244140625,1069.800048828125,1068.5,1069.800048828125,32913,0.0009356286997708185,-0.000467158719227756,0.0013577254658878213,0.5,0.5,0,1071.043863848738,1072.1350280815816,35.220188557565336,-0.9262062559146216,-0.7001160332935141,1070.4267251274239,0.0013577254658878213,0,SBIN,5m,2026-02-06 04:25:00
1069.800048828125,1069.800048828125,1067.5999755859375,1068.4000244140625,49693,-0.0013086785849337756,-0.001961677333897738,0.0013864685447223166,0.45,0.55,0,1070.7920696168642,1071.9885573495221,34.14639592699557,-1.0215326061938867,-0.7643993478735887,1070.2556645894658,0.0013864685447223166,0,SBIN,5m,2026-02-06 04:30:00
1068.4000244140625,1068.5,1066.800048828125,1067.199951171875,61355,-0.0011232433683682208,-0.0026168680636682318,0.0014033410605517244,0.45,0.55,0,1070.449963098294,1071.8007688719674,31.42857142857143,-1.1803094343515568,-0.8475813651691824,1069.970073224265,0.0014033410605517244,0,SBIN,5m,2026-02-06 04:35:00
1067.0999755859375,1067.0999755859375,1064.5999755859375,1065.5999755859375,120022,-0.00149922756666232,-0.004019112748857023,0.0014362303244750349,0.4,0.55,0,1069.9880595256884,1071.5576005078094,29.25524316602818,-1.4188897945002736,-0.9618430510354007,1069.2615347506216,0.0014362303244750349,-1,SBIN,5m,2026-02-06 04:40:00
1065.800048828125,1068.0,1063.699951171875,1067.300048828125,96157,0.0015954141151821588,-0.004105535638906033,0.0014303531429814204,0.4,0.6,0,1069.7320585068728,1071.3906376968414,34.48306965165155,-1.4540236665277462,-1.06027917413387,1068.9131434479582,0.0014303531429814204,-1,SBIN,5m,2026-02-06 04:45:00
1067.5999755859375,1070.0,1067.300048828125,1068.9000244140625,63432,0.0014990869603108692,-0.0035423948268676897,0.0014593543907436078,0.4,0.6,0,1069.6528171647003,1071.292966587713,40.56612464876319,-1.337346754092323,-1.1156926901255606,1068.900059633655,0.0014593543907436078,-1,SBIN,5m,2026-02-06 04:50:00
1068.5,1068.9000244140625,1061.5999755859375,1061.5999755859375,145278,-0.0068294963620444404,-0.012005606713878514,0.0020218575536414076,0.35,0.65,-1,1068.8858798714848,1070.9128492935256,34.400054686965944,-1.8130328773156634,-1.2551607275635812,1068.2047817743003,0.0020218575536414076,-1,SBIN,5m,2026-02-06 04:55:00
1062.0999755859375,1062.0999755859375,1058.699951171875,1058.9000244140625,235733,-0.0025432848850479584,-0.01369220520320169,0.002067780323289771,0.35,0.65,-1,1067.934846018397,1070.441758121782,25.098373368821143,-2.3804408123289704,-1.480216744516659,1066.6419043528638,0.002067780323289771,-1,SBIN,5m,2026-02-06 05:00:00
1058.9000244140625,1059.5,1056.9000244140625,1058.300048828125,143443,-0.000566602674572092,-0.01434283602876385,0.00205992653241865,0.3,0.7,-1,1067.01724628599,1069.9656126592859,20.883705424988477,-2.8457249584416786,-1.753318387301663,1065.7779503683958,0.00205992653241865,-1,SBIN,5m,2026-02-06 05:05:00
1058.0999755859375,1058.0999755859375,1052.4000244140625,1053.5999755859375,151041,-0.004441153761064243,-0.018446104320645307,0.002217264490659254,0.3,0.7,-1,1065.739410981223,1069.3238229701349,19.54898604463331,-3.5527685229103554,-2.1132084144234016,1064.6964395532823,0.002217264490659254,-1,SBIN,5m,2026-02-06 05:10:00
1053.5999755859375,1057.4000244140625,1053.300048828125,1057.300048828125,102713,0.003511838769861164,-0.015182495462443102,0.002420607976460404,0.25,0.7,-1,1064.9356622047376,1068.852302415546,30.169738399278344,-3.7710701051212254,-2.4447807525629663,1064.1550309635386,0.002420607976460404,-1,SBIN,5m,2026-02-06 05:15:00
1057.199951171875,1058.300048828125,1055.5,1055.800048828125,147804,-0.001418707964368826,-0.015938088542104545,0.0024248438416675957,0.3,0.65,-1,1064.0656037879173,1068.3404493336864,28.47926995476722,-4.01878707004289,-2.7595820160589515,1063.5283676205668,0.0024248438416675957,-1,SBIN,5m,2026-02-06 05:20:00
1056.0,1056.699951171875,1054.5999755859375,1056.4000244140625,67062,0.0005682662987214204,-0.012156349077252826,0.00237082278011352,0.3,0.65,-1,1063.335548609455,1067.8721973760541,28.01316919553392,-4.119207869664024,-3.031507186779966,1063.2540204174945,0.00237082278011352,-1,SBIN,5m,2026-02-06 05:25:00
1056.4000244140625,1057.5,1056.0,1056.5,92965,9.463800040410142e-05,-0.014091056298952465,0.0022940479563157406,0.3,0.65,-1,1062.6845439799831,1067.426228851503,29.292983263735906,-4.142967334082641,-3.2537992162405014,1062.9412018468593,0.0022940479563157406,-1,SBIN,5m,2026-02-06 05:30:00
1056.300048828125,1058.5999755859375,1056.300048828125,1058.0999755859375,76677,0.0015144113449478969,-0.013702528498432787,0.0023122064479031163,0.3,0.65,-1,1062.2479184186454,1067.0604934293242,30.69305734049368,-3.9867356160557392,-3.400386496203549,1062.7423975496367,0.0023122064479031163,-1,SBIN,5m,2026-02-06 05:35:00
1058.0999755859375,1058.300048828125,1055.199951171875,1056.800048828125,85146,-0.0012285481408244037,-0.012151803520891957,0.0022629817147836375,0.3,0.65,-1,1061.7290736957389,1066.6581230528066,30.79478898459574,-3.9225968248792924,-3.5048285619386976,1062.5023354799077,0.0022629817147836375,-1,SBIN,5m,2026-02-06 05:40:00
1056.5999755859375,1056.800048828125,1054.9000244140625,1056.5,58483,-0.00028392204226113105,-0.011693171188026152,0.002263857725500044,0.3,0.65,-1,1061.231066677097,1066.25976528603,31.740728087790487,-3.8515791961456216,-3.5741786887800826,1062.3295250352242,0.002263857725500044,-1,SBIN,5m,2026-02-06 05:45:00
1056.4000244140625,1057.699951171875,1056.0999755859375,1057.4000244140625,72941,0.0008518924884641788,-0.01094373906936319,0.002282107067662476,0.35,0.65,-1,1060.866205509189,1065.9123244675213,35.66446997763474,-3.680249144065556,-3.5953927798371774,1062.158980971067,0.002282107067662476,-1,SBIN,5m,2026-02-06 05:50:00
1057.4000244140625,1057.800048828125,1054.199951171875,1054.9000244140625,83536,-0.002364289712765366,-0.014020001549410965,0.0022951767544460992,0.35,0.7,-1,1060.2979977858436,1065.480469563464,28.91154061740953,-3.7035062355234913,-3.61701547097444,1061.925466971922,0.0022951767544460992,0,SBIN,5m,2026-02-06 05:55:00
1055.199951171875,1057.199951171875,1054.9000244140625,1057.199951171875,76505,0.002180231969460822,-0.01085338428733118,0.002381760282278732,0.35,0.65,-1,1060.0029457273704,1065.1557433520293,30.56464662440841,-3.496052463415708,-3.5928228694626942,1061.7511882114586,0.002381760282278732,0,SBIN,5m,2026-02-06 06:00:00
1057.199951171875,1059.300048828125,1056.5999755859375,1058.5999755859375,57189,0.0013242758973934787,-0.010469314573743227,0.0023960001493849373,0.4,0.6,-1,1059.8693295234243,1064.8986544200257,43.80164038618686,-3.1819935438227276,-3.510657004334701,1061.6681316576874,0.0023960001493849373,0,SBIN,5m,2026-02-06 06:05:00
1058.5,1060.800048828125,1058.300048828125,1058.699951171875,115032,9.444132650981985e-05,-0.009079064976161177,0.002392334462019989,0.45,0.55,0,1059.7579601566101,1064.6555680181375,49.53686697146603,-2.8916986906331203,-3.386865341594385,1061.5611920312972,0.002392334462019989,0,SBIN,5m,2026-02-06 06:10:00
1058.5999755859375,1060.5,1058.4000244140625,1060.5,52659,0.0017002445557237067,-0.006278065478280692,0.0024336649282694516,0.45,0.5,0,1059.8286306178852,1064.4926045664458,54.824443992333144,-2.4877122331481587,-3.2070347199051397,1061.5260068534024,0.0024336649282694516,0,SBIN,5m,2026-02-06 06:15:00
1060.5,1060.5999755859375,1058.5,1058.9000244140625,71095,-0.0015086992795261267,-0.006287491859401473,0.002433909023925472,0.5,0.45,0,1059.7401919318067,1064.273287697725,63.451933920759444,-2.270482009972511,-3.019724177918614,1061.4684182366802,0.002433909023925472,0,SBIN,5m,2026-02-06 06:20:00
1059.0,1059.5999755859375,1057.5,1058.800048828125,218874,-9.44145657120199e-05,-0.007964020997968557,0.0023931811549923383,0.45,0.45,0,1059.650654493361,1064.0586508793094,54.658427477443325,-2.0823882122317627,-2.832256984781244,1061.2563310837872,0.0023931811549923383,0,SBIN,5m,2026-02-06 06:25:00
1059.0,1059.9000244140625,1058.199951171875,1058.300048828125,33570,-0.0004722326945049149,-0.009916713765394491,0.002351206352820397,0.45,0.45,0,1059.5220253823861,1063.8328233478906,58.27822600203722,-1.95117639676846,-2.656040867178688,1061.2284674637299,0.002351206352820397,0,SBIN,5m,2026-02-06 06:30:00
1057.300048828125,1058.199951171875,1056.699951171875,1057.800048828125,64031,-0.000472455803582017,-0.00357943372758196,0.0018194328842590533,0.45,0.45,0,1059.3580276153136,1063.5962439549585,54.6667860252769,-1.8660255282798062,-2.4980377993989116,1061.1509157896357,0.0018194328842590533,0,SBIN,5m,2026-02-06 06:35:00
1057.699951171875,1058.4000244140625,1057.0999755859375,1058.0,40810,0.00018902548936017283,-0.0008499616520082354,0.0017329868266855633,0.5,0.4,0,1059.2286916519504,1063.3767834077053,54.96693560122233,-1.762096115858185,-2.3508494626907663,1061.1067313192966,0.0017329868266855633,0,SBIN,5m,2026-02-06 06:40:00
1058.0,1058.0,1056.199951171875,1056.300048828125,101914,-0.0016067591416587534,-0.001889823214328179,0.0017649017806702148,0.5,0.4,0,1058.9497732877767,1063.0992644045846,44.079121726350614,-1.7961977111092438,-2.2399191123744617,1060.969175448211,0.0017649017806702148,0,SBIN,5m,2026-02-06 06:45:00
1056.300048828125,1056.300048828125,1053.5,1053.9000244140625,94222,-0.002272104802726438,0.00028478439168355685,0.0015353710567165492,0.5,0.4,0,1058.4688448236134,1062.7385098951524,41.104179616412914,-1.9939009345946488,-2.1907154768184993,1060.7841476330511,0.0015353710567165492,0,SBIN,5m,2026-02-06 06:50:00
1053.5,1054.0,1053.0999755859375,1053.5,146070,-0.0003795658077576647,-0.0035941063583009303,0.0012970278984167295,0.5,0.45,0,1057.9956215070788,1062.3762153894602,40.85360407300443,-2.157984884206826,-2.184169358296165,1060.4732263238043,0.0012970278984167295,0,SBIN,5m,2026-02-06 06:55:00
1053.4000244140625,1053.4000244140625,1051.0,1052.0,206718,-0.0014238253440911341,-0.0035992125898676175,0.0012972857661226575,0.45,0.5,0,1057.4246099349762,1061.9693049820305,34.1174612064942,-2.381606384510178,-2.2236567635389677,1059.9960771674819,0.0012972857661226575,0,SBIN,5m,2026-02-06 07:00:00
1052.0999755859375,1054.0,1052.0999755859375,1053.5999755859375,45430,0.0015208893402447465,-0.002650557330001968,0.0013428718958627514,0.5,0.45,0,1057.0603590445915,1061.6410959861055,45.96254454469634,-2.402034221089025,-2.2593322550489794,1059.9121010206031,0.0013428718958627514,0,SBIN,5m,2026-02-06 07:05:00
1053.699951171875,1054.5,1053.0999755859375,1054.5,42024,0.0008542373148423543,-0.0018930430667297715,0.0013602437429214688,0.5,0.45,0,1056.8165153260588,1061.361053006258,40.81646210825264,-2.318868507644993,-2.271239505568182,1059.845341465494,0.0013602437429214688,0,SBIN,5m,2026-02-06 07:10:00
1054.5,1056.0,1054.0,1055.300048828125,246886,0.0007586996947606117,-0.0026461835577133996,0.0013232091476503885,0.5,0.45,0,1056.6720899453032,1061.1233665679,38.29811180274789,-2.163462774268055,-2.2496841593081567,1059.5485557088462,0.0013232091476503885,0,SBIN,5m,2026-02-06 07:15:00
1055.199951171875,1056.300048828125,1055.0,1055.5999755859375,49773,0.000284209934554136,-0.0011355726596703475,0.0013002445186829216,0.55,0.4,0,1056.5699838158398,1060.9067629999797,39.16086900849375,-1.9931255178735228,-2.1983724310212303,1059.4998041782324,0.0013002445186829216,0,SBIN,5m,2026-02-06 07:20:00
1055.5999755859375,1056.9000244140625,1055.0,1056.800048828125,38324,0.001136863650950115,0.00028400267688111214,0.001325700236212593,0.6,0.35,0,1056.5918947693908,1060.7457153853973,36.496480441949565,-1.7412243829412546,-2.1069428214052355,1059.468784215507,0.001325700236212593,0,SBIN,5m,2026-02-06 07:25:00
1056.699951171875,1056.800048828125,1055.5,1056.0,39898,-0.0007570484397801946,-0.0013240253279153125,0.0013210538722809742,0.55,0.35,0,1056.5355238389727,1060.5596088996954,38.75961656746502,-1.587844489919462,-2.0031231551080806,1059.435804681061,0.0013210538722809742,0,SBIN,5m,2026-02-06 07:30:00
1056.0999755859375,1056.9000244140625,1056.0,1056.5999755859375,24750,0.000568158698804444,0.0016114808347067466,0.001210591513164902,0.55,0.3,0,1056.5416621005884,1060.404329161901,41.79078644111029,-1.4017186638598105,-1.8828422568584267,1059.4180833963844,0.001210591513164902,0,SBIN,5m,2026-02-06 07:35:00
1056.5999755859375,1057.0,1054.0999755859375,1054.5,73357,-0.0019874840379141556,-0.0025538699362236406,0.0011887676438248993,0.6,0.35,0,1056.3472180910085,1060.1727868418263,37.333170572916664,-1.4074390045561813,-1.7877616063979778,1059.3439439853496,0.0011887676438248993,0,SBIN,5m,2026-02-06 07:40:00
1054.4000244140625,1055.0999755859375,1054.0,1054.5,47276,0.0,-0.003873016890698633,0.001139528395546351,0.55,0.4,0,1056.1712925585314,1059.9503246127351,38.62052128232759,-1.3958815620298992,-1.7093855975243621,1059.2900622666737,0.001139528395546351,0,SBIN,5m,2026-02-06 07:45:00
1054.5,1054.5,1053.0999755859375,1054.199951171875,38517,-0.00028454132586530623,-0.004250496087223721,0.0011376396123786413,0.5,0.45,0,1055.9835457598022,1059.724819771917,36.986221196615496,-1.3948546225560676,-1.6464794025307032,1059.24162175348,0.0011376396123786413,0,SBIN,5m,2026-02-06 07:50:00
1054.199951171875,1054.199951171875,1054.0999755859375,1054.0999755859375,5046,-9.48355061355377e-05,-0.006034912224481381,0.0010459185186899255,0.5,0.45,0,1055.804158124196,1059.5042376469767,41.53825929368902,-1.3861295215895097,-1.5944094263424646,1059.235577177241,0.0010459185186899255,0,SBIN,5m,2026-02-06 07:55:00
1055.0,1055.5999755859375,1054.300048828125,1055.0999755859375,89390,0.0009486766181208139,-0.0035886757394568702,0.0010410410294693045,0.5,0.45,0,1055.7370931205523,1059.3315214877202,55.17215978448458,-1.283725188677181,-1.5322725788094078,1059.1486145877566,0.0010410410294693045,0,SBIN,5m,2026-02-06 08:00:00
1055.4000244140625,1056.5999755859375,1054.5999755859375,1056.4000244140625,38124,0.0012321570071149868,-0.0022667399918604447,0.00108793333100723,0.55,0.4,0,1055.80022943422,1059.216560818165,61.59998437515258,-1.085156928013248,-1.442849448650176,1059.1201256790541,0.00108793333100723,0,SBIN,5m,2026-02-06 08:05:00
1056.300048828125,1057.4000244140625,1056.199951171875,1057.0,32620,0.0005679435555392409,-0.0012284312275753217,0.0010946930020699903,0.55,0.4,0,1055.9144932976276,1059.1296368645114,71.55154270320327,-0.8693557433953174,-1.3281507075992045,1059.1035119898775,0.0010946930020699903,0,SBIN,5m,2026-02-06 08:10:00
1057.0,1057.5,1056.5999755859375,1057.199951171875,30906,0.00018916856374162627,-0.0005673072684340141,0.0010915936062366736,0.6,0.35,0,1056.0369178570797,1059.0539629157806,67.64681243193432,-0.6744230324095497,-1.1974051725612738,1059.0896141315886,0.0010915936062366736,0,SBIN,5m,2026-02-06 08:15:00
1057.0,1058.699951171875,1057.0,1058.300048828125,36095,0.0010405767187471326,0.00028360002658311956,0.0011168123204827937,0.6,0.35,0,1056.2524541400364,1059.024397657441,68.26920819737552,-0.4262551633903513,-1.0431751707270893,1059.0808577750252,0.0011168123204827937,0,SBIN,5m,2026-02-06 08:20:00
1058.300048828125,1059.300048828125,1058.0999755859375,1059.0999755859375,44489,0.0007558600783381664,0.0026506926331384406,0.0010597636466616182,0.65,0.3,0,1056.5236466586937,1059.0273614977743,68.2688357571276,-0.1631522179413878,-0.8671705801699491,1059.0784300815112,0.0010597636466616182,0,SBIN,5m,2026-02-06 08:25:00
1059.199951171875,1060.800048828125,1059.0999755859375,1060.0,52457,0.0008498011847886122,0.005788002129830883,0.0009055807643823217,0.7,0.25,0,1056.8547279292943,1059.0655041841362,69.99988902822012,0.11663867226957336,-0.6704087296820447,1059.0885847472862,0.0009055807643823217,0,SBIN,5m,2026-02-06 08:30:00
1059.800048828125,1060.5,1059.5999755859375,1059.800048828125,41978,-0.00018863318101414173,0.005980112793664061,0.0008991453678445232,0.7,0.2,0,1057.1352346815638,1059.0943098564496,65.0,0.31856832271500934,-0.47261331920263394,1059.0965451540326,0.0008991453678445232,0,SBIN,5m,2026-02-06 08:35:00
1059.800048828125,1059.9000244140625,1058.5,1058.9000244140625,37298,-0.0008492398307187177,0.006558958568500417,0.0008489972385838549,0.7,0.2,0,1057.3033098941828,1059.0866908194932,64.35659120849903,0.4013480862133747,-0.2978210381194322,1059.0965728901517,0.0008489972385838549,0,SBIN,5m,2026-02-06 08:40:00
1058.699951171875,1059.5,1058.0999755859375,1058.9000244140625,30564,0.0,0.005030418518354063,0.0008033437471905523,0.65,0.25,0,1057.455377943695,1059.0793705683,62.105520148026315,0.4616302589120096,-0.14593077871314386,1059.0948604429998,0.0008033437471905523,0,SBIN,5m,2026-02-06 08:45:00
1059.0,1059.699951171875,1058.300048828125,1058.300048828125,34822,-0.000566602674572092,0.0036036499081317785,0.0008100081653812045,0.65,0.25,0,1057.5358227898312,1059.0488089314304,73.75030517578125,0.4557378374026939,-0.025597055489976303,1059.0924460307829,0.0008100081653812045,0,SBIN,5m,2026-02-06 08:50:00
1058.4000244140625,1059.199951171875,1058.0999755859375,1058.699951171875,29046,0.0003778723663414585,0.0032217399663019286,0.0008001086133918889,0.6,0.3,0,1057.6466921595497,1059.0351282349773,75.0,0.47782871592198717,0.07508809879241639,1059.089848836984,0.0008001086133918889,0,SBIN,5m,2026-02-06 08:55:00
1058.800048828125,1059.5999755859375,1058.0999755859375,1059.5,41218,0.0007556898696741143,0.0036946044943755307,0.0008107996659998082,0.6,0.3,0,1057.823197668164,1059.0533585002722,79.77588193339551,0.5535126017243783,0.1707729993788088,1059.0896497719502,0.0008107996659998082,0,SBIN,5m,2026-02-06 09:00:00
1059.5999755859375,1059.9000244140625,1059.0,1059.5999755859375,44511,9.436110046001644e-05,0.0026494385204820503,0.0007792631725688947,0.6,0.3,0,1057.992414612714,1059.0747944644158,80.89921544960772,0.6144765179492424,0.25951370309289556,1059.0934173766661,0.0007792631725688947,0,SBIN,5m,2026-02-06 09:05:00
1059.5,1060.9000244140625,1059.5,1060.300048828125,95510,0.000660695789276966,0.004072015935724371,0.0007582770822552227,0.65,0.3,0,1058.212189299896,1059.1228436551496,80.2330697931896,0.7110839870983909,0.3498277598939946,1059.1154416384577,0.0007582770822552227,0,SBIN,5m,2026-02-06 09:10:00
1060.300048828125,1060.4000244140625,1059.5,1060.0,56982,-0.0002829848291119319,0.003217891815847418,0.0007606138751641386,0.6,0.3,0,1058.3824569856201,1059.157241943183,73.68412598981674,0.7547345594064154,0.43080911979647885,1059.125141805659,0.0007606138751641386,0,SBIN,5m,2026-02-06 09:15:00
1059.699951171875,1063.0,1059.699951171875,1062.5,85956,0.002358490566037652,0.007586533902323334,0.0007348971352710443,0.6,0.25,0,1058.7746039393705,1059.2883304944307,78.94736842105263,0.9797629615350161,0.5405998881441864,1059.1692179902493,0.0007348971352710443,0,SBIN,5m,2026-02-06 09:20:00
1062.5999755859375,1064.4000244140625,1062.4000244140625,1064.4000244140625,70811,0.0017882582720587514,0.009388358856389223,0.0007929510617458212,0.65,0.2,0,1059.3103582702936,1059.4887890795144,82.1429739185404,1.2964707744492898,0.6917740654052071,1059.2318860541252,0.0007929510617458212,0,SBIN,5m,2026-02-06 09:25:00
1064.199951171875,1066.4000244140625,1064.199951171875,1065.699951171875,245140,0.0012212765201016218,0.010908746473774933,0.00078925301549037,0.7,0.15,0,1059.918890927587,1059.7323640635286,82.45599006296312,1.6335269416072151,0.8801246406456088,1059.513286108724,0.00078925301549037,0,SBIN,5m,2026-02-06 09:30:00
1065.5999755859375,1066.5,1064.5999755859375,1064.800048828125,255886,-0.0008444237449390934,0.010150909297042432,0.0008374583254390425,0.75,0.15,0,1060.3837631085905,1059.9310967993952,74.78319020879553,1.8071995130515006,1.065539615126787,1059.7749835002865,0.0008374583254390425,0,SBIN,5m,2026-02-06 09:35:00
1064.5999755859375,1068.0,1064.199951171875,1067.4000244140625,332654,0.002441750062651682,0.01165770932872423,0.0009393935765288869,0.75,0.2,0,1061.0519784710164,1060.223995921539,78.03075841787428,2.130078360633206,1.278447364228071,1060.150252580138,0.0009393935765288869,0,SBIN,5m,2026-02-06 09:40:00
1067.4000244140625,1068.699951171875,1066.699951171875,1068.0999755859375,246747,0.0006557533781763603,0.011075303768915079,0.0009270973258227506,0.75,0.2,0,1061.723216291485,1060.5328578691624,80.29208136934304,2.4146082821575874,1.5056795478139744,1060.4541773281105,0.0009270973258227506,1,SBIN,5m,2026-02-06 09:45:00
1068.0999755859375,1068.4000244140625,1065.9000244140625,1066.9000244140625,275025,-0.0011234446206374038,0.009366153655688159,0.0009997912174275526,0.7,0.25,0,1062.2162456364924,1060.7825506748447,78.57192682629092,2.5142910812403443,1.7074018544992486,1060.7334197242205,0.0009997912174275526,1,SBIN,5m,2026-02-06 09:50:00
1067.0999755859375,1067.0999755859375,1065.300048828125,1066.0,201472,-0.000843588333927392,0.00832392095588963,0.0010407131377795328,0.65,0.3,0,1062.5766031949217,1060.9871565307333,73.82577278201525,2.4919404311806375,1.8643095698355263,1060.8954563753896,0.0010407131377795328,1,SBIN,5m,2026-02-06 09:55:00
1131.4000244140625,1135.300048828125,1129.300048828125,1130.800048828125,1942683,-0.0007068988821763433,0.06769906042394158,0.013732670667039234,0.65,0.3,1,1075.0216663864255,1066.3854538324417,94.8943169518528,11.591751177668357,4.740160766956405,1131.800048828125,0.013732670667039234,1,SBIN,5m,2026-02-09 03:50:00
1130.800048828125,1136.699951171875,1130.300048828125,1131.5999755859375,989722,0.000707398941697468,0.06754714677918638,0.013734081224441207,0.65,0.3,1,1080.410076786379,1068.942886058069,94.89430919027386,14.58894831243515,6.7099182760521545,1132.1600424463388,0.013734081224441207,1,SBIN,5m,2026-02-09 03:55:00
1131.5999755859375,1133.4000244140625,1126.199951171875,1127.0,934828,-0.004065019163291939,0.06340814123020788,0.013813912300849305,0.65,0.35,1,1084.8472123305335,1071.2196356244194,89.7407291713151,16.403974245212567,8.648729469884238,1131.3639312471923,0.013813912300849305,1,SBIN,5m,2026-02-09 04:00:00
1127.300048828125,1129.300048828125,1126.0,1127.199951171875,722807,0.00017741896350931263,0.06450082650211098,0.013800107322088157,0.65,0.35,1,1088.8808065058993,1073.4149421164764,89.67986423046068,17.65501375331928,10.449986326571246,1130.755466712463,0.013800107322088157,1,SBIN,5m,2026-02-09 04:05:00
1127.0,1129.0,1125.5,1128.199951171875,416217,0.0008871540483659235,0.06544520271983112,0.01379064447727218,0.65,0.35,1,1092.625486950278,1075.563373844139,90.11784879278949,18.513748253934864,12.06273871204397,1130.490350566203,0.01379064447727218,1,SBIN,5m,2026-02-09 04:10:00
1127.699951171875,1130.800048828125,1126.300048828125,1126.9000244140625,538040,-0.0011522130952604792,0.0648209131823243,0.013799818966342664,0.65,0.35,1,1095.8897286134954,1077.5765758272732,88.42509304646131,18.87186519249576,13.424564008134329,1130.2486812750853,0.013799818966342664,1,SBIN,5m,2026-02-09 04:15:00
1127.199951171875,1128.0,1122.5999755859375,1124.0,1015521,-0.0025734531468932786,0.061679467119880815,0.013847645740945486,0.65,0.35,1,1098.566897316972,1079.3971022654193,85.14172773821502,18.706036171813366,14.480858440870136,1129.4154939638693,0.013847645740945486,1,SBIN,5m,2026-02-09 04:20:00
1124.0,1126.0,1123.0,1124.800048828125,1104142,0.0007117872136344072,0.06163289176793296,0.013848037847327334,0.6,0.35,1,1101.0652926989867,1081.1776099737608,85.05362143814926,18.426760507461495,15.270038854188408,1128.721731057331,0.013848037847327334,1,SBIN,5m,2026-02-09 04:25:00
1124.699951171875,1129.5999755859375,1124.5,1128.5,662789,0.003289430130919646,0.06502456210039287,0.013830169296842639,0.6,0.35,1,1103.6781219657498,1083.0333899747898,86.56730014575625,18.29311601482891,15.87465428631651,1128.6271368365994,0.013830169296842639,0,SBIN,5m,2026-02-09 04:30:00
1128.5999755859375,1133.0999755859375,1128.5999755859375,1130.699951171875,1142992,0.0019494472059149448,0.06639620777303379,0.01382050695843751,0.6,0.35,1,1106.2516295091903,1084.9026668844795,86.50532282613133,18.155434913060162,16.33081041166524,1128.8893961746417,0.01382050695843751,0,SBIN,5m,2026-02-09 04:35:00
1130.800048828125,1131.699951171875,1127.9000244140625,1128.4000244140625,446288,-0.0020340734563831786,0.0645283249189268,0.013849960381439859,0.6,0.4,1,1108.3610004525115,1086.6084456111298,84.14515794566945,17.657195620019138,16.596087453336022,1128.9093763326946,0.013849960381439859,0,SBIN,5m,2026-02-09 04:40:00
1128.4000244140625,1131.4000244140625,1128.300048828125,1129.9000244140625,601195,0.0013293158166838293,0.06343531709558814,0.013855237424517374,0.55,0.4,0,1110.4123360678973,1088.306154583794,85.55320415316447,17.18527371669643,16.713924706008104,1128.9640996829326,0.013855237424517374,0,SBIN,5m,2026-02-09 04:45:00
1130.0,1132.9000244140625,1129.9000244140625,1131.300048828125,457577,0.0012390692838408768,0.06285233265650292,0.01385865902892862,0.55,0.4,0,1112.4016420450619,1089.9921896521992,86.64440803174116,16.731373617873487,16.71741448838118,1129.0642722772056,0.01385865902892862,0,SBIN,5m,2026-02-09 04:50:00
1131.300048828125,1131.699951171875,1130.0,1130.699951171875,409845,-0.0005304495981164337,0.06099277749663412,0.013876948592719731,0.5,0.4,0,1114.1443381523775,1091.5885724568923,48.132708623527925,16.137211919802894,16.601373974665524,1129.126756959403,0.013876948592719731,0,SBIN,5m,2026-02-09 04:55:00
1130.5999755859375,1134.300048828125,1130.0999755859375,1133.300048828125,442963,0.0022995469784492517,0.06433132687718057,0.013848256530585686,0.5,0.4,0,1115.9686915500677,1093.224316628313,54.82627302377317,15.695215964607314,16.420142372653885,1129.2555880306859,0.013848256530585686,0,SBIN,5m,2026-02-09 05:00:00
1133.0,1136.199951171875,1132.9000244140625,1134.699951171875,587146,0.0012352442278613651,0.06305033278854943,0.01385440519361971,0.5,0.35,0,1117.7526210378587,1094.8508121006098,55.84903748266825,15.281733098760697,16.192460517875247,1129.5083466051012,0.01385440519361971,0,SBIN,5m,2026-02-09 05:05:00
1134.5999755859375,1135.800048828125,1134.300048828125,1135.4000244140625,297837,0.0006169677203780033,0.06300912870183861,0.013854775345822821,0.45,0.35,0,1119.4333261213067,1096.4409772893725,68.5841448857345,14.83947478046548,15.921863370393295,1129.6409135270314,0.013854775345822821,0,SBIN,5m,2026-02-09 05:10:00
1135.5,1136.5,1135.199951171875,1136.199951171875,306520,0.0007045329757020546,0.06495447105821528,0.013831125962828457,0.5,0.3,0,1121.0301475546942,1098.0001527357454,69.39659254738126,14.387677095467325,15.615026115408103,1129.7898453339394,0.013831125962828457,0,SBIN,5m,2026-02-09 05:15:00
1136.300048828125,1139.5,1135.5999755859375,1139.300048828125,773837,0.002728478955708935,0.06876177188379451,0.013798657378277662,0.55,0.25,0,1122.7701381521638,1099.6197565040738,71.93690955234538,14.117043655634461,15.315429623453376,1130.2579472619962,0.013798657378277662,0,SBIN,5m,2026-02-09 05:20:00
1139.300048828125,1139.5999755859375,1138.0,1138.300048828125,386144,-0.0008777319030475184,0.005920884929957904,0.0018250567551579672,0.55,0.25,0,1124.2491772641602,1101.13663071286,72.79993750030518,13.664358839176884,14.985215466598078,1130.4860371843613,0.0018250567551579672,0,SBIN,5m,2026-02-09 05:25:00
1138.5999755859375,1139.4000244140625,1136.699951171875,1137.699951171875,404354,-0.0005271875871988296,0.006101788155121302,0.0018202912023028196,0.5,0.3,0,1125.530203350609,1102.5704864171353,80.17584426758442,13.106101020779533,14.60939257743437,1130.6925270570985,0.0018202912023028196,0,SBIN,5m,2026-02-09 05:30:00
1137.5999755859375,1138.0,1136.0,1136.4000244140625,305055,-0.001142591907887125,0.0042418247894000505,0.0018456365782318154,0.45,0.35,0,1126.5654244042714,1103.8971349660346,74.99986845913025,12.415664401517006,14.170646942250897,1130.8176650757614,0.0018456365782318154,0,SBIN,5m,2026-02-09 05:35:00
1136.5999755859375,1137.699951171875,1135.800048828125,1136.699951171875,272223,0.000263927095537575,0.008606877703527083,0.0015472014451062535,0.45,0.35,0,1127.5306174297575,1105.1835199152833,70.70689633913268,11.757160758541204,13.68794970550896,1130.9238853606996,0.0015472014451062535,0,SBIN,5m,2026-02-09 05:40:00
1136.699951171875,1137.5,1134.699951171875,1136.699951171875,381721,0.0,0.008427963459476162,0.001549231514346152,0.45,0.35,0,1128.4038873099591,1106.419458395934,67.04535996670828,11.107254362950243,13.171810636997217,1131.0559214269927,0.001549231514346152,0,SBIN,5m,2026-02-09 05:45:00
1136.699951171875,1138.699951171875,1136.5,1138.5,238319,0.0015835742988017376,0.009129630627466634,0.0015679767669453278,0.5,0.3,0,1129.3654218518677,1107.6775188509955,79.53171288860335,10.61508368189061,12.660465245975896,1131.1592795393879,0.0015679767669453278,0,SBIN,5m,2026-02-09 05:50:00
1138.300048828125,1139.0999755859375,1137.5999755859375,1137.699951171875,293817,-0.0007027218516688638,0.00958374880098889,0.001546795384417942,0.5,0.3,0,1130.1591865490113,1108.8548691380888,73.77987510327426,10.044688698396612,12.137309936460039,1131.2867532117496,0.001546795384417942,0,SBIN,5m,2026-02-09 05:55:00
1138.0,1138.0,1136.300048828125,1136.800048828125,390650,-0.0007909838994218932,0.011387943797264155,0.0014067222536100802,0.5,0.3,0,1130.7916496232126,1109.9507585376982,67.29543814393416,9.411541573383602,11.592156263844752,1131.4230959150268,0.0014067222536100802,0,SBIN,5m,2026-02-09 06:00:00
1136.9000244140625,1139.0,1136.5,1138.800048828125,194859,0.0017593243438560613,0.012446656643183784,0.0014316664025427683,0.55,0.3,0,1131.5543543093947,1111.0821032549698,73.41062079281974,8.96777625807863,11.06728026269153,1131.5011902078268,0.0014316664025427683,0,SBIN,5m,2026-02-09 06:05:00
1139.0,1139.4000244140625,1138.300048828125,1139.0,213924,0.0001755805789442899,0.009304386353566674,0.0012881731419405837,0.55,0.3,0,1132.2634634227857,1112.1769227351672,69.12747828936588,8.53385052039016,10.560594314231256,1131.5949905398008,0.0012881731419405837,0,SBIN,5m,2026-02-09 06:10:00
1139.0,1139.0,1137.199951171875,1137.800048828125,195640,-0.0010535128813652372,0.00627938265044703,0.0012809041805461171,0.5,0.35,0,1132.7907572709132,1113.1817512094008,60.54458487651758,8.00090575469676,10.048656602324359,1131.668400110808,0.0012809041805461171,0,SBIN,5m,2026-02-09 06:15:00
1137.800048828125,1138.0,1135.300048828125,1136.0999755859375,232495,-0.0014941757507731523,0.006823777920310858,0.0012336354117533479,0.5,0.35,0,1133.1059209199632,1114.08050510652,52.22915079229322,7.3565596453927355,9.510237210938035,1131.7328761947026,0.0012336354117533479,0,SBIN,5m,2026-02-09 06:20:00
1136.0999755859375,1136.9000244140625,1135.5,1135.800048828125,163820,-0.00026399679980437796,0.0052217225299397985,0.0012177845849842028,0.5,0.35,0,1133.3625045302642,1114.9322519191319,48.684527538187254,6.743968853771776,8.956983539504783,1131.7735246988868,0.0012177845849842028,0,SBIN,5m,2026-02-09 06:25:00
1135.800048828125,1137.0,1135.0999755859375,1136.300048828125,217499,0.0004402183293756856,0.0044196939664056245,0.001196943681700986,0.5,0.4,0,1133.64227065387,1115.7702047390924,38.0950996919142,6.227050497330538,8.410996931069935,1131.8271485544888,0.001196943681700986,0,SBIN,5m,2026-02-09 06:30:00
1136.4000244140625,1138.5999755859375,1136.4000244140625,1138.5,290519,0.0019360653677202855,0.006898425015443577,0.0012416542443361058,0.55,0.4,0,1134.1049115439776,1116.661569259128,50.724471021159154,5.926588624971373,7.914115269850223,1131.9242283342105,0.0012416542443361058,0,SBIN,5m,2026-02-09 06:35:00
1138.5,1139.0,1137.0,1138.199951171875,482710,-0.0002635474994510112,0.004323570222040107,0.0011587557639871047,0.55,0.4,0,1134.494915318063,1117.506211687079,51.85188534225518,5.599709033557474,7.451234022591674,1132.0848750842877,0.0011587557639871047,0,SBIN,5m,2026-02-09 06:40:00
1138.5,1139.5999755859375,1138.0,1138.199951171875,358591,0.0,0.0030845158637622383,0.0011342516949621848,0.55,0.4,0,1134.847775875569,1118.3177308825611,57.3768523428823,5.279792441611562,7.016945706395652,1132.2090430629983,0.0011342516949621848,0,SBIN,5m,2026-02-09 06:45:00
1138.4000244140625,1139.4000244140625,1138.0999755859375,1139.0999755859375,278644,0.0007907436765708376,0.0032587203561003086,0.0011386370520875702,0.55,0.4,0,1135.2527472765562,1119.1327208709288,59.37514901246459,5.0407737836119395,6.62171132183891,1132.3061998197445,0.0011386370520875702,0,SBIN,5m,2026-02-09 06:50:00
1139.4000244140625,1140.9000244140625,1139.199951171875,1139.9000244140625,767307,0.000702351720895722,0.0032565335338829993,0.001138582585505098,0.55,0.4,0,1135.695345099176,1119.9471249314438,61.764996275053626,4.859885296726588,6.269346116816446,1132.6034373907578,0.001138582585505098,0,SBIN,5m,2026-02-09 06:55:00
1140.0,1140.4000244140625,1139.0999755859375,1139.5999755859375,331470,-0.0002632238105961804,0.00026325528390969133,0.0009674885308708719,0.5,0.45,0,1136.0672146693437,1120.7178249571102,54.545362832036965,4.638844720464931,5.943245837546144,1132.719929674883,0.0009674885308708719,0,SBIN,5m,2026-02-09 07:00:00
1139.699951171875,1140.199951171875,1137.0,1137.199951171875,388701,-0.0021060235744815303,-0.000966439083774584,0.0010614676359827508,0.45,0.5,0,1136.1750943362513,1121.3641828478853,48.175175977902526,4.221345515485837,5.598865773134083,1132.822166725706,0.0010614676359827508,0,SBIN,5m,2026-02-09 07:05:00
1137.199951171875,1138.5,1137.0999755859375,1137.800048828125,171926,0.0005276975747594559,8.798247389130154e-05,0.0010626016278564676,0.45,0.45,0,1136.3298519069058,1122.0087266118164,53.731302494215385,3.8940095352688786,5.257894525561042,1132.8634044487117,0.0010626016278564676,0,SBIN,5m,2026-02-09 07:10:00
1137.800048828125,1138.199951171875,1136.5,1137.0,319567,-0.0007031541516886453,0.0005279616095106299,0.0010419677466488662,0.45,0.45,0,1136.3936755348195,1122.5966196858628,42.62286880653166,3.529351985729818,4.912186017594797,1132.9296734291327,0.0010419677466488662,0,SBIN,5m,2026-02-09 07:15:00
1136.800048828125,1137.9000244140625,1136.800048828125,1137.199951171875,123552,0.00017585855046164944,0.00043986981743460163,0.0010410990947250466,0.45,0.4,0,1136.4704636907295,1123.169299351981,42.62286880653166,3.2193816117876395,4.573625136433366,1132.9551476685033,0.0010410990947250466,0,SBIN,5m,2026-02-09 07:20:00
1137.0,1137.0,1136.199951171875,1136.9000244140625,236291,-0.0002637414445044728,0.0001760123610292652,0.0010430676182937963,0.45,0.4,0,1136.5113742358087,1123.7077591583372,46.01765131628696,2.9159134394230932,4.242082797031311,1132.9964336958762,0.0010430676182937963,0,SBIN,5m,2026-02-09 07:25:00
1137.0,1138.5,1136.800048828125,1138.300048828125,180350,0.0012314402181352602,-0.00017562685276684142,0.0010177609587236844,0.45,0.4,0,1136.6817241969816,1124.2800058120545,60.00022194355976,2.756606551775576,3.944987547980164,1133.0370735165852,0.0010177609587236844,0,SBIN,5m,2026-02-09 07:30:00
1138.300048828125,1140.199951171875,1138.300048828125,1140.199951171875,230374,0.001669069895679831,0.0021974159332827092,0.0010694548818114666,0.45,0.4,0,1137.0167934326857,1124.9043173947925,67.459794613447,2.751938304809528,3.706377699346037,1133.1059382470478,0.0010694548818114666,0,SBIN,5m,2026-02-09 07:35:00
1140.0999755859375,1140.199951171875,1138.5,1140.0,142412,-0.0001753650065231538,0.0028148759979151894,0.0010508463813360262,0.45,0.35,0,1137.3009083438587,1125.496304947938,65.04039221134951,2.7009692052442915,3.5052960005256883,1133.1477870523831,0.0010508463813360262,0,SBIN,5m,2026-02-09 07:40:00
1140.0,1140.0999755859375,1139.199951171875,1139.300048828125,137949,-0.0006139922560306488,0.0004390586394114049,0.0009907751939352031,0.4,0.35,0,1137.4913026756935,1126.037628237357,53.70391301399281,2.5744193134667057,3.3191206631138916,1133.1876028763904,0.0009907751939352031,0,SBIN,5m,2026-02-09 07:45:00
1139.300048828125,1140.0,1139.199951171875,1140.0,129809,0.000614369474130072,0.0008779631255486642,0.0009991680263375423,0.35,0.35,0,1137.7302262303895,1126.585172228049,58.03596730245231,2.501768986742718,3.1556503278396573,1133.2257850602457,0.0009991680263375423,0,SBIN,5m,2026-02-09 07:50:00
1140.0,1140.300048828125,1139.300048828125,1139.800048828125,252547,-0.00017539576480263275,0.0017577780929609599,0.0009671668281311623,0.4,0.3,0,1137.9273521920786,1127.1034026829539,57.01803229536985,2.4003885063759753,3.004597963546921,1133.299556353358,0.0009671668281311623,0,SBIN,5m,2026-02-09 07:55:00
1139.5999755859375,1140.300048828125,1139.5,1140.0999755859375,145513,0.00026313980081060784,0.003520816905164592,0.0008928043976603213,0.4,0.25,0,1138.1342687057795,1127.613072208561,54.62971335563793,2.317530281567997,2.867184427151136,1133.3423854727785,0.0008928043976603213,0,SBIN,5m,2026-02-09 08:00:00
1140.0999755859375,1142.699951171875,1139.699951171875,1141.5999755859375,395145,0.0013156740918525145,0.005106468135651632,0.0009212402631321165,0.45,0.25,0,1138.4643360276993,1128.1615782233603,57.39124896503407,2.345860387127914,2.762919619146492,1133.4793919427252,0.0009212402631321165,0,SBIN,5m,2026-02-09 08:05:00
1141.800048828125,1143.0,1141.5999755859375,1141.800048828125,261890,0.00017525687321851002,0.004840270847187078,0.0009203428889947929,0.45,0.2,0,1138.7820229610734,1128.696420207861,59.64963003415893,2.3572831457083794,2.6817923244588697,1133.5766251364107,0.0009203428889947929,0,SBIN,5m,2026-02-09 08:10:00
1141.699951171875,1141.800048828125,1141.0,1141.0,141836,-0.00070069083369384,0.002195871761089263,0.000851130578595567,0.4,0.25,0,1138.9932588695426,1129.1789135330428,69.38839063278525,2.2755474159057485,2.600543342748246,1133.6231368820097,0.000851130578595567,0,SBIN,5m,2026-02-09 08:15:00
1141.199951171875,1141.300048828125,1140.0,1140.0,182887,-0.0008764241893076674,0.0015814873531418971,0.0008759591640253347,0.35,0.3,0,1139.0891389772053,1129.6032698650804,60.78438412561635,2.105805206904961,2.501595715579589,1133.6758375626453,0.0008759591640253347,0,SBIN,5m,2026-02-09 08:20:00
1140.0999755859375,1140.4000244140625,1137.800048828125,1138.300048828125,348703,-0.0014911852384867919,8.794382405907797e-05,0.000943899404534503,0.3,0.35,0,1139.0139875344357,1129.944320020494,55.85628189336619,1.8132098760918325,2.363918547682038,1133.750828651292,0.000943899404534503,0,SBIN,5m,2026-02-09 08:25:00
1138.300048828125,1139.800048828125,1138.0999755859375,1139.199951171875,207273,0.0007905669025283224,8.776717415526214e-05,0.0009438916585829252,0.3,0.35,0,1139.031698357049,1130.3072859479992,58.47489189133268,1.6350922411832016,2.218153286382271,1133.7960929952576,0.0009438916585829252,0,SBIN,5m,2026-02-09 08:30:00
1139.199951171875,1141.5,1138.199951171875,1141.5,199631,0.002019003622462323,0.0014036104497496815,0.0010364775085373275,0.3,0.35,0,1139.2667747039968,1130.7462159108227,66.66696152927543,1.6603875364050964,2.106600136386836,1133.850147599483,0.0010364775085373275,0,SBIN,5m,2026-02-09 08:35:00
1141.4000244140625,1143.5999755859375,1141.199951171875,1142.699951171875,511871,0.0010512055820193211,0.002720231355167968,0.0010556881981281351,0.35,0.3,0,1139.5937438914139,1131.2149898426287,66.17657618842452,1.757006592966036,2.0366814277026757,1134.0279556783526,0.0010556881981281351,0,SBIN,5m,2026-02-09 08:40:00
1142.5999755859375,1142.9000244140625,1142.199951171875,1142.9000244140625,235039,0.0001750881690179007,0.005012375560088378,0.0009144480928906008,0.35,0.25,0,1139.9086277507138,1131.673226492489,61.34505503523692,1.8286426754837066,1.995073677258882,1134.1087336832322,0.0009144480928906008,0,SBIN,5m,2026-02-09 08:45:00
1142.9000244140625,1144.0,1142.199951171875,1143.9000244140625,415559,0.0008749671700398753,0.0053612017262787415,0.0009232447563749786,0.4,0.25,0,1140.2887607662708,1132.1527087639233,65.35463344771571,1.9437006583621042,1.9847990734795264,1134.2593005274878,0.0009232447563749786,0,SBIN,5m,2026-02-09 08:50:00
1144.0,1144.0,1141.5,1143.300048828125,751267,-0.0005245000202223071,0.005540940042326303,0.0009141758937002939,0.4,0.25,0,1140.575550105495,1132.5898593546765,65.87320041078107,1.963834066487152,1.9806060720810517,1134.5070508178028,0.0009141758937002939,0,SBIN,5m,2026-02-09 08:55:00
1143.300048828125,1143.5,1142.300048828125,1143.0,283325,-0.00026244101750239057,0.005100289374923017,0.0009219415322416251,0.4,0.25,0,1140.8064500954479,1132.998100164297,62.29513117608213,1.9332927097375432,1.97114339961235,1134.5968488205401,0.0009219415322416251,0,SBIN,5m,2026-02-09 09:00:00
1143.0,1143.0999755859375,1141.5999755859375,1142.0999755859375,271863,-0.000787422934437898,0.004573798100281579,0.0009446018737867524,0.4,0.25,0,1140.9296429993042,1133.3550364553419,58.91442792660655,1.8155356512227172,1.9400218499344235,1134.6744843044994,0.0009446018737867524,0,SBIN,5m,2026-02-09 09:05:00
1142.0,1143.5999755859375,1142.0,1143.4000244140625,510921,0.0011382968706028507,0.004480343817245602,0.0009396138849722492,0.4,0.25,0,1141.1649174197573,1133.7489575517625,61.87055414068675,1.8062935813964032,1.9132761962268194,1134.8299044746575,0.0009396138849722492,0,SBIN,5m,2026-02-09 09:10:00
1143.5999755859375,1144.5999755859375,1143.0999755859375,1144.300048828125,598230,0.0007871474504503873,0.003595946177717302,0.0008874730776203099,0.4,0.25,0,1141.4635013634113,1134.16272583711,60.15052085723464,1.8502649206157002,1.9006739411045959,1135.0260570326227,0.0008874730776203099,0,SBIN,5m,2026-02-09 09:15:00
1144.0999755859375,1145.5,1143.5999755859375,1145.199951171875,696664,0.0007864216598361118,0.004561360677083348,0.0008932504767948466,0.45,0.25,0,1141.819353726122,1134.5955582031793,62.142508370535715,1.9354168414927244,1.9076225211822215,1135.262798632759,0.0008932504767948466,0,SBIN,5m,2026-02-09 09:20:00
1145.199951171875,1146.0999755859375,1145.0999755859375,1145.800048828125,595862,0.0005240112485473958,0.005705257369808647,0.0008728071787176249,0.5,0.25,0,1142.1984675453605,1135.0349499923927,67.39141972578506,2.0279463151400705,1.9316872799737914,1135.4746694518774,0.0008728071787176249,0,SBIN,5m,2026-02-09 09:25:00
1145.800048828125,1146.300048828125,1144.5999755859375,1146.0,659029,0.00017450791006634603,0.0052631578947368585,0.000869602974971977,0.55,0.3,0,1142.560518255326,1135.4649519534755,73.07692307692308,2.0932809385160454,1.9640060116822424,1135.6984378762206,0.000869602974971977,0,SBIN,5m,2026-02-09 09:30:00
1145.800048828125,1146.199951171875,1144.5,1145.800048828125,669368,-0.00017447746236909367,0.0052640811922834985,0.0008695786409597601,0.5,0.35,0,1142.869044976545,1135.8702498701284,82.6086956521739,2.104663459489757,1.9921375012437454,1135.9129284708417,0.0008695786409597601,0,SBIN,5m,2026-02-09 09:35:00
1145.800048828125,1146.800048828125,1145.300048828125,1146.699951171875,853311,0.0007853921324845192,0.005788944590184419,0.0008773922555736872,0.55,0.35,0,1143.233893185624,1136.2949440388243,82.6086956521739,2.1613837018112463,2.025986741357246,1136.1939267599478,0.0008773922555736872,0,SBIN,5m,2026-02-09 09:40:00
1146.5,1146.9000244140625,1144.5999755859375,1145.5,1291993,-0.001046438670071148,0.003416279342561168,0.0008908002953392486,0.55,0.4,0,1143.4497128822313,1136.6559266255372,69.23094980985023,2.0854688842007363,2.0378831699259443,1136.5678178196854,0.0008908002953392486,0,SBIN,5m,2026-02-09 09:45:00
1145.0999755859375,1146.4000244140625,1144.9000244140625,1146.4000244140625,908877,0.000785704420831479,0.004028705017711909,0.0009013526072392354,0.5,0.4,0,1143.730694932882,1137.03804810744,68.31723854530512,2.0740222551808074,2.0451109869769173,1136.8199361885065,0.0009013526072392354,0,SBIN,5m,2026-02-09 09:50:00
1146.4000244140625,1148.4000244140625,1146.0,1147.9000244140625,983110,0.0013084437962802564,0.006047348303297451,0.0009074572253692558,0.55,0.35,0,1144.1277739310897,1137.4640079626017,71.9300124212961,2.1610766369437897,2.068304116970292,1137.1212804741663,0.0009074572253692558,0,SBIN,5m,2026-02-09 09:55:00
1145.5999755859375,1149.4000244140625,1144.699951171875,1147.5,581911,0.0013089005235602524,0.008082184641339696,0.0009085151702508649,0.6,0.35,0,1144.6102639209146,1138.1791938170732,65.90896480292969,2.06473745572157,2.0651557394118365,1147.1999918619792,0.0009085151702508649,0,SBIN,5m,2026-02-10 03:50:00
1147.5,1148.300048828125,1145.300048828125,1146.800048828125,274647,-0.0006099792347494803,0.006671434324090342,0.0009307699455018899,0.6,0.35,0,1144.8188148644583,1138.5172665626046,63.9709182299614,1.994500474654842,2.051024686460438,1147.071754014199,0.0009307699455018899,0,SBIN,5m,2026-02-10 03:55:00
1147.0,1148.0,1144.4000244140625,1145.4000244140625,264800,-0.0012208095173114053,0.0034165785493320833,0.0009034078257188555,0.55,0.4,0,1144.8741681548968,1138.787178635211,61.70242238498433,1.8050592915049037,2.001831607469331,1146.8029286378273,0.0009034078257188555,0,SBIN,5m,2026-02-10 04:00:00
1145.4000244140625,1145.5,1141.300048828125,1141.699951171875,257506,-0.003230376430348292,-0.0008751203664395524,0.0011558605179085005,0.5,0.45,0,1144.5718617755615,1138.9014050091978,44.84822478859485,1.3409036980190194,1.8696460255792686,1146.061597651973,0.0011558605179085005,0,SBIN,5m,2026-02-10 04:05:00
1141.5,1143.5999755859375,1140.800048828125,1143.0,201046,0.0011386957026586764,8.747535550091001e-05,0.0011851480153850051,0.5,0.5,0,1144.4221606540796,1139.0621342245233,46.153679466065704,1.0656756757589392,1.7088519556152029,1145.6041381392442,0.0011851480153850051,0,SBIN,5m,2026-02-10 04:10:00
1143.0,1143.5,1142.300048828125,1143.4000244140625,83479,0.00034997761510280334,-0.00043710113587602795,0.001170590716493865,0.45,0.5,0,1144.3248143455066,1139.2322475652898,44.51242659044727,0.8698075127083484,1.541043067033832,1145.4767935776306,0.001170590716493865,0,SBIN,5m,2026-02-10 04:15:00
1143.0,1143.300048828125,1139.300048828125,1140.0,206048,-0.002973608834585084,-0.002886424111944619,0.0013416178396587221,0.45,0.5,0,1143.9129272649823,1139.2623555039058,34.89566776445457,0.4352101950919405,1.3198764926454538,1144.9686722970212,0.0013416178396587221,0,SBIN,5m,2026-02-10 04:20:00
1140.199951171875,1142.0,1139.5999755859375,1141.5999755859375,124982,0.001403487356085531,-0.0012248682537729927,0.0013848737799179492,0.45,0.5,0,1143.6926461526923,1139.354026879672,39.32031643506859,0.21738744090748696,1.0993786822978606,1144.7241487029796,0.0013848737799179492,0,SBIN,5m,2026-02-10 04:25:00
1141.5999755859375,1143.5999755859375,1141.4000244140625,1143.5,101780,0.0016643521852628407,0.001225833503187168,0.0014250599103478405,0.5,0.45,0,1143.674298900055,1139.5166140608612,44.84295113913796,0.1958201372874555,0.9186669732957797,1144.6323410128114,0.0014250599103478405,0,SBIN,5m,2026-02-10 04:30:00
1143.5,1144.5999755859375,1142.300048828125,1143.300048828125,102976,-0.00017485891724966507,-8.743710320346931e-05,0.0014029512008134177,0.5,0.45,0,1143.6386560360618,1139.6649840517343,42.12989126749102,0.16074058783692635,0.767081696204009,1144.5746379950558,0.0014029512008134177,0,SBIN,5m,2026-02-10 04:35:00
1143.300048828125,1143.4000244140625,1140.0,1140.0999755859375,141687,-0.002798979362825693,-0.0036704300122060163,0.001520806449660641,0.45,0.5,0,1143.3016388503358,1139.6820425432718,38.559376826511766,-0.12385168917580813,0.5888950191280456,1144.368361318513,0.001520806449660641,0,SBIN,5m,2026-02-10 04:40:00
1140.0,1141.0,1138.9000244140625,1139.0,151689,-0.0009648062533921253,-0.005413859095549811,0.0015124604771159789,0.4,0.55,0,1142.8919589598277,1139.655295776869,34.45384185340383,-0.43315877130703484,0.38448426104102956,1144.0802025504092,0.0015124604771159789,0,SBIN,5m,2026-02-10 04:45:00
1139.0999755859375,1139.800048828125,1138.199951171875,1139.0,117079,0.0,-0.005934760462857236,0.0015024820758814082,0.35,0.6,0,1142.5212962017488,1139.6295979032664,30.044941237006185,-0.6705570975204864,0.17347598932872635,1143.852283253651,0.0015024820758814082,0,SBIN,5m,2026-02-10 04:50:00
1139.0,1140.0,1138.300048828125,1139.699951171875,81281,0.0006145313185907941,-0.005497424806391815,0.0015129275898860459,0.35,0.55,0,1142.252596675094,1139.6323568549765,35.07104343600305,-0.7930747001021246,-0.019834148557443837,1143.7157849568014,0.0015129275898860459,0,SBIN,5m,2026-02-10 04:55:00
1139.699951171875,1140.300048828125,1139.0,1139.300048828125,114638,-0.00035088388249804314,-0.005672892060571977,0.001512827968675655,0.4,0.5,0,1141.9714016420494,1139.6193251676489,29.5001220703125,-0.9119274281206344,-0.19825280447008198,1143.544886441928,0.001512827968675655,0,SBIN,5m,2026-02-10 05:00:00
1139.5,1142.699951171875,1139.0,1142.0,114869,0.0023698332802251088,-0.0040986756536196545,0.0016100978475385378,0.4,0.5,0,1141.9741252951876,1139.712684964996,39.09079811789773,-0.7792726066963951,-0.3144567649153446,1143.453965325963,0.0016100978475385378,0,SBIN,5m,2026-02-10 05:05:00
1142.5999755859375,1143.199951171875,1141.0,1141.4000244140625,130962,-0.000525372667195656,-0.003579201733686199,0.0015999341169782293,0.4,0.45,0,1141.919449020795,1139.7788551394692,40.5660160073703,-0.7143214673453713,-0.3944297054013499,1143.3858397982378,0.0015999341169782293,0,SBIN,5m,2026-02-10 05:10:00
1141.699951171875,1141.699951171875,1139.699951171875,1139.699951171875,67939,-0.001489463120574408,-0.005844446178908558,0.00160866345995206,0.4,0.5,0,1141.7080682732785,1139.7757608662303,44.79165342115636,-0.7909117852666441,-0.4737261213744088,1143.320080919226,0.00160866345995206,0,SBIN,5m,2026-02-10 05:15:00
1139.800048828125,1140.9000244140625,1139.5999755859375,1140.5999755859375,67439,0.0007897029504451147,-0.0063594813771793435,0.0015855195277373689,0.35,0.55,0,1141.602535636389,1139.8080830121012,43.61693147803051,-0.7701083855329216,-0.5330025742061113,1143.2575798279609,0.0015855195277373689,0,SBIN,5m,2026-02-10 05:20:00
1140.5999755859375,1141.0999755859375,1140.4000244140625,1140.5999755859375,62684,0.0,-0.004712063188536231,0.0015549362583042983,0.35,0.5,0,1141.5070537268223,1139.8391376228399,42.391131279356735,-0.7450332616899686,-0.5754087117028828,1143.2082421742775,0.0015549362583042983,0,SBIN,5m,2026-02-10 05:25:00
1140.699951171875,1140.699951171875,1139.800048828125,1139.9000244140625,128956,-0.0006136692853385695,-0.00662307240604576,0.0015133393249528058,0.35,0.5,0,1141.3540033160834,1139.8415253401427,49.68160294838002,-0.77273366257009,-0.6148737018763242,1143.0908708950362,0.0015133393249528058,0,SBIN,5m,2026-02-10 05:30:00
1140.0,1140.4000244140625,1139.5999755859375,1140.199951171875,86351,0.00026311672198331415,-0.0057552296609983955,0.0015174588734903735,0.35,0.55,0,1141.2440935880636,1139.8555812551126,45.138729940744135,-0.7617043929774354,-0.6442398400965464,1143.0154990673004,0.0015174588734903735,0,SBIN,5m,2026-02-10 05:35:00
1140.199951171875,1143.5999755859375,1140.199951171875,1143.300048828125,211618,0.002718907024214179,-0.001833399285120274,0.0016406345552686433,0.4,0.5,0,1141.4398988490218,1139.9906584148387,49.359124841541856,-0.49708159786382566,-0.6148081916500023,1142.9781506912789,0.0016406345552686433,0,SBIN,5m,2026-02-10 05:40:00
1143.199951171875,1143.800048828125,1141.699951171875,1141.9000244140625,128892,-0.001224546798102133,0.0001752415264466567,0.0014932815546950917,0.45,0.45,0,1141.4837203314066,1140.0655355128474,45.83324250681199,-0.39577415782423486,-0.5710013848848489,1142.9608259441395,0.0014932815546950917,0,SBIN,5m,2026-02-10 05:45:00
1141.9000244140625,1142.300048828125,1141.0,1142.0,878026,8.755196059206938e-05,-0.0008748906386701893,0.001469771635640674,0.45,0.45,0,1141.5328898236537,1140.1413968652848,56.93448217483894,-0.3039167246377019,-0.5175844528354194,1142.7369470636156,0.001469771635640674,0,SBIN,5m,2026-02-10 05:50:00
1142.0,1142.5,1140.5,1141.5,590311,-0.0004378283712784814,-0.0016617320041043548,0.0014692494674845514,0.5,0.5,0,1141.5297574594963,1140.1946754195874,59.54209143261829,-0.2683712516327432,-0.46774181259488423,1142.5984868065027,0.0014692494674845514,0,SBIN,5m,2026-02-10 05:55:00
1141.5,1142.800048828125,1141.0999755859375,1142.800048828125,250018,0.0011388951626150057,0.0024561831825657965,0.0013238654972319245,0.55,0.45,0,1141.650737589842,1140.2968469258046,63.19470346885491,-0.1337562736541713,-0.4009447048067417,1142.5819597940974,0.0013238654972319245,0,SBIN,5m,2026-02-10 06:00:00
1142.800048828125,1142.800048828125,1141.300048828125,1142.5999755859375,153486,-0.00017507283307582888,0.0008759635786490527,0.0012901643690855355,0.55,0.45,0,1141.7411412085178,1140.3871656967904,60.43172417427043,-0.04272466893212368,-0.32930069763181813,1142.572534993805,0.0012901643690855355,0,SBIN,5m,2026-02-10 06:05:00
1142.699951171875,1144.0,1142.5,1142.9000244140625,144533,0.00026260181562776097,-0.0005246835032247654,0.0012344092450966779,0.55,0.45,0,1141.8515110376172,1140.4857091758993,63.043228277503076,0.053018798765606334,-0.25283679835233325,1142.5864580704776,0.0012344092450966779,0,SBIN,5m,2026-02-10 06:10:00
1142.9000244140625,1143.5,1140.800048828125,1142.199951171875,213987,-0.0006125411035373673,-0.000962212550745134,0.0012410579835742054,0.5,0.5,0,1141.8846958123086,1140.552934352212,50.84722969338355,0.0715809857754266,-0.1879532415267813,1142.571574777108,0.0012410579835742054,0,SBIN,5m,2026-02-10 06:15:00
1142.0999755859375,1142.4000244140625,1141.199951171875,1142.199951171875,123819,0.0,0.001841922314627098,0.0010588877857018303,0.5,0.45,0,1141.9147201322673,1140.617523247101,53.57100040325657,0.0853082720564089,-0.1333009388101433,1142.5587441540185,0.0010588877857018303,0,SBIN,5m,2026-02-10 06:20:00
1142.300048828125,1145.0,1142.0,1143.5,202157,0.0011381972366495408,0.003950834064969211,0.0010527627186702473,0.55,0.4,0,1142.0656991672895,1140.7305615511361,67.59234142592342,0.19879869321471233,-0.06688101240517218,1142.588655116308,0.0010527627186702473,0,SBIN,5m,2026-02-10 06:25:00
1143.5,1143.699951171875,1141.199951171875,1141.5,609017,-0.0017490161783996205,0.0021949078138718825,0.001139148715047046,0.55,0.4,0,1142.011823056119,1140.7607356079543,53.78152984500498,0.12590601813099056,-0.028323606297939632,1142.5488711645849,0.001139148715047046,0,SBIN,5m,2026-02-10 06:30:00
1141.199951171875,1142.800048828125,1141.0,1142.699951171875,399113,0.0010512055820193211,0.0026322717632085713,0.0011534183091614573,0.5,0.45,0,1142.0773590671436,1140.8367832771278,58.01503955570879,0.16308414659806658,0.009957944281261608,1142.52817259536,0.0011534183091614573,0,SBIN,5m,2026-02-10 06:35:00
1142.699951171875,1143.4000244140625,1142.4000244140625,1143.0999755859375,113545,0.00035006951181904,0.0033353169445757835,0.0011486101310167044,0.5,0.45,0,1142.1747511165524,1140.925535916689,62.499523173755485,0.22226458060345067,0.05241927154569942,1142.5348260672654,0.0011486101310167044,0,SBIN,5m,2026-02-10 06:40:00
1143.0999755859375,1143.5,1142.699951171875,1143.5,101968,0.00034994700604151774,0.0013134851138354442,0.0010271144259835778,0.5,0.45,0,1142.3009652959283,1141.026495292505,62.79049962149887,0.2980088672779857,0.10153719069215668,1142.544215847768,0.0010271144259835778,0,SBIN,5m,2026-02-10 06:45:00
1143.5,1143.5,1142.5999755859375,1143.199951171875,113929,-0.0002623951273502678,0.0015769464861685734,0.0010208074746755052,0.45,0.5,0,1142.3865829983995,1141.111728856402,49.504483817166616,0.3300210501240599,0.14723396257853733,1142.5524397430268,0.0010208074746755052,0,SBIN,5m,2026-02-10 06:50:00
1143.199951171875,1143.800048828125,1142.800048828125,1143.0,87856,-0.000174904811419907,0.002895541782494515,0.0009546604163057748,0.5,0.45,0,1142.4450036652186,1141.1857787051704,56.1794516602433,0.3353903756785712,0.1848652451985441,1142.5597461175585,0.0009546604163057748,0,SBIN,5m,2026-02-10 06:55:00
1143.199951171875,1144.0,1143.199951171875,1144.0,69120,0.0008748906386701893,0.0029809087207071094,0.000957872846843409,0.55,0.4,0,1142.5930985542454,1141.2961403245754,60.20377659309452,0.41554707945283553,0.2310016120494024,1142.5700714404336,0.000957872846843409,0,SBIN,5m,2026-02-10 07:00:00
1144.300048828125,1144.9000244140625,1143.300048828125,1143.800048828125,93268,-0.0001747824928977071,0.0028056052171521184,0.0009601011077627531,0.55,0.4,0,1142.708046199377,1141.3943328149107,62.105209056099504,0.4576618156568202,0.27633365277088595,1142.586848828746,0.0009601011077627531,0,SBIN,5m,2026-02-10 07:05:00
1143.800048828125,1144.5,1143.5,1144.5,58742,0.0006119523885246281,0.0040354202012602425,0.000948472471166162,0.55,0.35,0,1142.8787084661028,1141.5161236849144,59.55013029762721,0.5412787330526498,0.3293226688272387,1142.5984372247028,0.000948472471166162,0,SBIN,5m,2026-02-10 07:10:00
1144.4000244140625,1144.5999755859375,1143.699951171875,1144.0999755859375,79648,-0.0003495189288444944,0.0034204741107506376,0.000956249317688033,0.6,0.3,0,1142.995019620373,1141.6174512104446,58.241669796641084,0.5687113648416471,0.37720040803012045,1142.613552433081,0.000956249317688033,0,SBIN,5m,2026-02-10 07:15:00
1144.0999755859375,1146.0,1143.4000244140625,1145.800048828125,483742,0.001485948150044214,0.0021866525787019864,0.0008122592518957196,0.6,0.35,0,1143.2621652592063,1141.7814746464321,63.80947952148994,0.7193415046247083,0.4456286273490381,1142.7519972915209,0.0008122592518957196,0,SBIN,5m,2026-02-10 07:20:00
1145.800048828125,1146.300048828125,1145.199951171875,1145.9000244140625,147464,8.725395503317301e-05,0.0035029336320862026,0.0007493935823592918,0.6,0.35,0,1143.5133899406212,1141.9429864020256,68.68719251303929,0.8371342078385169,0.5239297434469339,1142.8035480954045,0.0007493935823592918,0,SBIN,5m,2026-02-10 07:25:00
1145.9000244140625,1146.5999755859375,1144.5,1144.5999755859375,140098,-0.0011345220354539443,0.0022766861523095816,0.000804691882412349,0.65,0.35,0,1143.6168742877942,1142.0471820562966,60.71432463951346,0.8161743484795352,0.5823786644534542,1142.841972488568,0.000804691882412349,0,SBIN,5m,2026-02-10 07:30:00
1144.5,1144.800048828125,1144.0,1144.4000244140625,72306,-0.00017469087553723117,0.0025405382514782637,0.0007973115121984981,0.6,0.35,0,1143.6914600141054,1142.1394503840522,54.45557717642224,0.7745011532369972,0.6208031622101629,1142.8545860039367,0.0007973115121984981,0,SBIN,5m,2026-02-10 07:35:00
1144.4000244140625,1145.300048828125,1144.4000244140625,1144.9000244140625,205827,0.0004369101619479121,0.001837570437707825,0.0007652356890414264,0.6,0.35,0,1143.80656138553,1142.2477081891507,69.76763991994436,0.7729110298616888,0.651224735740468,1142.8999112084832,0.0007652356890414264,0,SBIN,5m,2026-02-10 07:40:00
1144.699951171875,1145.0,1142.9000244140625,1143.0999755859375,99864,-0.0015722323257405524,0.00043759846900370825,0.0008499870027657926,0.6,0.4,0,1143.7392674998546,1142.281130440005,52.17402842092693,0.6192634650892614,0.6448324816102268,1142.9082007411512,0.0008499870027657926,0,SBIN,5m,2026-02-10 07:45:00
1143.0999755859375,1144.4000244140625,1142.699951171875,1143.300048828125,321497,0.00017502689743742472,0.0003500082295191387,0.0008489083706864001,0.55,0.45,0,1143.697437150166,1142.3210880238528,51.11150293642935,0.5077874440310097,0.6174234740943834,1142.9269846358645,0.0008489083706864001,0,SBIN,5m,2026-02-10 07:50:00
1143.300048828125,1144.5,1142.9000244140625,1143.4000244140625,189566,8.744474911903666e-05,0.001050668266056487,0.0008358805207646092,0.6,0.4,0,1143.66911212768,1142.3633992548416,49.42543250410405,0.42263719001130085,0.5784662172777669,1142.9400726275853,0.0008358805207646092,0,SBIN,5m,2026-02-10 07:55:00
1143.300048828125,1144.300048828125,1141.199951171875,1143.300048828125,448819,-8.743710320346931e-05,0.0009631392954634332,0.0008363999247513183,0.6,0.45,0,1143.6339632420081,1142.4001306106568,50.588809742647065,0.3431323893796616,0.5313994516981458,1142.9397767147923,0.0008363999247513183,0,SBIN,5m,2026-02-10 08:00:00
1143.699951171875,1144.0,1143.0,1144.0,107531,0.0006122200139784262,0.00043725404459982187,0.0008081233964876386,0.55,0.45,0,1143.6688238856264,1142.4628705867094,55.55555555555556,0.3327685235142326,0.4916732660613632,1142.947362049554,0.0008081233964876386,0,SBIN,5m,2026-02-10 08:05:00
1144.199951171875,1144.5,1143.699951171875,1144.5,78698,0.0004370629370629153,0.0026281208935610145,0.0006960149865748152,0.6,0.4,0,1143.7479835155666,1142.5427580146818,52.94117647058823,0.3607424915851425,0.46548711116611907,1142.957108751028,0.0006960149865748152,0,SBIN,5m,2026-02-10 08:10:00
1144.300048828125,1144.5,1143.800048828125,1144.300048828125,87074,-0.00017470613532111212,0.001400278047276604,0.0006639987950746494,0.6,0.35,0,1143.8005611643816,1142.611671379915,52.94117647058823,0.36259787175822566,0.4449092632845404,1142.9674452715758,0.0006639987950746494,0,SBIN,5m,2026-02-10 08:15:00
1144.0,1145.699951171875,1143.699951171875,1144.0999755859375,130233,-0.000174843339727504,0.0008748141206873505,0.0006627261040633658,0.6,0.4,0,1143.8290768235775,1142.6700362507393,47.49988556082823,0.3439590890779982,0.42471922844323196,1142.9862730160567,0.0006627261040633658,0,SBIN,5m,2026-02-10 08:20:00
1143.800048828125,1144.300048828125,1143.5999755859375,1143.9000244140625,167323,-0.0001747672197724981,0.00034982458597498933,0.0006603559228050435,0.55,0.45,0,1143.835833736957,1142.7182710806735,48.71826974240195,0.30948577168237534,0.40167253709106066,1143.0009897687162,0.0006603559228050435,0,SBIN,5m,2026-02-10 08:25:00
1144.0999755859375,1144.0999755859375,1141.9000244140625,1142.800048828125,178964,-0.0009616011560983351,-0.000349809622839925,0.0006936348062076881,0.55,0.45,0,1143.7371875551635,1142.721478051162,29.16652538062459,0.19120251875710892,0.3595785334242703,1142.999883952895,0.0006936348062076881,0,SBIN,5m,2026-02-10 08:30:00
1142.9000244140625,1144.699951171875,1142.800048828125,1144.199951171875,150013,0.0012249757472320155,0.001049826047134772,0.0007455758510191789,0.55,0.45,0,1143.7812602805645,1142.7794573892293,39.999425543220696,0.20802462985557213,0.3292677527105307,1143.0120520023713,0.0007455758510191789,0,SBIN,5m,2026-02-10 08:35:00
1144.199951171875,1144.5,1143.5,1144.5,78724,0.0002622346101464057,0.0004370629370629153,0.00072223918474485,0.5,0.45,0,1143.8497116824155,1142.8469296484752,49.33348524552809,0.24276921452837996,0.3119680450741006,1143.020185465646,0.00072223918474485,0,SBIN,5m,2026-02-10 08:40:00
1144.5,1145.4000244140625,1144.4000244140625,1145.0,146722,0.000436871996505106,0.001049091729891538,0.0007264017590704075,0.5,0.45,0,1143.959262950757,1142.9313637799078,53.84603346009985,0.3071101943771737,0.3109964749347152,1143.0449776092596,0.0007264017590704075,0,SBIN,5m,2026-02-10 08:45:00
1145.0999755859375,1145.0999755859375,1144.0999755859375,1144.5999755859375,91235,-0.0003493663004913161,8.735306766061157e-05,0.0007192166079761522,0.5,0.5,0,1144.0202832017264,1142.9967995370068,48.05161863090142,0.322109183229486,0.31321901659366935,1143.0574076452294,0.0007192166079761522,0,SBIN,5m,2026-02-10 08:50:00
1144.4000244140625,1144.5,1143.800048828125,1144.199951171875,113134,-0.0003494883999606291,8.738360988624905e-05,0.0007192158168506381,0.45,0.55,0,1144.0373944369787,1143.0439819540604,58.73006646127613,0.2982789883794794,0.3102310109508314,1143.068295029036,0.0007192158168506381,0,SBIN,5m,2026-02-10 08:55:00
1144.300048828125,1144.4000244140625,1143.800048828125,1144.0999755859375,74377,-8.737597465824365e-05,-0.0014837433843071235,0.0006290553711035094,0.4,0.5,0,1144.0433545464034,1143.085393469036,56.451200063005764,0.268234156631479,0.30183164008696095,1143.0749096523616,0.0006290553711035094,0,SBIN,5m,2026-02-10 09:00:00
1144.0,1144.5,1144.0,1144.199951171875,81369,8.738360988624905e-05,-0.0014836139331236842,0.0006290571215970223,0.4,0.5,0,1144.058268510734,1143.1291016142454,56.451200063005764,0.24961321944942938,0.29138795595945466,1143.0829780798563,0.0006290571215970223,0,SBIN,5m,2026-02-10 09:05:00
1144.0999755859375,1144.300048828125,1143.800048828125,1144.300048828125,180017,8.74826608299184e-05,-0.00026203631330579125,0.000577898154769757,0.35,0.5,0,1144.0812952076285,1143.175021112829,58.064579641661744,0.24016456922777252,0.2811432786131183,1143.0989184129674,0.000577898154769757,0,SBIN,5m,2026-02-10 09:10:00
1144.199951171875,1144.5,1142.9000244140625,1143.0999755859375,217251,-0.0010487400078471598,-0.0011360090880726537,0.0006221300905671514,0.4,0.5,0,1143.9878361960389,1143.17207815099,43.283473317907706,0.13429252401647318,0.2517731276937893,1143.106131815331,0.0006221300905671514,0,SBIN,5m,2026-02-10 09:15:00
1143.300048828125,1144.4000244140625,1142.9000244140625,1144.199951171875,468826,0.0009622741749895081,-0.0006114710693152503,0.0006543245896648671,0.35,0.5,0,1144.008037622309,1143.2123868969072,47.94488478646199,0.1375612815011209,0.22893075845525562,1143.1333009296427,0.0006543245896648671,0,SBIN,5m,2026-02-10 09:20:00
1144.0,1144.199951171875,1143.5999755859375,1144.0999755859375,129411,-8.737597465824365e-05,0.0008748141206873505,0.0005453328218912619,0.35,0.45,0,1144.0167936188452,1143.2471942964771,48.61061661834766,0.1305793634840029,0.2092604794610051,1143.1418072746508,0.0005453328218912619,0,SBIN,5m,2026-02-10 09:25:00
1144.5,1145.300048828125,1143.699951171875,1144.9000244140625,447420,0.0006992822700788714,0.0013994362963400953,0.0005642413297264418,0.4,0.4,0,1144.1009108374374,1143.3120111638334,55.128486024601706,0.18744267481952193,0.20489691853270847,1143.1926512076948,0.0005642413297264418,0,SBIN,5m,2026-02-10 09:30:00
1144.9000244140625,1145.5999755859375,1142.9000244140625,1144.4000244140625,805537,-0.0004367193548239223,0.0008745845536539676,0.0005754540691331843,0.4,0.45,0,1144.129397844735,1143.354678350117,53.08638254264874,0.18997156347518285,0.20191184752120334,1143.2566830050205,0.0005754540691331843,0,SBIN,5m,2026-02-10 09:35:00
1144.5999755859375,1144.699951171875,1143.800048828125,1144.0999755859375,467797,-0.00026218876417682946,0.0006996647630972408,0.0005788692815285274,0.4,0.4,0,1144.1265957248495,1143.3839056926981,58.903399495008614,0.16585244934071852,0.1946999678851064,1143.28733013716,0.0005788692815285274,0,SBIN,5m,2026-02-10 09:40:00
1144.0999755859375,1144.699951171875,1143.4000244140625,1144.0,576075,-8.738360988624905e-05,0.0,0.0005630840253559075,0.4,0.45,0,1144.1145389891497,1143.4080662537688,48.33380803189974,0.13709039067839512,0.18317805244376417,1143.3160284512467,0.0005630840253559075,0,SBIN,5m,2026-02-10 09:45:00
1144.199951171875,1144.5999755859375,1143.5,1144.0,355663,0.0,-0.000436871996504995,0.0005536370269400559,0.35,0.45,0,1144.1036305139926,1143.4312793418562,45.614185369196505,0.11299373057886442,0.16914118807078424,1143.3326696518254,0.0005536370269400559,0,SBIN,5m,2026-02-10 09:50:00
1144.0,1144.5999755859375,1142.0999755859375,1143.0,427004,-0.0008741258741258306,-0.0011361083392912308,0.0005850110754907282,0.35,0.5,0,1143.9985228459934,1143.4143664264893,33.87147582296426,0.013054823314860187,0.13792391511959942,1143.3299773294214,0.0005850110754907282,0,SBIN,5m,2026-02-10 09:55:00
1147.9000244140625,1150.300048828125,1147.0999755859375,1147.300048828125,277619,-0.0005226723348522588,0.0029723090667859164,0.0011404736148559536,0.35,0.4,0,1144.649137700497,1143.735755925816,64.22044034313616,0.5187074209145521,0.2440914258874358,1148.2333577473958,0.0011404736148559536,0,SBIN,5m,2026-02-11 03:50:00
1147.800048828125,1150.699951171875,1147.199951171875,1148.300048828125,295688,0.0008716115727716023,0.004812740431399121,0.0011199985281942347,0.4,0.35,0,1144.9968435221758,1143.914747804338,67.79666277012838,0.7439483194748391,0.34406280460491645,1148.4912160474419,0.0011199985281942347,0,SBIN,5m,2026-02-11 03:55:00
1148.300048828125,1149.800048828125,1147.800048828125,1148.0,210026,-0.0002612982803851249,0.0033211405263853244,0.0011003884637552153,0.35,0.35,0,1145.2828584248257,1144.0749537727954,65.83321465627733,0.8880055463660028,0.45285135295713375,1148.5025171950642,0.0011003884637552153,0,SBIN,5m,2026-02-11 04:00:00
1148.4000244140625,1149.4000244140625,1145.0,1145.4000244140625,251227,-0.0022647870957643867,0.0007863909253496004,0.0012266402846803906,0.35,0.4,0,1145.2940170904674,1144.126917327355,53.79298733005009,0.7833457138965514,0.5189502251450173,1148.0405240787798,0.0012266402846803906,0,SBIN,5m,2026-02-11 04:05:00
1145.199951171875,1148.300048828125,1145.0999755859375,1148.300048828125,165592,0.002531887857734283,0.0028821387145196997,0.0013459636938633619,0.3,0.4,0,1145.580305827387,1144.2905695430716,66.0495362102614,0.9237612318711399,0.5999124264902418,1147.9291546129566,0.0013459636938633619,0,SBIN,5m,2026-02-11 04:10:00
1148.199951171875,1149.5,1147.800048828125,1148.199951171875,118438,-8.717029695515244e-05,0.0031451823018733283,0.001342169016247732,0.35,0.35,0,1145.8297958601954,1144.4438786265541,63.157725666559585,1.015261198083408,0.6829821808088751,1147.9804289180481,0.001342169016247732,0,SBIN,5m,2026-02-11 04:15:00
1148.0999755859375,1149.5,1147.699951171875,1149.0999755859375,122391,0.0007838568649509714,0.00428248961996891,0.0013435447721519373,0.35,0.35,0,1146.1412415483612,1144.626470664177,65.62476158505882,1.147176096972089,0.7758209640415179,1148.0472066453253,0.0013435447721519373,0,SBIN,5m,2026-02-11 04:20:00
1149.0999755859375,1150.4000244140625,1148.800048828125,1149.199951171875,138478,8.700338357114923e-05,0.004457631059143763,0.0013420473019365962,0.4,0.35,0,1146.432547226791,1144.8058228409495,64.0518912708734,1.2454302542730602,0.8697428220878265,1148.1716575565374,0.0013420473019365962,0,SBIN,5m,2026-02-11 04:25:00
1149.199951171875,1149.199951171875,1148.0999755859375,1148.5,78401,-0.0006090769244823102,0.0037581270858479954,0.0013547344885224424,0.35,0.4,0,1146.6294474909062,1144.9506925334613,63.22562353812108,1.2523805090540918,0.9462703594810796,1148.1919129229875,0.0013547344885224424,0,SBIN,5m,2026-02-11 04:30:00
1148.9000244140625,1149.5,1148.0999755859375,1149.0999755859375,411121,0.0005223992911951303,0.004194640000870553,0.001356518026409753,0.4,0.35,0,1146.8647358809092,1145.1134095159114,65.82273591173879,1.2914150231138137,1.0152992922076265,1148.3326115450463,0.001356518026409753,0,SBIN,5m,2026-02-11 04:35:00
1149.0999755859375,1150.4000244140625,1148.699951171875,1149.199951171875,100482,8.700338357114923e-05,0.005336344778426483,0.0013244355453253327,0.4,0.3,0,1147.0871373371915,1145.2736660514395,66.45549082930296,1.3152558996953303,1.0752906137051672,1148.3835920289528,0.0013244355453253327,0,SBIN,5m,2026-02-11 04:40:00
1149.0,1150.300048828125,1148.5,1149.5999755859375,324555,0.0003480894805596435,0.004719476179431581,0.001314548923832666,0.4,0.35,0,1147.3264552656435,1145.4433252488707,67.28379712307193,1.3508567574017434,1.1304038424444824,1148.5245372548004,0.001314548923832666,0,SBIN,5m,2026-02-11 04:45:00
1149.699951171875,1151.699951171875,1149.0,1150.800048828125,168116,0.0010439050693054064,0.005856195599301728,0.0013241936049766764,0.45,0.35,0,1147.6572737001657,1145.653392840214,73.78042426497953,1.459087126691884,1.1961404992939628,1148.6492893878155,0.0013241936049766764,0,SBIN,5m,2026-02-11 04:50:00
1150.800048828125,1153.9000244140625,1149.9000244140625,1153.5,266993,0.0023461514227640645,0.007511551578784248,0.001399842125166676,0.45,0.35,0,1148.2137238239595,1145.9611029249115,69.71812219003327,1.7426359468076953,1.3054395887967094,1148.9942104481638,0.001399842125166676,0,SBIN,5m,2026-02-11 04:55:00
1153.800048828125,1162.5,1153.800048828125,1161.9000244140625,906009,0.0072822058206003515,0.0152918556681787,0.002068567209717545,0.45,0.3,0,1149.517181023017,1146.5861586695842,83.18157858232765,2.6150178993384543,1.5673552509050583,1151.4524703652646,0.002068567209717545,0,SBIN,5m,2026-02-11 05:00:00
1161.4000244140625,1171.0,1160.5999755859375,1168.5,1022372,0.0056803300174348426,0.021326828891475413,0.002324766289587782,0.5,0.3,0,1151.3250685446344,1147.445524996267,86.59398496240601,3.7952010382409753,2.0129244083722417,1154.6616547963843,0.002324766289587782,0,SBIN,5m,2026-02-11 05:05:00
1168.199951171875,1168.5999755859375,1165.199951171875,1165.9000244140625,468784,-0.002225053988821113,0.01914337798432042,0.002427098512365628,0.5,0.25,0,1152.713159579818,1148.1692308557886,79.93312675297317,4.469190333508777,2.504177593399549,1155.7094515477922,0.002427098512365628,0,SBIN,5m,2026-02-11 05:10:00
1166.5999755859375,1167.300048828125,1164.5999755859375,1167.0,193777,0.0009434561822658782,0.020104895104895215,0.0024167812815699364,0.5,0.3,0,1154.0738110484067,1148.9076923908558,88.02809334072631,5.034061020890249,3.010154278897689,1156.0812234014384,0.0024167812815699364,1,SBIN,5m,2026-02-11 05:15:00
1167.5,1168.0,1165.199951171875,1166.300048828125,162434,-0.0005997867796700973,0.020384994600284312,0.002406349212663018,0.55,0.25,0,1155.2382146464752,1149.589745584474,84.3512090574477,5.363418747767355,3.4808071726716223,1156.3790434919883,0.002406349212663018,1,SBIN,5m,2026-02-11 05:20:00
1166.300048828125,1168.9000244140625,1165.800048828125,1168.300048828125,479796,0.0017148245873861434,0.01777160378097875,0.0022879402641915393,0.55,0.25,0,1156.4821988542512,1150.323482966578,85.76548476502428,5.719885129248951,3.9286227639870885,1157.2578999012062,0.0022879402641915393,1,SBIN,5m,2026-02-11 05:25:00
1168.4000244140625,1170.699951171875,1167.0999755859375,1170.4000244140625,534138,0.0017974625508609954,0.020134206051444226,0.0022716436200227465,0.6,0.25,1,1157.8077060504236,1151.1107983174597,86.34844848848448,6.101503450607197,4.36319890131111,1158.2264072386033,0.0022716436200227465,1,SBIN,5m,2026-02-11 05:30:00
1170.300048828125,1174.5,1166.199951171875,1167.4000244140625,854401,-0.0025632261939689815,0.01663326201669113,0.0024076055177350204,0.6,0.3,1,1158.721260180294,1151.7495914977187,78.26113328859925,6.091643121750167,4.708887745398922,1159.4869616091862,0.0024076055177350204,1,SBIN,5m,2026-02-11 05:35:00
1167.300048828125,1170.9000244140625,1166.300048828125,1170.4000244140625,220481,0.002569813206493521,0.01951221638855616,0.00242337109086408,0.6,0.3,1,1159.8335234406527,1152.4809810238498,81.73927811961518,6.253813597753833,5.017872915869904,1159.762532280595,0.00242337109086408,1,SBIN,5m,2026-02-11 05:40:00
1170.0999755859375,1170.699951171875,1168.0999755859375,1168.5,174052,-0.0016233974491017822,0.020167605285109413,0.0023822126185956975,0.6,0.25,1,1160.6589021605905,1153.109177846444,77.09506159789683,6.158032808340977,5.245904894364119,1159.9670791396632,0.0023822126185956975,1,SBIN,5m,2026-02-11 05:45:00
1168.5,1170.5,1168.0,1170.300048828125,143492,0.00154047824400938,0.019158755607867173,0.0023588928637640633,0.6,0.3,1,1161.5771066051175,1153.7833296496472,78.13346354166667,6.156407505964353,5.428005416684166,1160.1379621692772,0.0023588928637640633,0,SBIN,5m,2026-02-11 05:50:00
1170.4000244140625,1171.0,1170.0,1170.199951171875,334985,-8.553161759694561e-05,0.01916042582787636,0.002358854898917244,0.6,0.3,1,1162.3983298971896,1154.4271187289503,77.68808471400492,6.076990632595653,5.557802459866464,1160.5460444721032,0.002358854898917244,1,SBIN,5m,2026-02-11 05:55:00
1170.300048828125,1170.9000244140625,1169.300048828125,1169.5,316302,-0.000598146642523778,0.017753045729254513,0.002384147683402682,0.6,0.3,1,1163.0746794307904,1155.0182121121286,75.47680660976697,5.889679420289667,5.624177851951105,1160.8845606947768,0.002384147683402682,1,SBIN,5m,2026-02-11 06:00:00
1169.5,1170.300048828125,1169.0,1169.300048828125,158739,-0.0001709715022445435,0.017490513844656386,0.0023893726638970513,0.55,0.35,0,1163.667571754346,1155.578284140207,73.09951957054032,5.659856246848676,5.63131353093062,1161.0388386824175,0.0023893726638970513,0,SBIN,5m,2026-02-11 06:05:00
1169.199951171875,1170.4000244140625,1168.199951171875,1169.300048828125,465186,0.0,0.01811062153080112,0.0023733560404170092,0.6,0.35,1,1164.203998142325,1156.116392559341,64.34117329775304,5.41529556968726,5.588109938681948,1161.4492348373367,0.0023733560404170092,0,SBIN,5m,2026-02-11 06:10:00
1169.699951171875,1170.5,1169.0,1169.4000244140625,102595,8.550036924881432e-05,0.017666042345683364,0.00237902323430475,0.6,0.35,1,1164.6988577872523,1156.6373192987419,52.3316783150438,5.169950691932627,5.504478089332085,1161.537930061752,0.00237902323430475,0,SBIN,5m,2026-02-11 06:15:00
1169.199951171875,1169.5,1168.0,1168.0999755859375,403867,-0.0011117229356792935,0.016446245402977677,0.002414847984558299,0.55,0.4,0,1165.0227737680796,1157.086835231573,56.11097547743056,4.815104505785257,5.366603372622719,1161.8241565605135,0.002414847984558299,0,SBIN,5m,2026-02-11 06:20:00
1168.0,1169.4000244140625,1168.0,1168.9000244140625,107940,0.0006849146861112043,0.016788490986430205,0.0024125664853256734,0.55,0.35,0,1165.3920357343636,1157.550097552455,55.36727839502341,4.546039685197684,5.202490635137712,1161.8992558264329,0.0024125664853256734,0,SBIN,5m,2026-02-11 06:25:00
1168.699951171875,1169.300048828125,1167.5999755859375,1167.5999755859375,256548,-0.0011121984780321226,0.014598475881991924,0.002450638813171988,0.5,0.4,0,1165.6023157202278,1157.9442104165132,53.55167928492813,4.179719595198094,4.997936427149789,1162.0563528258285,0.002450638813171988,0,SBIN,5m,2026-02-11 06:30:00
1167.5,1167.5999755859375,1166.300048828125,1166.9000244140625,307609,-0.0005994785770047084,0.011616839544050794,0.002436730843650107,0.45,0.45,0,1165.7259070244024,1158.295418808574,45.88231070261731,3.789247982824236,4.756198738284678,1162.1986519992222,0.002436730843650107,0,SBIN,5m,2026-02-11 06:35:00
1167.0,1169.0,1166.5,1168.0,440661,0.0009426476672582673,0.005250000393978604,0.0018641202523015559,0.45,0.45,0,1165.9424873077926,1158.6759906200023,42.49998092665919,3.5278879573888844,4.510536582105519,1162.4247211625625,0.0018641202523015559,0,SBIN,5m,2026-02-11 06:40:00
1167.800048828125,1168.5,1167.300048828125,1167.300048828125,179788,-0.0005992732635916598,-0.0010269158509841336,0.0013660266424349525,0.4,0.45,0,1166.0717788811576,1159.0141889811052,49.6351275494293,3.227078294605917,4.253844924605599,1162.5096831469982,0.0013660266424349525,0,SBIN,5m,2026-02-11 06:45:00
1167.5,1167.699951171875,1166.5,1166.800048828125,255164,-0.0004283388838216551,0.0007719567674893124,0.0012712852835756537,0.4,0.5,0,1166.1411379237259,1159.3195168182433,33.92878551732406,2.9147393474727323,3.986023809179026,1162.6100284285005,0.0012712852835756537,0,SBIN,5m,2026-02-11 06:50:00
1166.9000244140625,1167.5999755859375,1166.199951171875,1166.5999755859375,137986,-0.00017147174649889685,-0.0003427801320158297,0.0012538791720616694,0.4,0.5,0,1166.1848367486984,1159.6050250052117,39.99999999999999,2.620852684701731,3.712989584283567,1162.6600579602289,0.0012538791720616694,0,SBIN,5m,2026-02-11 06:55:00
1166.5999755859375,1170.9000244140625,1166.199951171875,1170.199951171875,429367,0.003085869759365867,0.0033438242137333596,0.0014230535194200106,0.4,0.5,0,1166.5672285985247,1160.0205123058652,49.55709193043102,2.6479098738907396,3.499973642205002,1162.8907588105158,0.0014230535194200106,0,SBIN,5m,2026-02-11 07:00:00
1170.300048828125,1173.300048828125,1170.300048828125,1172.0,357255,0.001538240389022727,0.0031669528522113577,0.0014134660407639828,0.4,0.5,0,1167.0846353986653,1160.4902961370078,56.92326472355769,2.782526554001606,3.3564842245643227,1163.15056090578,0.0014134660407639828,0,SBIN,5m,2026-02-11 07:05:00
1172.0,1173.800048828125,1171.4000244140625,1171.800048828125,370521,-0.0001706068019411422,0.0011961930834403223,0.001360930122453341,0.4,0.5,0,1167.5337223919473,1160.933815850385,59.2001953125,2.8403352377681585,3.25325442720509,1163.418186523017,0.001360930122453341,0,SBIN,5m,2026-02-11 07:10:00
1171.5999755859375,1172.0,1170.199951171875,1172.0,200883,0.00017063591358867924,0.003940359336763066,0.001212742179464762,0.35,0.5,0,1167.959082164143,1161.3677838562523,60.7998046875,2.8692089696687617,3.1764453356978244,1163.5423444299568,0.001212742179464762,0,SBIN,5m,2026-02-11 07:15:00
1172.0,1173.199951171875,1171.5999755859375,1173.0,145857,0.0008532423208191808,0.002221441841851579,0.001090591440413542,0.4,0.5,0,1168.4391695770819,1161.823949195223,63.7035228587963,2.938905381047789,3.1289373447678175,1163.6435011813605,0.001090591440413542,0,SBIN,5m,2026-02-11 07:20:00
1172.9000244140625,1174.4000244140625,1172.300048828125,1174.4000244140625,244152,0.0011935416999679926,0.00504922928032725,0.0010352340597733184,0.45,0.5,0,1169.0068700377467,1162.3171286155696,66.89183616238597,3.0717018915854624,3.1174902541313467,1163.8280526536569,0.0010352340597733184,0,SBIN,5m,2026-02-11 07:25:00
1174.0999755859375,1176.800048828125,1174.0,1175.5999755859375,578727,0.0010217567667998306,0.004528690538054381,0.0010073873859479203,0.5,0.45,0,1169.63478485186,1162.8380245751919,75.51028881765791,3.2364621925657957,3.141284641818237,1164.3132206510236,0.0010073873859479203,0,SBIN,5m,2026-02-11 07:30:00
1175.5999755859375,1176.699951171875,1175.0999755859375,1175.699951171875,223267,8.504218102567407e-05,0.004700051469402444,0.001005327207792143,0.45,0.45,0,1170.2124197394805,1163.3424138534933,74.2856644606625,3.3366403988495676,3.1803557932245035,1164.495554703339,0.001005327207792143,0,SBIN,5m,2026-02-11 07:35:00
1175.699951171875,1177.4000244140625,1175.0,1176.9000244140625,263813,0.001020730876948095,0.006327511256145835,0.0009998764880736059,0.5,0.45,0,1170.8493344703932,1163.8740848558687,83.45364808374609,3.4728355439033294,3.238851743360269,1164.7147146929385,0.0009998764880736059,0,SBIN,5m,2026-02-11 07:40:00
1177.0,1177.5,1176.300048828125,1176.699951171875,225171,-0.00017000020225776957,0.006328488869188131,0.000999851618740453,0.55,0.4,0,1171.4065360610105,1164.377060005516,86.5668242646188,3.524004409809095,3.295882276650034,1164.90167704204,0.000999851618740453,0,SBIN,5m,2026-02-11 07:45:00
1176.4000244140625,1177.4000244140625,1175.199951171875,1176.0,244852,-0.0005948425264893364,0.005729881888391075,0.0010184195847336523,0.5,0.4,0,1171.8440088171046,1164.832861573927,80.76923076923077,3.4680978219810186,3.3303253857162316,1165.0880919147917,0.0010184195847336523,0,SBIN,5m,2026-02-11 07:50:00
1176.0,1176.0,1174.699951171875,1175.199951171875,188303,-0.0006803136293579426,0.0049597457129511024,0.001040519853653058,0.45,0.45,0,1172.1636223747018,1165.23941410718,80.15207424801521,3.320952323040501,3.3284507731810855,1165.2160447687593,0.001040519853653058,0,SBIN,5m,2026-02-11 07:55:00
1175.300048828125,1179.5,1175.0,1179.0,555327,0.0032335338546736203,0.00933141395589443,0.001185263880639681,0.5,0.4,0,1172.8147059580635,1165.7790449265062,87.19464086341645,3.47095957570923,3.356952533686715,1165.6656625371584,0.001185263880639681,0,SBIN,5m,2026-02-11 08:00:00
1179.300048828125,1180.5999755859375,1179.0,1180.0,454655,0.0008481764206955678,0.009496086366754586,0.00118741711183234,0.55,0.4,0,1173.499019676343,1166.3367294391924,88.95339346926609,3.628703610412913,3.4113027490319547,1166.0682314141147,0.00118741711183234,0,SBIN,5m,2026-02-11 08:05:00
1180.199951171875,1180.199951171875,1178.0999755859375,1178.0999755859375,318983,-0.0016101901814088437,0.008992805943431659,0.0012269774412393484,0.55,0.4,0,1173.9372059534473,1166.798033209653,75.48374902541406,3.5593705947665057,3.440916318178865,1166.3165114461976,0.0012269774412393484,1,SBIN,5m,2026-02-11 08:10:00
1178.5,1179.9000244140625,1178.0999755859375,1179.300048828125,304109,0.0010186514447474426,0.01062646683916979,0.001207434714006644,0.55,0.35,0,1174.4479528938928,1167.2883083319462,74.49656731824811,3.5602195665599083,3.464776967855074,1166.5498388599049,0.001207434714006644,1,SBIN,5m,2026-02-11 08:15:00
1179.0,1180.800048828125,1178.300048828125,1180.0999755859375,383700,0.0006783063891224739,0.010359568138645026,0.0012041147274237552,0.55,0.35,0,1174.9862407693256,1167.7907266556322,76.77374642651819,3.584124233783996,3.4886464210408588,1166.8466100105168,0.0012041147274237552,1,SBIN,5m,2026-02-11 08:20:00
1180.300048828125,1182.4000244140625,1180.300048828125,1181.0999755859375,604050,0.00084738583229238,0.011822090448524003,0.0011767239309829923,0.6,0.35,1,1175.5685012280505,1168.3126579862324,77.91374287618605,3.641780320825319,3.519273200997751,1167.3401413159816,0.0011767239309829923,0,SBIN,5m,2026-02-11 08:25:00
1181.199951171875,1185.300048828125,1181.0,1183.699951171875,584824,0.0022013171108972163,0.014483974662774068,0.0012037340834635212,0.65,0.3,1,1176.3429250322245,1168.9160812484145,79.88788717794841,3.852856158601071,3.585989792518415,1167.8530938987212,0.0012037340834635212,0,SBIN,5m,2026-02-11 08:30:00
1183.5999755859375,1185.300048828125,1182.699951171875,1183.0999755859375,544205,-0.0005068645862015275,0.014143665648297832,0.001219045273716196,0.65,0.25,1,1176.9864536563878,1169.4723123989056,75.43830844350532,3.9264604729817165,3.6540839286110756,1168.3123464525581,0.001219045273716196,0,SBIN,5m,2026-02-11 08:35:00
1183.0,1185.5,1182.699951171875,1184.199951171875,427094,0.0009297401814185591,0.011963767376660606,0.0010852366539518983,0.65,0.25,0,1177.6734534197676,1170.0498668605906,75.29386421570388,4.027129022751069,3.7286929474390744,1168.6641773419572,0.0010852366539518983,0,SBIN,5m,2026-02-11 08:40:00
1183.800048828125,1186.300048828125,1183.699951171875,1185.5999755859375,702185,0.0011822533962082549,0.011604074732028513,0.0010717945475425465,0.65,0.25,0,1178.4283602927362,1170.6596750458984,77.0489944301771,4.17179004465811,3.8173123668828817,1169.2474339875064,0.0010717945475425465,0,SBIN,5m,2026-02-11 08:45:00
1185.699951171875,1187.300048828125,1184.9000244140625,1185.800048828125,489879,0.0001687527381135645,0.011947430804428505,0.0010619676127226285,0.65,0.25,0,1179.1304258675352,1171.253415194221,75.72235981456785,4.2535469438803375,3.904559282282373,1169.6497767072035,0.0010619676127226285,0,SBIN,5m,2026-02-11 08:50:00
1185.5,1186.800048828125,1185.0,1185.0999755859375,464232,-0.0005903805138811613,0.011177453571618923,0.001091187617385523,0.65,0.2,0,1179.698954412145,1171.7964175625236,73.59534765702686,4.213281726585137,3.9663037711429263,1170.0054573159605,0.001091187617385523,0,SBIN,5m,2026-02-11 08:55:00
1185.199951171875,1185.699951171875,1182.5999755859375,1185.199951171875,674267,8.436046578097489e-05,0.010400640385230142,0.0010937238741536006,0.6,0.25,0,1180.2228588654527,1172.3220463315176,76.74374041900869,4.141695557763796,4.0013821284671005,1170.4592651152195,0.0010937238741536006,0,SBIN,5m,2026-02-11 09:00:00
1185.0,1186.0,1184.5,1185.300048828125,437795,8.445634523601697e-05,0.009281355745458963,0.0010857598009103872,0.6,0.25,0,1180.7064007666597,1172.8309876058943,80.60590367685137,4.046395716504776,4.010384846074636,1170.754281963437,0.0010857598009103872,0,SBIN,5m,2026-02-11 09:05:00
1185.0999755859375,1185.800048828125,1184.800048828125,1185.800048828125,531264,0.00042183411744090016,0.008676483033358107,0.0010777563222072793,0.55,0.25,0,1181.1915101058469,1173.3395782420603,75.75737959606421,3.9655038668972793,4.001408650239165,1171.1015913038896,0.0010777563222072793,0,SBIN,5m,2026-02-11 09:10:00
1185.699951171875,1185.800048828125,1183.5999755859375,1185.0,793892,-0.0006746911748870543,0.007910223028295027,0.0011037269127495842,0.55,0.3,0,1181.5542234290997,1173.796849683548,69.2304080827809,3.793114575452364,3.959749835281805,1171.5683550255376,0.0011037269127495842,0,SBIN,5m,2026-02-11 09:15:00
1185.0,1186.0,1184.5,1185.300048828125,431879,0.000253205762130726,0.00713741544719948,0.0010941125503076035,0.55,0.25,0,1181.9109687051973,1174.247955532355,81.57852469724062,3.6387608823993105,3.895552044705306,1171.8176527681803,0.0010941125503076035,0,SBIN,5m,2026-02-11 09:20:00
1185.5999755859375,1186.0,1181.5,1181.5999755859375,620015,-0.0031216342611692927,0.004164208904047673,0.0013402200236981184,0.5,0.3,0,1181.8813503128868,1174.5362700442602,58.272957996329176,3.1811986034806523,3.7526813564603754,1172.1032244005316,0.0013402200236981184,0,SBIN,5m,2026-02-11 09:25:00
1181.9000244140625,1185.4000244140625,1181.5999755859375,1185.300048828125,624678,0.0031314093759631234,0.00790820478582055,0.0014748819343546632,0.5,0.25,0,1182.2069406476714,1174.9583790161764,65.47602612821426,3.0816192008160215,3.6184689253315048,1172.4032845298254,0.0014748819343546632,0,SBIN,5m,2026-02-11 09:30:00
1185.300048828125,1185.300048828125,1182.5999755859375,1182.5999755859375,794795,-0.0022779660262876034,0.006296821580602963,0.001575987086154888,0.5,0.2,0,1182.2443725465541,1175.2580494698925,54.05394705587374,2.7530925246983315,3.44539364520487,1172.745524948881,0.001575987086154888,0,SBIN,5m,2026-02-11 09:35:00
1182.800048828125,1183.800048828125,1181.800048828125,1183.0999755859375,804634,0.0004227972351786846,0.0034775026174194146,0.0014196034404908183,0.45,0.25,0,1182.325858550305,1175.565575984247,48.17086332273935,2.5042115958342492,3.2571572353307463,1173.0529829975892,0.0014196034404908183,0,SBIN,5m,2026-02-11 09:40:00
1183.0999755859375,1183.5999755859375,1182.0999755859375,1183.199951171875,826681,8.450307497298581e-05,0.002711823027012672,0.001410773855912131,0.4,0.25,0,1182.409105466645,1175.864963246507,50.314378497892626,2.2886566516331186,3.063457118591221,1173.3520693198434,0.001410773855912131,0,SBIN,5m,2026-02-11 09:45:00
1183.300048828125,1184.300048828125,1180.0999755859375,1180.300048828125,946444,-0.002450897957591902,0.0018674758405738956,0.0014765447794898936,0.45,0.25,0,1182.2082429296431,1176.0388881712763,38.98360022620378,1.8623617744624426,2.8232380497654654,1173.6263279190025,0.0014765447794898936,0,SBIN,5m,2026-02-11 09:50:00
1180.699951171875,1182.9000244140625,1179.800048828125,1181.0999755859375,591225,0.0006777316993307192,0.001526267008638893,0.0014672509067806998,0.45,0.3,0,1182.102693658814,1176.2373621875377,36.84236825949774,1.5709583867103447,2.572782117154442,1173.7824195479936,0.0014672509067806998,0,SBIN,5m,2026-02-11 09:55:00
1184.5999755859375,1185.0,1179.199951171875,1181.4000244140625,1140797,-0.0034584357536376897,0.00025404185448074657,0.0018592577190846284,0.4,0.35,0,1182.3285111932482,1176.788815495007,42.510279523978966,1.4116865108380807,2.197037429636673,1181.8666585286458,0.0018592577190846284,0,SBIN,5m,2026-02-12 03:50:00
1181.300048828125,1187.699951171875,1179.5,1186.199951171875,530061,0.004062914049957955,0.0021120217142232,0.0020146142640826707,0.4,0.35,0,1182.6972197626412,1177.157879639198,51.70067179857668,1.5716137998360864,2.0719527036765557,1182.6914716839574,0.0020146142640826707,0,SBIN,5m,2026-02-12 03:55:00
1186.0,1192.4000244140625,1184.300048828125,1191.4000244140625,648540,0.004383808342809603,0.007015509254840735,0.0022222432400629466,0.45,0.35,0,1183.5260583008717,1177.7163951205653,58.84051304732419,2.093823486606425,2.0763268602625296,1184.5579698293443,0.0022222432400629466,0,SBIN,5m,2026-02-12 04:00:00
1191.800048828125,1197.699951171875,1190.300048828125,1190.300048828125,952522,-0.000923263021148979,0.005151239577584343,0.002235474796822851,0.45,0.35,0,1184.1712002558481,1178.209871736548,56.41023857550254,2.3913535535841675,2.139332198926857,1186.9476920206473,0.002235474796822851,0,SBIN,5m,2026-02-12 04:05:00
1190.300048828125,1193.199951171875,1188.4000244140625,1191.5999755859375,501203,0.0010921000625785382,0.005060728849150653,0.0022336059050866368,0.4,0.4,0,1184.8787026682376,1178.7349738482887,59.269634988941654,2.700907124590458,2.2516471840595775,1187.4948340809267,0.0022336059050866368,0,SBIN,5m,2026-02-12 04:10:00
1191.5999755859375,1194.5999755859375,1191.0999755859375,1193.0999755859375,396105,0.0012588117075635896,0.0061561194613093395,0.0022446678231737194,0.4,0.4,0,1185.661681041352,1179.2983072497652,60.59774766556648,3.032313402449063,2.4077804277374746,1188.0115261581752,0.0022446678231737194,0,SBIN,5m,2026-02-12 04:15:00
1193.300048828125,1193.5,1191.0999755859375,1193.0,761569,-8.379481014442192e-05,0.006666124864407763,0.002236825815757879,0.4,0.4,0,1186.3605685612233,1179.835628534088,67.16879984410218,3.2494306571359175,2.576110473617163,1188.7099248087206,0.002236825815757879,0,SBIN,5m,2026-02-12 04:20:00
1193.5,1197.9000244140625,1192.699951171875,1197.0,864074,0.003352891869237151,0.00995616715682246,0.002334833549197822,0.45,0.35,0,1187.3738477458687,1180.5087411405946,67.46274095397735,3.7015945386467592,2.8012072866230824,1189.7770663434176,0.002334833549197822,0,SBIN,5m,2026-02-12 04:25:00
1196.699951171875,1198.5999755859375,1196.5,1197.699951171875,1249758,0.0005847545295529777,0.010461403723056817,0.002332848296154623,0.45,0.35,0,1188.357286167393,1181.1829062398604,73.96849386734871,4.069507137146502,3.0548672567277664,1191.164895767666,0.002332848296154623,0,SBIN,5m,2026-02-12 04:30:00
1197.699951171875,1198.199951171875,1195.300048828125,1197.0999755859375,619592,-0.0005009398099670159,0.009529369448904701,0.00234405426793217,0.45,0.4,0,1189.1899232548735,1181.807105037746,72.15217256938007,4.263520298492722,3.296597865080758,1191.6258384508951,0.00234405426793217,0,SBIN,5m,2026-02-12 04:35:00
1197.300048828125,1203.699951171875,1197.0,1201.0999755859375,1340474,0.0033414084717879877,0.013586477287711007,0.0024112646157710698,0.5,0.35,0,1190.32421395307,1182.5636881964986,75.21156206909595,4.686026105262727,3.5744835131171517,1192.961763487996,0.0024112646157710698,0,SBIN,5m,2026-02-12 04:40:00
1201.0,1203.0,1198.199951171875,1199.199951171875,708638,-0.0015819036322397562,0.011726906075379295,0.002462637828076937,0.45,0.35,0,1191.169522259623,1183.2160906661213,77.39135665305602,4.812078267219931,3.822002463937708,1193.4849643135435,0.002462637828076937,0,SBIN,5m,2026-02-12 04:45:00
1198.0999755859375,1200.5,1198.0,1199.300048828125,429448,8.347036384726003e-05,0.014979750852999407,0.002308104438131857,0.45,0.35,0,1191.9438581232898,1183.846834123455,76.92324361025537,4.863983583015852,4.030398687753337,1193.7297637922918,0.002308104438131857,0,SBIN,5m,2026-02-12 04:50:00
1199.300048828125,1201.4000244140625,1198.0999755859375,1201.4000244140625,370186,0.0017510010009500476,0.01358303798422611,0.002253007415367894,0.5,0.35,0,1192.8444453890777,1184.5351945270083,75.23823179498308,5.016739548594387,4.2276668599215474,1193.9611173648245,0.002253007415367894,0,SBIN,5m,2026-02-12 04:55:00
1201.0999755859375,1202.5999755859375,1201.0999755859375,1201.9000244140625,407644,0.0004161811135670046,0.01632001456668597,0.002144968579721326,0.55,0.35,0,1193.7068814866952,1185.2161682480694,86.7384798473897,5.119135367225908,4.40596056138242,1194.256214994635,0.002144968579721326,0,SBIN,5m,2026-02-12 05:00:00
1201.9000244140625,1202.0,1200.0,1200.199951171875,336126,-0.0014144880669391124,0.014453533884546621,0.002201119665170358,0.55,0.35,0,1194.32526907576,1185.8037675784149,78.22575087860919,5.005403908176049,4.525849230741146,1194.449621166238,0.002201119665170358,0,SBIN,5m,2026-02-12 05:05:00
1200.199951171875,1200.800048828125,1198.199951171875,1198.5999755859375,925770,-0.0013330908607147585,0.013015572219057248,0.002245048905157269,0.55,0.4,0,1194.732383981491,1186.3055796571414,66.98105602579605,4.731623044137223,4.567003993420362,1194.8106101382941,0.002245048905157269,0,SBIN,5m,2026-02-12 05:10:00
1198.9000244140625,1199.9000244140625,1196.5,1198.5999755859375,392686,0.0,0.015504470050629715,0.002130915893131511,0.5,0.4,0,1195.1007260390572,1186.7877128308198,70.6466090526482,4.463200737051238,4.546243342146537,1194.9206143410581,0.002130915893131511,0,SBIN,5m,2026-02-12 05:15:00
1198.300048828125,1200.199951171875,1197.5,1199.300048828125,242503,0.0005840758021418146,0.015409426482426714,0.0021312362043251847,0.55,0.35,0,1195.5006615427778,1187.2783926738516,69.74365394848039,4.257881971764391,4.488571068070108,1194.9977938326338,0.0021312362043251847,0,SBIN,5m,2026-02-12 05:20:00
1199.300048828125,1199.9000244140625,1197.5,1199.5999755859375,285578,0.00025008483748956145,0.011893695137863869,0.002015896146822181,0.5,0.3,0,1195.891072404031,1187.7615920037374,67.75951545552783,4.072422601046128,4.405341374665312,1195.085019516296,0.002015896146822181,0,SBIN,5m,2026-02-12 05:25:00
1199.800048828125,1201.4000244140625,1199.0999755859375,1200.699951171875,267679,0.0009169519909335566,0.016336487522407683,0.0017762182827840817,0.55,0.3,0,1196.3490608581114,1188.268978637782,69.94800956320444,3.968457641087298,4.31796462794971,1195.1914221268014,0.0017762182827840817,0,SBIN,5m,2026-02-12 05:30:00
1200.800048828125,1202.4000244140625,1199.800048828125,1201.0,370645,0.00024989492823102033,0.012476858402753921,0.0016053366911953026,0.55,0.3,0,1196.792007443053,1188.7682343774768,62.82043256439952,3.86571454317982,4.2275146109957324,1195.349892710894,0.0016053366911953026,0,SBIN,5m,2026-02-12 05:35:00
1201.4000244140625,1202.9000244140625,1200.800048828125,1201.0,1464179,0.0,0.008057726531152998,0.0013423178066362565,0.55,0.3,0,1197.1927686389527,1189.2479114607129,61.073880486965635,3.741164087062316,4.130244506209049,1195.9485142492967,0.0013423178066362565,0,SBIN,5m,2026-02-12 05:40:00
1201.300048828125,1201.300048828125,1200.0,1200.0,295283,-0.0008326394671107629,0.008149164726511504,0.001337753205083103,0.5,0.35,0,1197.4601240066713,1189.6695619916652,59.47709810992588,3.521175392530722,4.008430683473383,1196.0339468351733,0.001337753205083103,0,SBIN,5m,2026-02-12 05:45:00
1200.0,1200.5999755859375,1197.0999755859375,1198.4000244140625,244288,-0.00133331298828121,0.005706654051231608,0.0013815707386312414,0.5,0.35,0,1197.5496383311847,1190.0119330670534,39.535191809080416,3.181058842751554,3.8429563153290176,1196.0753103418745,0.0013815707386312414,0,SBIN,5m,2026-02-12 05:50:00
1198.4000244140625,1198.5,1195.0,1195.9000244140625,411411,-0.00208611477726095,0.0023468685654359778,0.0014578931380538024,0.45,0.4,0,1197.3925322438397,1190.2428386100735,37.77815955801905,2.678904180186464,3.610145888300507,1196.085275932437,0.0014578931380538024,0,SBIN,5m,2026-02-12 05:55:00
1196.0,1197.0,1195.0999755859375,1195.5999755859375,259706,-0.000250897919558124,0.0021793592505763293,0.0014595896689038764,0.45,0.4,0,1197.2218125621348,1190.4529224130486,36.49615525122292,2.2310138208883927,3.334319474818084,1196.0823446376487,0.0014595896689038764,0,SBIN,5m,2026-02-12 06:00:00
1195.5999755859375,1195.5999755859375,1192.4000244140625,1193.0,500008,-0.002174619972422853,-0.003341687552213868,0.0013308412876221224,0.4,0.45,0,1196.819735175265,1190.5528078086152,20.42260180353658,1.6472724519517215,2.996910070244812,1196.0109433289413,0.0013308412876221224,0,SBIN,5m,2026-02-12 06:05:00
1193.0,1195.0999755859375,1192.699951171875,1195.0,320140,0.0016764459346185756,-0.0022542801051576022,0.00138457915142045,0.35,0.45,0,1196.646427063335,1190.727207502395,28.02550246860787,1.3306970494861616,2.663667466093082,1195.9785459811226,0.00138457915142045,0,SBIN,5m,2026-02-12 06:10:00
1194.800048828125,1197.4000244140625,1194.5,1196.9000244140625,328261,0.0015899785891735352,-0.00016702963491177503,0.001431794493639213,0.4,0.4,0,1196.6705791919758,1190.969278753833,39.622887764581236,1.2190721483973448,2.3747484025539345,1195.9839308263054,0.001431794493639213,0,SBIN,5m,2026-02-12 06:15:00
1197.0999755859375,1197.9000244140625,1194.5,1194.699951171875,281169,-0.0018381428668318156,-0.0053284693565498475,0.0012512437589066294,0.4,0.4,0,1196.4829003329187,1191.115579632972,38.181831632992775,0.9422197632854932,2.088242674700246,1195.979457294853,0.0012512437589066294,0,SBIN,5m,2026-02-12 06:20:00
1194.800048828125,1195.199951171875,1192.0,1194.800048828125,245055,8.378476633552623e-05,-0.0036690314567227045,0.001213949969253679,0.4,0.45,0,1196.3226287610337,1191.2600686210171,38.554588974108206,0.7225600750123249,1.815106154762662,1195.9526443337277,0.001213949969253679,0,SBIN,5m,2026-02-12 06:25:00
1194.9000244140625,1196.5999755859375,1194.5999755859375,1195.5,176947,0.0005858312213509187,-0.0031685555519139763,0.0012249031093522018,0.45,0.4,0,1196.2442831647447,1191.426340439801,38.55413712974674,0.5980642865147274,1.5716977811130752,1195.9489055390043,0.0012249031093522018,0,SBIN,5m,2026-02-12 06:30:00
1195.800048828125,1196.0999755859375,1194.300048828125,1195.199951171875,169649,-0.00025098187212468925,-0.005160706772260437,0.0011395177602050214,0.4,0.45,0,1196.1448229749476,1191.574325174392,36.747089838148675,0.4697737846045129,1.3513129818113627,1195.9420146308248,0.0011395177602050214,0,SBIN,5m,2026-02-12 06:35:00
1195.300048828125,1196.199951171875,1194.199951171875,1195.4000244140625,149482,0.00016739729782555557,-0.0054081037257394105,0.0011331101922322498,0.4,0.5,0,1196.0738897786728,1191.7243525955557,33.12159356850184,0.379867994341339,1.157023984317358,1195.936583143339,0.0011331101922322498,0,SBIN,5m,2026-02-12 06:40:00
1195.5999755859375,1196.9000244140625,1195.199951171875,1196.300048828125,155446,0.000752906471207071,-0.003249377189144309,0.001121525597814246,0.45,0.45,0,1196.0954287357636,1191.9037916634995,35.58323098583111,0.37689682423865634,1.0009985523016176,1195.9382150012007,0.001121525597814246,0,SBIN,5m,2026-02-12 06:45:00
1196.4000244140625,1197.0999755859375,1196.0999755859375,1196.300048828125,158311,0.0,-0.0019188443222587503,0.0010873636334810405,0.5,0.4,0,1196.1149163636076,1192.0761939052495,35.58323098583111,0.37027386391037,0.8748536146233681,1195.9429204167982,0.0010873636334810405,0,SBIN,5m,2026-02-12 06:50:00
1196.4000244140625,1197.0,1195.5,1196.0,150989,-0.00025081402313653633,-0.0021691770723309967,0.00108765093739356,0.5,0.4,0,1196.103971948026,1192.2300686540634,37.179768071487814,0.3369297706526595,0.7672688458292265,1195.9446936354016,0.00108765093739356,0,SBIN,5m,2026-02-12 06:55:00
1196.0,1196.300048828125,1195.5,1195.9000244140625,149171,-8.35916270380821e-05,-0.0028350073172971335,0.001075468882971611,0.45,0.4,0,1196.0845483733628,1192.373988487789,41.13496666955242,0.29899056514068434,0.6736131896915181,1195.9443466055518,0.001075468882971611,0,SBIN,5m,2026-02-12 07:00:00
1196.0,1196.300048828125,1193.5,1193.699951171875,277098,-0.0018396799040667489,-0.004918326553967067,0.0011352858442051233,0.45,0.45,0,1195.857443877983,1192.4259870244198,42.02895986838032,0.09035439830995529,0.5569614314152055,1195.923799237693,0.0011352858442051233,0,SBIN,5m,2026-02-12 07:05:00
1193.5999755859375,1194.5,1192.9000244140625,1193.5999755859375,193794,-8.375269332916435e-05,-0.005913197197191522,0.0011029300956533435,0.4,0.5,0,1195.6424468977884,1192.4720257915383,42.647243613908486,-0.0821119261286185,0.4291467599064407,1195.9015636194029,0.0011029300956533435,0,SBIN,5m,2026-02-12 07:10:00
1193.5999755859375,1194.5999755859375,1193.0,1194.0,191785,0.00033514110442744993,-0.005828476269775229,0.0011053125583576965,0.4,0.5,0,1195.4860233837135,1192.5319463487328,54.385814630803495,-0.18438858687591164,0.3064396905499703,1195.8819165799518,0.0011053125583576965,0,SBIN,5m,2026-02-12 07:15:00
1193.800048828125,1194.300048828125,1193.0999755859375,1193.5999755859375,145265,-0.0003350288224979181,-0.0061615523847314835,0.001103196524560342,0.35,0.5,0,1195.3063997839254,1192.573829848231,42.857320794668986,-0.2943293588182314,0.18628588067632995,1195.8658339313558,0.001103196524560342,0,SBIN,5m,2026-02-12 07:20:00
1193.5999755859375,1195.5999755859375,1193.4000244140625,1193.699951171875,154769,8.375970843021996e-05,-0.005250040690104152,0.0010993009764426712,0.4,0.45,0,1195.153404678016,1192.6179914687661,30.00045774271807,-0.3691358501077957,0.07520153451950481,1195.8533034086388,0.0010993009764426712,0,SBIN,5m,2026-02-12 07:25:00
1193.9000244140625,1197.0,1193.9000244140625,1196.5,160338,0.00234568898606069,-0.0015854676029328774,0.001212667118782552,0.45,0.4,0,1195.2816518515383,1192.770227097442,60.46498424503932,-0.20017252964248655,0.020126721687106545,1195.8528829600364,0.001212667118782552,0,SBIN,5m,2026-02-12 07:30:00
1196.5,1196.800048828125,1195.5,1196.0999755859375,141894,-0.0003343288040639214,0.00016719723036451306,0.001119742314274594,0.45,0.35,0,1195.3595874452906,1192.9008054695398,57.302738955713124,-0.09742347080282343,-0.003383316810879451,1195.8548274196282,0.001119742314274594,0,SBIN,5m,2026-02-12 07:35:00
1196.0,1196.300048828125,1194.199951171875,1194.5999755859375,148982,-0.0012540757717725004,-0.0008364001509032493,0.0011539414975063258,0.45,0.4,0,1195.2872434586857,1192.9674395917516,45.36085068898257,-0.13546995210140267,-0.029800643868984095,1195.8488905320453,0.0011539414975063258,0,SBIN,5m,2026-02-12 07:40:00
1194.9000244140625,1196.0,1194.0,1195.5,165796,0.0007534107085687136,0.002095557418273275,0.001050095733001268,0.45,0.4,0,1195.30750598643,1193.066755686193,51.45650628110927,-0.0919378123721799,-0.04222807756962326,1195.843447531209,0.001050095733001268,0,SBIN,5m,2026-02-12 07:45:00
1195.9000244140625,1196.199951171875,1195.0999755859375,1195.5999755859375,214266,8.362658798621858e-05,0.0005020716200314634,0.0009829094741722537,0.5,0.4,0,1195.335360234002,1193.1660976430455,50.980134035423646,-0.04880845031721037,-0.043544152119140686,1195.8413028714351,0.0009829094741722537,0,SBIN,5m,2026-02-12 07:50:00
1196.0,1196.0999755859375,1194.0,1194.300048828125,350674,-0.001087258936397495,-0.0021722579437746248,0.0009400075891438318,0.45,0.45,0,1195.2367591477282,1193.2105663169702,40.56612464876319,-0.11815927895622735,-0.058467177486558025,1195.8241961911394,0.0009400075891438318,0,SBIN,5m,2026-02-12 07:55:00
1194.300048828125,1195.199951171875,1194.199951171875,1194.699951171875,148956,0.0003348424410953843,0.0,0.0008509010789568424,0.4,0.45,0,1195.1856345785993,1193.2689735661822,42.72682883522727,-0.139246387602725,-0.07462301950979142,1195.8164052955615,0.0008509010789568424,0,SBIN,5m,2026-02-12 08:00:00
1194.699951171875,1195.199951171875,1194.0,1195.0,202693,0.0002511499459179056,0.0001673511581048448,0.000852586190610946,0.4,0.45,0,1195.1679550949232,1193.3368569557435,45.45454545454546,-0.1302452540980994,-0.08574746642745301,1195.806287291841,0.000852586190610946,0,SBIN,5m,2026-02-12 08:05:00
1194.5999755859375,1195.0999755859375,1192.5,1193.5,263453,-0.001255230125522977,-0.0016729401923881726,0.000885739927508371,0.35,0.5,0,1195.0091022287402,1193.343254722185,40.32250125515599,-0.24136692723163833,-0.11687135858829008,1195.7810191579447,0.000885739927508371,0,SBIN,5m,2026-02-12 08:10:00
1193.5999755859375,1193.9000244140625,1189.5,1190.0999755859375,684217,-0.0028487845949413115,-0.004267048020657138,0.0010806507592136104,0.35,0.5,0,1194.541566357997,1193.2160673050773,36.764771880694006,-0.5969044656833375,-0.21287798000729957,1195.6415972881841,0.0010806507592136104,0,SBIN,5m,2026-02-12 08:15:00
1190.0,1192.800048828125,1187.9000244140625,1191.9000244140625,851996,0.0015125190026483715,-0.0029278901861454765,0.001145498811844449,0.3,0.5,0,1194.2899909347652,1193.1644577799395,44.44462174280745,-0.7250635483728729,-0.3153150936804142,1195.4684610533811,0.001145498811844449,0,SBIN,5m,2026-02-12 08:20:00
1192.0,1192.199951171875,1191.0,1191.199951171875,101589,-0.0005873590299921849,-0.004263226154045507,0.0011292335399297046,0.25,0.5,0,1193.9957014335375,1193.0874183051135,41.02554070549939,-0.8730565521545941,-0.4268633853752502,1195.4512337349088,0.0011292335399297046,0,SBIN,5m,2026-02-12 08:25:00
1191.300048828125,1192.800048828125,1188.4000244140625,1188.5999755859375,225798,-0.0021826525289727616,-0.0064365735416715975,0.0012101373118140481,0.25,0.55,0,1193.481822781385,1192.9114401592635,35.95509470710064,-1.1864615841705017,-0.5787830251343005,1195.39893759015,0.0012101373118140481,0,SBIN,5m,2026-02-12 08:30:00
1188.5999755859375,1190.199951171875,1188.5999755859375,1190.0999755859375,303192,0.001261988920419288,-0.00493313078098867,0.001261037681050954,0.25,0.5,0,1193.1597420961043,1192.801186646584,40.62509934069567,-1.298827787782102,-0.7227919776638607,1195.3264856480723,0.001261037681050954,0,SBIN,5m,2026-02-12 08:35:00
1190.0,1191.0,1189.5999755859375,1190.9000244140625,196961,0.0006722534615053455,-0.00418095149922737,0.0012773961849964343,0.3,0.5,0,1192.9445308882907,1192.7266312649165,33.7210705236936,-1.3082409719831958,-0.8398817765277278,1195.2874046729278,0.0012773961849964343,0,SBIN,5m,2026-02-12 08:40:00
1190.5999755859375,1191.0,1188.0,1188.4000244140625,99300,-0.0020992526230151354,-0.004439915367852265,0.0012960224593926743,0.3,0.5,0,1192.511720747888,1192.5569604080204,30.051990436795563,-1.5001374442549604,-0.9719329100731744,1195.2623841704392,0.0012960224593926743,0,SBIN,5m,2026-02-12 08:45:00
1188.5,1191.9000244140625,1188.4000244140625,1191.4000244140625,199863,0.0025244025062007847,-0.0018431226682917856,0.0014344550512744379,0.35,0.45,0,1192.405844906571,1192.5115903690416,42.307827740413394,-1.3940718604876565,-1.0563607001560709,1195.2242707852117,0.0014344550512744379,0,SBIN,5m,2026-02-12 08:50:00
1191.4000244140625,1192.800048828125,1190.699951171875,1190.800048828125,168164,-0.0005035886970311543,-0.0026800261070979436,0.00143359300681968,0.35,0.45,0,1192.252911946719,1192.4444710929272,38.53670445884146,-1.3429464856396862,-1.1136778572527941,1195.198556921292,0.00143359300681968,0,SBIN,5m,2026-02-12 08:55:00
1190.5999755859375,1191.0,1188.5,1188.699951171875,269956,-0.0017636022591003275,-0.0041052484201477,0.0014790472855799985,0.35,0.5,0,1191.914534730067,1192.2976271744546,34.66669560169487,-1.4551159168338472,-1.181965469169005,1195.136097166615,0.0014790472855799985,-1,SBIN,5m,2026-02-12 09:00:00
1188.5999755859375,1190.5999755859375,1187.800048828125,1189.5999755859375,935626,0.0007571502069763092,-0.0034346785236210042,0.001493551208890489,0.3,0.55,0,1191.6941005258643,1192.1918369160815,39.36645585351708,-1.454618612894592,-1.2364960979141224,1194.9272612033403,0.001493551208890489,0,SBIN,5m,2026-02-12 09:05:00
1190.0,1190.5,1188.800048828125,1190.4000244140625,282252,0.0006725360159249849,-0.005098182687787278,0.0013883200195184866,0.25,0.55,0,1191.5708551818832,1192.1215697591397,40.444762726301114,-1.373830578073239,-1.2639629939459458,1194.8732672894573,0.0013883200195184866,0,SBIN,5m,2026-02-12 09:10:00
1190.4000244140625,1190.5,1186.4000244140625,1187.0,300461,-0.002856203246245803,-0.007608039270696976,0.0015055186786029223,0.25,0.6,-1,1191.1355356407514,1191.9207238862323,34.37520861347143,-1.5661059390574792,-1.3243915829682527,1194.7951956698175,0.0015055186786029223,0,SBIN,5m,2026-02-12 09:15:00
1186.9000244140625,1188.800048828125,1186.4000244140625,1188.800048828125,215100,0.0015164691054128099,-0.004855120438929994,0.0015477972163886705,0.25,0.55,0,1190.9131083252632,1191.798344472189,40.92687203076691,-1.5553080283082181,-1.3705748720362458,1194.7406474413917,0.0015477972163886705,0,SBIN,5m,2026-02-12 09:20:00
1188.800048828125,1189.199951171875,1187.0999755859375,1188.9000244140625,245652,8.409789857943828e-05,-0.005520682213247641,0.001532296295260975,0.3,0.5,0,1190.721386048006,1191.6846848620664,47.34528091951042,-1.521148558292225,-1.4006896092874417,1194.6830461062807,0.001532296295260975,0,SBIN,5m,2026-02-12 09:25:00
1189.0,1195.5,1188.699951171875,1191.800048828125,1510149,0.002439250024821593,-0.0031782593136556736,0.0016475633790481346,0.3,0.5,0,1190.8241158365886,1191.6892089391667,49.789083866847285,-1.2457094355534082,-1.3696935745406351,1194.5411323147591,0.0016475633790481346,0,SBIN,5m,2026-02-12 09:30:00
1192.199951171875,1193.699951171875,1191.699951171875,1193.0,614141,0.0010068393377353768,-0.0010885445658321835,0.0016519260153172064,0.3,0.45,0,1191.0313428997708,1191.7406125101797,53.7190791332069,-0.9199908335369855,-1.2797530263399053,1194.504468137726,0.0016519260153172064,0,SBIN,5m,2026-02-12 09:35:00
1193.4000244140625,1194.5,1192.300048828125,1193.5,558341,0.0004191114836546994,-0.0010043954305831715,0.0016530748195385727,0.35,0.45,0,1191.2664530997927,1191.8096080980158,61.08591786572399,-0.6144279307202396,-1.1466880072159722,1194.484347791989,0.0016530748195385727,0,SBIN,5m,2026-02-12 09:40:00
1193.5999755859375,1193.9000244140625,1191.9000244140625,1193.300048828125,850235,-0.0001675334494134484,-0.0014225532819037712,0.0016517249684694492,0.35,0.45,0,1191.4601288834435,1191.8680567540987,57.69242055224625,-0.38397528916743795,-0.9941454636062654,1194.4439971118593,0.0016517249684694492,0,SBIN,5m,2026-02-12 09:45:00
1193.0,1193.5,1191.300048828125,1192.5,557221,-0.0006704506791151976,-0.0008378718056137879,0.0016347258463395183,0.35,0.45,0,1191.5591642278775,1191.8928388421732,53.846063558203,-0.26286699744014186,-0.8478897703730408,1194.4080081461095,0.0016347258463395183,0,SBIN,5m,2026-02-12 09:50:00
1192.5,1193.199951171875,1189.199951171875,1192.4000244140625,413467,-8.383696933966789e-05,0.0019326517732198845,0.001495751684514274,0.35,0.45,0,1191.6392461503715,1191.9127284724434,60.8694786843048,-0.17296120881223942,-0.7129040580608806,1194.3712021280483,0.001495751684514274,0,SBIN,5m,2026-02-12 09:55:00
1195.0999755859375,1199.4000244140625,1194.699951171875,1199.199951171875,703323,0.003430654898915364,0.006715916997922733,0.0016967965829219457,0.45,0.45,0,1192.657516738704,1192.3185904226411,69.44413047901078,0.6660616874100924,-0.304673525670138,1197.7666422526042,0.0016967965829219457,0,SBIN,5m,2026-02-13 03:50:00
1199.300048828125,1199.4000244140625,1193.0,1194.800048828125,581838,-0.0036690314567227045,0.005216282491618873,0.0018394756386222988,0.4,0.45,0,1192.861567413887,1192.4159025169738,62.76176272294523,0.7393588813961287,-0.09586704425688466,1196.8461021880198,0.0018394756386222988,0,SBIN,5m,2026-02-13 03:55:00
1194.699951171875,1195.300048828125,1190.300048828125,1192.300048828125,459252,-0.0020924003162303695,0.0018486457334010442,0.0018955470987714986,0.4,0.5,0,1192.8080894533384,1192.4113592350584,55.29428660331746,0.5889295162121471,0.041092267836921686,1195.737018446017,0.0018955470987714986,0,SBIN,5m,2026-02-13 04:00:00
1192.800048828125,1193.9000244140625,1189.0,1190.0,517738,-0.0019290855773977933,-0.0007557514447993352,0.0019424527399587907,0.35,0.55,0,1192.5406523625443,1192.3167961278014,49.259210698833094,0.2808806253920011,0.08904993934793758,1194.6452309498795,0.0019424527399587907,0,SBIN,5m,2026-02-13 04:05:00
1190.0,1193.4000244140625,1188.4000244140625,1192.9000244140625,331825,0.002436995305934886,0.003786603759301288,0.0019536635806516297,0.35,0.55,0,1192.5748782722128,1192.3396678253018,61.13217281550715,0.2676718393995543,0.12477431935826093,1194.251419869098,0.0019536635806516297,0,SBIN,5m,2026-02-13 04:10:00
1193.0,1194.5,1191.0,1191.9000244140625,354543,-0.0008382932178169211,0.0004196743241178247,0.001885780548707925,0.35,0.55,0,1192.5106064761985,1192.322426907214,56.03112101190788,0.1745006043408921,0.13471957635478718,1194.0368142079608,0.001885780548707925,0,SBIN,5m,2026-02-13 04:15:00
1191.9000244140625,1196.0999755859375,1191.800048828125,1195.699951171875,297714,0.0031881254131869152,0.004114798574766709,0.0020082583108185967,0.35,0.55,0,1192.8143535900724,1192.4548788391617,61.56458771897045,0.4026426475327298,0.18830419059037573,1194.0823495321622,0.0020082583108185967,0,SBIN,5m,2026-02-13 04:20:00
1195.800048828125,1196.4000244140625,1193.0999755859375,1193.5,263954,-0.0018398856416435017,0.004038065975684457,0.0020122668923028045,0.4,0.5,0,1192.8796532481608,1192.495863982724,52.961617639552884,0.4013032129887506,0.23090399507005072,1194.10122265153,0.0020122668923028045,0,SBIN,5m,2026-02-13 04:25:00
1193.5,1193.9000244140625,1191.5999755859375,1193.0999755859375,250721,-0.0003351691781001698,0.002942165494141058,0.0020112707507315606,0.4,0.5,0,1192.900636327949,1192.5195546338305,50.179169127781066,0.3637697630022103,0.25747714865648264,1194.018920411897,0.0020112707507315606,0,SBIN,5m,2026-02-13 04:30:00
1193.199951171875,1194.0999755859375,1192.4000244140625,1192.800048828125,165689,-0.0002513844304331547,0.0020161495000337037,0.002009218263406033,0.45,0.5,0,1192.8910565660613,1192.530554406156,48.73653686826844,0.3062919082528879,0.2672401005757637,1193.9801457916938,0.002009218263406033,0,SBIN,5m,2026-02-13 04:35:00
1192.800048828125,1192.9000244140625,1190.300048828125,1191.199951171875,331907,-0.0013414634395949587,0.003538290793491994,0.0019183078768100254,0.45,0.5,0,1192.729998909472,1192.4783738871645,46.39156661884506,0.13012577701601913,0.2398172358638148,1193.7842463361844,0.0019183078768100254,0,SBIN,5m,2026-02-13 04:40:00
1191.199951171875,1191.5999755859375,1189.0,1189.5,249421,-0.0014270913713542166,0.0005887879736925505,0.0019231544793284893,0.45,0.55,0,1192.4223799657127,1192.3615749111973,44.999959309564694,-0.14498767600593965,0.16285625348986393,1193.5767099415289,0.0019231544793284893,0,SBIN,5m,2026-02-13 04:45:00
1189.699951171875,1191.5,1189.0,1190.5999755859375,156007,0.0009247377771648413,0.001429852079204652,0.001933530161486265,0.4,0.55,0,1192.2488176438292,1192.2924925847165,47.096672573341216,-0.27113278276010533,0.07605844623987007,1193.4693347716575,0.001933530161486265,0,SBIN,5m,2026-02-13 04:50:00
1190.800048828125,1192.5,1190.5,1192.0,129406,0.0011758982385108308,0.00016777241456877867,0.0018718163945341453,0.4,0.55,0,1192.2251207253694,1192.2810222872765,44.781155852215974,-0.25519172758231434,0.009808411475433189,1193.4206680452978,0.0018718163945341453,0,SBIN,5m,2026-02-13 04:55:00
1192.0,1193.9000244140625,1191.0999755859375,1193.5999755859375,207017,0.001342261397598632,0.0005029133159577537,0.0018826885490538538,0.45,0.55,0,1192.3560592835188,1192.3327459460477,39.70586255335,-0.11216074897697581,-0.014585420615048613,1193.3977317961499,0.0018826885490538538,0,SBIN,5m,2026-02-13 05:00:00
1193.699951171875,1196.4000244140625,1193.4000244140625,1196.0999755859375,309747,0.0020945040642890156,0.002178446238741083,0.0019375360808586214,0.45,0.55,0,1192.7126227408921,1192.4804804417297,52.569032650284434,0.20060894365064996,0.028453452238091106,1193.508694709869,0.0019375360808586214,0,SBIN,5m,2026-02-13 05:05:00
1196.4000244140625,1197.300048828125,1195.300048828125,1195.5999755859375,231743,-0.00041802525725753714,0.0019273666837364978,0.0019402362938057039,0.5,0.5,0,1192.9876087261346,1192.6028135846398,57.08141015230022,0.40348424193553,0.10345961017757889,1193.6156622906967,0.0019402362938057039,0,SBIN,5m,2026-02-13 05:10:00
1195.699951171875,1195.699951171875,1194.0999755859375,1194.5,203651,-0.0009200197460680348,0.0016771488469602414,0.001946232366821104,0.5,0.5,0,1193.1316459903123,1192.6772130519087,60.18106295776671,0.4700866739992762,0.17678502294191836,1193.6564591549227,0.001946232366821104,0,SBIN,5m,2026-02-13 05:15:00
1194.5,1194.5,1192.5999755859375,1193.5,223047,-0.000837170364169082,0.0009224887314791541,0.0019569443553681303,0.5,0.5,0,1193.1667273245685,1192.7094792067358,51.48510064842848,0.43713887377589344,0.2288557931087134,1193.6518575862838,0.0019569443553681303,0,SBIN,5m,2026-02-13 05:20:00
1193.5,1195.0,1193.300048828125,1194.5999755859375,162767,0.0009216385303205676,-0.0004183750399249231,0.0018990843803133586,0.5,0.45,0,1193.3032271589846,1192.7836163196457,56.65019002261029,0.4940907707837141,0.28190278864371354,1193.6690639452597,0.0018990843803133586,0,SBIN,5m,2026-02-13 05:25:00
1194.5999755859375,1194.699951171875,1193.0,1193.699951171875,116089,-0.0007534107085688246,-0.004586391114030031,0.0017211695682077066,0.45,0.5,0,1193.3410103983076,1192.8195510197331,44.2528413077031,0.46128371950203473,0.31777897481537776,1193.6714963906215,0.0017211695682077066,0,SBIN,5m,2026-02-13 05:30:00
1193.5999755859375,1194.4000244140625,1191.5999755859375,1191.5999755859375,194941,-0.0017592156084750288,-0.002678333705565361,0.0015662426091950672,0.45,0.5,0,1193.1751975590341,1192.7717245321335,44.50857671057924,0.2628039748105948,0.30678397481442116,1193.6370560737514,0.0015662426091950672,0,SBIN,5m,2026-02-13 05:35:00
1191.800048828125,1193.0,1191.0999755859375,1191.4000244140625,200657,-0.00016780058406484777,-0.0007548640251647809,0.0014971141021659932,0.45,0.5,0,1193.0061334499892,1192.7179323706405,45.029339958024586,0.0883544634093596,0.2630980725334089,1193.5825731959294,0.0014971141021659932,0,SBIN,5m,2026-02-13 05:40:00
1191.5,1191.9000244140625,1191.0,1191.800048828125,100278,0.0003357599512046061,0.0015126460740546577,0.0014306192267106667,0.45,0.5,0,1192.8912682479067,1192.6819369376005,47.093015003335644,-0.01741861321511351,0.20699473538370441,1193.5525953844433,0.0014306192267106667,0,SBIN,5m,2026-02-13 05:45:00
1191.300048828125,1192.9000244140625,1191.300048828125,1192.699951171875,93338,0.0007550782907206344,-0.00016772004199239188,0.0013304928040272276,0.5,0.45,0,1192.873047573999,1192.6826433781605,54.54552180282023,-0.02830367302681225,0.15993505370160108,1193.535494228007,0.0013304928040272276,0,SBIN,5m,2026-02-13 05:50:00
1192.699951171875,1194.199951171875,1192.5999755859375,1194.199951171875,119980,0.0012576507599637576,0.0019296305987939188,0.0013440893024603312,0.5,0.45,0,1192.9994193452253,1192.7421456445807,64.41720088670542,0.08314881484761827,0.14457780593080452,1193.5377558504983,0.0013440893024603312,0,SBIN,5m,2026-02-13 05:55:00
1194.0999755859375,1194.9000244140625,1194.0999755859375,1194.5999755859375,121592,0.00033497272686200397,-0.0009199428208217508,0.0011337160006276,0.5,0.45,0,1193.1518532729121,1192.8150017207124,62.82063320656682,0.20143235473301502,0.15594871569124663,1193.5548581539526,0.0011337160006276,0,SBIN,5m,2026-02-13 06:00:00
1194.5,1195.9000244140625,1194.5,1195.5,192553,0.0007534107085687136,0.0016757436112275759,0.0010638218803109454,0.5,0.45,0,1193.3754862945395,1192.9202957708808,61.589516402852105,0.3636059377622587,0.19748016010544905,1193.6010754519602,0.0010638218803109454,0,SBIN,5m,2026-02-13 06:05:00
1195.5,1195.9000244140625,1194.5,1194.5999755859375,124518,-0.0007528435082078122,0.0012572290928622998,0.0010765128919936345,0.5,0.4,0,1193.4921043222919,1192.9861655675497,53.47224576989589,0.4147245360195484,0.24092903528826892,1193.624629915372,0.0010765128919936345,0,SBIN,5m,2026-02-13 06:10:00
1194.699951171875,1196.4000244140625,1194.5,1195.699951171875,103071,0.0009207898948750959,0.002431172220858757,0.001090294715593631,0.5,0.4,0,1193.7023754508236,1193.0925885324252,48.461430114089865,0.5377958544893318,0.3003023991284815,1193.6508665853917,0.001090294715593631,0,SBIN,5m,2026-02-13 06:15:00
1195.5999755859375,1195.5999755859375,1194.0,1195.0999755859375,106683,-0.0005017777121671951,0.003274030031839459,0.0010462528868469192,0.5,0.4,0,1193.8354802255965,1193.1713095933474,48.09158171347634,0.5802292241617124,0.3562877641351277,1193.6683891874256,0.0010462528868469192,0,SBIN,5m,2026-02-13 06:20:00
1195.0,1195.199951171875,1194.5999755859375,1194.9000244140625,92274,-0.00016730915903251375,0.004539743097152105,0.0009813304773716922,0.5,0.35,0,1193.9368653864028,1193.2391023314146,51.63946728569856,0.5909119220270895,0.4032125957135201,1193.6831533762308,0.0009813304773716922,0,SBIN,5m,2026-02-13 06:25:00
1194.9000244140625,1195.5,1192.5999755859375,1193.0,354222,-0.0015901116204213306,0.0020158109048182826,0.0010461909607809342,0.55,0.4,0,1193.8476401115074,1193.2297257693983,48.09158171347634,0.44097861898171686,0.4107658003671595,1193.6838941770325,0.0010461909607809342,0,SBIN,5m,2026-02-13 06:30:00
1193.0,1193.9000244140625,1191.199951171875,1193.5999755859375,376631,0.0005029133159577537,0.001342261397598632,0.00102030866625926,0.5,0.45,0,1193.8240530138341,1193.2442453700469,46.031699897304726,0.3663454098445982,0.40188172226264723,1193.6488633062895,0.00102030866625926,0,SBIN,5m,2026-02-13 06:35:00
1193.5,1194.199951171875,1193.0999755859375,1193.5999755859375,70816,0.0,0.0,0.0009751975760251973,0.5,0.45,0,1193.8027123064155,1193.2581955745916,49.57274766550159,0.303697221377206,0.382244822085559,1193.6487336343437,0.0009751975760251973,0,SBIN,5m,2026-02-13 06:40:00
1193.199951171875,1193.5999755859375,1193.199951171875,1193.5,87787,-8.375970843033098e-05,-0.002173710926349437,0.0008414896106429267,0.45,0.45,0,1193.7738825629474,1193.2676781010782,59.794112835227345,0.24317768542186968,0.35443139475282115,1193.646531228138,0.0008414896106429267,0,SBIN,5m,2026-02-13 06:45:00
1193.4000244140625,1193.5999755859375,1192.5,1193.300048828125,162779,-0.0001675334494134484,-0.0019236590873007442,0.0008384984384581943,0.4,0.5,0,1193.7287555405835,1193.2689475413547,59.794112835227345,0.1770403180660196,0.31895317941546086,1193.6369836729616,0.0008384984384581943,0,SBIN,5m,2026-02-13 06:50:00
1193.199951171875,1194.0999755859375,1193.0,1193.5,138092,0.00016756152157326731,-0.000837170364169082,0.0008172382962377265,0.45,0.45,0,1193.7069692986233,1193.2780084220858,58.94734136876462,0.13915625971094414,0.28299379547455755,1193.6353730706867,0.0008172382962377265,0,SBIN,5m,2026-02-13 06:55:00
1193.5,1195.4000244140625,1193.0999755859375,1195.300048828125,131706,0.0015082101618140165,0.0015082101618140165,0.0008640002219200563,0.5,0.4,0,1193.858691158576,1193.3573041242835,62.50058688201324,0.2514828297994427,0.2766916023395346,1193.6494594253413,0.0008640002219200563,0,SBIN,5m,2026-02-13 07:00:00
1195.199951171875,1195.4000244140625,1194.0999755859375,1194.199951171875,175643,-0.0009203527242624965,-0.00033486055770781675,0.000867250190142549,0.45,0.4,0,1193.8911921122235,1193.390349106542,50.0,0.24886499811873364,0.27112628149537443,1193.666979694349,0.000867250190142549,0,SBIN,5m,2026-02-13 07:05:00
1194.4000244140625,1194.699951171875,1193.5999755859375,1194.0999755859375,139343,-8.37176268843054e-05,0.0003351130354574128,0.0008500539245214784,0.45,0.4,0,1193.9110762525772,1193.4181775959303,47.42266743852407,0.23600266162043226,0.264101557520386,1193.673940961753,0.0008500539245214784,0,SBIN,5m,2026-02-13 07:10:00
1194.0,1194.5,1194.0,1194.0999755859375,78143,0.0,0.0020980195126059087,0.0007405370807653396,0.45,0.35,0,1193.9290666652782,1193.444914772009,42.04524962199503,0.22323584343371294,0.2559284147030514,1193.6783082851348,0.0007405370807653396,0,SBIN,5m,2026-02-13 07:15:00
1194.0999755859375,1194.5999755859375,1194.0,1194.4000244140625,84623,0.0002512761362194471,0.002518045944707392,0.0007383358118310552,0.5,0.3,0,1193.9739197842102,1193.4823700520897,48.78077827730967,0.23462487138954202,0.25166770604034955,1193.6841448421455,0.0007383358118310552,0,SBIN,5m,2026-02-13 07:20:00
1194.5,1194.5999755859375,1193.199951171875,1193.199951171875,222802,-0.001004749847335451,0.0011746117523039334,0.000778068882126647,0.5,0.3,0,1193.9002084877975,1193.4712948018853,34.93984763361473,0.14514177287401253,0.23036251940708216,1193.6837432690909,0.000778068882126647,0,SBIN,5m,2026-02-13 07:25:00
1193.5,1193.5999755859375,1192.5999755859375,1192.800048828125,187612,-0.0003351511566500598,8.392526230216468e-05,0.0007648116671927906,0.45,0.35,0,1193.7954313773525,1193.4449714303653,35.802878456785464,0.041478853192074894,0.1925857861640807,1193.6707956372654,0.0007648116671927906,0,SBIN,5m,2026-02-13 07:30:00
1192.5999755859375,1194.199951171875,1192.5999755859375,1194.199951171875,105293,0.0011736270007076666,0.0,0.000757763835454827,0.45,0.35,0,1193.833957072069,1193.474578479052,46.236135722255035,0.07146189393210989,0.16836100771768656,1193.6707517896766,0.000757763835454827,0,SBIN,5m,2026-02-13 07:35:00
1193.9000244140625,1194.9000244140625,1193.9000244140625,1194.0,212492,-0.00016743525376872181,-0.000502239744014088,0.0007544044630974297,0.45,0.35,0,1193.8497706842531,1193.4951832445795,56.5790741752064,0.07818797887603068,0.15032640194935537,1193.6831358760955,0.0007544044630974297,0,SBIN,5m,2026-02-13 07:40:00
1194.0,1194.0999755859375,1193.4000244140625,1194.0999755859375,121951,8.373164651387377e-05,-0.0011710785563049386,0.0007325900581149392,0.4,0.4,0,1193.873599722509,1193.5189005912994,53.52119940854854,0.09054193286556256,0.13836950813259682,1193.685298850611,0.0007325900581149392,0,SBIN,5m,2026-02-13 07:45:00
1193.800048828125,1194.199951171875,1193.5,1193.9000244140625,139143,-0.00016744927222434036,-0.0005859293371671681,0.0007148610918473347,0.45,0.4,0,1193.8761163597999,1193.5338466235648,52.055183946488306,0.08323861891426532,0.12734333028893052,1193.687705302885,0.0007148610918473347,0,SBIN,5m,2026-02-13 07:50:00
1193.800048828125,1194.699951171875,1193.699951171875,1194.4000244140625,101195,0.0004187955354515438,-0.0010871680278471407,0.0006880659076795249,0.45,0.4,0,1193.9260123649678,1193.567814380055,55.844444092141345,0.11645410093092323,0.12516548441732908,1193.6932387346887,0.0006880659076795249,0,SBIN,5m,2026-02-13 07:55:00
1194.300048828125,1194.5,1193.5999755859375,1194.0,179696,-0.00033491661577844667,-0.0009204046593660475,0.0006833481905175328,0.45,0.4,0,1193.9330588063995,1193.5847628357392,54.430125471289934,0.1092397349964358,0.12198033453315044,1193.6989144791546,0.0006833481905175328,0,SBIN,5m,2026-02-13 08:00:00
1194.0999755859375,1194.300048828125,1193.0,1193.199951171875,157928,-0.0006700576449958362,-0.0014227744643500184,0.0006971599118826885,0.45,0.45,0,1193.863239031683,1193.5696721822544,48.23500689338235,0.03852099779032869,0.1052884671845861,1193.6960390882696,0.0006971599118826885,0,SBIN,5m,2026-02-13 08:05:00
1193.300048828125,1193.699951171875,1192.800048828125,1193.5,106864,0.00025146567248035545,0.0004191114836546994,0.0006009272846903864,0.4,0.45,0,1193.8286448381893,1193.566939939813,37.142508370535715,0.006611113073859087,0.0855529963624407,1193.6925256700597,0.0006009272846903864,0,SBIN,5m,2026-02-13 08:10:00
1193.5,1193.5,1192.9000244140625,1193.300048828125,214420,-0.0001675334494134484,-0.0002512791252908819,0.0005912588122191307,0.4,0.4,0,1193.7783023610405,1193.5564736217077,42.623574144486696,-0.03441537000799144,0.061559323088354274,1193.6837713827367,0.0005912588122191307,0,SBIN,5m,2026-02-13 08:15:00
1193.199951171875,1194.699951171875,1193.199951171875,1194.4000244140625,122284,0.0009217929614748765,0.0006702822088548999,0.0006271165964984551,0.4,0.4,0,1193.8375139851378,1193.5895540449374,52.11306351225886,0.021580912153694953,0.05356364090142241,1193.6882481386915,0.0006271165964984551,0,SBIN,5m,2026-02-13 08:20:00
1194.5,1195.300048828125,1193.5999755859375,1194.800048828125,196841,0.00033491661577844667,0.001089274259007178,0.0006299710799773971,0.45,0.4,0,1193.9291839701843,1193.6370244285918,54.66723091196146,0.097117486340494,0.06227440998923674,1193.7031988318386,0.0006299710799773971,0,SBIN,5m,2026-02-13 08:25:00
1194.800048828125,1194.9000244140625,1194.5,1194.9000244140625,100470,8.367557905231138e-05,0.0013407990618190535,0.0006278091575747054,0.45,0.35,0,1194.0216449648394,1193.6865538397867,53.424749163879596,0.16316707141822917,0.08245294227503522,1193.7123577294115,0.0006278091575747054,0,SBIN,5m,2026-02-13 08:30:00
1194.800048828125,1197.699951171875,1194.800048828125,1196.699951171875,288201,0.0015063408829496527,0.002681148866254812,0.0007056248283517143,0.45,0.35,0,1194.2767217464618,1193.8047262841824,72.15285718700744,0.3566397689380665,0.13729030760764147,1193.7771527426082,0.0007056248283517143,0,SBIN,5m,2026-02-13 08:35:00
1196.5999755859375,1196.9000244140625,1196.4000244140625,1196.5999755859375,134789,-8.354273419963754e-05,0.0010875317532923479,0.0006279792955819621,0.4,0.35,0,1194.497984016888,1193.914343903859,75.00040156127021,0.49618141092082624,0.20906852827027844,1193.8089983237383,0.0006279792955819621,0,SBIN,5m,2026-02-13 08:40:00
1196.5,1196.5999755859375,1195.0,1196.199951171875,258244,-0.000334300870987958,0.0016747614149852375,0.0005927818192052068,0.4,0.4,0,1194.660076126887,1194.0039755614282,65.15185144083158,0.5679436397176687,0.2808435505597565,1193.85342833937,0.0005927818192052068,0,SBIN,5m,2026-02-13 08:45:00
1196.199951171875,1196.199951171875,1195.0999755859375,1195.5,156476,-0.0005851456281947831,0.0011724515892193033,0.0006105781773338606,0.4,0.35,0,1194.7400688767073,1194.0626431864703,60.56359822564561,0.5618587552385179,0.3370465914955088,1193.8752851655076,0.0006105781773338606,0,SBIN,5m,2026-02-13 08:50:00
1195.5,1195.9000244140625,1195.0999755859375,1195.300048828125,159271,-0.00016725317597243716,0.001005002316994963,0.0006125675633239603,0.4,0.35,0,1194.793400300652,1194.1111688979076,58.33403977552093,0.5347379259928857,0.37658485839498423,1193.8948819181392,0.0006125675633239603,0,SBIN,5m,2026-02-13 08:55:00
1195.300048828125,1196.0,1194.800048828125,1195.0999755859375,187487,-0.0001673832795235919,0.0005860274259608111,0.000612495307777554,0.4,0.4,0,1194.8225979468696,1194.1499456307715,58.33305076124919,0.4914352749167392,0.39955494169933525,1193.915382468746,0.000612495307777554,0,SBIN,5m,2026-02-13 09:00:00
1195.199951171875,1195.800048828125,1195.0999755859375,1195.5999755859375,171853,0.0004183750399249231,0.002011418464864523,0.0005669970721474706,0.4,0.35,0,1194.8966339124952,1194.206809550582,58.33305076124919,0.49179433433096165,0.41800282022566054,1193.9362942571968,0.0005669970721474706,0,SBIN,5m,2026-02-13 09:05:00
1195.5999755859375,1196.5,1195.5,1195.9000244140625,166271,0.000250960885121998,0.0025989063204541196,0.0005583692671230321,0.45,0.3,0,1194.9921949126444,1194.2732101334636,63.38049963034919,0.5104066739008886,0.43648359096070616,1193.9618915209664,0.0005583692671230321,0,SBIN,5m,2026-02-13 09:10:00
1195.800048828125,1196.0,1195.0999755859375,1195.5,194409,-0.00033449653474038055,0.0010886358074702063,0.00050971740952699,0.4,0.35,0,1195.0405573019164,1194.3213195399946,67.16466858579602,0.4872616114860193,0.4466391950657688,1193.984718948055,0.00050971740952699,0,SBIN,5m,2026-02-13 09:15:00
1195.5,1196.9000244140625,1195.4000244140625,1196.699951171875,195452,0.001003723272166468,0.002261265638086263,0.0005486610773528468,0.4,0.35,0,1195.198594813341,1194.414599211833,71.05271611680426,0.5592977773051189,0.4691709115136389,1194.0185254023281,0.0005486610773528468,0,SBIN,5m,2026-02-13 09:20:00
1196.800048828125,1198.0,1196.300048828125,1197.699951171875,233978,0.0008356313535575755,0.0030148024952190156,0.000571815880253387,0.45,0.3,0,1195.4368192284396,1194.5434365435995,76.1901993838284,0.6891346846869055,0.5131636661482922,1194.0746769053467,0.000571815880253387,0,SBIN,5m,2026-02-13 09:25:00
1197.699951171875,1199.4000244140625,1197.5,1199.0,455357,0.0010854545221055112,0.004271694012604188,0.0006029141324541739,0.45,0.3,0,1195.776169778112,1194.7182037379682,76.74412002668521,0.8867129695267977,0.5878735268239934,1194.2201662475923,0.0006029141324541739,0,SBIN,5m,2026-02-13 09:30:00
1198.800048828125,1199.199951171875,1197.699951171875,1198.4000244140625,500270,-0.0005003966521580638,0.0033489617533810634,0.0006211847141348738,0.4,0.3,0,1196.0260606958216,1194.8625888625209,70.45457698123153,0.983544479631064,0.6670077173854075,1194.36288645638,0.0006211847141348738,0,SBIN,5m,2026-02-13 09:35:00
1198.5,1200.5999755859375,1198.4000244140625,1200.0999755859375,585792,0.0014185173041081356,0.005108857274654488,0.0006684981393947995,0.45,0.25,0,1196.4140525901182,1195.0679765771647,75.0,1.183809779268131,0.7703681297619523,1194.566511047755,0.0006684981393947995,0,SBIN,5m,2026-02-13 09:40:00
1200.199951171875,1200.9000244140625,1197.800048828125,1197.800048828125,693427,-0.0019164459666700662,0.0038552613514040157,0.0008037009779880206,0.5,0.25,0,1196.546052231833,1195.1751166654376,55.04636473592259,1.1437521412749447,0.8450449320645509,1194.75088793176,0.0008037009779880206,0,SBIN,5m,2026-02-13 09:45:00
1197.9000244140625,1199.0,1197.5,1197.5,629068,-0.0002504999297825439,0.0033514872224549297,0.0008095860585685309,0.5,0.25,0,1196.63690440023,1195.2662885609107,54.05417294432042,1.0753982204751082,0.8911155897466624,1194.8734510639545,0.0008095860585685309,0,SBIN,5m,2026-02-13 09:50:00
1197.5,1199.0,1196.0,1196.0999755859375,456742,-0.001169122683977064,0.0023463727840806747,0.0008607694010842621,0.5,0.3,0,1196.5857683226784,1195.2989821697352,49.58687691050513,0.897906469205509,0.8924737656384317,1194.9310298164455,0.0008607694010842621,0,SBIN,5m,2026-02-13 09:55:00
1191.800048828125,1196.4000244140625,1189.5,1195.0,351383,0.002853327025615915,0.0001673511581048448,0.0013704803581521359,0.45,0.35,0,1196.0051279744955,1195.1478868884876,49.21453587954086,0.258210556904487,0.6851675724277381,1193.6333414713542,0.0013704803581521359,0,SBIN,5m,2026-02-16 03:50:00
1195.199951171875,1195.199951171875,1190.5999755859375,1191.699951171875,246483,-0.002761547136506226,-0.002678109613192703,0.0015035603218881124,0.45,0.35,0,1195.5951111361505,1195.01267372313,42.342312619939186,-0.11095482839004944,0.5259430922641806,1193.16608052107,0.0015035603218881124,0,SBIN,5m,2026-02-16 03:55:00
1191.5999755859375,1196.0,1191.199951171875,1194.699951171875,212584,0.002517412203508096,-0.0016712627071150399,0.0015767941400873012,0.45,0.35,0,1195.5098578062195,1195.0004100936692,48.17809363308837,-0.15960628606080718,0.388833216599183,1193.3760686574428,0.0015767941400873012,0,SBIN,5m,2026-02-16 04:00:00
1195.0,1195.4000244140625,1191.5999755859375,1192.4000244140625,184864,-0.0019251082713751533,-0.0035099041096156025,0.0016297423574930694,0.45,0.35,0,1195.2136831974428,1194.898434184665,43.44568089756134,-0.37937459071599733,0.23519165513614698,1193.3309858810235,0.0016297423574930694,0,SBIN,5m,2026-02-16 04:05:00
1192.4000244140625,1194.300048828125,1192.0999755859375,1193.0999755859375,199237,0.0005870103635892132,-0.002591519572376355,0.0016379883735597024,0.45,0.3,0,1195.0123777106328,1194.8279063964796,45.55549025015485,-0.4913978175102329,0.08987376060687102,1193.303579376562,0.0016379883735597024,0,SBIN,5m,2026-02-16 04:10:00
1193.0,1194.0,1189.5,1190.0,357414,-0.0025982529958691325,-0.00460058552906728,0.0017269656230712428,0.45,0.35,0,1194.5350084048582,1194.6385767338727,38.40834980654535,-0.8208568274949357,-0.09227235701349032,1192.8114532530383,0.0017269656230712428,0,SBIN,5m,2026-02-16 04:15:00
1190.0,1191.199951171875,1187.4000244140625,1190.4000244140625,325195,0.0003361549698004396,-0.004099409532247966,0.0017315771389363039,0.45,0.4,0,1194.1412004057347,1194.472358995841,37.10256952202663,-1.0377147102358322,-0.2813608276579587,1192.2666574583511,0.0017315771389363039,0,SBIN,5m,2026-02-16 04:20:00
1190.5,1191.4000244140625,1190.0,1190.0999755859375,150922,-0.00025205714211296026,-0.004183750399248898,0.0017315865525769384,0.45,0.35,0,1193.7563218514683,1194.3008929797663,33.699545253330115,-1.2197273202084489,-0.4690341261680568,1192.1351896592537,0.0017315865525769384,0,SBIN,5m,2026-02-16 04:25:00
1190.0,1192.4000244140625,1190.0,1191.5999755859375,211653,0.001260398311714539,-0.003345600603612997,0.001757662137998231,0.5,0.35,0,1193.5509555404653,1194.1949746505966,37.943154960305435,-1.228771646309724,-0.6209816301963903,1192.0594149372662,0.001757662137998231,0,SBIN,5m,2026-02-16 04:30:00
1191.5999755859375,1193.4000244140625,1191.4000244140625,1192.5,109032,0.0007553075130100062,-0.002843067434276869,0.0017675504818861999,0.5,0.35,0,1193.4508645366116,1194.1285050564557,36.131443769741736,-1.1500577417480145,-0.7267968525067152,1192.076773340705,0.0017675504818861999,0,SBIN,5m,2026-02-16 04:35:00
1192.5,1192.9000244140625,1191.199951171875,1191.5999755859375,77010,-0.0007547374541404528,-0.0032622537967900156,0.0017724645192250912,0.5,0.35,0,1193.274589398452,1194.029347038004,38.07683820595043,-1.147078051925746,-0.8108530923905214,1192.071160884001,0.0017724645192250912,0,SBIN,5m,2026-02-16 04:40:00
1192.199951171875,1192.9000244140625,1189.5999755859375,1190.0999755859375,156545,-0.0012588117075635896,-0.005515146532323656,0.0017663474935318132,0.45,0.4,0,1192.9722452258316,1193.8752540398837,36.3970505737738,-1.2513295422138526,-0.8989483823551877,1191.9981417867627,0.0017663474935318132,0,SBIN,5m,2026-02-16 04:45:00
1190.5999755859375,1190.9000244140625,1189.0,1189.5,196417,-0.0005041388103903532,-0.006846415217644286,0.0017473128259390162,0.4,0.45,0,1192.6415552043238,1193.7036754500843,37.50005779838996,-1.366609194825287,-0.9924805448492076,1191.8427652591777,0.0017473128259390162,-1,SBIN,5m,2026-02-16 04:50:00
1189.4000244140625,1190.0,1188.800048828125,1189.0,119612,-0.00042034468263973945,-0.008340283569641338,0.0017147059836291998,0.35,0.5,0,1192.2947404229596,1193.5192175892967,44.196489392428376,-1.4812401569017766,-1.0902324672597214,1191.7364529602057,0.0017147059836291998,0,SBIN,5m,2026-02-16 04:55:00
1188.9000244140625,1190.0,1188.699951171875,1188.9000244140625,123454,-8.408375604496143e-05,-0.007927236153591477,0.001716170148529168,0.35,0.55,0,1191.9714341363979,1193.3380727588954,34.03145711236236,-1.562145770433517,-1.1846151278944808,1191.632827389257,0.001716170148529168,0,SBIN,5m,2026-02-16 05:00:00
1188.9000244140625,1189.9000244140625,1187.300048828125,1188.0,406503,-0.0007570227904621918,-0.010082472987327451,0.001663204941305821,0.3,0.6,-1,1191.5932023138837,1193.128736572272,38.92226949110419,-1.6795279477362328,-1.2835976918628313,1191.2495059059406,0.001663204941305821,0,SBIN,5m,2026-02-16 05:05:00
1188.199951171875,1190.0,1187.300048828125,1188.199951171875,361338,0.00016830906723486194,-0.008014774807900804,0.0016351986313509796,0.3,0.55,0,1191.2700355384543,1192.9354508702957,26.618540766501567,-1.7364036005992602,-1.3741588736101171,1190.9873439612522,0.0016351986313509796,0,SBIN,5m,2026-02-16 05:10:00
1187.5,1189.4000244140625,1187.0,1188.5999755859375,110735,0.0003366642236164452,-0.007432170700678475,0.0016432938509699777,0.3,0.55,0,1191.0157441144052,1192.7654322316935,34.16646321614583,-1.7292654425968976,-1.4451801874074732,1190.9119944333775,0.0016432938509699777,0,SBIN,5m,2026-02-16 05:15:00
1188.300048828125,1189.0999755859375,1188.0,1188.9000244140625,31894,0.0002524388644522535,-0.0060195228817289115,0.0016377189362822338,0.3,0.5,0,1190.8142470000867,1192.6138476113942,31.896914593593465,-1.6800306209197515,-1.4921502741099288,1190.8937829695828,0.0016377189362822338,0,SBIN,5m,2026-02-16 05:20:00
1188.9000244140625,1189.199951171875,1188.0,1188.5999755859375,248574,-0.0002523751551547493,-0.0025176234151270682,0.0014209635255657202,0.35,0.45,0,1190.6033640082628,1192.456440865298,42.045470308360265,-1.646246201383292,-1.5229694595646015,1190.7574037612972,0.0014209635255657202,0,SBIN,5m,2026-02-16 05:25:00
1188.800048828125,1191.0999755859375,1188.0,1190.5,152374,0.0015985398393818517,-0.003765690376569042,0.0013055521069129201,0.35,0.45,0,1190.5935198169996,1192.37971769411,50.48531032602899,-1.4494473872186973,-1.5082650450954207,1190.7260814836116,0.0013055521069129201,0,SBIN,5m,2026-02-16 05:30:00
1190.5,1191.199951171875,1189.0,1189.199951171875,71404,-0.0010920191752414876,-0.0020978435029233022,0.00117962912134524,0.4,0.45,0,1190.4607989936544,1192.255020967748,46.01765131628696,-1.3824499619859125,-1.4831020284735192,1190.7110681245679,0.00117962912134524,0,SBIN,5m,2026-02-16 05:35:00
1189.5,1190.4000244140625,1188.0999755859375,1190.0999755859375,93599,0.000756831862611218,-0.003850318719294643,0.0010298706434877921,0.35,0.5,0,1190.4264348595862,1192.1705093841474,42.99078214839828,-1.2424078668841503,-1.4349631961556457,1190.686561672372,0.0010298706434877921,0,SBIN,5m,2026-02-16 05:40:00
1190.0,1192.4000244140625,1190.0,1192.300048828125,236079,0.0018486457334010442,-8.384399856631308e-05,0.0010413377213637628,0.4,0.5,0,1190.6048742851615,1192.1755893623429,49.16688706691351,-0.94302536431519,-1.3365756297875546,1190.7304498609435,0.0010413377213637628,0,SBIN,5m,2026-02-16 05:45:00
1192.4000244140625,1194.0,1192.0,1193.9000244140625,224347,0.0013419236101768206,0.0006705631082861707,0.001076948313018944,0.45,0.5,0,1190.9186981069618,1192.243214266332,59.05517108804306,-0.5700863156826017,-1.1832777669665642,1190.8467057891248,0.001076948313018944,0,SBIN,5m,2026-02-16 05:50:00
1193.5999755859375,1195.0,1192.5999755859375,1193.0,169071,-0.0007538524128133384,0.0025210084033613356,0.0009049032481280394,0.5,0.45,0,1191.1169173348703,1192.2728921382404,61.98335435056747,-0.3431977115717473,-1.015261755887601,1190.9352888560384,0.0009049032481280394,0,SBIN,5m,2026-02-16 05:55:00
1192.5999755859375,1193.0,1190.0,1190.0999755859375,1214794,-0.00243086706962492,-0.00025205714211296026,0.001067962355344874,0.5,0.45,0,1191.0200657397338,1192.1876797244245,52.08320971119041,-0.3928658785716834,-0.8907825804244174,1190.9540659372399,0.001067962355344874,0,SBIN,5m,2026-02-16 06:00:00
1190.4000244140625,1191.4000244140625,1190.0,1191.0,340464,0.0007562595013241857,0.0007562595013241857,0.0010797712846769458,0.45,0.45,0,1191.018154716902,1192.141104048957,56.75662300814886,-0.35550576124092004,-0.7837272165877179,1190.9462174734251,0.0010797712846769458,0,SBIN,5m,2026-02-16 06:05:00
1191.0,1191.199951171875,1188.300048828125,1190.800048828125,957363,-0.00016788511492438207,-0.0006713047786184312,0.0010412380041201843,0.4,0.5,0,1190.9973827274946,1192.08851364814,56.37580593627881,-0.3381341871715904,-0.6946086107044924,1190.8401853737016,0.0010412380041201843,0,SBIN,5m,2026-02-16 06:10:00
1190.199951171875,1191.4000244140625,1189.0,1190.5,342592,-0.00025197246877872725,-0.0016771488469601303,0.001025337477798119,0.4,0.5,0,1190.9500129439236,1192.0262189952718,58.74107965991737,-0.3446061175698105,-0.6246081120775561,1190.817003376561,0.001025337477798119,0,SBIN,5m,2026-02-16 06:15:00
1190.5,1190.5,1187.5,1189.9000244140625,209492,-0.0005039694127992878,-0.0014266122916284374,0.0010182046850610031,0.4,0.5,0,1190.8500140363178,1191.9428388156166,55.78243720157774,-0.3936108833686376,-0.5784086663357724,1190.7782116573646,0.0010182046850610031,0,SBIN,5m,2026-02-16 06:20:00
1189.699951171875,1189.699951171875,1187.800048828125,1188.800048828125,85714,-0.0009244268958471524,-0.0010922836605995467,0.0010002591526439512,0.4,0.45,0,1190.654779254585,1191.8195921494405,50.649577120934694,-0.5152666767232859,-0.5657802684132751,1190.7573837744594,0.0010002591526439512,0,SBIN,5m,2026-02-16 06:25:00
1188.5,1188.9000244140625,1186.699951171875,1186.800048828125,137229,-0.001682368706134807,-0.002269820236969311,0.0010610075490514676,0.4,0.45,0,1190.2876620711127,1191.6227473133106,43.85979940750258,-0.7642532193606257,-0.6054748586027452,1190.7037223611703,0.0010610075490514676,0,SBIN,5m,2026-02-16 06:30:00
1186.5,1189.0999755859375,1185.4000244140625,1188.0999755859375,249756,0.0010953207822126387,-0.0007569591371425766,0.001091593676584032,0.45,0.45,0,1190.0793109772865,1191.484599402433,48.618791982519085,-0.8469208465087377,-0.6537640561839437,1190.6123416215048,0.001091593676584032,0,SBIN,5m,2026-02-16 06:35:00
1188.199951171875,1190.699951171875,1188.0,1190.5,188968,0.0020200525741773667,0.0013457612524871987,0.001184307052606478,0.5,0.4,0,1190.1193765984972,1191.4459876611613,50.0,-0.7105824718250915,-0.6651277393121733,1190.5935810916199,0.001184307052606478,0,SBIN,5m,2026-02-16 06:40:00
1190.9000244140625,1192.5999755859375,1189.800048828125,1192.0,284242,0.0012599748005039935,0.0033670033670034627,0.0011961817697844059,0.55,0.35,0,1190.2984835891166,1191.4677136352334,57.44691903123174,-0.4760087312970427,-0.6273039377091473,1190.6207381009522,0.0011961817697844059,0,SBIN,5m,2026-02-16 06:45:00
1191.699951171875,1193.0,1191.5999755859375,1192.699951171875,89065,0.000587207358955455,0.0037872413608179833,0.0011998352710783514,0.55,0.35,0,1190.5271947874746,1191.5160366758862,56.98919085652782,-0.23096472450811234,-0.5480360950689404,1190.6382334501234,0.0011998352710783514,0,SBIN,5m,2026-02-16 06:50:00
1192.5999755859375,1194.800048828125,1192.0999755859375,1194.199951171875,227195,0.0012576507599637576,0.004711404762714144,0.0012232180832645954,0.6,0.3,0,1190.8769811097986,1191.6212882247485,55.30701874028206,0.08331151698757822,-0.4217665726576367,1190.7118078396381,0.0012232180832645954,0,SBIN,5m,2026-02-16 06:55:00
1194.5,1198.0,1194.0,1195.699951171875,242178,0.0012560710612390391,0.0057195109918211084,0.0012443427520815386,0.65,0.3,0,1191.3363115919012,1191.7812357913024,55.05599484285097,0.448248042182513,-0.24776364968960674,1190.841383091133,0.0012443427520815386,0,SBIN,5m,2026-02-16 07:00:00
1195.9000244140625,1197.4000244140625,1194.9000244140625,1194.9000244140625,129792,-0.0006690029191926961,0.0053003945461291835,0.0012572492992336197,0.6,0.3,0,1191.6757128130596,1191.903541227489,55.367352427981274,0.6652469112452764,-0.06516153750263012,1190.9059976380631,0.0012572492992336197,0,SBIN,5m,2026-02-16 07:05:00
1194.800048828125,1195.5,1194.199951171875,1194.199951171875,61074,-0.0005858843651215251,0.0031078968264384166,0.00122989927221264,0.55,0.35,0,1191.91611646628,1191.9935965194259,63.225831856664705,0.7718328102939722,0.10223733205669036,1190.9290204513072,0.00122989927221264,0,SBIN,5m,2026-02-16 07:10:00
1194.800048828125,1194.9000244140625,1192.9000244140625,1193.4000244140625,56885,-0.0006698432343993366,0.003531847809149946,0.0012108292782298648,0.5,0.4,0,1192.0574410327356,1192.0487505545095,57.79239824026,0.7827326444205482,0.23833639452946195,1190.9450619124173,0.0012108292782298648,0,SBIN,5m,2026-02-16 07:15:00
1192.9000244140625,1193.9000244140625,1192.5,1193.800048828125,49349,0.0003351972564764605,0.003109044045115361,0.0012038528105967018,0.5,0.4,0,1192.2234036799157,1192.1174289181808,59.615474904925115,0.8142631498362789,0.3535217455908254,1190.9571843318486,0.0012038528105967018,0,SBIN,5m,2026-02-16 07:20:00
1193.800048828125,1194.4000244140625,1193.0999755859375,1193.5999755859375,26919,-0.00016759359524565198,0.0010902681410522863,0.0011372176498939037,0.5,0.4,0,1192.3545057662036,1192.1755680031908,60.0,0.8137269264991573,0.44556278177249176,1190.9645523743313,0.0011372176498939037,0,SBIN,5m,2026-02-16 07:25:00
1193.199951171875,1195.300048828125,1193.199951171875,1193.9000244140625,55878,0.00025138139599722997,0.0,0.0010977288041602933,0.5,0.4,0,1192.5016980183807,1192.2431937447939,63.15793700509163,0.8279690862252664,0.5220440426630467,1190.98212420729,0.0010977288041602933,0,SBIN,5m,2026-02-16 07:30:00
1193.9000244140625,1194.5999755859375,1192.4000244140625,1193.5999755859375,115488,-0.0002513182192723784,0.0005029133159577537,0.001085231651529775,0.45,0.45,0,1192.6062958819575,1192.2964008758192,66.66638409697791,0.8057564092800931,0.578786515986456,1191.0110320246424,0.001085231651529775,0,SBIN,5m,2026-02-16 07:35:00
1194.0,1195.5,1193.5,1195.300048828125,103917,0.0014243241261402417,0.0043694423568299,0.0009612255362195151,0.5,0.4,0,1192.8628437815926,1192.414190991596,80.14163521141393,0.9147892838789176,0.6459870695649483,1191.048937333281,0.0009612255362195151,0,SBIN,5m,2026-02-16 07:40:00
1195.199951171875,1195.300048828125,1194.0,1194.0999755859375,33036,-0.001003993301400774,0.002602834245119645,0.000989560532871026,0.5,0.4,0,1192.980665858197,1192.480300191374,71.42819775045776,0.8940566132175718,0.6956009782954731,1191.059868414692,0.000989560532871026,0,SBIN,5m,2026-02-16 07:45:00
1194.0999755859375,1195.5,1193.9000244140625,1195.5,46049,0.0011724515892193033,0.003946885269697775,0.0010133924197982703,0.55,0.4,0,1193.2206024431307,1192.5987197917125,69.2304080827809,0.9793072477161786,0.7523422321796142,1191.0772083393556,0.0010133924197982703,1,SBIN,5m,2026-02-16 07:50:00
1195.699951171875,1197.0,1195.699951171875,1196.5,101575,0.0008364700961940308,0.005039899202015974,0.0010172052102373277,0.55,0.4,0,1193.5329260199753,1192.7517111724299,67.99964844436633,1.1147109385890417,0.8248159734614997,1191.1288141885518,0.0010172052102373277,0,SBIN,5m,2026-02-16 07:55:00
1197.0,1197.5999755859375,1195.699951171875,1196.699951171875,104879,0.00016711339061847852,0.0057147042762362155,0.001001913301313144,0.6,0.35,0,1193.8345474630135,1192.9065441135845,66.66632758936382,1.224043713654737,0.9046615215001472,1191.1837018505607,0.001001913301313144,0,SBIN,5m,2026-02-16 08:00:00
1197.0999755859375,1199.9000244140625,1196.5999755859375,1199.300048828125,209040,0.002172723123873954,0.00883243570720782,0.00104355724491121,0.65,0.35,1,1194.3550714025478,1193.1572697886645,69.46551370692708,1.5031692767984168,1.0243630725598012,1191.327373038624,0.00104355724491121,0,SBIN,5m,2026-02-16 08:05:00
1199.800048828125,1200.300048828125,1198.699951171875,1199.5,143509,0.00016672322499311498,0.010701003243482443,0.0009202230770943657,0.7,0.3,0,1194.845064602305,1193.4060043067561,66.1015020482476,1.7206777826954749,1.163626014586936,1191.4346373356782,0.0009202230770943657,0,SBIN,5m,2026-02-16 08:10:00
1199.5,1199.800048828125,1198.0,1198.5,78318,-0.0008336807002917723,0.008753492658674089,0.0009584526827325443,0.65,0.3,0,1195.1931536877998,1193.605768843746,64.99944052814143,1.7917094863732927,1.2892427089442073,1191.4867809937298,0.0009584526827325443,0,SBIN,5m,2026-02-16 08:15:00
1198.0,1198.699951171875,1197.5,1198.199951171875,85626,-0.00025035363214431783,0.006467829627782473,0.0008932344737866006,0.6,0.35,0,1195.4795153529499,1193.7859328566137,67.2408713037988,1.8030072452861532,1.3919956162125966,1191.5380613427808,0.0008932344737866006,0,SBIN,5m,2026-02-16 08:20:00
1198.5999755859375,1198.699951171875,1197.4000244140625,1197.9000244140625,77653,-0.00025031444669909586,0.004949684911126351,0.0008734549034724256,0.55,0.4,0,1195.7100400254367,1193.9472697804351,70.26964611696395,1.7673858934374493,1.4670736716575672,1191.5829610930216,0.0008734549034724256,0,SBIN,5m,2026-02-16 08:25:00
1197.9000244140625,1199.5,1197.5999755859375,1198.5999755859375,87371,0.0005843151829112436,0.004946780125433481,0.0008733958982986514,0.55,0.4,0,1195.9852719835797,1194.1297288316314,71.05181441466522,1.7751728378259486,1.5286935048912436,1191.6371353549805,0.0008733958982986514,0,SBIN,5m,2026-02-16 08:30:00
1198.5999755859375,1199.4000244140625,1197.699951171875,1198.0999755859375,85934,-0.00041715335406677934,0.0032658052030862805,0.00085142085275007,0.5,0.4,0,1196.1866723266614,1194.2854247827806,69.2304482096653,1.7211577904058686,1.5671863619941686,1191.688342966297,0.00085142085275007,0,SBIN,5m,2026-02-16 08:35:00
1197.9000244140625,1204.5999755859375,1197.9000244140625,1202.4000244140625,352132,0.0035890567696756914,0.005603473710625195,0.0011248993109676322,0.5,0.4,0,1196.7784201445093,1194.6036443761643,77.06972693910555,2.002247813156373,1.6541986522266097,1191.9876244513466,0.0011248993109676322,0,SBIN,5m,2026-02-16 08:40:00
1202.699951171875,1207.0,1202.199951171875,1205.4000244140625,273069,0.002495009929380121,0.008787346041899013,0.0012041045735966594,0.55,0.4,0,1197.5995253130382,1195.027031828631,82.06509480276513,2.438973639377764,1.8111536496568406,1192.2813263257704,0.0012041045735966594,0,SBIN,5m,2026-02-16 08:45:00
1205.4000244140625,1206.800048828125,1204.4000244140625,1204.9000244140625,135582,-0.00041480005796667996,0.008960034901766223,0.0011970330576162667,0.55,0.35,0,1198.2948109417073,1195.4142080084519,77.90678693853218,2.713457136965644,1.9916143471186012,1192.4278302896987,0.0011970330576162667,0,SBIN,5m,2026-02-16 08:50:00
1204.9000244140625,1206.0,1204.9000244140625,1205.199951171875,127103,0.0002489225261310679,0.009887654195085194,0.0011692318141668817,0.55,0.3,0,1198.9524433445804,1195.7979626423116,84.04915786083922,2.9215115030842753,2.177593778311736,1192.562223539853,0.0011692318141668817,0,SBIN,5m,2026-02-16 08:55:00
1205.4000244140625,1206.0,1202.5999755859375,1203.0,163400,-0.0018253827256928812,0.007706442281440573,0.0012791929358532894,0.55,0.3,0,1199.337924930811,1196.0803954798682,71.9300124212961,2.8757288018241525,2.3172207830142195,1192.7111825797422,0.0012791929358532894,0,SBIN,5m,2026-02-16 09:00:00
1203.0,1203.0999755859375,1201.699951171875,1203.0,110427,0.0,0.00787535573586795,0.0012759293810554143,0.5,0.35,0,1199.6866939850195,1196.3517525198736,70.18651906892107,2.807087325887551,2.415194091588886,1192.7984664857254,0.0012759293810554143,0,SBIN,5m,2026-02-16 09:05:00
1202.5,1203.0999755859375,1201.0999755859375,1202.5999755859375,85046,-0.0003325223724542914,0.007287001418853967,0.0012859828703852619,0.45,0.4,0,1199.964149375583,1196.5967808754053,68.09831572167843,2.6894080131241935,2.4700368758959472,1192.8623948439188,0.0012859828703852619,0,SBIN,5m,2026-02-16 09:10:00
1202.699951171875,1203.4000244140625,1202.0,1203.0,111165,0.0003326329803621242,0.00787535573586795,0.0012778836329830083,0.5,0.35,0,1200.25327800648,1196.8478875077424,63.120530535210285,2.5984713764614753,2.495723776009053,1192.9493324030811,0.0012778836329830083,0,SBIN,5m,2026-02-16 09:15:00
1202.4000244140625,1204.4000244140625,1201.800048828125,1203.800048828125,144749,0.0006650447449085828,0.007111185185956881,0.001256737960962708,0.5,0.4,0,1200.5910657037796,1197.1205212850123,64.62606500473336,2.561434073325927,2.508865835472428,1193.0662877445764,0.001256737960962708,0,SBIN,5m,2026-02-16 09:20:00
1203.9000244140625,1205.0,1203.5999755859375,1203.800048828125,111027,0.0,0.008123334260540238,0.001219079692287935,0.55,0.4,0,1200.8966831441935,1197.382463541605,69.34331283970418,2.50322611134402,2.5077378906467462,1193.1610778286781,0.001219079692287935,0,SBIN,5m,2026-02-16 09:25:00
1203.800048828125,1205.5,1203.5,1205.0,162277,0.0009968027273659086,0.007946465913843515,0.0012138838585229587,0.55,0.4,0,1201.287475225699,1197.681190461542,73.28807210581763,2.524817390039516,2.5111537905253,1193.3033320138727,0.0012138838585229587,0,SBIN,5m,2026-02-16 09:30:00
1205.199951171875,1208.800048828125,1204.9000244140625,1208.0999755859375,345387,0.002572593847250948,0.009694923180892268,0.0013056106743554981,0.55,0.4,0,1201.936284783817,1198.089770270342,79.31036901922268,2.7602522860149747,2.560973489623235,1193.6613576692698,0.0013056106743554981,0,SBIN,5m,2026-02-16 09:35:00
1208.0999755859375,1209.0,1206.5,1207.5,258770,-0.0004966274298999762,0.00902485942073361,0.0013223995367046707,0.55,0.4,0,1202.4661624234534,1198.4587988871913,75.72272281454407,2.8653926587867318,2.6218573234559344,1193.92533179342,0.0013223995367046707,0,SBIN,5m,2026-02-16 09:40:00
1207.5,1209.0,1205.699951171875,1209.0,297281,0.001242236024844745,0.008088010320147276,0.0012740924747768278,0.5,0.45,0,1203.0884326688388,1198.872179322988,79.78160666519915,3.034771666983488,2.7044401921614454,1194.221514293106,0.0012740924747768278,0,SBIN,5m,2026-02-16 09:45:00
1208.9000244140625,1210.5999755859375,1208.800048828125,1210.0,255848,0.0008271298593878207,0.008753647353063831,0.0012761856799871731,0.5,0.45,0,1203.7466771765685,1199.3085644475766,75.33345811733494,3.212663805405782,2.8060849148103126,1194.5005812585964,0.0012761856799871731,0,SBIN,5m,2026-02-16 09:50:00
1210.5,1211.199951171875,1209.0999755859375,1209.5,253735,-0.0004132231404958553,0.009178139340842772,0.0012574840531497577,0.55,0.4,0,1204.294612683562,1199.7082285868873,66.40006250061035,3.2755403947062405,2.8999760107894983,1194.7699679979225,0.0012574840531497577,0,SBIN,5m,2026-02-16 09:55:00
1206.300048828125,1207.0,1204.4000244140625,1205.9000244140625,307314,-0.0002486542612782916,0.006678353649682167,0.0014397563586532646,0.55,0.35,0,1204.6116878655052,1200.1956380400595,52.28783200491475,2.7689317374490656,2.8936466465127686,1205.7666829427083,0.0014397563586532646,0,SBIN,5m,2026-02-17 03:50:00
1206.0,1211.800048828125,1205.5,1211.699951171875,444068,0.0048096248780080675,0.010929397507732697,0.0017541268629196482,0.55,0.35,0,1205.2867605613499,1200.6467875746407,73.01586276384117,3.0000347944010173,2.914924276090418,1208.0715797493003,0.0017541268629196482,0,SBIN,5m,2026-02-17 03:55:00
1211.800048828125,1211.800048828125,1209.699951171875,1210.0999755859375,363899,-0.0013204387640604054,0.010015858646630349,0.0017914385535013292,0.55,0.35,0,1205.7451619922629,1201.017500829986,67.31711674159645,3.0192766322297757,2.9357947473182895,1208.8748093444055,0.0017914385535013292,0,SBIN,5m,2026-02-17 04:00:00
1210.199951171875,1210.4000244140625,1208.0,1209.0,252112,-0.0009089956269149324,0.005489001540193605,0.001660797166900493,0.5,0.4,0,1206.0551465644282,1201.330540013124,65.09451888362344,2.912197095100737,2.931075216874779,1208.9224760002894,0.001660797166900493,0,SBIN,5m,2026-02-17 04:05:00
1209.300048828125,1210.5999755859375,1208.0999755859375,1210.5999755859375,175836,0.0013233875814206986,0.004313880095035305,0.0015978413361179531,0.5,0.4,0,1206.4879874236196,1201.6940472904894,66.96439762614511,2.922748819646131,2.929409937429049,1209.0186605698784,0.0015978413361179531,1,SBIN,5m,2026-02-17 04:10:00
1210.300048828125,1210.800048828125,1208.0999755859375,1209.5999755859375,219480,-0.0008260366926869933,0.003900698046844564,0.0016089993588587225,0.55,0.4,0,1206.7843672486022,1202.0040836942326,62.831848847070006,2.817936081672997,2.9071151662778387,1209.0785935356278,0.0016089993588587225,1,SBIN,5m,2026-02-17 04:15:00
1209.699951171875,1212.9000244140625,1208.5,1211.800048828125,232344,0.0018188436562440735,0.00547635074979258,0.0016495069995018292,0.6,0.4,0,1207.2620512085566,1202.3882391896796,66.12915928332349,2.8792090261513295,2.901533938252537,1209.3101275029053,0.0016495069995018292,1,SBIN,5m,2026-02-17 04:20:00
1211.800048828125,1214.5,1210.5,1213.5,270091,0.0014028314106100392,0.008728179551122262,0.0015900977008321668,0.65,0.35,1,1207.8561415696465,1202.8239945155744,66.79854865480372,3.030012035950449,2.9272295577921197,1209.7302271459948,0.0015900977008321668,1,SBIN,5m,2026-02-17 04:25:00
1213.5999755859375,1215.5,1213.0,1214.199951171875,303356,0.0005768036026987389,0.009310017599231113,0.0015870050845067792,0.7,0.3,1,1208.460313912716,1203.2701104628804,63.318851781763904,3.1694690512308625,2.9756774564798683,1210.262070378672,0.0015870050845067792,1,SBIN,5m,2026-02-17 04:30:00
1214.0999755859375,1216.699951171875,1213.5999755859375,1215.300048828125,401220,0.000906026766998469,0.010560513470823762,0.0015784027238998578,0.75,0.25,1,1209.1117172379932,1203.7418727517136,66.66684055672641,3.330368018102945,3.0466155688044836,1210.9292015753952,0.0015784027238998578,1,SBIN,5m,2026-02-17 04:35:00
1215.4000244140625,1216.9000244140625,1214.9000244140625,1215.800048828125,386616,0.0004114210317707201,0.010640107089048279,0.001577991465540506,0.75,0.25,1,1209.748701198958,1204.214742401769,65.17874659400545,3.4583615902326983,3.128964773090127,1211.497951423111,0.001577991465540506,1,SBIN,5m,2026-02-17 04:40:00
1215.9000244140625,1216.699951171875,1215.0,1215.9000244140625,263056,8.223028616738404e-05,0.010051482883487672,0.0015807553702113955,0.7,0.2,1,1210.3345415051585,1204.6729887551924,63.721064913386364,3.527205186759602,3.208612855824022,1211.815467352956,0.0015807553702113955,1,SBIN,5m,2026-02-17 04:45:00
1215.9000244140625,1220.9000244140625,1215.9000244140625,1219.9000244140625,797423,0.0032897441563319862,0.013374293846897922,0.0016930113795081368,0.7,0.2,1,1211.245539877435,1205.2701274084816,70.80015039135934,3.860034726069671,3.338897229873152,1213.0945312814517,0.0016930113795081368,1,SBIN,5m,2026-02-17 04:50:00
1220.0,1224.9000244140625,1219.0999755859375,1224.0999755859375,495177,0.0034428650609235056,0.01585060214600631,0.0018029584100663115,0.7,0.15,1,1212.4697718496734,1206.0085528272054,84.55632485118136,4.411848450339221,3.553487473966366,1214.0628559761751,0.0018029584100663115,1,SBIN,5m,2026-02-17 04:55:00
1224.699951171875,1225.5,1221.699951171875,1224.9000244140625,433885,0.0006535812793739826,0.01390617429652452,0.001753377518297891,0.7,0.15,1,1213.6536054272344,1206.7493948502195,85.98498159690755,4.857725224015212,3.8143350239761356,1214.8720846653398,0.001753377518297891,1,SBIN,5m,2026-02-17 05:00:00
1224.9000244140625,1225.199951171875,1223.0,1223.0,287419,-0.0015511669329677513,0.012836438923395477,0.001806073615272162,0.65,0.15,1,1214.5437382436883,1207.3866734835442,75.11121961805556,5.000131287465365,4.051494276673981,1215.3241977005614,0.001806073615272162,0,SBIN,5m,2026-02-17 05:05:00
1223.0999755859375,1223.300048828125,1218.5,1220.0,400520,-0.002452984464431762,0.009098428453267138,0.0019261836794531436,0.65,0.15,1,1215.0633822204798,1207.8813137390914,70.71132698976959,4.815405197148721,4.204276460768929,1215.6744024227226,0.0019261836794531436,1,SBIN,5m,2026-02-17 05:10:00
1220.0,1222.800048828125,1219.0,1220.9000244140625,261626,0.0007377249295594801,0.009008284639721031,0.0019253775040787634,0.6,0.15,1,1215.619252905583,1208.3918514126199,75.10545915292737,4.687597185662071,4.300940605747558,1215.8915688391721,0.0019253775040787634,1,SBIN,5m,2026-02-17 05:15:00
1220.800048828125,1220.9000244140625,1219.0999755859375,1219.9000244140625,195970,-0.0008190678843502663,0.00859861464577305,0.001937060232109157,0.55,0.15,0,1216.0269454302,1208.8431523146373,70.12989071846795,4.4542707130081,4.331606627199666,1216.0145926922355,0.001937060232109157,0,SBIN,5m,2026-02-17 05:20:00
1220.0,1221.0999755859375,1219.5999755859375,1220.5999755859375,200387,0.0005737774882095259,0.01193833941053657,0.0017887332918040664,0.6,0.1,1,1216.4624721116986,1209.3042042076295,74.12275535662658,4.276540712952965,4.320593444350326,1216.1469118621012,0.0017887332918040664,1,SBIN,5m,2026-02-17 05:25:00
1220.5999755859375,1220.699951171875,1216.199951171875,1217.800048828125,554330,-0.002293893834029004,0.009868168316726544,0.001894825143809127,0.6,0.15,1,1216.5898603704059,1209.637374584904,62.820566325146594,3.865202074532135,4.229515170386688,1216.3065221853303,0.001894825143809127,1,SBIN,5m,2026-02-17 05:30:00
1217.4000244140625,1219.9000244140625,1217.4000244140625,1219.300048828125,221711,0.001231729298617923,0.006272260429572185,0.001613886389218331,0.55,0.15,0,1216.8479735568553,1210.016302986599,62.50013154156188,3.6185384452901417,4.107319825367379,1216.3825306978663,0.001613886389218331,0,SBIN,5m,2026-02-17 05:35:00
1219.4000244140625,1220.4000244140625,1218.0,1219.0,181699,-0.00024608284762506205,0.0073547843927135315,0.001574011314628648,0.6,0.15,1,1217.0529284562024,1210.3686048302618,60.526400325520136,3.3601110407028045,3.9578780684344643,1216.4478705264141,0.001574011314628648,0,SBIN,5m,2026-02-17 05:40:00
1218.9000244140625,1219.0999755859375,1216.0,1216.9000244140625,718361,-0.0017227035159455006,0.006534346082764708,0.0016186307923018038,0.6,0.15,1,1217.0383661664748,1210.6247389315872,53.36130359185306,2.951828143749708,3.7566680834975132,1216.5238850518558,0.0016186307923018038,0,SBIN,5m,2026-02-17 05:45:00
1216.9000244140625,1218.800048828125,1216.5999755859375,1218.0,171229,0.0009039161507677917,0.00611269169279538,0.0016077207262652612,0.55,0.15,0,1217.1299503410962,1210.9139648558387,54.50811470652979,2.6860566542031847,3.542545797638648,1216.5494742284475,0.0016077207262652612,0,SBIN,5m,2026-02-17 05:50:00
1218.0,1219.5,1217.5999755859375,1217.9000244140625,179696,-8.20817618534253e-05,0.006861812992435379,0.0015886441171035263,0.55,0.15,0,1217.2032907289977,1211.187927975769,54.09837705869404,2.439245535546661,3.321885745220251,1216.5862397726248,0.0015886441171035263,0,SBIN,5m,2026-02-17 05:55:00
1218.0,1218.5,1217.0,1217.5999755859375,220249,-0.0002463657296248867,0.004786207727439207,0.0015544286672489619,0.5,0.2,0,1217.2410702391824,1211.4393808232267,44.44431339710097,2.194141812013413,3.0963369585788834,1216.6136814051617,0.0015544286672489619,0,SBIN,5m,2026-02-17 06:00:00
1217.5999755859375,1218.5999755859375,1217.300048828125,1218.0,197813,0.0003285351692536853,0.003708281829418958,0.0015305055058937953,0.5,0.2,0,1217.3133492640222,1211.6966600066296,31.95276102423344,2.0090152945606405,2.878872625775235,1216.6429736228874,0.0015305055058937953,0,SBIN,5m,2026-02-17 06:05:00
1218.0,1219.5999755859375,1218.0,1218.800048828125,139183,0.0006568545386904656,0.003788583298665271,0.0015316849857272509,0.5,0.2,0,1217.4549396986986,1211.9752242741392,31.95276102423344,1.9048999490044025,2.6840780904210684,1216.6753388955644,0.0015316849857272509,0,SBIN,5m,2026-02-17 06:10:00
1218.699951171875,1220.0,1218.5999755859375,1220.0,163216,0.0009845348898933626,0.003867317520810598,0.0015337153089727293,0.5,0.2,0,1217.6973263940606,1212.2899213614278,40.740712832491894,1.8973424361508933,2.5267309595670335,1216.72475673203,0.0015337153089727293,0,SBIN,5m,2026-02-17 06:15:00
1219.9000244140625,1221.0,1219.699951171875,1220.699951171875,165478,0.0005737304687500888,0.004030187651721917,0.0015353541468184533,0.5,0.2,0,1217.9832906586144,1212.6197264520335,52.51782766009766,1.9256357325418776,2.406511914162002,1216.7892245716885,0.0015353541468184533,0,SBIN,5m,2026-02-17 06:20:00
1220.5,1223.300048828125,1220.0,1222.800048828125,156556,0.0017204044730516621,0.0056748287486774185,0.001571877229990822,0.55,0.2,0,1218.442029531901,1213.0189547805078,56.29148174197043,2.0933874361098788,2.3438870185515777,1216.873332232078,0.001571877229990822,0,SBIN,5m,2026-02-17 06:25:00
1222.800048828125,1223.699951171875,1220.9000244140625,1220.9000244140625,169384,-0.0015538308294013037,0.0008197393064897085,0.0014530685051268887,0.55,0.2,0,1218.676124282583,1213.328016334765,53.125,2.0493916672865,2.2849879482985624,1216.957932963963,0.0014530685051268887,0,SBIN,5m,2026-02-17 06:30:00
1221.0,1222.4000244140625,1220.5999755859375,1221.5999755859375,92837,0.000573307525496114,-0.002042316844915626,0.0012230524723597647,0.5,0.25,0,1218.9545863114738,1213.6524068936344,53.125,2.0474037177621085,2.2374711021912717,1217.0003097735737,0.0012230524723597647,0,SBIN,5m,2026-02-17 06:35:00
1221.699951171875,1222.0999755859375,1219.9000244140625,1220.0999755859375,113335,-0.0012278978634396864,-0.003918727024616708,0.0012342246771940698,0.45,0.3,0,1219.0636710042797,1213.9052527247052,57.82284115160726,1.9028558516927205,2.1705480520915614,1217.0416739442994,0.0012342246771940698,0,SBIN,5m,2026-02-17 06:40:00
1220.5999755859375,1223.5,1220.5999755859375,1221.5,219890,0.0011474669634266021,-0.0012264922322158256,0.0012257096310373389,0.5,0.3,0,1219.2957023372055,1214.2030859511874,57.53402896224207,1.8796039913449931,2.112359239942248,1217.1441157548272,0.0012257096310373389,0,SBIN,5m,2026-02-17 06:45:00
1221.699951171875,1223.5999755859375,1221.199951171875,1223.5,189295,0.0016373311502251298,0.0028688524590163578,0.0011440516567140246,0.55,0.25,0,1219.696111638424,1214.5676708158467,63.803639631543476,1.999510892880835,2.0897895705299656,1217.2450364828028,0.0011440516567140246,0,SBIN,5m,2026-02-17 06:50:00
1223.300048828125,1223.5999755859375,1221.199951171875,1221.699951171875,264145,-0.0014712291198406557,0.0006551943171566599,0.0011894300887130588,0.55,0.25,0,1219.8869534987527,1214.8473680847105,64.99965667986541,1.9270749588731633,2.057246648198605,1217.3652944368907,0.0011894300887130588,0,SBIN,5m,2026-02-17 06:55:00
1221.5,1221.699951171875,1220.199951171875,1220.800048828125,164209,-0.0007365984936700265,0.0007377853890073727,0.0011864584035553394,0.55,0.3,0,1219.9739149586928,1215.0808065452366,58.86088662947912,1.7765751089793866,2.0011123403547613,1217.4181836153246,0.0011864584035553394,0,SBIN,5m,2026-02-17 07:00:00
1220.800048828125,1221.300048828125,1220.5,1221.0999755859375,119268,0.0002456804929689138,0.00040963461412490965,0.0011809091096378953,0.5,0.3,0,1220.0811588279541,1215.3168523899699,59.999847412109375,1.662342032233255,1.9333582787304602,1217.4563333846277,0.0011809091096378953,0,SBIN,5m,2026-02-17 07:05:00
1221.0,1222.800048828125,1220.5,1221.800048828125,84122,0.0005733136157435315,0.0032846114629812018,0.0010520868549652501,0.55,0.25,0,1220.2448626374942,1215.5710953875446,62.80508228568877,1.6097454127093442,1.8686357055262373,1217.488270644346,0.0010520868549652501,0,SBIN,5m,2026-02-17 07:10:00
1221.699951171875,1223.0999755859375,1221.5,1222.699951171875,112874,0.0007365381468211751,0.002788404992698501,0.0010312699766725306,0.6,0.25,0,1220.4786805931494,1215.850658359479,63.905261333102196,1.621979639504616,1.819304492321913,1217.537706665886,0.0010312699766725306,0,SBIN,5m,2026-02-17 07:15:00
1222.5999755859375,1223.300048828125,1222.0,1222.9000244140625,132319,0.000163632330234309,0.003199363752307116,0.0010272639905306749,0.6,0.25,0,1220.7092847665697,1216.1271040871097,62.57666873862607,1.6290410201081613,1.7812517978791629,1217.5978908097904,0.0010272639905306749,0,SBIN,5m,2026-02-17 07:20:00
1222.699951171875,1223.300048828125,1221.699951171875,1222.199951171875,139451,-0.0005724697262337042,0.0043552688400712025,0.0009452212287869001,0.6,0.25,0,1220.8512529956463,1216.365254953179,56.961849282259685,1.5601625722572408,1.7370339527547787,1217.6558073168362,0.0009452212287869001,0,SBIN,5m,2026-02-17 07:25:00
1222.199951171875,1222.800048828125,1220.699951171875,1221.199951171875,183494,-0.0008181967271730928,0.0026272177108990213,0.0009577786541265054,0.6,0.3,0,1220.8844623457633,1216.554850883324,51.552785612470814,1.4086462661375663,1.6713564154313363,1217.7169021339132,0.0009577786541265054,0,SBIN,5m,2026-02-17 07:30:00
1221.199951171875,1223.699951171875,1221.0,1223.5999755859375,218071,0.0019653001228499,0.004680147021605796,0.0010396490208427263,0.6,0.3,0,1221.1430826543515,1216.8311302834265,52.43879746034581,1.465338899602557,1.6301529122655807,1217.8089449781812,0.0010396490208427263,0,SBIN,5m,2026-02-17 07:35:00
1223.5999755859375,1223.9000244140625,1222.199951171875,1223.0,186186,-0.0004903363827301055,0.004434974147781157,0.0010469873706423097,0.65,0.25,0,1221.3199319253656,1217.0730467429,56.95357278555202,1.4451958859224305,1.593161506996951,1217.8890018048266,0.0010469873706423097,0,SBIN,5m,2026-02-17 07:40:00
1222.9000244140625,1223.0999755859375,1221.9000244140625,1222.5999755859375,121585,-0.00032708455769625555,0.0037766630426416814,0.0010537118144316817,0.6,0.3,0,1221.44184084542,1217.2897890504703,53.37836723247719,1.381034074243189,1.5507360204461986,1217.9350163055233,0.0010537118144316817,0,SBIN,5m,2026-02-17 07:45:00
1222.5999755859375,1222.9000244140625,1221.5999755859375,1222.699951171875,128786,8.177293303934796e-05,0.0031997884702250623,0.0010481051307919718,0.55,0.35,0,1221.561660876511,1217.5019522709174,59.70138376467801,1.3230018289366399,1.5051891821442869,1217.981387177796,0.0010481051307919718,0,SBIN,5m,2026-02-17 07:50:00
1222.5999755859375,1223.300048828125,1222.0999755859375,1223.0,122337,0.00024539857700767165,0.0024590163934425924,0.0010303928433081121,0.55,0.35,0,1221.6986455549384,1217.7175619857835,56.09753676981401,1.2863935452114674,1.461430054757723,1218.028460559826,0.0010303928433081121,0,SBIN,5m,2026-02-17 07:55:00
1223.0999755859375,1223.5,1221.5999755859375,1221.5999755859375,131554,-0.0011447460458401393,0.000737301916984956,0.0010620217553399829,0.55,0.4,0,1221.6892484150335,1217.869813499515,41.880288376266336,1.1313692266958242,1.3954178891453433,1218.072173654201,0.0010620217553399829,0,SBIN,5m,2026-02-17 08:00:00
1221.9000244140625,1222.699951171875,1221.300048828125,1221.800048828125,239058,0.00016377967107561453,-0.0008177951914202231,0.000986546069645542,0.5,0.45,0,1221.6998008353278,1218.0239403751468,50.49552816050278,1.012978589324348,1.3189300291811443,1218.1437634916922,0.000986546069645542,0,SBIN,5m,2026-02-17 08:05:00
1221.800048828125,1222.0999755859375,1220.0,1220.199951171875,221047,-0.0013096231726170693,-0.0005734075093687396,0.0009681692904163245,0.45,0.5,0,1221.556958010237,1218.1092741318814,47.221845472218455,0.7810353585282428,1.211351095050564,1218.1879723078478,0.0009681692904163245,0,SBIN,5m,2026-02-17 08:10:00
1220.300048828125,1220.9000244140625,1219.0999755859375,1220.5,233989,0.00024590136054092326,-0.0009004384478723537,0.0009601979677684334,0.45,0.5,0,1221.4562953425952,1218.2030280874937,47.22244199057381,0.6143482852644411,1.0919505330933394,1218.2226571617246,0.0009601979677684334,0,SBIN,5m,2026-02-17 08:15:00
1220.0999755859375,1220.4000244140625,1218.699951171875,1219.4000244140625,170142,-0.0009012499679946773,-0.0005736834569961546,0.0009416096291390027,0.45,0.5,0,1221.2604600160682,1218.2499691199084,39.285908907610654,0.38900453969495175,0.951361334413662,1218.2387333892718,0.0009416096291390027,0,SBIN,5m,2026-02-17 08:20:00
1219.5,1219.9000244140625,1217.800048828125,1217.9000244140625,220146,-0.0012301131457831405,-0.0029471760834527405,0.0009354246399706632,0.4,0.55,0,1220.940418530163,1218.2362457981105,29.662042640350066,0.08836195225831034,0.7787614579825917,1218.2434544680973,0.0009354246399706632,0,SBIN,5m,2026-02-17 08:25:00
1218.0999755859375,1219.0,1217.300048828125,1218.300048828125,272891,0.0003284542294470505,-0.004250062257355913,0.000845468866834905,0.35,0.6,0,1220.6889547490166,1218.238747877719,30.834019957887023,-0.11628042882557565,0.5997530806209582,1218.2426087876672,0.000845468866834905,0,SBIN,5m,2026-02-17 08:30:00
1218.300048828125,1218.5,1217.0,1217.199951171875,230606,-0.000902977601706767,-0.0036833921419768823,0.0008097386166602572,0.35,0.65,0,1220.3566686940508,1218.1980107519996,29.83934477870531,-0.363044723576877,0.4071935197813912,1218.2316639533797,0.0008097386166602572,0,SBIN,5m,2026-02-17 08:35:00
1217.199951171875,1217.199951171875,1214.199951171875,1215.199951171875,372563,-0.0016431154126110847,-0.0045872357734796365,0.0008657242605895878,0.35,0.65,0,1219.8655527395579,1218.0804397880731,27.612592916484473,-0.7117854704781621,0.18339772172948052,1218.1628768890002,0.0008657242605895878,0,SBIN,5m,2026-02-17 08:40:00
1215.300048828125,1216.699951171875,1214.5,1215.699951171875,306690,0.0004114549210751939,-0.004422262322518966,0.0008712890150061238,0.35,0.65,0,1219.468828780731,1217.9870872933202,15.65316152041693,-0.9370178451672473,-0.04068539164986504,1218.11088541299,0.0008712890150061238,0,SBIN,5m,2026-02-17 08:45:00
1216.0999755859375,1216.5,1215.5,1215.9000244140625,175646,0.00016457452514884174,-0.004828960695918649,0.0008563370010598412,0.3,0.65,0,1219.128942650572,1217.905241690212,18.019464452631,-1.0868434317130777,-0.24991699966250758,1218.0859389978502,0.0008563370010598412,0,SBIN,5m,2026-02-17 08:50:00
1216.0,1216.5999755859375,1215.0,1215.4000244140625,209546,-0.0004112180195414705,-0.00597033372808764,0.0008252262854802563,0.3,0.7,0,1218.7738075804284,1217.806997875461,17.858621967434658,-1.2317285102692495,-0.446279301783856,1218.0528197760939,0.0008252262854802563,0,SBIN,5m,2026-02-17 08:55:00
1215.4000244140625,1216.9000244140625,1215.0,1216.699951171875,154819,0.0010695464305583435,-0.005069975564975682,0.0008753015950115381,0.3,0.7,0,1218.5762974462805,1217.763584279242,25.80721373444638,-1.2275078075431338,-0.6025250029357117,1218.034267176617,0.0008753015950115381,0,SBIN,5m,2026-02-17 09:00:00
1216.9000244140625,1218.5,1216.5999755859375,1218.199951171875,250636,0.0012328429852859202,-0.003272786908692593,0.0009319564625441581,0.35,0.65,0,1218.540454943956,1217.7806967064041,32.3532051627264,-1.090554176546675,-0.7001308376579044,1218.0299981203789,0.0009319564625441581,0,SBIN,5m,2026-02-17 09:05:00
1218.300048828125,1218.800048828125,1217.0999755859375,1217.5,396134,-0.0005745782301186386,-0.0030297668848778825,0.0009245111150813096,0.4,0.6,0,1218.4413639969127,1217.7696889924275,34.10895258282156,-1.026662916097166,-0.7654372533457569,1218.0243422518215,0.0009245111150813096,0,SBIN,5m,2026-02-17 09:10:00
1217.0999755859375,1217.9000244140625,1215.9000244140625,1216.5999755859375,211364,-0.0007392397651437843,-0.005720823912772621,0.0007860507879998148,0.35,0.65,0,1218.265993672058,1217.7238178784476,30.88239253947026,-1.036702617823039,-0.8196903262412134,1218.008485371045,0.0007860507879998148,0,SBIN,5m,2026-02-17 09:15:00
1216.0999755859375,1216.699951171875,1214.9000244140625,1215.0999755859375,238542,-0.0012329442956610093,-0.006459545718775606,0.0008132531765622696,0.3,0.7,0,1217.9644681400466,1217.6209221022707,31.11137232917092,-1.1524123258095642,-0.8862347261548836,1217.973307794345,0.0008132531765622696,0,SBIN,5m,2026-02-17 09:20:00
1215.0,1215.4000244140625,1211.699951171875,1212.0,533260,-0.002551210310446028,-0.008670027644043898,0.0009536874038744327,0.3,0.7,0,1217.39642355528,1217.4004937845345,23.926458473751225,-1.4772266756651788,-1.0044331160569426,1217.819179204023,0.0009536874038744327,0,SBIN,5m,2026-02-17 09:25:00
1212.0,1213.5,1211.4000244140625,1212.199951171875,309850,0.00016497621441824428,-0.008587552481650551,0.0009562377520592274,0.3,0.7,0,1216.9015214235271,1217.1965509369793,26.623175884017527,-1.6989258400385552,-1.1433316608532653,1217.7220913602255,0.0009562377520592274,0,SBIN,5m,2026-02-17 09:30:00
1212.199951171875,1213.0999755859375,1210.300048828125,1212.5999755859375,475691,0.00032999870497918415,-0.008503699439135315,0.0009595672885024152,0.25,0.75,0,1216.4918503913757,1217.0162930800757,31.468424017892204,-1.8213500088388628,-1.278935330450385,1217.5698323192232,0.0009595672885024152,0,SBIN,5m,2026-02-17 09:35:00
1212.9000244140625,1213.800048828125,1212.5,1213.0,279290,0.00032988984175852387,-0.007039927765071008,0.0009581249023764567,0.25,0.7,0,1216.1592932112449,1216.8587913906608,31.468424017892204,-1.8645994754797357,-1.3960681594562552,1217.501075470515,0.0009581249023764567,0,SBIN,5m,2026-02-17 09:40:00
1213.0,1214.4000244140625,1212.699951171875,1213.4000244140625,485525,0.0003297810503399834,-0.006875122015357005,0.0009635386721106971,0.3,0.65,0,1215.8965057067514,1216.72315347001,36.02965595856784,-1.8453246089002278,-1.4859194493450496,1217.396868148276,0.0009635386721106971,0,SBIN,5m,2026-02-17 09:45:00
1213.4000244140625,1215.5,1212.0,1215.0,653085,0.001318588720739644,-0.004261556613636142,0.0010033746430783668,0.35,0.65,0,1215.8111242108705,1216.6555788241274,49.24260639576821,-1.681560497358305,-1.525047658947701,1217.2875342222524,0.0010033746430783668,0,SBIN,5m,2026-02-17 09:50:00
1214.9000244140625,1215.5,1212.199951171875,1213.4000244140625,366809,-0.0013168523341049454,-0.005817267993394104,0.0010263410407713284,0.35,0.6,0,1215.5814956587938,1216.5279100237328,41.95825686115498,-1.6617255792466494,-1.5523832430074909,1217.2206052824813,0.0010263410407713284,0,SBIN,5m,2026-02-17 09:55:00
1217.5,1220.5,1217.4000244140625,1218.0,300112,0.0005750029933448975,8.20884998220528e-05,0.0012575056882926307,0.4,0.5,0,1215.959913352139,1216.6147315463818,57.142857142857146,-0.9745384297107194,-1.3990146092955598,1218.6333414713542,0.0012575056882926307,0,SBIN,5m,2026-02-18 03:50:00
1218.0,1220.4000244140625,1217.199951171875,1218.4000244140625,227199,0.00032842726934534383,8.206154636014595e-05,0.0012575053231621695,0.4,0.5,0,1216.192304881846,1216.6847430313887,54.91352728247754,-0.6638889244468373,-1.2519894723258154,1218.6477000776604,0.0012575053231621695,0,SBIN,5m,2026-02-18 03:55:00
1218.4000244140625,1219.9000244140625,1217.9000244140625,1219.0999755859375,193978,0.0005744838787340445,0.0015609796995417202,0.001244699264933713,0.4,0.45,0,1216.4692259012832,1216.779458033528,52.72736688688808,-0.3571003134561579,-1.073011640551884,1218.7334827245595,0.001244699264933713,0,SBIN,5m,2026-02-18 04:00:00
1219.5999755859375,1222.0999755859375,1219.5999755859375,1220.699951171875,381375,0.0013124236059216532,0.004526004131827133,0.0012043070711431699,0.45,0.4,0,1216.87215211753,1216.9332028624829,59.19531359618353,0.014964033217665929,-0.855416505797974,1219.44821142829,0.0012043070711431699,0,SBIN,5m,2026-02-18 04:05:00
1220.5999755859375,1223.4000244140625,1220.300048828125,1222.9000244140625,171499,0.0018023046859920733,0.005922574262873903,0.0012546539276128363,0.5,0.4,0,1217.4462351933903,1217.1671958645056,66.84509432730596,0.48180132661877906,-0.5879729393146234,1219.8185993385569,0.0012546539276128363,0,SBIN,5m,2026-02-18 04:10:00
1222.800048828125,1224.0999755859375,1221.5,1222.300048828125,225848,-0.0004906170365194251,0.005263610729135948,0.001266762631676988,0.55,0.4,0,1217.908503158603,1217.36848421602,70.22500805804536,0.7942051271104447,-0.31153732602960976,1220.242398818166,0.001266762631676988,0,SBIN,5m,2026-02-18 04:15:00
1222.199951171875,1222.4000244140625,1219.800048828125,1221.300048828125,259395,-0.0008181297226967921,0.004854388921792907,0.001281349818799952,0.5,0.4,0,1218.2315075080812,1217.5226632204165,79.61808201284464,0.9501430890099982,-0.059201243021688166,1220.3786726590938,0.001281349818799952,0,SBIN,5m,2026-02-18 04:20:00
1221.4000244140625,1221.4000244140625,1219.0999755859375,1219.9000244140625,186490,-0.001146339440013855,0.0026301252326881297,0.001301751992568769,0.45,0.45,0,1218.3904138800794,1217.6158930711479,72.78124887139298,0.94980600517124,0.14260020661689748,1220.3551607071695,0.001301751992568769,0,SBIN,5m,2026-02-18 04:25:00
1219.800048828125,1220.699951171875,1219.0,1220.4000244140625,108876,0.00040986965324485425,0.0018060033905527018,0.0012779164899848984,0.4,0.5,0,1218.5818053595065,1217.7250746924387,72.94132008272058,0.9786039479733972,0.3098009548881975,1220.3381076408493,0.0012779164899848984,0,SBIN,5m,2026-02-18 04:30:00
1220.5999755859375,1221.800048828125,1220.0,1220.9000244140625,156889,0.00040970172893928236,0.002792627855492835,0.0012698628208305926,0.4,0.5,0,1218.802588126607,1217.8495825246594,73.09951957054032,1.0299002969156845,0.4538208232936949,1220.3779684335443,0.0012698628208305926,0,SBIN,5m,2026-02-18 04:35:00
1220.9000244140625,1221.0,1219.300048828125,1219.699951171875,114506,-0.0009829414515438728,0.0025480648102467196,0.001279875589064269,0.4,0.5,0,1218.8880512737753,1217.9221460010208,67.59753677448393,0.9626206501641263,0.5555807886677813,1220.3593628676279,0.001279875589064269,0,SBIN,5m,2026-02-18 04:40:00
1219.699951171875,1221.199951171875,1219.0,1219.699951171875,205704,0.0,0.0037856766343191683,0.0012399424657396926,0.45,0.5,0,1218.9653750735943,1217.9918638508582,64.41698494720288,0.8989386403143271,0.6242523589970905,1220.327455288049,0.0012399424657396926,0,SBIN,5m,2026-02-18 04:45:00
1219.9000244140625,1219.9000244140625,1219.0999755859375,1219.5999755859375,139215,-8.196736077703548e-05,0.006270606919090316,0.001062969313153625,0.45,0.45,0,1219.0258132176268,1218.0549270561555,70.94571188202107,0.8308257523478915,0.6655670376672507,1220.2860658229172,0.001062969313153625,0,SBIN,5m,2026-02-18 04:50:00
1219.5999755859375,1221.0,1219.4000244140625,1220.800048828125,166679,0.0009839892310681275,0.007094619701919713,0.0010726927317874224,0.5,0.4,0,1219.1947880376742,1218.1625788903505,64.46269319236512,0.8637251927498255,0.7051986686837657,1220.2927592961307,0.0010726927317874224,0,SBIN,5m,2026-02-18 04:55:00
1220.800048828125,1221.5,1219.5,1219.5,93635,-0.0010649154457136323,0.005690272598536383,0.001118702799186381,0.55,0.35,0,1219.22385584361,1218.2150267770035,55.905420991926185,0.775950486630336,0.7193490322730798,1220.2887316358456,0.001118702799186381,0,SBIN,5m,2026-02-18 05:00:00
1219.5,1219.5,1218.5999755859375,1218.5999755859375,149513,-0.0007380273998052189,0.0046166327996186585,0.0011416646239197697,0.5,0.4,0,1219.1644386762125,1218.2301228087265,50.75737959606421,0.6265415700402173,0.7007875398265073,1220.221337371045,0.0011416646239197697,0,SBIN,5m,2026-02-18 05:05:00
1218.300048828125,1218.300048828125,1215.5999755859375,1215.5999755859375,218037,-0.002461841506731899,0.0018130469157831008,0.0012899661405372962,0.45,0.45,0,1218.8249660009483,1218.1269797803818,38.70985525051583,0.2630269878679883,0.6132354294348035,1219.9753835868498,0.0012899661405372962,0,SBIN,5m,2026-02-18 05:10:00
1215.5999755859375,1218.0,1215.5999755859375,1217.5,166728,0.0015630342647436901,0.002057613168724215,0.0013032951189962628,0.4,0.4,0,1218.6987787627627,1218.102392338014,39.87376000494453,0.12679355637192202,0.5159470548222272,1219.8338460546543,0.0013032951189962628,0,SBIN,5m,2026-02-18 05:15:00
1217.5,1218.9000244140625,1217.199951171875,1218.5999755859375,106000,0.0009034707071355896,0.004285438492871219,0.0012700737785781198,0.45,0.4,0,1218.6893689363983,1218.12190540656,35.3741779047366,0.10636036127061743,0.4340297161119053,1219.7863456714394,0.0012700737785781198,0,SBIN,5m,2026-02-18 05:20:00
1218.5999755859375,1219.4000244140625,1217.5,1217.5999755859375,108065,-0.0008206138355772996,0.0002463868773365796,0.001073832753626827,0.45,0.4,0,1218.5856171887353,1218.1014375704572,34.43707003177016,0.009367284068503068,0.3490972297032248,1219.738779683366,0.001073832753626827,0,SBIN,5m,2026-02-18 05:25:00
1217.5999755859375,1217.9000244140625,1217.300048828125,1217.5,62883,-8.210872859892859e-05,-0.0004105090311986581,0.0010657503149143297,0.45,0.45,0,1218.4822250755224,1218.0778517833805,36.619730417440344,-0.07470645317698654,0.2643364931271826,1219.7022846000743,0.0010657503149143297,0,SBIN,5m,2026-02-18 05:30:00
1217.4000244140625,1217.5,1216.199951171875,1216.199951171875,135849,-0.0010678019122176696,-0.0018057068270705967,0.00108723923157711,0.45,0.45,0,1218.2648656561275,1218.004208622145,36.87937736453436,-0.2434324335679321,0.16278270778815968,1219.5947891584888,0.00108723923157711,0,SBIN,5m,2026-02-18 05:35:00
1216.300048828125,1217.0999755859375,1216.0999755859375,1216.800048828125,74046,0.0004934202272182109,-0.0018865776424178415,0.0010847807872558294,0.45,0.5,0,1218.125359291556,1217.9569866694383,37.32431294002355,-0.32497995635503685,0.06523017495952037,1219.5399341031887,0.0010847807872558294,0,SBIN,5m,2026-02-18 05:40:00
1216.9000244140625,1217.199951171875,1216.0999755859375,1217.0,61987,0.00016432541407906953,-0.0030310078806204954,0.0010357140960363484,0.45,0.5,0,1218.0181822161696,1217.9194577804408,35.97140624039484,-0.36921646954169773,-0.02165915394072325,1219.4971124069955,0.0010357140960363484,0,SBIN,5m,2026-02-18 05:45:00
1217.199951171875,1217.9000244140625,1217.199951171875,1217.5,62533,0.00041084634346755244,-0.004415752969381015,0.000939879961784073,0.45,0.5,0,1217.9688315289154,1217.9030084557176,41.666974920470516,-0.3597810713883973,-0.08928353743025808,1219.4669921541679,0.000939879961784073,0,SBIN,5m,2026-02-18 05:50:00
1217.699951171875,1219.300048828125,1217.5,1218.5,75934,0.000821355236139576,-0.003108932893988059,0.0009654946929009586,0.45,0.5,0,1218.0194190023522,1217.9264198888268,45.77487793136648,-0.26851651646620667,-0.1251301332374478,1219.4480927837174,0.0009654946929009586,0,SBIN,5m,2026-02-18 05:55:00
1218.199951171875,1219.9000244140625,1218.0999755859375,1219.9000244140625,72034,0.0011489736676755236,-0.001146339440013855,0.0009941796663709972,0.5,0.45,0,1218.198524279658,1218.0038161447185,50.96788420041267,-0.08227007127175057,-0.11655812084430835,1219.4455680247481,0.0009941796663709972,0,SBIN,5m,2026-02-18 06:00:00
1219.9000244140625,1220.300048828125,1219.5,1220.199951171875,88637,0.0002458617524470075,0.0002458617524470075,0.0009621053221875518,0.55,0.4,0,1218.389136364631,1218.08993908696,47.94488478646199,0.08851284021625361,-0.07554392863219596,1219.4569605189376,0.0009621053221875518,0,SBIN,5m,2026-02-18 06:05:00
1220.199951171875,1220.199951171875,1219.0999755859375,1219.699951171875,64380,-0.0004097689067433796,-0.000573642435416688,0.000961755082322771,0.55,0.4,0,1218.5139758700827,1218.1530768157802,50.724458204334354,0.18142238237669517,-0.024150666430417737,1219.4600437034965,0.000961755082322771,0,SBIN,5m,2026-02-18 06:10:00
1219.699951171875,1220.0,1219.199951171875,1219.300048828125,56913,-0.00032786944310836397,-0.0013104886181858344,0.0009582125045328133,0.5,0.4,0,1218.5888399613248,1218.1980561103821,52.63186878745881,0.22024622550929962,0.024728711957525733,1219.4605564574945,0.0009582125045328133,0,SBIN,5m,2026-02-18 06:15:00
1219.4000244140625,1220.0,1219.0999755859375,1219.5,57241,0.00016398848836862712,-0.00016393472155418198,0.0009344177891263781,0.5,0.4,0,1218.6756171078653,1218.2491127335045,68.57176073940592,0.26410435876277916,0.07260384131857642,1219.4614837033575,0.0009344177891263781,0,SBIN,5m,2026-02-18 06:20:00
1219.4000244140625,1219.4000244140625,1217.4000244140625,1217.699951171875,98425,-0.0014760547996105489,-0.0016397475445321108,0.0009903859347448157,0.45,0.4,0,1218.5826965425329,1218.2275769859898,50.961312737687216,0.15186276908229956,0.08845562687132105,1219.4337221410285,0.0009903859347448157,0,SBIN,5m,2026-02-18 06:25:00
1217.699951171875,1218.300048828125,1216.9000244140625,1217.0,80952,-0.0005748141577910371,-0.0021318265316366825,0.0009965084164018554,0.45,0.45,0,1218.4319635384823,1218.1794367120294,42.000024414360524,0.006357011102636534,0.07203590371758416,1219.3984808074872,0.0009965084164018554,0,SBIN,5m,2026-02-18 06:30:00
1217.0,1219.5999755859375,1217.0,1219.0999755859375,85953,0.0017255345817071,-0.0013925894283993712,0.001051486087270586,0.45,0.45,0,1218.495583733478,1218.215536275712,56.75684592543715,0.05980374875889538,0.0695894727258464,1219.3834522905067,0.001051486087270586,0,SBIN,5m,2026-02-18 06:35:00
1219.0,1219.0999755859375,1218.300048828125,1218.9000244140625,44054,-0.00016401540142674254,-0.0004919849003177656,0.0010255603580231415,0.4,0.45,0,1218.5341018935337,1218.2423789478041,56.2502043619004,0.08504592838266944,0.072680763857211,1219.3777934766601,0.0010255603580231415,0,SBIN,5m,2026-02-18 06:40:00
1218.800048828125,1219.0,1217.5999755859375,1217.9000244140625,69054,-0.0008204118303145602,-0.0005743896158691975,0.0010287393123268149,0.4,0.45,0,1218.4737135621556,1218.2289532798143,57.79865831942749,0.024081300698981067,0.06296087122556503,1219.360622524075,0.0010287393123268149,0,SBIN,5m,2026-02-18 06:45:00
1217.699951171875,1218.699951171875,1217.699951171875,1218.699951171875,50883,0.0006568082287357058,0.002550160947842439,0.0008635381967292286,0.4,0.4,0,1218.4952600011766,1218.2474237853853,58.55841984867148,0.039854381619079504,0.05833957330426792,1219.3503455901857,0.0008635381967292286,0,SBIN,5m,2026-02-18 06:50:00
1218.800048828125,1218.9000244140625,1218.0,1218.699951171875,50456,0.0,0.0009855861781313813,0.0007947942518319032,0.45,0.4,0,1218.514754398386,1218.2651699574046,57.79818568708702,0.051758027563664655,0.05702326415614727,1219.3420543718498,0.0007947942518319032,0,SBIN,5m,2026-02-18 06:55:00
1218.699951171875,1219.699951171875,1218.5999755859375,1219.5,72351,0.0006564772792152507,0.0007385724865369703,0.000782653822637144,0.45,0.4,0,1218.6085873128254,1218.3135946649575,58.928804987574665,0.12431596976307446,0.07048180527753271,1219.3409727284927,0.000782653822637144,0,SBIN,5m,2026-02-18 07:00:00
1219.5,1220.5999755859375,1219.0999755859375,1220.4000244140625,80003,0.0007380273998052189,0.0022996459299184924,0.0007702432579746247,0.45,0.4,0,1218.779200370086,1218.3954154394323,58.55887560624223,0.25154347352213335,0.10669413892645285,1219.351782040106,0.0007702432579746247,0,SBIN,5m,2026-02-18 07:05:00
1220.4000244140625,1220.5999755859375,1219.5999755859375,1220.300048828125,70841,-8.192034082066257e-05,0.0022998347664271446,0.0007702407200065603,0.45,0.35,0,1218.9240430803754,1218.4701069448713,52.0410069881289,0.3403812890021527,0.15343156894159282,1219.362893792338,0.0007702407200065603,0,SBIN,5m,2026-02-18 07:10:00
1220.300048828125,1220.5999755859375,1219.0,1219.5,141559,-0.0006556164845632484,0.0027134097686365433,0.0007419163326207443,0.45,0.35,0,1218.9788961203396,1218.5104949078175,46.60211434531147,0.34228301810026096,0.19120185877332646,1219.3718354917553,0.0007419163326207443,0,SBIN,5m,2026-02-18 07:15:00
1219.5,1220.300048828125,1218.800048828125,1219.9000244140625,148433,0.00032802329976422406,0.0025476458428177473,0.0007386343268173715,0.45,0.35,0,1219.0666226245037,1218.5649862610037,50.9807676197087,0.3717830950897678,0.22731810603661476,1219.3798149933946,0.0007386343268173715,0,SBIN,5m,2026-02-18 07:20:00
1219.699951171875,1219.800048828125,1218.5,1218.9000244140625,60830,-0.0008197393064897085,0.0015612361660333196,0.0007682343105011777,0.4,0.4,0,1219.0507561282711,1218.578125012104,48.148022560555205,0.31088676686113104,0.24403183820151803,1219.3763805511114,0.0007682343105011777,0,SBIN,5m,2026-02-18 07:25:00
1218.9000244140625,1219.199951171875,1218.199951171875,1218.5,51894,-0.0003281847617114808,0.000821355236139576,0.0007691692842336416,0.35,0.45,0,1218.9983031636739,1218.575061286139,45.45454545454546,0.22772231978410673,0.24076993451803577,1219.3694919675333,0.0007691692842336416,0,SBIN,5m,2026-02-18 07:30:00
1218.4000244140625,1218.800048828125,1218.0999755859375,1218.300048828125,50177,-0.00016409616075097055,-0.00016409616075097055,0.0007478395745120905,0.3,0.5,0,1218.9318027507645,1218.5642764838642,53.19204197184561,0.14401934246848214,0.22141981610812506,1219.3608792575724,0.0007478395745120905,0,SBIN,5m,2026-02-18 07:35:00
1218.0999755859375,1218.9000244140625,1218.0,1218.4000244140625,46615,8.206154636014595e-05,-0.0012296089597345627,0.0006973163918418459,0.3,0.55,0,1218.8811571948881,1218.5578352262248,57.95475037800497,0.08477410108571348,0.19409067310364275,1219.3532867420315,0.0006973163918418459,0,SBIN,5m,2026-02-18 07:40:00
1218.4000244140625,1219.300048828125,1218.300048828125,1218.9000244140625,61270,0.00041037425310341824,-0.0010653391327904993,0.0007020842320882022,0.3,0.55,0,1218.8829540729048,1218.5712544100616,48.61144077854261,0.07727684243968724,0.17072790697085166,1219.3477524404907,0.0007020842320882022,0,SBIN,5m,2026-02-18 07:45:00
1218.5,1218.800048828125,1218.300048828125,1218.699951171875,57257,-0.00016414245481999323,-0.0008198737722659999,0.0006976503601128308,0.3,0.5,0,1218.8655252251876,1218.5763013418975,48.61061661834766,0.0545620154352946,0.14749472866374028,1219.3403876112554,0.0006976503601128308,0,SBIN,5m,2026-02-18 07:50:00
1218.699951171875,1219.5999755859375,1218.0999755859375,1218.300048828125,69417,-0.0003281384752378269,-0.0008201426719871563,0.0006976561895103105,0.35,0.55,0,1218.8116703302294,1218.565467909985,53.03049919544269,0.004242667535208966,0.11884431643803402,1219.3324374438107,0.0006976561895103105,0,SBIN,5m,2026-02-18 07:55:00
1218.300048828125,1218.300048828125,1217.0999755859375,1217.800048828125,95027,-0.00041040792904911694,-0.0013939739006765262,0.0007005991192787913,0.35,0.55,0,1218.715325425267,1218.5354514754024,42.85797326099593,-0.07511571235863812,0.08005231067869958,1219.3070167133721,0.0007005991192787913,0,SBIN,5m,2026-02-18 08:00:00
1217.5999755859375,1217.800048828125,1216.4000244140625,1216.9000244140625,91722,-0.0007390576268481164,-0.000656916145100217,0.0006394369858994636,0.35,0.55,0,1218.5424396146761,1218.47131708084,37.50063577641015,-0.20823188106260204,0.022395472330439266,1219.2726565762634,0.0006394369858994636,0,SBIN,5m,2026-02-18 08:05:00
1216.9000244140625,1217.0,1216.0999755859375,1216.199951171875,93949,-0.0005752923232330565,-0.0006573942712613245,0.0006394583322061428,0.35,0.55,0,1218.3193454772666,1218.3822439079393,26.76053916511931,-0.36599846126364355,-0.055283314388377296,1219.229375576399,0.0006394583322061428,0,SBIN,5m,2026-02-18 08:10:00
1216.4000244140625,1217.0,1216.0,1216.699951171875,127519,0.0004111166091711471,-0.0019686854746338023,0.0005020206058233644,0.3,0.6,0,1218.1651174481817,1218.3162716437798,22.387814965292336,-0.44554779377153864,-0.13333621026500958,1219.175400419108,0.0005020206058233644,0,SBIN,5m,2026-02-18 08:15:00
1216.9000244140625,1216.9000244140625,1214.4000244140625,1214.5,150058,-0.0018081295801450903,-0.0036098320829697217,0.0006312961295094349,0.3,0.65,0,1217.8160586435931,1218.1666139322592,17.045359966708276,-0.6782899820254897,-0.24232696461710562,1219.0843360896781,0.0006312961295094349,0,SBIN,5m,2026-02-18 08:20:00
1214.5,1216.199951171875,1214.300048828125,1215.5999755859375,119243,0.000905702417404175,-0.001888536646701855,0.0006567032665142474,0.3,0.65,0,1217.6050031142927,1218.0659614480896,28.571236937770806,-0.765160709761858,-0.34689371364605615,1219.0167600559687,0.0006567032665142474,0,SBIN,5m,2026-02-18 08:25:00
1215.5999755859375,1215.9000244140625,1215.0,1215.5999755859375,76163,0.0,-0.0025436741693118936,0.0006331655916629222,0.3,0.65,0,1217.4140481115924,1217.969256120162,25.286937000140313,-0.8245020410679444,-0.44241537913043383,1218.9763990714507,0.0006331655916629222,0,SBIN,5m,2026-02-18 08:30:00
1215.4000244140625,1216.800048828125,1215.199951171875,1216.4000244140625,63430,0.0006581514019357027,-0.001887196890096643,0.0006567841868411643,0.3,0.65,0,1217.3174744261134,1217.9077176218836,35.294117647058826,-0.7977769435108257,-0.5134876920065122,1218.9494822334098,0.0006567841868411643,0,SBIN,5m,2026-02-18 08:35:00
1216.699951171875,1217.800048828125,1215.4000244140625,1217.800048828125,161453,0.0011509572393644252,-0.0013939739006765262,0.0006947418176389557,0.3,0.65,0,1217.3634338929717,1217.903495316246,46.316046463815795,-0.6560641423825473,-0.5420029820817193,1218.9036091130474,0.0006947418176389557,0,SBIN,5m,2026-02-18 08:40:00
1218.0,1218.5999755859375,1217.4000244140625,1218.300048828125,115450,0.00041057643287256695,-0.001720727256577792,0.0006783749603876475,0.3,0.65,0,1217.4526353153672,1217.9190464343592,50.0,-0.497673040160862,-0.5331369936975479,1218.890311152197,0.0006783749603876475,0,SBIN,5m,2026-02-18 08:45:00
1218.300048828125,1220.5999755859375,1218.300048828125,1220.300048828125,186420,0.0016416317161964677,0.0,0.0007806689634812842,0.35,0.65,0,1217.7238175546775,1218.012419077252,58.11971162373366,-0.20836180007086114,-0.46818195497221055,1218.9122516676985,0.0007806689634812842,0,SBIN,5m,2026-02-18 08:50:00
1220.300048828125,1221.300048828125,1219.800048828125,1220.0,146318,-0.0002458811899689328,0.00041000410004099486,0.0007678209010397639,0.4,0.6,0,1217.9405968351844,1218.0903634271635,54.78245178273838,-0.003254475177755012,-0.37519645901331944,1218.9413666617932,0.0007678209010397639,0,SBIN,5m,2026-02-18 08:55:00
1220.0,1222.5,1220.0,1220.699951171875,185891,0.0005737304687500888,0.0006557314056918617,0.0007749284788915177,0.45,0.55,0,1218.2033924862976,1218.192700201466,58.33333333333333,0.21331579564503045,-0.25749400808164946,1218.9940762146118,0.0007749284788915177,0,SBIN,5m,2026-02-18 09:00:00
1221.0,1221.0,1219.5,1219.5,145341,-0.0009830025558066335,0.0004922270686029684,0.0007851769174839593,0.45,0.55,0,1218.326878916174,1218.2439668602321,54.687291384539094,0.2848398084120163,-0.14902724478291632,1219.0132111252879,0.0007851769174839593,0,SBIN,5m,2026-02-18 09:05:00
1219.5999755859375,1220.5,1219.300048828125,1219.9000244140625,104027,0.00032802329976422406,0.0011489736676755236,0.0007833544438935323,0.45,0.55,0,1218.4767022969254,1218.3089102937158,58.267572737146644,0.3695418821187104,-0.04531341940259098,1219.0251229538283,0.0007833544438935323,0,SBIN,5m,2026-02-18 09:10:00
1219.800048828125,1220.699951171875,1219.5,1220.300048828125,76579,0.0003279157357625184,0.0016416317161964677,0.0007837477447028366,0.5,0.5,0,1218.6503543475158,1218.3869941578102,63.93444263230041,0.46360338164754467,0.05646994080743615,1219.0363000549185,0.0007837477447028366,0,SBIN,5m,2026-02-18 09:15:00
1220.4000244140625,1220.5,1219.5,1219.9000244140625,68900,-0.0003278082422816242,0.0012311227593100327,0.0007890949784905761,0.45,0.45,0,1218.7693705443296,1218.4463286776634,65.5464943324614,0.5001042797960054,0.14519680860515,1219.0444245234305,0.0007890949784905761,0,SBIN,5m,2026-02-18 09:20:00
1220.0,1221.0,1219.800048828125,1220.4000244140625,104940,0.00040986965324485425,0.0012306177454717293,0.0007890832553453145,0.45,0.45,0,1218.9246709128756,1218.5229441967379,65.5464943324614,0.5628886953845722,0.22873518596103443,1219.0622176500792,0.0007890832553453145,0,SBIN,5m,2026-02-18 09:25:00
1220.699951171875,1221.0,1218.5,1219.0,214098,-0.0011471848459972955,0.0002462040207982241,0.0008332767536528325,0.45,0.5,0,1218.9318451116494,1218.541652267454,70.27009193683192,0.49398121934950723,0.281784392638729,1219.0736352184108,0.0008332767536528325,0,SBIN,5m,2026-02-18 09:30:00
1219.0999755859375,1219.800048828125,1218.5999755859375,1219.199951171875,277767,0.00016402885305577541,0.0007386541144898118,0.0008299439221706766,0.4,0.45,0,1218.957379022147,1218.567467910765,67.64681243193432,0.4503149858035158,0.31549051127168637,1219.0777707343177,0.0008299439221706766,0,SBIN,5m,2026-02-18 09:35:00
1218.699951171875,1219.4000244140625,1217.699951171875,1218.5,248244,-0.0005741069553047984,0.0005747669106670461,0.0008353804746780337,0.4,0.45,0,1218.9138191152758,1218.5648221103427,63.30283448870572,0.3551351938353946,0.32341944778442805,1219.062298138347,0.0008353804746780337,0,SBIN,5m,2026-02-18 09:40:00
1218.5,1218.9000244140625,1217.300048828125,1218.0999755859375,281791,-0.0003282925023081473,0.0009860721076513368,0.0008204173607609754,0.4,0.45,0,1218.8363102077199,1218.5465928348758,58.09500558035713,0.24460622756646444,0.30765680374083537,1219.0322255695269,0.0008204173607609754,0,SBIN,5m,2026-02-18 09:45:00
1218.0999755859375,1220.0,1217.199951171875,1220.0,281267,0.0015598263296479065,0.0031245263778076904,0.0008721106773181376,0.45,0.45,0,1218.9471378069845,1218.6035891942925,59.99977805397727,0.3067908228927081,0.30748360757120996,1219.03326690711,0.0008721106773181376,0,SBIN,5m,2026-02-18 09:50:00
1220.0,1221.0,1219.300048828125,1220.0,166958,0.0,0.002712294699236617,0.000870633683316075,0.5,0.4,0,1219.0474103967954,1218.6583504023595,58.09500558035713,0.35201475572216623,0.31638983720140124,1219.0520835314412,0.000870633683316075,0,SBIN,5m,2026-02-18 09:55:00
1221.5,1222.300048828125,1220.5,1220.5,179477,-0.0011457765660769503,0.00403095139229559,0.0008462762048131737,0.55,0.3,0,1219.4315557391778,1218.8527111528808,52.17391304347826,0.5605917764860351,0.4002084826080879,1221.1000162760417,0.0008462762048131737,0,SBIN,5m,2026-02-19 03:50:00
1220.300048828125,1220.800048828125,1219.300048828125,1220.300048828125,147003,-0.00016382726085617527,0.0038664637517140665,0.0008491173614653596,0.55,0.35,0,1219.5142693666967,1218.9094694930866,48.18226207386363,0.5583001902216438,0.4318268241307991,1220.6647733369764,0.0008491173614653596,0,SBIN,5m,2026-02-19 03:55:00
1220.199951171875,1220.800048828125,1220.0999755859375,1220.5,86637,0.00016385410462538275,0.003370581637329728,0.0008420395226014403,0.5,0.35,0,1219.6081484746303,1218.9718432384557,55.0,0.5660929133807713,0.45868004198079354,1220.6232290225523,0.0008420395226014403,0,SBIN,5m,2026-02-19 04:00:00
1220.5,1222.5999755859375,1220.5,1221.199951171875,128310,0.0005734954296394701,0.002791839552824582,0.0008160823634098732,0.5,0.35,0,1219.7597487315106,1219.0592200201584,56.31036893940292,0.621583682690698,0.49126077012277447,1220.815205690779,0.0008160823634098732,0,SBIN,5m,2026-02-19 04:05:00
1221.199951171875,1221.9000244140625,1220.5,1220.5,77783,-0.0005731667211444913,0.0018057548089167597,0.0008284507283972363,0.45,0.35,0,1219.830248852319,1219.1157211958384,50.943178939125225,0.6021392212005594,0.5134364603383315,1220.8342327124471,0.0008284507283972363,0,SBIN,5m,2026-02-19 04:10:00
1220.5,1220.5,1219.0999755859375,1219.5,78062,-0.0008193363375665896,-0.0006556164845632484,0.0007663802330390995,0.4,0.4,0,1219.7987965806697,1219.1307909528643,48.21414947301878,0.5002708913013976,0.5108033465309447,1220.7072505458475,0.0007663802330390995,0,SBIN,5m,2026-02-19 04:15:00
1219.800048828125,1219.9000244140625,1218.800048828125,1219.0,101679,-0.00041000410004099486,-0.0008196721311475308,0.0007696568473695831,0.35,0.45,0,1219.722720715844,1219.1256618958892,43.749795638099606,0.374872389058055,0.48361715503636676,1220.5196746546428,0.0007696568473695831,0,SBIN,5m,2026-02-19 04:20:00
1219.0,1219.0,1216.0999755859375,1217.0999755859375,126475,-0.0015586746628896142,-0.0029491076676799732,0.0008257165443320449,0.3,0.5,0,1219.4729354653766,1219.0462232170676,41.88011894204184,0.12078475012094714,0.4110506740532829,1220.0933165120596,0.0008257165443320449,0,SBIN,5m,2026-02-19 04:25:00
1216.699951171875,1217.199951171875,1216.5,1216.5999755859375,71397,-0.0004108125955382125,-0.0023780437999691983,0.0008048884379592962,0.3,0.45,0,1219.1993202387634,1218.9502919374156,39.166658189475406,-0.11954926614157557,0.3049306860143112,1219.8550449612403,0.0008048884379592962,0,SBIN,5m,2026-02-19 04:30:00
1216.800048828125,1217.300048828125,1216.5,1216.699951171875,77868,8.217621892470106e-05,-0.0026232258202671943,0.0007995661914597874,0.35,0.4,0,1218.961285089536,1218.8620432799435,42.10498136805585,-0.2985075026128925,0.1842430482888705,1219.6361032923867,0.0007995661914597874,0,SBIN,5m,2026-02-19 04:35:00
1216.5,1216.800048828125,1215.5,1215.9000244140625,100904,-0.0006574560614077685,-0.0036056905990358157,0.0008001571600198752,0.3,0.45,0,1218.6697364537767,1218.7458856773599,40.67801870396425,-0.4991269733759509,0.04756904395590622,1219.3297325015913,0.0008001571600198752,0,SBIN,5m,2026-02-19 04:40:00
1215.5999755859375,1216.5,1214.0,1215.800048828125,119680,-8.222352490339091e-05,-0.003360911143441281,0.0007996584113937787,0.3,0.5,0,1218.3964328703814,1218.6303626636643,28.99973143875583,-0.6585946741527096,-0.09366369966581695,1218.9697169801457,0.0007996584113937787,0,SBIN,5m,2026-02-19 04:45:00
1215.699951171875,1216.199951171875,1215.5,1216.0,38764,0.00016446057233476807,-0.0036053952196329897,0.0007921721661247575,0.25,0.5,0,1218.1682011684404,1218.527211186658,30.39159366173584,-0.7600778827127215,-0.22694653627519784,1218.8805178338368,0.0007921721661247575,0,SBIN,5m,2026-02-19 04:50:00
1215.699951171875,1216.0,1214.5999755859375,1214.699951171875,76436,-0.0010691191020765212,-0.0035275215981337427,0.000787334728320947,0.25,0.5,0,1217.837891644958,1218.3771225586272,12.498569448506515,-0.9346332616601103,-0.36848388135218035,1218.6756439245082,0.000787334728320947,0,SBIN,5m,2026-02-19 04:55:00
1214.699951171875,1215.0,1214.0999755859375,1214.0999755859375,54442,-0.0004939290442538269,-0.004183051009012506,0.0007861076686571227,0.25,0.55,0,1217.4818996393371,1218.2093913047963,13.634913368568533,-1.1086033829431017,-0.5165077816703646,1218.5167438007206,0.0007861076686571227,0,SBIN,5m,2026-02-19 05:00:00
1214.0999755859375,1214.4000244140625,1212.199951171875,1212.199951171875,108097,-0.0015649653671605535,-0.005170331414136253,0.0008397067942728798,0.25,0.55,0,1216.9788569281502,1217.9737269858583,11.427209524030971,-1.3838400023578288,-0.6899742258078574,1218.1330520087974,0.0008397067942728798,0,SBIN,5m,2026-02-19 05:05:00
1212.300048828125,1212.800048828125,1211.300048828125,1211.699951171875,99306,-0.0004124732058573555,-0.0052541043775852225,0.000840284140036354,0.25,0.55,0,1216.476103998981,1217.7276965617807,9.258296410163652,-1.62359701184414,-0.876698783015114,1217.7649001918744,0.000840284140036354,0,SBIN,5m,2026-02-19 05:10:00
1211.800048828125,1212.0,1210.0999755859375,1211.300048828125,95137,-0.00033003413375010116,-0.007131107517930335,0.0007225170020416725,0.2,0.55,0,1215.9831463636613,1217.4756319447747,2.856511730648492,-1.8248393343126281,-1.0663268932746168,1217.407942935209,0.0007225170020416725,0,SBIN,5m,2026-02-19 05:15:00
1211.300048828125,1214.0,1211.0,1213.199951171875,90553,0.001568482016976791,-0.005573810514856503,0.0008390861060205775,0.2,0.55,0,1215.7180801549198,1217.307958188975,18.802428947038948,-1.8101527694027482,-1.215092068500243,1217.1801177904986,0.0008390861060205775,0,SBIN,5m,2026-02-19 05:20:00
1213.199951171875,1214.300048828125,1213.0,1214.199951171875,54126,0.0008242664360760266,-0.006301721162400242,0.0007676029427646565,0.2,0.55,0,1215.573496442249,1217.1860755608534,27.349651517048542,-1.6982456000923776,-1.31172277481867,1217.085381822174,0.0007676029427646565,0,SBIN,5m,2026-02-19 05:25:00
1214.300048828125,1214.5,1213.199951171875,1213.300048828125,53956,-0.0007411483939540053,-0.005899181623822192,0.0007496984431705208,0.25,0.55,0,1215.3569776218565,1217.0336823556484,26.44572235673931,-1.66300289828132,-1.3819787995112,1216.9915610879814,0.0007496984431705208,0,SBIN,5m,2026-02-19 05:30:00
1213.199951171875,1213.300048828125,1212.0,1212.4000244140625,66443,-0.0007417987124717085,-0.006473837661195692,0.0007554721233707783,0.25,0.55,0,1215.0753630306378,1216.8519702795077,28.828303712827733,-1.6882363142433405,-1.4432303024576283,1216.8469133264953,0.0007554721233707783,0,SBIN,5m,2026-02-19 05:35:00
1212.800048828125,1213.699951171875,1212.4000244140625,1213.0999755859375,41612,0.0005773269199769171,-0.006063108901321224,0.000774943552092398,0.3,0.55,0,1214.8872308930472,1216.704833232701,34.51267203940972,-1.6329303635880024,-1.4811703146837032,1216.771072847837,0.000774943552092398,0,SBIN,5m,2026-02-19 05:40:00
1213.0,1213.4000244140625,1212.699951171875,1213.0,38648,-8.241331130953711e-05,-0.006714667130477858,0.0007493202725616528,0.25,0.55,0,1214.707494617519,1216.5595456549481,33.627897932286146,-1.578965857951971,-1.500729423337357,1216.7027006341225,0.0007493202725616528,0,SBIN,5m,2026-02-19 05:45:00
1212.9000244140625,1212.9000244140625,1211.300048828125,1211.300048828125,46346,-0.00140144367013606,-0.007537854298955371,0.0007851201202819315,0.25,0.6,0,1214.38297597091,1216.3532908774255,31.146999669798575,-1.6543007021991798,-1.5314436791097215,1216.598180451745,0.0007851201202819315,0,SBIN,5m,2026-02-19 05:50:00
1211.300048828125,1212.0,1211.0,1211.4000244140625,56113,8.253577305983306e-05,-0.0066420464009327995,0.0007843343095279609,0.25,0.6,0,1214.0988853464482,1216.1590451337643,31.96649956473449,-1.6864960382472418,-1.5624541509372256,1216.4681979863603,0.0007843343095279609,0,SBIN,5m,2026-02-19 05:55:00
1211.5,1212.4000244140625,1211.0,1212.0,44749,0.0004952745367721167,-0.005742411812961423,0.0008054847949144062,0.3,0.55,0,1213.8989915039292,1215.995945324597,34.126492016741594,-1.6446396760079551,-1.5788912559513717,1216.37576588449,0.0008054847949144062,0,SBIN,5m,2026-02-19 06:00:00
1212.0,1212.199951171875,1211.199951171875,1211.5,37129,-0.0004125412541253759,-0.004601081010819685,0.0007490908262488839,0.3,0.5,0,1213.6705161226025,1215.8196337432403,36.44037988040802,-1.6329899372046839,-1.5897109922020343,1216.2991124806724,0.0007490908262488839,0,SBIN,5m,2026-02-19 06:05:00
1211.4000244140625,1211.800048828125,1211.0,1211.4000244140625,389982,-8.252215100079674e-05,-0.004274166756719322,0.0007485235864859193,0.3,0.55,0,1213.4542788170272,1215.6463157303313,38.0528487781691,-1.6132283374513463,-1.594414461251897,1215.588105741698,0.0007485235864859193,0,SBIN,5m,2026-02-19 06:10:00
1211.5999755859375,1211.5999755859375,1211.0,1211.300048828125,47645,-8.252896146820898e-05,-0.004438154483814238,0.0007459967528522666,0.25,0.55,0,1213.2491140561792,1215.475873891029,45.26342842456952,-1.5873364945007324,-1.5929988679016642,1215.513398460242,0.0007459967528522666,0,SBIN,5m,2026-02-19 06:15:00
1211.0999755859375,1211.9000244140625,1211.0,1211.5,55244,0.00016507154611966612,-0.003618738650969955,0.0007434015663592604,0.3,0.5,0,1213.0825317651145,1215.3199572678516,48.91324540219208,-1.533011036945254,-1.5810013017103823,1215.433270517144,0.0007434015663592604,0,SBIN,5m,2026-02-19 06:20:00
1211.5,1212.0,1211.300048828125,1211.699951171875,42711,0.00016504430200159348,-0.0033723453623825117,0.0007471770676457469,0.35,0.45,0,1212.9508574229012,1215.17799624448,52.22180022787695,-1.4570276244437537,-1.5562065662570568,1215.3764785441251,0.0007471770676457469,0,SBIN,5m,2026-02-19 06:25:00
1211.699951171875,1212.0,1211.0999755859375,1211.199951171875,71084,-0.00041264341020763595,-0.0039474085757607025,0.0007447764397443951,0.35,0.5,0,1212.784104446613,1215.021994476927,36.8414289385762,-1.4207781972766043,-1.5291208924609663,1215.27995107575,0.0007447764397443951,0,SBIN,5m,2026-02-19 06:30:00
1211.5,1211.9000244140625,1210.0,1210.0,109054,-0.0009907126983567105,-0.003869228089900534,0.0007401387725510092,0.35,0.5,0,1212.5189516421735,1214.8250535170475,23.075719159858522,-1.471909045004395,-1.517678522969652,1215.1117611468064,0.0007401387725510092,0,SBIN,5m,2026-02-19 06:35:00
1210.199951171875,1210.199951171875,1207.199951171875,1207.300048828125,144732,-0.0022313646048554014,-0.005600796387901119,0.0008681438997300737,0.35,0.5,0,1212.021913278931,1214.5299552939525,18.74872838250255,-1.7105756540006496,-1.5562579491758517,1214.7964786491868,0.0008681438997300737,0,SBIN,5m,2026-02-19 06:40:00
1207.5,1209.199951171875,1206.5999755859375,1208.5999755859375,169060,0.0010767221943495109,-0.0029697869418797707,0.0008633687086183107,0.35,0.5,0,1211.6960144510267,1214.2974070701086,30.998828067776742,-1.7743735618043956,-1.5998810717015606,1214.4578560462412,0.0008633687086183107,0,SBIN,5m,2026-02-19 06:45:00
1209.0,1210.800048828125,1208.5999755859375,1210.4000244140625,111811,0.0014893669241158314,-0.0010728124207278755,0.0009345472308027612,0.4,0.45,0,1211.5725868284587,1214.1445685345775,37.837629773007215,-1.6605432575631767,-1.612013508873884,1214.3107290403002,0.0009345472308027612,0,SBIN,5m,2026-02-19 06:50:00
1210.4000244140625,1210.800048828125,1209.699951171875,1210.0,67836,-0.000330489429935521,-0.0010732673786174596,0.000934554333333895,0.4,0.4,0,1211.4228166543198,1213.9820364351824,36.84171074893453,-1.5843471803470948,-1.6064802431685261,1214.2305541160918,0.000934554333333895,0,SBIN,5m,2026-02-19 06:55:00
1209.800048828125,1210.199951171875,1208.800048828125,1209.4000244140625,88739,-0.0004958475916838623,-0.003132152086011919,0.0008567731009886649,0.35,0.45,0,1211.2301697742953,1213.8023496892563,40.776296296296294,-1.5544554608327417,-1.5960752867013694,1214.1129634739511,0.0008567731009886649,0,SBIN,5m,2026-02-19 07:00:00
1209.0999755859375,1210.0,1209.0,1209.300048828125,73384,-8.26654406477223e-05,-0.004035498715858843,0.0008255645360495823,0.3,0.45,0,1211.046348731803,1213.6257888711727,39.80562962962963,-1.5212966907370173,-1.581119567508499,1214.019351143435,0.0008255645360495823,0,SBIN,5m,2026-02-19 07:05:00
1209.4000244140625,1209.699951171875,1208.699951171875,1209.4000244140625,59724,8.267227478775396e-05,-0.003214394013936972,0.0008177548554111624,0.25,0.5,0,1210.8895559396371,1213.4600726179528,36.734388818993764,-1.4700056225162825,-1.5588967785100558,1213.943213729585,0.0008177548554111624,0,SBIN,5m,2026-02-19 07:10:00
1209.199951171875,1211.5999755859375,1209.199951171875,1211.0,109883,0.0013229498541746931,-0.0011547545248022928,0.0008692375215825059,0.3,0.45,0,1210.9000744215764,1213.3635991819547,47.70635009519543,-1.2854347317554584,-1.5042043691591365,1213.8474964219054,0.0008692375215825059,0,SBIN,5m,2026-02-19 07:15:00
1211.0,1212.9000244140625,1210.800048828125,1211.800048828125,110563,0.0006606513857350116,-0.001071574300530842,0.0008726329675695555,0.3,0.45,0,1210.985786269819,1213.3022834818046,51.7242830833991,-1.0623575207191607,-1.4158349994711414,1213.791099644037,0.0008726329675695555,0,SBIN,5m,2026-02-19 07:20:00
1211.9000244140625,1212.300048828125,1210.9000244140625,1211.300048828125,49265,-0.00041260932484987745,-0.00140144367013606,0.0008763296249597762,0.3,0.45,0,1211.0157160372767,1213.223764475778,50.0,-0.9153613295002287,-1.315740265476959,1213.7628672072028,0.0008763296249597762,0,SBIN,5m,2026-02-19 07:25:00
1211.199951171875,1211.9000244140625,1211.0,1211.300048828125,64659,0.0,0.0,0.000818354723287939,0.3,0.4,0,1211.0427953506908,1213.1483246464581,49.152735247868904,-0.789761905274645,-1.2105445934364962,1213.7252601299583,0.000818354723287939,0,SBIN,5m,2026-02-19 07:30:00
1211.0999755859375,1213.699951171875,1211.0999755859375,1213.699951171875,111859,0.001981261658555944,0.001898569185620591,0.0009308033847766633,0.35,0.35,0,1211.2958578098512,1213.1699570592198,57.142981706572726,-0.4909124610919662,-1.0666181669675903,1213.7013584004033,0.0009308033847766633,0,SBIN,5m,2026-02-19 07:35:00
1213.800048828125,1213.800048828125,1213.0,1213.0999755859375,116690,-0.0004943360056645085,0.000907570615459985,0.0009347146579947243,0.35,0.35,0,1211.4676785504307,1213.1672126877186,56.73780355828752,-0.2990380149713019,-0.9131021365683326,1213.6904441752795,0.0009347146579947243,0,SBIN,5m,2026-02-19 07:40:00
1213.0,1213.0,1211.199951171875,1211.9000244140625,39730,-0.000989160989221416,0.00033018936365047935,0.0009581932380397149,0.35,0.4,0,1211.508854346967,1213.1175190299282,56.73780355828752,-0.24102379294663479,-0.7786864678439931,1213.675242010621,0.0009581932380397149,0,SBIN,5m,2026-02-19 07:45:00
1211.9000244140625,1212.0,1211.0,1211.0999755859375,41910,-0.0006601607492431327,-0.0002476876523674898,0.0009699822074739769,0.35,0.4,0,1211.4699135125832,1213.0383996791836,65.57368847620097,-0.25664590394080733,-0.674278355063356,1213.6531154526342,0.0009699822074739769,0,SBIN,5m,2026-02-19 07:50:00
1211.0,1211.5,1210.300048828125,1211.199951171875,78169,8.254940793728238e-05,-8.263654933959863e-05,0.0009700522701940612,0.35,0.45,0,1211.444202813468,1212.9663036592892,61.81820199531689,-0.2579854495290874,-0.5910197739565023,1213.6065197155763,0.0009700522701940612,0,SBIN,5m,2026-02-19 07:55:00
1211.5,1211.5,1209.5999755859375,1210.0,118595,-0.0009907126983567105,-0.0012381345439538283,0.0009936106326025307,0.3,0.5,0,1211.306659688376,1212.8499780255918,48.07676506837256,-0.3518175465408149,-0.5431793284733648,1213.522432919023,0.0009936106326025307,0,SBIN,5m,2026-02-19 08:00:00
1210.199951171875,1211.300048828125,1209.800048828125,1210.699951171875,123355,0.0005784720428718693,-0.0008252868204152719,0.0010028290028788447,0.25,0.5,0,1211.2488779248995,1212.7656632470146,53.27088942636791,-0.36548684477315874,-0.5076408317333236,1213.44561450019,0.0010028290028788447,0,SBIN,5m,2026-02-19 08:05:00
1210.5999755859375,1211.4000244140625,1210.4000244140625,1210.4000244140625,42759,-0.00024773004865674686,-0.0006604415373684391,0.0010002854281358766,0.3,0.45,0,1211.168034733391,1212.6728930967026,54.807850318097515,-0.39595709791706213,-0.4853040849700713,1213.4211246786808,0.0010002854281358766,0,SBIN,5m,2026-02-19 08:10:00
1210.300048828125,1210.800048828125,1209.5999755859375,1209.699951171875,40288,-0.0005783817151907567,-0.0002479742381198413,0.0009836080041520005,0.3,0.45,0,1211.0282172513419,1212.5563071388663,51.81777827100211,-0.47116377029374235,-0.48247602203480555,1213.3925460394723,0.0009836080041520005,0,SBIN,5m,2026-02-19 08:15:00
1209.699951171875,1211.199951171875,1209.5,1210.699951171875,196664,0.0008266512692103323,0.002816120439198322,0.0008489011481717607,0.35,0.45,0,1210.996953815202,1212.483508865651,55.46197798590523,-0.444944909388596,-0.4749697995055637,1213.2768258950075,0.0008489011481717607,0,SBIN,5m,2026-02-19 08:20:00
1210.699951171875,1211.0,1210.0,1210.5,38843,-0.00016515336577116457,0.0015720870862514502,0.0008218391495139305,0.35,0.4,0,1210.9496248804207,1212.405724204253,47.61899225707443,-0.43528299037461693,-0.46703243767937436,1213.2553027889028,0.0008218391495139305,0,SBIN,5m,2026-02-19 08:25:00
1210.9000244140625,1211.5999755859375,1209.5999755859375,1210.0999755859375,102772,-0.0003304621347067771,-0.00024789228525523566,0.0007555207788366543,0.35,0.45,0,1210.8687058999938,1212.3153026898094,41.58357204152919,-0.454663400355912,-0.4645586302146819,1213.1985929920356,0.0007555207788366543,0,SBIN,5m,2026-02-19 08:30:00
1210.0999755859375,1210.5,1209.9000244140625,1210.0,51578,-8.261762495209712e-05,0.0,0.000752048522225159,0.35,0.45,0,1210.785972004756,1212.2245065058953,43.2985149760886,-0.4726413933749427,-0.4661751828467341,1213.167987472779,0.000752048522225159,0,SBIN,5m,2026-02-19 08:35:00
1210.199951171875,1210.800048828125,1209.5,1210.4000244140625,60304,0.0003305986893078483,0.0008268562756847952,0.0007460350910233265,0.4,0.45,0,1210.7492150913567,1212.1529581885686,45.5443151189915,-0.44942970936631355,-0.46282608815065,1213.1341242699007,0.0007460350910233265,0,SBIN,5m,2026-02-19 08:40:00
1210.800048828125,1213.199951171875,1210.5,1213.199951171875,211430,0.0023132243071193326,0.003224925317359517,0.000901246606259843,0.45,0.45,0,1210.9826185275965,1212.1940167369337,47.61899225707443,-0.2027662302821227,-0.41081411657694455,1213.1016889101031,0.000901246606259843,0,SBIN,5m,2026-02-19 08:45:00
1213.199951171875,1213.800048828125,1212.0,1212.0,243705,-0.0009890794759066512,0.0021498061298594884,0.0009373143143856333,0.5,0.4,0,1211.0795120011587,1212.1864082374461,45.04503513730493,-0.10292324208603532,-0.34923594167876276,1213.0801686306525,0.0009373143143856333,0,SBIN,5m,2026-02-19 08:50:00
1212.300048828125,1212.300048828125,1210.0999755859375,1210.0999755859375,66958,-0.0015676769092924925,-0.0007432076086395512,0.0009626017034124495,0.45,0.45,0,1210.9862228187567,1212.1045873491519,42.37254820822643,-0.17509466337241975,-0.3144076860174942,1213.0539959556986,0.0009626017034124495,0,SBIN,5m,2026-02-19 08:55:00
1210.199951171875,1211.9000244140625,1210.199951171875,1211.0999755859375,65551,0.0008263780019628353,-0.000577713495608867,0.0009696087465691485,0.4,0.45,0,1210.997056415631,1212.065190809418,50.0,-0.14987176365798405,-0.2815005015455922,1213.0315879872462,0.0009696087465691485,0,SBIN,5m,2026-02-19 09:00:00
1211.199951171875,1212.5,1211.199951171875,1211.699951171875,80655,0.0004953972405516982,0.0003301430922395543,0.0009719294462644052,0.45,0.45,0,1211.0639987733684,1212.0508676863772,52.00003906326295,-0.08054099191349451,-0.24130859961917267,1213.014735101071,0.0009719294462644052,0,SBIN,5m,2026-02-19 09:05:00
1211.800048828125,1211.800048828125,1209.800048828125,1209.800048828125,90358,-0.001567964364373009,-0.0012383389247372367,0.0010345871360186326,0.45,0.5,0,1210.943622588107,1211.9626002801713,49.24259238708245,-0.17686332646508163,-0.22841954498835448,1212.9762645534204,0.0010345871360186326,0,SBIN,5m,2026-02-19 09:10:00
1209.699951171875,1209.699951171875,1208.0,1209.5,210835,-0.0002480152223630627,-0.0034604526166618355,0.0009162484640751772,0.4,0.55,0,1210.806134722573,1211.8660277201648,45.31261921110857,-0.2742495255627091,-0.2375855411032254,1212.8432193797798,0.0009162484640751772,0,SBIN,5m,2026-02-19 09:15:00
1209.699951171875,1210.9000244140625,1209.0999755859375,1210.0999755859375,114836,0.0004960525720856257,-0.002473003099807136,0.0009246867046346766,0.4,0.55,0,1210.7388814714648,1211.7967707737246,48.8547626591125,-0.2995626031793108,-0.24998095351844252,1212.7920848299848,0.0009246867046346766,0,SBIN,5m,2026-02-19 09:20:00
1210.0999755859375,1210.5999755859375,1209.5,1209.9000244140625,82747,-0.00016523524990419425,-0.0016503011467196016,0.0009021644380529977,0.4,0.5,0,1210.6589903231406,1211.7223885635417,50.79395835957254,-0.33193148849068166,-0.2663710605128904,1212.7559463870439,0.0009021644380529977,0,SBIN,5m,2026-02-19 09:25:00
1210.0999755859375,1210.300048828125,1207.4000244140625,1209.0,528370,-0.0007438832927525452,-0.0017339407383948346,0.0009051766211234296,0.4,0.5,0,1210.5009912447463,1211.6156282277166,43.20006250122073,-0.42530585060035264,-0.2981580185303828,1212.4615936285668,0.0009051766211234296,0,SBIN,5m,2026-02-19 09:30:00
1209.0,1210.199951171875,1207.800048828125,1209.199951171875,495094,0.00016538558467749098,-0.0016512550203332532,0.0009061792308955128,0.4,0.45,0,1210.3770826663776,1211.520895794154,44.799703119201546,-0.4776650909568616,-0.3340594330156786,1212.2349635807338,0.0009061792308955128,0,SBIN,5m,2026-02-19 09:35:00
1209.199951171875,1209.5,1206.0,1206.5,348690,-0.0022328409534406735,-0.002892561983471098,0.0010085079853040595,0.4,0.45,0,1210.0078366981513,1211.3239979198736,37.837659499006094,-0.7286245312611754,-0.412972452664778,1212.0148613572821,0.0010085079853040595,0,SBIN,5m,2026-02-19 09:40:00
1206.800048828125,1206.9000244140625,1203.699951171875,1203.699951171875,301832,-0.002320803007148764,-0.005781779369218976,0.0011030794114393631,0.4,0.5,0,1209.407085695649,1211.025015694462,31.999609369550356,-1.1403074803954496,-0.5584394582109123,1211.7436674292644,0.0011030794114393631,0,SBIN,5m,2026-02-19 09:45:00
1203.699951171875,1203.699951171875,1199.699951171875,1202.4000244140625,584662,-0.0010799425193520618,-0.00660938519385168,0.0011170366168928789,0.35,0.55,0,1208.7397465259742,1210.6867807422893,28.26046573343065,-1.553554005492515,-0.757462367667233,1211.0807095518355,0.0011170366168928789,0,SBIN,5m,2026-02-19 09:50:00
1202.0,1203.9000244140625,1200.5999755859375,1203.0,328140,0.0004989816814331416,-0.0055385231398782375,0.0011303726852314427,0.4,0.5,0,1208.193103999691,1210.3853383602388,18.518099888476954,-1.8117570310580504,-0.9683213003453965,1210.7671561594223,0.0011303726852314427,0,SBIN,5m,2026-02-19 09:55:00
1209.5999755859375,1211.300048828125,1207.199951171875,1207.5,191064,-0.0017360909625682153,-0.0024783147459727095,0.0017458827189944267,0.4,0.45,0,1208.2483211250658,1210.2425970820284,44.03666642401573,-1.3475372147579492,-1.1239390377487977,1208.6666666666667,0.0017458827189944267,0,SBIN,5m,2026-02-20 03:50:00
1207.9000244140625,1207.9000244140625,1201.800048828125,1201.800048828125,183860,-0.004720456457039335,-0.006858876890559085,0.002026759833256708,0.35,0.45,0,1207.6341999539284,1209.911516758346,32.4527258907801,-1.6933501630035153,-1.2378212627997414,1206.2964551427735,0.002026759833256708,0,SBIN,5m,2026-02-20 03:55:00
1201.9000244140625,1206.9000244140625,1201.9000244140625,1206.9000244140625,122194,0.00424361406118301,-0.0025619632941632497,0.002271947014368319,0.35,0.45,0,1207.5642784739412,1209.7934190193546,42.25809119153846,-1.5381531365342198,-1.297887637546637,1206.035140679948,0.002271947014368319,0,SBIN,5m,2026-02-20 04:00:00
1206.9000244140625,1207.4000244140625,1205.300048828125,1205.9000244140625,92609,-0.000828569044470373,-0.003717779171541591,0.0022744752068329503,0.35,0.4,0,1207.405778087286,1209.6407368779705,43.52149632771913,-1.4788032937271964,-1.334070768782749,1206.0610348163648,0.0022744752068329503,0,SBIN,5m,2026-02-20 04:05:00
1205.9000244140625,1206.0,1204.699951171875,1205.9000244140625,81239,0.0,-0.00601708461227779,0.002198358056578801,0.3,0.45,0,1207.2623729755505,1209.4940422715426,43.95970817511132,-1.4154516699470605,-1.3503469490156115,1205.9971409649556,0.002198358056578801,0,SBIN,5m,2026-02-20 04:10:00
1205.9000244140625,1209.800048828125,1205.9000244140625,1209.300048828125,119366,0.002819491123001283,-0.002227682485045346,0.002298163257086659,0.3,0.45,0,1207.4564373424623,1209.4864346855263,48.7731083626342,-1.0784596847245211,-1.2959694961573933,1206.3499886229763,0.002298163257086659,0,SBIN,5m,2026-02-20 04:15:00
1209.4000244140625,1209.699951171875,1208.699951171875,1209.4000244140625,79012,8.267227478775396e-05,-0.0005784242508856119,0.0022725169890308967,0.3,0.4,0,1207.641540873091,1209.4830460474298,49.23076345224949,-0.7941692258034436,-1.1956094420866035,1206.6150742928423,0.0022725169890308967,0,SBIN,5m,2026-02-20 04:20:00
1209.5999755859375,1210.0,1208.9000244140625,1209.5999755859375,54423,0.0001653308812954446,-0.0012385434978431364,0.0022642520975657333,0.35,0.4,0,1207.8280584647905,1209.4876315195283,50.94336725488766,-0.5464336533846108,-1.065774284346205,1206.7850374023285,0.0022642520975657333,0,SBIN,5m,2026-02-20 04:25:00
1210.0,1210.300048828125,1208.300048828125,1208.699951171875,77695,-0.000744067817649019,-0.0024758604612459267,0.0022652262152643896,0.35,0.45,0,1207.9110958654653,1209.4567420941303,49.23076345224949,-0.4179084869031158,-0.9362011248575872,1206.9646371111473,0.0022652262152643896,0,SBIN,5m,2026-02-20 04:30:00
1208.699951171875,1209.199951171875,1206.5999755859375,1206.9000244140625,63923,-0.0014891427405679947,-0.0023971105116681324,0.0022626442820038407,0.35,0.45,0,1207.8148033462842,1209.3564786556965,50.63295540146409,-0.4560335424266668,-0.8401676083714033,1207.0007578514094,0.0022626442820038407,0,SBIN,5m,2026-02-20 04:35:00
1206.9000244140625,1207.300048828125,1205.9000244140625,1206.300048828125,70893,-0.0004971211979457602,-0.0026456810019636068,0.0022640853604302767,0.35,0.45,0,1207.6705410112215,1209.2366186624586,54.42198619842054,-0.5285679370292655,-0.7778476741029757,1206.9695178364514,0.0022640853604302767,0,SBIN,5m,2026-02-20 04:40:00
1206.699951171875,1209.800048828125,1206.5,1209.0999755859375,70040,0.0023210864996088265,-0.0008263780019628353,0.0023265626274228263,0.35,0.45,0,1207.8066776373848,1209.2312601104381,60.84146485995339,-0.3560173317555382,-0.6934816056334883,1207.0564442306984,0.0023265626274228263,0,SBIN,5m,2026-02-20 04:45:00
1209.0999755859375,1209.5,1207.5,1208.0,50827,-0.0009097474221719803,-0.0015703978640571048,0.0023346348552907826,0.35,0.45,0,1207.8250892909673,1209.1829754002251,57.96187010644336,-0.30451827371825857,-0.6156889392504423,1207.1080694946256,0.0023346348552907826,0,SBIN,5m,2026-02-20 04:50:00
1208.0,1208.9000244140625,1207.699951171875,1208.0,35108,0.0,-0.0008271298593879317,0.002329353943407379,0.35,0.4,0,1207.8417474537323,1209.1365842080595,46.77420148750486,-0.2606997151565338,-0.5446910944316606,1207.137734901069,0.002329353943407379,0,SBIN,5m,2026-02-20 04:55:00
1208.699951171875,1209.300048828125,1208.4000244140625,1208.5999755859375,45733,0.0004966685314051755,-0.0004961756617307689,0.002332058634253643,0.4,0.4,0,1207.9139596567995,1209.1155407326821,52.36049478443556,-0.17553669842914132,-0.4708602152311568,1207.1934131225066,0.002332058634253643,0,SBIN,5m,2026-02-20 05:00:00
1208.699951171875,1211.0,1208.699951171875,1209.300048828125,188424,0.0005792431377869001,0.002320803007148875,0.002275857858487619,0.45,0.35,0,1208.0459681493066,1209.122776344268,70.49202198623192,-0.05096682043745204,-0.38688153627241584,1207.4987179395641,0.002275857858487619,0,SBIN,5m,2026-02-20 05:05:00
1209.4000244140625,1210.5,1208.800048828125,1210.0,114970,0.0005788068664622781,0.00523390303537985,0.0022035031670002824,0.45,0.3,0,1208.2320664208012,1209.1571772719437,61.151167590258815,0.10304804150541713,-0.28889562071684927,1207.657576909706,0.0022035031670002824,0,SBIN,5m,2026-02-20 05:10:00
1210.300048828125,1210.9000244140625,1207.5999755859375,1207.800048828125,253486,-0.0018181414643595462,0.0044910381773271,0.0022331712701455764,0.5,0.3,0,1208.1909218881653,1209.1039565486567,56.291583466050106,0.047045939100144096,-0.22170730875345063,1207.805947745365,0.0022331712701455764,0,SBIN,5m,2026-02-20 05:15:00
1207.9000244140625,1208.199951171875,1206.699951171875,1208.0999755859375,111036,0.0002483248432583185,0.004239381201943004,0.002232264410862451,0.45,0.35,0,1208.1822603355722,1209.0645847461972,57.14285714285714,0.026559293233731296,-0.17205398835601424,1207.7982356378338,0.002232264410862451,0,SBIN,5m,2026-02-20 05:20:00
1208.199951171875,1208.5999755859375,1206.9000244140625,1207.699951171875,95720,-0.0003311186343402106,-0.0015707874110547637,0.0018564865774493605,0.45,0.35,0,1208.1363261295057,1209.011069704067,43.54781547185414,-0.021704947164835175,-0.14198418011777844,1207.7952788708562,0.0018564865774493605,0,SBIN,5m,2026-02-20 05:25:00
1208.0,1208.0,1205.5,1206.300048828125,344849,-0.0011591474706872384,-0.0009937483825052107,0.0018336916721940287,0.45,0.4,0,1207.9614425769932,1208.9047551599126,38.68587772995804,-0.1709445823387341,-0.14777626056196957,1207.6267973680876,0.0018336916721940287,0,SBIN,5m,2026-02-20 05:30:00
1206.300048828125,1206.800048828125,1205.199951171875,1205.5999755859375,147637,-0.0005803475203931541,0.003161862708790597,0.001477578722408136,0.45,0.4,0,1207.7365409587976,1208.7751559609333,35.915202365805854,-0.3417684345458838,-0.18657469535875243,1207.5266235827871,0.001477578722408136,0,SBIN,5m,2026-02-20 05:35:00
1205.5999755859375,1205.9000244140625,1203.0999755859375,1203.5999755859375,147821,-0.0016589250501833908,-0.002734318304224992,0.0011778446382108856,0.45,0.45,0,1207.3425823518587,1208.5722077109335,33.333067379423156,-0.631254148559492,-0.2755105859989003,1207.3472804898036,0.0011778446382108856,0,SBIN,5m,2026-02-20 05:40:00
1203.9000244140625,1204.5999755859375,1203.5999755859375,1204.4000244140625,262078,0.000664713230602576,-0.0012438842106573533,0.0011789767979670995,0.4,0.45,0,1207.0623387387354,1208.4085926796836,41.25862186710374,-0.787043856741775,-0.3778172401474753,1207.0727021985401,0.0011789767979670995,0,SBIN,5m,2026-02-20 05:45:00
1204.4000244140625,1204.699951171875,1203.199951171875,1203.199951171875,76120,-0.0009964075206418954,-0.0022390523157169717,0.001197150701839031,0.45,0.45,0,1206.6944923037966,1208.2043322283969,39.5969195477634,-0.9958644980647477,-0.5014266917309298,1206.9893505029283,0.001197150701839031,0,SBIN,5m,2026-02-20 05:50:00
1203.0999755859375,1205.300048828125,1203.0999755859375,1205.199951171875,122761,0.0016622341100098748,-0.003390471752831914,0.0010691595071754803,0.45,0.5,0,1206.5521550531373,1208.0865133634354,36.17010224488559,-0.9885773709183923,-0.5988568275684223,1206.895215421468,0.0010691595071754803,0,SBIN,5m,2026-02-20 05:55:00
1205.0999755859375,1205.9000244140625,1204.300048828125,1205.800048828125,151381,0.0004979237309681306,-0.0029766624055441726,0.001078302194740856,0.5,0.5,0,1206.4805258888505,1207.996848087541,41.91200229777762,-0.9237312061779903,-0.6638317032903359,1206.8247281967776,0.001078302194740856,0,SBIN,5m,2026-02-20 06:00:00
1205.800048828125,1206.5,1205.0,1205.800048828125,120212,0.0,-0.003141473904190395,0.0010764017857082103,0.5,0.5,0,1206.4157185497338,1207.9106990969758,41.91200229777762,-0.8623989551001614,-0.7035451536523011,1206.788121366554,0.0010764017857082103,0,SBIN,5m,2026-02-20 06:05:00
1206.0,1206.0999755859375,1204.5999755859375,1204.699951171875,117900,-0.0009123383742761781,-0.0033093407475708325,0.0010818777125472243,0.45,0.5,0,1206.252312132795,1207.7847874136385,36.17034170497537,-0.8922757913057922,-0.7412912811829994,1206.7338110506362,0.0010818777125472243,0,SBIN,5m,2026-02-20 06:10:00
1204.800048828125,1205.5,1203.4000244140625,1203.800048828125,97186,-0.0007469929278860477,-0.0025685438091216373,0.0010462163860523654,0.45,0.5,0,1206.018763246636,1207.628523155383,30.76929643351032,-0.9773022654262604,-0.7884934780316516,1206.6679472095054,0.0010462163860523654,0,SBIN,5m,2026-02-20 06:15:00
1204.0999755859375,1204.800048828125,1203.0,1203.9000244140625,61969,8.304999325670082e-05,-0.0019895749953703357,0.0010434846015432114,0.45,0.5,0,1205.8169785959146,1207.4823075184684,27.73743439869554,-1.0248058406834843,-0.8357559505620181,1206.6222258282603,0.0010434846015432114,0,SBIN,5m,2026-02-20 06:20:00
1203.5999755859375,1207.800048828125,1203.5,1207.5,120433,0.0029902612450645183,-0.0013232781558548679,0.0011321322090058904,0.45,0.5,0,1205.9772663486847,1207.4830013412734,49.00646725949879,-0.7631675028676455,-0.8212382610231437,1206.6111670888088,0.0011321322090058904,0,SBIN,5m,2026-02-20 06:25:00
1207.4000244140625,1208.300048828125,1207.0,1208.0,73021,0.00041407867494824835,0.0,0.0011188014396988119,0.5,0.5,0,1206.1699076488098,1207.5032757984782,49.67328604823718,-0.5095970957145255,-0.7589100279614202,1206.63255546322,0.0011188014396988119,0,SBIN,5m,2026-02-20 06:30:00
1208.0,1208.0999755859375,1207.0999755859375,1207.4000244140625,58347,-0.0004966685314051755,-0.0004966685314051755,0.0011243138849753764,0.5,0.5,0,1206.287061626453,1207.4992267245796,49.032501949171895,-0.3529847482961941,-0.677724972028375,1206.645683813783,0.0011243138849753764,0,SBIN,5m,2026-02-20 06:35:00
1207.4000244140625,1207.9000244140625,1207.0999755859375,1207.5,33041,8.280237196944817e-05,-0.0009101237863290423,0.0011180128362083264,0.45,0.5,0,1206.4025795667908,1207.4992570491058,54.22512206863352,-0.21828488806977475,-0.5858369552366549,1206.6526770788114,0.0011180128362083264,0,SBIN,5m,2026-02-20 06:40:00
1207.5,1212.199951171875,1207.199951171875,1212.199951171875,417893,0.003892299107142838,0.002398000683585755,0.001420016338119514,0.45,0.5,0,1206.9547101958462,1207.683597995097,68.13172809282672,0.2646616473350605,-0.41573723472231183,1207.0167498258982,0.001420016338119514,0,SBIN,5m,2026-02-20 06:45:00
1212.5999755859375,1217.300048828125,1211.699951171875,1214.300048828125,485924,0.001732468025773981,0.0035537593620866836,0.00146240289389267,0.5,0.5,0,1207.6542662560635,1207.9430666552157,79.23489977654003,0.8075516331523431,-0.17107946114738085,1207.7462562184971,0.00146240289389267,0,SBIN,5m,2026-02-20 06:50:00
1214.5,1214.800048828125,1212.5999755859375,1213.300048828125,144502,-0.0008235196901829056,0.00455373387783542,0.0014067883754521084,0.45,0.45,0,1208.1919598343552,1208.1531443874867,74.05396132046215,1.1439178427453953,0.09191999963117439,1207.911667152219,0.0014067883754521084,0,SBIN,5m,2026-02-20 06:55:00
1213.5999755859375,1214.9000244140625,1213.199951171875,1214.5,173587,0.0009889978765218466,0.005297595019781776,0.0014170594602196439,0.5,0.4,0,1208.7927255644167,1208.4020406860168,80.54067250844594,1.4901391221744689,0.3715638241398333,1208.1192579596752,0.0014170594602196439,0,SBIN,5m,2026-02-20 07:00:00
1214.5999755859375,1216.5,1214.5,1215.699951171875,203625,0.0009880207261219187,0.0066241618973630345,0.0014185434392887887,0.5,0.4,0,1209.4505565746508,1208.6882332540897,79.66109877377619,1.8401360685186319,0.6652782730155931,1208.3969036113606,0.0014185434392887887,0,SBIN,5m,2026-02-20 07:05:00
1215.699951171875,1216.0,1213.699951171875,1213.9000244140625,83319,-0.0014805682570583345,0.00630023649034972,0.0014380029868394269,0.5,0.4,0,1209.8743154164997,1208.8926172211475,71.42875596633662,1.949796087754521,0.9221818359633787,1208.4891055027804,0.0014380029868394269,0,SBIN,5m,2026-02-20 07:10:00
1213.9000244140625,1214.0,1212.4000244140625,1212.5,70067,-0.0011533276101038936,0.005723311673682563,0.001462283445846825,0.5,0.4,0,1210.1243806149282,1209.034083212475,66.50250156347718,1.9018092995638654,1.1181073286834762,1208.5449760934218,0.001462283445846825,0,SBIN,5m,2026-02-20 07:15:00
1212.699951171875,1213.199951171875,1212.199951171875,1212.9000244140625,38125,0.0003299170425257181,0.007726860266507929,0.001388808540275486,0.5,0.4,0,1210.388727643417,1209.185688749792,70.91884081439453,1.8744505521083283,1.2693759733684467,1208.5734457670562,0.001388808540275486,0,SBIN,5m,2026-02-20 07:20:00
1213.0,1213.300048828125,1210.9000244140625,1211.300048828125,62938,-0.0013191322893331137,0.005729013844398834,0.0014378236580057453,0.55,0.45,0,1210.4755201371986,1209.2686048312953,68.47308413912542,1.7040209960828179,1.356304977911321,1208.6093380895106,0.0014378236580057453,0,SBIN,5m,2026-02-20 07:25:00
1211.5999755859375,1212.0999755859375,1211.0,1211.9000244140625,33276,0.000495315414638986,0.00723077925137372,0.0014061037764438863,0.5,0.4,0,1210.6111872111856,1209.3717977561096,69.23094980985023,1.598935823760712,1.4048311470811992,1208.6270323750484,0.0014061037764438863,0,SBIN,5m,2026-02-20 07:30:00
1211.800048828125,1211.9000244140625,1208.5,1208.5,67857,-0.0028055320947009132,0.00273817537489629,0.0015373122662595733,0.45,0.4,0,1210.4101217625011,1209.3376096088114,52.42720172558872,1.2271556263892762,1.3692960429428145,1208.6387702731126,0.0015373122662595733,0,SBIN,5m,2026-02-20 07:35:00
1208.5999755859375,1208.5999755859375,1204.5999755859375,1206.199951171875,626196,-0.00190322617139016,0.00033164896961035417,0.0016001862876630195,0.4,0.45,0,1210.0091531348226,1209.214564179912,45.98201634877385,0.7384104868729082,1.2431189317288331,1208.4276825877662,0.0016001862876630195,0,SBIN,5m,2026-02-20 07:40:00
1206.199951171875,1207.300048828125,1205.4000244140625,1206.9000244140625,68424,0.0005803956810870314,0.0009122371383269989,0.0016051018428626437,0.35,0.45,0,1209.7130456376074,1209.1237979145847,48.88888888888889,0.40292186996884993,1.0750795193768365,1208.407778638641,0.0016051018428626437,0,SBIN,5m,2026-02-20 07:45:00
1206.5,1208.0999755859375,1205.5999755859375,1207.800048828125,86167,0.0007457323687598549,0.002573335919233921,0.0015957465984282894,0.4,0.4,0,1209.5308554652756,1209.071886185704,50.64388025608517,0.20727978012655512,0.9015195715267803,1208.3915709409223,0.0015957465984282894,0,SBIN,5m,2026-02-20 07:50:00
1207.9000244140625,1210.0,1207.300048828125,1209.699951171875,58452,0.0015730272122387312,0.0049010650477157025,0.0016128942461871164,0.45,0.35,0,1209.5469598182851,1209.0965161851616,43.90243902439024,0.20319593909471223,0.7618548450403668,1208.3969134882934,0.0016128942461871164,0,SBIN,5m,2026-02-20 07:55:00
1209.699951171875,1211.0,1209.0,1210.5,89910,0.0006613613791999207,0.005482162515238587,0.0016150069850798276,0.5,0.3,0,1209.637725549877,1209.1515547661356,40.104014343298196,0.2615022842437611,0.6617843328810457,1208.4204983406446,0.0016150069850798276,0,SBIN,5m,2026-02-20 08:00:00
1210.800048828125,1211.800048828125,1210.300048828125,1211.300048828125,48822,0.0006609242694135542,0.0031470383669771618,0.0014878456204021858,0.5,0.3,0,1209.7960420525671,1209.2358094352335,44.73684210526315,0.3680253696186355,0.6030325402285636,1208.4399890557572,0.0014878456204021858,0,SBIN,5m,2026-02-20 08:05:00
1211.0999755859375,1211.0999755859375,1208.4000244140625,1209.699951171875,55445,-0.0013209754740768354,0.0014072443475785512,0.0015223227174729166,0.45,0.35,0,1209.7868905401203,1209.2540110719644,37.628833545171965,0.3196464882071268,0.5463553298242763,1208.4504560743642,0.0015223227174729166,0,SBIN,5m,2026-02-20 08:10:00
1209.699951171875,1210.5,1209.199951171875,1210.5,44789,0.0006613613791999207,0.00256748014183783,0.0015216010874861531,0.45,0.35,0,1209.8548057267756,1209.3028733828678,36.316093800192746,0.3419216701061032,0.5054685978806417,1208.4609535973455,0.0015216010874861531,0,SBIN,5m,2026-02-20 08:15:00
1210.4000244140625,1210.800048828125,1210.0,1210.0,43719,-0.00041305245766209975,0.0020703933747412417,0.0015264309076298164,0.5,0.35,0,1209.868633752797,1209.330211681579,38.983179426348784,0.3155911525614101,0.4674931088167954,1208.4723298705976,0.0015264309076298164,0,SBIN,5m,2026-02-20 08:20:00
1210.0,1212.5,1209.9000244140625,1212.300048828125,48021,0.0019008668001032625,8.257520234455917e-05,0.001316917320331786,0.5,0.4,0,1210.1001970933044,1209.4466758834044,49.462506726869414,0.4748450279246299,0.46896349263836234,1208.4935957998557,0.001316917320331786,0,SBIN,5m,2026-02-20 08:25:00
1212.5,1212.5,1210.0,1211.199951171875,186875,-0.0009074466814659177,-0.0025529914614116356,0.0012659687225963113,0.45,0.4,0,1210.2049355769777,1209.5154317770698,45.59575988716646,0.506448165355323,0.47646042718175446,1208.5649595043262,0.0012659687225963113,0,SBIN,5m,2026-02-20 08:30:00
1211.300048828125,1212.0,1209.699951171875,1211.699951171875,80383,0.00041281375508339657,-0.0013187979822431029,0.0012603424537367118,0.45,0.45,0,1210.347318014587,1209.6010992043173,51.0986062857986,0.5653230090363195,0.4942329435526675,1208.593417076329,0.0012603424537367118,0,SBIN,5m,2026-02-20 08:35:00
1211.699951171875,1212.0999755859375,1210.800048828125,1211.199951171875,46483,-0.00041264341020763595,-0.0027172077629683544,0.0012373970743776261,0.45,0.45,0,1210.4285211724239,1209.6637992814763,48.06614557691919,0.5651215559767024,0.5084106660374745,1208.611072939545,0.0012373970743776261,0,SBIN,5m,2026-02-20 08:40:00
1211.199951171875,1212.0,1210.9000244140625,1211.9000244140625,37564,0.0005779997278816396,-0.0031257110392655107,0.00122109556407615,0.4,0.45,0,1210.5686643382942,1209.751494384715,61.03867280696887,0.6143698892130942,0.5296025106725986,1208.6263721124537,0.00122109556407615,0,SBIN,5m,2026-02-20 08:45:00
1212.0,1212.300048828125,1211.699951171875,1212.0,37192,8.249491205836179e-05,-0.001565223145109984,0.0011812138709393323,0.45,0.4,0,1210.7049820203613,1209.8396710755105,71.96915052987849,0.6539286598381295,0.5544677405057048,1208.6433831086754,0.0011812138709393323,0,SBIN,5m,2026-02-20 08:50:00
1211.800048828125,1212.300048828125,1210.9000244140625,1210.9000244140625,44516,-0.000907570615459985,-0.0013195674935566615,0.00117066618806644,0.45,0.4,0,1210.723557486428,1209.8812535593754,64.70551277218303,0.5897224799984997,0.5615186884042638,1208.6597205486275,0.00117066618806644,0,SBIN,5m,2026-02-20 08:55:00
1210.9000244140625,1211.9000244140625,1210.4000244140625,1211.9000244140625,34273,0.000825832009115679,-0.0008244702612509869,0.0011846478095615992,0.45,0.4,0,1210.8356019557264,1209.9604210438729,64.96306790337958,0.6124700886143728,0.5717089684462856,1208.672319064626,0.0011846478095615992,0,SBIN,5m,2026-02-20 09:00:00
1211.699951171875,1213.300048828125,1211.699951171875,1213.199951171875,77686,0.0010726353095347196,0.001568482016976791,0.0011694107406417754,0.45,0.35,0,1211.06077807155,1210.0874614410495,63.35843008628562,0.7270104340091166,0.6027692615588518,1208.7142024424327,0.0011694107406417754,0,SBIN,5m,2026-02-20 09:05:00
1213.199951171875,1213.800048828125,1212.5,1213.5999755859375,48690,0.0003297266981225899,0.001402715684156286,0.0011668916804888486,0.5,0.35,0,1211.3026064062537,1210.2252070937902,62.20432329562384,0.8403757811352079,0.6502905654741231,1208.7436550203204,0.0011668916804888486,0,SBIN,5m,2026-02-20 09:10:00
1213.800048828125,1215.199951171875,1213.4000244140625,1214.699951171875,82739,0.000906374100251961,0.005130286447558863,0.0009626593232886706,0.55,0.3,0,1211.6261630505987,1210.4006872537152,63.07630190238314,1.0073651935040289,0.7217054910801043,1208.8050806839851,0.0009626593232886706,0,SBIN,5m,2026-02-20 09:15:00
1215.0,1215.0,1212.5999755859375,1213.800048828125,55938,-0.000740843319275486,0.006300860523884344,0.0008544206402412117,0.55,0.3,0,1211.8331997913156,1210.533995550751,66.66699747920843,1.0549303274137856,0.7883504583468406,1208.841274258529,0.0008544206402412117,0,SBIN,5m,2026-02-20 09:20:00
1213.5999755859375,1215.199951171875,1213.5999755859375,1215.0999755859375,96277,0.001070956257636979,0.006794225707184021,0.0008693675692318428,0.6,0.3,0,1212.1443212955653,1210.7130535913464,67.96875745062323,1.1838723209591535,0.8674548308693032,1208.9126196049428,0.0008693675692318428,0,SBIN,5m,2026-02-20 09:25:00
1215.199951171875,1216.800048828125,1214.800048828125,1215.300048828125,303588,0.00016465578652580248,0.00620963710613931,0.0008647560313817464,0.6,0.3,0,1212.4448667748568,1210.8929357574946,71.2001953125,1.2873640865495872,0.95143668200536,1209.1639044972542,0.0008647560313817464,0,SBIN,5m,2026-02-20 09:30:00
1215.4000244140625,1216.199951171875,1214.0999755859375,1216.199951171875,252884,0.0007404775015171783,0.005373233249867715,0.0008196131305856633,0.55,0.35,0,1212.802493860287,1211.1010540090388,67.56735950731331,1.4255636444306674,1.0462620744904214,1209.3552789125727,0.0008196131305856633,0,SBIN,5m,2026-02-20 09:35:00
1216.0999755859375,1216.199951171875,1215.699951171875,1215.9000244140625,245960,-0.00024660974334322905,0.004460986711327886,0.0008218386793522621,0.5,0.35,0,1213.0974967701704,1211.289248926883,72.8165925925926,1.4936681305298407,1.1357432856983054,1209.5430070861642,0.0008218386793522621,0,SBIN,5m,2026-02-20 09:40:00
1216.0,1216.800048828125,1215.5999755859375,1216.4000244140625,335395,0.0004112180195414705,0.004210332188850696,0.000816714781717539,0.5,0.4,0,1213.412023212446,1211.4896714950075,72.8165925925926,1.5698905269832721,1.2225727339552988,1209.7948629872665,0.000816714781717539,0,SBIN,5m,2026-02-20 09:45:00
1216.4000244140625,1217.699951171875,1215.9000244140625,1217.5,314015,0.0009042877045875031,0.006447920263672691,0.0007455890270000303,0.55,0.35,0,1213.8013543350703,1211.7253706520662,78.90021278978608,1.6994657786158314,1.3179513428874055,1210.0401167321043,0.0007455890270000303,1,SBIN,5m,2026-02-20 09:50:00
1217.4000244140625,1218.0,1214.199951171875,1216.0999755859375,316807,-0.0011499173832135723,0.004626167357238753,0.0008094287727499958,0.6,0.4,0,1214.0202706446767,1211.8969237867277,68.1038474490655,1.6699348597860535,1.3883480462671351,1210.240415698541,0.0008094287727499958,1,SBIN,5m,2026-02-20 09:55:00
1221.0999755859375,1225.800048828125,1221.0,1225.199951171875,288418,0.0034397634495291207,0.01064084947964794,0.001301378895399909,0.6,0.35,1,1215.6864300497666,1212.7615951678067,86.66716747735397,2.6038988306331703,1.7323069384207854,1224.0,0.001301378895399909,1,SBIN,5m,2026-02-23 03:50:00
1225.5999755859375,1228.800048828125,1225.0999755859375,1228.5999755859375,240815,0.002775077170718454,0.014365938833821312,0.0013469836634637687,0.65,0.35,1,1216.9162915294019,1213.3827081253803,88.12833747672823,3.3039780050169156,2.046641151740012,1225.592592487619,0.0013469836634637687,1,SBIN,5m,2026-02-23 03:55:00
1228.699951171875,1228.800048828125,1225.0999755859375,1225.199951171875,179054,-0.0027673974292902193,0.011141372075606393,0.0015559491547737587,0.65,0.3,1,1217.7052114953517,1213.8461294213214,75.00025431573808,3.5435938948792227,2.346031700367854,1225.788275340629,0.0015559491547737587,1,SBIN,5m,2026-02-23 04:00:00
1225.199951171875,1227.0,1224.0,1225.5,126939,0.0002448978453173378,0.011806513709226252,0.0015412982760554137,0.6,0.35,1,1218.4475723053183,1214.3031439538186,74.89567744538708,3.7148798245661965,2.6198013252075225,1225.7444627875427,0.0015412982760554137,1,SBIN,5m,2026-02-23 04:05:00
1225.300048828125,1225.699951171875,1224.300048828125,1224.5999755859375,62338,-0.0007344140465626037,0.010479371991113817,0.0015694351058640167,0.6,0.35,1,1219.0335154749012,1214.7069412727253,70.8862780647853,3.7349465703550777,2.8428303742370336,1225.6834971495591,0.0015694351058640167,1,SBIN,5m,2026-02-23 04:10:00
1224.5999755859375,1227.4000244140625,1224.5999755859375,1227.4000244140625,124505,0.0022865008034851364,0.01270629077067853,0.0016136654896536336,0.6,0.35,1,1219.8303258500594,1215.2047092390524,76.5624776482369,3.931470604537253,3.0605584202970775,1225.778901211273,0.0016136654896536336,1,SBIN,5m,2026-02-23 04:15:00
1227.0999755859375,1227.4000244140625,1225.800048828125,1226.9000244140625,85801,-0.00040736515402850504,0.013213312145849754,0.0015922700509763729,0.6,0.3,1,1220.5036304752025,1215.6633490498373,73.7903741841486,4.000753302491603,3.248597396735983,1225.8502398973758,0.0015922700509763729,1,SBIN,5m,2026-02-23 04:20:00
1227.0,1229.9000244140625,1226.800048828125,1229.5,154243,0.002119142174749955,0.014522629945854515,0.0016253731232054548,0.65,0.25,1,1221.3604275728023,1216.2059628125887,76.10289827754889,4.21684744817162,3.442247407023111,1226.2025861187842,0.0016253731232054548,0,SBIN,5m,2026-02-23 04:25:00
1229.5,1231.0999755859375,1228.699951171875,1229.5999755859375,263517,8.131401865596466e-05,0.013517989675338349,0.0016292418991585426,0.65,0.25,1,1222.145146431196,1216.7312182154653,75.3788106478506,4.346071997105128,3.6230123250395145,1226.8239498411212,0.0016292418991585426,1,SBIN,5m,2026-02-23 04:30:00
1229.699951171875,1230.5,1229.199951171875,1229.199951171875,127814,-0.0003253289053392061,0.012854297873898357,0.001643028908063545,0.6,0.25,1,1222.817032596975,1217.2201881353244,75.09408583576322,4.365877636348841,3.7715853873013803,1227.0411173902257,0.001643028908063545,0,SBIN,5m,2026-02-23 04:35:00
1229.4000244140625,1229.5,1228.4000244140625,1229.5,84752,0.0002441009111975312,0.012184119060716814,0.001644053470225858,0.55,0.3,0,1223.4535056829773,1217.7017493849196,74.90473471926332,4.355576802827727,3.88838367040665,1227.1431313031126,0.001644053470225858,0,SBIN,5m,2026-02-23 04:40:00
1229.5999755859375,1230.800048828125,1229.199951171875,1230.0,126922,0.0004066693777957653,0.01334647431223579,0.0016142940082387448,0.6,0.25,1,1224.0769813322174,1218.184033722766,74.31888133145875,4.337756186219167,3.978258173569153,1227.3375423209388,0.0016142940082387448,0,SBIN,5m,2026-02-23 04:45:00
1230.0,1230.199951171875,1228.5,1230.0,116643,0.0,0.012262385576032653,0.0016178555851624776,0.55,0.3,0,1224.6410783481967,1218.647404949324,78.60067213551217,4.274361045728483,4.0374787480010195,1227.468743738553,0.0016178555851624776,0,SBIN,5m,2026-02-23 04:50:00
1230.0,1230.0,1228.4000244140625,1228.800048828125,62728,-0.0009755700584349603,0.011108367857812329,0.001654089644676306,0.5,0.35,0,1225.0371707748566,1219.045547846532,68.93206760055939,4.080259220570724,4.046034842514961,1227.5177711683314,0.001654089644676306,0,SBIN,5m,2026-02-23 04:55:00
1228.9000244140625,1229.0999755859375,1227.5,1228.0,134701,-0.0006510813772249158,0.009702392124547377,0.001674959965970241,0.5,0.35,0,1225.319344986775,1219.3967028329425,58.13958439788793,3.8178649015160318,4.000400854315175,1227.5599408780195,0.001674959965970241,0,SBIN,5m,2026-02-23 05:00:00
1228.0,1229.0999755859375,1227.5,1229.0,79341,0.0008143322475568926,0.010773892032982069,0.0016673788080511457,0.5,0.35,0,1225.669883559463,1219.773302721847,51.35141822620687,3.648548954661237,3.9300304743843877,1227.5941353544815,0.0016673788080511457,0,SBIN,5m,2026-02-23 05:05:00
1229.0,1229.5,1227.800048828125,1227.800048828125,94551,-0.0009763638501830707,0.009371937015172138,0.0017014210157996349,0.5,0.3,0,1225.8727564421927,1220.0880770789558,60.317767874442936,3.378592504472408,3.819742880401992,1227.6251783380794,0.0017014210157996349,0,SBIN,5m,2026-02-23 05:10:00
1227.9000244140625,1228.699951171875,1227.0999755859375,1227.5999755859375,127103,-0.00016295262602283866,0.008295667832392217,0.0017037485059880906,0.45,0.35,0,1226.0372535035017,1220.3826613341316,58.39982031425474,3.112625425836768,3.6783193894889474,1227.6341358231973,0.0017037485059880906,0,SBIN,5m,2026-02-23 05:15:00
1227.5999755859375,1229.0,1227.4000244140625,1228.0,185693,0.000325858929633549,0.00978539976396986,0.001663918594277177,0.45,0.3,0,1226.2241817412635,1220.681380497499,64.16662428157265,2.9006859251690003,3.522792696624958,1227.6689082300454,0.001663918594277177,0,SBIN,5m,2026-02-23 05:20:00
1227.9000244140625,1229.0,1227.5,1228.5999755859375,152672,0.0004885794673759047,0.006224386229269019,0.0014407339847520085,0.4,0.3,0,1226.4504478217086,1220.991913638222,56.122169353030564,2.7494415092774034,3.3681224591554475,1227.7067031719794,0.0014407339847520085,0,SBIN,5m,2026-02-23 05:25:00
1228.699951171875,1228.699951171875,1227.4000244140625,1227.5,126275,-0.0008953081619693659,0.0018772844595080773,0.0012600636685226067,0.35,0.35,0,1226.550405172022,1221.247132711233,52.884491237954386,2.511865165078916,3.1968710003401415,1227.7135621067762,0.0012600636685226067,0,SBIN,5m,2026-02-23 05:30:00
1227.5,1228.300048828125,1226.300048828125,1228.300048828125,202804,0.0006517709394093796,-0.00024412075840185565,0.0011018460772751787,0.3,0.4,0,1226.7170379011748,1221.5237176569935,43.02361891784477,2.3609261675651396,3.0296820337851416,1227.7083960552402,0.0011018460772751787,0,SBIN,5m,2026-02-23 05:35:00
1228.300048828125,1228.9000244140625,1227.0999755859375,1227.9000244140625,79066,-0.0003256732053736888,0.002203781708940644,0.0008965871716219273,0.35,0.4,0,1226.8297032833545,1221.7737689023688,40.44986970237278,2.1838531972509827,2.8605162664783097,1227.7147248429328,0.0008965871716219273,0,SBIN,5m,2026-02-23 05:40:00
1227.9000244140625,1228.0,1227.4000244140625,1227.800048828125,33785,-8.141997226951414e-05,0.0018768248291514134,0.0008969808962027647,0.35,0.35,0,1226.9221171447614,1222.0100936053398,41.861125305172315,2.012258336761761,2.690864680535,1227.714917916553,0.0008969808962027647,0,SBIN,5m,2026-02-23 05:45:00
1227.9000244140625,1228.0,1226.800048828125,1227.199951171875,42480,-0.0004887584560879787,0.0021231223565012503,0.0008866605447876903,0.35,0.4,0,1226.948577528296,1222.2136174314785,37.078590042518165,1.8070151619565422,2.5140947768193085,1227.7100102842792,0.0008866605447876903,0,SBIN,5m,2026-02-23 05:50:00
1227.0999755859375,1227.300048828125,1227.0,1227.199951171875,23144,0.0,-0.00016300573424132825,0.0007230909854858621,0.3,0.4,0,1226.9725178753035,1222.4091599311018,33.33333333333333,1.6256193393946887,2.3363996893343844,1227.7062295411977,0.0007230909854858621,0,SBIN,5m,2026-02-23 05:55:00
1227.199951171875,1227.199951171875,1225.5999755859375,1226.0,93074,-0.0009777959742657272,-0.0007335760014287596,0.0007504105562207093,0.3,0.45,0,1226.8798971252747,1222.5499771887057,29.16687859213671,1.3692519280712077,2.142970137081749,1227.6670423016628,0.0007504105562207093,0,SBIN,5m,2026-02-23 06:00:00
1225.800048828125,1226.199951171875,1224.800048828125,1225.0,426182,-0.0008156606851549286,-0.0036600244001626647,0.0005725884723427928,0.25,0.5,0,1226.7008593038202,1222.6460565146388,29.787289302132294,1.073018179278506,1.9289797455211006,1227.4083968808075,0.0005725884723427928,0,SBIN,5m,2026-02-23 06:05:00
1225.199951171875,1225.5,1224.5999755859375,1224.9000244140625,52187,-8.161272321427493e-05,-0.003822341627516157,0.0005697797486559196,0.2,0.55,0,1226.5293512190815,1222.7344474126553,32.184198341541446,0.8207228230353394,1.7073283610239485,1227.3761491598643,0.0005697797486559196,0,SBIN,5m,2026-02-23 06:10:00
1225.0,1225.5,1224.0,1224.199951171875,502155,-0.0005715350054975588,-0.004067686461615261,0.0005754590408174784,0.2,0.6,0,1226.307503595538,1222.7919181483112,21.42877902752346,0.5578562559689999,1.477433940012959,1227.0554902028562,0.0005754590408174784,0,SBIN,5m,2026-02-23 06:15:00
1224.199951171875,1225.300048828125,1224.0,1225.0999755859375,59860,0.0007351939633726268,-0.0035787103815067,0.000605273712022404,0.2,0.55,0,1226.192500927957,1222.8824302046887,33.33333333333333,0.41734614949223214,1.2654163819088138,1227.0252152215012,0.000605273712022404,0,SBIN,5m,2026-02-23 06:20:00
1225.0,1225.199951171875,1223.5999755859375,1223.800048828125,74731,-0.0010610781027815541,-0.005040610708841431,0.0006193338226505706,0.15,0.6,0,1225.9646483470208,1222.918415248745,29.34838855201879,0.19880594123628725,1.0520942937743085,1226.978651894676,0.0006193338226505706,0,SBIN,5m,2026-02-23 06:25:00
1223.9000244140625,1224.199951171875,1223.5999755859375,1224.0999755859375,58422,0.00024507823651398475,-0.004796767816310998,0.0006269691211973787,0.15,0.55,0,1225.787060465013,1222.964750948243,28.571236937770806,0.0492451668301328,0.8515244683854735,1226.940337280608,0.0006269691211973787,0,SBIN,5m,2026-02-23 06:30:00
1224.0999755859375,1225.199951171875,1224.0999755859375,1224.300048828125,53981,0.00016344518109456807,-0.0036621092294808477,0.0006081034977252936,0.2,0.5,0,1225.6454403091188,1223.0171155709836,25.28798529556201,-0.05253301792140519,0.6707129711240978,1226.9123748489412,0.0006081034977252936,0,SBIN,5m,2026-02-23 06:35:00
1224.4000244140625,1224.5,1223.5,1224.300048828125,43685,0.0,-0.003012989553644152,0.0005991013096959848,0.2,0.5,0,1225.5173077871195,1223.067426679107,28.947960167041444,-0.13167509408935985,0.5102353580814063,1226.8861812658918,0.0005991013096959848,0,SBIN,5m,2026-02-23 06:40:00
1224.300048828125,1224.300048828125,1223.199951171875,1223.199951171875,62377,-0.0008985523257170058,-0.004719323700671296,0.0005758672888950082,0.2,0.55,0,1225.296607157096,1223.072623718039,17.72149942828888,-0.27993750133987305,0.35220078619715045,1226.8426144826878,0.0005758672888950082,0,SBIN,5m,2026-02-23 06:45:00
1223.0999755859375,1224.0,1222.5999755859375,1223.0,81767,-0.0001634656473649132,-0.0039094711168210505,0.0005489450879221835,0.15,0.6,0,1225.077882665944,1223.0697757290964,18.1819623012413,-0.4088578568982939,0.19998905757806157,1226.781006294949,0.0005489450879221835,0,SBIN,5m,2026-02-23 06:50:00
1223.0999755859375,1223.0999755859375,1222.0999755859375,1222.4000244140625,79962,-0.0004905769304476282,-0.004235867770682411,0.0005527914968256365,0.15,0.6,0,1224.822848546717,1223.043510971644,17.073315965761083,-0.553065784981527,0.049378089066143854,1226.711893674224,0.0005527914968256365,0,SBIN,5m,2026-02-23 06:55:00
1222.4000244140625,1222.4000244140625,1221.0,1221.800048828125,187045,-0.0004908177142953773,-0.0050488201725366055,0.0005410013151113545,0.1,0.65,0,1224.534962859232,1222.9947477503297,17.073570131300798,-0.7076077607343905,-0.102019080893963,1226.5293582608556,0.0005410013151113545,0,SBIN,5m,2026-02-23 07:00:00
1221.800048828125,1223.0,1221.800048828125,1222.5999755859375,106846,0.0006547116760877714,-0.004883607455012817,0.0005541022280369593,0.15,0.65,0,1224.3506783570135,1222.979266488981,24.444233455857415,-0.7568119290258437,-0.23297765052033914,1226.4460153321054,0.0005541022280369593,0,SBIN,5m,2026-02-23 07:05:00
1222.5,1223.800048828125,1221.800048828125,1223.300048828125,154290,0.000572610220977543,-0.0034215488161914998,0.0005605559541769988,0.2,0.6,0,1224.2506184018812,1222.9918461885552,34.11793428308823,-0.7308912674384374,-0.3325603739039588,1226.3459119559689,0.0005605559541769988,0,SBIN,5m,2026-02-23 07:10:00
1223.300048828125,1225.0,1222.800048828125,1222.800048828125,125657,-0.00040873046680489633,-0.004477733274737994,0.0005278121921232239,0.25,0.55,0,1224.1124689186663,1222.9843247234403,36.25030517578124,-0.7421398514659359,-0.4144762694163543,1226.2815177917043,0.0005278121921232239,0,SBIN,5m,2026-02-23 07:15:00
1222.800048828125,1224.9000244140625,1222.800048828125,1224.800048828125,162999,0.0016355903828404461,-0.00252461562366757,0.0006707987901955259,0.2,0.55,0,1224.1779527195672,1223.0555295902907,49.495074043476656,-0.5829512509010328,-0.44817126571329,1226.2205211144505,0.0006707987901955259,0,SBIN,5m,2026-02-23 07:20:00
1224.9000244140625,1225.0,1223.800048828125,1223.800048828125,108289,-0.0008164597976272336,-0.0032578594566906593,0.0006881299781597926,0.25,0.55,0,1224.1419618727632,1223.0847264231468,48.039685009215155,-0.5313595980264836,-0.4648089321759288,1226.1825330263741,0.0006881299781597926,0,SBIN,5m,2026-02-23 07:25:00
1224.0,1224.0,1223.9000244140625,1223.9000244140625,75297,8.16927455047356e-05,-0.0026889886645296013,0.0006857316202562459,0.25,0.5,0,1224.11892021003,1223.1166988933787,43.617214690145964,-0.4769081469185039,-0.46722877512444383,1226.153508283276,0.0006857316202562459,0,SBIN,5m,2026-02-23 07:30:00
1224.0,1224.9000244140625,1223.9000244140625,1224.199951171875,113594,0.0002450582170354654,-0.002444589406262021,0.0006904327719788383,0.3,0.5,0,1224.1266374444915,1223.1591793748885,52.38039876765681,-0.40488612167337124,-0.45476024443422935,1226.1187498039571,0.0006904327719788383,0,SBIN,5m,2026-02-23 07:35:00
1224.4000244140625,1224.4000244140625,1222.5999755859375,1222.699951171875,78023,-0.0012252900341681583,-0.0026917200881932946,0.0007085559233374654,0.3,0.5,0,1223.990762561385,1223.1411704257507,42.70818763272001,-0.4635026418184225,-0.456508723911068,1226.0813932768572,0.0007085559233374654,0,SBIN,5m,2026-02-23 07:40:00
1222.9000244140625,1223.4000244140625,1221.5999755859375,1223.0,96083,0.00024539857700767165,-0.0016326530612245094,0.0006944544038468405,0.3,0.5,0,1223.8964042222053,1223.1356343306234,43.298683647529636,-0.4802096654225352,-0.46124891221336145,1226.0278054806581,0.0006944544038468405,0,SBIN,5m,2026-02-23 07:45:00
1222.9000244140625,1224.0999755859375,1222.5,1223.9000244140625,106030,0.0007359153017680864,-0.0008163931586810946,0.0007181030429964891,0.35,0.45,0,1223.8967490023822,1223.165610412327,48.11308804053665,-0.4160299196551023,-0.4522051137017096,1225.9847747042586,0.0007181030429964891,0,SBIN,5m,2026-02-23 07:50:00
1224.0,1224.9000244140625,1222.699951171875,1223.9000244140625,128724,0.0,-0.0002449981782186583,0.0007071507180047697,0.4,0.4,0,1223.8970609463518,1223.1944109614146,53.68464335736222,-0.361005561351476,-0.43396520323166293,1225.9412122876608,0.0007071507180047697,0,SBIN,5m,2026-02-23 07:55:00
1223.9000244140625,1224.0,1222.300048828125,1223.0,115578,-0.0007353741286943993,-0.0017141258899570078,0.0007018015442718192,0.4,0.45,0,1223.8116265705087,1223.1867870021435,50.0,-0.3855781049835514,-0.4242877835820406,1225.8904811436723,0.0007018015442718192,0,SBIN,5m,2026-02-23 08:00:00
1222.9000244140625,1224.300048828125,1222.9000244140625,1224.300048828125,115614,0.001062999859464453,0.0004085634744652733,0.0007071021692697362,0.45,0.4,0,1223.858142975996,1223.2304443286528,58.71568879979394,-0.29672844655419794,-0.3987759161764721,1225.8543836463455,0.0007071021692697362,0,SBIN,5m,2026-02-23 08:05:00
1224.300048828125,1224.5999755859375,1223.699951171875,1224.199951171875,66616,-8.175908866936421e-05,8.167272929626712e-05,0.0007054174635978174,0.5,0.4,0,1223.8906961375085,1223.2684642048578,61.53782952651471,-0.23172036826576914,-0.36536480659433157,1225.837489768181,0.0007054174635978174,0,SBIN,5m,2026-02-23 08:10:00
1224.0999755859375,1224.800048828125,1223.9000244140625,1224.300048828125,61166,8.176577376439731e-05,0.0,0.0007046837878726417,0.5,0.4,0,1223.9296821080434,1223.3089185038095,58.76297741143899,-0.17016242701947704,-0.3263243306793607,1225.8237917167069,0.0007046837878726417,0,SBIN,5m,2026-02-23 08:15:00
1224.4000244140625,1224.5999755859375,1223.9000244140625,1223.9000244140625,43499,-0.0003267372360602483,-0.0003267372360602483,0.0007084668044385812,0.5,0.35,0,1223.9268575657595,1223.332099127741,53.19126832625605,-0.15190487728432345,-0.29144044000035324,1225.8129138071918,0.0007084668044385812,0,SBIN,5m,2026-02-23 08:20:00
1223.9000244140625,1224.800048828125,1223.9000244140625,1224.199951171875,71631,0.0002450582170354654,0.0008175278285793564,0.000679034556826345,0.55,0.3,0,1223.9528664806278,1223.3661325412365,57.60800339666702,-0.11194363823847198,-0.255541079647977,1225.7970503140173,0.000679034556826345,0,SBIN,5m,2026-02-23 08:25:00
1224.300048828125,1224.5999755859375,1221.800048828125,1222.0,174793,-0.0017970521643699833,-0.0008176614881438837,0.0007935307409187212,0.55,0.3,0,1223.7668791967585,1223.31255871609,35.106355348933846,-0.2548539445690494,-0.2554036526321915,1225.7222797633528,0.0007935307409187212,0,SBIN,5m,2026-02-23 08:30:00
1222.0,1223.199951171875,1221.9000244140625,1222.0,128672,0.0,-0.00032724509659121104,0.0007864398584227529,0.55,0.25,0,1223.5986049875432,1223.261085825263,39.28561048623827,-0.3639163903314966,-0.2771062001720525,1225.6617641992248,0.0007864398584227529,0,SBIN,5m,2026-02-23 08:35:00
1222.0,1222.0,1221.699951171875,1222.0,83354,0.0,0.00016365294146680753,0.0007784631987228541,0.55,0.25,0,1223.4463568934914,1223.2116314791745,38.554305463637036,-0.44521698014159483,-0.310728356165961,1225.6183246061833,0.0007784631987228541,0,SBIN,5m,2026-02-23 08:40:00
1222.0,1223.800048828125,1222.0,1223.300048828125,121672,0.0010638697447831191,0.000572610220977543,0.000801379204682207,0.55,0.25,0,1223.4324227920279,1223.2150988261922,45.16196776395233,-0.40013272683586365,-0.32860923029994155,1225.5754746260304,0.000801379204682207,0,SBIN,5m,2026-02-23 08:45:00
1223.4000244140625,1224.5,1222.800048828125,1224.0999755859375,84348,0.0006539088742609778,0.0006539088742609778,0.0008044823199127365,0.55,0.25,0,1223.4959992485908,1223.2497998755941,58.13946886576867,-0.29643856790380596,-0.3221750978207144,1225.5553034440832,0.0008044823199127365,0,SBIN,5m,2026-02-23 08:50:00
1224.199951171875,1225.5999755859375,1223.4000244140625,1225.199951171875,157295,0.0008985994672623399,0.001962628596596794,0.000819670803561612,0.55,0.25,0,1223.6582803841418,1223.326276397017,61.70168558294159,-0.12407114800589625,-0.28255430785775076,1225.538249746367,0.000819670803561612,0,SBIN,5m,2026-02-23 08:55:00
1225.4000244140625,1227.0999755859375,1224.300048828125,1225.699951171875,98115,0.00040809665354757385,0.0007347340854624296,0.0007406563562553499,0.6,0.25,0,1223.8527252210688,1223.4193616823056,59.99945747263628,0.05227450744678208,-0.21558854479684422,1225.540316141219,0.0007406563562553499,0,SBIN,5m,2026-02-23 09:00:00
1225.699951171875,1226.0,1224.0,1224.800048828125,126566,-0.0007341946476293604,0.0008171269489305466,0.0007358803051244535,0.55,0.3,0,1223.942946516979,1223.4735062762595,54.54556663912899,0.1180542555800912,-0.14885998472145714,1225.5304751802817,0.0007358803051244535,0,SBIN,5m,2026-02-23 09:05:00
1224.800048828125,1225.0999755859375,1224.0999755859375,1224.9000244140625,61881,8.162604666228646e-05,0.0008170602010395545,0.0007358801116202553,0.55,0.3,0,1224.0340967928917,1223.5294481640165,60.43972259111701,0.17622100806033814,-0.0838437861650981,1225.5239436516786,0.0007358801116202553,0,SBIN,5m,2026-02-23 09:10:00
1224.800048828125,1225.9000244140625,1224.4000244140625,1225.9000244140625,58286,0.0008163931586810946,0.001388721867338738,0.0007550544385668228,0.55,0.3,0,1224.2118041853842,1223.622411938528,59.09084603753694,0.2995571131878023,-0.007163606294518024,1225.5230324295444,0.0007550544385668228,0,SBIN,5m,2026-02-23 09:15:00
1225.9000244140625,1226.0,1225.199951171875,1225.699951171875,52429,-0.00016320518655921212,0.002453586423328824,0.0006940712728053313,0.6,0.25,0,1224.3535324698119,1223.703884065326,58.427058758983925,0.3768139498720302,0.06963190493879162,1225.5237569999274,0.0006940712728053313,0,SBIN,5m,2026-02-23 09:20:00
1225.699951171875,1226.0,1225.5,1225.5,85008,-0.00016313223451125403,0.0020441537203597093,0.0006962802461724597,0.6,0.2,0,1224.4627198536393,1223.7743199843328,56.66657624176003,0.41709811362147775,0.13912514667532885,1225.5252635271083,0.0006962802461724597,0,SBIN,5m,2026-02-23 09:25:00
1226.0,1228.9000244140625,1226.0,1227.9000244140625,293710,0.0019584042546409997,0.0032682408041579958,0.0008006626523535965,0.6,0.2,0,1224.7900821927274,1223.9361123149106,68.18222172899789,0.635361464534526,0.23837241024716832,1225.598176306929,0.0008006626523535965,0,SBIN,5m,2026-02-23 09:30:00
1227.9000244140625,1228.699951171875,1227.4000244140625,1228.0,160351,8.141997226940312e-05,0.003349926876503151,0.0007999944855101233,0.55,0.2,0,1225.0957886505628,1224.095480459424,67.59313681164662,0.8071001883211011,0.3521179658619549,1225.6440181645455,0.0007999944855101233,0,SBIN,5m,2026-02-23 09:35:00
1228.0,1228.0,1227.300048828125,1227.5,134321,-0.0004071661237784463,0.003679476696647699,0.0007836984932458375,0.55,0.2,0,1225.324761160033,1224.2289910296427,80.2202666809755,0.8925695566631475,0.46020828402219344,1225.674383797229,0.0007836984932458375,0,SBIN,5m,2026-02-23 09:40:00
1227.5,1228.0999755859375,1227.0999755859375,1227.5,204576,0.0,0.002613698476070514,0.0007565184321246516,0.55,0.25,0,1225.5319267638395,1224.3572658912253,80.2202666809755,0.9493610041486136,0.5580388280474775,1225.7180914979522,0.0007565184321246516,0,SBIN,5m,2026-02-23 09:45:00
1227.5,1228.300048828125,1227.4000244140625,1227.699951171875,301346,0.0001628930117107963,0.0028590100797256657,0.0007548768126943277,0.55,0.25,0,1225.7384052788905,1224.4883515885058,80.64554237110154,0.9989873199731392,0.6462285264326099,1225.7865959931978,0.0007548768126943277,0,SBIN,5m,2026-02-23 09:50:00
1227.800048828125,1229.0,1227.300048828125,1227.800048828125,256146,8.153267103616635e-05,0.0028587763296670232,0.0007548778101416953,0.55,0.3,0,1225.9347522835794,1224.618222068491,77.77828013382765,1.034468863981374,0.7238765939423628,1225.8477262799947,0.0007548778101416953,1,SBIN,5m,2026-02-23 09:55:00
1229.5,1231.5999755859375,1228.199951171875,1231.5,222882,0.0013008988976155322,0.0059631180520280935,0.0008557799474403293,0.6,0.35,0,1226.8064546533026,1225.0871024909745,81.81874229346485,1.475542395424327,0.9532692424832103,1230.4333089192708,0.0008557799474403293,1,SBIN,5m,2026-02-24 03:50:00
1231.5,1232.5999755859375,1229.5,1229.5999755859375,144864,-0.001542853767001584,0.006219292623516726,0.0008243423804997921,0.65,0.3,1,1227.0725042659344,1225.2640779064634,67.25685704717563,1.508937685486444,1.0644029310838572,1230.485835333987,0.0008243423804997921,0,SBIN,5m,2026-02-24 03:55:00
1229.5999755859375,1231.4000244140625,1229.5999755859375,1230.5999755859375,103690,0.0008132726251262046,0.007037623229081413,0.0008282757584403702,0.65,0.3,1,1227.4084539154585,1225.4733287958545,75.43822077546606,1.5976782952448048,1.1710580039160468,1230.496280492441,0.0008282757584403702,1,SBIN,5m,2026-02-24 04:00:00
1230.800048828125,1233.4000244140625,1230.0,1233.199951171875,208451,0.0021127707114567684,0.009165262824774922,0.0009116805441720595,0.7,0.25,1,1227.9600250827361,1225.7763335949141,79.85579920786166,1.856402713788384,1.3081269458905143,1231.018632499012,0.0009116805441720595,0,SBIN,5m,2026-02-24 04:05:00
1233.199951171875,1233.4000244140625,1228.5999755859375,1229.699951171875,212492,-0.0028381447766633316,0.005231670144933753,0.001158899868332274,0.65,0.3,0,1228.1257323293207,1225.9302009508733,61.585125307966564,1.7587491646270337,1.3982513896378181,1230.9110071714601,0.001158899868332274,0,SBIN,5m,2026-02-24 04:10:00
1229.9000244140625,1234.699951171875,1229.5999755859375,1232.199951171875,371830,0.0020330162635344706,0.006617086633026181,0.0012227431182565951,0.65,0.3,1,1228.5137531714686,1226.1760735085597,67.37972452509956,1.8616274475959926,1.490926601229453,1231.2803106175686,0.0012227431182565951,0,SBIN,5m,2026-02-24 04:15:00
1232.0,1232.199951171875,1229.199951171875,1231.0,219749,-0.0009738282903953843,0.00473396103434176,0.0012483728178498952,0.6,0.35,0,1228.7505385837096,1226.3652470964594,63.95942546256708,1.8252923627344444,1.5577997535304513,1231.2091799446064,0.0012483728178498952,0,SBIN,5m,2026-02-24 04:20:00
1231.199951171875,1231.5999755859375,1228.800048828125,1230.0999755859375,90484,-0.000731132749035357,0.003589805490206377,0.001266016625088751,0.55,0.4,0,1228.8790563934456,1226.5117070372232,56.04383811555126,1.7042268317327398,1.5870851691709091,1231.1492661647142,0.001266016625088751,0,SBIN,5m,2026-02-24 04:25:00
1230.199951171875,1230.800048828125,1229.0,1229.4000244140625,69050,-0.0005690197429210064,0.0037556951359845048,0.0012602651376451821,0.55,0.35,0,1228.9286723954092,1226.6249743853346,53.72348369251148,1.5341169708640336,1.576491529509534,1231.0897779066538,0.0012602651376451821,0,SBIN,5m,2026-02-24 04:30:00
1229.4000244140625,1229.5999755859375,1227.5,1228.4000244140625,136642,-0.0008134048968126972,0.0028573760553840533,0.0012799857218506853,0.55,0.4,0,1228.8783249686144,1226.6945841903828,52.3316783150438,1.3035851200879733,1.521910247625222,1230.890988134243,0.0012799857218506853,0,SBIN,5m,2026-02-24 04:35:00
1228.0,1228.199951171875,1225.800048828125,1226.5,259615,-0.0015467472942853888,0.0004894164075281981,0.0013229475632261325,0.5,0.45,0,1228.6518178287463,1226.6869534378186,47.64150400184257,0.956544427673407,1.4088370836348592,1230.3745382910818,0.0013229475632261325,0,SBIN,5m,2026-02-24 04:40:00
1226.699951171875,1230.5,1226.5,1230.4000244140625,166916,0.0031797997668669975,0.0038346034343019753,0.0014975451635956037,0.5,0.45,0,1228.8183136940145,1226.832564064338,55.42182850363515,0.9848587167591631,1.3240414102597202,1230.2806519928163,0.0014975451635956037,0,SBIN,5m,2026-02-24 04:45:00
1230.5,1231.199951171875,1229.0999755859375,1229.5,80672,-0.0007314892686962615,0.003263973888208982,0.0015099888230431999,0.55,0.45,0,1228.8832361993464,1226.9371693951482,53.307304283393655,0.9240219960688592,1.244037527421548,1230.268401563418,0.0015099888230431999,0,SBIN,5m,2026-02-24 04:50:00
1229.5,1230.0999755859375,1228.5,1230.0999755859375,65135,0.00048798339645172994,0.0017916370454709174,0.0014527345419200186,0.5,0.5,0,1228.9991161409264,1227.0612010104733,50.41312308949487,0.9136890337674686,1.1779678286907322,1230.2489715499514,0.0014527345419200186,0,SBIN,5m,2026-02-24 04:55:00
1230.199951171875,1230.5999755859375,1228.5,1228.9000244140625,91626,-0.0009754907696046811,0.0007329189039597672,0.0014721758469106309,0.55,0.5,0,1228.989678833606,1227.1333117321826,44.537849606860576,0.7994583967858944,1.1022659423097647,1230.2146454847789,0.0014721758469106309,0,SBIN,5m,2026-02-24 05:00:00
1228.9000244140625,1230.0,1228.5,1229.9000244140625,58142,0.0008137358451731913,0.0019552133719449305,0.0014780609719806375,0.55,0.45,0,1229.076378412697,1227.241810268727,50.655131239472055,0.7806229017517126,1.0379373341981544,1230.197265652596,0.0014780609719806375,0,SBIN,5m,2026-02-24 05:05:00
1230.0,1230.0,1229.4000244140625,1229.800048828125,53760,-8.128757130898556e-05,0.0018737668660895324,0.0014784583926310154,0.5,0.4,0,1229.1452994046426,1227.3421333494878,48.1819745537473,0.7489944996216309,0.9801487672828497,1230.187508340787,0.0014784583926310154,0,SBIN,5m,2026-02-24 05:10:00
1229.9000244140625,1230.199951171875,1229.699951171875,1229.9000244140625,72377,8.129417951541207e-05,0.001792028451322647,0.0014783727250225842,0.5,0.4,0,1229.2171779769683,1227.4424428030004,41.53859637041998,0.7236541230461171,0.9288498384355033,1230.1805085110323,0.0014783727250225842,0,SBIN,5m,2026-02-24 05:15:00
1229.699951171875,1230.0999755859375,1228.4000244140625,1228.699951171875,114250,-0.000975748612379479,0.0007329388401711157,0.0014974922766683271,0.45,0.4,0,1229.1679182812452,1227.4917568566818,47.093015003335644,0.5998214426135746,0.8630441592711176,1230.1341083661139,0.0014974922766683271,0,SBIN,5m,2026-02-24 05:20:00
1228.699951171875,1228.699951171875,1228.0,1228.0,110000,-0.000569668104249077,-0.001544860863766262,0.0014494711558553266,0.4,0.4,0,1229.0566879687456,1227.5116879603415,36.36370842449031,0.44012940357697516,0.7784612081322891,1230.0608120522354,0.0014494711558553266,0,SBIN,5m,2026-02-24 05:25:00
1228.0999755859375,1228.5,1227.9000244140625,1228.0,78694,0.0,-0.002842062525375555,0.001413150423071791,0.35,0.45,0,1228.9560510193412,1227.530837452093,39.4365833949418,0.3099988384790322,0.6847687342016378,1230.0090673371762,0.001413150423071791,0,SBIN,5m,2026-02-24 05:30:00
1228.0,1228.4000244140625,1227.800048828125,1227.9000244140625,121220,-8.141334359734742e-05,-0.0013825237521373213,0.001374111562016779,0.3,0.5,0,1228.8554770569338,1227.5453153721703,41.791167146449006,0.19653668132218627,0.5871223236257475,1229.9306099045054,0.001374111562016779,0,SBIN,5m,2026-02-24 05:35:00
1227.800048828125,1228.5999755859375,1227.699951171875,1227.699951171875,139044,-0.00016293935842448537,-0.0023565939148354476,0.0013583979435760792,0.35,0.55,0,1228.7454269726425,1227.5513795211784,43.410581299620546,0.08944183595258437,0.4875862260911149,1229.8464995388795,0.0013583979435760792,0,SBIN,5m,2026-02-24 05:40:00
1227.9000244140625,1229.0999755859375,1227.199951171875,1228.9000244140625,103769,0.0009774971816542966,-0.003486804190777293,0.0012818790522835294,0.35,0.6,0,1228.760150538492,1227.6042675561935,51.908382720190836,0.10024867629681466,0.41011871613225487,1229.800949500978,0.0012818790522835294,0,SBIN,5m,2026-02-24 05:45:00
1228.9000244140625,1230.0,1228.5999755859375,1228.5999755859375,109294,-0.00024416048674757995,-0.0008945073022806893,0.001119000971182387,0.4,0.55,0,1228.744895781106,1227.643314929909,59.1302317188379,0.08363761989244267,0.34482249688429245,1229.7773774644659,0.001119000971182387,0,SBIN,5m,2026-02-24 05:50:00
1228.5999755859375,1230.0,1228.5999755859375,1229.800048828125,88402,0.0009767811053513764,-0.0019476565807907686,0.0010377860769691214,0.35,0.55,0,1228.8453865474887,1227.727892729839,46.591114008683476,0.16540246260024105,0.30893849002748214,1229.7695142112832,0.0010377860769691214,0,SBIN,5m,2026-02-24 05:55:00
1229.9000244140625,1230.5999755859375,1229.0999755859375,1229.300048828125,165623,-0.00040657015786949025,-0.0013809513987611544,0.0010201618154475301,0.4,0.5,0,1228.888687717073,1227.7895459101637,48.80983520795187,0.18769226856670684,0.2846892457353271,1229.7648584470533,0.0010201618154475301,0,SBIN,5m,2026-02-24 06:00:00
1229.300048828125,1229.9000244140625,1228.800048828125,1229.5999755859375,176875,0.00024398173423856306,-0.00040647102668367463,0.0010100830055567924,0.4,0.5,0,1228.9564294188697,1227.860543152351,46.91361745735126,0.2269426297782502,0.27313992254391173,1229.7495710290195,0.0010100830055567924,0,SBIN,5m,2026-02-24 06:05:00
1229.5999755859375,1229.9000244140625,1226.0999755859375,1226.5,106271,-0.002521125282602843,-0.0023588940592746965,0.0011505002755251427,0.4,0.55,0,1228.7224837599297,1227.8071885189254,38.00002441376448,0.007816596751808902,0.22007525738549116,1229.6889228453194,0.0011505002755251427,0,SBIN,5m,2026-02-24 06:10:00
1226.199951171875,1226.5,1224.5,1225.199951171875,228115,-0.0010599664314104862,-0.0026050742254860593,0.0011596349666839756,0.4,0.55,0,1228.3870044658292,1227.7049439170803,27.184489031631102,-0.2676600205036266,0.12252820180766763,1229.4542977055285,0.0011596349666839756,-1,SBIN,5m,2026-02-24 06:15:00
1225.199951171875,1225.199951171875,1220.800048828125,1221.0999755859375,286225,-0.003346372632496375,-0.004402792021249491,0.0013323320101114899,0.4,0.55,0,1227.6930017153634,1227.445925551153,19.58052703014161,-0.8075026018984772,-0.06347795893356134,1228.999049245273,0.0013323320101114899,0,SBIN,5m,2026-02-24 06:20:00
1221.0,1222.4000244140625,1221.0,1221.0,211648,-8.187338296317126e-05,-0.007639811628367688,0.0010676377533901447,0.35,0.55,0,1227.055572980567,1227.1931441569905,18.881405413710965,-1.229229142873237,-0.29662819572149646,1228.657515847341,0.0010676377533901447,0,SBIN,5m,2026-02-24 06:25:00
1221.0,1221.4000244140625,1219.800048828125,1221.0,433225,0.0,-0.006913379422529453,0.0010675948309950348,0.3,0.6,-1,1226.4788517443224,1226.9502757586772,20.611092474561104,-1.5456333656554762,-0.5464292297082924,1227.984525873381,0.0010675948309950348,0,SBIN,5m,2026-02-24 06:30:00
1220.699951171875,1223.5,1220.5999755859375,1222.9000244140625,243695,0.0015561215512387427,-0.005853143089808999,0.0011360475932316848,0.35,0.55,0,1226.1380110462023,1226.7914423726138,32.16813063928227,-1.6243454574184852,-0.762012475250331,1227.7268574525156,0.0011360475932316848,-1,SBIN,5m,2026-02-24 06:35:00
1222.800048828125,1223.0,1222.300048828125,1222.9000244140625,107604,0.0,-0.004882415071039481,0.001126094370405073,0.3,0.55,0,1225.829631366951,1226.6388377467883,32.16813063928227,-1.6675034158377002,-0.9431106633678048,1227.6283086772726,0.001126094370405073,0,SBIN,5m,2026-02-24 06:40:00
1223.0,1223.0,1222.0999755859375,1222.699951171875,170106,-0.00016360555907535268,-0.005854193917605333,0.0010986454083747065,0.3,0.6,0,1225.5315665864675,1226.4843716065957,31.94452685920639,-1.6982740018295317,-1.0941433310601503,1227.4761772031743,0.0010986454083747065,0,SBIN,5m,2026-02-24 06:45:00
1222.300048828125,1223.4000244140625,1222.0999755859375,1222.199951171875,114621,-0.000408931070554841,-0.006179945807850751,0.0010977655352613558,0.35,0.6,-1,1225.214269880316,1226.3163551189596,31.29276556168206,-1.7429145008052274,-1.2238975650091657,1227.3780894946692,0.0010977655352613558,0,SBIN,5m,2026-02-24 06:50:00
1222.0999755859375,1222.9000244140625,1221.5,1222.9000244140625,76072,0.0005727976355394127,-0.005691519522763588,0.001112374942014757,0.3,0.65,0,1224.9938655501965,1226.1823813658264,28.87353001856819,-1.7021806786794969,-1.319554187743232,1227.3133814539829,0.001112374942014757,0,SBIN,5m,2026-02-24 06:55:00
1222.9000244140625,1224.0,1222.199951171875,1223.5,121753,0.0004906170365193141,-0.004232075672270907,0.0011127588851844684,0.35,0.6,0,1224.851592640654,1226.0771899397155,32.41402533989982,-1.603007344760499,-1.3762448191466854,1227.2296797061153,0.0011127588851844684,0,SBIN,5m,2026-02-24 07:00:00
1223.699951171875,1225.0,1223.5999755859375,1224.5,121157,0.000817327339599494,-0.002850162866449457,0.001132307042736593,0.4,0.55,0,1224.8181076272585,1226.0153393538444,31.468424017892204,-1.4272674695273508,-1.3864493492228187,1227.1724021688467,0.001132307042736593,0,SBIN,5m,2026-02-24 07:05:00
1224.5,1224.699951171875,1223.199951171875,1223.5,43374,-0.0008166598611678566,-0.0036644951140064608,0.0011416002392317687,0.4,0.55,0,1224.6925735675195,1225.9166985948702,30.405305092294753,-1.3530864565154843,-1.379776770681352,1227.1484201955645,0.0011416002392317687,0,SBIN,5m,2026-02-24 07:10:00
1223.5999755859375,1223.699951171875,1221.300048828125,1221.699951171875,97748,-0.0014712291198406557,-0.005049330661220597,0.0011768516283660571,0.4,0.55,0,1224.4075619107914,1225.7513359508312,25.767050347859296,-1.423141279259653,-1.3884496723970123,1227.070894143872,0.0011768516283660571,0,SBIN,5m,2026-02-24 07:15:00
1221.699951171875,1223.199951171875,1221.0999755859375,1222.9000244140625,116626,0.0009822978555711348,-0.003909690436356916,0.0012088608817627615,0.35,0.55,0,1224.2639869111028,1225.6395198121343,37.500317885510356,-1.3660770637507085,-1.3839751506677516,1226.9846147821586,0.0012088608817627615,0,SBIN,5m,2026-02-24 07:20:00
1222.9000244140625,1223.0,1222.4000244140625,1222.699951171875,65609,-0.00016360555907535268,-0.005045221839867442,0.0011771134986505926,0.3,0.5,0,1224.1150311264144,1225.5242426105553,40.60171078233415,-1.3217610616459297,-1.3715323328633873,1226.9405495162455,0.0011771134986505926,0,SBIN,5m,2026-02-24 07:25:00
1223.0,1225.0,1222.0999755859375,1224.9000244140625,184813,0.001799356612453451,-0.003011518187691964,0.001263378619728132,0.3,0.55,0,1224.1897923919048,1225.4997634655947,66.6663097481583,-1.0964733248747507,-1.31652053126566,1226.857759389521,0.001263378619728132,0,SBIN,5m,2026-02-24 07:30:00
1224.5999755859375,1224.800048828125,1223.4000244140625,1224.0999755859375,54864,-0.0006531543898921077,-0.004634959355888091,0.0012392054354458861,0.3,0.55,0,1224.1812384103841,1225.4448698232552,62.80932541083661,-0.9712919752337257,-1.2474748200592731,1226.8349010836346,0.0012392054354458861,0,SBIN,5m,2026-02-24 07:35:00
1224.0999755859375,1226.199951171875,1223.9000244140625,1225.5999755859375,211327,0.0012253901069494422,-0.003009902460928693,0.001280127121736376,0.3,0.55,0,1224.3163562366274,1225.450952402184,66.91109814656915,-0.7424884451704656,-1.1464775450815117,1226.785349388568,0.001280127121736376,0,SBIN,5m,2026-02-24 07:40:00
1225.800048828125,1225.800048828125,1224.300048828125,1224.5999755859375,125672,-0.0008159269092037347,-0.004066363125631467,0.0012848918668096577,0.3,0.5,0,1224.3433676032284,1225.4175807623312,56.69248957151919,-0.6345370931815069,-1.0440894547015107,1226.751288135876,0.0012848918668096577,0,SBIN,5m,2026-02-24 07:45:00
1224.4000244140625,1225.5,1224.0999755859375,1225.0,116336,0.0003266572121816136,-0.0012229922543823823,0.0011668427614425854,0.3,0.5,0,1224.4059040219686,1225.4012050461613,58.0148901871989,-0.5108178516900352,-0.9374351340992156,1226.720287345341,0.0011668427614425854,0,SBIN,5m,2026-02-24 07:50:00
1225.0999755859375,1225.4000244140625,1224.4000244140625,1224.4000244140625,50680,-0.0004897759885204023,-0.0006528948658930389,0.0011479512814744992,0.3,0.45,0,1224.405344059311,1225.3619430605888,56.296396762963965,-0.4559268362752391,-0.8411334745344203,1226.7061505583342,0.0011479512814744992,0,SBIN,5m,2026-02-24 07:55:00
1224.4000244140625,1224.4000244140625,1221.300048828125,1221.5999755859375,336261,-0.002286874201480771,0.0004094668823164671,0.0010021391834681248,0.3,0.45,0,1224.1381661094658,1225.214414924328,48.10139295564637,-0.6310910260283435,-0.799124984833205,1226.5135364136838,0.0010021391834681248,0,SBIN,5m,2026-02-24 08:00:00
1221.5999755859375,1223.0,1220.199951171875,1222.800048828125,122925,0.0009823782467022202,0.001474241464475945,0.0010244002992788582,0.3,0.5,0,1224.0107263683856,1225.1197339009473,49.6933342319876,-0.6654036678994544,-0.772380721446455,1226.4403622721957,0.0010244002992788582,0,SBIN,5m,2026-02-24 08:05:00
1222.9000244140625,1223.9000244140625,1222.699951171875,1223.9000244140625,184686,0.0008995547448593655,0.002375122370239513,0.0010405930001463359,0.35,0.45,0,1224.0001833251167,1225.0719021563634,51.190519439943614,-0.5969565039013105,-0.7372958779374261,1226.3704451261456,0.0010405930001463359,0,SBIN,5m,2026-02-24 08:10:00
1223.9000244140625,1224.5999755859375,1223.0,1223.300048828125,114563,-0.0004902161728649324,0.0003271112977973889,0.0009913003939111724,0.35,0.45,0,1223.9335038492127,1225.0024177121188,46.341699416458255,-0.5843881856426378,-0.7067143394784685,1226.3306595712195,0.0009913003939111724,0,SBIN,5m,2026-02-24 08:15:00
1223.300048828125,1224.0999755859375,1223.0999755859375,1224.0,42903,0.0005721827384421729,0.0008994812036777766,0.0009990160493347966,0.35,0.45,0,1223.9398368159545,1224.9631072136044,51.55276206650797,-0.5120449575053954,-0.6677804630838539,1226.3165975089562,0.0009990160493347966,0,SBIN,5m,2026-02-24 08:20:00
1224.0,1226.5,1223.9000244140625,1225.9000244140625,254096,0.0015523075278287557,0.002617218753562911,0.0010523757012431004,0.4,0.4,0,1224.1265213491079,1224.9998490646028,62.96293505534499,-0.2979616208629068,-0.5938166946396645,1226.2891561533113,0.0010523757012431004,0,SBIN,5m,2026-02-24 08:25:00
1226.199951171875,1226.300048828125,1223.4000244140625,1223.5999755859375,112211,-0.0018762124009454872,0.001145495393548357,0.0011395471726627054,0.35,0.45,0,1224.0763741335677,1224.9449520654396,52.02294600773334,-0.31031661552788137,-0.5371166788173078,1226.2640387260603,0.0011395471726627054,0,SBIN,5m,2026-02-24 08:30:00
1223.800048828125,1224.5,1223.5999755859375,1224.4000244140625,56479,0.0006538483524747285,0.0012265925014751655,0.001141617048006094,0.35,0.4,0,1224.1071979698054,1224.9235823536208,54.74873669351264,-0.25263852402690645,-0.4802210478592276,1226.2498474652716,0.001141617048006094,0,SBIN,5m,2026-02-24 08:35:00
1224.300048828125,1225.0,1224.0999755859375,1224.300048828125,166714,-8.165271475335523e-05,0.0006539017802411617,0.0011374706407598471,0.35,0.4,0,1224.1255647182168,1224.8991300585035,48.10136361880481,-0.21254532501643553,-0.4266859032906692,1226.2149305759283,0.0011374706407598471,0,SBIN,5m,2026-02-24 08:40:00
1224.5,1225.300048828125,1224.199951171875,1225.0999755859375,185236,0.0006533747659147604,0.0004899759787158064,0.0011321009679049145,0.35,0.4,0,1224.2183657532378,1224.907006353697,53.16454718234776,-0.11489928442779274,-0.3643285795180939,1226.1862210873314,0.0011321009679049145,0,SBIN,5m,2026-02-24 08:45:00
1225.0,1225.5,1223.0999755859375,1223.4000244140625,218375,-0.0013876019963692254,-8.171277967916613e-05,0.0011612667829330034,0.4,0.4,0,1224.14042848284,1224.8479090227308,43.125152587890625,-0.17269522321112163,-0.32600190825669945,1226.132684334256,0.0011612667829330034,0,SBIN,5m,2026-02-24 08:50:00
1224.0,1224.0999755859375,1222.5,1222.5,1445536,-0.0007356746739428655,0.0006548652370474972,0.0011233640369885402,0.4,0.4,0,1223.9841971987598,1224.7558341590943,43.39631332867573,-0.2878057242548948,-0.3183626714563385,1225.7003574771602,0.0011233640369885402,0,SBIN,5m,2026-02-24 08:55:00
1222.5999755859375,1223.0,1221.5,1222.0,153174,-0.0004089979550102596,-0.0007359754649557404,0.0011044247050948164,0.4,0.4,0,1223.7952260369732,1224.6477622312868,40.625,-0.41459821681883113,-0.33760978052883706,1225.648887641511,0.0011044247050948164,0,SBIN,5m,2026-02-24 09:00:00
1222.0,1223.199951171875,1221.5,1223.0,204994,0.0008183306055646877,0.00024539857700767165,0.001120177810311918,0.45,0.4,0,1223.719490223928,1224.5831441045698,45.731639238103746,-0.42944021849348246,-0.3559758681217662,1225.5899541575911,0.001120177810311918,0,SBIN,5m,2026-02-24 09:05:00
1223.199951171875,1223.699951171875,1221.300048828125,1222.0,198070,-0.0008176614881438837,-0.002367560091648957,0.0010512385999993945,0.45,0.4,0,1223.5557292502206,1224.4818443357633,51.36994891432489,-0.5159467415319341,-0.38797004280379976,1225.5308809406465,0.0010512385999993945,0,SBIN,5m,2026-02-24 09:10:00
1221.5999755859375,1222.5,1220.800048828125,1220.9000244140625,244374,-0.0009001436873465885,-0.0026141256724911965,0.0010592764271141481,0.45,0.45,0,1223.3028049801103,1224.3413808094222,43.44813651785188,-0.6655901126880508,-0.44349405678065,1225.4404561532754,0.0010592764271141481,0,SBIN,5m,2026-02-24 09:15:00
1221.4000244140625,1223.5,1220.9000244140625,1223.199951171875,258693,0.0018837961436819484,-0.001958244502179518,0.0011125202332637404,0.45,0.45,0,1223.293009379326,1224.2966188628516,47.77044311228258,-0.5917770568430569,-0.4731506567931314,1225.374615715928,0.0011125202332637404,0,SBIN,5m,2026-02-24 09:20:00
1223.300048828125,1223.9000244140625,1222.5999755859375,1223.4000244140625,462253,0.00016356544324236388,-0.000979871954758793,0.0011007223956316864,0.5,0.45,0,1223.303201287396,1224.2614582962324,50.326719165130804,-0.5112421583644391,-0.480768957107393,1225.2939238125766,0.0011007223956316864,0,SBIN,5m,2026-02-24 09:25:00
1223.5,1225.300048828125,1222.0999755859375,1222.9000244140625,471498,-0.0004086970655730049,-0.0017142657844387843,0.001099814693769353,0.55,0.45,0,1223.2648034899355,1224.2080687322257,46.35769084632859,-0.48220493410508425,-0.4810561525069313,1225.222926096005,0.001099814693769353,0,SBIN,5m,2026-02-24 09:30:00
1222.9000244140625,1223.5,1222.0,1222.5999755859375,468543,-0.0002453584284363153,-0.001470147657818277,0.0010964353965211664,0.55,0.5,0,1223.2014865466974,1224.1450062559009,37.777596932870374,-0.47789527820691546,-0.4804239776469281,1225.1307519583243,0.0010964353965211664,0,SBIN,5m,2026-02-24 09:35:00
1222.699951171875,1224.4000244140625,1222.199951171875,1222.9000244140625,765592,0.0002454186439690975,0.0010642181189479683,0.000965747715506367,0.6,0.45,0,1223.1727758673987,1224.096183438574,46.956734035326086,-0.44513714808635996,-0.47336661173481454,1225.0201074648865,0.000965747715506367,0,SBIN,5m,2026-02-24 09:40:00
1222.9000244140625,1223.5,1222.800048828125,1223.199951171875,506741,0.0002452586080829988,0.0003270382137563477,0.0009422168965678127,0.6,0.4,0,1223.1753639916344,1224.061037075174,44.545061091320704,-0.3904733771623796,-0.4567879648203276,1224.9534823642423,0.0009422168965678127,0,SBIN,5m,2026-02-24 09:45:00
1223.300048828125,1223.9000244140625,1223.0999755859375,1223.300048828125,540972,8.18326195599628e-05,-0.0004902161728649324,0.0009193582831985821,0.6,0.4,0,1223.1872387379667,1224.031194398819,45.45454545454546,-0.3352107991347566,-0.4324725316832134,1224.8973032077588,0.0009193582831985821,0,SBIN,5m,2026-02-24 09:50:00
1223.4000244140625,1227.0,1222.699951171875,1225.4000244140625,398913,0.0017166480030383902,0.0017166480030383902,0.0009901798536811417,0.6,0.45,0,1223.3979802309284,1224.08487400726,51.219705841487865,-0.12057442146988251,-0.37009290964054725,1224.9009117289033,0.0009901798536811417,0,SBIN,5m,2026-02-24 09:55:00
1223.199951171875,1225.199951171875,1220.0,1220.800048828125,211593,-0.001635590382840335,-0.004160188828102096,0.0010846562218444335,0.6,0.5,0,1223.0990357587646,1223.9076479265882,44.05613507930275,-0.3458513815328388,-0.3313806840256256,1222.0,0.0010846562218444335,0,SBIN,5m,2026-02-25 03:50:00
1221.0,1222.4000244140625,1217.0,1217.300048828125,208502,-0.0028669723623944154,-0.005148681663544208,0.0011830268159646138,0.6,0.5,0,1222.5467512891798,1223.648526393315,36.41636443177489,-0.7679419420253453,-0.41869293562556953,1220.4614167994878,0.0011830268159646138,0,SBIN,5m,2026-02-25 03:55:00
1217.699951171875,1220.5999755859375,1216.5999755859375,1220.4000244140625,160578,0.0025465994098348155,-0.003266906174650086,0.0013267374488631525,0.6,0.55,0,1222.3423011105972,1223.5211341588347,43.29904042787478,-0.8425966997494925,-0.5034736884503541,1220.1125851961324,0.0013267374488631525,0,SBIN,5m,2026-02-25 04:00:00
1220.300048828125,1220.9000244140625,1218.199951171875,1218.300048828125,123555,-0.001720727256577792,-0.004900759422286294,0.0013713373791385873,0.6,0.55,0,1221.9573247027427,1223.3163857144932,40.975728849085364,-1.0590040729155135,-0.614579765343386,1219.940779391173,0.0013713373791385873,0,SBIN,5m,2026-02-25 04:05:00
1218.199951171875,1219.0999755859375,1217.800048828125,1217.9000244140625,114404,-0.000328346382688971,-0.005877031520167497,0.0013549712454519192,0.55,0.6,0,1221.5709151514397,1223.103979388986,42.4242611065215,-1.2483963661427424,-0.7413430855032572,1219.7068240484912,0.0013549712454519192,0,SBIN,5m,2026-02-25 04:10:00
1218.199951171875,1218.300048828125,1216.0,1216.9000244140625,169222,-0.0008210854585384286,-0.005313061852449397,0.0013367001366388217,0.5,0.6,0,1221.1260684145468,1222.8606870370284,32.97328327383819,-1.4623259820200474,-0.8855396648066153,1219.254562296177,0.0013367001366388217,0,SBIN,5m,2026-02-25 04:15:00
1217.199951171875,1218.800048828125,1217.0,1217.800048828125,108592,0.0007396042370004796,-0.003844540835889587,0.0013500264748295893,0.55,0.55,0,1220.8093046444114,1222.6622306366794,35.416785875501475,-1.5414731525170282,-1.016726362348698,1219.1171083519755,0.0013500264748295893,0,SBIN,5m,2026-02-25 04:20:00
1217.5,1217.5999755859375,1215.0,1216.0,160957,-0.0014781152536963438,-0.004909983633387904,0.001379918481068497,0.55,0.55,0,1220.351275630658,1222.4009666901432,33.17077237297319,-1.7295100370299679,-1.159283097284952,1218.7436955965738,0.001379918481068497,0,SBIN,5m,2026-02-25 04:25:00
1215.800048828125,1217.699951171875,1215.5999755859375,1217.199951171875,60944,0.0009868019505550052,-0.004742476556112041,0.0013872469358587592,0.55,0.55,0,1220.0511494917262,1222.19700529727,37.38313492176671,-1.7614002657492165,-1.2797065309778048,1218.6553822787687,0.0013872469358587592,0,SBIN,5m,2026-02-25 04:30:00
1217.199951171875,1222.699951171875,1217.199951171875,1222.0999755859375,224073,0.004025652818458347,8.181308178190072e-05,0.001673671004501539,0.55,0.5,0,1220.246275786413,1222.193200210551,48.46144456129807,-1.3754274117352452,-1.298850707129293,1218.94756301365,0.001673671004501539,0,SBIN,5m,2026-02-25 04:35:00
1222.0,1222.0999755859375,1219.9000244140625,1221.0,105095,-0.000900070049841939,8.188679166054591e-05,0.0016736689076002067,0.55,0.45,0,1220.3180590448499,1222.1464080454314,45.89562096326055,-1.1450999812664122,-1.2681005619567167,1219.0784879916202,0.0016736689076002067,0,SBIN,5m,2026-02-25 04:40:00
1221.0,1221.699951171875,1220.4000244140625,1220.5,73491,-0.00040950040950038513,-0.002207285218813415,0.0016157628850696033,0.5,0.45,0,1220.3353867548642,1222.0818430240417,44.85284217895899,-0.9914804846737297,-1.2127765465001195,1219.154847075166,0.0016157628850696033,0,SBIN,5m,2026-02-25 04:45:00
1220.5,1221.0,1220.0,1220.800048828125,55467,0.00024584090792711955,-0.002125204785068391,0.0016165985348936956,0.45,0.5,0,1220.3796402856508,1222.0315765849862,40.944938652518054,-0.8358888872689931,-1.1373990146538941,1219.19996974242,0.0016165985348936956,0,SBIN,5m,2026-02-25 04:50:00
1220.800048828125,1221.0,1220.199951171875,1220.5999755859375,45619,-0.0001638869873732407,-0.0018808150970698323,0.0016151051300342019,0.4,0.45,0,1220.4006245999637,1221.9754353693372,45.217257466152205,-0.7204210979407435,-1.054003431311264,1219.2350211375062,0.0016151051300342019,0,SBIN,5m,2026-02-25 04:55:00
1220.800048828125,1221.800048828125,1220.0999755859375,1220.199951171875,82415,-0.0003277276929900541,-0.0019630496171998413,0.0016156193286354784,0.45,0.45,0,1220.3815128449075,1221.9058085380643,48.59791226969369,-0.65365573365807,-0.9739338917806253,1219.2984157914807,0.0016156193286354784,-1,SBIN,5m,2026-02-25 05:00:00
1220.199951171875,1220.5,1219.199951171875,1219.4000244140625,81381,-0.0006555702260472307,-0.0028620491701085715,0.001618128263857658,0.4,0.5,0,1220.2880377562556,1221.807542493986,55.61488599199692,-0.6577094405138268,-0.9106890015272656,1219.314872239273,0.001618128263857658,0,SBIN,5m,2026-02-25 05:05:00
1219.199951171875,1219.4000244140625,1214.5,1214.800048828125,253321,-0.003772326959028738,-0.006867153923365121,0.0018059879850330393,0.4,0.55,0,1219.7653721440527,1221.532738820815,36.138724551151505,-1.0203397767802471,-0.9326191565778619,1218.9662614876206,0.0018059879850330393,0,SBIN,5m,2026-02-25 05:10:00
1214.800048828125,1216.199951171875,1211.0,1212.5,195447,-0.0018933558904148384,-0.008828617998070887,0.0018353054122633588,0.35,0.6,-1,1219.073431939857,1221.1785137690183,35.78429612609054,-1.476303738471188,-1.041356072956527,1218.506037624342,0.0018353054122633588,0,SBIN,5m,2026-02-25 05:15:00
1212.300048828125,1214.5,1212.0999755859375,1213.800048828125,113304,0.001072205219072142,-0.009466276607497326,0.0018007492520611514,0.3,0.55,0,1218.5712049768351,1220.8891622027088,40.37572138391092,-1.713008887541946,-1.1756866358736109,1218.2819446382205,0.0018007492520611514,0,SBIN,5m,2026-02-25 05:20:00
1213.800048828125,1215.5999755859375,1213.699951171875,1214.4000244140625,121662,0.0004942952395798894,-0.006869499573632365,0.0017694958645851479,0.3,0.5,0,1218.1739496851426,1220.6346862109972,44.01918067447756,-1.8310788705559844,-1.3067650828100856,1218.1126284845661,0.0017694958645851479,0,SBIN,5m,2026-02-25 05:25:00
1214.5,1215.199951171875,1214.300048828125,1214.699951171875,46006,0.0002469752567382244,-0.00499680325382168,0.001747053207707294,0.3,0.5,0,1217.8430926838791,1220.4019515035807,42.36430985339571,-1.8787910660771558,-1.4211702794634997,1218.0553788901727,0.001747053207707294,0,SBIN,5m,2026-02-25 05:30:00
1214.800048828125,1215.5,1212.4000244140625,1212.800048828125,77622,-0.0015640918911020707,-0.0036967056760838224,0.0016667408793404868,0.35,0.5,0,1217.3628027928548,1220.1038376731708,42.156944876612656,-2.046320852769668,-1.5462003941247335,1217.9306421408146,0.0016667408793404868,0,SBIN,5m,2026-02-25 05:35:00
1212.5999755859375,1213.199951171875,1212.4000244140625,1213.0999755859375,59695,0.0002473010766304018,-0.005981685252448132,0.0015432146194181596,0.35,0.45,0,1216.9568192493389,1219.829176414848,39.487176276894765,-2.130330706645964,-1.6630264566289799,1217.8253806814475,0.0015432146194181596,0,SBIN,5m,2026-02-25 05:40:00
1212.5,1213.0999755859375,1211.5,1212.0,109680,-0.0009067476779118788,-0.005171179984918339,0.0015142015680884148,0.3,0.5,0,1216.4847412255922,1219.5221498887756,17.834122522606577,-2.2596204599096836,-1.7823452572851206,1217.617121909001,0.0015142015680884148,0,SBIN,5m,2026-02-25 05:45:00
1212.0,1212.5,1210.699951171875,1211.5999755859375,232714,-0.00033005314691625376,-0.0051728784808555694,0.0015142057830905987,0.3,0.5,0,1216.019525450387,1219.2114763867037,18.666330292401483,-2.3670759696010464,-1.8992913997483059,1217.1788979241828,0.0015142057830905987,0,SBIN,5m,2026-02-25 05:50:00
1211.800048828125,1214.0999755859375,1211.5,1213.0,112819,0.0011555170372015144,-0.0032048848186525536,0.0015398213019147287,0.35,0.45,0,1215.7319515979693,1218.9678890774212,26.41494948254153,-2.312606675279312,-1.9819544548545074,1217.031836466911,0.0015398213019147287,0,SBIN,5m,2026-02-25 05:55:00
1212.800048828125,1213.199951171875,1211.800048828125,1212.300048828125,127883,-0.0005770413618095827,-0.004516340761599236,0.0015274605607626722,0.3,0.45,0,1215.4051037151269,1218.7064051460763,23.92606794080642,-2.299413370928278,-2.0454462380692617,1216.8606894128443,0.0015274605607626722,0,SBIN,5m,2026-02-25 06:00:00
1212.699951171875,1212.9000244140625,1209.9000244140625,1210.5,339655,-0.0014848212122610116,-0.004523026315789491,0.0015277507773182786,0.3,0.45,0,1214.9379509803528,1218.3845853364264,21.78743137722917,-2.4064662341968415,-2.117650237294778,1216.3424693457944,0.0015277507773182786,0,SBIN,5m,2026-02-25 06:05:00
1210.5999755859375,1211.4000244140625,1209.800048828125,1211.0999755859375,160936,0.0004956427806175334,-0.00501148195090273,0.00151109416043955,0.25,0.5,0,1214.572429514218,1218.0989143658192,24.861572909430578,-2.4150541431877173,-2.177131018473366,1216.1145220140224,0.00151109416043955,0,SBIN,5m,2026-02-25 06:10:00
1211.4000244140625,1212.199951171875,1209.9000244140625,1210.300048828125,279464,-0.000660496056426263,-0.00965545126711509,0.0011279506299810382,0.25,0.5,0,1214.1655361155424,1217.7930765015958,24.861572909430578,-2.458072398511149,-2.2333192944809226,1215.7622493651447,0.0011279506299810382,0,SBIN,5m,2026-02-25 06:15:00
1210.300048828125,1210.699951171875,1209.800048828125,1210.0,82745,-0.00024791276214153335,-0.009009009009009028,0.0011247234345579571,0.25,0.55,0,1213.7688183902526,1217.487465658396,32.608272592173236,-2.48769945779145,-2.284195327143028,1215.6545444069047,0.0011247234345579571,0,SBIN,5m,2026-02-25 06:20:00
1209.9000244140625,1211.0,1209.699951171875,1209.9000244140625,189971,-8.262445118800699e-05,-0.008684945174877057,0.0011277412030500692,0.3,0.6,0,1213.4003618210916,1217.189918942932,38.79294922388845,-2.490536950318983,-2.325463651778219,1215.423702304025,0.0011277412030500692,0,SBIN,5m,2026-02-25 06:25:00
1209.9000244140625,1210.5,1209.9000244140625,1210.300048828125,87366,0.00033062600710032086,-0.008600917087183246,0.0011305927391427628,0.3,0.55,0,1213.1050939169995,1216.9197279580376,33.64441199288095,-2.4324670900628007,-2.346864339435135,1215.324610956937,0.0011305927391427628,0,SBIN,5m,2026-02-25 06:30:00
1210.300048828125,1211.5,1210.0999755859375,1211.0,104954,0.000578328632270031,-0.007864964589507806,0.0011518112386483743,0.35,0.55,0,1212.904608782047,1216.6875817636048,34.25868363644584,-2.303413777404103,-2.3381742270289285,1215.224660786944,0.0011518112386483743,0,SBIN,5m,2026-02-25 06:35:00
1211.0,1211.0,1209.699951171875,1209.9000244140625,85520,-0.0009083200544488523,-0.008441179454171,0.0011573536771319534,0.3,0.55,0,1212.618457889858,1216.421403044015,29.310181531176013,-2.263801242690306,-2.323299630161204,1215.1345116242903,0.0011573536771319534,0,SBIN,5m,2026-02-25 06:40:00
1209.800048828125,1214.0,1209.5999755859375,1213.699951171875,98765,0.0031406948352221686,-0.0046744900180942794,0.0014025554035010778,0.35,0.55,0,1212.7214572500502,1216.3146794411862,53.333031919703416,-1.9038394158078518,-2.2394075872905335,1215.079678855555,0.0014025554035010778,0,SBIN,5m,2026-02-25 06:45:00
1213.800048828125,1215.0,1211.300048828125,1211.800048828125,75687,-0.0015653805884358052,-0.002469542212229947,0.0011783644581239371,0.4,0.5,0,1212.6337040670096,1216.1376351034191,45.695530206876484,-1.75168102711541,-2.1418622752555088,1215.0432278337244,0.0011783644581239371,0,SBIN,5m,2026-02-25 06:50:00
1211.699951171875,1212.699951171875,1211.4000244140625,1211.5999755859375,68602,-0.00016510417075898953,-0.000742288176546424,0.001102639301317926,0.4,0.45,0,1212.5352537354788,1215.959687671361,48.591446378680416,-1.628466696011401,-2.0391831594066874,1215.0001848223346,0.001102639301317926,0,SBIN,5m,2026-02-25 06:55:00
1211.5,1213.300048828125,1211.5,1211.699951171875,86632,8.251534165726326e-05,-0.0017301841916035343,0.0010720447394217813,0.45,0.45,0,1212.4557011103736,1215.7926391811852,50.35963009475968,-1.5053979659717243,-1.9324261207196949,1214.9520182084125,0.0010720447394217813,0,SBIN,5m,2026-02-25 07:00:00
1211.699951171875,1211.800048828125,1210.0,1211.4000244140625,65808,-0.0002475256003124926,-0.002470355681561731,0.00106370998897883,0.4,0.5,0,1212.3551604726297,1215.620379778553,43.74994039387726,-1.4157468451567183,-1.8290902656070998,1214.9024873335363,0.00106370998897883,0,SBIN,5m,2026-02-25 07:05:00
1211.4000244140625,1211.699951171875,1210.699951171875,1210.800048828125,51880,-0.0004952745367722278,-0.003210589034755129,0.0010630658957587536,0.4,0.5,0,1212.2070546017244,1215.4313471922615,44.09435195509247,-1.3772347961580635,-1.7387191717172925,1214.8643204313003,0.0010630658957587536,0,SBIN,5m,2026-02-25 07:10:00
1210.5,1210.800048828125,1209.5,1210.4000244140625,93481,-0.00033038024275744426,-0.001978911871236777,0.0010118798101006069,0.35,0.5,0,1212.0349564886137,1215.2340404166457,49.55761772553934,-1.3632773344329507,-1.6636308042604242,1214.7827553909426,0.0010118798101006069,0,SBIN,5m,2026-02-25 07:15:00
1210.4000244140625,1211.199951171875,1208.800048828125,1208.9000244140625,121587,-0.001239259723847197,-0.003462164089028552,0.0010393626199855105,0.4,0.55,0,1211.7363915291326,1214.9856476322307,40.983590154092454,-1.456464196791785,-1.6221974827666963,1214.6674319520334,0.0010393626199855105,0,SBIN,5m,2026-02-25 07:20:00
1208.9000244140625,1209.9000244140625,1208.0999755859375,1208.4000244140625,62349,-0.0004135991313610754,-0.0029702768860870865,0.0010268101719118792,0.4,0.55,0,1211.4186422800783,1214.727387898185,42.01655673296883,-1.5527620040895727,-1.6083103870312716,1214.6008141236448,0.0010268101719118792,0,SBIN,5m,2026-02-25 07:25:00
1208.300048828125,1208.4000244140625,1206.300048828125,1207.5,194062,-0.0007448066831171607,-0.003383935018614337,0.0010348326070819694,0.4,0.55,0,1211.0454382534042,1214.4439609217857,39.999804683685234,-1.6823105299704366,-1.6231104156191047,1214.3550312683628,0.0010348326070819694,0,SBIN,5m,2026-02-25 07:30:00
1207.300048828125,1208.0,1206.0,1206.4000244140625,221096,-0.0009109528662007982,-0.005441035107945136,0.0009981426575895191,0.35,0.6,0,1210.6030178877527,1214.1285124312867,37.03680260421377,-1.8523843730008593,-1.6689652070954557,1214.072231500099,0.0009981426575895191,0,SBIN,5m,2026-02-25 07:35:00
1206.5,1207.5,1204.800048828125,1204.9000244140625,314530,-0.001243368675102996,-0.006104119538076214,0.0010197371832733598,0.35,0.65,0,1210.059875652163,1213.7666109404151,31.50642553155909,-2.0841814366513063,-1.752008453006626,1213.6506319611346,0.0010197371832733598,0,SBIN,5m,2026-02-25 07:40:00
1204.800048828125,1206.5999755859375,1204.800048828125,1204.9000244140625,618270,0.0,-0.004626167357238753,0.0009827461891007752,0.35,0.6,0,1209.5684612485345,1213.4189016648718,28.05729491424205,-2.2420374672988146,-1.8500142558650636,1212.9078038743442,0.0009827461891007752,0,SBIN,5m,2026-02-25 07:45:00
1204.9000244140625,1206.0,1204.5999755859375,1204.800048828125,402295,-8.297417537705964e-05,-0.005201822215184615,0.0009686332454962871,0.35,0.6,0,1209.114326732305,1213.08090743598,30.23231606340194,-2.3481388204756968,-1.9496391687871903,1212.4759123184972,0.0009686332454962871,0,SBIN,5m,2026-02-25 07:50:00
1205.0,1205.0,1202.5999755859375,1203.4000244140625,1049084,-0.0011620388091985179,-0.0057010857933480485,0.0009858783138475156,0.3,0.65,0,1208.570107463901,1212.7012649645321,0.9521595070627313,-2.51619010376794,-2.0629493557833403,1211.3612236323415,0.0009858783138475156,0,SBIN,5m,2026-02-25 07:55:00
1203.5999755859375,1205.0,1202.9000244140625,1203.800048828125,402527,0.00033241183808119246,-0.0051239265883264995,0.0009955314637206429,0.3,0.6,0,1208.1158161652556,1212.3521976650652,5.555555555555557,-2.5872689040427304,-2.1678132654352185,1211.0157470331903,0.0009955314637206429,0,SBIN,5m,2026-02-25 08:00:00
1203.800048828125,1203.800048828125,1201.300048828125,1201.5999755859375,353836,-0.001827606872361609,-0.0068601112989848945,0.0010542392780444108,0.25,0.6,0,1207.4952599196063,1211.9305418972563,4.545454545454547,-2.7889772950416045,-2.292046071356496,1210.672265616424,0.0010542392780444108,0,SBIN,5m,2026-02-25 08:05:00
1201.699951171875,1201.9000244140625,1200.0,1201.5,697018,-8.320205390210944e-05,-0.007270964614638831,0.0010443243020731169,0.25,0.65,0,1206.9242827844055,1211.5215010385402,3.636585582386374,-2.9232029780923767,-2.418277452703672,1209.9899285912302,0.0010443243020731169,0,SBIN,5m,2026-02-25 08:10:00
1201.5,1201.5,1199.800048828125,1200.0999755859375,1290669,-0.0011652304736267105,-0.009000845924081347,0.0010342202747615032,0.2,0.7,0,1206.2743487655036,1211.0735980796146,3.30596021145233,-3.1067355550735556,-2.555969073177649,1208.8760583783296,0.0010342202747615032,0,SBIN,5m,2026-02-25 08:15:00
1200.0999755859375,1201.300048828125,1200.0999755859375,1200.9000244140625,107376,0.0006666518160158841,-0.007438631141741259,0.001057307354048996,0.2,0.65,0,1205.7625083510807,1210.6746344064559,9.756557466530381,-3.1513029318882673,-2.6750358449197726,1208.7979093747324,0.001057307354048996,0,SBIN,5m,2026-02-25 08:20:00
1200.9000244140625,1202.699951171875,1200.699951171875,1201.5999755859375,119081,0.0005828554897535643,-0.009969494992773553,0.0007064359662183351,0.2,0.6,0,1205.3660766591622,1210.3187654331023,15.079441968610737,-3.094471547512285,-2.758922985438275,1208.7225005552664,0.0007064359662183351,0,SBIN,5m,2026-02-25 08:25:00
1201.4000244140625,1201.5999755859375,1198.4000244140625,1198.5,225402,-0.0025798732098224475,-0.010975448334885618,0.0008149948635733975,0.15,0.65,0,1204.7121645963848,1209.8552844357257,13.380384605465622,-3.2619724008252433,-2.859532868515669,1208.5415284692147,0.0008149948635733975,0,SBIN,5m,2026-02-25 08:30:00
1198.699951171875,1200.0,1198.5,1199.5,76474,0.0008343763037130802,-0.009986774372528262,0.0008687921348767553,0.15,0.65,0,1204.2157679681577,1209.449194850011,19.72795894471986,-3.276259708682119,-2.942878236548959,1208.4806292572239,0.0008687921348767553,0,SBIN,5m,2026-02-25 08:35:00
1199.5,1201.0,1199.300048828125,1200.0,262333,0.00041684035014588616,-0.009655815501650844,0.0008837060495140653,0.15,0.65,0,1203.8142662569046,1209.0786381892262,23.776313318423163,-3.21023113553656,-2.9963488163464795,1208.2947164341851,0.0008837060495140653,0,SBIN,5m,2026-02-25 08:40:00
1200.0,1201.0,1199.9000244140625,1200.5999755859375,403645,0.0004999796549478575,-0.00891534473375033,0.0009096881314355149,0.15,0.6,0,1203.50814333586,1208.7461416165484,28.985404688191053,-3.0740542165524403,-3.0118898963876717,1208.03743766742,0.0009096881314355149,0,SBIN,5m,2026-02-25 08:45:00
1200.5999755859375,1200.9000244140625,1199.4000244140625,1199.699951171875,160199,-0.000749645537534871,-0.009167572851515149,0.0009121694039952566,0.15,0.65,0,1203.1454583678615,1208.3913890500908,30.30286216303695,-3.0041277607317625,-3.01033746925649,1207.9335104625097,0.0009121694039952566,0,SBIN,5m,2026-02-25 08:50:00
1199.9000244140625,1200.9000244140625,1199.9000244140625,1200.300048828125,77520,0.0005002064521748562,-0.008344328636994858,0.0009369517806303503,0.15,0.6,0,1202.8744669831246,1208.074081590406,33.3336281855092,-2.867235963670055,-2.9817171681392027,1207.8864593840813,0.0009369517806303503,0,SBIN,5m,2026-02-25 08:55:00
1200.199951171875,1202.0,1200.0999755859375,1200.199951171875,104125,-8.33938616829899e-05,-0.007196685471492437,0.0009191373008273859,0.15,0.55,0,1202.619751191577,1207.7652921622284,33.33333333333333,-2.735294500218288,-2.93243263455502,1207.8274862042697,0.0009191373008273859,0,SBIN,5m,2026-02-25 09:00:00
1200.300048828125,1200.800048828125,1200.0,1200.199951171875,73018,0.0,-0.006785892979573216,0.0009225303047122852,0.15,0.55,0,1202.3892940468434,1207.468612123391,37.09675831585994,-2.600750111471598,-2.8660961299383354,1207.784208133683,0.0009225303047122852,0,SBIN,5m,2026-02-25 09:05:00
1200.0,1200.199951171875,1198.5,1198.9000244140625,150268,-0.0010830918269436607,-0.007122132990424412,0.0009333805002283513,0.15,0.55,0,1202.056982653245,1207.1325890759663,31.57909228580607,-2.5693975241995304,-2.8067564087905743,1207.6833869918833,0.0009333805002283513,0,SBIN,5m,2026-02-25 09:10:00
1199.0,1199.5999755859375,1198.0,1198.0999755859375,862600,-0.0006673190523255323,-0.006880013809810959,0.0009273392304739325,0.15,0.55,0,1201.680124837311,1206.7783689391026,35.294298668526764,-2.579374206794455,-2.7612799683913507,1207.1075525278802,0.0009273392304739325,0,SBIN,5m,2026-02-25 09:15:00
1198.0999755859375,1200.0,1197.800048828125,1199.9000244140625,199077,0.001502419551627776,-0.004149721884545099,0.0009885288529469943,0.2,0.55,0,1201.5105914636683,1206.5086299381205,44.11783185086121,-2.414202479441201,-2.691864470601321,1206.9944190869699,0.0009885288529469943,0,SBIN,5m,2026-02-25 09:20:00
1200.0999755859375,1200.5,1199.199951171875,1200.199951171875,217908,0.00024995978974073907,-0.003900799358414142,0.0009928600804949815,0.25,0.55,0,1201.3857685787357,1206.2612307708168,50.39989843849182,-2.2333563707270514,-2.600162850626467,1206.8856066500823,0.0009928600804949815,0,SBIN,5m,2026-02-25 09:25:00
1200.4000244140625,1203.0999755859375,1200.4000244140625,1201.9000244140625,1696948,0.001416491677513898,-0.002407058679058993,0.0010563439597141037,0.3,0.5,0,1201.4347453249572,1206.090203070552,53.731302494215385,-1.9305980910671678,-2.4662498987146075,1206.338393190081,0.0010563439597141037,0,SBIN,5m,2026-02-25 09:30:00
1201.5999755859375,1201.699951171875,1200.0999755859375,1200.0999755859375,489664,-0.0014976693498300886,-0.002742270866856411,0.0010762486208520231,0.3,0.5,0,1201.3076243974315,1205.8552921888024,44.82767329483273,-1.8149868315708773,-2.3359972852858615,1206.1665913471525,0.0010762486208520231,0,SBIN,5m,2026-02-25 09:35:00
1200.0,1200.4000244140625,1199.0999755859375,1199.5,534556,-0.000499938003618916,-0.0035720623473234348,0.0010732409485982716,0.3,0.55,0,1201.135469692914,1205.6060650441434,54.16658189734096,-1.7515858991450841,-2.219115008057706,1205.9597102056011,0.0010732409485982716,0,SBIN,5m,2026-02-25 09:40:00
1199.5999755859375,1200.0,1198.300048828125,1199.9000244140625,650808,0.000333492633649346,-0.0014147396857644434,0.0010050801098356198,0.3,0.55,0,1201.0178082377852,1205.3822987449246,51.75445171376256,-1.6500409316024616,-2.105300192766657,1205.715004421972,0.0010050801098356198,0,SBIN,5m,2026-02-25 09:45:00
1200.0,1200.0999755859375,1198.300048828125,1198.5999755859375,802665,-0.001083464290085212,-0.0024136699243133553,0.0010303253123945429,0.35,0.5,0,1200.7875384614188,1205.1163252877095,44.26234428935914,-1.655386622163178,-2.015317478645961,1205.41964316431,0.0010303253123945429,0,SBIN,5m,2026-02-25 09:50:00
1198.800048828125,1199.9000244140625,1198.5,1199.5999755859375,835080,0.0008343067081335587,-0.00041663195581342904,0.0010205620722824277,0.35,0.45,0,1200.6744372351825,1204.8999978484244,46.03185367460425,-1.5609379566806183,-1.9244415742528926,1205.1533117729964,0.0010205620722824277,0,SBIN,5m,2026-02-25 09:55:00
1204.5,1204.699951171875,1201.0,1203.0999755859375,199561,-0.0009134492862808985,0.0012483355779602245,0.0013469656531996882,0.35,0.45,0,1201.2092266690286,1204.803032510064,58.333030582661834,-0.8179794619904897,-1.5715907604574824,1202.9333089192708,0.0013469656531996882,0,SBIN,5m,2026-02-26 03:50:00
1203.199951171875,1204.0,1201.5999755859375,1202.699951171875,115887,-0.00033249474040397686,0.003504339734563988,0.0012006584050200046,0.35,0.4,0,1201.3512004312042,1204.7205587320957,57.30989977442106,-0.6178873537123764,-1.3808500791084612,1202.8720801272036,0.0012006584050200046,0,SBIN,5m,2026-02-26 03:55:00
1202.9000244140625,1203.0,1201.5999755859375,1202.9000244140625,73715,0.00016635341341175724,0.002834534734524885,0.0011906175158801222,0.35,0.4,0,1201.498707477191,1204.6491652294278,57.803602802650246,-0.4381183224513734,-1.1923037277770436,1202.8016009537548,0.0011906175158801222,0,SBIN,5m,2026-02-26 04:00:00
1203.0,1203.0,1201.699951171875,1202.300048828125,57020,-0.00049877427363898,0.0019167073567707416,0.001197087486956208,0.3,0.4,0,1201.5750257010895,1204.557043017612,60.24090183764863,-0.34014213874661436,-1.0218714099709578,1202.7417586475344,0.001197087486956208,0,SBIN,5m,2026-02-26 04:05:00
1202.5,1204.800048828125,1202.5,1203.0999755859375,92245,0.0006653303878614292,0.002082292229582894,0.0012005871262653054,0.35,0.4,0,1201.720259023456,1204.4999031183306,65.06015236638527,-0.19569208663097015,-0.8566355453029604,1202.8659533233622,0.0012005871262653054,0,SBIN,5m,2026-02-26 04:10:00
1203.4000244140625,1203.9000244140625,1201.199951171875,1202.5,65952,-0.0004986913790313574,0.0023339576078085233,0.0011924721707814556,0.35,0.4,0,1201.7945200688414,1204.4214755450628,58.441465792623475,-0.12815015992987355,-0.7109384682283431,1202.8296558113645,0.0011924721707814556,0,SBIN,5m,2026-02-26 04:15:00
1202.800048828125,1202.9000244140625,1201.199951171875,1201.300048828125,35820,-0.0009978803924116653,0.0008331250181787819,0.001214006731090298,0.35,0.4,0,1201.7474275697255,1204.2990666542025,53.37452257919569,-0.1694948959127487,-0.6026497537652241,1202.7720457213002,0.001214006731090298,0,SBIN,5m,2026-02-26 04:20:00
1201.5999755859375,1203.5,1201.0,1202.9000244140625,44760,0.0013318700748394807,0.002249686178999788,0.0012470885611018593,0.35,0.45,0,1201.8571986977577,1204.2442022526284,53.086429055836035,-0.07232254948962691,-0.4965843129101047,1202.7520906841773,0.0012470885611018593,0,SBIN,5m,2026-02-26 04:25:00
1202.9000244140625,1204.4000244140625,1200.199951171875,1200.199951171875,88330,-0.002244636451398163,0.0,0.001354205676294193,0.4,0.45,0,1201.6993656000545,1204.0856041710304,50.292326692032574,-0.21075663871170036,-0.43941877807042384,1202.6204889220603,0.001354205676294193,0,SBIN,5m,2026-02-26 04:30:00
1200.699951171875,1202.5999755859375,1200.199951171875,1200.199951171875,73751,0.0,0.001084266186788918,0.001330017009799059,0.4,0.4,0,1201.556564225942,1203.933225622044,52.121064157196976,-0.3168146101681941,-0.41489794448997797,1202.4793910538028,0.001330017009799059,0,SBIN,5m,2026-02-26 04:35:00
1200.300048828125,1200.9000244140625,1197.4000244140625,1197.699951171875,149946,-0.0020829862537146138,-0.00033388233220421615,0.0014059846698878601,0.4,0.4,0,1201.1892677446024,1203.6887834867432,44.08581685491334,-0.5957282389711054,-0.4510640033862035,1201.905960536701,0.0014059846698878601,0,SBIN,5m,2026-02-26 04:40:00
1198.0,1198.9000244140625,1194.699951171875,1198.0999755859375,178902,0.0003339938468487347,-0.0015001656733892865,0.0013632057081070423,0.35,0.4,0,1200.8950494437772,1203.4696145494568,48.58756672505827,-0.7755506075498033,-0.5159613242189235,1201.1950556266686,0.0013632057081070423,0,SBIN,5m,2026-02-26 04:45:00
1198.199951171875,1198.4000244140625,1196.0999755859375,1196.300048828125,62103,-0.0015023176650448278,-0.003249377189144309,0.001397163554541459,0.3,0.4,0,1200.4574303375246,1203.1884551094045,41.08122018330463,-1.0511827960049231,-0.6230056185761235,1200.9812701346848,0.001397163554541459,0,SBIN,5m,2026-02-26 04:50:00
1196.300048828125,1198.0999755859375,1196.199951171875,1196.699951171875,66064,0.00033428264434309796,-0.0043265439192603505,0.0013530822972483846,0.25,0.4,0,1200.0995751788912,1202.9340039745994,23.775865601311196,-1.2232536080166483,-0.7430552164642285,1200.7795753314488,0.0013530822972483846,0,SBIN,5m,2026-02-26 04:55:00
1197.0,1197.4000244140625,1192.5,1192.800048828125,308963,-0.0032588806742500642,-0.006082765524804246,0.0014911580368243903,0.25,0.4,0,1199.404382193104,1202.5365939688554,19.88278210463946,-1.6552300310827377,-0.9254901793879303,1199.5256911407344,0.0014911580368243903,0,SBIN,5m,2026-02-26 05:00:00
1192.9000244140625,1193.0,1189.699951171875,1190.0999755859375,369026,-0.002263642799847476,-0.007836618936275519,0.0015541776263282535,0.25,0.4,0,1198.5182482305167,1202.048883444035,17.525468308551936,-2.1902005353563254,-1.1784322505816094,1197.9259230014347,0.0015541776263282535,0,SBIN,5m,2026-02-26 05:05:00
1190.0999755859375,1193.800048828125,1189.4000244140625,1193.5,445094,0.0028569233541817507,-0.0053337980530401286,0.0017107312746977735,0.3,0.4,0,1198.0403198276106,1201.7136331128963,29.203238682705248,-2.3131504012826554,-1.4053758807218186,1196.882008071478,0.0017107312746977735,0,SBIN,5m,2026-02-26 05:10:00
1193.9000244140625,1194.699951171875,1193.300048828125,1194.300048828125,145308,0.0006703383562003395,-0.0035874577385257567,0.0017115711900093005,0.3,0.4,0,1197.6841035419454,1201.4229043174153,32.455990062963124,-2.3192963965448143,-1.5881599838864178,1196.7248636623565,0.0017115711900093005,0,SBIN,5m,2026-02-26 05:15:00
1194.300048828125,1195.5,1194.0999755859375,1194.5,100298,0.00016742122054780317,-0.0042513968737341035,0.0016972419202714675,0.35,0.4,0,1197.3808555855696,1201.151417873595,30.630536508652213,-2.2817303859992535,-1.726874064308985,1196.6488778904873,0.0016972419202714675,0,SBIN,5m,2026-02-26 05:20:00
1194.5,1194.5,1193.300048828125,1193.9000244140625,78410,-0.0005022817797718515,-0.008553335970317155,0.0014049555103170061,0.3,0.45,0,1197.04934785495,1200.867049502633,30.630536508652213,-2.2741570012760803,-1.8363306517024043,1196.5705334856511,0.0014049555103170061,0,SBIN,5m,2026-02-26 05:25:00
1193.5,1193.9000244140625,1192.0,1193.9000244140625,182683,0.0,-0.007646871713545167,0.001403206348382475,0.3,0.5,0,1196.7494122891512,1200.5938328324933,32.38079183402991,-2.2423071186437937,-1.9175259450906823,1196.3648106990706,0.001403206348382475,-1,SBIN,5m,2026-02-26 05:30:00
1193.800048828125,1194.0,1191.9000244140625,1192.0,126729,-0.001591443483716315,-0.00889660896838762,0.0014288347242828773,0.35,0.55,0,1196.2970873092322,1200.2568197802386,24.41300024643388,-2.3433690485449006,-2.002694565781526,1196.2103016281176,0.0014288347242828773,-1,SBIN,5m,2026-02-26 05:35:00
1192.0999755859375,1193.5,1191.9000244140625,1192.199951171875,98817,0.00016774427170718198,-0.008895230713291902,0.0014288661175549857,0.35,0.55,0,1195.906883867579,1199.940864148538,28.723183211261755,-2.3798930420382476,-2.0781342610328704,1196.0952957345128,0.0014288661175549857,0,SBIN,5m,2026-02-26 05:40:00
1192.199951171875,1193.0,1191.5999755859375,1192.5,71744,0.00025167659823344124,-0.0081510841138841,0.0014372275939571987,0.35,0.6,-1,1195.5824187373335,1199.6490655544776,29.842905167895893,-2.3574518991749756,-2.1339977886612913,1196.012505034888,0.0014372275939571987,0,SBIN,5m,2026-02-26 05:45:00
1192.4000244140625,1195.0,1191.5999755859375,1194.0999755859375,87560,0.0013416986045597934,-0.007480675074917897,0.0014713686514402375,0.35,0.6,-1,1195.4412336752957,1199.4314541831623,40.10986431287854,-2.185370878404683,-2.1442724066099697,1195.9479738006617,0.0014713686514402375,0,SBIN,5m,2026-02-26 05:50:00
1194.199951171875,1194.9000244140625,1193.699951171875,1194.0,320372,-8.372463611217018e-05,-0.0070686070686070135,0.0014724482496291924,0.35,0.55,0,1195.3039733252676,1199.218455979901,38.54741364612815,-2.033620314817199,-2.1221419882514154,1195.794086678806,0.0014724482496291924,0,SBIN,5m,2026-02-26 05:55:00
1193.9000244140625,1195.699951171875,1193.4000244140625,1195.0999755859375,105458,0.0009212525845372355,-0.00516113626086645,0.001490671726244089,0.4,0.6,0,1195.284544969141,1199.0569469448435,46.51138033087061,-1.8038049226461226,-2.058474575130357,1195.7642119011325,0.001490671726244089,0,SBIN,5m,2026-02-26 06:00:00
1195.0,1196.9000244140625,1194.800048828125,1195.0,154266,-8.365457951620137e-05,-0.006567482129623103,0.0014441077611278253,0.4,0.55,0,1195.2574454482706,1198.897850986222,44.97052960041605,-1.6111692071719972,-1.9690135015386852,1195.756396452295,0.0014441077611278253,0,SBIN,5m,2026-02-26 06:05:00
1194.9000244140625,1195.0999755859375,1194.0999755859375,1194.0999755859375,95004,-0.0007531585054916246,-0.005082466117401041,0.001376891329674063,0.35,0.55,0,1195.1472102232865,1198.7096990097402,54.675987318761024,-1.5136797057750755,-1.8779467423859635,1195.7249229219053,0.001376891329674063,0,SBIN,5m,2026-02-26 06:10:00
1194.199951171875,1194.199951171875,1192.800048828125,1193.300048828125,98795,-0.000669899316780409,-0.005748960693601868,0.0013785385100319849,0.35,0.6,0,1194.971290090414,1198.4975558653632,63.33377414727933,-1.4838609522466868,-1.7991295843581083,1195.6696043161712,0.0013785385100319849,0,SBIN,5m,2026-02-26 06:15:00
1193.5,1193.699951171875,1191.699951171875,1192.800048828125,313989,-0.00041900610034417696,-0.004091093381907385,0.001313122543126674,0.35,0.6,0,1194.7645052082912,1198.2741242168443,46.15405253132294,-1.4834746245278438,-1.7359985923920556,1195.460380025696,0.001313122543126674,0,SBIN,5m,2026-02-26 06:20:00
1192.699951171875,1193.300048828125,1190.699951171875,1191.5999755859375,122353,-0.0010060975796961635,-0.005425256766924735,0.0013183981002502863,0.35,0.6,0,1194.4631214347337,1198.0123928979854,35.78890559346209,-1.561998590796975,-1.7011985920730395,1195.3632923931277,0.0013183981002502863,0,SBIN,5m,2026-02-26 06:25:00
1191.0999755859375,1192.0,1191.0,1191.5,216352,-8.390029203242388e-05,-0.004012412130908971,0.0012864467180476798,0.35,0.6,0,1194.1809193933304,1197.7570049412018,34.04238740844632,-1.6136949234669373,-1.6836978583518192,1195.1871528261777,0.0012864467180476798,0,SBIN,5m,2026-02-26 06:30:00
1191.5999755859375,1192.0999755859375,1190.0,1190.0999755859375,168266,-0.0011750099992131613,-0.005515146532323656,0.001297661651794267,0.4,0.65,0,1193.7922580783406,1197.456729280211,31.372220493549392,-1.7474909217121422,-1.6964564710238839,1195.0346296612258,0.001297661651794267,0,SBIN,5m,2026-02-26 06:35:00
1190.199951171875,1191.9000244140625,1190.0,1191.0,162139,0.0007562595013241857,-0.0015090951998982804,0.0011086728148833754,0.4,0.6,0,1193.5263287375462,1197.2035242103989,36.93679823162618,-1.760605600449253,-1.7092862969089577,1194.9046817778706,0.0011086728148833754,0,SBIN,5m,2026-02-26 06:40:00
1191.199951171875,1192.300048828125,1190.800048828125,1191.9000244140625,107970,0.0007556880050902937,0.0015125190026483715,0.0009946585929317318,0.45,0.55,0,1193.3714426115002,1196.9955438262289,49.50507016038386,-1.6790199328061135,-1.703233024088389,1194.8372381882457,0.0009946585929317318,0,SBIN,5m,2026-02-26 06:45:00
1192.0999755859375,1192.4000244140625,1189.800048828125,1190.9000244140625,267208,-0.0008389965429286272,-0.002178446238741083,0.0007684080178653297,0.45,0.55,0,1193.1360694498394,1196.7565038492812,44.037046576999316,-1.6757374874125617,-1.6977339167532237,1194.650767592726,0.0007684080178653297,0,SBIN,5m,2026-02-26 06:50:00
1190.800048828125,1191.699951171875,1190.800048828125,1191.5999755859375,63312,0.000587749733416354,-0.0022607997419382686,0.0007642112600821456,0.4,0.55,0,1192.9897747961343,1196.5542870546403,46.01756527563223,-1.5982324867136413,-1.6778336307453072,1194.6130604785726,0.0007642112600821456,0,SBIN,5m,2026-02-26 06:55:00
1191.5,1192.0999755859375,1191.5,1191.5999755859375,73052,0.0,-0.002427814494819991,0.0007618926709805134,0.4,0.55,0,1192.8574129665917,1196.3600003303775,37.11333719262037,-1.5192957199355988,-1.6461260485833655,1194.575408324943,0.0007618926709805134,0,SBIN,5m,2026-02-26 07:00:00
1191.800048828125,1194.0999755859375,1191.699951171875,1192.9000244140625,198818,0.0010910111234987419,-0.0008375910709029766,0.0008021880470444953,0.45,0.5,0,1192.8614711996843,1196.2243150003258,44.954251733058584,-1.336429164575975,-1.5841866717818875,1194.5178379567503,0.0008021880470444953,0,SBIN,5m,2026-02-26 07:05:00
1192.9000244140625,1194.199951171875,1192.5999755859375,1192.5999755859375,153961,-0.00025152889763113695,-0.001088909290175355,0.0008034723523872157,0.5,0.45,0,1192.836566855518,1196.082184042899,37.623882040125686,-1.201863203907351,-1.5077219782069802,1194.4819516570165,0.0008034723523872157,0,SBIN,5m,2026-02-26 07:10:00
1192.699951171875,1193.0,1192.0999755859375,1192.300048828125,87368,-0.00025148982387424024,0.000251718815541091,0.0007200779217103628,0.45,0.45,0,1192.7854699005284,1195.9338650148686,36.89350304581763,-1.1066633669252042,-1.4275102559506252,1194.45273979864,0.0007200779217103628,0,SBIN,5m,2026-02-26 07:15:00
1192.300048828125,1192.800048828125,1192.0,1192.699951171875,32154,0.00033540411588761643,0.0004193927365192529,0.0007229465276009992,0.45,0.5,0,1192.7773252597044,1195.8070448641631,42.85696491075099,-0.9875640100510736,-1.339521006770715,1194.442377865075,0.0007229465276009992,0,SBIN,5m,2026-02-26 07:20:00
1192.800048828125,1192.9000244140625,1191.699951171875,1192.0999755859375,194479,-0.0005030398344093578,-0.00033545024240044796,0.0007299470322995761,0.5,0.5,0,1192.712815766965,1195.6616695983505,43.74960263469094,-0.9308595577026608,-1.2577887169571043,1194.3736833236524,0.0007299470322995761,0,SBIN,5m,2026-02-26 07:25:00
1192.199951171875,1193.0,1192.0,1192.5999755859375,48093,0.00041942790893378934,-0.0012561762253314734,0.000665953627867843,0.5,0.5,0,1192.7020690830577,1195.5416031664913,48.957949213534576,-0.8359388664587186,-1.173418746857427,1194.35963905498,0.000665953627867843,0,SBIN,5m,2026-02-26 07:30:00
1192.699951171875,1192.800048828125,1191.5,1191.5,38518,-0.0009223340671268287,-0.0020938023450586263,0.0006931948832749334,0.5,0.55,0,1192.5875863132426,1195.3831089246682,49.473805944258125,-0.8397917748586678,-1.1066933524576752,1194.3448998196116,0.0006931948832749334,0,SBIN,5m,2026-02-26 07:35:00
1191.699951171875,1192.5,1190.5999755859375,1192.4000244140625,148647,0.0007553708888481392,-0.002259184358656907,0.0006811629213404814,0.45,0.55,0,1192.5697232752254,1195.26612521837,54.36908162176896,-0.7614433392936917,-1.0376433498248785,1194.2873683432301,0.0006811629213404814,0,SBIN,5m,2026-02-26 07:40:00
1192.4000244140625,1195.0,1192.0,1194.9000244140625,161102,0.002096611832282047,-8.36615781903971e-05,0.0008416434815836795,0.45,0.55,0,1192.7916567170196,1195.2517683240835,71.05302608472181,-0.49195162095315936,-0.9285050040505347,1194.2795996901991,0.0008416434815836795,0,SBIN,5m,2026-02-26 07:45:00
1194.9000244140625,1196.0,1194.0,1196.0,127651,0.0009205586772640384,0.0015911769976630907,0.0008464135655641419,0.5,0.5,0,1193.0972132201607,1195.281110742747,71.55199629575064,-0.18745775931870412,-0.7802955551041687,1194.2994447559417,0.0008464135655641419,0,SBIN,5m,2026-02-26 07:50:00
1196.0,1198.0,1195.699951171875,1197.300048828125,232499,0.0010869973479306072,0.0033520488027534157,0.0008556262333382171,0.55,0.45,0,1193.497483278062,1195.3602847853108,72.5003306104595,0.15694967707509022,-0.592846508668317,1194.389006861329,0.0008556262333382171,1,SBIN,5m,2026-02-26 07:55:00
1196.800048828125,1197.0,1195.0,1195.0,68280,-0.0019210295951931355,0.001844358720505035,0.0009683285558951083,0.55,0.45,0,1193.6405801087228,1195.3461559702005,65.41352693363193,0.24151628423351212,-0.4259739500879512,1194.4013307983598,0.0009683285558951083,0,SBIN,5m,2026-02-26 08:00:00
1195.0,1196.5999755859375,1195.0,1196.300048828125,73288,0.0010879069691422938,0.003944338149114435,0.0009564152713980045,0.55,0.4,0,1193.893862843904,1195.3835635332564,66.90670858618236,0.4087274495298061,-0.2590336701643997,1194.4173710131581,0.0009564152713980045,0,SBIN,5m,2026-02-26 08:05:00
1196.699951171875,1200.0,1196.300048828125,1199.5999755859375,150807,0.0027584440551056133,0.006798133097723369,0.001111102106519683,0.6,0.4,1,1194.437302152669,1195.5489130255185,73.25587997331479,0.7983175061597194,-0.047563434899575874,1194.5044321552473,0.001111102106519683,0,SBIN,5m,2026-02-26 08:10:00
1199.9000244140625,1200.0,1196.9000244140625,1198.5999755859375,269676,-0.0008336112207001367,0.007142257099715499,0.001089014520836705,0.55,0.35,0,1194.8337472415517,1195.6685625376917,66.86385831094161,1.014682165842487,0.1648856852488367,1194.6467232751124,0.001089014520836705,0,SBIN,5m,2026-02-26 08:15:00
1198.5,1199.199951171875,1197.800048828125,1198.800048828125,110958,0.00016692244807514633,0.0065491593854953845,0.0010855954135537268,0.55,0.35,0,1195.2114902497967,1195.7913659216304,68.45267938237966,1.1885955662146444,0.3696276614419982,1194.7038129050643,0.0010855954135537268,0,SBIN,5m,2026-02-26 08:20:00
1198.5999755859375,1199.5999755859375,1197.800048828125,1198.4000244140625,74018,-0.00033368735215977274,0.005453477529036466,0.0010902736245482483,0.55,0.35,0,1195.515160170203,1195.8936662546669,68.04723897576655,1.2793964757411231,0.5515814243018232,1194.740988239505,0.0010902736245482483,0,SBIN,5m,2026-02-26 08:25:00
1198.4000244140625,1199.699951171875,1198.199951171875,1199.0999755859375,65783,0.0005840713932037112,0.006885507602461871,0.001059928824027412,0.55,0.3,0,1195.8565711621777,1196.019403875501,68.60464291037096,1.3917933333743804,0.7196238061163347,1194.7768001135785,0.001059928824027412,0,SBIN,5m,2026-02-26 08:30:00
1199.0999755859375,1199.5,1198.800048828125,1199.5,178376,0.0003336038880885628,0.006629762148306462,0.0010583711186963115,0.55,0.3,0,1196.2035643848274,1196.1558978411676,71.76462140523462,1.495903436250046,0.874879732143077,1194.8768897619693,0.0010583711186963115,0,SBIN,5m,2026-02-26 08:35:00
1199.300048828125,1202.4000244140625,1199.199951171875,1200.0,484127,0.00041684035014588616,0.00704936605082751,0.0010556109507490362,0.55,0.3,0,1196.5651296815104,1196.3066469454357,71.76462140523462,1.6003098879475601,1.0199657633039738,1195.1995964489001,0.0010556109507490362,0,SBIN,5m,2026-02-26 08:40:00
1200.0,1201.4000244140625,1198.0,1198.5,233213,-0.0012499999999999734,0.004694421553631978,0.0010982616408238123,0.5,0.35,0,1196.749403045176,1196.3926607907126,70.11477318965639,1.544214545112709,1.1248155196657208,1195.3092724351618,0.0010982616408238123,0,SBIN,5m,2026-02-26 08:45:00
1198.9000244140625,1199.4000244140625,1197.699951171875,1197.800048828125,243713,-0.0005840226715686514,0.004360282868220544,0.0011084793404907082,0.45,0.4,0,1196.849464548314,1196.4478524784543,65.69767854481452,1.426830755162655,1.1852185667651076,1195.3905957931022,0.0011084793404907082,0,SBIN,5m,2026-02-26 08:50:00
1198.0,1199.199951171875,1196.699951171875,1197.9000244140625,579782,8.34660058959269e-05,0.004696783826723339,0.0011035295716158256,0.45,0.4,0,1196.9495178688614,1196.5048003974978,60.13510169743159,1.3265784792347404,1.2134905492590342,1195.5450850668346,0.0011035295716158256,0,SBIN,5m,2026-02-26 08:55:00
1197.800048828125,1201.199951171875,1197.5999755859375,1200.5999755859375,188501,0.002253903595331952,0.006623647805385158,0.0011925213048423913,0.5,0.35,0,1197.2971805085829,1196.665395502927,64.02429493334525,1.448296265603176,1.2604516925278626,1195.627506875131,0.0011925213048423913,0,SBIN,5m,2026-02-26 09:00:00
1201.0,1206.0,1200.300048828125,1205.9000244140625,329567,0.0044145001964859265,0.011576251246328662,0.0014830985630921558,0.5,0.3,0,1198.1164989757715,1197.0275378131676,71.07834630827504,1.9499503208066926,1.3983514181836287,1195.903959153497,0.0014830985630921558,0,SBIN,5m,2026-02-26 09:05:00
1205.699951171875,1211.800048828125,1205.199951171875,1211.199951171875,435254,0.004394996807788987,0.015596156269246153,0.001709977959266198,0.5,0.3,0,1199.362542042067,1197.5833187291955,84.61542474385995,2.7435486487740945,1.667390864301722,1196.4636274758068,0.001709977959266198,0,SBIN,5m,2026-02-26 09:10:00
1211.4000244140625,1215.199951171875,1210.5999755859375,1212.800048828125,698732,0.0013210846439530854,0.017876667081934583,0.0016657534021646385,0.55,0.25,0,1200.6423045931201,1198.1800532428792,84.81019830028329,3.46169132675368,2.0262509567921136,1197.4874544955937,0.0016657534021646385,0,SBIN,5m,2026-02-26 09:15:00
1212.800048828125,1213.0,1210.199951171875,1210.4000244140625,141298,-0.001978911871236777,0.015095605192431139,0.0017851109063532994,0.55,0.25,0,1201.5716112427335,1198.6592677986118,73.6842668836801,3.793434311208557,2.3796876276754024,1197.6583766391186,0.0017851109063532994,0,SBIN,5m,2026-02-26 09:20:00
1210.300048828125,1211.800048828125,1209.5,1209.5,122034,-0.0007435760045512163,0.012218575016848643,0.0017853964057986682,0.5,0.3,0,1202.3266958862828,1199.0843945516076,74.00878688313014,3.9383200658710393,2.69141411531453,1197.7926629595997,0.0017853964057986682,0,SBIN,5m,2026-02-26 09:25:00
1210.5,1214.0999755859375,1208.199951171875,1209.5999755859375,756914,8.265860763745358e-05,0.011371217045098136,0.0017875284257454344,0.5,0.35,0,1203.0193891910117,1199.4967702784443,73.89366908106882,4.014928666084643,2.9561170254685525,1198.5883559457216,0.0017875284257454344,0,SBIN,5m,2026-02-26 09:30:00
1209.5999755859375,1212.0,1208.800048828125,1211.9000244140625,552454,0.0019014954320009103,0.012194082511086002,0.001809145838408225,0.45,0.35,0,1203.8651639741593,1199.9831724014095,77.55102040816327,4.212675154921953,3.207428651359233,1199.1210947669394,0.001809145838408225,0,SBIN,5m,2026-02-26 09:35:00
1212.0,1212.300048828125,1208.0,1208.800048828125,664144,-0.0025579466321377087,0.011548158015167287,0.0018608684154705682,0.5,0.35,0,1204.3351530078703,1200.3289322612807,68.02985955119915,4.07230554638727,3.3804040303648404,1199.6441914503966,0.0018608684154705682,0,SBIN,5m,2026-02-26 09:40:00
1208.9000244140625,1210.5,1208.5999755859375,1209.5999755859375,640960,0.0006617527510757171,0.011117550961266653,0.001857133317635778,0.5,0.35,0,1204.8365646819718,1200.6925025877376,68.49817341185204,3.9797331380857486,3.5002698519090223,1200.0961330130242,0.001857133317635778,0,SBIN,5m,2026-02-26 09:45:00
1209.800048828125,1210.0,1208.0999755859375,1208.0999755859375,987711,-0.0012400793901086171,0.007085695375950829,0.0018222956720088052,0.45,0.4,0,1205.1473657204447,1200.982991724922,64.31094796685545,3.7421936941107106,3.5486546203493603,1200.6625993328814,0.0018222956720088052,0,SBIN,5m,2026-02-26 09:50:00
1208.0999755859375,1212.699951171875,1207.800048828125,1209.5,690554,0.0011588646985805084,0.00909396348747138,0.0018083239622712695,0.5,0.45,0,1205.5619023184975,1201.316992049435,69.50357986961829,3.625124069392996,3.5639485101580877,1201.0719777461695,0.0018083239622712695,0,SBIN,5m,2026-02-26 09:55:00
1208.699951171875,1209.9000244140625,1207.4000244140625,1209.9000244140625,89153,0.0007444370670492972,0.009596127975400215,0.0018100865115677869,0.5,0.5,0,1206.2713101187487,1201.9430605155433,70.83329801212224,3.3491822974544903,3.5031162833286382,1209.0666910807292,0.0018100865115677869,0,SBIN,5m,2026-02-27 03:50:00
1209.9000244140625,1211.699951171875,1208.4000244140625,1208.5999755859375,162122,-0.001074509299852755,0.007922608784440843,0.0018427279289360181,0.5,0.5,0,1206.4930877822906,1202.2041160084998,64.59846210048917,3.1265916973848107,3.427811366139873,1209.3892635739696,0.0018427279289360181,0,SBIN,5m,2026-02-27 03:55:00
1208.699951171875,1209.0,1208.0,1208.5,85573,-8.272016213550781e-05,0.007503126302626173,0.001845821833979837,0.5,0.55,0,1206.6842222792152,1202.4510134199313,55.85578154984797,2.908591417570051,3.323967376425909,1209.1633547016731,0.001845821833979837,0,SBIN,5m,2026-02-27 04:00:00
1208.800048828125,1208.800048828125,1206.199951171875,1207.5,114542,-0.0008274720728175256,0.006250000000000089,0.0018652215813892634,0.45,0.6,0,1206.7619153954804,1202.6490128936593,39.66502543678991,2.624875056831115,3.1841489125069504,1208.7412718592552,0.0018652215813892634,0,SBIN,5m,2026-02-27 04:05:00
1207.699951171875,1207.800048828125,1205.699951171875,1206.199951171875,77917,-0.001076644992236031,0.006424656797559436,0.0018579635501757047,0.45,0.6,0,1206.7083949932323,1202.788265375158,31.24982660563184,2.268969453930822,3.001113020791725,1208.421155214338,0.0018579635501757047,0,SBIN,5m,2026-02-27 04:10:00
1205.699951171875,1206.0,1203.9000244140625,1204.9000244140625,89423,-0.0010777042036435036,0.005927513187934608,0.0018738441588351312,0.45,0.6,0,1206.5361692237877,1202.871079455115,33.33333333333333,1.8605709700786974,2.77300461064912,1207.9170742087092,0.0018738441588351312,0,SBIN,5m,2026-02-27 04:15:00
1204.800048828125,1205.0,1202.5,1203.0,89583,-0.0015769145784410021,0.00425743007095436,0.0019200241248211918,0.45,0.6,0,1206.1993912024748,1202.8761351627577,31.42857142857143,1.367828660866735,2.491969420692643,1207.358430277511,0.0019200241248211918,-1,SBIN,5m,2026-02-27 04:20:00
1203.0,1204.0,1202.4000244140625,1203.0999755859375,70372,8.310522521814967e-05,0.002082292229582894,0.0018590390560294199,0.4,0.65,0,1205.9042087628047,1202.8849132185685,31.42857142857143,0.9741644635148532,2.1884084292570853,1206.9796085603566,0.0018590390560294199,0,SBIN,5m,2026-02-27 04:25:00
1203.0,1204.800048828125,1202.5,1204.699951171875,57769,0.0013298774984666917,-0.0009951681050596184,0.0015914459328020228,0.4,0.65,0,1205.7895175636686,1202.9560911775216,28.57111716621253,0.7822698888153354,1.9071807211687355,1206.7738243726747,0.0015914459328020228,0,SBIN,5m,2026-02-27 04:30:00
1204.800048828125,1205.0,1201.199951171875,1201.800048828125,115060,-0.002407157351446032,-0.007760817967879974,0.0012901519677961935,0.4,0.7,-1,1205.4095681602835,1202.9107561834276,28.91547659317871,0.391679138893096,1.6040804047136077,1206.2771742281122,0.0012901519677961935,0,SBIN,5m,2026-02-27 04:35:00
1201.699951171875,1202.300048828125,1201.699951171875,1201.9000244140625,59718,8.318820259245463e-05,-0.008987486786956156,0.0012322011935284186,0.35,0.7,0,1205.0753258987386,1202.8711196434526,25.786168350581946,0.08917242556572091,1.3010988088840305,1206.022618988001,0.0012322011935284186,0,SBIN,5m,2026-02-27 04:40:00
1201.9000244140625,1202.199951171875,1200.199951171875,1201.9000244140625,103944,0.0,-0.007022471768467375,0.0011814243269044748,0.35,0.7,0,1204.7729162335313,1202.8330374775942,28.472245769895906,-0.14885046864287688,1.011108953378649,1205.5948557956583,0.0011814243269044748,0,SBIN,5m,2026-02-27 04:45:00
1201.9000244140625,1203.5999755859375,1201.800048828125,1202.0,150619,8.318128289097615e-05,-0.0062009094667218045,0.0011814527112699589,0.4,0.65,0,1204.5088289731948,1202.8003693412181,21.37372570214511,-0.3256640801143931,0.7437543466800407,1205.222628466052,0.0011814527112699589,0,SBIN,5m,2026-02-27 04:50:00
1202.0,1203.300048828125,1201.9000244140625,1203.0,59898,0.0008319467554076532,-0.005456329132894067,0.0012061905640508414,0.35,0.6,0,1204.365130975748,1202.8081979945039,27.940938874427786,-0.3807099115510937,0.5188614950338138,1205.1101572245911,0.0012061905640508414,0,SBIN,5m,2026-02-27 04:55:00
1203.300048828125,1204.699951171875,1202.9000244140625,1203.5999755859375,109083,0.0004987328228907018,-0.0068487900494415,0.0011100553724736066,0.4,0.6,0,1204.2922590338612,1202.8392480961288,26.315258095308025,-0.3716371126697595,0.34076177349309916,1205.0054789640337,0.0011100553724736066,0,SBIN,5m,2026-02-27 05:00:00
1203.800048828125,1204.199951171875,1202.5,1202.5999755859375,45563,-0.0008308408277535317,-0.005129113990521628,0.0009892846203436564,0.35,0.6,0,1204.131089181678,1202.829864860435,26.922643529212905,-0.44006569345879143,0.18459628010272106,1204.9468299313348,0.0009892846203436564,0,SBIN,5m,2026-02-27 05:05:00
1202.5999755859375,1202.5999755859375,1200.199951171875,1200.199951171875,135608,-0.001995696376838163,-0.007771184361597738,0.0010367684263130489,0.35,0.65,0,1203.7566950855062,1202.7267309902954,22.875311163592272,-0.6801177747606744,0.011653469130041949,1204.6156140986177,0.0010367684263130489,0,SBIN,5m,2026-02-27 05:10:00
1200.300048828125,1201.4000244140625,1200.199951171875,1201.300048828125,73053,0.0009165953182850295,-0.005628612610901196,0.001055628543432473,0.35,0.6,0,1203.5227287752793,1202.6707826702104,29.87016075335299,-0.7726850593303425,-0.14521423656203494,1204.4577893726025,0.001055628543432473,0,SBIN,5m,2026-02-27 05:15:00
1201.300048828125,1201.300048828125,1199.300048828125,1199.699951171875,138569,-0.0013319716900127565,-0.008102562073687425,0.001023166638878763,0.3,0.6,0,1203.1586547178122,1202.5542794741973,29.2992986766604,-0.9640468752686502,-0.308980764303358,1204.1273765344456,0.001023166638878763,0,SBIN,5m,2026-02-27 05:20:00
1199.800048828125,1200.0,1199.5999755859375,1199.9000244140625,52224,0.0001667694009590548,-0.00752686152683002,0.001031144992347981,0.3,0.55,0,1202.8483089745978,1202.4501910404665,32.87682686197786,-1.0870276761252171,-0.4645901466677299,1204.0080803608057,0.001031144992347981,0,SBIN,5m,2026-02-27 05:25:00
1199.9000244140625,1202.0999755859375,1199.5,1201.800048828125,81479,0.0015834856033030142,-0.0066947478489887136,0.0010943140404119946,0.3,0.6,0,1202.7484746749335,1202.4246952674334,45.89060566536236,-1.019423476516522,-0.5755568126374884,1203.8886523314588,0.0010943140404119946,0,SBIN,5m,2026-02-27 05:30:00
1201.800048828125,1202.9000244140625,1200.5999755859375,1202.9000244140625,110069,0.0009152733743105212,-0.0047161602573354555,0.0011138419511243266,0.3,0.6,0,1202.762907983422,1202.4433356261247,49.35913487120098,-0.8670925215174066,-0.6338639544134721,1203.7953768586801,0.0011138419511243266,0,SBIN,5m,2026-02-27 05:35:00
1202.800048828125,1203.4000244140625,1201.300048828125,1203.4000244140625,118346,0.0004156621413684558,-0.0042200873694145935,0.00112298316747363,0.35,0.55,0,1202.8235857387212,1202.480852833495,45.517531674874775,-0.6979774710591755,-0.6466866577426128,1203.736176791589,0.00112298316747363,0,SBIN,5m,2026-02-27 05:40:00
1203.4000244140625,1203.5999755859375,1201.699951171875,1202.699951171875,124954,-0.0005817460761049498,-0.0039751957168736585,0.0011172109196036352,0.4,0.5,0,1202.8118110180694,1202.489444925196,53.65805247905998,-0.6133720637114948,-0.6400237389363892,1203.6784379661985,0.0011172109196036352,0,SBIN,5m,2026-02-27 05:45:00
1203.0999755859375,1203.9000244140625,1201.5,1202.5,135555,-0.0001662519165152032,-0.0030674443057971956,0.0010979306666638905,0.45,0.5,0,1202.782114730634,1202.4898588496983,52.419204000669396,-0.5560463017086477,-0.6232282514908409,1203.6206188956594,0.0010979306666638905,0,SBIN,5m,2026-02-27 05:50:00
1202.5,1202.800048828125,1200.5,1201.0,38289,-0.001247401247401192,-0.003236803332259064,0.001106078223686281,0.45,0.5,0,1202.6123895181927,1202.4314330124553,46.76256465649726,-0.624454365077554,-0.6234734742081836,1203.5869645422265,0.001106078223686281,0,SBIN,5m,2026-02-27 05:55:00
1201.0,1201.0,1199.5999755859375,1199.9000244140625,78642,-0.0009158830857097788,-0.002576870811253129,0.0010708734683348598,0.45,0.5,0,1202.354069032085,1202.332162087028,42.95322907023422,-0.7586814772496382,-0.6505150748164745,1203.482186295755,0.0010708734683348598,0,SBIN,5m,2026-02-27 06:00:00
1199.9000244140625,1200.0,1198.5999755859375,1199.199951171875,79977,-0.0005834429768675209,-0.0032416461584275913,0.0010743093169370088,0.45,0.5,0,1202.053676854922,1202.209330286434,36.986438807417684,-0.9110455248835478,-0.7026211648298892,1203.354821988973,0.0010743093169370088,0,SBIN,5m,2026-02-27 06:05:00
1199.199951171875,1200.800048828125,1199.199951171875,1199.9000244140625,121033,0.0005837835812980696,-0.003984333819507024,0.001031903042922529,0.45,0.5,0,1201.8485670986497,1202.118769271831,37.415508278943086,-0.9641904827713006,-0.7549350284181715,1203.2066798926262,0.001031903042922529,0,SBIN,5m,2026-02-27 06:10:00
1200.0,1200.9000244140625,1199.9000244140625,1200.199951171875,135061,0.00024995978974073907,-0.0013314175330665368,0.0008945659771806357,0.45,0.45,0,1201.6915560580044,1202.0435215032055,41.42870844268513,-0.9709145633105436,-0.798130935396646,1203.073007625132,0.0008945659771806357,0,SBIN,5m,2026-02-27 06:15:00
1200.300048828125,1202.0,1200.199951171875,1201.0,108259,0.0006665962845140427,-0.0007488346749150443,0.0009090889320233683,0.5,0.45,0,1201.6256935762897,1202.002599091315,53.225901716805794,-0.9012966052125648,-0.8187640693598298,1203.0008810007603,0.0009090889320233683,0,SBIN,5m,2026-02-27 06:20:00
1201.0999755859375,1202.0,1200.699951171875,1201.5,83801,0.00041631973355538143,-0.00033282669601197856,0.0009147310983981889,0.5,0.4,0,1201.6137227595002,1201.982889323028,50.84722969338355,-0.7965953946775244,-0.8143303344233688,1202.957538315694,0.0009147310983981889,0,SBIN,5m,2026-02-27 06:25:00
1201.5999755859375,1204.800048828125,1201.300048828125,1203.4000244140625,87713,0.0015813769571888514,0.0011647457687709029,0.000982162268049611,0.5,0.4,0,1201.7838467266015,1202.0384632481666,65.28928121059269,-0.5539176223994673,-0.7622477920185885,1202.9633023782944,0.000982162268049611,0,SBIN,5m,2026-02-27 06:30:00
1203.199951171875,1203.699951171875,1200.800048828125,1200.800048828125,79587,-0.0021605247907514613,-0.0018287208411263967,0.0010811128853209047,0.5,0.45,0,1201.6901516886512,1201.9898979767925,53.103506334974945,-0.5648784729412455,-0.7227739282031199,1202.9341119850446,0.0010811128853209047,0,SBIN,5m,2026-02-27 06:35:00
1200.699951171875,1201.0,1199.9000244140625,1200.300048828125,135032,-0.00041638905701912865,-0.00274171387898714,0.001074184881276374,0.45,0.5,0,1201.5577609400295,1201.923629382727,44.274851839427484,-0.6069147122780123,-0.6996020850180984,1202.8333985638005,0.001074184881276374,0,SBIN,5m,2026-02-27 06:40:00
1200.4000244140625,1201.300048828125,1199.9000244140625,1200.199951171875,104577,-8.33938616829899e-05,-0.001995696376838163,0.001061694043243256,0.5,0.45,0,1201.4284457240149,1201.8560341587722,38.84287515762925,-0.6409176790689344,-0.6878652038282655,1202.7627266425138,0.001061694043243256,0,SBIN,5m,2026-02-27 06:45:00
1200.0999755859375,1201.699951171875,1200.0,1200.5999755859375,112011,0.00033329814225702137,0.00033329814225702137,0.0009661782129069687,0.55,0.4,0,1201.3495438061027,1201.8067769598376,38.33336724106362,-0.6283434954718814,-0.6759608621569887,1202.7008637767121,0.0009661782129069687,0,SBIN,5m,2026-02-27 06:50:00
1200.5,1202.5,1200.0999755859375,1202.199951171875,155110,0.0013326466920480229,0.0007491070566656433,0.0009907312016970387,0.6,0.4,0,1201.4305349837953,1201.8221955563881,48.062037510172416,-0.48369793741653666,-0.6375082772088984,1202.655561118154,0.0009907312016970387,0,SBIN,5m,2026-02-27 06:55:00
1202.300048828125,1202.5,1201.5999755859375,1202.4000244140625,85045,0.00016642260049382074,0.002250623782680039,0.0009368790092810288,0.6,0.35,0,1201.5228673104875,1201.844855511591,49.61250579585349,-0.3488991596498181,-0.5797864536970824,1202.644773770868,0.0009368790092810288,0,SBIN,5m,2026-02-27 07:00:00
1202.0999755859375,1203.0,1201.5,1202.0,101034,-0.0003326882950267507,0.0017501254631300256,0.0009420080886307366,0.65,0.4,0,1201.5683085190124,1201.8509396091758,54.23718293540779,-0.27122230229724664,-0.5180736234171153,1202.6325612320147,0.0009420080886307366,0,SBIN,5m,2026-02-27 07:05:00
1202.0,1202.5999755859375,1201.5,1202.199951171875,83898,0.00016634872868137585,0.0003327528103695965,0.000874463521819949,0.6,0.35,0,1201.628464962142,1201.864626337125,60.549862814267314,-0.19132299234388483,-0.4527234972024692,1202.6214991030051,0.000874463521819949,0,SBIN,5m,2026-02-27 07:10:00
1202.300048828125,1204.5999755859375,1202.0,1204.0,139707,0.0014972957088963401,0.0009144364150073248,0.0009146896895965338,0.6,0.35,0,1201.854325441938,1201.9483664807672,69.9997965536183,0.017050139832690547,-0.35876876979543726,1202.6519823146366,0.0009146896895965338,0,SBIN,5m,2026-02-27 07:15:00
1203.9000244140625,1206.0,1203.9000244140625,1205.300048828125,108404,0.0010797747741901897,0.0015788801524976304,0.0009405021935911922,0.6,0.35,0,1202.182489573956,1202.079805004193,71.42829462996872,0.2838187380571071,-0.2302512682249284,1202.7130369291795,0.0009405021935911922,0,SBIN,5m,2026-02-27 07:20:00
1205.4000244140625,1205.9000244140625,1205.199951171875,1205.9000244140625,42948,0.0004977811014947875,0.0026607411425181304,0.0009315015535429575,0.55,0.35,0,1202.536540511109,1202.2296175300703,72.09284720710832,0.5374523732871239,-0.07671053992251795,1202.742330924263,0.0009315015535429575,0,SBIN,5m,2026-02-27 07:25:00
1205.9000244140625,1206.9000244140625,1205.699951171875,1206.4000244140625,58601,0.00041462807021908077,0.003243263545998021,0.0009307261554926653,0.55,0.3,0,1202.9044913590094,1202.39316289807,71.42829462996872,0.7699294108799677,0.09261745023797918,1202.7902780484842,0.0009307261554926653,0,SBIN,5m,2026-02-27 07:30:00
1206.300048828125,1207.9000244140625,1206.300048828125,1207.300048828125,54888,0.0007460414421822659,0.005245669299021705,0.0008770007709908959,0.6,0.25,0,1203.3231158798776,1202.5855897972879,72.30746117297977,1.0150922350628662,0.2771124072029566,1202.8443337551203,0.0008770007709908959,0,SBIN,5m,2026-02-27 07:35:00
1207.4000244140625,1207.5,1206.0,1206.0,56934,-0.0010768233045189701,0.005083736529563065,0.0008890331857980149,0.6,0.25,0,1203.5780572246513,1202.71948823661,60.483545475128714,1.0918957693154425,0.44006907962545383,1202.8905775679775,0.0008890331857980149,0,SBIN,5m,2026-02-27 07:40:00
1206.0999755859375,1206.4000244140625,1203.9000244140625,1204.0999755859375,59364,-0.0015754762969009128,0.004086077896579443,0.0009628244716049651,0.6,0.25,0,1203.62776373525,1202.7736249954073,64.10186856409561,0.9880573227296736,0.5496667282462978,1202.9154347340334,0.0009628244716049651,0,SBIN,5m,2026-02-27 07:45:00
1204.199951171875,1205.199951171875,1204.0,1205.0,46299,0.0007474665163285099,0.0042503337629549165,0.000966906482222822,0.55,0.25,0,1203.7584529033215,1202.8609338191168,69.42073724350826,0.9672393212815678,0.6331812468533518,1202.9337062586446,0.000966906482222822,0,SBIN,5m,2026-02-27 07:50:00
1205.199951171875,1206.199951171875,1205.0999755859375,1206.0,51307,0.0008298755186721962,0.00483256879194327,0.0009767332937638585,0.55,0.25,0,1203.9719335791958,1202.9840344536613,72.30746117297977,1.0196783307310398,0.7104806636288894,1202.9649124154469,0.0009767332937638585,0,SBIN,5m,2026-02-27 07:55:00
1206.0,1206.0,1202.5,1202.5,56428,-0.0029021558872305286,0.0012489592006661443,0.001196297408370764,0.5,0.3,0,1203.8317494287962,1202.9650527103806,55.90061640875559,0.7699404796642284,0.7223726268359573,1202.973312366846,0.001196297408370764,0,SBIN,5m,2026-02-27 08:00:00
1203.0,1204.0999755859375,1202.0,1202.4000244140625,91397,-8.313978040541681e-05,0.0007490839900645696,0.00119374603737569,0.5,0.35,0,1203.695394665488,1202.942894737976,50.68517202458091,0.5575274102391177,0.6894035835165894,1202.970650094052,0.00119374603737569,0,SBIN,5m,2026-02-27 08:05:00
1202.300048828125,1204.0999755859375,1202.300048828125,1203.5999755859375,61607,0.0009979633628665052,0.00016615520011509233,0.0011607211702057477,0.45,0.35,0,1203.6863071341024,1202.9686626143668,53.8459732698989,0.48047592613534107,0.6476180520403398,1202.975240836255,0.0011607211702057477,0,SBIN,5m,2026-02-27 08:10:00
1203.5999755859375,1204.4000244140625,1203.5,1204.4000244140625,45462,0.000664713230602576,0.0029979808790403517,0.001049373719297775,0.5,0.3,0,1203.7542802083844,1203.024794449649,57.50001907334081,0.4784540040682259,0.6137852424459171,1202.9856496679422,0.001049373719297775,0,SBIN,5m,2026-02-27 08:15:00
1204.300048828125,1204.300048828125,1202.9000244140625,1203.4000244140625,43108,-0.0008302889237207234,0.0025826672163882236,0.0010650993629665786,0.5,0.3,0,1203.7205415613062,1203.0395093502143,53.57161022183148,0.391645330037818,0.5693572599642973,1202.9904140524247,0.0010650993629665786,0,SBIN,5m,2026-02-27 08:20:00
1203.4000244140625,1205.5999755859375,1203.4000244140625,1205.4000244140625,47791,0.0016619577525551765,0.004332672432714402,0.0011169751499424067,0.5,0.3,0,1203.8804923091877,1203.1320785684045,54.11768929738268,0.4787138010392482,0.5512285681792876,1203.007698381015,0.0011169751499424067,0,SBIN,5m,2026-02-27 08:25:00
1205.4000244140625,1205.800048828125,1203.4000244140625,1204.199951171875,54944,-0.0009955809008472816,0.0029984804757143824,0.0011487519130247718,0.5,0.3,0,1203.910916962777,1203.1739559254033,46.745301417159034,0.4457420732328501,0.5301312691900001,1203.02354551546,0.0011487519130247718,0,SBIN,5m,2026-02-27 08:30:00
1204.0999755859375,1205.0,1203.800048828125,1204.5999755859375,38007,0.00033219102332071593,0.0019963604321586725,0.0011158701940303607,0.45,0.3,0,1203.9765415935542,1203.2298782650323,46.10768376118355,0.4467406206802025,0.5134531394880406,1203.0343076923698,0.0011158701940303607,0,SBIN,5m,2026-02-27 08:35:00
1204.699951171875,1205.0,1203.5999755859375,1204.199951171875,41947,-0.0003320807090900768,0.0014969450442996468,0.0011198761770515287,0.45,0.35,0,1203.9978186962514,1203.2679203398104,43.37336108067564,0.4105211177500223,0.492866735140437,1203.04436776113,0.0011198761770515287,0,SBIN,5m,2026-02-27 08:40:00
1204.0,1205.300048828125,1204.0,1204.9000244140625,45703,0.0005813596334280913,0.0024126659018823826,0.0011209965795201766,0.45,0.3,0,1204.0837430503288,1203.3319244211536,42.682972214572274,0.43331200950069615,0.48095579001248884,1203.0592578569135,0.0011209965795201766,0,SBIN,5m,2026-02-27 08:45:00
1205.199951171875,1205.5,1204.699951171875,1205.0,42492,8.297417537694862e-05,0.002329104094036527,0.00112097444963833,0.5,0.3,0,1204.1710056169643,1203.397339149736,46.71056858336011,0.45420535308949184,0.4756057026278895,1203.0755778497544,0.00112097444963833,0,SBIN,5m,2026-02-27 08:50:00
1204.9000244140625,1204.9000244140625,1203.699951171875,1204.4000244140625,42107,-0.0004979050505705684,0.000332246191081742,0.0010796840991315467,0.45,0.35,0,1204.1928169309738,1203.4366601404938,51.07930095723193,0.41753735214456356,0.46399203253122434,1203.0856297049802,0.0010796840991315467,0,SBIN,5m,2026-02-27 08:55:00
1203.699951171875,1205.5,1203.5,1205.5,67638,0.0009132975453671754,0.00016589327451654867,0.0010716727012618373,0.45,0.4,0,1204.3173105565954,1203.517575429102,51.77303736537729,0.4717979411414035,0.46555321425326024,1203.107781779398,0.0010716727012618373,0,SBIN,5m,2026-02-27 09:00:00
1205.5,1207.9000244140625,1205.4000244140625,1207.9000244140625,156286,0.0019908954077665353,0.0016585122808765451,0.001156200131492993,0.5,0.4,0,1204.6585214001636,1203.6894361736104,56.129062743646486,0.7003881229170474,0.5125201959860177,1203.2204275699362,0.001156200131492993,0,SBIN,5m,2026-02-27 09:05:00
1207.9000244140625,1208.0999755859375,1207.0,1207.4000244140625,72263,-0.0004139415430863824,0.000828912450068664,0.0011585527456338294,0.5,0.4,0,1204.9196169252969,1203.834949437942,69.59990625091552,0.8316153237622075,0.5763392215412557,1203.2759999808027,0.0011585527456338294,0,SBIN,5m,2026-02-27 09:10:00
1207.4000244140625,1208.0,1207.0,1207.5,73923,8.280237196944817e-05,0.0001656184575400399,0.0011467741963072711,0.45,0.4,0,1205.1653676943163,1203.9786769109637,70.39970312789914,0.9329268204676282,0.6476567413265303,1203.3313751751552,0.0011467741963072711,0,SBIN,5m,2026-02-27 09:15:00
1207.5999755859375,1207.9000244140625,1206.300048828125,1206.800048828125,69388,-0.0005796697075569623,0.0006633904047470551,0.001127222623911156,0.45,0.4,0,1205.321051611822,1204.089318946931,63.33350287370937,0.9458337193270836,0.7072921369266411,1203.3759708455918,0.001127222623911156,0,SBIN,5m,2026-02-27 09:20:00
1207.0,1207.9000244140625,1206.699951171875,1207.800048828125,69814,0.0008286376860615619,0.0030728953718206498,0.001073488485134008,0.45,0.35,0,1205.5571465848031,1204.2348377658013,63.93444263230041,1.0249393099511508,0.770821571531543,1203.425397518976,0.001073488485134008,0,SBIN,5m,2026-02-27 09:25:00
1206.9000244140625,1206.9000244140625,1200.5,1200.800048828125,854993,-0.005795661299063393,-0.0034854366571577255,0.0016983026034262155,0.45,0.4,0,1205.1040896555955,1204.1001401604024,42.85723867332908,0.5168318460816863,0.7200236264415717,1203.3361938671792,0.0016983026034262155,0,SBIN,5m,2026-02-27 09:30:00
1200.9000244140625,1202.0,1199.0999755859375,1201.0999755859375,867932,0.0002497724397205747,-0.004063038485955683,0.0016851727426971687,0.4,0.45,0,1204.7227454584852,1203.9824866476783,36.96954900568181,0.13677791237887504,0.6033744836290323,1203.0350158858712,0.0016851727426971687,0,SBIN,5m,2026-02-27 09:35:00
1201.199951171875,1203.5999755859375,1201.199951171875,1202.300048828125,673834,0.000999145172409177,-0.00016627956081083362,0.0015786193546929038,0.45,0.4,0,1204.49201244607,1203.9165086939704,44.24272017045454,-0.06681152533224122,0.46933728183677764,1202.9799242679492,0.0015786193546929038,0,SBIN,5m,2026-02-27 09:40:00
1202.4000244140625,1203.199951171875,1201.800048828125,1201.800048828125,775892,-0.000415869566409266,-0.0004989816814332526,0.0015812137036870211,0.45,0.35,0,1204.2356349586466,1203.8335102678589,41.566473265826886,-0.26544357453212797,0.32238111056299656,1202.9180967117056,0.0015812137036870211,0,SBIN,5m,2026-02-27 09:45:00
1201.800048828125,1203.0999755859375,1199.800048828125,1201.199951171875,886780,-0.0004993323613484701,-0.0019940382708084625,0.0015656618125307411,0.45,0.4,0,1203.9465222170493,1203.7302334405654,41.07145452167469,-0.46591301500734517,0.16472228544892825,1202.7782450293673,0.0015656618125307411,0,SBIN,5m,2026-02-27 09:50:00
1201.199951171875,1202.0999755859375,1200.0,1200.0,599455,-0.0009989603901534583,-0.0036532915350969697,0.001567165652507907,0.4,0.4,0,1203.5706629582826,1203.5839497762295,35.83801977124068,-0.7133890175236957,-0.010899975145596513,1202.6588783306806,0.001567165652507907,0,SBIN,5m,2026-02-27 09:55:00
1193.300048828125,1196.699951171875,1190.0,1191.199951171875,256846,-0.0021780009632286212,-0.011780382407981183,0.0018964604465122243,0.35,0.4,0,1201.55058760233,1202.7296667502553,24.015628829712085,-2.1182994447867713,-0.653633262263187,1192.63330078125,0.0018964604465122243,0,SBIN,5m,2026-03-02 03:50:00
1191.199951171875,1193.4000244140625,1189.5,1192.0999755859375,237414,0.000755561157618434,-0.010048144890026256,0.0019170920210410912,0.3,0.45,0,1200.6505293150544,1202.3128161163606,23.41272724630521,-2.5900421890435155,-1.0409150476192526,1192.168985498444,0.0019170920210410912,0,SBIN,5m,2026-03-02 03:55:00
1192.199951171875,1194.9000244140625,1192.0,1194.0999755859375,168970,0.0016777116357351574,-0.00871658659539043,0.001970802965922582,0.35,0.45,0,1200.0266670551387,1201.990743938697,22.17737569033578,-2.7705808953528503,-1.3868482171659722,1192.5505472296604,0.001970802965922582,0,SBIN,5m,2026-03-02 04:00:00
1194.0999755859375,1194.4000244140625,1192.5,1193.0999755859375,93448,-0.000837450816887686,-0.009217718016958476,0.001972642144317449,0.35,0.4,0,1199.3669821533101,1201.642086356236,21.739088479093695,-2.960227108041181,-1.701523995341014,1192.6472195206693,0.001972642144317449,0,SBIN,5m,2026-03-02 04:05:00
1193.0,1195.0,1193.0,1194.9000244140625,57459,0.0015087158368609632,-0.008299443769090309,0.0020089982820189413,0.35,0.4,0,1198.9415576067152,1201.3776917702685,26.66681737007481,-2.9314819025414636,-1.9475155767811039,1192.763867678368,0.0020089982820189413,0,SBIN,5m,2026-03-02 04:10:00
1194.5999755859375,1194.5999755859375,1192.0,1192.5,62437,-0.0020085566700355217,-0.010373443983402453,0.0020359842092902867,0.3,0.45,0,1198.3280759298852,1201.0295469949638,25.087192486984918,-3.06700846798617,-2.1714141550221173,1192.7830607173876,0.0020359842092902867,0,SBIN,5m,2026-03-02 04:15:00
1192.0999755859375,1192.9000244140625,1190.800048828125,1191.0,113268,-0.0012578616352201255,-0.011125891848583813,0.0020426451386214156,0.3,0.45,0,1197.6301639365627,1200.6362314265339,21.232985518878976,-3.257896706235215,-2.388710665264737,1192.6438710729744,0.0020426451386214156,0,SBIN,5m,2026-03-02 04:20:00
1191.4000244140625,1192.0,1188.5,1189.199951171875,183562,-0.0015113760101804763,-0.013521400935814998,0.0020226270486834786,0.25,0.45,0,1196.8272865304018,1200.1877498479198,25.833375718427348,-3.513919628973099,-2.6137524580064095,1192.2146297804954,0.0020226270486834786,-1,SBIN,5m,2026-03-02 04:25:00
1189.199951171875,1190.0,1187.0,1187.0,142355,-0.001849942198288046,-0.017302776712998957,0.0019363335080558916,0.2,0.5,0,1195.8913544798872,1199.670583187217,22.780252150347593,-3.849957401193933,-2.8609934466439144,1191.7586392667292,0.0019363335080558916,-1,SBIN,5m,2026-03-02 04:30:00
1187.0,1187.300048828125,1182.0,1182.0999755859375,195964,-0.004128074485309607,-0.02095415629994113,0.0020641250604096543,0.15,0.55,0,1194.5778898233207,1198.9815397518728,15.878507948945298,-4.460245838087985,-3.180843924932729,1190.7269653486196,0.0020641250604096543,-1,SBIN,5m,2026-03-02 04:35:00
1182.300048828125,1183.699951171875,1180.800048828125,1182.9000244140625,280500,0.0006768030155219762,-0.020372650588768138,0.0020855395082736046,0.15,0.6,-1,1193.4657121652963,1198.3508920915665,18.394891872803058,-4.823741477991007,-3.5094234355443845,1189.4341510629126,0.0020855395082736046,0,SBIN,5m,2026-03-02 04:40:00
1183.0,1183.9000244140625,1179.800048828125,1182.0,208667,-0.0007608626219348658,-0.020550255075152957,0.0020838889678683513,0.2,0.6,-1,1192.3737395781254,1197.7096806369952,18.21220695230396,-5.125356915754992,-3.832610131586506,1188.6484389021064,0.0020838889678683513,0,SBIN,5m,2026-03-02 04:45:00
1181.9000244140625,1182.5,1181.0,1181.0,68224,-0.0008460236886632666,-0.02218914368659608,0.0020381824421022536,0.2,0.6,-1,1191.2905262849706,1197.0543990433875,18.333591035229205,-5.383028761116975,-4.1426938574926,1188.412736521446,0.0020381824421022536,0,SBIN,5m,2026-03-02 04:50:00
1181.0,1182.5,1181.0,1181.9000244140625,94220,0.0007620867180884172,-0.015739526686817884,0.0017539610355775436,0.2,0.55,0,1190.3961927734556,1196.4601098422377,25.91119128221601,-5.451766535579509,-4.404508393109982,1188.1247314014388,0.0017539610355775436,0,SBIN,5m,2026-03-02 04:55:00
1181.9000244140625,1184.9000244140625,1181.800048828125,1184.199951171875,88920,0.0019459571116877683,-0.014070456046606838,0.0018455726876370428,0.25,0.5,0,1189.806074525686,1195.979319306145,35.655823819577165,-5.260022582918964,-4.575611231071779,1187.9474093087338,0.0018455726876370428,0,SBIN,5m,2026-03-02 05:00:00
1184.300048828125,1185.0,1183.0999755859375,1183.9000244140625,114954,-0.00025327374614037,-0.015304020349992453,0.0018054598915524117,0.25,0.5,0,1189.2435935626743,1195.50562146724,32.7732471662307,-5.073778343333288,-4.67524465352408,1187.7557191447615,0.0018054598915524117,0,SBIN,5m,2026-03-02 05:05:00
1184.0,1184.5,1183.300048828125,1183.4000244140625,52956,-0.00042233295860216735,-0.015310387474192888,0.0018053938825419718,0.25,0.5,0,1188.6870631675686,1195.030892171037,26.00913062042237,-4.90992569587047,-4.722180861993358,1187.6677052043183,0.0018053938825419718,0,SBIN,5m,2026-03-02 05:10:00
1183.4000244140625,1184.699951171875,1183.0,1183.5999755859375,386076,0.00016896329875781824,-0.014651994922882938,0.0018168076268940915,0.3,0.5,0,1188.2025786359848,1194.5826209324057,27.90697674418604,-4.709647024507831,-4.719674094496253,1187.131005998211,0.0018168076268940915,0,SBIN,5m,2026-03-02 05:15:00
1183.800048828125,1184.699951171875,1181.9000244140625,1182.0,102384,-0.0013517874441872912,-0.015000000000000013,0.0018212012483453564,0.3,0.55,0,1187.6118568611291,1194.0891848174094,19.718148421963562,-4.626695724461115,-4.7010784204892255,1186.9809003292337,0.0018212012483453564,0,SBIN,5m,2026-03-02 05:20:00
1182.0,1184.5999755859375,1181.699951171875,1184.4000244140625,210783,0.002030477507667161,-0.007874035876686336,0.0016011217379479487,0.3,0.55,0,1187.3059680566466,1193.7092177427685,30.985907421098176,-4.31752457345101,-4.624367651081583,1186.7501943505622,0.0016011217379479487,-1,SBIN,5m,2026-03-02 05:25:00
1184.300048828125,1185.5,1184.0,1185.199951171875,106390,0.0006753856309722472,-0.00503693774844205,0.0015603955613107874,0.35,0.55,0,1187.1053950200017,1193.3755210144982,35.922111475876136,-3.9622820833076275,-4.491950537526792,1186.6891725601133,0.0015603955613107874,-1,SBIN,5m,2026-03-02 05:30:00
1185.199951171875,1185.4000244140625,1183.0,1183.800048828125,48713,-0.0011811528867899934,-0.006962441848665346,0.0015547074348846279,0.35,0.55,0,1186.790600144585,1193.0000123013072,36.633711233048906,-3.750477104681977,-4.343655850957829,1186.650159413015,0.0015547074348846279,-1,SBIN,5m,2026-03-02 05:35:00
1183.5999755859375,1183.800048828125,1182.0999755859375,1183.5,466627,-0.00025346242249446593,-0.008876958213432817,0.0014804630496950443,0.3,0.6,-1,1186.4772096546246,1192.6274627992952,40.4370564064251,-3.5657280723364693,-4.1880702952335565,1186.2115114282813,0.0014804630496950443,0,SBIN,5m,2026-03-02 05:40:00
1183.5,1185.4000244140625,1183.4000244140625,1185.0999755859375,85192,0.001351901635773034,-0.006705221828599228,0.0015300061286942844,0.35,0.6,-1,1186.3460445052258,1192.332267222301,60.0001627630658,-3.2527132216507653,-4.000998880516999,1186.1763739753933,0.0015300061286942844,0,SBIN,5m,2026-03-02 05:45:00
1185.0,1186.0,1184.800048828125,1185.800048828125,98832,0.0005907292689304455,-0.007615679471091985,0.0014848817525896314,0.35,0.6,-1,1186.2940449169305,1192.0761017950786,59.731769062502565,-2.914559410806305,-3.7837109865748606,1186.16018361389,0.0014848817525896314,0,SBIN,5m,2026-03-02 05:50:00
1185.9000244140625,1188.0,1185.5,1185.5,107332,-0.00025303492643768966,-0.005870020964360623,0.0014346531922528306,0.4,0.55,0,1186.2184215915086,1191.8182154501735,62.237929386054766,-2.6403452557126457,-3.555037840402418,1186.16479230278,0.0014346531922528306,0,SBIN,5m,2026-03-02 05:55:00
1185.699951171875,1190.4000244140625,1185.5,1188.9000244140625,601510,0.0028680087845318614,-0.001763203682567216,0.0015781248537699863,0.45,0.5,0,1186.4738123365137,1191.7037765860123,73.65300975841527,-2.12418868230111,-3.2688680087821567,1186.437625151361,0.0015781248537699863,0,SBIN,5m,2026-03-02 06:00:00
1189.0,1190.0,1187.9000244140625,1188.9000244140625,132190,0.0,-0.00025220885479937394,0.0015421062979450732,0.45,0.45,0,1186.7048801534231,1191.5938255204458,72.15217256938007,-1.6955852281205352,-2.9542114526498326,1186.506843879202,0.0015421062979450732,0,SBIN,5m,2026-03-02 06:05:00
1188.9000244140625,1189.199951171875,1186.5999755859375,1187.699951171875,251597,-0.001009397945616941,0.0005896808524641362,0.0015002511891564982,0.45,0.45,0,1186.799648821847,1191.4411245656,61.90480144824036,-1.4361942308817106,-2.6506080082962082,1186.573353344461,0.0015002511891564982,0,SBIN,5m,2026-03-02 06:10:00
1187.699951171875,1188.800048828125,1185.5,1186.199951171875,97528,-0.0012629452401003993,0.0034683831068562654,0.001186167398718265,0.45,0.45,0,1186.742534759945,1191.2355883540815,57.232462975900745,-1.336258899929362,-2.387738186622839,1186.5783100897418,0.001186167398718265,0,SBIN,5m,2026-03-02 06:15:00
1186.0,1186.699951171875,1184.800048828125,1185.300048828125,54365,-0.0007586430456862914,0.0020289325932267843,0.0011975037017687778,0.45,0.45,0,1186.6051551473909,1191.0028220981617,55.82832193755664,-1.3145210481156937,-2.17309475892141,1186.5680222358865,0.0011975037017687778,0,SBIN,5m,2026-03-02 06:20:00
1185.199951171875,1185.699951171875,1182.5999755859375,1182.9000244140625,121492,-0.002024824361085087,0.0007614419746722056,0.0012762059755922824,0.4,0.45,0,1186.2522855537406,1190.6850653262363,48.108240076013516,-1.4739646098037156,-2.033268729097871,1186.502933857302,0.0012762059755922824,0,SBIN,5m,2026-03-02 06:25:00
1182.9000244140625,1183.4000244140625,1181.4000244140625,1182.800048828125,116136,-8.451735892645029e-05,0.0015241734361770565,0.0012596696244799948,0.4,0.5,0,1185.9235011036822,1190.3758489929771,52.35308478860294,-1.5900627221437844,-1.944627527707054,1186.4176771102823,0.0012596696244799948,0,SBIN,5m,2026-03-02 06:30:00
1183.0,1184.0999755859375,1182.0999755859375,1184.0,77744,0.0010145004416122205,0.0017767793743626026,0.0012681318280978906,0.45,0.5,0,1185.740310522379,1190.125815699135,48.734094087288405,-1.5671798081621091,-1.869137983798065,1186.3749049676826,0.0012681318280978906,0,SBIN,5m,2026-03-02 06:35:00
1184.0,1184.4000244140625,1182.5999755859375,1182.5999755859375,96043,-0.001182453052417598,-0.0013511025603016869,0.0012190864757227627,0.45,0.5,0,1185.4412310046228,1189.8306847143037,42.07325696506859,-1.6430748594900706,-1.8239253589364663,1186.3202690914786,0.0012190864757227627,0,SBIN,5m,2026-03-02 06:40:00
1182.699951171875,1183.699951171875,1181.5999755859375,1183.199951171875,114424,0.0005073360378180514,-0.0005913280072225024,0.0012248166269615524,0.4,0.55,0,1185.2277757824563,1189.570655947934,48.07662211649817,-1.635950994165114,-1.786330485982196,1186.2502151450424,0.0012248166269615524,0,SBIN,5m,2026-03-02 06:45:00
1183.199951171875,1184.699951171875,1183.199951171875,1184.0,88599,0.0006761738177327725,0.000506993048470239,0.0012308589399005667,0.45,0.55,0,1185.1108447555557,1189.3521988519367,51.552785612470814,-1.5479047430867467,-1.7386453374031061,1186.2152361057524,0.0012308589399005667,0,SBIN,5m,2026-03-02 06:50:00
1184.199951171875,1184.300048828125,1182.199951171875,1182.300048828125,74434,-0.0014357695708403506,-0.0010982821769398576,0.0012726482148553346,0.4,0.55,0,1184.8431499053243,1189.0756439490422,41.35828981772422,-1.5968913379404057,-1.7102945375105663,1186.1735391447319,0.0012726482148553346,0,SBIN,5m,2026-03-02 06:55:00
1182.5,1183.5,1181.9000244140625,1182.800048828125,89428,0.00042290449069648517,0.0006768602606810337,0.0012388314080727285,0.4,0.55,0,1184.648568850353,1188.8295421795945,40.625,-1.5771869169518595,-1.683673013398825,1186.1218159737004,0.0012388314080727285,0,SBIN,5m,2026-03-02 07:00:00
1182.5999755859375,1183.0,1180.300048828125,1180.699951171875,171508,-0.0017755305796027798,-0.0031240063879751645,0.001208039399452979,0.4,0.55,0,1184.2725100238313,1188.5107346890957,36.51675376153836,-1.7113044979641927,-1.6891993103118987,1185.9876114980857,0.001208039399452979,0,SBIN,5m,2026-03-02 07:05:00
1180.699951171875,1182.0,1180.199951171875,1180.199951171875,140110,-0.0004234776155480624,-0.00421869744008696,0.0011931463089039842,0.35,0.6,0,1183.8846472760258,1188.184821609989,20.805171184899365,-1.8367663691510643,-1.718712722079732,1185.8714953418212,0.0011931463089039842,0,SBIN,5m,2026-03-02 07:10:00
1180.5999755859375,1182.0,1180.0,1180.5,145846,0.0002542355876451463,-0.0027876741780774594,0.0011747269308122932,0.35,0.6,0,1183.5622999164043,1187.883456056656,22.368473887519173,-1.8901953774477533,-1.7530092531533363,1185.7567811343208,0.0011747269308122932,0,SBIN,5m,2026-03-02 07:15:00
1180.4000244140625,1182.9000244140625,1180.0999755859375,1182.300048828125,96573,0.0015248189988352756,-0.001013900440959059,0.0012315256543088172,0.4,0.55,0,1183.4420855270444,1187.6644989104393,32.91175425313287,-1.76692138481053,-1.7557916794847752,1185.6975171282645,0.0012315256543088172,0,SBIN,5m,2026-03-02 07:20:00
1182.5,1184.0,1182.0,1182.0999755859375,186605,-0.00016922374517858163,-0.0025314319988207767,0.0011865396533076666,0.4,0.55,0,1183.3142655326533,1187.4462823094784,35.86227217241233,-1.6661635992459196,-1.7378660634370042,1185.6138895961014,0.0011865396533076666,0,SBIN,5m,2026-03-02 07:25:00
1182.5999755859375,1183.0,1181.5,1182.300048828125,70220,0.00016925238670140175,-0.0029515937391458857,0.0011768422251013397,0.35,0.6,0,1183.2176734655554,1187.2444692317783,39.130665534444326,-1.5522744362585854,-1.7007477380013207,1185.579114297777,0.0011768422251013397,0,SBIN,5m,2026-03-02 07:30:00
1182.5,1183.0,1182.199951171875,1182.5999755859375,45347,0.0002536807455177925,-0.0024462458153204913,0.0011798927143580628,0.3,0.6,0,1183.158845096068,1187.062332226059,48.7177614556381,-1.4214295166423199,-1.6448840937295206,1185.5592596253684,0.0011798927143580628,0,SBIN,5m,2026-03-02 07:35:00
1182.5999755859375,1183.0,1182.199951171875,1182.4000244140625,50571,-0.00016907760527895555,-0.005467238511668304,0.0009473762259902315,0.25,0.6,0,1183.0865764596867,1186.8794966255887,48.305005844807425,-1.3186675845952323,-1.579640791902663,1185.5369358003052,0.0009473762259902315,0,SBIN,5m,2026-03-02 07:40:00
1182.4000244140625,1183.199951171875,1181.300048828125,1181.300048828125,111342,-0.0009302905642974979,-0.006392442955565625,0.0009560317375951186,0.3,0.65,0,1182.9164309709668,1186.6606947511784,38.46193973791838,-1.3108758887401564,-1.5258878112701617,1185.4793382628477,0.0009560317375951186,0,SBIN,5m,2026-03-02 07:45:00
1181.0999755859375,1182.9000244140625,1180.800048828125,1182.5,70490,0.001015788641560933,-0.004378169054182646,0.0009859696678105809,0.3,0.65,0,1182.8767708784937,1186.497530251132,49.56532815336114,-1.1941099265534376,-1.459532234326817,1185.4451516285642,0.0009859696678105809,0,SBIN,5m,2026-03-02 07:50:00
1182.5,1183.0,1181.5,1182.300048828125,111079,-0.00016909190010572228,-0.003287727621213654,0.0009548551528376151,0.35,0.6,0,1182.821844968935,1186.3329231365044,45.94642150178155,-1.1049690533479861,-1.3886195981310507,1185.395756381501,0.0009548551528376151,0,SBIN,5m,2026-03-02 07:55:00
1182.800048828125,1182.800048828125,1180.5999755859375,1181.5999755859375,141847,-0.0005921282358749558,-0.0031216342611692927,0.0009501134570531236,0.35,0.6,0,1182.7054764562686,1186.1473173502077,39.09091917925272,-1.078383396471736,-1.326572357799188,1185.32319191687,0.0009501134570531236,0,SBIN,5m,2026-03-02 08:00:00
1181.5,1182.0,1180.5999755859375,1181.699951171875,82025,8.461034868245676e-05,-0.0010145178945126787,0.0008427402858410874,0.35,0.55,0,1182.609712143469,1185.9729108334104,46.80804093187544,-1.0372896482292617,-1.2687158158852028,1185.279908234875,0.0008427402858410874,0,SBIN,5m,2026-03-02 08:05:00
1181.5999755859375,1182.300048828125,1180.0999755859375,1182.300048828125,322679,0.0005078257434596445,-0.0004227257180918764,0.0008518381484800599,0.4,0.55,0,1182.5802203991507,1185.8288770292816,47.368488679875625,-0.9454016888712431,-1.2040529904824109,1185.1241840133862,0.0008518381484800599,0,SBIN,5m,2026-03-02 08:10:00
1182.300048828125,1184.0,1182.0,1183.5,103956,0.001014929478404758,-0.0004222972972972583,0.000851865597507626,0.4,0.55,0,1182.6678184563746,1185.7375485183295,66.27916879577585,-0.7669132888959211,-1.116625050165113,1185.0980887389503,0.000851865597507626,0,SBIN,5m,2026-03-02 08:15:00
1183.5,1184.0,1181.800048828125,1182.5,77312,-0.0008449514152936155,-8.453880263947777e-05,0.0008307225762110808,0.35,0.6,0,1182.6518357462437,1185.6105858313363,62.637495305038364,-0.6981042770757995,-1.0329208955472504,1185.0752018358805,0.0008307225762110808,0,SBIN,5m,2026-03-02 08:20:00
1182.5999755859375,1182.9000244140625,1179.5999755859375,1182.199951171875,480229,-0.00025374108086684277,-0.00084516568734605,0.0008234713902053332,0.35,0.6,0,1182.6087991201134,1185.4768354525338,59.34029081933787,-0.6601739973853,-0.9583715159148604,1184.87355461114,0.0008234713902053332,0,SBIN,5m,2026-03-02 08:25:00
1182.300048828125,1189.5,1181.699951171875,1187.9000244140625,366565,0.004821581354776061,0.0032939395389042225,0.0013603992922008583,0.35,0.6,0,1183.1127253385848,1185.571862470633,71.53816539433036,-0.16822649400751288,-0.8003425115333909,1184.9363041672507,0.0013603992922008583,0,SBIN,5m,2026-03-02 08:30:00
1188.0999755859375,1191.5,1187.800048828125,1189.4000244140625,359555,0.0012627325272931422,0.006005223118255687,0.0013266456301005123,0.4,0.55,0,1183.7115157267256,1185.7219864684146,75.52455909719495,0.338777692331405,-0.5725184707604317,1185.1196236707915,0.0013266456301005123,0,SBIN,5m,2026-03-02 08:35:00
1189.4000244140625,1193.5999755859375,1189.4000244140625,1192.699951171875,199591,0.002774446519318241,0.008369886654602698,0.0014376504328147898,0.45,0.5,0,1184.5675571976924,1185.9956321430602,79.88494457696086,0.995384500572527,-0.25893787649384,1185.265430772278,0.0014376504328147898,0,SBIN,5m,2026-03-02 08:40:00
1192.9000244140625,1193.4000244140625,1189.9000244140625,1190.9000244140625,350092,-0.0015091195032279625,0.008639005390034704,0.0014173492157950923,0.45,0.45,0,1185.170649313537,1186.187961251727,71.95791458909241,1.3548927200747585,0.0638282428198797,1185.4884143763531,0.0014173492157950923,0,SBIN,5m,2026-03-02 08:45:00
1190.699951171875,1192.5,1190.5,1191.5,161218,0.000503800129009635,0.009574690133569819,0.001403015796019871,0.45,0.4,0,1185.7734446170095,1186.3962764967575,73.57515575092502,1.6689796314394698,0.38485852054379777,1185.5873831546692,0.001403015796019871,0,SBIN,5m,2026-03-02 08:50:00
1191.4000244140625,1191.5,1189.0,1189.800048828125,204408,-0.0014267319948594315,0.00787805915131301,0.001466029299379489,0.45,0.4,0,1186.1569307323539,1186.5297577646543,71.35688872530977,1.7604307690094174,0.6599729702369217,1185.6796512729634,0.001466029299379489,0,SBIN,5m,2026-03-02 08:55:00
1189.9000244140625,1191.0,1188.9000244140625,1190.9000244140625,141071,0.0009245045728658585,0.0072739365903449205,0.0014476770350184672,0.4,0.45,0,1186.6086539401356,1186.7011407705133,71.21226133007812,1.8997659717499573,0.9079315705395288,1185.7434787512611,0.0014476770350184672,0,SBIN,5m,2026-03-02 09:00:00
1191.5,1194.5,1191.0,1193.9000244140625,458684,0.0025191031476181625,0.00998227651791983,0.0015186802787153376,0.4,0.45,0,1187.3030701757477,1186.9834499330057,75.6636905244168,2.226598213535226,1.1716648991386682,1186.0633468138733,0.0015186802787153376,0,SBIN,5m,2026-03-02 09:05:00
1193.800048828125,1196.300048828125,1193.199951171875,1194.800048828125,298590,0.0007538524128134494,0.010572612267410353,0.0015176483152482933,0.45,0.4,0,1188.017068142641,1187.2899832230105,78.94762203054981,2.5290858409728116,1.443149087505497,1186.3018608874602,0.0015176483152482933,0,SBIN,5m,2026-03-02 09:10:00
1194.699951171875,1196.0,1191.800048828125,1194.5999755859375,251188,-0.00016745332608891772,0.01014713364428621,0.0015245471916815198,0.45,0.45,0,1188.6440117086693,1187.5766495901842,78.16596214225174,2.72129582216985,1.6987784344383678,1186.4783415291386,0.0015245471916815198,0,SBIN,5m,2026-03-02 09:15:00
1194.9000244140625,1195.0,1193.300048828125,1193.4000244140625,153124,-0.001004479488028176,0.00930311212184809,0.0015551546136534412,0.45,0.45,0,1189.0969652996591,1187.8050172303363,73.61709201032667,2.7451531689732747,1.9080533813453493,1186.5789129521283,0.0015551546136534412,0,SBIN,5m,2026-03-02 09:20:00
1193.699951171875,1193.800048828125,1189.5999755859375,1190.0,381192,-0.0028490232482875077,0.007364725990238963,0.0016983057657009581,0.4,0.45,0,1189.1829686044534,1187.8910949860094,62.64593842324755,2.4613340068690377,2.018709506450087,1186.727539928937,0.0016983057657009581,0,SBIN,5m,2026-03-02 09:25:00
1190.5,1191.0,1189.4000244140625,1191.0,385552,0.0008403361344537785,0.007188160676532718,0.0016952356205142533,0.4,0.45,0,1189.356019213553,1188.0130128296953,66.53699639963142,2.290691255854199,2.0731058563309093,1186.8470132407508,0.0016952356205142533,0,SBIN,5m,2026-03-02 09:30:00
1190.699951171875,1191.699951171875,1189.4000244140625,1190.5999755859375,579187,-0.00033587272381396804,0.007020152596660445,0.0016983802209370072,0.4,0.45,0,1189.4744912490182,1188.114462349548,66.27916329552929,2.0989812696823265,2.0782809390011927,1187.0173761971525,0.0016983802209370072,0,SBIN,5m,2026-03-02 09:35:00
1190.800048828125,1191.800048828125,1189.4000244140625,1190.4000244140625,1082192,-0.00016794152190080514,0.007447570252158364,0.0016886002576691312,0.45,0.4,0,1189.5626372647366,1188.2040922344308,56.157694713041806,1.9089106027638536,2.0444068717537247,1187.2945465815844,0.0016886002576691312,0,SBIN,5m,2026-03-02 09:40:00
1190.5,1191.0,1188.800048828125,1189.5999755859375,639058,-0.00067208401521901,0.006685304849364027,0.0017037971727041502,0.45,0.45,0,1189.5661932953271,1188.2588327580193,50.510083332295316,1.6744193121623994,1.9704093598354597,1187.4059920105,0.0017037971727041502,0,SBIN,5m,2026-03-02 09:45:00
1189.699951171875,1190.5,1187.800048828125,1188.5,510291,-0.0009246600609551514,0.0052439743853687215,0.0017260947443165117,0.4,0.45,0,1189.4646510767245,1188.2682902969204,37.93110705766802,1.3838720227884096,1.8531018924260498,1187.45838040653,0.0017260947443165117,0,SBIN,5m,2026-03-02 09:50:00
1188.5999755859375,1190.0,1187.5999755859375,1189.699951171875,406688,0.0010096349784392,0.005238657517427026,0.001725973749586067,0.35,0.5,0,1189.487060609596,1188.3244338606441,46.4283378746594,1.2361872368724107,1.729718961315322,1187.5020612792146,0.001725973749586067,0,SBIN,5m,2026-03-02 09:55:00
1175.199951171875,1175.4000244140625,1169.699951171875,1169.699951171875,365468,-0.004510679853723443,-0.010573507457523723,0.003438884896598616,0.35,0.45,0,1186.354255848714,1187.092026420199,20.869423686594203,-1.5087251652107625,0.7946745425439312,1171.5999755859375,0.003438884896598616,-1,SBIN,5m,2026-03-04 03:50:00
1170.4000244140625,1172.0999755859375,1166.300048828125,1166.5,327597,-0.0027357025779722877,-0.018015004608336604,0.0032292061205938935,0.3,0.5,0,1184.4633743393126,1186.2844959723482,16.6666110790556,-2.876940095912687,0.06035161485260754,1170.040151563609,0.0032292061205938935,-1,SBIN,5m,2026-03-04 03:55:00
1166.300048828125,1168.699951171875,1165.0999755859375,1167.0999755859375,545208,0.0005143382648413741,-0.018748989717829123,0.00320704214605673,0.25,0.55,0,1182.8097173151816,1185.5321618395478,10.818586123940818,-3.8682564182865917,-0.7253699917752323,1168.686890771079,0.00320704214605673,-1,SBIN,5m,2026-03-04 04:00:00
1167.0999755859375,1167.199951171875,1164.5999755859375,1165.5999755859375,253116,-0.001285236938889378,-0.02272153659376841,0.003085682338141261,0.2,0.6,-1,1181.1706942933488,1184.7505074766614,8.04578347908138,-4.720504176063287,-1.5243968286328433,1168.1969270635113,0.003085682338141261,-1,SBIN,5m,2026-03-04 04:05:00
1165.5999755859375,1168.0,1165.199951171875,1165.9000244140625,160819,0.0002574200707015084,-0.020992526230151243,0.003099930446842024,0.25,0.6,-1,1179.7163447810358,1184.0112728467554,8.882476390346284,-5.310489217364648,-2.281615306379204,1168.018776397549,0.003099930446842024,-1,SBIN,5m,2026-03-04 04:10:00
1165.800048828125,1166.0,1161.0,1161.5,198699,-0.00377392942956134,-0.025178346621905212,0.003134057928809995,0.25,0.65,-1,1177.9814548018896,1183.1284778331571,8.13642407445974,-6.063208912755272,-3.0379340276544182,1167.4621075041814,0.003134057928809995,-1,SBIN,5m,2026-03-04 04:15:00
1161.5,1163.300048828125,1159.5,1160.0,163626,-0.00129143349117522,-0.025046266267576667,0.0031338467636274157,0.25,0.65,-1,1176.2689352969476,1182.2214787024452,8.563480020232674,-6.703508287631166,-3.7710488796497685,1166.931823542938,0.0031338467636274157,-1,SBIN,5m,2026-03-04 04:20:00
1160.0,1162.5,1159.0,1161.699951171875,125198,0.0014654751481681938,-0.02451933213835833,0.003155975369392092,0.25,0.65,-1,1174.8814129993218,1181.4167129169327,10.297931746304812,-6.993165444690703,-4.415472192657956,1166.5886458498899,0.003155975369392092,-1,SBIN,5m,2026-03-04 04:25:00
1161.5999755859375,1163.699951171875,1160.300048828125,1162.5999755859375,114026,0.0007747477420090298,-0.026216641417262987,0.003069669820617529,0.25,0.65,-1,1173.7117522932854,1180.6788016490507,12.56674717670866,-7.068613800299772,-4.94610051418632,1166.3666074226655,0.003069669820617529,-1,SBIN,5m,2026-03-04 04:30:00
1162.9000244140625,1164.5,1162.300048828125,1164.300048828125,88724,0.0014623028366491653,-0.025527283858010175,0.0030988452231785852,0.25,0.65,-1,1172.8153995823177,1180.0364976168576,16.45249459470486,-6.911553378106191,-5.3391910869702945,1166.2656080169854,0.0030988452231785852,-1,SBIN,5m,2026-03-04 04:35:00
1164.300048828125,1166.4000244140625,1162.199951171875,1166.199951171875,136049,0.0016317978734625704,-0.023773669005921927,0.003158613696300127,0.3,0.65,-1,1172.1853568765612,1179.4938879523484,20.749880218140305,-6.558177038389431,-5.582988277254122,1166.192476781961,0.003158613696300127,0,SBIN,5m,2026-03-04 04:40:00
1166.199951171875,1166.5999755859375,1163.4000244140625,1164.5999755859375,118328,-0.0013719564851033539,-0.02413277043652262,0.003158500296873028,0.35,0.65,-1,1171.4629396107875,1178.909812957587,20.493708085298778,-6.334211553576324,-5.733232932518563,1166.1320647677967,0.003158500296873028,-1,SBIN,5m,2026-03-04 04:45:00
1164.800048828125,1166.9000244140625,1164.199951171875,1165.5,107291,0.0007728185067235049,-0.020588235294117685,0.003163763216856637,0.4,0.6,-1,1170.8950406002364,1178.3839379396425,19.900521684207973,-6.014758453485911,-5.789538036712033,1166.1083089143021,0.003163763216856637,-1,SBIN,5m,2026-03-04 04:50:00
1165.5,1167.5999755859375,1164.5,1165.5,124883,0.0,-0.021410579345088165,0.003143061443812346,0.45,0.55,0,1170.3812272097377,1177.8786854714212,31.372549019607845,-5.695930429728605,-5.770816515315348,1166.097641652457,0.003143061443812346,-1,SBIN,5m,2026-03-04 04:55:00
1165.5,1166.9000244140625,1164.199951171875,1164.699951171875,99655,-0.0006864425809738339,-0.021753758563043957,0.0031396873462840318,0.4,0.6,-1,1169.8401533013698,1177.361872361635,38.095238095238095,-5.445047064872142,-5.705662625226707,1166.0693650748672,0.0031396873462840318,-1,SBIN,5m,2026-03-04 05:00:00
1165.0,1165.5999755859375,1162.9000244140625,1164.0,94181,-0.0006009712382752941,-0.022177439409123867,0.003134451068539017,0.35,0.65,-1,1169.283948225049,1176.8378773670613,43.24324324324324,-5.242270766346337,-5.612984253450634,1166.0100842730649,0.003134451068539017,-1,SBIN,5m,2026-03-04 05:05:00
1164.0,1164.5999755859375,1161.5999755859375,1162.9000244140625,177603,-0.0009449962078500462,-0.02244447858089771,0.0031330103870261085,0.35,0.65,-1,1168.6759554811456,1176.2912948983164,38.94749691611842,-5.11140680978292,-5.512668764717091,1165.8448956672357,0.0031330103870261085,-1,SBIN,5m,2026-03-04 05:10:00
1162.9000244140625,1164.5,1162.5,1163.4000244140625,77031,0.00042995957477254265,-0.02111903709376317,0.0031522590504387926,0.35,0.6,-1,1168.1734858557093,1175.785754879326,43.88902452256944,-4.910742378745908,-5.392283487522855,1165.7890004362755,0.0031522590504387926,0,SBIN,5m,2026-03-04 05:15:00
1163.4000244140625,1163.4000244140625,1161.300048828125,1161.699951171875,159837,-0.001461297237847048,-0.023535346010916003,0.0031149957857381306,0.35,0.6,-1,1167.5569587429632,1175.2333704202103,39.175082586125534,-4.833182158606405,-5.2804632217395655,1165.6190115111283,0.0031149957857381306,0,SBIN,5m,2026-03-04 05:20:00
1161.699951171875,1162.0,1160.5999755859375,1161.199951171875,205444,-0.00043040373677871724,-0.011744722406914931,0.0016707905466675193,0.35,0.6,-1,1166.9515294504786,1174.683040253609,49.03210055443548,-4.75722264529395,-5.175815106450442,1165.373548591721,0.0016707905466675193,0,SBIN,5m,2026-03-04 05:25:00
1161.699951171875,1166.5,1160.699951171875,1165.300048828125,375623,0.003530914423577336,-0.0037615649546209884,0.0016448229669251857,0.4,0.6,0,1166.794245581683,1174.3150798055508,64.64093986889314,-4.316423525302071,-5.003936790220768,1165.2607345531856,0.0016448229669251857,0,SBIN,5m,2026-03-04 05:30:00
1165.0999755859375,1165.9000244140625,1163.699951171875,1165.5,254944,0.00017158771431957653,-0.0008572653236176286,0.001532357099306181,0.4,0.55,0,1166.6709840977132,1173.9693904014116,61.44586287025326,-3.9059275568931753,-4.78433494355525,1165.2471675270037,0.001532357099306181,0,SBIN,5m,2026-03-04 05:35:00
1165.5999755859375,1167.9000244140625,1165.5,1166.800048828125,207192,0.0011154430099742374,-0.0002569846320680247,0.001549635964374664,0.45,0.5,0,1166.6832759768001,1173.688239751479,62.35306789214806,-3.436094312655314,-4.514686817375264,1165.3158928562482,0.001549635964374664,0,SBIN,5m,2026-03-04 05:40:00
1166.800048828125,1167.300048828125,1165.0,1165.5,89950,-0.0011142001831682125,-8.577178108404304e-05,0.0015426943601601602,0.45,0.5,0,1166.5705830266288,1173.3671323102446,53.61428949613202,-3.13254117240308,-4.238257688380827,1165.328044772266,0.0015426943601601602,0,SBIN,5m,2026-03-04 05:45:00
1165.300048828125,1167.0,1163.4000244140625,1163.5999755859375,208383,-0.0016302225774882384,-0.0019727667724176445,0.0015831263151043482,0.4,0.55,0,1166.2876680322772,1172.9841065563503,42.16885189243248,-3.010585062245582,-3.9927231631537783,1165.2992053584333,0.0015831263151043482,0,SBIN,5m,2026-03-04 05:50:00
1163.5999755859375,1163.5999755859375,1160.300048828125,1160.4000244140625,145654,-0.0027500440349044197,-0.0009470302074364723,0.0014705353780397248,0.4,0.55,0,1165.7269400686378,1172.4906131390057,38.46179642646349,-3.135993501761959,-3.821377230875415,1165.1848639963919,0.0014705353780397248,0,SBIN,5m,2026-03-04 05:55:00
1160.5,1160.800048828125,1159.5,1160.0,192328,-0.00034472975322841215,0.0,0.001443332936712072,0.4,0.55,0,1165.1815172049578,1172.0007851727703,34.46344827586208,-3.2304209389519656,-3.7031859724907252,1164.9937391335395,0.001443332936712072,0,SBIN,5m,2026-03-04 06:00:00
1160.0999755859375,1162.699951171875,1160.0999755859375,1162.300048828125,111647,0.0019828007139008896,0.0005165685473642601,0.0014752424585265094,0.45,0.5,0,1164.9070916452595,1171.620364139647,42.00021972388033,-3.084108956854834,-3.5793705693635474,1164.9234060130852,0.0014752424585265094,0,SBIN,5m,2026-03-04 06:05:00
1162.4000244140625,1162.4000244140625,1159.300048828125,1159.800048828125,118210,-0.0021509075926827714,-0.002408332028737026,0.0015407756379379096,0.4,0.55,0,1164.4207066150561,1171.1568223627246,38.710004050222764,-3.13376072066103,-3.490248599623044,1164.8256102426683,0.0015407756379379096,0,SBIN,5m,2026-03-04 06:10:00
1159.9000244140625,1160.800048828125,1159.5999755859375,1160.5,185983,0.0006035102107317947,-0.0032638054356776136,0.0015059477494883836,0.35,0.55,0,1164.0473059850506,1170.7389077602647,41.93555645560506,-3.081112741605466,-3.408421428019529,1164.6734809906545,0.0015059477494883836,0,SBIN,5m,2026-03-04 06:15:00
1160.5999755859375,1161.5,1159.5999755859375,1159.5999755859375,113532,-0.0007755488272834787,-0.005659385922032856,0.0014501704511239845,0.35,0.5,0,1163.6237507089445,1170.3020868906833,42.325554987793105,-3.0765487484061396,-3.3420468920968514,1164.584200040186,0.0014501704511239845,0,SBIN,5m,2026-03-04 06:20:00
1159.699951171875,1160.0,1158.300048828125,1158.699951171875,169154,-0.0007761507701030679,-0.005066138191436975,0.001432630963038293,0.3,0.55,0,1163.1548174196996,1169.8471011762201,39.26937076033823,-3.109709405016929,-3.295579394680867,1164.4217705366439,0.001432630963038293,0,SBIN,5m,2026-03-04 06:25:00
1158.800048828125,1159.5999755859375,1158.300048828125,1159.0,70150,0.00025895299971456787,-0.005577005577005578,0.0014177974940559335,0.25,0.55,0,1162.7591205225854,1169.4217246595056,43.414831664066504,-3.0763161735651465,-3.251726750457723,1164.356750942735,0.0014177974940559335,0,SBIN,5m,2026-03-04 06:30:00
1159.0999755859375,1159.300048828125,1157.800048828125,1158.300048828125,94193,-0.0006039268092105088,-0.006177564283033066,0.0014179819441269169,0.2,0.6,0,1162.3344470278748,1168.9855805092554,42.99547105722508,-3.070932211938043,-3.2155678427537877,1164.2639707536516,0.0014179819441269169,0,SBIN,5m,2026-03-04 06:35:00
1158.4000244140625,1159.5,1158.0,1158.4000244140625,149147,8.631233853328979e-05,-0.005409055569611576,0.001417679301112241,0.25,0.55,0,1161.9597401122735,1168.5704606623851,29.34133487321556,-3.023742369483898,-3.17720274809981,1164.1269485856988,0.001417679301112241,0,SBIN,5m,2026-03-04 06:40:00
1158.5999755859375,1159.300048828125,1157.9000244140625,1159.0,125436,0.0005179347145136681,-0.004295532646048095,0.0014259921279020545,0.25,0.55,0,1161.6778601015808,1168.1951484795466,30.99426058650525,-2.9044503678910587,-3.1226522720580596,1164.0187750911698,0.0014259921279020545,0,SBIN,5m,2026-03-04 06:45:00
1159.0,1159.800048828125,1158.4000244140625,1159.300048828125,107792,0.00025888596041845346,-0.003095687944242087,0.0014189139634772816,0.3,0.5,0,1161.4514018850612,1167.8463210422358,26.70821581293785,-2.7539533049362035,-3.0489124786336883,1163.9365673291072,0.0014189139634772816,0,SBIN,5m,2026-03-04 06:50:00
1159.4000244140625,1160.0,1158.0,1158.0999755859375,209213,-0.0010351705267334088,-0.004555654733456205,0.0014249834115608044,0.35,0.55,0,1161.1322184280018,1167.4641114164986,26.875100135039247,-2.700390755788021,-2.979208134064555,1163.769848821484,0.0014249834115608044,0,SBIN,5m,2026-03-04 06:55:00
1158.0999755859375,1159.300048828125,1158.0,1159.0999755859375,84855,0.0008634833098015715,-0.0022380784154417688,0.001413801631162977,0.35,0.5,0,1160.9386714906623,1167.13610608981,35.09943411479385,-2.5478800320304344,-2.8929425136577307,1163.706491681484,0.001413801631162977,0,SBIN,5m,2026-03-04 07:00:00
1159.199951171875,1160.300048828125,1158.9000244140625,1159.699951171875,87690,0.0005176219468334686,-0.001291767191762494,0.0014184167492384157,0.4,0.45,0,1160.8206981269682,1166.8444921714595,47.19973437759397,-2.351494603062747,-2.784652931538734,1163.653528750034,0.0014184167492384157,0,SBIN,5m,2026-03-04 07:05:00
1159.699951171875,1160.5,1159.0,1160.300048828125,69540,0.0005174594132246746,-0.0042907404020348094,0.0011514025288535872,0.4,0.45,0,1160.7711124794591,1166.587847334466,51.18127643214148,-2.122962677839496,-2.6523148807988868,1163.6155592641076,0.0011514025288535872,0,SBIN,5m,2026-03-04 07:10:00
1160.199951171875,1160.300048828125,1158.5999755859375,1158.5999755859375,241120,-0.0014652013881275572,-0.005920226867492495,0.0011803338102771318,0.4,0.5,0,1160.564337537219,1166.2745974619747,34.71071878940731,-2.055338520100122,-2.532919608659134,1163.463498296791,0.0011803338102771318,0,SBIN,5m,2026-03-04 07:15:00
1158.699951171875,1159.300048828125,1157.699951171875,1158.0999755859375,154672,-0.00043155533448646644,-0.007456353169444374,0.0011326852537767928,0.35,0.55,0,1160.3296363990016,1165.9540240550712,41.58397892217885,-2.018820008821649,-2.430099688691637,1163.3541464429395,0.0011326852537767928,0,SBIN,5m,2026-03-04 07:20:00
1158.0999755859375,1160.4000244140625,1158.0,1159.9000244140625,88900,0.0015543121199137477,-0.004804783857518258,0.001196233177634348,0.4,0.5,0,1160.2887209718644,1165.7166123044433,47.32161346223011,-1.823608505048469,-2.3088014519630033,1163.3063861672038,0.001196233177634348,0,SBIN,5m,2026-03-04 07:25:00
1159.9000244140625,1161.199951171875,1159.800048828125,1160.300048828125,147514,0.0003448783564468094,-0.002835963240847228,0.0011562927721083256,0.45,0.45,0,1160.289799815318,1165.5041980504702,53.27127325826802,-1.6179723764116716,-2.170635636852737,1163.249464921074,0.0011562927721083256,0,SBIN,5m,2026-03-04 07:30:00
1160.5,1161.800048828125,1159.4000244140625,1161.699951171875,128472,0.0012065002885794929,0.0011202402020535907,0.0010164950882910464,0.5,0.45,0,1160.424099944514,1165.3550118983685,63.392623594036095,-1.3267498963382423,-2.0018584887498383,1163.210744082636,0.0010164950882910464,0,SBIN,5m,2026-03-04 07:35:00
1161.9000244140625,1164.0,1161.800048828125,1163.800048828125,199645,0.0018077797577003007,0.0032759041621768237,0.0010835232390449003,0.55,0.4,0,1160.7456188858102,1165.2940329544374,68.4613795564236,-0.9159353208949597,-1.7846738551788626,1163.2104689887342,0.0010835232390449003,0,SBIN,5m,2026-03-04 07:40:00
1164.0,1164.0999755859375,1161.300048828125,1162.0,168288,-0.0015466993921657846,-0.00025815092103587123,0.0010588651578509157,0.55,0.45,0,1160.8650837538285,1165.1648551915182,63.12007618388019,-0.7272276788924046,-1.573184619921571,1163.1947082889058,0.0010588651578509157,0,SBIN,5m,2026-03-04 07:45:00
1162.0,1163.9000244140625,1162.0,1163.5999755859375,136908,0.0013769153063145634,0.003276363681526062,0.0009743351990612554,0.55,0.4,0,1161.1255496426008,1165.1034873638484,66.66614501009406,-0.4434589362354018,-1.3472394831843373,1163.1942330863578,0.0009743351990612554,0,SBIN,5m,2026-03-04 07:50:00
1163.5999755859375,1165.0,1163.199951171875,1163.699951171875,174593,8.591920594280822e-05,0.0027573900662429818,0.0009689060593606564,0.6,0.4,0,1161.370730740627,1165.048446728869,65.56239996119707,-0.20810407474846215,-1.1194124014971623,1163.2105722919057,0.0009689060593606564,0,SBIN,5m,2026-03-04 07:55:00
1163.300048828125,1165.0,1162.9000244140625,1163.0,199019,-0.0006014876697125748,0.0029320666485392888,0.0009610166966062399,0.55,0.45,0,1161.5258992415197,1164.9681154845996,61.93513837042637,-0.07717424456222943,-0.9109647701101757,1163.220526601364,0.0009610166966062399,0,SBIN,5m,2026-03-04 08:00:00
1162.5,1164.0,1162.0,1163.199951171875,229176,0.00017192706094149024,0.0038836628891274483,0.0009361535800017832,0.55,0.45,0,1161.6853327586964,1164.89877570763,67.58597466010018,0.042236106127120365,-0.7203245948627166,1163.216464642289,0.0009361535800017832,0,SBIN,5m,2026-03-04 08:05:00
1163.300048828125,1163.9000244140625,1162.199951171875,1163.4000244140625,125752,0.00017200245064130648,0.003796397251132344,0.0009360391371778833,0.55,0.45,0,1161.8486367258743,1164.840001147098,65.6933851308005,0.15127015967755142,-0.5460056439546631,1163.2157536317989,0.0009360391371778833,0,SBIN,5m,2026-03-04 08:10:00
1163.4000244140625,1163.4000244140625,1160.9000244140625,1160.9000244140625,190456,-0.0021488739449349037,0.002244647739217509,0.0010604755317928367,0.55,0.45,0,1161.758292696178,1164.6854922556065,53.846334420995795,0.03554162431487384,-0.4296961903007558,1163.1843762269293,0.0010604755317928367,0,SBIN,5m,2026-03-04 08:15:00
1161.0,1162.0,1160.800048828125,1161.699951171875,125653,0.0006890574045910203,0.002848693619012632,0.0010682240263012687,0.5,0.5,0,1161.7527363605302,1164.5684122131074,54.43005701747608,0.008277907781348404,-0.342101370684335,1163.1611784002412,0.0010682240263012687,0,SBIN,5m,2026-03-04 08:20:00
1161.800048828125,1164.0,1161.699951171875,1164.0,76941,0.001979899220796888,0.004314063848144922,0.0011426731074755327,0.55,0.45,0,1161.966761469051,1164.5461215380838,66.46346455872393,0.17030278957531664,-0.2396205386324047,1163.1617816734965,0.0011426731074755327,1,SBIN,5m,2026-03-04 08:25:00
1163.9000244140625,1165.699951171875,1163.800048828125,1165.199951171875,181281,0.0010308858864904735,0.005089193560988692,0.0011571497772941961,0.55,0.45,0,1162.2746842978916,1164.5717619158795,70.76019217178387,0.3910271888560146,-0.11349099313472086,1163.1953683386741,0.0011571497772941961,1,SBIN,5m,2026-03-04 08:30:00
1165.199951171875,1167.800048828125,1164.0999755859375,1167.4000244140625,161670,0.0018881508190717877,0.008030436943424979,0.001170229225916382,0.55,0.4,0,1162.762811928003,1164.6826741707102,71.42857142857143,0.7350076783945951,0.05620874117114233,1163.2502210322348,0.001170229225916382,0,SBIN,5m,2026-03-04 08:35:00
1167.800048828125,1177.300048828125,1166.800048828125,1177.0,382805,0.008223381347585601,0.01544303752143028,0.0021062790466389067,0.6,0.4,1,1164.1187346015265,1165.1657065561726,81.27337399303238,1.7619419243085304,0.39735537779861996,1163.6532165700175,0.0021062790466389067,0,SBIN,5m,2026-03-04 08:40:00
1177.0999755859375,1182.4000244140625,1176.9000244140625,1176.9000244140625,375598,-8.49410245857829e-05,0.01483148570007864,0.0021143526794605056,0.6,0.4,1,1165.3360002979584,1165.625875883933,79.92137526012004,2.538465666538741,0.8255774355466442,1164.2030269699183,0.0021143526794605056,0,SBIN,5m,2026-03-04 08:45:00
1177.0,1177.9000244140625,1175.199951171875,1175.199951171875,90119,-0.0014445349706181387,0.0128414218018853,0.0021699336668570533,0.55,0.45,0,1166.2754241907123,1166.0013298167937,72.7998046875,2.982306451911654,1.2569232388196463,1164.3061970115423,0.0021699336668570533,0,SBIN,5m,2026-03-04 08:50:00
1175.4000244140625,1176.0,1173.300048828125,1174.199951171875,119147,-0.0008509190278666035,0.01346450536393995,0.002142738274759758,0.55,0.45,0,1167.0301410460613,1166.3228443797382,75.20656154474743,3.216286480885856,1.6487958872328883,1164.4217470309757,0.002142738274759758,0,SBIN,5m,2026-03-04 08:55:00
1174.0,1176.0,1172.800048828125,1175.0,127455,0.0006813565503274166,0.014592889016781019,0.0021269879889628377,0.55,0.45,0,1167.7891752321507,1166.6631249922975,74.35900111115168,3.426772888953792,2.0043912875770693,1164.5436872655566,0.0021269879889628377,0,SBIN,5m,2026-03-04 09:00:00
1174.800048828125,1175.0999755859375,1173.300048828125,1173.800048828125,116247,-0.0010212350398935977,0.011983812502361468,0.0021520679401909252,0.5,0.45,0,1168.3616393841482,1166.9430043584084,70.61244419642857,3.4569097489261367,2.294894979846883,1164.6466196805277,0.0021520679401909252,0,SBIN,5m,2026-03-04 09:05:00
1174.4000244140625,1176.699951171875,1173.699951171875,1176.199951171875,114188,0.002044558054113299,0.013703267839907829,0.002174983997615025,0.5,0.45,0,1169.1081452686938,1167.306021880505,75.19079345851,3.632571467221851,2.5624302773218766,1164.760993074978,0.002174983997615025,0,SBIN,5m,2026-03-04 09:10:00
1176.199951171875,1178.800048828125,1175.300048828125,1177.9000244140625,104367,0.0014453947566428482,0.013945144119052122,0.0021786632869222095,0.5,0.4,0,1169.9454670920622,1167.7214729602524,76.53435807490779,3.8644197220471597,2.822828166266933,1164.880567999438,0.0021786632869222095,0,SBIN,5m,2026-03-04 09:15:00
1177.800048828125,1178.0,1176.5,1177.0,76135,-0.0007640923638746466,0.011342112577814811,0.0021854117971066016,0.45,0.4,0,1170.6173273690088,1168.0853367657328,73.9435984062101,3.9302314245971957,3.0443088179329854,1164.9652234525283,0.0021854117971066016,0,SBIN,5m,2026-03-04 09:20:00
1177.0,1177.9000244140625,1175.0999755859375,1175.699951171875,103004,-0.0011045444588997366,0.01178997519094227,0.0021650528141616827,0.4,0.4,0,1171.1013867788056,1168.3839490953856,77.20567445909982,3.8332967388860197,3.2021064021235928,1165.0692948460232,0.0021650528141616827,0,SBIN,5m,2026-03-04 09:25:00
1176.0,1176.4000244140625,1174.300048828125,1174.9000244140625,227641,-0.0006803834235216133,0.009711283143019056,0.002174471741862445,0.4,0.45,0,1171.4631617916873,1168.639481460824,74.26477518030006,3.6498546455954965,3.2916560508179735,1165.2719431610649,0.002174471741862445,0,SBIN,5m,2026-03-04 09:30:00
1174.800048828125,1175.800048828125,1173.0999755859375,1173.4000244140625,184778,-0.0012767043738449724,0.008335544942164264,0.0022087301578358727,0.35,0.5,0,1171.6476248985803,1168.8261694197745,67.80306007795846,3.3448803030394174,3.3023009012622624,1165.4129930299694,0.0022087301578358727,0,SBIN,5m,2026-03-04 09:35:00
1173.0999755859375,1175.5,1172.4000244140625,1174.5,208237,0.0009374259102190585,0.009888220120378266,0.0021981455500689434,0.35,0.5,0,1171.919279670144,1169.0486725797832,67.68066836853097,3.155569337201996,3.2729545884502094,1165.567233362521,0.0021981455500689434,0,SBIN,5m,2026-03-04 09:40:00
1174.5999755859375,1175.0,1173.5,1174.0999755859375,229270,-0.00034059124228391635,0.009370722895131856,0.0022050792020510443,0.35,0.45,0,1172.1269649954577,1169.2467628937502,63.67336973852041,2.939377096325188,3.2062390900252056,1165.7321357400497,0.0022050792020510443,0,SBIN,5m,2026-03-04 09:45:00
1174.0999755859375,1176.0,1173.0999755859375,1175.199951171875,236261,0.0009368670546037183,0.010142622064801321,0.0022062937803628475,0.4,0.5,0,1172.4196303455926,1169.4802212575983,44.374847412109375,2.8242458763245395,3.1298404472850727,1165.9065414877762,0.0022062937803628475,0,SBIN,5m,2026-03-04 09:50:00
1175.199951171875,1176.0999755859375,1173.199951171875,1174.5999755859375,231598,-0.000510530642329643,0.011801146424120112,0.002131646024159203,0.45,0.45,0,1172.6272822732446,1169.680995937141,43.03015506628788,2.6539969150376237,3.034671740835583,1166.068614456365,0.002131646024159203,0,SBIN,5m,2026-03-04 09:55:00
1178.4000244140625,1180.5999755859375,1176.0,1179.9000244140625,185740,0.0010181329362017877,0.013659814788713476,0.0022103089296857054,0.45,0.45,0,1173.8431929037713,1170.4215566897938,64.92167677529447,3.009099988936441,2.9947986442618135,1178.8333333333333,0.0022103089296857054,0,SBIN,5m,2026-03-05 03:50:00
1180.0,1180.9000244140625,1175.0,1175.9000244140625,144743,-0.0033901177364467072,0.009183036123050048,0.0023874382708276073,0.45,0.5,0,1174.0390816190372,1170.6363985613339,52.01799858770206,2.8058890581469313,2.957016727038837,1178.147181012366,0.0023874382708276073,0,SBIN,5m,2026-03-05 03:55:00
1175.699951171875,1177.0,1175.0999755859375,1176.5,79531,0.000510226697406857,0.0077950791465033475,0.0023638166859217564,0.4,0.5,0,1174.2734547981765,1170.8663437157916,56.221099647851666,2.6625635715561202,2.8981260959422936,1177.7694819574083,0.0023638166859217564,0,SBIN,5m,2026-03-05 04:00:00
1176.199951171875,1176.9000244140625,1175.300048828125,1175.4000244140625,85371,-0.0009349558741500452,-0.0013593675326571963,0.0014935387252345963,0.35,0.5,0,1174.3807471425466,1171.044135115724,48.03939754782578,2.43218157866454,2.8049371924867432,1177.4415704034009,0.0014935387252345963,0,SBIN,5m,2026-03-05 04:05:00
1175.199951171875,1176.300048828125,1174.5,1175.5999755859375,287117,0.00017011329566263278,-0.0011046382880077754,0.0014944656631670564,0.3,0.55,0,1174.4968641371554,1171.2227955263206,43.91518330017826,2.239916218130702,2.691932997615535,1176.7169382623765,0.0014944656631670564,0,SBIN,5m,2026-03-05 04:10:00
1175.0999755859375,1176.300048828125,1175.0999755859375,1175.4000244140625,61119,-0.00017008436205123711,0.00017024612874427802,0.0014588083092100716,0.3,0.5,0,1174.5828794016227,1171.3866084238794,45.60442140140717,2.0478043325699673,2.5631072646064217,1176.636019040495,0.0014588083092100716,0,SBIN,5m,2026-03-05 04:15:00
1175.0999755859375,1177.9000244140625,1174.0,1177.800048828125,123648,0.0020418788193057313,0.0030660005160594306,0.0015114651615866497,0.35,0.5,0,1174.889276489861,1171.6381158907125,55.440722562364016,2.0654074600176955,2.4635673036886767,1176.627156703783,0.0015114651615866497,0,SBIN,5m,2026-03-05 04:20:00
1177.9000244140625,1178.0,1174.699951171875,1174.699951171875,146135,-0.0026321086158338503,-0.00025536070478726636,0.001627759685887103,0.4,0.45,0,1174.8712455071957,1171.7581878625228,49.53686697146603,1.8083604395992552,2.3325259308707924,1176.5185875753211,0.001627759685887103,0,SBIN,5m,2026-03-05 04:25:00
1174.699951171875,1176.800048828125,1174.699951171875,1175.699951171875,51229,0.0008512812135579306,0.0016185911268675746,0.0016204609881510957,0.4,0.45,0,1174.9501698562128,1171.9127668158308,55.45006971322121,1.6661343074811157,2.199247606192857,1176.484045686702,0.0016204609881510957,0,SBIN,5m,2026-03-05 04:30:00
1175.699951171875,1176.800048828125,1174.699951171875,1175.4000244140625,63202,-0.00025510484840418624,-0.0006800941940318106,0.001554113274155088,0.35,0.45,0,1174.9930131474366,1172.0495220157616,52.21681689988394,1.5117905103838893,2.0617561870310634,1176.4402562460862,0.001554113274155088,0,SBIN,5m,2026-03-05 04:35:00
1175.4000244140625,1175.9000244140625,1174.699951171875,1174.800048828125,33731,-0.0005104437412587481,-0.002631781578814052,0.001517297534308756,0.3,0.45,0,1174.9746355932166,1172.157385812325,51.70750588025128,1.3257762008408918,1.914560189793029,1176.405312737569,0.001517297534308756,0,SBIN,5m,2026-03-05 04:40:00
1175.4000244140625,1176.0,1174.199951171875,1174.199951171875,59593,-0.0005108083344468328,-0.00237897096697115,0.0015127826063225838,0.35,0.5,0,1174.9008561245175,1172.2374864146605,47.5,1.1170588951354148,1.7550599308615062,1176.3329010582431,0.0015127826063225838,0,SBIN,5m,2026-03-05 04:45:00
1174.199951171875,1174.4000244140625,1172.0999755859375,1172.800048828125,91679,-0.001192218022452507,-0.0024665326734593096,0.0015159156309553581,0.35,0.5,0,1174.7007792391469,1172.2595476857766,45.673237750377076,0.8291308031850804,1.5698741053262213,1176.123119297031,0.0015159156309553581,0,SBIN,5m,2026-03-05 04:50:00
1172.800048828125,1173.4000244140625,1171.4000244140625,1172.0999755859375,92642,-0.0005969246359488478,-0.002383223057231154,0.001514412866819077,0.35,0.5,0,1174.4530836531271,1172.2532899563712,31.034579524487697,0.5382510331558024,1.3635494908921375,1175.8878583410612,0.001514412866819077,0,SBIN,5m,2026-03-05 04:55:00
1172.199951171875,1172.800048828125,1167.5,1168.4000244140625,165460,-0.0031566856487863504,-0.0042611214385279705,0.001642991505656972,0.35,0.5,0,1173.8766018208353,1172.1021815037318,21.105385842227946,0.009067062491340039,1.092653005211978,1175.261923038241,0.001642991505656972,0,SBIN,5m,2026-03-05 05:00:00
1168.4000244140625,1170.0,1167.800048828125,1170.0,72690,0.0013693731192276903,-0.003831417624521105,0.0016616322137750922,0.35,0.45,0,1173.5074016474223,1172.0197430133894,33.142669800989125,-0.278005711800688,0.818521261809445,1175.0119881308672,0.0016616322137750922,0,SBIN,5m,2026-03-05 05:05:00
1169.5,1170.0,1167.800048828125,1168.0999755859375,345208,-0.0016239524906517255,-0.005110297355219395,0.0016922274306439145,0.35,0.45,0,1172.9924086891856,1171.8660266436855,27.659422501282393,-0.651321021421154,0.5245528051633253,1173.9578327315317,0.0016922274306439145,0,SBIN,5m,2026-03-05 05:10:00
1168.0999755859375,1168.0999755859375,1166.9000244140625,1167.0,87587,-0.0009416793159213732,-0.006977494479725177,0.0016746470747986773,0.3,0.45,0,1172.4217030997393,1171.6752020694232,27.659422501282393,-1.024129404515861,0.21481636322748798,1173.6912395666905,0.0016746470747986773,0,SBIN,5m,2026-03-05 05:15:00
1166.699951171875,1167.699951171875,1166.300048828125,1166.5,55227,-0.00042844901456728923,-0.006895943942018978,0.0016743301599238549,0.25,0.5,0,1171.8577313759545,1171.4722529686615,26.178043932586434,-1.3444307940683302,-0.09703306823167568,1173.5215260147793,0.0016743301599238549,0,SBIN,5m,2026-03-05 05:20:00
1166.699951171875,1168.0,1166.5,1168.0,89509,0.001285897985426443,-0.009077756524242697,0.0014684674444154322,0.25,0.5,0,1171.4903283877684,1171.3360861855767,31.862706965778457,-1.4603999078879042,-0.3697064361629214,1173.2893229181147,0.0014684674444154322,0,SBIN,5m,2026-03-05 05:25:00
1167.800048828125,1169.0,1166.5999755859375,1167.199951171875,504454,-0.0006849733117508805,-0.010763685888127927,0.0014273613637592836,0.3,0.45,0,1171.0817210338737,1171.1738848124905,21.808324134796436,-1.598437725142503,-0.6154526939588378,1172.2736098718908,0.0014273613637592836,0,SBIN,5m,2026-03-05 05:30:00
1167.199951171875,1168.9000244140625,1166.699951171875,1168.0999755859375,198881,0.0007710970285415009,-0.006633258496623995,0.0012863607854535478,0.25,0.4,0,1170.7977452769273,1171.0533393526257,30.120526226771673,-1.616574378278301,-0.8156770308227306,1171.9860144702347,0.0012863607854535478,0,SBIN,5m,2026-03-05 05:35:00
1168.0,1169.199951171875,1166.5,1167.0,3340084,-0.0009416793159213732,-0.008074798130046745,0.0012772695737260783,0.3,0.45,0,1170.4360552505532,1170.894384868209,23.9521658406795,-1.700108846954663,-0.9925633940491172,1169.6667652420879,0.0012772695737260783,0,SBIN,5m,2026-03-05 05:40:00
1166.800048828125,1168.0,1166.300048828125,1167.9000244140625,90148,0.0007712291465831189,-0.006380806401411143,0.0012968059676377154,0.3,0.5,0,1170.1945285042207,1170.7769589680463,28.32376060174144,-1.6743848010985403,-1.1289276754590019,1169.6351074941292,0.0012968059676377154,0,SBIN,5m,2026-03-05 05:45:00
1168.0,1168.5,1166.5,1166.5,129777,-0.0011987536473979654,-0.007740707532255531,0.0013057136165768232,0.35,0.45,0,1169.8426686466757,1170.6092350869465,27.071812026221366,-1.7468321850840312,-1.252508577384008,1169.5864558725928,0.0013057136165768232,0,SBIN,5m,2026-03-05 05:50:00
1166.300048828125,1166.9000244140625,1164.0999755859375,1164.800048828125,167104,-0.0014573091914916736,-0.009018185609806828,0.0013259921332568815,0.35,0.5,0,1169.362419140147,1170.3814238611103,25.521025393232705,-1.9192946770160688,-1.3858657973104203,1169.4795404194504,0.0013259921332568815,0,SBIN,5m,2026-03-05 05:55:00
1164.9000244140625,1165.0,1163.4000244140625,1164.5999755859375,97111,-0.00017176616912817355,-0.011207397431610922,0.0011925395759635783,0.3,0.5,0,1168.9088530873653,1170.1547003993387,27.222173243725294,-2.0485028176274227,-1.5183932013738208,1169.406570095603,0.0011925395759635783,0,SBIN,5m,2026-03-05 06:00:00
1164.5999755859375,1164.699951171875,1162.5999755859375,1162.699951171875,520010,-0.0016314824436661768,-0.010215374562694834,0.0011199304771655728,0.25,0.55,0,1168.3175290954139,1169.8623572923793,25.520863135542044,-2.27795840449744,-1.6703062419985448,1168.9779799575454,0.0011199304771655728,0,SBIN,5m,2026-03-05 06:05:00
1162.699951171875,1164.199951171875,1161.5999755859375,1162.0,439242,-0.000602004989481153,-0.011652591427106618,0.001072936551228998,0.25,0.6,0,1167.7158596577556,1169.5540295554233,30.24692753426619,-2.4876082209752894,-1.8337666377938937,1168.6191816170551,0.001072936551228998,0,SBIN,5m,2026-03-05 06:10:00
1161.9000244140625,1162.0,1160.5,1160.699951171875,96370,-0.001118802778076633,-0.012506442859328226,0.0010763218701830988,0.25,0.65,0,1167.0476778971956,1169.2068107952844,20.754832865017576,-2.7272225623855775,-2.0124578227122307,1168.5271009056828,0.0010763218701830988,0,SBIN,5m,2026-03-05 06:15:00
1160.5999755859375,1160.5999755859375,1157.800048828125,1159.300048828125,536611,-0.0012060846063933761,-0.013193734555477232,0.0010835214064261935,0.25,0.7,0,1166.309808462046,1168.818310325984,21.428854522539368,-2.995548258292274,-2.2090759098282398,1167.9362760533336,0.0010835214064261935,0,SBIN,5m,2026-03-05 06:20:00
1158.9000244140625,1159.4000244140625,1156.5999755859375,1157.199951171875,528671,-0.0018115220976423485,-0.014477943030940854,0.0011125344377213439,0.2,0.7,0,1165.4422030058392,1168.3626883983718,20.12206922218087,-3.3391667987943947,-2.435094087621471,1167.3349121014671,0.0011125344377213439,0,SBIN,5m,2026-03-05 06:25:00
1157.4000244140625,1158.5999755859375,1156.800048828125,1157.5999755859375,147008,0.0003456830547368117,-0.012960498473184368,0.0011317660509589447,0.2,0.65,0,1164.6953242039438,1167.9406212292567,22.699597846193015,-3.538419641669634,-2.6557591984311038,1167.179009195122,0.0011317660509589447,0,SBIN,5m,2026-03-05 06:30:00
1158.0,1159.699951171875,1157.199951171875,1158.0,239917,0.00034556359925641544,-0.01202966972069841,0.0011535670657833181,0.25,0.6,0,1164.0576742797587,1167.5507929457565,17.10568583360103,-3.6222947688211207,-2.8490663125091076,1166.9513362508703,0.0011535670657833181,0,SBIN,5m,2026-03-05 06:35:00
1158.300048828125,1159.800048828125,1157.9000244140625,1159.4000244140625,80451,0.0012090020846826643,-0.007702841331686416,0.001053919612834882,0.3,0.55,0,1163.6140885782636,1167.2311549641215,25.316954455904508,-3.5350463280735767,-2.9862623156220014,1166.8838350710598,0.001053919612834882,0,SBIN,5m,2026-03-05 06:40:00
1159.5,1160.0,1158.699951171875,1159.300048828125,97305,-8.623045008815389e-05,-0.009145257411859009,0.0009735091999096379,0.35,0.55,0,1163.2032276496789,1166.9201311940824,20.667149518639988,-3.4343791197784412,-3.0758856764532894,1166.8067763267056,0.0009735091999096379,0,SBIN,5m,2026-03-05 06:45:00
1159.199951171875,1160.199951171875,1159.0,1159.0,474703,-0.0002588189558244691,-0.007790408163798501,0.0009345966005633553,0.4,0.55,0,1162.8029202544712,1166.6095378139223,21.831373358090914,-3.3403060953544355,-3.1287697602335185,1166.45549009845,0.0009345966005633553,0,SBIN,5m,2026-03-05 06:50:00
1159.0,1160.0,1158.4000244140625,1159.800048828125,98559,0.0006902923452329901,-0.006169623969044524,0.000954966767012086,0.4,0.55,0,1162.5169324995811,1166.3424990301655,21.27712992061224,-3.164714433572499,-3.1359586949013147,1166.3866921728575,0.000954966767012086,0,SBIN,5m,2026-03-05 06:55:00
1159.5999755859375,1163.300048828125,1159.5999755859375,1161.0999755859375,168593,0.001120819712954857,-0.004629253676864509,0.0010062236866375655,0.45,0.5,0,1162.3819842220914,1166.13690987549,30.714366678582948,-2.8873796360137476,-3.0862428831238016,1166.3037856273354,0.0010062236866375655,0,SBIN,5m,2026-03-05 07:00:00
1161.0,1161.9000244140625,1159.5,1160.0,80131,-0.0009473564801191214,-0.006849315068493178,0.0009513938164120938,0.4,0.55,0,1162.155128581892,1165.8962467431177,32.08956583526154,-2.724937267163341,-3.01398175993171,1166.2586214341575,0.0009513938164120938,0,SBIN,5m,2026-03-05 07:05:00
1159.9000244140625,1160.800048828125,1159.4000244140625,1160.300048828125,51548,0.00025866278286645894,-0.005911499856406266,0.0009569324861131904,0.35,0.6,0,1161.9784543196288,1165.676788001353,34.074489343810185,-2.5426786697560146,-2.919721141896571,1166.2284493699221,0.0009569324861131904,0,SBIN,5m,2026-03-05 07:10:00
1160.5999755859375,1160.5999755859375,1158.0999755859375,1159.5,67697,-0.0006895189127441581,-0.007362362610806139,0.0009264603172592633,0.35,0.65,0,1161.7424110510926,1165.434561020908,37.097123506132974,-2.4347286361989973,-2.8227226407570565,1166.1843211612238,0.0009264603172592633,0,SBIN,5m,2026-03-05 07:15:00
1159.199951171875,1160.5,1159.0,1160.5,177527,0.0008624407072013174,-0.005569837189374427,0.0009551522827386136,0.3,0.6,0,1161.6240861890838,1165.2410488240096,44.094579008073815,-2.242634124025244,-2.706704937410694,1166.0812631033873,0.0009551522827386136,0,SBIN,5m,2026-03-05 07:20:00
1159.9000244140625,1160.5,1159.5999755859375,1159.9000244140625,165616,-0.000516997488959503,-0.006849901389473501,0.0009235289219887848,0.3,0.55,0,1161.4598898295578,1165.0315968863645,46.66700574741874,-2.114436941866643,-2.588251338301884,1165.9881690694365,0.0009235289219887848,0,SBIN,5m,2026-03-05 07:25:00
1160.0,1160.800048828125,1159.0,1159.0,54854,-0.0007759499914806733,-0.006429489927132437,0.0009076162493790413,0.3,0.6,0,1161.2256146076952,1164.7950636751345,48.695467572444535,-2.061698226005092,-2.482940715842526,1165.955942585797,0.0009076162493790413,0,SBIN,5m,2026-03-05 07:30:00
1158.9000244140625,1159.5999755859375,1158.699951171875,1159.199951171875,35529,0.00017252042439608317,-0.004807775945651849,0.000872823883115875,0.3,0.6,0,1161.032694280474,1164.575647498536,60.416560703931644,-1.9809330619641514,-2.382539185066851,1165.9338309111351,0.000872823883115875,0,SBIN,5m,2026-03-05 07:35:00
1159.5,1160.0,1159.0,1159.0,53593,-0.00017249066623303833,-0.00480849708340414,0.0008728208919539961,0.35,0.55,0,1160.8391043490003,1164.3569946554562,57.44691903123174,-1.911031296874171,-2.2882376074283153,1165.9015631378002,0.0008728208919539961,0,SBIN,5m,2026-03-05 07:40:00
1159.0999755859375,1159.300048828125,1158.300048828125,1158.699951171875,72037,-0.00025888596041845346,-0.0034402684854062393,0.0008093573472388853,0.35,0.55,0,1160.6353754749882,1164.1351498129627,53.7631585855669,-1.858422341319283,-2.2022745542065087,1165.85498500362,0.0008093573472388853,0,SBIN,5m,2026-03-05 07:45:00
1158.9000244140625,1160.0,1158.5999755859375,1159.800048828125,105965,0.0009494240982208524,-0.0018932454146944888,0.0008397499079072475,0.4,0.5,0,1160.5558205562393,1163.9651458527728,52.22232771365405,-1.7082688184764265,-2.1034734070604926,1165.7942222236304,0.0008397499079072475,0,SBIN,5m,2026-03-05 07:50:00
1159.800048828125,1160.0,1159.0,1160.0,105723,0.0001724014170174648,-0.0006030423031967436,0.0008057971536953209,0.4,0.45,0,1160.5028852651687,1163.8096499369778,53.84584428824381,-1.5552091977692726,-1.9938205652022487,1165.7366193722107,0.0008057971536953209,0,SBIN,5m,2026-03-05 07:55:00
1160.0,1160.0,1158.4000244140625,1159.5999755859375,215486,-0.0003448486328124778,0.00025871365926000145,0.0007614213106189622,0.4,0.45,0,1160.4168938671467,1163.6445646683096,53.26071092122547,-1.4494782892456897,-1.884952110010937,1165.6162359638395,0.0007614213106189622,0,SBIN,5m,2026-03-05 08:00:00
1159.9000244140625,1160.0,1157.5999755859375,1157.800048828125,96880,-0.001552196270876105,0.0005185773259341886,0.0007302837641542657,0.4,0.45,0,1160.167670530097,1163.4153679686945,40.19603149907849,-1.4937063126581052,-1.8067029505403707,1165.556311687876,0.0007302837641542657,0,SBIN,5m,2026-03-05 08:05:00
1157.699951171875,1158.9000244140625,1157.300048828125,1157.5999755859375,119450,-0.00017280465861957417,0.0,0.0007275423673978504,0.4,0.5,0,1159.9231281544628,1163.187313365449,30.769437141170798,-1.5272958624275361,-1.7508215329178038,1165.478340499494,0.0007275423673978504,0,SBIN,5m,2026-03-05 08:10:00
1157.9000244140625,1158.800048828125,1157.199951171875,1158.0,75696,0.00034556359925641544,0.0,0.0007275423673978504,0.35,0.55,0,1159.739973092133,1162.983889311902,38.09544569419014,-1.5042966007270024,-1.7015165464796436,1165.4301793914585,0.0007275423673978504,0,SBIN,5m,2026-03-05 08:15:00
1158.0,1158.199951171875,1154.5999755859375,1154.800048828125,180449,-0.002763342980893757,-0.003967548291420986,0.0009015903997270654,0.3,0.6,0,1159.2695041146083,1162.6629543909696,25.663821972561294,-1.7244010150916438,-1.7060934402020438,1165.2855775423766,0.0009015903997270654,0,SBIN,5m,2026-03-05 08:20:00
1154.9000244140625,1155.5999755859375,1154.199951171875,1155.0999755859375,144790,0.00025972180908451215,-0.0036229388987201183,0.0009071565034666976,0.25,0.65,0,1158.8724061594967,1162.3663669868508,29.629378454443724,-1.8532704187132367,-1.7355288359042824,1165.161886540192,0.0009071565034666976,0,SBIN,5m,2026-03-05 08:25:00
1155.0999755859375,1156.5999755859375,1153.699951171875,1155.300048828125,245994,0.00017320859355574036,-0.0031923651180975066,0.0009103457988023693,0.25,0.7,0,1158.532181651747,1162.0892564708224,24.000244140625,-1.9171563262339077,-1.7718543339702075,1164.9630596463899,0.0009103457988023693,0,SBIN,5m,2026-03-05 08:30:00
1155.0999755859375,1155.5999755859375,1153.300048828125,1153.5,164512,-0.0015580790721431148,-0.005432012901267491,0.0009382830582753888,0.25,0.7,0,1158.0529262563425,1161.7524228837315,21.428649279026928,-2.0889550910508206,-1.83527448538633,1164.8204118979877,0.0009382830582753888,0,SBIN,5m,2026-03-05 08:35:00
1153.5,1153.800048828125,1151.5999755859375,1151.800048828125,261828,-0.0014737331355656469,-0.008009583113736118,0.0009146570275452728,0.2,0.75,0,1157.4574141203218,1161.3621337050802,20.00020345052083,-2.3353581473843406,-1.9352912177859323,1164.5653819689448,0.0009146570275452728,0,SBIN,5m,2026-03-05 08:40:00
1151.9000244140625,1153.0999755859375,1151.0,1151.0999755859375,207647,-0.0006078079636302469,-0.00767243483970903,0.000907114217485453,0.2,0.75,0,1156.851943783714,1160.9596961317804,17.60041405845645,-2.5576415054565587,-2.059761275320058,1164.3597706753076,0.000907114217485453,0,SBIN,5m,2026-03-05 08:45:00
1151.0,1154.4000244140625,1150.5999755859375,1154.4000244140625,476854,0.002866865518301509,-0.005084912665496599,0.0011574145093847413,0.25,0.75,0,1156.618427653271,1160.7024541036346,35.256696166576674,-2.439396463463936,-2.1356883129488335,1163.96133503833,0.0011574145093847413,0,SBIN,5m,2026-03-05 08:50:00
1154.0999755859375,1157.4000244140625,1153.4000244140625,1156.4000244140625,1138764,0.001732501695861588,-0.002673545136642974,0.0012336691931310925,0.3,0.7,0,1156.597627344775,1160.5337313707103,43.3528785024308,-2.159410787105344,-2.140432807780136,1163.3184603962793,0.0012336691931310925,0,SBIN,5m,2026-03-05 08:55:00
1156.4000244140625,1156.699951171875,1154.4000244140625,1155.4000244140625,271979,-0.0008647526624765423,-0.004394636437688448,0.0012206948819790259,0.3,0.7,0,1156.4835699228024,1160.3324095292733,37.209285820741925,-1.995212199791922,-2.1113886861824933,1163.1752328944726,0.0012206948819790259,0,SBIN,5m,2026-03-05 09:00:00
1155.4000244140625,1164.5,1155.300048828125,1164.5,449474,0.007876038942055796,0.003965837993892052,0.002179312424883429,0.35,0.7,0,1157.2470394539641,1160.495844449694,58.62065739995885,-1.1179051436192822,-1.9126919776698512,1163.1240481480763,0.002179312424883429,0,SBIN,5m,2026-03-05 09:05:00
1164.300048828125,1167.699951171875,1163.199951171875,1164.800048828125,878730,0.00025766322724352086,0.005004356193377912,0.002167168082069863,0.35,0.65,0,1157.9663736800746,1160.6646367782598,60.000093899799516,-0.39388113162658556,-1.6089298084611983,1163.2386378134795,0.002167168082069863,0,SBIN,5m,2026-03-05 09:10:00
1164.300048828125,1166.9000244140625,1162.5,1166.9000244140625,469792,0.0018028635799338666,0.006642575540486639,0.00219451693226531,0.35,0.65,0,1158.8171975595021,1160.9091617835854,67.3002213960483,0.3453822422502526,-1.218067398318908,1163.3005829211888,0.00219451693226531,0,SBIN,5m,2026-03-05 09:15:00
1166.9000244140625,1172.4000244140625,1166.0,1169.5,817015,0.0022281048346390886,0.009059534081104381,0.002230744392950015,0.35,0.65,0,1159.83460731574,1161.2460573999153,70.731696943146,1.1280466731716388,-0.7488445840207988,1163.5812895407848,0.002230744392950015,0,SBIN,5m,2026-03-05 09:20:00
1169.800048828125,1172.0,1168.0,1171.300048828125,847794,0.0015391610330268701,0.010874340370435442,0.002236751455199733,0.35,0.6,0,1160.9265541264433,1161.6403315735706,72.09303268716036,1.8719837073545023,-0.2246789257457386,1163.8985636865536,0.002236751455199733,0,SBIN,5m,2026-03-05 09:25:00
1171.800048828125,1174.800048828125,1170.0999755859375,1173.4000244140625,978582,0.0017928587880096103,0.011726138138792974,0.0022527057370700446,0.35,0.6,0,1162.1145036776452,1162.1014959986878,82.06878843620169,2.6010266303662775,0.3404621854766646,1164.3484879236544,0.0022527057370700446,0,SBIN,5m,2026-03-05 09:30:00
1173.0,1173.5,1167.0999755859375,1167.699951171875,583574,-0.004857740858692949,0.006637888941271486,0.002560959684882545,0.35,0.65,0,1162.646451058048,1162.3210432603817,68.31377503042863,2.6878660791569473,0.8099429642127212,1164.4978145443004,0.002560959684882545,0,SBIN,5m,2026-03-05 09:35:00
1167.300048828125,1169.199951171875,1165.0,1165.300048828125,545107,-0.0020552388833634527,0.004915551364432558,0.002612852865222792,0.35,0.65,0,1162.899174655198,1162.4378670081362,63.66116573502141,2.5338265306547783,1.1547196775011326,1164.5512708418933,0.002612852865222792,0,SBIN,5m,2026-03-05 09:40:00
1165.800048828125,1169.9000244140625,1165.800048828125,1167.5,333421,0.0018878838751335003,0.008377915670061409,0.002601282684745159,0.4,0.6,0,1163.33734849756,1162.636382027425,68.91891891891892,2.559759439064692,1.4357276298138446,1164.602401659928,0.002601282684745159,0,SBIN,5m,2026-03-05 09:45:00
1167.800048828125,1168.0,1166.800048828125,1167.9000244140625,402558,0.0003426333311027374,0.008897761787625802,0.0025976465500114803,0.4,0.55,0,1163.7718890610363,1162.8427993759205,72.5489391530321,2.582816976529557,1.6651454991569872,1164.6588150379607,0.0025976465500114803,0,SBIN,5m,2026-03-05 09:50:00
1168.0,1172.199951171875,1167.0,1170.300048828125,498638,0.0020549913210821114,0.010621803823942066,0.0026221675971355805,0.45,0.5,0,1164.3936185626637,1163.135240530909,75.66853035925857,2.7629031260751162,1.8846970245406132,1164.7779857229414,0.0026221675971355805,0,SBIN,5m,2026-03-05 09:55:00
1168.0,1168.5,1166.5,1167.300048828125,769291,-0.0005992732635916598,0.010561919747248627,0.0025876466164332936,0.45,0.45,0,1164.9811754011403,1163.4818598597392,65.52711110492837,2.544672319549818,2.145385441068083,1167.433349609375,0.0025876466164332936,0,SBIN,5m,2026-03-06 03:50:00
1167.0999755859375,1168.0,1166.0999755859375,1167.9000244140625,245130,0.000513985745601353,0.01090623652160172,0.0025863046392688143,0.4,0.45,0,1165.2591610214185,1163.6551212148106,68.0115527224884,2.450433359459794,2.206395024746425,1167.4091811529393,0.0025863046392688143,0,SBIN,5m,2026-03-06 03:55:00
1167.9000244140625,1168.0999755859375,1164.5999755859375,1164.5999755859375,322157,-0.0028256261316379483,0.009622865700856131,0.002655183887794682,0.45,0.45,0,1165.1963814561348,1163.6921743274038,50.17296799564095,2.085422491510826,2.182200518099305,1167.0132780298031,0.002655183887794682,0,SBIN,5m,2026-03-06 04:00:00
1164.800048828125,1165.5,1163.300048828125,1164.4000244140625,367709,-0.00017169086043844484,0.010939377541056006,0.002620434847193998,0.45,0.45,0,1165.1205379283183,1163.7199331543316,49.30551140385455,1.7597292964551343,2.0977062737704713,1166.4494546398514,0.002620434847193998,0,SBIN,5m,2026-03-06 04:05:00
1164.0999755859375,1165.300048828125,1164.0999755859375,1165.0,192240,0.0005152658651303987,0.012075427598708055,0.002606372265710277,0.45,0.4,0,1165.1090581256212,1163.7701318541617,46.52009246962766,1.5323639704724883,1.9846378131108748,1166.2822597644229,0.002606372265710277,0,SBIN,5m,2026-03-06 04:10:00
1164.9000244140625,1165.0,1164.0,1164.0999755859375,169165,-0.0007725531451180379,0.008402590927523823,0.0025667837606504467,0.4,0.4,0,1165.0129550266038,1163.7830669024665,39.45306725794531,1.264969086937299,1.8407040678761597,1166.1253860954293,0.0025667837606504467,0,SBIN,5m,2026-03-06 04:15:00
1164.199951171875,1164.5999755859375,1160.0,1160.300048828125,167836,-0.0032642615217819415,0.0033725564957840515,0.0026734345329577124,0.35,0.45,0,1164.564106817225,1163.6464779583748,30.07235800405134,0.7379280084794573,1.6201488559968193,1165.7878363528132,0.0026734345329577124,0,SBIN,5m,2026-03-06 04:20:00
1160.0,1160.0999755859375,1156.5,1156.5,297794,-0.0032750570268120782,0.0009520300871512788,0.002775014894253246,0.35,0.5,0,1163.7960966441558,1163.3662239207915,21.160295802520565,0.013456852361741767,1.2988104552698039,1164.8363526765747,0.002775014894253246,0,SBIN,5m,2026-03-06 04:25:00
1156.800048828125,1158.5,1156.0,1158.0,227758,0.0012970168612191912,-0.005581794761700287,0.0021085497370451076,0.3,0.55,0,1163.2440874399504,1163.155783767035,30.6772753358169,-0.4346439890680358,0.952119566402236,1164.2307475426492,0.0021085497370451076,0,SBIN,5m,2026-03-06 04:30:00
1157.5999755859375,1158.5,1156.0,1157.0999755859375,138187,-0.0007772231554943332,-0.006610639525585826,0.0021074177317733415,0.25,0.55,0,1162.6589339300444,1162.9183010932666,32.62694549761807,-0.8525637583857133,0.5911829014446462,1163.895411160036,0.0021074177317733415,-1,SBIN,5m,2026-03-06 04:35:00
1156.800048828125,1157.199951171875,1154.199951171875,1154.5999755859375,289766,-0.002160573894000817,-0.010540790616832219,0.002082555278893227,0.25,0.55,0,1161.8914140877487,1162.592092249842,23.012528793752452,-1.3697081502057245,0.19900469111457209,1163.1169407663685,0.002082555278893227,-1,SBIN,5m,2026-03-06 04:40:00
1154.199951171875,1155.300048828125,1154.199951171875,1155.0,261262,0.00034646147801931093,-0.012398460880718276,0.0019920448278058314,0.2,0.55,0,1161.2350889365346,1162.294363142005,23.012528793752452,-1.7273582685991187,-0.18626790082816608,1162.4893286145168,0.0019920448278058314,-1,SBIN,5m,2026-03-06 04:45:00
1154.800048828125,1154.800048828125,1152.5,1153.9000244140625,165142,-0.0009523598146644607,-0.014855309219419133,0.0019266299835250772,0.2,0.6,-1,1160.536511362966,1161.965173387968,13.716720950204973,-2.075630820992046,-0.5641404848609421,1162.0891615323349,0.0019266299835250772,-1,SBIN,5m,2026-03-06 04:50:00
1153.699951171875,1155.0,1153.199951171875,1153.5,144840,-0.00034667164017576635,-0.016959284131598307,0.0018354647570429379,0.2,0.6,-1,1159.866367423636,1161.6332058041262,14.975762793824515,-2.356750798820485,-0.9226625476528507,1161.7735593258542,0.0018354647570429379,-1,SBIN,5m,2026-03-06 04:55:00
1153.199951171875,1153.199951171875,1150.0,1150.0,1324454,-0.0030342436064152434,-0.0151579617299048,0.0016632923141384607,0.2,0.6,-1,1158.9267133832896,1161.1770016549447,13.191385472074472,-2.8293462139417898,-1.3039992809106384,1158.9835615142645,0.0016632923141384607,-1,SBIN,5m,2026-03-06 05:00:00
1150.0,1152.0,1149.199951171875,1151.199951171875,441346,0.0010434358016304657,-0.012099971737261739,0.001680725271758373,0.2,0.6,-1,1158.1908312679168,1160.7857447732556,15.352510041686287,-3.071647414768222,-1.6575289076821553,1158.3297334617578,0.001680725271758373,0,SBIN,5m,2026-03-06 05:05:00
1151.0,1151.5,1149.699951171875,1149.9000244140625,134749,-0.001129192853499661,-0.015074925555406904,0.0015772068123649787,0.15,0.6,-1,1157.401230615169,1160.3588537787775,16.741971476232024,-3.3301778700015348,-1.9920587001460313,1158.1401152645979,0.0015772068123649787,0,SBIN,5m,2026-03-06 05:10:00
1149.699951171875,1149.800048828125,1148.199951171875,1148.199951171875,158818,-0.001478453088175069,-0.016867944884298658,0.0015628219124044823,0.15,0.65,-1,1156.5249182872362,1159.882034068703,15.677775421427498,-3.6303978543051016,-2.3197265309778454,1157.8833156258286,0.0015628219124044823,-1,SBIN,5m,2026-03-06 05:15:00
1148.5999755859375,1150.9000244140625,1148.0,1149.699951171875,195951,0.001306392670082479,-0.01760240690144188,0.0014971949823237324,0.15,0.7,0,1155.8749214191064,1159.4827367002,18.775410554846943,-3.704582766744352,-2.596697778131147,1157.6112339550725,0.0014971949823237324,-1,SBIN,5m,2026-03-06 05:20:00
1149.699951171875,1151.300048828125,1149.699951171875,1149.9000244140625,123313,0.00017402213680495215,-0.015496554440014965,0.0014924759068375233,0.2,0.65,0,1155.3058836091022,1159.1069440615279,20.168231009898946,-3.704527123076332,-2.818263647120184,1157.4643246011801,0.0014924759068375233,-1,SBIN,5m,2026-03-06 05:25:00
1150.0999755859375,1153.199951171875,1149.9000244140625,1153.0,291533,0.002695865310131662,-0.01225053390726838,0.0016831234325307405,0.25,0.65,-1,1155.0862756463307,1158.867456059115,34.19909530956055,-3.414975194565841,-2.937605956609316,1157.2180260740893,0.0016831234325307405,-1,SBIN,5m,2026-03-06 05:30:00
1153.699951171875,1153.800048828125,1151.5,1152.0999755859375,112414,-0.0007805935941564979,-0.013528597052690272,0.0016621924101888638,0.3,0.6,-1,1154.8018661167696,1158.60206466801,39.108889949782146,-3.2209979936401396,-2.994284364015481,1157.1363672693,0.0016621924101888638,-1,SBIN,5m,2026-03-06 05:35:00
1152.5,1152.5999755859375,1150.199951171875,1150.4000244140625,83408,-0.0014755240065086328,-0.012192985977636406,0.0015965662504360614,0.25,0.6,-1,1154.3826430974643,1158.2804160306002,31.372631150630994,-3.167923664817863,-3.0290122241759576,1157.0599417189535,0.0015965662504360614,0,SBIN,5m,2026-03-06 05:40:00
1150.4000244140625,1151.4000244140625,1149.300048828125,1151.0,168792,0.0005215364857482641,-0.011508093552991427,0.0016140575280769048,0.25,0.6,-1,1154.0604866119916,1157.9949095195964,34.825912947363946,-3.042378218972999,-3.031685423135366,1156.8985991769414,0.0016140575280769048,0,SBIN,5m,2026-03-06 05:45:00
1151.5,1153.5,1151.0,1153.0,128774,0.0017376194613378804,-0.01030042918454932,0.0016794263397039526,0.3,0.6,-1,1153.95948788704,1157.7990307149064,45.91842454363708,-2.7498012660289533,-2.9753085917140836,1156.8167674514812,0.0016794263397039526,0,SBIN,5m,2026-03-06 05:50:00
1153.0,1153.300048828125,1152.0,1152.300048828125,96169,-0.0006070695332827114,-0.010136523499086225,0.0016785043590747636,0.3,0.55,0,1153.8014460719053,1157.5833843664052,43.21616979511716,-2.5450741027493677,-2.8892616939211404,1156.7580711615694,0.0016785043590747636,0,SBIN,5m,2026-03-06 05:55:00
1152.300048828125,1153.4000244140625,1151.5,1153.4000244140625,60880,0.0009545912864068473,-0.005946758703519239,0.0015758363742181458,0.35,0.55,0,1153.763215437825,1157.4193310349408,48.74371242792296,-2.2679242944325324,-2.764994214023419,1156.7237442929945,0.0015758363742181458,0,SBIN,5m,2026-03-06 06:00:00
1153.0,1154.9000244140625,1153.0,1154.0,117416,0.0005201799663931972,-0.002161694768698652,0.0014190567920664128,0.4,0.5,0,1153.7857663485083,1157.2852396218059,51.24379015899623,-1.9770775398139904,-2.6074108791815336,1156.678759461769,0.0014190567920664128,0,SBIN,5m,2026-03-06 06:05:00
1153.699951171875,1156.5999755859375,1153.0,1153.9000244140625,216475,-8.66339566182317e-05,-0.0035405661363882013,0.0013801885159555837,0.45,0.45,0,1153.7966480690372,1157.1524860842474,61.67683929680933,-1.734650613110034,-2.4328588259672337,1156.615133176573,0.0013801885159555837,0,SBIN,5m,2026-03-06 06:10:00
1153.800048828125,1153.9000244140625,1151.5,1152.0,611514,-0.0016466109488361136,-0.00440754964440726,0.0014133980831230054,0.45,0.5,0,1153.625538729129,1156.950427806434,52.299003788410275,-1.6765157877473484,-2.281590218323257,1156.2989877498944,0.0014133980831230054,0,SBIN,5m,2026-03-06 06:15:00
1152.0,1152.5999755859375,1149.800048828125,1150.199951171875,482207,-0.001562542385525223,-0.00381086480781323,0.001376011960432164,0.45,0.5,0,1153.2992922951048,1156.6857032325297,50.83778309703553,-1.755456605587142,-2.176363495776034,1155.9910455578984,0.001376011960432164,0,SBIN,5m,2026-03-06 06:20:00
1150.199951171875,1151.4000244140625,1149.199951171875,1149.699951171875,253062,-0.00043470702593106925,-0.004588786864177519,0.001371061155090388,0.45,0.55,0,1152.9564979024162,1156.4117521713276,54.49103109512741,-1.837185661095873,-2.108527928840002,1155.8208535264744,0.001371061155090388,0,SBIN,5m,2026-03-06 06:25:00
1149.699951171875,1150.4000244140625,1149.199951171875,1149.699951171875,135924,0.0,-0.0036398935378481045,0.001361119868070939,0.45,0.5,0,1152.6463505947456,1156.1485442889962,50.0,-1.880281808162863,-2.0628787047045742,1155.7283444113702,0.001361119868070939,0,SBIN,5m,2026-03-06 06:30:00
1149.5999755859375,1152.800048828125,1149.4000244140625,1152.800048828125,1013361,0.0026964406261738016,-0.0006068063908756249,0.0015042414838342053,0.45,0.5,0,1152.6609885217342,1156.017230741511,58.011127971674256,-1.6453176453017022,-1.979366492824,1155.312967249824,0.0015042414838342053,0,SBIN,5m,2026-03-06 06:35:00
1152.5,1153.5,1152.0999755859375,1152.699951171875,81316,-8.683002429754616e-05,0.0023477836277174813,0.0013284580802657147,0.5,0.45,0,1152.664699250319,1155.8871413466231,49.00646725949879,-1.4504638532989702,-1.873585964918994,1155.2922411444806,0.0013284580802657147,0,SBIN,5m,2026-03-06 06:40:00
1152.9000244140625,1154.9000244140625,1152.5,1153.5999755859375,139412,0.0007807967833670659,0.0020848023939015192,0.0013201013982732134,0.55,0.4,0,1152.7537731870445,1155.7974485716943,54.96685529506871,-1.209474303989282,-1.7407636327330518,1155.269868556013,0.0013201013982732134,0,SBIN,5m,2026-03-06 06:45:00
1153.5999755859375,1153.9000244140625,1152.800048828125,1153.0999755859375,58162,-0.0004334258066762686,0.0027828081606533495,0.0012947912182822631,0.55,0.4,0,1152.786744844082,1155.691665317351,59.711952226222884,-1.046767684968927,-1.601964443180227,1155.2584323169342,0.0012947912182822631,0,SBIN,5m,2026-03-06 06:50:00
1153.199951171875,1153.199951171875,1151.5,1151.5999755859375,184996,-0.0013008412381916301,0.002961177981755103,0.0012836696020425635,0.55,0.4,0,1152.6737192004493,1155.531206896511,52.02692114183912,-1.0270201323467063,-1.486975581013523,1155.2021017023592,0.0012836696020425635,0,SBIN,5m,2026-03-06 06:55:00
1151.5999755859375,1152.9000244140625,1151.5,1152.300048828125,90441,0.0006079135611576358,0.0022615445478619822,0.0012597928663781314,0.5,0.35,0,1152.6381315459423,1155.4044948153978,47.40763513391323,-0.9439981714299392,-1.3783800990968063,1155.1764406143718,0.0012597928663781314,0,SBIN,5m,2026-03-06 07:00:00
1152.199951171875,1153.0,1151.800048828125,1151.9000244140625,61228,-0.0003471529958445352,0.0017392816397401312,0.001263863303652508,0.5,0.35,0,1152.5678356286205,1155.2670646035808,48.48479243922062,-0.9001054411048699,-1.282725167498419,1155.1593185727584,0.001263863303652508,0,SBIN,5m,2026-03-06 07:05:00
1151.9000244140625,1153.300048828125,1151.800048828125,1152.9000244140625,288718,0.0008681308957421141,-8.67090944818294e-05,0.0011236452290146809,0.5,0.35,0,1152.5994726558056,1155.1742394981095,48.09165284481634,-0.7756868581880099,-1.1813175056363372,1155.0927640176806,0.0011236452290146809,0,SBIN,5m,2026-03-06 07:10:00
1152.9000244140625,1153.300048828125,1151.9000244140625,1152.699951171875,113462,-0.00017353910829276398,0.0005207669461431141,0.001109667877726652,0.45,0.35,0,1152.6090420382884,1155.077208583355,44.881874627554254,-0.6853284338187677,-1.0821196912728235,1155.0672252667391,0.001109667877726652,0,SBIN,5m,2026-03-06 07:15:00
1152.699951171875,1153.5,1151.300048828125,1151.5999755859375,460007,-0.0009542601132404016,0.001043072971496306,0.0010782051386435463,0.5,0.35,0,1152.512940471398,1154.9408465050249,41.60593046670349,-0.6944721260392726,-1.0045901782261133,1154.948699141986,0.0010782051386435463,0,SBIN,5m,2026-03-06 07:20:00
1151.5999755859375,1151.800048828125,1151.199951171875,1151.699951171875,51053,8.68145085592964e-05,0.0006081243891180588,0.0010726231869524797,0.5,0.35,0,1152.4355129190626,1154.8137525703914,48.73933202035123,-0.6857465147866151,-0.9408214455382138,1154.933603033377,0.0010726231869524797,0,SBIN,5m,2026-03-06 07:25:00
1151.699951171875,1153.5999755859375,1151.699951171875,1152.800048828125,192347,0.0009551946712602621,-0.00017341818896354777,0.0010200819831547201,0.5,0.35,0,1152.4702306246877,1154.734783796185,61.60712339516533,-0.5833383565852728,-0.8693248277476257,1154.896661573037,0.0010200819831547201,0,SBIN,5m,2026-03-06 07:30:00
1152.800048828125,1152.9000244140625,1152.0,1152.4000244140625,74113,-0.000347002426369758,8.676176490585163e-05,0.0010136834015961875,0.5,0.35,0,1152.463544318914,1154.6432246047293,62.161983834607135,-0.5283670935141345,-0.8011332809009274,1154.8810633156443,0.0010136834015961875,0,SBIN,5m,2026-03-06 07:35:00
1152.4000244140625,1152.5,1152.4000244140625,1152.5,88098,8.675423795501125e-05,-0.0007803228671854345,0.0009891657168056463,0.45,0.3,0,1152.4670162885413,1154.5591765810145,62.49972753231466,-0.4713019022751723,-0.7351670051757765,1154.8630257162638,0.0009891657168056463,0,SBIN,5m,2026-03-06 07:40:00
1152.300048828125,1153.9000244140625,1151.800048828125,1152.199951171875,1083950,-0.0002603460547722092,-0.00155983433979634,0.00098132712835858,0.45,0.35,0,1152.4415815155255,1154.466657937519,46.428156242734254,-0.4451572640634822,-0.6771650569533176,1154.6753245700143,0.00098132712835858,0,SBIN,5m,2026-03-06 07:45:00
1152.0,1155.0,1151.9000244140625,1154.5,246172,0.0019962236813027,0.0005199545655978355,0.001085327310966486,0.45,0.35,0,1152.6376213711899,1154.467965469381,58.490522582279645,-0.236120877305666,-0.5889562210237873,1154.6589038053885,0.001085327310966486,0,SBIN,5m,2026-03-06 07:50:00
1154.199951171875,1154.800048828125,1152.300048828125,1153.0999755859375,502234,-0.0012126673140429034,0.000954839918348549,0.001054003601141896,0.45,0.3,0,1152.6816551059278,1154.4143188072853,47.747817098115114,-0.18133795344851933,-0.5074325675087337,1154.612498440232,0.001054003601141896,0,SBIN,5m,2026-03-06 07:55:00
1153.0999755859375,1153.4000244140625,1151.800048828125,1152.9000244140625,71033,-0.00017340315333314038,0.0023474816178148394,0.000985835130296406,0.45,0.3,0,1152.702452182893,1154.3549347134335,49.074325240743256,-0.15230085070788846,-0.43640622414856467,1154.6025793130864,0.000985835130296406,0,SBIN,5m,2026-03-06 08:00:00
1152.5999755859375,1154.800048828125,1151.9000244140625,1153.9000244140625,133147,0.000867377898190469,0.0036531907632999516,0.0009904179646289455,0.5,0.25,0,1152.8165066810996,1154.3370950938504,61.164968001896185,-0.04804328188583895,-0.35873363569601957,1154.5922846149158,0.0009904179646289455,0,SBIN,5m,2026-03-06 08:05:00
1153.9000244140625,1154.0999755859375,1153.0,1153.199951171875,75370,-0.0006067018176405536,0.00304427254818318,0.0010054883838542012,0.5,0.25,0,1152.8530252040307,1154.2925012145572,54.36833372837165,-0.021658798204043705,-0.2913186681976244,1154.5860021497933,0.0010054883838542012,0,SBIN,5m,2026-03-06 08:10:00
1153.5,1154.5,1153.0999755859375,1154.199951171875,108740,0.0008671523086554167,0.0012143496568837175,0.0008297372580406687,0.5,0.25,0,1152.981303867635,1154.2888718011188,60.549862814267314,0.07903170950362437,-0.21724859265737467,1154.580937232036,0.0008297372580406687,0,SBIN,5m,2026-03-06 08:15:00
1154.5,1155.0,1153.5,1153.699951171875,145295,-0.0004332005035109221,0.0008675284483037338,0.0008365720390925286,0.5,0.25,0,1153.0497464680388,1154.2657768744818,53.845702414347585,0.11713359777036203,-0.15037215457182734,1154.5756594657387,0.0008365720390925286,0,SBIN,5m,2026-03-06 08:20:00
1153.800048828125,1154.0,1152.9000244140625,1153.5999755859375,161685,-8.665648796812864e-05,0.0,0.0008186395761079455,0.45,0.3,0,1153.1021492411721,1154.2396670200292,54.36897806326219,0.13767538830006743,-0.0927626459974484,1154.5635141979003,0.0008186395761079455,0,SBIN,5m,2026-03-06 08:25:00
1153.5999755859375,1154.0,1152.5999755859375,1152.9000244140625,113257,-0.0006067538026077735,-0.00017340315333314038,0.0008243704070387966,0.45,0.35,0,1153.082899257638,1154.1871320158737,56.56580602204631,0.09636387271598323,-0.05493734225476209,1154.5525530698824,0.0008243704070387966,0,SBIN,5m,2026-03-06 08:30:00
1153.0,1154.0,1152.699951171875,1154.0,69794,0.0009540945117911814,0.0020840782085300713,0.0007918554354192759,0.45,0.3,0,1153.170242185482,1154.1797935054474,60.550540909803566,0.15064647707413314,-0.01382057838898304,1154.547808484443,0.0007918554354192759,0,SBIN,5m,2026-03-06 08:35:00
1154.0,1154.300048828125,1153.199951171875,1153.300048828125,102172,-0.000606543476494803,0.0008678295215009957,0.0007977544691201206,0.5,0.3,0,1153.1826047228767,1154.1452937141798,52.38095238095237,0.1356222533638629,0.01606798796158615,1154.541178045078,0.0007977544691201206,0,SBIN,5m,2026-03-06 08:40:00
1153.5,1153.800048828125,1152.699951171875,1153.0,192357,-0.00026016545167917293,0.0009549227907144076,0.0007957461142535597,0.45,0.35,0,1153.1652137968886,1154.1003802351925,52.884491237954386,0.09837006612383448,0.03252840359403582,1154.5233102469047,0.0007957461142535597,0,SBIN,5m,2026-03-06 08:45:00
1152.699951171875,1154.0,1152.5999755859375,1154.0,515525,0.0008673026886383273,0.0009540945117911814,0.0007957012103026564,0.45,0.4,0,1153.244717244804,1154.096443755381,56.637139462028735,0.1478349329172488,0.055589709458678416,1154.4899813971233,0.0007957012103026564,0,SBIN,5m,2026-03-06 08:50:00
1154.0,1154.0,1153.199951171875,1153.699951171875,189167,-0.00026000765002165416,0.0008675284483037338,0.0007972016976838521,0.45,0.4,0,1153.288072856906,1154.080895026616,56.637139462028735,0.16096921054986524,0.0766656096769158,1154.4795275987663,0.0007972016976838521,0,SBIN,5m,2026-03-06 08:55:00
1153.5,1154.0,1152.9000244140625,1153.0,266497,-0.0006067012234541869,0.0012157211216943242,0.0007778568898648206,0.4,0.4,0,1153.2606373467245,1154.0385069863567,42.268002315572225,0.11358863133136765,0.08405021400780617,1154.4595931279352,0.0007778568898648206,0,SBIN,5m,2026-03-06 09:00:00
1152.800048828125,1153.0,1151.4000244140625,1151.5,246024,-0.001300954032957491,-0.00017361394490944537,0.0008352191325517632,0.4,0.4,0,1153.0929575994176,1153.9389576927742,41.836798246160356,-0.044485482088703066,0.058343074788504326,1154.4212957372492,0.0008352191325517632,0,SBIN,5m,2026-03-06 09:05:00
1151.4000244140625,1151.4000244140625,1149.5,1149.800048828125,162330,-0.0014762928110073625,-0.0026023593623626384,0.0008640498083928928,0.35,0.45,0,1152.7793472402468,1153.7766475412195,36.28320496062396,-0.30343440537831157,-0.014012421244858853,1154.3792712248312,0.0008640498083928928,0,SBIN,5m,2026-03-06 09:10:00
1150.0,1150.0,1145.5,1147.699951171875,417450,-0.001826489447787405,-0.004078508454195218,0.0009433095414776731,0.35,0.5,0,1152.2955952337352,1153.538345722814,24.999753890983555,-0.6703858317550839,-0.14528710334690387,1154.2120849809,0.0009433095414776731,0,SBIN,5m,2026-03-06 09:15:00
1147.800048828125,1150.0,1145.4000244140625,1145.9000244140625,261705,-0.0015682903497334921,-0.005726659944414347,0.0009880057292179314,0.35,0.55,0,1151.6864932509093,1153.2388037107062,22.962989755043367,-1.0938275643627549,-0.33499519555007407,1154.101664147912,0.0009880057292179314,0,SBIN,5m,2026-03-06 09:20:00
1146.0999755859375,1146.800048828125,1145.5,1145.800048828125,186329,-8.724634244472451e-05,-0.005554506695856776,0.0009890059664885023,0.3,0.5,0,1151.1258794963583,1152.9470878329578,16.666666666666657,-1.4210938966018603,-0.5522149357604313,1154.013451459672,0.0009890059664885023,0,SBIN,5m,2026-03-06 09:25:00
1145.800048828125,1147.0,1145.699951171875,1146.199951171875,296132,0.0003490158201329141,-0.007189301713404039,0.0008482156736917872,0.3,0.5,0,1150.656743465455,1152.6824942384055,19.999414051055695,-1.6294032987509581,-0.7676526083585368,1153.8817098325658,0.0008482156736917872,0,SBIN,5m,2026-03-06 09:30:00
1146.199951171875,1146.5999755859375,1145.0,1145.0999755859375,256143,-0.0009596716391523374,-0.006937819937022249,0.0008366433982434203,0.3,0.55,0,1150.1275274769296,1152.3851405657597,18.517949181662004,-1.8617873124323978,-0.986479549173309,1153.7606594871359,0.0008366433982434203,0,SBIN,5m,2026-03-06 09:35:00
1145.0999755859375,1145.699951171875,1141.5999755859375,1142.5,432572,-0.0022705227852328758,-0.00902075131739899,0.0009388238883266527,0.3,0.55,0,1149.4010962886507,1151.9974879945535,16.23320518409892,-2.2300430700361176,-1.2351922533458708,1153.5088510866863,0.0009388238883266527,0,SBIN,5m,2026-03-06 09:40:00
1142.5,1142.9000244140625,1140.800048828125,1141.199951171875,467343,-0.0011378983178337299,-0.011006216286923554,0.0008965665661899983,0.25,0.6,0,1148.6200348489579,1151.5740551779777,8.973817237115995,-2.5968565408293216,-1.5075251108425611,1153.208767149263,0.0008965665661899983,-1,SBIN,5m,2026-03-06 09:45:00
1141.199951171875,1142.699951171875,1140.9000244140625,1141.5999755859375,385793,0.00035052964526660624,-0.010058945609692116,0.0009188131874099777,0.25,0.6,0,1147.9514577762893,1151.1829148018194,11.764283491706365,-2.82274142604615,-1.7705683738832791,1152.9742834036629,0.0009188131874099777,-1,SBIN,5m,2026-03-06 09:50:00
1141.5999755859375,1142.0,1139.0,1140.0,406536,-0.0014015203400090659,-0.01230285199497505,0.0008797098125462036,0.2,0.65,0,1147.1941760833095,1150.7443691233168,10.843027958760459,-3.0951821500818824,-2.035491129123,1152.7078336327354,0.0008797098125462036,-1,SBIN,5m,2026-03-06 09:55:00
1091.0,1093.9000244140625,1082.199951171875,1082.9000244140625,1248389,-0.007697263848822078,-0.061286366737278275,0.009493752744026402,0.15,0.7,-1,1136.2546495395331,1145.8440744100249,1.104874565629018,-10.930088737439519,-4.634053113089957,1086.3333333333333,0.009493752744026402,-1,SBIN,5m,2026-03-09 03:50:00
1082.9000244140625,1085.800048828125,1076.699951171875,1080.9000244140625,1383877,-0.00184689256155679,-0.0624512086697131,0.009480561187733116,0.15,0.7,-1,1130.9827804799645,1143.2972489199872,1.0853848205131555,-13.920212684028684,-6.491285027277703,1083.5995104073902,0.009480561187733116,-1,SBIN,5m,2026-03-09 03:55:00
1080.300048828125,1083.5999755859375,1074.699951171875,1077.300048828125,1201835,-0.0033305352064257887,-0.0664644290917461,0.009430618080736797,0.15,0.75,-1,1125.8701393702656,1140.7091234261889,1.0553150646104825,-16.391445023009283,-8.47131702642402,1082.0114670292014,0.009430618080736797,-1,SBIN,5m,2026-03-09 04:00:00
1077.199951171875,1080.4000244140625,1075.0,1080.199951171875,527147,0.002691824201534576,-0.06338341677044712,0.009510349179704817,0.1,0.75,-1,1121.5205976370855,1138.3362147103335,4.804988094143454,-17.909467380566866,-10.358947097252589,1081.5910616697013,0.009510349179704817,-1,SBIN,5m,2026-03-09 04:05:00
1080.199951171875,1081.800048828125,1070.4000244140625,1071.0,1001515,-0.008516896489297432,-0.0711188204683435,0.009554003666597923,0.15,0.75,-1,1116.7091121478393,1135.69557883934,4.399341601059007,-19.628603880904393,-12.212878453982949,1080.2481099716529,0.009554003666597923,-1,SBIN,5m,2026-03-09 04:10:00
1070.800048828125,1079.9000244140625,1070.5,1078.699951171875,539953,0.00718949689250703,-0.0652513421387565,0.00981199971657371,0.1,0.7,-1,1113.0891920548904,1133.460456185714,12.66647406605658,-20.137576784769635,-13.797818120140287,1079.89305285032,0.00981199971657371,-1,SBIN,5m,2026-03-09 04:15:00
1078.5999755859375,1081.5999755859375,1074.9000244140625,1078.4000244140625,601281,-0.00027804465689151847,-0.0652682065916067,0.009811704361466554,0.15,0.7,-1,1109.785461803383,1131.301223567218,12.63839548527234,-20.33078245611614,-15.10441098733546,1079.7457791788136,0.009811704361466554,-1,SBIN,5m,2026-03-09 04:20:00
1078.5999755859375,1078.9000244140625,1076.0999755859375,1076.0999755859375,206071,-0.002132834547527662,-0.06669559793067004,0.009795395183381286,0.15,0.65,-1,1106.5773202588643,1129.1364687444227,11.943441915701001,-20.43394427088333,-16.170317644045035,1079.6624777719078,0.009795395183381286,-1,SBIN,5m,2026-03-09 04:25:00
1076.0,1077.5,1071.699951171875,1073.0,328078,-0.0028807505401620137,-0.06817194963091622,0.009783953531608743,0.15,0.65,-1,1103.3794802342106,1126.9350385975827,11.689595454457006,-20.529195092489545,-17.04209313373394,1079.401632393651,0.009783953531608743,-1,SBIN,5m,2026-03-09 04:30:00
1073.0999755859375,1076.699951171875,1072.9000244140625,1074.0,315243,0.0009319664492077884,-0.06592454827722471,0.00982461370581518,0.15,0.6,-1,1100.581434497619,1124.8591547310107,12.972875245131036,-20.29009878357715,-17.691694263702583,1079.1929259365158,0.00982461370581518,-1,SBIN,5m,2026-03-09 04:35:00
1073.800048828125,1075.9000244140625,1072.300048828125,1073.5999755859375,244139,-0.00037246221048647943,-0.0645638919042183,0.00984190058251803,0.15,0.6,-1,1098.0117717441256,1122.8489908429685,13.100341824530062,-19.90345719813149,-18.134046850588366,1079.0239146864183,0.00984190058251803,-1,SBIN,5m,2026-03-09 04:40:00
1073.5999755859375,1073.699951171875,1069.300048828125,1070.5,431545,-0.002887458696378631,-0.0657998279148454,0.009834211907256458,0.15,0.6,-1,1095.3916030065898,1120.7960892412837,12.301052552546722,-19.621004353732815,-18.431438351217256,1078.6016049008822,0.009834211907256458,-1,SBIN,5m,2026-03-09 04:45:00
1070.800048828125,1072.9000244140625,1069.0999755859375,1069.5,298720,-0.0009341429238673982,-0.06659106787974167,0.009821236794860565,0.15,0.65,-1,1092.9257360535812,1118.7844778984884,12.379818340046995,-19.255880280728434,-18.596326737119494,1078.3109983240868,0.009821236794860565,-1,SBIN,5m,2026-03-09 04:50:00
1069.300048828125,1069.800048828125,1066.5999755859375,1069.0,327494,-0.0004675081813931836,-0.06735295276617814,0.00980655039277129,0.1,0.7,-1,1090.6470945246688,1116.8321454318811,25.49432034641326,-18.790260220331902,-18.635113433761976,1077.9385142127383,0.00980655039277129,-1,SBIN,5m,2026-03-09 04:55:00
1069.0,1069.4000244140625,1064.5999755859375,1064.699951171875,425805,-0.004022496565130984,-0.07021223135815935,0.00978978596488908,0.1,0.7,-1,1088.175938014879,1114.787745656979,28.019118553311685,-18.55434799724685,-18.61896034645895,1077.3896670614513,0.00978978596488908,-1,SBIN,5m,2026-03-09 05:00:00
1065.199951171875,1067.5999755859375,1064.5,1065.4000244140625,347766,0.0006575310174636861,-0.06748356725246174,0.00983230546522843,0.1,0.7,-1,1086.0068033862296,1112.8509722749038,30.673246108043273,-18.102224623689608,-18.515613201905083,1076.9634330514266,0.00983230546522843,-1,SBIN,5m,2026-03-09 05:05:00
1065.9000244140625,1067.4000244140625,1064.4000244140625,1066.300048828125,236384,0.0008447760403962334,-0.06563258460258148,0.009866675392232628,0.1,0.7,-1,1084.1299696187912,1111.0254458652264,35.294079247992684,-17.469906931904006,-18.306471947904868,1076.696115068393,0.009866675392232628,-1,SBIN,5m,2026-03-09 05:10:00
1066.5999755859375,1067.0,1065.0999755859375,1065.800048828125,198681,-0.0004689111667485202,-0.06639797510411427,0.009852229650927623,0.1,0.7,-1,1082.384262876823,1109.2519008833794,29.4287109375,-16.815300114329375,-18.008237581189768,1076.480000656203,0.009852229650927623,0,SBIN,5m,2026-03-09 05:15:00
1065.800048828125,1079.800048828125,1065.699951171875,1078.5,1010726,0.011915885335001652,-0.05394736842105263,0.010426432301645932,0.15,0.65,-1,1082.0143330790304,1108.045943985992,59.74025974025973,-15.097702655346893,-17.426130596021192,1076.3114633719276,0.010426432301645932,0,SBIN,5m,2026-03-09 05:20:00
1078.0999755859375,1083.300048828125,1078.0999755859375,1080.300048828125,506126,0.0016690299750812265,-0.010079720982155371,0.0045071230539455095,0.2,0.6,-1,1081.8510679122774,1106.9578696660756,52.45413015801693,-13.436359410249906,-16.628176358866934,1076.5007019237262,0.0045071230539455095,0,SBIN,5m,2026-03-09 05:25:00
1081.199951171875,1082.4000244140625,1078.0999755859375,1081.0999755859375,355770,0.0007404672050883576,-0.0016622483955515133,0.004180739848602447,0.2,0.55,0,1081.7795353097688,1105.9438346041093,54.07846405759047,-11.917804483579403,-15.68610198380943,1076.6229428712395,0.004180739848602447,0,SBIN,5m,2026-03-09 05:30:00
1081.0999755859375,1081.9000244140625,1079.300048828125,1079.699951171875,184964,-0.0012949999497536835,-0.0011102536914439076,0.004170236535857428,0.2,0.5,0,1081.5814796775885,1104.914662704806,55.59001148671445,-10.703920896185991,-14.689665766284744,1076.6799930903019,0.004170236535857428,0,SBIN,5m,2026-03-09 05:35:00
1079.699951171875,1079.699951171875,1075.5,1077.0999755859375,319916,-0.0024080538145023755,-0.00018571728684602107,0.00413698062408205,0.2,0.5,0,1081.154669764098,1103.823890660929,56.46682352216322,-9.838295956836646,-13.719391804395126,1076.6996801599641,0.00413698062408205,0,SBIN,5m,2026-03-09 05:40:00
1077.5,1083.9000244140625,1076.4000244140625,1082.0999755859375,248603,0.004642094618264148,0.0017589562117654722,0.004225829793471045,0.25,0.5,0,1081.2446988899874,1102.9719724226943,61.344480347403874,-8.649122047581841,-12.70533785303247,1076.7812935747884,0.004225829793471045,0,SBIN,5m,2026-03-09 05:45:00
1082.199951171875,1084.4000244140625,1081.199951171875,1081.5,172881,-0.0005544548558118478,0.009803921568627416,0.003715974534327797,0.25,0.45,0,1081.2690132814173,1102.129934288471,61.00281203564858,-7.666728894222388,-11.697616061270454,1076.857548049853,0.003715974534327797,0,SBIN,5m,2026-03-09 05:50:00
1081.300048828125,1084.5,1080.5999755859375,1083.5999755859375,156969,0.001941724998555161,0.0045425277054469415,0.0033892627090692253,0.3,0.5,0,1081.4910096913716,1101.403269241313,68.7678602033571,-6.642158098903565,-10.686524468797078,1076.9315327699362,0.0033892627090692253,0,SBIN,5m,2026-03-09 05:55:00
1083.300048828125,1085.9000244140625,1081.5,1082.699951171875,255689,-0.0008305873332784541,0.003987320716307252,0.003395885193012932,0.3,0.5,0,1081.6061469752292,1100.6698057876094,68.9654204755123,-5.8355344022807,-9.716326455493803,1077.0573698269538,0.003395885193012932,0,SBIN,5m,2026-03-09 06:00:00
1082.5999755859375,1083.800048828125,1082.0,1083.199951171875,107292,0.00046180846268528697,0.006597877285585474,0.00335116211093704,0.3,0.5,0,1081.7579378511002,1099.9847134497375,70.40220006875215,-5.09717641316297,-8.792496447027636,1077.1057354111208,0.00335116211093704,0,SBIN,5m,2026-03-09 06:05:00
1083.199951171875,1086.199951171875,1082.199951171875,1083.699951171875,215474,0.00046159529407208133,0.00997199550034944,0.003264622186440777,0.35,0.45,0,1081.942891500698,1099.3460953211938,80.64516129032258,-4.420717288775222,-7.918140615377154,1077.2171452942382,0.003264622186440777,0,SBIN,5m,2026-03-09 06:10:00
1083.4000244140625,1083.9000244140625,1081.0999755859375,1082.0,101125,-0.001568654838488004,0.007448789571694592,0.0032950036929771543,0.35,0.5,0,1081.9483304053933,1098.6658562889902,75.93756079696959,-3.975958042195998,-7.1297041007409225,1077.2554708711211,0.0032950036929771543,0,SBIN,5m,2026-03-09 06:15:00
1082.0999755859375,1082.5999755859375,1081.0,1081.5999755859375,123292,-0.00036970833092653255,0.007451564998065319,0.0032949708155072797,0.35,0.5,0,1081.9151537559214,1097.996606065341,74.28569214135409,-3.614100659334781,-6.426583412459695,1077.2959973883062,0.0032949708155072797,0,SBIN,5m,2026-03-09 06:20:00
1081.5999755859375,1082.0,1081.0,1081.4000244140625,69683,-0.00018486610243007018,0.010182180676377772,0.0032083516324819764,0.35,0.45,0,1081.8660938186017,1097.3457597260751,75.00009781328617,-3.30535835132423,-5.802338400232602,1077.31722263837,0.0032083516324819764,0,SBIN,5m,2026-03-09 06:25:00
1081.4000244140625,1082.0,1080.0,1081.5999755859375,494781,0.00018490028422490923,0.01131367516216697,0.0031915265741519813,0.35,0.45,0,1081.8407492250146,1096.7282779950892,58.28878052601688,-3.0098478073905426,-5.243840281664191,1077.4526347382528,0.0031915265741519813,0,SBIN,5m,2026-03-09 06:30:00
1081.300048828125,1081.9000244140625,1080.4000244140625,1080.5999755859375,227361,-0.0009245562338869862,0.010851240024263298,0.003200949869408242,0.35,0.4,0,1081.7225803070073,1096.0957955476715,50.83779452381764,-2.8237942723158085,-4.759831079794515,1077.5080616699206,0.003200949869408242,0,SBIN,5m,2026-03-09 06:35:00
1081.0,1083.5999755859375,1080.300048828125,1082.699951171875,222475,0.0019433422481791585,0.016906171527657277,0.0030261470711935748,0.4,0.4,0,1081.8156632465186,1095.570468317248,54.16664017547764,-2.4783264214865994,-4.303530148132932,1077.5793763931385,0.0030261470711935748,0,SBIN,5m,2026-03-09 06:40:00
1082.9000244140625,1082.9000244140625,1081.0999755859375,1081.800048828125,97403,-0.0008311650358679978,0.01539330208208134,0.003049168403790873,0.4,0.35,0,1081.8141761590525,1095.0304518666942,55.61532234900906,-2.2512047718028043,-3.8930650728669067,1077.608158598571,0.003049168403790873,0,SBIN,5m,2026-03-09 06:45:00
1081.699951171875,1082.0,1080.800048828125,1081.9000244140625,106429,9.241595620723686e-05,0.014630005506500732,0.003052816433750149,0.4,0.35,0,1081.8223521833393,1094.5155331430617,64.81523344485637,-2.039630443721535,-3.5223781470378324,1077.6365465780418,0.003052816433750149,0,SBIN,5m,2026-03-09 06:50:00
1081.699951171875,1082.9000244140625,1081.4000244140625,1082.4000244140625,93334,0.00046214991100557157,0.015575131192937741,0.0030406325170603053,0.45,0.35,0,1081.8773685862652,1094.0404151536893,51.28229205792747,-1.8107373895982164,-3.180049995549909,1077.665275155001,0.0030406325170603053,0,SBIN,5m,2026-03-09 06:55:00
1082.300048828125,1082.5999755859375,1080.0999755859375,1080.0999755859375,155240,-0.002124952675763403,0.001483519319367188,0.001624881068996867,0.4,0.4,0,1081.7080930624245,1093.4937312490715,44.77594264423208,-1.7942497193569125,-2.90288994031131,1077.6988966163422,0.001624881068996867,0,SBIN,5m,2026-03-09 07:00:00
1080.5999755859375,1084.5999755859375,1080.4000244140625,1084.5,141607,0.004073719575519386,0.0038877635675671485,0.0018255845592830523,0.4,0.4,0,1081.9739889612413,1093.1410359059707,52.86635099095737,-1.4098856401899411,-2.604289080287036,1077.7497318412713,0.0018255845592830523,0,SBIN,5m,2026-03-09 07:05:00
1084.199951171875,1085.0,1082.0999755859375,1082.5,435496,-0.0018441678192715472,0.0012949999497537945,0.0018757767928623897,0.45,0.4,0,1082.024085250647,1092.7237403802465,49.40490030808579,-1.2522227788460896,-2.333875819998847,1077.9012371231893,0.0018757767928623897,0,SBIN,5m,2026-03-09 07:10:00
1082.5,1083.800048828125,1080.699951171875,1081.5999755859375,405434,-0.0008314313293880105,0.0017597707696479503,0.0018608741395766551,0.45,0.45,0,1081.983693854008,1092.2875143098813,45.348861966912935,-1.1862242193269594,-2.1043454998644697,1078.0054736665622,0.0018608741395766551,0,SBIN,5m,2026-03-09 07:15:00
1081.9000244140625,1082.699951171875,1080.699951171875,1082.300048828125,248618,0.0006472570802418254,0.004827846402427616,0.0017681452980252248,0.45,0.4,0,1082.013822899162,1091.8958489968713,45.97726953837519,-1.0651514229557506,-1.896506684482726,1078.0648002016687,0.0017681452980252248,0,SBIN,5m,2026-03-09 07:20:00
1082.199951171875,1083.0,1081.0,1082.5,273078,0.00018474652393440927,0.0003696741734477982,0.0014336619836951925,0.45,0.4,0,1082.0601254801943,1091.5273843303275,51.5723367011639,-0.9422048203734903,-1.7056463116608789,1078.132303545291,0.0014336619836951925,0,SBIN,5m,2026-03-09 07:25:00
1082.800048828125,1083.5999755859375,1081.199951171875,1082.800048828125,160830,0.000277181365473389,0.0012020793602636193,0.001428190151918761,0.45,0.4,0,1082.1305943704735,1091.1851358792608,53.797717738134786,-0.8112062386667276,-1.5267582970620486,1078.1745498378866,0.001428190151918761,0,SBIN,5m,2026-03-09 07:30:00
1083.0,1083.300048828125,1082.0,1082.5999755859375,123050,-0.00018477395009730557,-0.0009228497808513314,0.001358252620271869,0.4,0.35,0,1082.175297343375,1090.8484629265815,53.797302099911924,-0.715287765325229,-1.3644641907146846,1078.2070577370098,0.001358252620271869,0,SBIN,5m,2026-03-09 07:35:00
1082.5999755859375,1082.9000244140625,1081.0,1081.300048828125,167892,-0.0012007452310434097,-0.0012929734985531738,0.0013719691848355288,0.35,0.4,0,1082.0919403419225,1090.4740153148773,49.11264401025678,-0.7356843977713652,-1.2387082321260208,1078.2417905941231,0.0013719691848355288,0,SBIN,5m,2026-03-09 07:40:00
1081.300048828125,1082.0999755859375,1081.0999755859375,1082.0999755859375,101079,0.0007397824116250895,-0.0010154871081257122,0.001378964213764037,0.35,0.4,0,1082.0927056032574,1090.145621600017,54.49103109512741,-0.6794689764403756,-1.1268603809888917,1078.2625696248074,0.001378964213764037,0,SBIN,5m,2026-03-09 07:45:00
1082.199951171875,1084.5999755859375,1081.800048828125,1083.0,184820,0.0008317386880773991,-0.0006458901941612805,0.001388640194958485,0.35,0.4,0,1082.1791145934235,1089.8654011451144,50.96789944556452,-0.5558854996156697,-1.0126654047142474,1078.314511079643,0.001388640194958485,0,SBIN,5m,2026-03-09 07:50:00
1083.0999755859375,1087.300048828125,1082.699951171875,1085.699951171875,251550,0.002493029706255756,0.0034195482179990577,0.0014477342144236349,0.4,0.35,0,1082.5144323627999,1089.7020501657719,61.27136224439395,-0.23734524053361383,-0.8576013718781208,1078.4134950159582,0.0014477342144236349,0,SBIN,5m,2026-03-09 07:55:00
1085.5999755859375,1090.0,1085.4000244140625,1089.0,238210,0.003039558788377139,0.006841738702937361,0.0015756890521541355,0.45,0.3,0,1083.1321054711048,1089.674518786722,67.31691050810721,0.27817988595415954,-0.6304451203116648,1078.543417524989,0.0015756890521541355,0,SBIN,5m,2026-03-09 08:00:00
1089.0,1089.5,1087.300048828125,1089.4000244140625,161462,0.0003673318770087697,0.007397817476779478,0.0015707986026526702,0.45,0.3,0,1083.729050132339,1089.6637543015197,67.15673954930048,0.710821976649413,-0.36219170091944924,1078.6349109561431,0.0015707986026526702,0,SBIN,5m,2026-03-09 08:05:00
1089.300048828125,1091.0999755859375,1088.5,1090.0,159187,0.0005507394643764485,0.007766294936824458,0.0015706626050105618,0.5,0.25,0,1084.3262834530685,1089.6769404073425,76.47054983647864,1.0895473425778164,-0.07184389221999612,1078.733465193099,0.0015706626050105618,0,SBIN,5m,2026-03-09 08:10:00
1090.0,1090.5,1087.5,1087.699951171875,160840,-0.002110136539564267,0.006570401393992009,0.0016434940964006215,0.5,0.3,0,1084.647585140574,1089.5994114177163,59.63835044268612,1.1903733228411966,0.18059955079224244,1078.8198774366851,0.0016434940964006215,0,SBIN,5m,2026-03-09 08:15:00
1087.699951171875,1089.800048828125,1087.199951171875,1089.300048828125,101329,0.0014710836885909462,0.006095961904409641,0.00162233230585837,0.45,0.3,0,1085.0906769203407,1089.5876717083204,70.98755199228404,1.3834456466479423,0.4211687699633825,1078.8746428817285,0.00162233230585837,0,SBIN,5m,2026-03-09 08:20:00
1089.4000244140625,1090.9000244140625,1087.4000244140625,1087.5999755859375,103290,-0.001560702438245909,0.00536136669996945,0.001657056501974715,0.5,0.3,0,1085.3296577456356,1089.509722840776,67.64680539399423,1.3833289961607989,0.6136008152028658,1078.9291067904956,0.001657056501974715,0,SBIN,5m,2026-03-09 08:25:00
1087.699951171875,1087.9000244140625,1085.300048828125,1086.699951171875,131759,-0.0008275325802371558,0.00443657144791354,0.001674879527642366,0.5,0.3,0,1085.460161881468,1089.3995357165054,62.790268551638,1.2956763509687335,0.7500159223560394,1078.9835680258252,0.001674879527642366,0,SBIN,5m,2026-03-09 08:30:00
1086.5,1088.0,1085.800048828125,1087.0,102857,0.0002761100962611618,0.004249792574078759,0.0016739960188405397,0.5,0.3,0,1085.606813130852,1089.3054362766425,63.00556010273489,1.2361726026945234,0.8472472584237363,1079.0271971737543,0.0016739960188405397,0,SBIN,5m,2026-03-09 08:35:00
1087.0,1087.5,1085.5,1085.5,105448,-0.001379944802207933,0.004999559796428077,0.0016268488349291382,0.5,0.3,0,1085.5966404517233,1089.15620348148,57.29706903150032,1.055807300170045,0.8889592667729981,1079.0671415211486,0.0016268488349291382,0,SBIN,5m,2026-03-09 08:40:00
1086.0999755859375,1086.5999755859375,1084.699951171875,1085.199951171875,139909,-0.0002764153184016127,0.0006454137131166604,0.0013572765122161065,0.45,0.35,0,1085.558860520309,1089.0010563320836,56.989099118610255,0.8785279423852899,0.8868730018954565,1079.1145423520559,0.0013572765122161065,0,SBIN,5m,2026-03-09 08:45:00
1085.0999755859375,1088.5,1084.699951171875,1087.800048828125,147931,0.0023959618256914617,0.004896119009815347,0.0013795792024176006,0.45,0.35,0,1085.7723070258153,1088.9539579985951,66.33133771714594,0.9370373418573763,0.8969058698878405,1079.1755037102173,0.0013795792024176006,0,SBIN,5m,2026-03-09 08:50:00
1087.5,1089.5999755859375,1087.0999755859375,1088.0,127940,0.00018381243142107095,0.005917182469050486,0.0013563641801602388,0.5,0.3,0,1085.9844682614519,1088.9165478810032,65.28470865036147,0.9881500720562144,0.9151547103215154,1079.235663202931,0.0013563641801602388,0,SBIN,5m,2026-03-09 08:55:00
1087.699951171875,1089.199951171875,1087.0999755859375,1087.0999755859375,120725,-0.0008272283217486409,0.004434931665215913,0.001376188946551369,0.5,0.3,0,1086.09070705426,1088.845309751785,60.621469998545315,0.9451378695569019,0.9211513421685927,1079.2890028881318,0.001376188946551369,0,SBIN,5m,2026-03-09 09:00:00
1087.0999755859375,1089.9000244140625,1086.5999755859375,1089.5999755859375,324976,0.002299696491716352,0.00655886890155899,0.0014523129944841067,0.5,0.35,0,1086.424923104896,1088.8749044903793,60.20924005087205,1.1000982480027233,0.9569407233354189,1079.444179750373,0.0014523129944841067,0,SBIN,5m,2026-03-09 09:05:00
1089.5999755859375,1092.300048828125,1088.9000244140625,1091.0999755859375,512243,0.0013766520132247884,0.007665244166543239,0.0014709798748527767,0.5,0.35,0,1086.8701661983284,1088.9621621804013,56.06914799788323,1.3286273394005548,1.0312780465484461,1079.731003765682,0.0014709798748527767,0,SBIN,5m,2026-03-09 09:10:00
1091.199951171875,1095.9000244140625,1090.5,1093.800048828125,426289,0.0024746341330799115,0.010345532509480782,0.0015357378577609039,0.55,0.35,0,1087.530155020214,1089.15188322541,61.22428643494616,1.707923754095873,1.1666071880579314,1080.0132175046267,0.0015357378577609039,0,SBIN,5m,2026-03-09 09:15:00
1093.9000244140625,1094.800048828125,1091.5,1094.699951171875,269899,0.000822730209889988,0.012392399647324748,0.0014824231930509436,0.55,0.3,0,1088.2129927489436,1089.3694545174283,61.808690744920995,2.057416872756221,1.3447691249975895,1080.1893907768952,0.0014824231930509436,0,SBIN,5m,2026-03-09 09:20:00
1094.5999755859375,1095.5999755859375,1093.699951171875,1094.5,180133,-0.0001826538602298644,0.011459222524562218,0.001492717434959914,0.6,0.3,0,1088.8117553442823,1089.57065237949,69.10094637223975,2.291839400756544,1.5341831801493804,1080.3124310389626,0.001492717434959914,0,SBIN,5m,2026-03-09 09:25:00
1095.0,1097.4000244140625,1093.300048828125,1096.699951171875,283504,0.002010005638990453,0.012650001082063822,0.001526423738954232,0.6,0.35,0,1089.5630120897674,1089.8502327242895,70.10827019783194,2.6248806269943543,1.7523226695183753,1080.5177920001097,0.001526423738954232,0,SBIN,5m,2026-03-09 09:30:00
1096.800048828125,1098.5999755859375,1095.800048828125,1097.5,336525,0.0007295056658569443,0.010868609522721506,0.0014627365088904502,0.6,0.35,0,1090.3189157002657,1090.150223597847,78.28558673558359,2.919718752051267,1.9858018860249538,1080.7778435775344,0.0014627365088904502,0,SBIN,5m,2026-03-09 09:35:00
1096.9000244140625,1101.199951171875,1096.5999755859375,1100.800048828125,335914,0.0030068782033030317,0.010835673855027483,0.0014598145674226534,0.6,0.35,0,1091.3171188553,1090.5678638029558,85.42712026597637,3.3806958932761972,2.2647806874752026,1081.0635257459987,0.0014598145674226534,0,SBIN,5m,2026-03-09 09:40:00
1100.800048828125,1102.0,1099.0,1099.800048828125,299311,-0.0009084301922629434,0.009546561576089685,0.0014952017553880087,0.65,0.35,0,1092.12501694795,1090.929910274531,81.06793239944061,3.6235617914633167,2.5365369082728257,1081.3206644456557,0.0014952017553880087,1,SBIN,5m,2026-03-09 09:45:00
1099.5999755859375,1101.4000244140625,1097.300048828125,1099.5,388613,-0.00027282125368577326,0.008715596330275188,0.001504354463058587,0.6,0.4,0,1092.8273962862404,1091.2659922245493,86.08220177944452,3.748611670802802,2.778951860778821,1081.6296135371551,0.001504354463058587,1,SBIN,5m,2026-03-09 09:50:00
1099.0,1101.0,1098.199951171875,1101.0,279692,0.0013642564802183177,0.012227681736857399,0.0013913335750097523,0.6,0.35,0,1093.6057394970746,1091.647718019665,88.34945127876935,3.9235241213302743,3.007866312889112,1081.8536140153128,0.0013913335750097523,1,SBIN,5m,2026-03-09 09:55:00
1109.9000244140625,1111.5,1107.9000244140625,1110.699951171875,846266,0.0006305866413287564,0.02123940428878046,0.0021102924241542097,0.6,0.35,1,1096.6464170241784,1093.0863383255469,91.27263849431819,5.370521620536465,3.7565467616197603,1110.0333251953125,0.0021102924241542097,1,SBIN,5m,2026-03-10 03:50:00
1110.300048828125,1113.9000244140625,1110.0,1112.199951171875,480162,0.0013504997442534972,0.023465538921301432,0.0020637987554694903,0.65,0.3,1,1098.1277059906256,1093.835891770501,94.66191707030995,5.927833198510598,4.190804048997928,1110.7573177527674,0.0020637987554694903,1,SBIN,5m,2026-03-10 03:55:00
1112.300048828125,1112.4000244140625,1107.199951171875,1109.699951171875,296754,-0.0022477972574678207,0.02088311975333479,0.002193909357418287,0.6,0.35,1,1099.229824579316,1094.4580117470255,85.76511218749322,6.097489469589618,4.572141133116267,1110.576200097831,0.002193909357418287,0,SBIN,5m,2026-03-10 04:00:00
1109.800048828125,1110.199951171875,1105.0,1105.0999755859375,250889,-0.00414524266769567,0.018056172810628768,0.0024287625516943275,0.6,0.35,1,1099.7888865799466,1094.875343662277,72.43593254822176,5.793974370621299,4.816507780617274,1110.0662001254548,0.0024287625516943275,0,SBIN,5m,2026-03-10 04:05:00
1105.0,1110.0,1104.699951171875,1110.0,139435,0.004434010064532368,0.02285297635826855,0.002534955998534315,0.6,0.35,1,1100.7613735723326,1095.468467440227,74.25149481747877,5.881034581148242,5.0294131407234675,1109.939273237425,0.002534955998534315,0,SBIN,5m,2026-03-10 04:10:00
1110.0,1110.0,1108.5999755859375,1109.199951171875,259493,-0.0007207647100224701,0.01967264330131613,0.0025490209811539636,0.55,0.35,0,1101.5650476294318,1096.0069569983307,71.77173984765061,5.818402251754833,5.187210962929741,1109.8624834842644,0.0025490209811539636,0,SBIN,5m,2026-03-10 04:15:00
1109.4000244140625,1110.0,1108.9000244140625,1110.0,132829,0.0007212845864983386,0.020220588235294157,0.0025430376350568467,0.5,0.35,0,1102.3683764266289,1096.5557037827098,72.86125814698786,5.766846318983426,5.303138034140479,1109.8498322455087,0.0025430376350568467,0,SBIN,5m,2026-03-10 04:20:00
1109.9000244140625,1110.0,1106.199951171875,1108.9000244140625,167980,-0.0009909689963401025,0.020053398323714333,0.0025495004491101363,0.5,0.4,0,1102.9904381397178,1097.039794787861,68.59757572599824,5.572987107603467,5.357107848833077,1109.753032670343,0.0025495004491101363,0,SBIN,5m,2026-03-10 04:25:00
1108.5999755859375,1111.0999755859375,1108.0999755859375,1110.699951171875,283559,0.0016231641430106691,0.019364882579582465,0.0025357482026477367,0.5,0.35,0,1103.7246774761136,1097.5754871950774,69.52652677958756,5.5011771864037655,5.385921716347215,1109.7742300215853,0.0025357482026477367,0,SBIN,5m,2026-03-10 04:30:00
1110.699951171875,1112.4000244140625,1110.5999755859375,1111.5,264161,0.0007203104918487302,0.018696750866580736,0.002534352913466884,0.5,0.35,0,1104.4651843831505,1098.1215465207606,67.0925470925471,5.446045933161486,5.3979465597100695,1109.9202742420016,0.002534352913466884,0,SBIN,5m,2026-03-10 04:35:00
1111.4000244140625,1111.4000244140625,1108.699951171875,1110.300048828125,147938,-0.0010795782023167444,0.01508502401117795,0.0025449077519013987,0.45,0.4,0,1105.0208857588623,1098.5991348465398,66.66666666666666,5.245066129210727,5.367370473610201,1109.9299151863565,0.0025449077519013987,0,SBIN,5m,2026-03-10 04:40:00
1110.300048828125,1112.4000244140625,1110.199951171875,1111.5999755859375,440715,0.0011707887063361344,0.015438042539392738,0.002546606617777707,0.5,0.4,0,1105.6474657423933,1099.1089717382808,68.61541697497361,5.131528347488256,5.320202048385813,1110.1045377332212,0.002546606617777707,0,SBIN,5m,2026-03-10 04:45:00
1111.699951171875,1111.699951171875,1109.4000244140625,1110.0,146825,-0.001439344747281135,0.01416171767930563,0.0025865238854033386,0.45,0.45,0,1106.0619928145463,1099.5360708857993,63.80374300713702,4.856461909397467,5.2274540205881435,1110.114515909503,0.0025865238854033386,0,SBIN,5m,2026-03-10 04:50:00
1110.0,1110.0999755859375,1109.699951171875,1109.800048828125,271614,-0.0001801361908784216,0.01194501526352032,0.0025747695944555982,0.4,0.4,0,1106.417998149173,1099.9385798247142,49.579931065610765,4.5696592002091165,5.095895056512338,1110.098209847273,0.0025747695944555982,0,SBIN,5m,2026-03-10 04:55:00
1109.699951171875,1110.5,1109.699951171875,1110.5,138218,0.0006307002532699446,0.011845102505694705,0.0025745968152454148,0.4,0.4,0,1106.8067602302042,1100.3527531649215,49.579931065610765,4.348716895322696,4.94645942427441,1110.1025864484832,0.0025745968152454148,0,SBIN,5m,2026-03-10 05:00:00
1110.5,1112.4000244140625,1110.4000244140625,1111.800048828125,177815,0.0011706878236155127,0.009992732114892489,0.002516026700318721,0.4,0.4,0,1107.2823115252443,1100.8016667203412,49.1527440128278,4.229763521426548,4.8031202437048375,1110.159826922729,0.002516026700318721,0,SBIN,5m,2026-03-10 05:05:00
1111.800048828125,1113.9000244140625,1111.800048828125,1112.4000244140625,412397,0.0005396434247055826,0.011456605770624684,0.0024940946801966157,0.4,0.4,0,1107.7697127527508,1101.256504276958,56.22141591426883,4.136225300626393,4.669741255089148,1110.375507877409,0.0024940946801966157,0,SBIN,5m,2026-03-10 05:10:00
1112.4000244140625,1112.4000244140625,1111.300048828125,1111.4000244140625,318494,-0.0008989571899071791,0.010823123614426944,0.0025091506491866596,0.4,0.4,0,1108.1154567204949,1101.654289380374,67.40359064974305,3.936031819365553,4.522999367944429,1110.4570168283012,0.0025091506491866596,0,SBIN,5m,2026-03-10 05:15:00
1111.4000244140625,1112.199951171875,1108.699951171875,1109.5,155752,-0.0017095774449565893,0.007720254314259822,0.002549903423011535,0.4,0.45,0,1108.2473179852097,1101.9619643066337,48.34435479959256,3.582761112191747,4.334951716793893,1110.44755957405,0.002549903423011535,0,SBIN,5m,2026-03-10 05:20:00
1109.4000244140625,1109.800048828125,1108.300048828125,1109.800048828125,73548,0.00027043607762511357,-0.0001801361908784216,0.0017740162104369719,0.35,0.5,0,1108.3951971131064,1102.2693401702218,52.05514957943846,3.2890884006985743,4.1257790535748295,1110.4319444850037,0.0017740162104369719,0,SBIN,5m,2026-03-10 05:25:00
1109.800048828125,1110.4000244140625,1108.9000244140625,1109.699951171875,73794,-9.019431595425065e-05,-0.0009003331628356648,0.0017676809949651942,0.4,0.45,0,1108.5194594044178,1102.5607366800907,48.92068008571328,3.0135354558599374,3.903330334031851,1110.4216366473026,0.0017676809949651942,0,SBIN,5m,2026-03-10 05:30:00
1109.5999755859375,1110.0999755859375,1108.4000244140625,1110.0,68699,0.00027038734912809836,-0.001978017684281519,0.0017391176195401075,0.35,0.5,0,1108.6604632706637,1102.8524724965578,54.198387923403075,2.787239631168859,3.680112193459253,1110.410222969707,0.0017391176195401075,0,SBIN,5m,2026-03-10 05:35:00
1109.9000244140625,1110.0,1109.0,1109.5999755859375,56720,-0.00036038235501123506,-9.009244871271971e-05,0.0016659674083871012,0.35,0.45,0,1108.7499406340232,1103.1170804608473,45.29927905933415,2.54626813855225,3.4533433824778523,1110.4013476777955,0.0016659674083871012,0,SBIN,5m,2026-03-10 05:40:00
1109.5999755859375,1110.4000244140625,1108.199951171875,1108.4000244140625,83535,-0.0010814268189230924,0.002986199349407581,0.0013816490226960805,0.4,0.45,0,1108.7166152797413,1103.3242547335224,37.190157682878855,2.2327329082495453,3.2092212876321913,1110.380765755206,0.0013816490226960805,0,SBIN,5m,2026-03-10 05:45:00
1108.5,1110.0,1107.5999755859375,1109.0999755859375,99108,0.0006314968932312759,-0.0008108328054616809,0.0009576918326979769,0.4,0.45,0,1108.7531257850933,1103.5507535904799,44.82725962094983,2.017477959093412,2.9708726219244355,1110.3554046088614,0.0009576918326979769,0,SBIN,5m,2026-03-10 05:50:00
1109.0999755859375,1109.800048828125,1107.4000244140625,1108.300048828125,72488,-0.0007212395414488704,-0.0008113075940899828,0.0009577095999150087,0.4,0.5,0,1108.7099755987153,1103.7370004625443,35.13543236080105,1.7620278962072007,2.729103676780989,1110.332450639857,0.0009577095999150087,0,SBIN,5m,2026-03-10 05:55:00
1108.5,1110.699951171875,1108.0999755859375,1110.699951171875,271672,0.00216539045205999,0.0006305866413287564,0.0010664077989457543,0.45,0.5,0,1108.8994970818735,1104.0100573531063,52.94099544540642,1.7332540692741532,2.5299337552796217,1110.3103318422886,0.0010664077989457543,0,SBIN,5m,2026-03-10 06:00:00
1110.5999755859375,1111.5,1109.800048828125,1110.300048828125,89143,-0.00036004534197386917,0.0012625343883478912,0.001043640927619246,0.5,0.45,0,1109.0328829624689,1104.25672368546,52.066140715481936,1.6590572478819468,2.355758453800087,1110.3135282915036,0.001043640927619246,0,SBIN,5m,2026-03-10 06:05:00
1110.300048828125,1110.300048828125,1109.300048828125,1109.300048828125,47632,-0.0009006574403518375,-0.001260378504809534,0.0009966692112593693,0.45,0.5,0,1109.0583273306265,1104.454501142035,45.16144910415436,1.502247120034781,2.185056187047026,1110.308359400771,0.0009966692112593693,0,SBIN,5m,2026-03-10 06:10:00
1109.300048828125,1109.5999755859375,1105.5999755859375,1106.300048828125,153482,-0.002704408066302011,-0.004678318643162371,0.0011391019168844828,0.4,0.55,0,1108.7956341399122,1104.5268755610973,30.496251276989938,1.1229543176468724,1.9726358131669957,1110.2332644781561,0.0011391019168844828,0,SBIN,5m,2026-03-10 06:15:00
1106.300048828125,1108.5,1105.800048828125,1108.4000244140625,76604,0.0018981971375324758,-0.001711271125375391,0.0012148282999472828,0.4,0.5,0,1108.7579570231646,1104.6787637514096,37.17936679343318,0.9805098118888509,1.7742106129113668,1110.2018272729367,0.0012148282999472828,0,SBIN,5m,2026-03-10 06:20:00
1108.4000244140625,1109.5999755859375,1107.300048828125,1109.5,82359,0.0009923994602210051,-0.0018891468442419068,0.0012057442687661037,0.4,0.5,0,1108.8286277828634,1104.8678318395896,43.94890096646529,0.945481430336713,1.6084647763964361,1110.1842815254483,0.0012057442687661037,0,SBIN,5m,2026-03-10 06:25:00
1109.5,1110.0,1109.0,1109.9000244140625,204159,0.0003605447625618652,-9.00680954392108e-05,0.001166567377277505,0.45,0.45,0,1108.9306655572632,1105.065172724863,51.40855362131958,0.939173603971085,1.474606541911366,1110.1677020136558,0.001166567377277505,0,SBIN,5m,2026-03-10 06:30:00
1110.0,1111.5999755859375,1108.9000244140625,1108.9000244140625,304725,-0.000900982050638266,-0.0008109788921102368,0.0011833157575052982,0.5,0.5,0,1108.9277473531488,1105.215559065616,46.97973930640101,0.8437566619013523,1.3484365659093633,1110.1518963872975,0.0011833157575052982,0,SBIN,5m,2026-03-10 06:35:00
1109.0,1110.0,1107.9000244140625,1108.199951171875,97154,-0.000631322235345233,-0.0020711830960152833,0.0011793158058629398,0.45,0.55,0,1108.8584334311226,1105.332594050175,45.16121410682502,0.7035380393999731,1.2194568606074854,1110.1322671059172,0.0011793158058629398,0,SBIN,5m,2026-03-10 06:40:00
1108.199951171875,1109.0,1106.9000244140625,1108.9000244140625,78332,0.0006317210548938412,-0.002608404647147844,0.0011545775992037714,0.4,0.6,0,1108.862394477117,1105.4724932801314,46.540909474783305,0.6415089152851579,1.10386727154302,1110.112150656816,0.0011545775992037714,0,SBIN,5m,2026-03-10 06:45:00
1108.9000244140625,1109.300048828125,1106.699951171875,1107.0999755859375,109751,-0.001623274225353355,-0.004764517000902413,0.001189331869465642,0.4,0.65,0,1108.6945450589094,1105.536316115653,42.774484899802424,0.44200631705098203,0.9714950806446124,1110.076250246739,0.001189331869465642,0,SBIN,5m,2026-03-10 06:50:00
1107.4000244140625,1108.5,1107.0,1108.0999755859375,63357,0.0009032607913035395,-0.0029692718693836717,0.0012047985032262287,0.4,0.6,0,1108.637919394817,1105.6368517811545,49.12265672962979,0.36043583334003415,0.8492832311836969,1110.0574277915077,0.0012047985032262287,0,SBIN,5m,2026-03-10 06:55:00
1108.0,1108.0999755859375,1106.5,1106.5999755859375,107175,-0.0013536684713009173,-0.0026138120000562814,0.0011829494023936702,0.4,0.6,0,1108.4438295082568,1105.6746213421263,43.01672167816907,0.17276168418356974,0.7139789217836715,1110.0149429788657,0.0011829494023936702,0,SBIN,5m,2026-03-10 07:00:00
1106.5999755859375,1109.199951171875,1106.4000244140625,1109.0999755859375,96954,0.0022591722891338595,-0.0006308102463382648,0.001296529927530669,0.45,0.6,0,1108.5063196108931,1105.8089489595309,52.040632026058304,0.22318493844340992,0.6158201251156192,1109.99233857756,0.001296529927530669,0,SBIN,5m,2026-03-10 07:05:00
1109.4000244140625,1109.699951171875,1107.699951171875,1109.300048828125,125213,0.0001803924322347772,-0.00036036979485098986,0.001297288562575707,0.45,0.6,0,1108.5819128696771,1105.9458548367306,45.97732598111433,0.27610717761422165,0.5478775356153397,1109.9747283304494,0.001297288562575707,0,SBIN,5m,2026-03-10 07:10:00
1109.300048828125,1111.800048828125,1109.0,1111.800048828125,226080,0.0022536733885849536,0.0016216656109233618,0.0013927211344398095,0.5,0.55,0,1108.8884020085768,1106.1754310716874,53.8461056927873,0.5138541492995046,0.5410728583521727,1109.9999575664071,0.0013927211344398095,0,SBIN,5m,2026-03-10 07:15:00
1111.9000244140625,1112.4000244140625,1110.0999755859375,1112.4000244140625,160012,0.0005396434247055826,0.0025234759280221564,0.001392217244401313,0.55,0.55,0,1109.2228422376706,1106.4195327713885,58.11502597958701,0.7421285567709219,0.5812839980359226,1110.0320146351987,0.001392217244401313,0,SBIN,5m,2026-03-10 07:20:00
1112.4000244140625,1112.4000244140625,1111.5,1111.9000244140625,440150,-0.00044947859495358955,0.003157704730158528,0.001370348477877509,0.5,0.5,0,1109.4778119687555,1106.6344540122777,66.8671730801756,0.8726326816358778,0.6395537347559137,1110.129403062957,0.001370348477877509,0,SBIN,5m,2026-03-10 07:25:00
1111.9000244140625,1117.0999755859375,1111.699951171875,1116.5999755859375,268610,0.004226954823885132,0.006762239802627024,0.0016441472488153744,0.55,0.45,0,1110.15611326563,1107.0252587798723,71.35382228777783,1.3398598509345447,0.7796149579916398,1110.2810770170588,0.0016441472488153744,0,SBIN,5m,2026-03-10 07:30:00
1116.800048828125,1117.0,1111.699951171875,1112.4000244140625,369142,-0.0037613749451060885,0.0036993371878604187,0.0018720078737282091,0.55,0.4,0,1110.36981908929,1107.2360339027819,56.50224706185031,1.3556131254097181,0.8948145914752555,1110.4177988842673,0.0018720078737282091,0,SBIN,5m,2026-03-10 07:35:00
1112.5,1115.699951171875,1112.300048828125,1115.300048828125,175691,0.0026069977979279457,0.004141620472204455,0.0018989897306209084,0.5,0.4,0,1110.839364778703,1107.552269782207,60.88707097256882,1.5838478307452988,1.0326212393292642,1110.4927991231898,0.0018989897306209084,0,SBIN,5m,2026-03-10 07:40:00
1115.199951171875,1116.0999755859375,1114.300048828125,1116.0,144540,0.0006275900127596934,0.005133703432591119,0.001896269495755467,0.5,0.4,0,1111.330853847398,1107.8835533201598,64.48967389950425,1.8004512081149642,1.1861872330864043,1110.5680702552295,0.001896269495755467,0,SBIN,5m,2026-03-10 07:45:00
1115.9000244140625,1116.0,1113.4000244140625,1113.800048828125,129772,-0.0019712824120743377,0.004056612099452961,0.0019451739016119107,0.5,0.4,0,1111.5660152741339,1108.1155727518446,60.76941856971153,1.7741420660402127,1.303778199677166,1110.6194374327856,0.0019451739016119107,0,SBIN,5m,2026-03-10 07:50:00
1113.9000244140625,1115.0,1113.9000244140625,1114.699951171875,59588,0.0008079568183685382,0.007592788550129681,0.0018234979259734883,0.5,0.35,0,1111.8644853596331,1108.3737836702771,61.068634713855076,1.805098428690826,1.4040422454798982,1110.6433808754368,0.0018234979259734883,0,SBIN,5m,2026-03-10 07:55:00
1114.800048828125,1116.0,1114.199951171875,1115.0,117881,0.00026917452343067083,0.005954506893327105,0.0017881474401293474,0.55,0.35,0,1112.1631058015728,1108.6336352910507,65.99206290371205,1.83271658596027,1.4897771135759725,1110.6962719360567,0.0017881474401293474,0,SBIN,5m,2026-03-10 08:00:00
1115.0,1115.9000244140625,1113.300048828125,1114.9000244140625,195901,-8.96642026345651e-05,0.004867079237550698,0.001782404943140178,0.5,0.4,0,1112.423764717048,1108.8793760409728,64.28593410200648,1.8254938238492286,1.556920455630624,1110.7742826660724,0.001782404943140178,0,SBIN,5m,2026-03-10 08:05:00
1114.9000244140625,1115.300048828125,1112.699951171875,1113.5999755859375,132842,-0.0011660676290757843,0.0033335895940973526,0.0018096449538418631,0.45,0.45,0,1112.5357847997993,1109.0644975917558,64.83060052759531,1.6953240174007078,1.5846011679846408,1110.8146078843786,0.0018096449538418631,0,SBIN,5m,2026-03-10 08:10:00
1113.5999755859375,1114.0999755859375,1112.5999755859375,1114.0999755859375,81919,0.0004489942627170507,0.004689287634043193,0.0017927731182662636,0.4,0.45,0,1112.68475535086,1109.261967317018,61.57415256631967,1.613905234372396,1.5904619812621918,1110.8368275663918,0.0017927731182662636,0,SBIN,5m,2026-03-10 08:15:00
1114.5,1116.0,1114.300048828125,1114.5999755859375,191494,0.0004487927573439965,0.005775153127641541,0.001781520922311353,0.45,0.4,0,1112.8671572780104,1109.4713009746226,62.10041080695418,1.571609546992704,1.5866914944082944,1110.9124300044966,0.001781520922311353,0,SBIN,5m,2026-03-10 08:20:00
1115.0,1115.300048828125,1113.199951171875,1113.300048828125,76401,-0.0011662720135348081,0.003967918042374841,0.0018085025746279332,0.45,0.4,0,1112.908385044688,1109.6214479492699,53.62323968579718,1.4168639588554015,1.5527259872977157,1110.9343340535945,0.0018085025746279332,0,SBIN,5m,2026-03-10 08:25:00
1113.300048828125,1113.5999755859375,1112.0,1112.4000244140625,260487,-0.0008084293313468383,0.004787326298440142,0.0017741275515272166,0.4,0.4,0,1112.8599697465331,1109.730411732203,50.0,1.2076811207730316,1.483717013992779,1110.976126495058,0.0017741275515272166,0,SBIN,5m,2026-03-10 08:30:00
1112.699951171875,1114.9000244140625,1112.300048828125,1114.5999755859375,135701,0.0019776619234017634,0.0058658967089706415,0.0018111379974722237,0.45,0.4,0,1113.0256845883812,1109.921375020585,55.94710576695562,1.205523365379122,1.4280782842700477,1111.0128313390715,0.0018111379974722237,0,SBIN,5m,2026-03-10 08:35:00
1114.5999755859375,1118.199951171875,1114.5,1117.800048828125,280299,0.0028710508812861413,0.010121158042007972,0.001854693041284416,0.5,0.35,0,1113.4803859445472,1110.2303426208807,52.83038423668012,1.4453711562239278,1.4315368586608237,1111.1583250727786,0.001854693041284416,0,SBIN,5m,2026-03-10 08:40:00
1117.9000244140625,1118.800048828125,1114.0,1114.699951171875,181006,-0.002773391949213111,0.005049117040129003,0.0019434775999870374,0.5,0.35,0,1113.5965350138165,1110.4056213875863,55.72121778949222,1.3695133883675226,1.4191321646021635,1111.232589918402,0.0019434775999870374,0,SBIN,5m,2026-03-10 08:45:00
1114.800048828125,1114.9000244140625,1113.5,1113.699951171875,109661,-0.0008971023986756865,0.003966377129792864,0.001960475300852961,0.45,0.4,0,1113.6063841717269,1110.5348107908917,45.60411552443424,1.2147015943107817,1.3782460505438872,1111.2592875344908,0.001960475300852961,0,SBIN,5m,2026-03-10 08:50:00
1114.0,1114.5,1111.800048828125,1112.4000244140625,99331,-0.0011672145234851161,0.0005396434247055826,0.0019206744681002507,0.4,0.45,0,1113.491492766235,1110.607956423173,40.42555954522138,0.9758696884368874,1.2977707781224874,1111.2733330661988,0.0019206744681002507,0,SBIN,5m,2026-03-10 08:55:00
1112.5,1112.5,1109.0,1109.800048828125,179412,-0.0023372667465617614,-0.0023372667465617614,0.0019869823433397993,0.35,0.5,0,1113.1399266768913,1110.576273772387,39.58330684231273,0.570224191925945,1.1522614608831792,1111.2605429945559,0.0019869823433397993,0,SBIN,5m,2026-03-10 09:00:00
1109.9000244140625,1112.4000244140625,1109.5999755859375,1111.5,88524,0.001531763468266334,-0.0003597665305145048,0.002018572131458569,0.35,0.5,0,1112.983743183854,1110.6124983303325,42.0001220703125,0.38152112783586745,0.9981133942737169,1111.25984296362,0.002018572131458569,0,SBIN,5m,2026-03-10 09:05:00
1111.5,1112.4000244140625,1110.0999755859375,1111.5,144526,0.0,-0.004567415097122218,0.001755019738725061,0.3,0.5,0,1112.842434309201,1110.6473023173783,41.11672925109367,0.2293290277327742,0.8443565209655284,1111.2607269003781,0.001755019738725061,0,SBIN,5m,2026-03-10 09:10:00
1111.5,1112.4000244140625,1110.699951171875,1112.4000244140625,244406,0.0008097385641587795,0.0,0.0015570510791562719,0.3,0.5,0,1112.8003000334736,1110.7160365172483,43.90243902439024,0.1792735860076391,0.7113399339739506,1111.272141688092,0.0015570510791562719,0,SBIN,5m,2026-03-10 09:15:00
1112.199951171875,1112.9000244140625,1111.199951171875,1111.9000244140625,177408,-0.00044947859495358955,-0.0030485288847920122,0.0014328713038727686,0.35,0.5,0,1112.7145594982915,1110.7624674151627,45.685392422946805,0.0981273158699878,0.588697410353158,1111.2825236762017,0.0014328713038727686,0,SBIN,5m,2026-03-10 09:20:00
1112.0,1112.4000244140625,1110.0999755859375,1112.0999755859375,240943,0.0001798283725915617,-0.0034946455323140446,0.0014235223490913708,0.3,0.55,0,1112.656027697115,1110.8149187159775,44.845334877048145,0.04938343912090204,0.48083461610670686,1111.2872898760763,0.0014235223490913708,0,SBIN,5m,2026-03-10 09:25:00
1112.0999755859375,1112.5999755859375,1110.4000244140625,1111.5999755859375,543274,-0.0004495998659981293,-0.0019752856399155583,0.0013617334322950933,0.35,0.5,0,1112.5554513055743,1110.8457052598974,42.268002315572225,-0.029255022025836297,0.3788166884801982,1111.2973992084653,0.0013617334322950933,0,SBIN,5m,2026-03-10 09:30:00
1111.699951171875,1112.4000244140625,1111.199951171875,1112.300048828125,387708,0.0006297888247239758,-0.002152958149165607,0.0013560659227050205,0.35,0.5,0,1112.531127260103,1110.9027383410044,47.34043243945199,-0.0346866628974567,0.29611601820466726,1111.316465406683,0.0013560659227050205,0,SBIN,5m,2026-03-10 09:35:00
1112.4000244140625,1112.4000244140625,1110.800048828125,1111.4000244140625,521631,-0.0008091561400278557,-0.00322867765554935,0.0013617520789785975,0.3,0.55,0,1112.4234031795277,1110.922239755634,47.34043243945199,-0.11034375173494482,0.21482406421674485,1111.3244719237064,0.0013617520789785975,0,SBIN,5m,2026-03-10 09:40:00
1111.4000244140625,1112.4000244140625,1110.9000244140625,1111.9000244140625,360914,0.0004498830205295068,-0.002690824230250244,0.0013685629222377753,0.3,0.5,0,1112.3735575828166,1110.9605842520432,42.105451015105224,-0.12847573014892077,0.14616410534361174,1111.3346548556688,0.0013685629222377753,0,SBIN,5m,2026-03-10 09:45:00
1112.0999755859375,1112.4000244140625,1110.5999755859375,1112.4000244140625,937479,0.0004496807168103967,-0.0010775423834250564,0.001352011040393734,0.3,0.5,0,1112.3760782334114,1111.017032885848,31.249947018183363,-0.10133154537197697,0.096664975200494,1111.3629289519993,0.001352011040393734,0,SBIN,5m,2026-03-10 09:50:00
1112.300048828125,1115.300048828125,1111.5999755859375,1112.199951171875,468345,-0.00017985727957248177,-0.0017054343916157455,0.0013470243853752242,0.35,0.45,0,1112.3593042275506,1111.0634218382413,39.130434782608695,-0.09487021712720889,0.05835793673495343,1111.4121378343223,0.0013470243853752242,0,SBIN,5m,2026-03-10 09:55:00
1111.699951171875,1112.199951171875,1110.5999755859375,1110.5999755859375,143117,-0.0008097385641587795,-0.0024252879940404037,0.0013341112411563941,0.3,0.45,0,1112.117704763617,1111.0616967871522,41.66647828740647,-0.2536460750295646,-0.036510270145488556,1111.13330078125,0.0013341112411563941,0,SBIN,5m,2026-03-11 03:50:00
1110.0999755859375,1112.0,1109.9000244140625,1110.699951171875,137127,9.001943826336678e-05,-0.0015282930644333614,0.0013248241264408535,0.3,0.45,0,1111.9826806120225,1111.0475106845925,55.42106656469688,-0.3282439411184441,-0.09485700434007968,1111.0028292915024,0.0013248241264408535,0,SBIN,5m,2026-03-11 03:55:00
1110.5999755859375,1110.9000244140625,1108.699951171875,1110.300048828125,193848,-0.00036004534197386917,-0.0038578206100821077,0.001234154953213171,0.25,0.5,0,1111.822429965937,1111.0181984549272,41.428920200892854,-0.4148499326711317,-0.15885559000629007,1110.5791636844892,0.001234154953213171,0,SBIN,5m,2026-03-11 04:00:00
1110.300048828125,1111.4000244140625,1110.0,1110.5999755859375,229351,0.000270131265984519,-0.006441289074674783,0.0010112514729516753,0.25,0.5,0,1111.7060057392705,1111.001797558104,43.83538736810421,-0.45405021394617506,-0.21789451479426708,1110.6076932120634,0.0010112514729516753,0,SBIN,5m,2026-03-11 04:05:00
1110.5999755859375,1112.0,1110.0,1111.300048828125,191527,0.0006303558955313981,-0.0030500605478412934,0.0008507647099073372,0.25,0.45,0,1111.6673431763043,1111.0134936863403,42.2536664202328,-0.4237420250960895,-0.25906401685463154,1110.713052229097,0.0008507647099073372,0,SBIN,5m,2026-03-11 04:10:00
1111.199951171875,1111.9000244140625,1111.0,1111.800048828125,53542,0.0004499234932340279,-0.0017059373503167663,0.0008419790781181423,0.25,0.4,0,1111.679981809811,1111.0443389860181,49.295944156938255,-0.3552812842581261,-0.27830747033533043,1110.7612387901463,0.0008419790781181423,0,SBIN,5m,2026-03-11 04:15:00
1111.699951171875,1112.199951171875,1110.0999755859375,1110.199951171875,72474,-0.0014391955261529032,-0.001977771659386951,0.0008623282221415314,0.3,0.4,0,1111.53902651096,1111.0112257384048,38.823546307067055,-0.4252382800059422,-0.3076936322694528,1110.7663534841267,0.0008623282221415314,0,SBIN,5m,2026-03-11 04:20:00
1109.9000244140625,1111.5,1109.0,1110.0,151807,-0.00018010374767529758,0.00018016864577186098,0.0006840689975532209,0.3,0.4,0,1111.3924525575353,1110.9715698270948,40.244138444361745,-0.4911523926073187,-0.344385384337026,1110.6887296777961,0.0006840689975532209,0,SBIN,5m,2026-03-11 04:25:00
1109.5999755859375,1110.199951171875,1108.5999755859375,1110.0999755859375,183399,9.00680954392108e-05,-0.0012595811192644968,0.0005837969925347739,0.3,0.45,0,1111.2693595126213,1110.937389660775,35.52578743635458,-0.5292220649400861,-0.381352720457638,1110.546003128607,0.0005837969925347739,0,SBIN,5m,2026-03-11 04:30:00
1110.199951171875,1110.699951171875,1107.0,1107.300048828125,206937,-0.002522229366174522,-0.003778633532950937,0.0008013820281606656,0.35,0.5,0,1110.8913299236217,1110.7947488438083,28.420903845906736,-0.776373691294566,-0.4603569146250237,1110.253075769813,0.0008013820281606656,0,SBIN,5m,2026-03-11 04:35:00
1107.4000244140625,1108.5,1105.5,1106.5,114213,-0.0007225221645855706,-0.005303869367649705,0.0007736424185360966,0.35,0.55,0,1110.4731080261338,1110.6263273205218,22.44864911996612,-1.0249850008951853,-0.5732825318790561,1110.0202198329214,0.0007736424185360966,0,SBIN,5m,2026-03-11 04:40:00
1106.0,1108.0,1106.0,1107.5,69069,0.0009037505648441524,-0.003957212264997678,0.0008147935248811901,0.3,0.55,0,1110.1899548807876,1110.503726249129,26.213304573521228,-1.1283131209422663,-0.6842886496916982,1109.9073643460742,0.0008147935248811901,0,SBIN,5m,2026-03-11 04:45:00
1107.5,1107.5999755859375,1106.4000244140625,1107.300048828125,67377,-0.0001805428188487168,-0.0043160928542269605,0.0008099706806202616,0.3,0.5,0,1109.9147257329148,1110.378091840462,26.213615246041527,-1.2123604524003895,-0.7899030102334365,1109.8030794511942,0.0008099706806202616,0,SBIN,5m,2026-03-11 04:50:00
1107.300048828125,1108.5,1107.0,1108.0,74276,0.0006321242129589955,-0.0032385531351238894,0.0008294290837464689,0.3,0.5,0,1109.7323709012085,1110.2848333369145,33.0093865554186,-1.2085568670124758,-0.8736337815892443,1109.725590095616,0.0008294290837464689,0,SBIN,5m,2026-03-11 04:55:00
1107.9000244140625,1109.199951171875,1107.9000244140625,1108.800048828125,50963,0.0007220657293547372,-0.0031466329644482816,0.0008343067962338275,0.35,0.5,0,1109.6435783228196,1110.2266064934324,41.17668178608615,-1.1279825632027496,-0.9245035379119454,1109.6968827766163,0.0008343067962338275,0,SBIN,5m,2026-03-11 05:00:00
1108.699951171875,1108.800048828125,1106.4000244140625,1106.800048828125,119697,-0.001803751724320124,-0.004138901821927332,0.0009020981723002092,0.35,0.5,0,1109.3727659899914,1110.0922316830283,33.88450596234942,-1.2115442047966098,-0.9819116712888782,1109.559465178517,0.0009020981723002092,0,SBIN,5m,2026-03-11 05:05:00
1106.699951171875,1107.199951171875,1105.9000244140625,1106.300048828125,76434,-0.00045175278093767535,-0.005036402071210033,0.0008899930042308667,0.35,0.55,0,1109.08012626029,1109.943518629895,33.606491765223836,-1.303091995734576,-1.0461477361780178,1109.44875002796,0.0008899930042308667,0,SBIN,5m,2026-03-11 05:10:00
1106.4000244140625,1106.5,1104.5,1106.0999755859375,151499,-0.00018084898613124345,-0.005663474190809592,0.0008748663409110071,0.35,0.55,0,1108.796302386542,1109.7927914517004,31.405108752673428,-1.375927680367795,-1.1121037250159733,1109.2003817272537,0.0008748663409110071,0,SBIN,5m,2026-03-11 05:15:00
1105.9000244140625,1107.800048828125,1105.4000244140625,1107.699951171875,118423,0.0014465017821647663,-0.004046035063442144,0.0009567649849439149,0.35,0.55,0,1108.691887985145,1109.7107192838641,36.15347055288462,-1.289679207850213,-1.1476188215828214,1109.090396913904,0.0009567649849439149,0,SBIN,5m,2026-03-11 05:20:00
1107.699951171875,1109.5,1107.0999755859375,1109.0999755859375,76478,0.00126390220797723,-0.0021592662294759313,0.0010047411005952341,0.4,0.5,0,1108.7307534709348,1109.6867685506122,40.2875233821321,-1.0957255600796998,-1.1372401692821972,1109.0742558095626,0.0010047411005952341,0,SBIN,5m,2026-03-11 05:25:00
1109.0,1110.199951171875,1108.5,1109.9000244140625,62920,0.0007213496039455425,-0.0006302459816872608,0.0010067540111951708,0.45,0.5,0,1108.8421126083756,1109.6951315256495,48.85523924894003,-0.8674591140263601,-1.0832839582310299,1109.0856077040382,0.0010067540111951708,0,SBIN,5m,2026-03-11 05:30:00
1109.800048828125,1109.9000244140625,1107.699951171875,1108.0999755859375,55551,-0.0016218116844129993,-0.0023408442425826292,0.0010668916974630968,0.45,0.5,0,1108.7714328919528,1109.632576390759,43.53736412479344,-0.8223259461253747,-1.031092355809899,1109.0745199055107,0.0010668916974630968,0,SBIN,5m,2026-03-11 05:35:00
1108.300048828125,1108.5999755859375,1107.0,1107.5999755859375,71043,-0.0004512228237669724,-0.0024318410550708824,0.0010681805821423777,0.45,0.5,0,1108.6598655294752,1109.5528665552756,41.721907841552145,-0.8174800060762664,-0.9883698858631725,1109.038847683292,0.0010681805821423777,0,SBIN,5m,2026-03-11 05:40:00
1107.4000244140625,1107.5999755859375,1105.5,1106.0,110280,-0.0014445428143776695,-0.004141883384708889,0.0011033515648917452,0.4,0.55,0,1108.4065450028584,1109.4135384550686,45.323614648283126,-0.9320006980090056,-0.9770960482923392,1108.9328959662946,0.0011033515648917452,-1,SBIN,5m,2026-03-11 05:45:00
1105.9000244140625,1105.9000244140625,1104.0,1104.199951171875,123011,-0.0016275305860081746,-0.0063890014796067485,0.0011284010829457744,0.35,0.6,0,1108.0059170189552,1109.2090840518063,42.28179122085498,-1.1546974349801076,-1.0126163256298928,1108.7536161149897,0.0011284010829457744,-1,SBIN,5m,2026-03-11 05:50:00
1104.199951171875,1105.800048828125,1103.9000244140625,1105.300048828125,70025,0.0009962848260249846,-0.005846374990585046,0.0011543325875925006,0.35,0.65,0,1107.7482152864952,1109.0557885528385,42.66694878013053,-1.228258912336969,-1.055744842971308,1108.6652469717817,0.0011543325875925006,-1,SBIN,5m,2026-03-11 05:55:00
1105.300048828125,1105.300048828125,1099.300048828125,1100.0,329331,-0.004795122223819948,-0.009187490200398996,0.0015167966957503449,0.3,0.65,-1,1107.0102900211148,1108.7006595899823,31.840983347706214,-1.694691213793476,-1.1835341171357419,1107.9543058989927,0.0015167966957503449,0,SBIN,5m,2026-03-11 06:00:00
1099.9000244140625,1101.9000244140625,1099.0,1100.699951171875,167920,0.0006363192471590118,-0.00837842236768016,0.0015356038292076248,0.3,0.65,-1,1106.4093053688061,1108.386906318684,31.840983347706214,-1.984980345511076,-1.3438233628108087,1107.5953598565725,0.0015356038292076248,0,SBIN,5m,2026-03-11 06:05:00
1100.699951171875,1101.4000244140625,1099.800048828125,1100.699951171875,83239,0.0,-0.008467727791004576,0.0015341622551305592,0.3,0.6,-1,1105.8655573500507,1108.0854570972404,29.015609583322785,-2.1897939917798794,-1.5130174886046228,1107.4323411964758,0.0015341622551305592,0,SBIN,5m,2026-03-11 06:10:00
1100.699951171875,1101.4000244140625,1099.800048828125,1100.199951171875,66388,-0.0004542564024534457,-0.006412081046834772,0.0014528349626943794,0.25,0.55,0,1105.325975809272,1107.7762215707555,31.460704978740907,-2.365191646357516,-1.6834523201552016,1107.3046409224783,0.0014528349626943794,0,SBIN,5m,2026-03-11 06:15:00
1100.199951171875,1100.800048828125,1099.199951171875,1100.5999755859375,74808,0.000363592466656959,-0.005332150396803015,0.0014573120913616935,0.25,0.55,0,1104.8758805499067,1107.494800159586,33.898386907676496,-2.443746930772477,-1.8355112422786568,1107.160843859184,0.0014573120913616935,0,SBIN,5m,2026-03-11 06:20:00
1100.699951171875,1101.300048828125,1099.800048828125,1101.199951171875,52865,0.0005451350165786017,-0.005688531673250563,0.0014443065813478616,0.3,0.55,0,1104.5257920377132,1107.2479433365386,36.46418527485719,-2.4295828256010736,-1.95432555894314,1107.070677730354,0.0014443065813478616,0,SBIN,5m,2026-03-11 06:25:00
1101.199951171875,1103.199951171875,1100.9000244140625,1103.0,92470,0.001634624870995971,-0.003883363712189669,0.0015068410746998128,0.35,0.55,0,1104.380478510312,1107.081357323341,37.15880893300248,-2.247204399925522,-2.0129013271396166,1106.9574430668279,0.0015068410746998128,0,SBIN,5m,2026-03-11 06:30:00
1103.199951171875,1103.199951171875,1102.0999755859375,1102.9000244140625,44819,-9.063969713285491e-05,-0.004602866052290211,0.0014946168773214098,0.3,0.55,0,1104.239482882098,1106.9173834837616,31.765111369609244,-2.0866814134462857,-2.0276573444009505,1106.908727164513,0.0014946168773214098,0,SBIN,5m,2026-03-11 06:35:00
1102.9000244140625,1104.0999755859375,1102.5999755859375,1103.5,65392,0.0005439981618065026,-0.004779986106355771,0.0014891700074977682,0.3,0.55,0,1104.1690559409458,1106.7833684451828,30.95250205264955,-1.8892743953783793,-1.9999807545964363,1106.8506639521936,0.0014891700074977682,0,SBIN,5m,2026-03-11 06:40:00
1103.5,1104.0,1103.0999755859375,1103.699951171875,52572,0.00018119725589027524,-0.0028009554747783216,0.0014448457442462915,0.3,0.5,0,1104.1243792962723,1106.6624501207393,35.52630522249616,-1.6971300638608682,-1.9394106164493228,1106.8079848826608,0.0014448457442462915,0,SBIN,5m,2026-03-11 06:45:00
1103.699951171875,1104.800048828125,1103.4000244140625,1104.4000244140625,47936,0.0006342967048644788,-0.0017174584924543046,0.0014528688016258841,0.35,0.45,0,1104.1506312122524,1106.573727544007,39.610646966502316,-1.4714028211144523,-1.845809057382349,1106.7771332405316,0.0014528688016258841,0,SBIN,5m,2026-03-11 06:50:00
1104.5,1104.5,1103.300048828125,1104.0999755859375,37072,-0.00027168491623696944,-0.001808154817958929,0.0014533263145809052,0.35,0.45,0,1104.1458068668892,1106.4767176632984,43.262429767377434,-1.301718388486961,-1.7369909236032715,1106.7516540966565,0.0014533263145809052,0,SBIN,5m,2026-03-11 06:55:00
1104.0,1105.5999755859375,1103.5,1103.800048828125,72212,-0.0002716481880667976,-0.0035207208771871334,0.0014078227283918553,0.35,0.45,0,1104.1128775298641,1106.3717502579975,48.41309823677582,-1.1778661283508427,-1.6251659645527858,1106.7091112631265,0.0014078227283918553,0,SBIN,5m,2026-03-11 07:00:00
1104.0999755859375,1104.0999755859375,1101.0,1101.0999755859375,68201,-0.00244616155349342,-0.007213055789468958,0.0014519308344086816,0.3,0.5,0,1103.8259344875853,1106.165013996348,35.211085990354775,-1.2827983640499951,-1.5566924444522279,1106.6342532385354,0.0014519308344086816,0,SBIN,5m,2026-03-11 07:05:00
1101.4000244140625,1104.5,1100.699951171875,1104.4000244140625,100323,0.0029970474083145238,-0.004955401278510241,0.0016205834887664799,0.3,0.55,0,1103.8806097186784,1106.0957987186116,68.0327786838498,-1.0871396864818053,-1.4627818928581433,1106.554682685049,0.0016205834887664799,0,SBIN,5m,2026-03-11 07:10:00
1103.9000244140625,1104.5,1103.0,1104.0,59625,-0.0003622097113541445,-0.0037000051225247743,0.0015885052548235982,0.3,0.5,0,1103.8919802216615,1106.013610533568,63.865580698767005,-0.9533675739935461,-1.360899029085224,1106.5177176092484,0.0015885052548235982,0,SBIN,5m,2026-03-11 07:15:00
1103.9000244140625,1106.5,1103.800048828125,1105.800048828125,111728,0.0016304790109828993,-0.0016250693368428104,0.0016375271322697775,0.35,0.45,0,1104.0737010413247,1106.0052355647272,68.61322973839903,-0.6941021369059399,-1.2275396506493672,1106.4891477967494,0.0016375271322697775,0,SBIN,5m,2026-03-11 07:20:00
1105.699951171875,1105.9000244140625,1105.0999755859375,1105.0999755859375,47709,-0.0006330920702430909,-0.0008137652930040318,0.0016117901918772676,0.35,0.4,0,1104.171441474145,1105.9697351734021,67.62564656497264,-0.5389102481153714,-1.089813770142568,1106.4773753491704,0.0016117901918772676,0,SBIN,5m,2026-03-11 07:25:00
1105.199951171875,1106.4000244140625,1103.699951171875,1104.0999755859375,88432,-0.0009048955045626306,-9.054119757145873e-05,0.0015821437404855202,0.4,0.4,0,1104.1646351990776,1105.8964112680114,62.06876231205698,-0.49095181389930076,-0.9700413788939146,1106.4441175829363,0.0015821437404855202,0,SBIN,5m,2026-03-11 07:30:00
1104.0999755859375,1104.9000244140625,1102.199951171875,1102.199951171875,65093,-0.0017208807681153848,-0.002804756644620432,0.001608234765040413,0.4,0.4,0,1103.977522434582,1105.751452048555,53.16449828486666,-0.5993515487389232,-0.8959034128629164,1106.3978274882338,0.001608234765040413,0,SBIN,5m,2026-03-11 07:35:00
1102.300048828125,1102.300048828125,1098.0999755859375,1098.5999755859375,119943,-0.0032661728773530907,-0.0012727494673295814,0.0013978443986398916,0.4,0.4,0,1103.4653751156634,1105.4710019911975,37.50008669658277,-0.9646274384604112,-0.9096482179824155,1106.2304119745897,0.0013978443986398916,0,SBIN,5m,2026-03-11 07:40:00
1098.9000244140625,1099.199951171875,1097.0999755859375,1098.199951171875,115156,-0.0003641219943129048,-0.0022712820122671173,0.001389386427882201,0.4,0.4,0,1102.963906168636,1105.185862743381,36.87150076037071,-1.271730126532475,-0.9820645996924275,1106.0423470841652,0.001389386427882201,0,SBIN,5m,2026-03-11 07:45:00
1098.300048828125,1099.5999755859375,1097.699951171875,1099.199951171875,70637,0.0009105809911327256,-0.001362769207360337,0.0014080701595106575,0.45,0.4,0,1102.6054342641826,1104.951121113126,38.251420795645565,-1.4180729148904447,-1.069266262732031,1105.9406698389298,0.0014080701595106575,0,SBIN,5m,2026-03-11 07:50:00
1099.199951171875,1099.5999755859375,1098.0999755859375,1099.300048828125,73805,9.106410179815505e-05,-0.0008179443589244606,0.0014054589121577424,0.45,0.4,0,1102.2906356512246,1104.729510435283,37.912648056982654,-1.5085835723375567,-1.1571297246531362,1105.839872970283,0.0014054589121577424,0,SBIN,5m,2026-03-11 07:55:00
1099.300048828125,1100.0,1097.5,1097.5999755859375,93594,-0.0015465052002860968,-0.002725785995409291,0.0014410399182574554,0.5,0.4,0,1101.8439061211973,1104.449920833348,32.29194481530929,-1.6979230233057478,-1.2652883843836586,1105.7047311134504,0.0014410399182574554,0,SBIN,5m,2026-03-11 08:00:00
1097.5999755859375,1097.5999755859375,1095.199951171875,1095.5,98357,-0.0019132431055461918,-0.0051761273380090955,0.001484132766398322,0.45,0.45,0,1101.2397245858451,1104.0989435457657,29.52422472171361,-1.9944357678334654,-1.4111178610736201,1105.5256085778833,0.001484132766398322,0,SBIN,5m,2026-03-11 08:05:00
1095.699951171875,1095.699951171875,1094.5999755859375,1095.199951171875,94278,-0.0002738921297352759,-0.007071667115253866,0.001415793111690196,0.4,0.5,0,1100.664508070229,1103.7499634526719,29.524053105164043,-2.2279532289769577,-1.5744849346542877,1105.3436840514673,0.001415793111690196,0,SBIN,5m,2026-03-11 08:10:00
1095.199951171875,1096.699951171875,1095.0,1096.699951171875,60381,0.0013696129171618665,-0.005621609488567603,0.0014668133219649943,0.45,0.5,0,1100.2869312227667,1103.4734923828369,38.88906013994636,-2.265860604756199,-1.71276006867467,1105.2412405906443,0.0014668133219649943,0,SBIN,5m,2026-03-11 08:15:00
1096.800048828125,1097.5999755859375,1095.800048828125,1097.199951171875,69093,0.00045591321442639554,-0.005709151634005427,0.001464336556695108,0.45,0.5,0,1099.9929331226817,1103.2274711588777,28.823770168094384,-2.2298523025347095,-1.816178515446678,1105.1359933150852,0.001464336556695108,0,SBIN,5m,2026-03-11 08:20:00
1097.199951171875,1098.0,1097.0,1097.5,59762,0.0002734677738589486,-0.005617424523116199,0.001466027751273872,0.5,0.5,0,1099.7555109205216,1103.002864446765,30.769675257136242,-2.1522937284362342,-1.8834015580445893,1105.0538808812146,0.001466027751273872,-1,SBIN,5m,2026-03-11 08:25:00
1097.5,1097.5,1096.0,1096.5,65035,-0.0009111617312073106,-0.007153227308423715,0.0014559614822271581,0.45,0.55,0,1099.4454622614244,1102.747850154735,21.118473926031513,-2.1467729797443553,-1.9360758423845428,1104.9568677611428,0.0014559614822271581,0,SBIN,5m,2026-03-11 08:30:00
1096.5999755859375,1096.800048828125,1094.699951171875,1094.699951171875,64121,-0.0016416313981988395,-0.008513743883631575,0.0014836550956565055,0.45,0.55,0,1098.9935088243244,1102.4322462730543,19.767928746318432,-2.261576596206851,-2.0011759931490043,1104.849107798819,0.0014836550956565055,0,SBIN,5m,2026-03-11 08:35:00
1094.800048828125,1095.9000244140625,1094.5,1095.5999755859375,62639,0.0008221653916207217,-0.007428948069800545,0.0015095921782904906,0.4,0.6,-1,1098.6703151825732,1102.1643140892459,25.146695601273507,-2.2539526775419745,-2.0517313300275983,1104.7454332456464,0.0015095921782904906,0,SBIN,5m,2026-03-11 08:40:00
1095.5999755859375,1096.0,1094.199951171875,1095.300048828125,67274,-0.0002737557178678074,-0.005267393412415777,0.001428445207999019,0.45,0.6,0,1098.3493374345305,1101.8951272162608,27.742601080502126,-2.2462192327434423,-2.0906289105707674,1104.6346465034935,0.001428445207999019,-1,SBIN,5m,2026-03-11 08:45:00
1095.199951171875,1095.9000244140625,1093.300048828125,1093.5999755859375,71403,-0.00155215298676048,-0.009779109552134346,0.001230475805524378,0.4,0.6,0,1097.897017258474,1101.5698271523265,31.61810903477121,-2.3501807043408007,-2.1425392693247742,1104.5089155971755,0.001230475805524378,-1,SBIN,5m,2026-03-11 08:50:00
1093.699951171875,1099.300048828125,1092.699951171875,1099.300048828125,165617,0.00521221046949405,-0.0042572021484375,0.0017728704710478055,0.45,0.65,0,1098.0306393127266,1101.480816237652,52.910251110881475,-1.950142616280118,-2.104059938715843,1104.3062203364457,0.0017728704710478055,-1,SBIN,5m,2026-03-11 08:55:00
1098.9000244140625,1099.5,1094.0999755859375,1094.4000244140625,94766,-0.004457403981093289,-0.010309299973484065,0.001953355582588531,0.45,0.65,-1,1097.6848664652348,1101.2031381269232,39.474036438395764,-2.0053837527811993,-2.0843247015289146,1104.1781952689803,0.001953355582588531,-1,SBIN,5m,2026-03-11 09:00:00
1094.0,1096.699951171875,1093.5,1096.4000244140625,97112,0.0018274853393491775,-0.007872546705344208,0.002021890879322585,0.45,0.7,-1,1097.5625005555994,1101.0147807264188,44.12958066668315,-1.8662663098371013,-2.040713023190552,1104.0437751008153,0.002021890879322585,0,SBIN,5m,2026-03-11 09:05:00
1096.5,1096.5,1093.800048828125,1094.199951171875,80163,-0.002006633704120242,-0.008966601424665988,0.002051360674645462,0.4,0.65,-1,1097.2422577571494,1100.7475325085936,43.254004776183024,-1.9115075882768906,-2.01487193620782,1103.9270541957828,0.002051360674645462,0,SBIN,5m,2026-03-11 09:10:00
1094.4000244140625,1095.5999755859375,1093.699951171875,1095.5,81651,0.001188127294954322,-0.006078707556420704,0.002059491161361075,0.4,0.65,-1,1097.0763284469447,1100.5417469200213,50.0,-1.821461873263388,-1.9761899236189338,1103.812443181867,0.002059491161361075,0,SBIN,5m,2026-03-11 09:15:00
1095.5999755859375,1096.4000244140625,1094.5,1095.699951171875,203552,0.00018252046725231175,-0.0026397455657285462,0.0019391787764113588,0.45,0.6,0,1096.945244896938,1100.3518725769568,51.02879418088291,-1.7142053150464562,-1.9237930019044385,1103.5575246819196,0.0019391787764113588,-1,SBIN,5m,2026-03-11 09:20:00
1095.699951171875,1096.0999755859375,1093.0,1093.0999755859375,126010,-0.002372890117551596,-0.004643940823795711,0.0020028976439104692,0.45,0.6,0,1096.5790287720808,1100.067484459662,42.91350881155715,-1.818042755605802,-1.9026429526447113,1103.380002373429,0.0020028976439104692,-1,SBIN,5m,2026-03-11 09:25:00
1093.4000244140625,1094.699951171875,1092.5999755859375,1093.0,147782,-9.146060577291948e-05,-0.005640421622349123,0.0019852989800473774,0.4,0.65,0,1096.2381688890255,1099.7903282063419,41.60017968574525,-1.8866537001576944,-1.899445102147308,1103.166492405892,0.0019852989800473774,0,SBIN,5m,2026-03-11 09:30:00
1093.0999755859375,1093.4000244140625,1090.5999755859375,1092.0999755859375,193628,-0.0008234441116765634,-0.006549688822321875,0.0019868117060225596,0.4,0.7,-1,1095.8440552411123,1099.4887457506397,39.45316784047073,-1.9907052059834314,-1.9176971229145328,1102.8619421067306,0.0019868117060225596,0,SBIN,5m,2026-03-11 09:35:00
1092.199951171875,1092.800048828125,1088.4000244140625,1089.5,224445,-0.0023807120630531253,-0.007379715530344666,0.0020222102409285384,0.35,0.7,-1,1095.2398595038635,1099.0970302310068,37.13244533802463,-2.256946401665573,-1.9855469786647408,1102.4738100272307,0.0020222102409285384,0,SBIN,5m,2026-03-11 09:40:00
1089.800048828125,1091.9000244140625,1088.0,1091.5999755859375,291168,0.0019274672656608427,-0.0035600405422752113,0.002049952936024583,0.35,0.7,0,1094.8932038926323,1098.803028088063,44.36370577190265,-2.2723003241715105,-2.042897647766095,1102.0147056653705,0.002049952936024583,-1,SBIN,5m,2026-03-11 09:45:00
1091.699951171875,1091.9000244140625,1089.9000244140625,1091.300048828125,232400,-0.0002747588535365608,-0.0035609044171130977,0.002049955116688329,0.35,0.65,0,1094.5509986483935,1098.5087936072812,42.00757833594264,-2.2823603714969067,-2.0907901925122574,1101.6886173483747,0.002049955116688329,-1,SBIN,5m,2026-03-11 09:50:00
1091.0999755859375,1091.4000244140625,1088.5999755859375,1091.0999755859375,180091,-0.00018333476884047073,-0.00510620574018783,0.0020174692757287216,0.3,0.7,0,1094.2223297853025,1098.2182517240913,42.16409242667857,-2.280192628789564,-2.1286706797677186,1101.433947777634,0.0020174692757287216,-1,SBIN,5m,2026-03-11 09:55:00
1071.199951171875,1076.5,1071.199951171875,1075.5999755859375,215331,0.0041075659210485505,-0.01995446415859914,0.004633830178934796,0.2,0.75,-1,1090.4649845161787,1096.3132699400817,22.883256841652454,-4.667268083961062,-2.910198930038066,1074.4333089192708,0.004633830178934796,-1,SBIN,5m,2026-03-12 03:50:00
1075.5999755859375,1078.699951171875,1074.4000244140625,1077.9000244140625,297168,0.002138386835563111,-0.016963042030038733,0.004686675657430498,0.25,0.7,-1,1089.2683216493106,1095.5911818802379,29.92705499388164,-5.0787638793146925,-3.343911919893391,1075.9215819794683,0.004686675657430498,-1,SBIN,5m,2026-03-12 03:55:00
1077.699951171875,1077.800048828125,1075.9000244140625,1076.699951171875,220964,-0.001113343737829342,-0.016442861791243324,0.004683434351678127,0.25,0.65,-1,1088.071333984793,1094.8503493034393,25.55832543262082,-5.4390155573380525,-3.762932647382324,1076.1862177657292,0.004683434351678127,0,SBIN,5m,2026-03-12 04:00:00
1076.699951171875,1077.0,1073.699951171875,1073.699951171875,171549,-0.0027862915724430337,-0.019989069826649275,0.004686423183631227,0.25,0.65,-1,1086.7026308597533,1094.020921925731,25.060886507549924,-5.898597179067565,-4.190065553719372,1075.923447928677,0.004686423183631227,0,SBIN,5m,2026-03-12 04:05:00
1073.699951171875,1077.0,1073.699951171875,1075.9000244140625,160367,0.0020490577835887702,-0.017712063863065453,0.004733872770603099,0.2,0.6,-1,1085.6738111982588,1093.310298493901,26.66676354758549,-6.01594335136997,-4.555241113249492,1075.8647244017618,0.004733872770603099,0,SBIN,5m,2026-03-12 04:10:00
1076.0999755859375,1078.800048828125,1075.699951171875,1078.5,123783,0.0024165587200850602,-0.013807585884269225,0.004787200827619661,0.25,0.55,0,1084.990591084139,1092.7295024745324,30.630749520243256,-5.8319180168157345,-4.810576493962741,1076.0522933111085,0.004787200827619661,0,SBIN,5m,2026-03-12 04:15:00
1078.5,1080.300048828125,1077.0999755859375,1079.0,274119,0.00046360686138147145,-0.018466340331527498,0.004593204788981516,0.25,0.5,0,1084.4200585999351,1092.191090612786,33.33342952704437,-5.581391979580076,-4.964739591086208,1076.567027556027,0.004593204788981516,0,SBIN,5m,2026-03-12 04:20:00
1079.0,1081.800048828125,1078.300048828125,1081.5,228619,0.0023169601482855295,-0.011787302746972372,0.004568439343700675,0.25,0.5,0,1084.1419577808938,1091.7718321573827,37.1365215301597,-5.122075090240514,-4.99620669091707,1077.1029813963999,0.004568439343700675,0,SBIN,5m,2026-03-12 04:25:00
1081.4000244140625,1081.9000244140625,1077.199951171875,1077.5,209900,-0.0036985668053629572,-0.017238256104712413,0.004582088105885926,0.3,0.5,0,1083.5093903731897,1091.2121524649365,34.72811361181269,-5.022928523490464,-5.001551057431749,1077.297636896483,0.004582088105885926,-1,SBIN,5m,2026-03-12 04:30:00
1077.5999755859375,1077.5999755859375,1073.0999755859375,1075.0,201103,-0.002320185614849146,-0.017547022508374366,0.00458675548257227,0.3,0.55,0,1082.6989722424098,1090.576381780037,34.800900808680524,-5.087438438162053,-5.01872853357781,1077.1002236479303,0.00458675548257227,0,SBIN,5m,2026-03-12 04:35:00
1075.0,1075.699951171875,1072.699951171875,1073.300048828125,109237,-0.0015813499273256149,-0.020264674734710164,0.004562945728504466,0.3,0.55,0,1081.8038366791445,1089.898878527021,30.655538436524964,-5.215612528175143,-5.058105332497276,1076.9421935917067,0.004562945728504466,0,SBIN,5m,2026-03-12 04:40:00
1073.5,1074.800048828125,1072.0,1073.0,321267,-0.0002795572668170543,-0.02071730599932664,0.004557739910002529,0.25,0.6,-1,1080.9653760430356,1089.2361774083142,30.655459322191376,-5.280532163013731,-5.102590698600568,1076.4760938771042,0.004557739910002529,0,SBIN,5m,2026-03-12 04:45:00
1073.300048828125,1075.199951171875,1072.800048828125,1073.5,120798,0.0004659832246038942,-0.01793063399844219,0.004558127193322865,0.3,0.55,0,1080.2543878484607,1088.6190724119097,31.51271602627064,-5.231332080189304,-5.128338974918315,1076.3558167364288,0.004558127193322865,0,SBIN,5m,2026-03-12 04:50:00
1074.4000244140625,1077.0,1073.9000244140625,1076.0999755859375,194811,0.002421961421460228,-0.015462053443790036,0.00461571172516481,0.35,0.5,0,1079.8587295377442,1088.1281274383423,58.08580326244163,-4.925763226902291,-5.087823825315111,1076.30869379495,0.00461571172516481,0,SBIN,5m,2026-03-12 04:55:00
1076.0999755859375,1077.0,1073.4000244140625,1076.800048828125,124348,0.0006505652430726094,-0.014009639318601552,0.004626545600361799,0.35,0.5,0,1079.5674266130186,1087.683889061471,52.255758137571185,-4.574377077777626,-4.985134475807614,1076.2846328704074,0.004626545600361799,0,SBIN,5m,2026-03-12 05:00:00
1076.699951171875,1078.0,1076.199951171875,1077.300048828125,241276,0.0004643387605194338,-0.011197752337654854,0.004615710323917705,0.4,0.45,0,1079.3514858716003,1087.2766796405554,48.79038013811571,-4.207058846095379,-4.829519349865167,1076.3508342448154,0.004615710323917705,0,SBIN,5m,2026-03-12 05:05:00
1077.300048828125,1077.9000244140625,1075.5999755859375,1076.5,145369,-0.000742642524703574,-0.013832883770295346,0.004578665511062131,0.4,0.45,0,1079.0799157885908,1086.8540647526904,49.590266451877575,-3.9351517751281335,-4.650645834917761,1076.364498566349,0.004578665511062131,0,SBIN,5m,2026-03-12 05:10:00
1076.5999755859375,1077.5,1075.800048828125,1076.0,84037,-0.0004644681839294229,-0.01402002029098659,0.004577964784156609,0.4,0.45,0,1078.7865904753917,1086.4284151545457,55.251217907985236,-3.7171601750812897,-4.463948702950467,1076.366178577331,0.004577964784156609,0,SBIN,5m,2026-03-12 05:15:00
1075.9000244140625,1076.800048828125,1074.300048828125,1075.4000244140625,134061,-0.0005575981281946696,-0.014389104136349973,0.004576525043652353,0.4,0.45,0,1078.4640603743126,1085.9959292431543,48.768475868621394,-3.551869536029926,-4.281532869566359,1076.3337269733686,0.004576525043652353,0,SBIN,5m,2026-03-12 05:20:00
1075.4000244140625,1079.0,1074.699951171875,1078.9000244140625,137408,0.00325460286455459,0.007188268850987001,0.002096454692377016,0.45,0.4,0,1078.5055807590506,1085.7176584655426,50.9434505472992,-3.1026888981859884,-4.045764075290285,1076.378090780938,0.002096454692377016,0,SBIN,5m,2026-03-12 05:25:00
1078.699951171875,1081.0,1078.699951171875,1080.9000244140625,165662,0.001853739878341587,0.0049275278434604,0.0019390937073009292,0.5,0.4,0,1078.7336230119088,1085.5287316399945,54.185062298678744,-2.555864308443006,-3.7477841219208297,1076.5412226805877,0.0019390937073009292,0,SBIN,5m,2026-03-12 05:30:00
1080.9000244140625,1081.800048828125,1079.0999755859375,1079.4000244140625,166055,-0.0013877324138401592,0.0013915947360845227,0.001918319985480943,0.5,0.4,0,1078.7970898121139,1085.2883901801542,45.16136290762628,-2.2179719454427413,-3.441821686625212,1076.6872374063294,0.001918319985480943,0,SBIN,5m,2026-03-12 05:35:00
1079.5,1081.0,1079.0,1079.199951171875,101238,-0.0001853559733761001,0.002321909643702602,0.001899287217146663,0.5,0.45,0,1078.8354575606625,1085.0496278661042,54.74842810185628,-1.9439256866801315,-3.142242486636196,1076.761573007576,0.001899287217146663,0,SBIN,5m,2026-03-12 05:40:00
1079.4000244140625,1080.300048828125,1075.0999755859375,1076.199951171875,146471,-0.0027798370420072382,0.002328397237302049,0.0018987682814494745,0.5,0.45,0,1078.5844569522064,1084.7025817212325,53.26071092122547,-1.9463803194255433,-2.9030700531940656,1076.7765244697787,0.0018987682814494745,0,SBIN,5m,2026-03-12 05:45:00
1076.199951171875,1076.699951171875,1074.5,1076.699951171875,90108,0.00046459767950701725,0.000743495436063446,0.0018462869093500234,0.5,0.5,0,1078.4049802112224,1084.388753072238,59.88332481689661,-1.8862364525518842,-2.6997033330656293,1076.7598821015574,0.0018462869093500234,-1,SBIN,5m,2026-03-12 05:50:00
1076.4000244140625,1077.9000244140625,1076.0,1076.5,70370,-0.00018570742169843335,-0.0018544274455262189,0.0017595560240342971,0.5,0.5,0,1078.2235535244395,1084.07939020666,60.23385968418949,-1.833570138056075,-2.5264766940637187,1076.760515862195,0.0017595560240342971,0,SBIN,5m,2026-03-12 05:55:00
1076.5,1076.9000244140625,1075.0,1076.5,55285,0.0,-0.0023169601482854185,0.0017549081280320872,0.45,0.55,0,1078.059405569731,1083.7821592181635,59.03609141983116,-1.7714119698550803,-2.3754637492219914,1076.752828960949,0.0017549081280320872,0,SBIN,5m,2026-03-12 06:00:00
1076.4000244140625,1076.5,1072.800048828125,1074.0999755859375,332963,-0.0022294699619717084,-0.0068423711641817375,0.0017174312483226634,0.4,0.6,-1,1077.682316999846,1083.40246574239,43.9024934871604,-1.893980458342412,-2.2791670910460757,1076.5956743203985,0.0017174312483226634,0,SBIN,5m,2026-03-12 06:05:00
1073.800048828125,1076.0,1073.800048828125,1074.9000244140625,107484,0.0007448550845452484,-0.0024129703813805525,0.0015384180335122346,0.35,0.55,0,1077.417336753581,1083.0690366706908,44.24239285635019,-1.9046045190634686,-2.2042545766495545,1076.5588636405116,0.0015384180335122346,0,SBIN,5m,2026-03-12 06:10:00
1074.9000244140625,1075.9000244140625,1073.0,1073.0,90288,-0.001767628961677814,-0.0018604651162790198,0.0015013344411101768,0.35,0.55,0,1076.9966380151448,1082.6741724875264,37.98878871779484,-2.0427922176841093,-2.1719621048564655,1076.5124396838578,0.0015013344411101768,0,SBIN,5m,2026-03-12 06:15:00
1073.0,1074.199951171875,1071.0,1072.800048828125,163601,-0.00018634778366732885,-0.00046585295560730433,0.0014603466042366299,0.35,0.55,0,1076.5969628544763,1082.2869519518638,39.30652968487602,-2.1437297705683704,-2.1663156379988466,1076.3915621668002,0.0014603466042366299,0,SBIN,5m,2026-03-12 06:20:00
1072.5999755859375,1075.0,1072.5,1074.199951171875,277033,0.0013049051827311864,0.0011183142328750062,0.0014883645355552428,0.4,0.5,0,1076.3686760275618,1081.969814666374,45.05479764443908,-2.086708808562662,-2.15039427211161,1076.2656518677663,0.0014883645355552428,0,SBIN,5m,2026-03-12 06:25:00
1074.300048828125,1074.699951171875,1074.0,1074.0,74268,-0.00018613962107971727,0.0004657661853748607,0.0014860731796221998,0.35,0.5,0,1076.1430878344606,1081.6572729147515,46.067330969640025,-2.034204629151418,-2.1271563435195717,1076.238486968833,0.0014860731796221998,0,SBIN,5m,2026-03-12 06:30:00
1074.0999755859375,1074.199951171875,1071.800048828125,1072.800048828125,308708,-0.0011172729719506336,-0.003066561502350851,0.0013933711826557985,0.3,0.55,0,1075.8247031671906,1081.3099307937075,30.322504430005907,-2.0656096575210086,-2.114847006319859,1076.0645204181762,0.0013933711826557985,0,SBIN,5m,2026-03-12 06:35:00
1072.5,1076.5,1072.199951171875,1075.699951171875,150559,0.002703115409919743,-0.0010216359643067108,0.0015250141013733376,0.35,0.5,0,1075.8128220247795,1081.0899315928514,34.14590575152404,-1.8353437844343716,-2.0589463619427617,1076.0328711101345,0.0015250141013733376,0,SBIN,5m,2026-03-12 06:40:00
1075.5999755859375,1076.4000244140625,1074.800048828125,1075.9000244140625,101305,0.0001859935402708235,-0.0012995677625611268,0.0015213388439101565,0.3,0.5,0,1075.821127014235,1080.886405821134,38.410483597147895,-1.618060191791301,-1.9707691279124695,1076.0273588182115,0.0015213388439101565,0,SBIN,5m,2026-03-12 06:45:00
1075.699951171875,1078.699951171875,1074.5,1076.4000244140625,783846,0.0004647271945850129,-9.287095767529507e-05,0.001516937377642148,0.35,0.5,0,1075.8762600999328,1080.7104692953665,40.90919900122864,-1.389498286537446,-1.8545149596374648,1076.0848307167123,0.001516937377642148,0,SBIN,5m,2026-03-12 06:50:00
1076.699951171875,1077.0,1074.5,1075.5,173449,-0.0008361430635905887,-0.0004646840148698761,0.00152513569488836,0.35,0.5,0,1075.840425804701,1080.5061371661366,47.3685659740069,-1.266387649793387,-1.7368894976686493,1076.0745779596095,0.00152513569488836,0,SBIN,5m,2026-03-12 06:55:00
1075.5999755859375,1076.0999755859375,1074.0,1074.199951171875,74133,-0.001208785521269129,-0.001115931946199633,0.0015440029237583502,0.35,0.5,0,1075.6841901253842,1080.258835754597,41.13465967135906,-1.2592092779520954,-1.6413534537253387,1076.0610138056657,0.0015440029237583502,0,SBIN,5m,2026-03-12 07:00:00
1074.0,1074.5,1072.0,1072.699951171875,82571,-0.0013963880731548972,-0.0057466615088406225,0.0013584446435325414,0.3,0.55,0,1075.3999768917167,1079.9624089082158,37.662100890960396,-1.3588933538262609,-1.5848614337455231,1076.0268206663295,0.0013584446435325414,0,SBIN,5m,2026-03-12 07:05:00
1072.699951171875,1073.5,1071.5999755859375,1073.0999755859375,127374,0.00037291361263269707,-0.007216253725549904,0.0012732969986828054,0.25,0.6,0,1075.1809291483091,1079.6932938759696,39.240379192323445,-1.3895966696563846,-1.5458084809276955,1075.9698091926389,0.0012732969986828054,0,SBIN,5m,2026-03-12 07:10:00
1073.199951171875,1075.0,1073.0,1074.4000244140625,46268,0.0012114890109984344,-0.004632202971010857,0.0012954707775249732,0.25,0.6,0,1075.1065572688572,1079.4857146813852,51.02057763531581,-1.294108515773587,-1.4954684878968738,1075.9583338642765,0.0012954707775249732,0,SBIN,5m,2026-03-12 07:15:00
1074.0999755859375,1074.4000244140625,1072.4000244140625,1073.0999755859375,39555,-0.0012100230813323343,-0.005652312696376338,0.0013136908212719267,0.25,0.6,0,1074.9154542514364,1079.2352935403871,44.07876772836056,-1.308255783028926,-1.4580259469232844,1075.9442085909761,0.0013136908212719267,0,SBIN,5m,2026-03-12 07:20:00
1073.4000244140625,1075.5,1073.0,1075.300048828125,71679,0.002050203422086838,-0.0008361850813782823,0.0012738005755080595,0.3,0.55,0,1074.952082306359,1079.0809702183376,57.41951234879033,-1.128926508333052,-1.392206059205238,1075.9313888625668,0.0012738005755080595,0,SBIN,5m,2026-03-12 07:25:00
1075.199951171875,1075.300048828125,1073.699951171875,1074.0999755859375,86844,-0.0011160356995196796,-0.0024147633545517078,0.0012897116771960337,0.3,0.5,0,1074.8709292853664,1078.8856370954984,53.93914285080159,-1.071293443394552,-1.328023536043101,1075.913515126061,0.0012897116771960337,0,SBIN,5m,2026-03-12 07:30:00
1074.0999755859375,1074.0999755859375,1071.4000244140625,1073.199951171875,111361,-0.0008379335578808655,-0.003065535372155148,0.0012996658621042341,0.25,0.55,0,1074.711788512653,1078.6626690200621,46.87504768298823,-1.0857276797537452,-1.27956436478523,1075.8700110847078,0.0012996658621042341,0,SBIN,5m,2026-03-12 07:35:00
1073.0,1075.0,1072.4000244140625,1075.0,71798,0.0016772725587244075,-0.0013934045517881577,0.001362627301507512,0.3,0.5,0,1074.7392372257336,1078.5190349408442,52.840853920739065,-0.9410699506720448,-1.211865481962593,1075.853996089584,0.001362627301507512,0,SBIN,5m,2026-03-12 07:40:00
1074.9000244140625,1076.0,1074.300048828125,1076.0,71827,0.0009302325581395099,0.0017689455890974592,0.0012795746521152486,0.35,0.45,0,1074.8593098709018,1078.4202492568895,59.19505556179145,-0.737237599389573,-1.116939905447989,1075.8501509325995,0.0012795746521152486,0,SBIN,5m,2026-03-12 07:45:00
1076.0,1084.0,1075.4000244140625,1083.300048828125,242123,0.0067844319963987765,0.007814702970763587,0.001969262970942777,0.4,0.45,0,1075.6631897715897,1078.6116139459575,67.43098717733355,0.01320175727073547,-0.890911572904244,1076.0011052059465,0.001969262970942777,0,SBIN,5m,2026-03-12 07:50:00
1083.5,1086.800048828125,1081.9000244140625,1086.800048828125,277014,0.0032308684964854617,0.012861182505242263,0.0019978484332147245,0.45,0.4,0,1076.7238430150692,1078.9327290393758,71.71279477490359,0.8802046520072508,-0.5366883279219451,1076.3042058832623,0.0019978484332147245,0,SBIN,5m,2026-03-12 07:55:00
1086.800048828125,1089.699951171875,1086.4000244140625,1088.5,695407,0.0015641802498149726,0.01463455486325227,0.0019980374474876366,0.5,0.35,0,1077.8453817755387,1079.307916135871,73.00339285134113,1.68505824248291,-0.0923390138409741,1077.2160516858505,0.0019980374474876366,0,SBIN,5m,2026-03-12 08:00:00
1088.5,1092.9000244140625,1087.800048828125,1092.5999755859375,526811,0.0037666289259876695,0.017129049758370707,0.002108198316529605,0.5,0.35,0,1079.2505811860528,1079.829173369207,78.9826496791039,2.6235021764348403,0.4508292242141888,1077.9780316674303,0.002108198316529605,0,SBIN,5m,2026-03-12 08:05:00
1093.5,1098.0,1092.0999755859375,1094.800048828125,261322,0.002013612750638716,0.01936689835020955,0.0021085868743791984,0.55,0.35,0,1080.7314828662502,1080.4162665244587,83.88130420815934,3.5043572303161454,1.0615348254345802,1078.4282723754327,0.0021085868743791984,0,SBIN,5m,2026-03-12 08:10:00
1094.4000244140625,1095.5,1092.9000244140625,1094.9000244140625,145646,9.131858008637472e-05,0.020600274589918532,0.0020626904288883773,0.55,0.3,0,1082.0808677755656,1080.9842570299334,88.27550500692425,4.162525399268816,1.6817329402014274,1078.6612415163477,0.0020626904288883773,0,SBIN,5m,2026-03-12 08:15:00
1094.9000244140625,1095.699951171875,1091.800048828125,1092.5999755859375,149634,-0.002100693010173127,0.01571072341841373,0.0021350605175566445,0.55,0.35,0,1083.0826875670296,1081.4397754046786,81.55299917830732,4.447268355614369,2.2348400232840158,1078.8779136761434,0.0021350605175566445,0,SBIN,5m,2026-03-12 08:20:00
1092.5,1093.300048828125,1087.4000244140625,1087.9000244140625,161269,-0.0043016211576927255,0.011153452670042752,0.0024180383032905454,0.55,0.4,0,1083.5414815524614,1081.6931185030858,69.67913220493402,4.244751565757042,2.636822331778621,1079.0444756714917,0.0024180383032905454,0,SBIN,5m,2026-03-12 08:25:00
1087.9000244140625,1090.5,1087.300048828125,1090.199951171875,106511,0.002114097533044257,0.01282044448607711,0.002442707742527442,0.5,0.4,0,1084.175621516215,1082.026719784215,74.2208113313899,4.221181268734199,2.953694119169737,1079.1496123111265,0.002442707742527442,1,SBIN,5m,2026-03-12 08:30:00
1090.199951171875,1091.9000244140625,1086.9000244140625,1087.0,218959,-0.0029351965833747107,0.010692701069270116,0.002552112167360965,0.55,0.45,0,1084.444609943242,1082.2217503809125,66.11561354541479,3.899343121814809,3.1428239196987513,1079.3440485025183,0.002552112167360965,1,SBIN,5m,2026-03-12 08:35:00
1087.0999755859375,1090.5999755859375,1086.300048828125,1089.9000244140625,343151,0.0026679157443076917,0.014615596682032939,0.0025599047333727475,0.55,0.45,0,1084.9641732261773,1082.5228591665261,70.78953793174342,3.8340947477511236,3.2810780853092263,1079.6435877813851,0.0025599047333727475,1,SBIN,5m,2026-03-12 08:40:00
1090.0,1091.800048828125,1088.5,1091.0,125455,0.0010092444823357472,0.01705980205194657,0.002510836487294888,0.6,0.4,1,1085.5390138713033,1082.8552960619566,73.29852301124198,3.8270281795109895,3.390268104149579,1079.7654165381516,0.002510836487294888,1,SBIN,5m,2026-03-12 08:45:00
1091.199951171875,1092.0,1090.0,1090.699951171875,49772,-0.00027502184062788704,0.01640105860251051,0.0025214622076654754,0.65,0.35,1,1086.030531709453,1083.1629295956789,71.3896077113948,3.7539433186232145,3.463003147044306,1079.81507203245,0.0025214622076654754,1,SBIN,5m,2026-03-12 08:50:00
1090.699951171875,1091.300048828125,1088.800048828125,1089.0,107648,-0.0015585873732262279,0.013588956863529233,0.0025741671754053257,0.6,0.4,1,1086.3133382133146,1083.391834317417,67.37972452509956,3.518294478648613,3.4740614133651677,1079.9095044182332,0.0025741671754053257,1,SBIN,5m,2026-03-12 08:55:00
1088.9000244140625,1091.4000244140625,1088.699951171875,1090.4000244140625,88282,0.0012856055225551888,0.016121562968705483,0.0025380506391609356,0.65,0.4,1,1086.7025464229096,1083.6666653015993,61.269846190810206,3.405257654392699,3.4603006615706744,1079.9892396421067,0.0025380506391609356,1,SBIN,5m,2026-03-12 09:00:00
1090.300048828125,1090.4000244140625,1087.0,1087.5999755859375,321039,-0.002567909726184814,0.0114385996459474,0.00262712299362471,0.6,0.45,1,1086.7880158670075,1083.8209127637301,51.2985854870736,3.0545239664284054,3.3791453225422208,1080.2186331391895,0.00262712299362471,0,SBIN,5m,2026-03-12 09:05:00
1087.4000244140625,1087.5999755859375,1084.0,1084.0,160852,-0.003310018082703703,0.009217041838830653,0.002744508200926939,0.6,0.5,1,1086.5224905463401,1083.8279357926035,43.11925578061655,2.457745685909458,3.1948653952156683,1080.2863157538286,0.002744508200926939,0,SBIN,5m,2026-03-12 09:10:00
1084.0,1085.699951171875,1083.0999755859375,1084.0,125861,0.0,0.01006340786386728,0.0027299699625384878,0.6,0.5,1,1086.2822533514507,1083.8346834085798,34.96506481256215,1.9621758571734063,2.9483274876072163,1080.328187386516,0.0027299699625384878,0,SBIN,5m,2026-03-12 09:15:00
1083.699951171875,1083.9000244140625,1079.0,1079.199951171875,168239,-0.004428089324838513,0.003906931322674501,0.002926206744841378,0.55,0.55,0,1085.6077483819672,1083.652929203219,24.999804374193033,1.1686380408812056,2.592389598262014,1080.3333430782989,0.002926206744841378,0,SBIN,5m,2026-03-12 09:20:00
1079.0999755859375,1081.0,1078.300048828125,1080.5,104173,0.0012046412962800623,0.004182156133829107,0.002930455805023338,0.5,0.6,0,1085.1212961551132,1083.5292849207399,27.777756846670016,0.6373101649369346,2.2013737115969985,1080.3299378933393,0.002930455805023338,0,SBIN,5m,2026-03-12 09:25:00
1080.4000244140625,1084.0,1079.5,1084.0,342203,0.003239241092086953,0.0006461286257968268,0.0026006904268880662,0.5,0.6,0,1085.0145060451025,1083.5477443356128,37.20240798398553,0.4929671263489581,1.8596923945473904,1080.3889729845605,0.0026006904268880662,0,SBIN,5m,2026-03-12 09:30:00
1083.9000244140625,1085.800048828125,1083.300048828125,1085.5999755859375,223295,0.001475992237949697,-0.0011042263418018505,0.002515414792000105,0.5,0.6,0,1085.0702650489916,1083.6282239924883,46.22942815061475,0.5018933721869416,1.5881325900753007,1080.4676538846993,0.002515414792000105,-1,SBIN,5m,2026-03-12 09:35:00
1085.5,1086.5,1083.300048828125,1085.0999755859375,281723,-0.00046057480770500536,-0.0031235869674437478,0.002487525612590192,0.5,0.6,0,1085.073094623939,1083.685939741251,41.1150477859394,0.4632812471631951,1.3631623214928796,1080.5645261708912,0.002487525612590192,-1,SBIN,5m,2026-03-12 09:40:00
1085.0999755859375,1088.0,1084.9000244140625,1087.199951171875,271663,0.001935283045973346,-0.004942361829329722,0.002366386425566183,0.5,0.6,0,1085.275652390409,1083.8237441110796,50.362229102167184,0.5952694438472008,1.209583745963744,1080.6893255269727,0.002366386425566183,-1,SBIN,5m,2026-03-12 09:45:00
1087.199951171875,1088.199951171875,1086.199951171875,1086.300048828125,332213,-0.0008277247830815737,-0.007763974809005925,0.0023082263687603938,0.5,0.6,-1,1085.3732139559058,1083.9208540999834,42.96879097823236,0.6201082207351192,1.091688640918019,1080.8400618673984,0.0023082263687603938,-1,SBIN,5m,2026-03-12 09:50:00
1086.4000244140625,1089.4000244140625,1083.800048828125,1085.0,207244,-0.0011967677158143397,-0.009041943733045898,0.0023121416030888343,0.55,0.65,-1,1085.337669769629,1083.963173547043,38.3721150297605,0.52879444174323,0.9791098010830613,1080.9180163578244,0.0023121416030888343,-1,SBIN,5m,2026-03-12 09:55:00
1074.5,1074.800048828125,1072.4000244140625,1073.5999755859375,101340,-0.00037246221048647943,-0.013144635083381817,0.003052402290722792,0.5,0.65,-1,1083.2428520667697,1083.181383005081,28.125010837185584,-1.2015870470863774,0.31811018843236005,1073.6000162760417,0.003052402290722792,0,SBIN,5m,2026-03-13 03:50:00
1073.5,1076.0999755859375,1072.5,1075.0,95276,0.0013040466150331387,-0.013942351726888513,0.0030188884614213633,0.55,0.6,-1,1082.457818536601,1082.8605444558623,28.125010837185584,-1.6836555906172634,-0.08224296737756465,1074.052278251631,0.0030188884614213633,0,SBIN,5m,2026-03-13 03:55:00
1074.4000244140625,1074.699951171875,1072.800048828125,1073.699951171875,73087,-0.0012093477470930258,-0.012235555499655049,0.002975917386111926,0.5,0.55,0,1081.6237359304366,1082.501305503549,29.376863198235228,-2.1458652609762794,-0.49496742609730765,1073.965842739936,0.002975917386111926,0,SBIN,5m,2026-03-13 04:00:00
1074.0,1074.9000244140625,1073.5,1074.300048828125,48861,0.000558906289969574,-0.014313217025868186,0.0028897278227300446,0.55,0.5,0,1080.9262419206927,1082.1796875947089,34.202134427585335,-2.43567000151711,-0.8831079411812681,1074.006873900957,0.0028897278227300446,0,SBIN,5m,2026-03-13 04:05:00
1074.5,1076.300048828125,1074.199951171875,1074.199951171875,109649,-9.317476654602252e-05,-0.015398761528987115,0.0028654878089175786,0.55,0.5,0,1080.2856428017578,1081.8667567545979,34.09098115062065,-2.6429530727925794,-1.2350769675035305,1074.2355652274284,0.0028654878089175786,0,SBIN,5m,2026-03-13 04:10:00
1074.4000244140625,1074.4000244140625,1066.300048828125,1068.5,817151,-0.005306229222647785,-0.020353857307890078,0.0030353955325979113,0.5,0.55,0,1079.1632006301618,1081.342570215202,33.12320938972921,-3.2299321757043344,-1.6340480091436915,1071.2814222262527,0.0030353955325979113,0,SBIN,5m,2026-03-13 04:15:00
1068.0999755859375,1068.0999755859375,1065.0,1065.9000244140625,176196,-0.0024332948862306747,-0.02121209879333108,0.0030497820712142207,0.5,0.55,0,1077.9000409905334,1080.7369801837847,27.878906697936273,-3.8604132042062247,-2.0793210481561983,1070.6681287524796,0.0030497820712142207,0,SBIN,5m,2026-03-13 04:20:00
1065.9000244140625,1068.199951171875,1064.9000244140625,1064.9000244140625,164127,-0.0009381742912987212,-0.023385912902654904,0.002999621014808612,0.5,0.55,0,1076.6619441737266,1080.115923094776,18.688689930640322,-4.390158588882059,-2.5414885563013705,1070.1849527109543,0.002999621014808612,0,SBIN,5m,2026-03-13 04:25:00
1065.699951171875,1067.699951171875,1064.199951171875,1067.5999755859375,148453,0.002535403427528893,-0.018389114057514644,0.0030908533772933825,0.5,0.55,0,1075.7988995463181,1079.6251016238411,21.519075358870154,-4.539790251611066,-2.94114889536331,1069.8694947171548,0.0030908533772933825,0,SBIN,5m,2026-03-13 04:30:00
1067.5999755859375,1068.199951171875,1066.0,1067.699951171875,115375,9.364517443222198e-05,-0.015036945413399394,0.003045884065186441,0.55,0.5,0,1075.0275711297045,1079.1574486649406,22.11541094952483,-4.597312273940815,-3.272381571078811,1069.7092044742055,0.003045884065186441,0,SBIN,5m,2026-03-13 04:35:00
1067.5,1068.4000244140625,1065.699951171875,1066.9000244140625,102033,-0.0007492055768425487,-0.015774885226879642,0.0030407405177517006,0.6,0.5,0,1074.253519061548,1078.6767653609847,16.053661902254007,-4.653800183524027,-3.548665293567854,1069.5675588369388,0.0030407405177517006,0,SBIN,5m,2026-03-13 04:40:00
1067.199951171875,1067.5,1065.699951171875,1065.699951171875,71839,-0.0011248225838653703,-0.012509266689032628,0.002920065024990322,0.6,0.45,0,1073.438893548246,1078.167870686902,15.894098625707358,-4.740754671223385,-3.7870831690989606,1069.4515451935795,0.002920065024990322,0,SBIN,5m,2026-03-13 04:45:00
1065.199951171875,1065.9000244140625,1063.5,1065.300048828125,139278,-0.00037524853342651987,-0.014067516123901003,0.0028891662249098736,0.6,0.45,0,1072.663765479663,1077.663250221852,16.38239190754335,-4.786756754008138,-3.9870178860807965,1069.1584222590845,0.0028891662249098736,-1,SBIN,5m,2026-03-13 04:50:00
1065.0999755859375,1065.800048828125,1062.5999755859375,1065.800048828125,83575,0.0004693513349125489,-0.016789622852283248,0.002753386170259899,0.55,0.5,0,1072.0100781795165,1077.1980266377843,28.19167586520355,-4.728362297454623,-4.135286768355562,1068.993780561597,0.002753386170259899,-1,SBIN,5m,2026-03-13 04:55:00
1065.5999755859375,1066.199951171875,1062.0,1062.4000244140625,120139,-0.0031901147103539085,-0.021370626099501466,0.0027442533065852007,0.55,0.55,0,1071.094834963759,1076.6177128250895,24.31209613295556,-4.899954203015341,-4.288220255287518,1068.7165580003548,0.0027442533065852007,-1,SBIN,5m,2026-03-13 05:00:00
1062.300048828125,1062.9000244140625,1061.0999755859375,1062.0,99632,-0.00037652899554774244,-0.021288338499375503,0.0027453093572375096,0.5,0.6,-1,1070.228660205306,1076.04446918489,18.750073359390584,-5.010463151194244,-4.432668834468863,1068.4451950150756,0.0027453093572375096,-1,SBIN,5m,2026-03-13 05:05:00
1062.300048828125,1062.5,1060.300048828125,1061.4000244140625,79378,-0.0005649487626530059,-0.02373061802477383,0.002656668475964194,0.45,0.65,-1,1069.387837748997,1075.470177233093,19.403130105247826,-5.087806241082262,-4.563696315791543,1068.225491248002,0.002656668475964194,0,SBIN,5m,2026-03-13 05:10:00
1061.4000244140625,1063.0999755859375,1060.9000244140625,1062.4000244140625,64036,0.000942151853211115,-0.022001310263996876,0.002698751644302887,0.45,0.65,-1,1068.7223317170985,1074.957622220582,20.97537737815226,-5.010649901352508,-4.653087032903736,1068.075988233699,0.002698751644302887,0,SBIN,5m,2026-03-13 05:15:00
1062.0999755859375,1064.699951171875,1060.5,1064.300048828125,180489,0.0017884265534635624,-0.019078296010944684,0.002775070391660416,0.45,0.65,-1,1068.3011619181486,1074.5396781659756,27.80271513028245,-4.741529455127875,-4.670775517348564,1067.758387569194,0.002775070391660416,0,SBIN,5m,2026-03-13 05:20:00
1064.199951171875,1064.9000244140625,1062.9000244140625,1064.5,97235,0.00018787105393358594,-0.008845437616387342,0.0017478472432448568,0.5,0.6,0,1067.9391464973726,1074.1459652967217,38.0950996919142,-4.460695058134206,-4.6287594255056925,1067.6351789184837,0.0017478472432448568,0,SBIN,5m,2026-03-13 05:25:00
1064.4000244140625,1064.5999755859375,1062.0,1062.9000244140625,68261,-0.0015030301417918723,-0.009966422704169031,0.0017636671643385842,0.5,0.6,0,1067.4592301084858,1073.7049480072058,40.506211755979976,-4.317467357280975,-4.566501011860749,1067.5319698494134,0.0017636671643385842,0,SBIN,5m,2026-03-13 05:30:00
1062.9000244140625,1063.300048828125,1060.0999755859375,1060.9000244140625,217358,-0.001881644514123093,-0.013116256359011591,0.0017358728620082702,0.45,0.65,0,1066.834543851874,1073.202794140808,38.0950996919142,-4.315594174478292,-4.516319644384258,1067.114169399417,0.0017358728620082702,0,SBIN,5m,2026-03-13 05:35:00
1060.9000244140625,1061.9000244140625,1057.9000244140625,1057.9000244140625,392496,-0.0028277876623264975,-0.01471540232498647,0.0017994625533561326,0.45,0.7,0,1065.9836372387492,1072.602685524073,21.637326708642078,-4.504262260037422,-4.5139081675148915,1066.246579495788,0.0017994625533561326,0,SBIN,5m,2026-03-13 05:40:00
1058.300048828125,1059.699951171875,1057.4000244140625,1059.300048828125,684982,0.0013233995479278171,-0.013962579650221962,0.0018362375536560265,0.4,0.75,0,1065.347105009166,1072.081013496781,27.174057267202713,-4.489065652900308,-4.508939664591975,1065.046468410033,0.0018362375536560265,0,SBIN,5m,2026-03-13 05:45:00
1059.199951171875,1061.300048828125,1059.0,1060.5,74203,0.0011327774158063075,-0.012753632279474014,0.0018775995849191643,0.4,0.75,0,1064.8854759606738,1071.6268561047502,32.97859216019842,-4.330279435274406,-4.473207618728462,1064.9644523147958,0.0018775995849191643,0,SBIN,5m,2026-03-13 05:50:00
1060.5,1064.199951171875,1060.4000244140625,1064.0,122944,0.0033003300330032292,-0.004211511464670137,0.0017324969513407022,0.45,0.7,0,1064.8011449168,1071.3277637084855,45.971651721145506,-3.8773240860198257,-4.354030912186735,1064.9064607770017,0.0017324969513407022,0,SBIN,5m,2026-03-13 05:55:00
1063.9000244140625,1065.4000244140625,1062.800048828125,1064.5999755859375,159612,0.0005638868288886378,-0.001219672387979931,0.0016580506863773175,0.5,0.65,0,1064.7819859329084,1071.0639288801503,48.356629930826585,-3.430397209110197,-4.169304171571428,1064.884295352895,0.0016580506863773175,0,SBIN,5m,2026-03-13 06:00:00
1065.0,1065.699951171875,1063.199951171875,1065.0999755859375,118378,0.000469659976954917,0.0001877652054567136,0.0016486509875186799,0.5,0.6,0,1064.8122706617683,1070.8300483588087,48.356629930826585,-3.0012619384929167,-3.9356957249557256,1064.8788424053917,0.0016486509875186799,0,SBIN,5m,2026-03-13 06:05:00
1065.0999755859375,1065.4000244140625,1064.199951171875,1064.5999755859375,99102,-0.00046943950001021584,-0.002810041278198283,0.0015397842517044093,0.5,0.55,0,1064.7920520831176,1070.5857317794805,55.9781599129581,-2.6707284707617873,-3.682702274116938,1064.8758531012386,0.0015397842517044093,0,SBIN,5m,2026-03-13 06:10:00
1064.800048828125,1064.800048828125,1062.9000244140625,1063.9000244140625,61801,-0.0006574781025049381,-0.0035589837328753315,0.0015429536805165974,0.45,0.6,0,1064.707097067017,1070.323547176915,55.08032561084673,-2.4371644117970845,-3.433594701652967,1064.8630894768637,0.0015429536805165974,0,SBIN,5m,2026-03-13 06:15:00
1063.9000244140625,1065.0,1063.300048828125,1063.5,61305,-0.00037599812471367233,-0.003186825697121698,0.0015379193283460272,0.45,0.55,0,1064.5921354415868,1070.055957091546,55.67564714188624,-2.2583094537665147,-3.198537652075677,1064.8515691829316,0.0015379193283460272,0,SBIN,5m,2026-03-13 06:20:00
1063.800048828125,1063.800048828125,1061.4000244140625,1062.199951171875,126462,-0.0012224248501410129,-0.003284226480588015,0.0015412983201933484,0.45,0.6,0,1064.364308368281,1069.7478784280295,49.46788824029765,-2.196152803948962,-2.998060682450334,1064.7921298130902,0.0015412983201933484,0,SBIN,5m,2026-03-13 06:25:00
1062.199951171875,1064.5999755859375,1061.300048828125,1063.9000244140625,178468,0.0016005209191658487,-0.0013142066553011311,0.0015895634038072702,0.5,0.6,0,1064.3200908488316,1069.5185508196387,48.92466414212678,-1.9868088133594028,-2.7958103086321477,1064.7402988062152,0.0015895634038072702,0,SBIN,5m,2026-03-13 06:30:00
1064.4000244140625,1064.699951171875,1063.0,1064.0999755859375,69514,0.00018794169309765962,-0.0015951146221627743,0.0015858297806638955,0.55,0.55,0,1064.2991274904607,1069.3060576732191,48.92466414212678,-1.7842006496043723,-2.593488376826593,1064.7297582714382,0.0015858297806638955,0,SBIN,5m,2026-03-13 06:35:00
1064.5999755859375,1065.0,1062.699951171875,1064.5,66787,0.00037592747226811163,0.001976633600978772,0.0014080904859706848,0.55,0.55,0,1064.318258205655,1069.117584823289,54.59762454311391,-1.5732185093627322,-2.389434403333821,1064.7215399658353,0.0014080904859706848,0,SBIN,5m,2026-03-13 06:40:00
1064.5,1065.800048828125,1064.0999755859375,1064.5,148478,0.0,0.002354048964218425,0.0014038992584511588,0.6,0.5,0,1064.3355669479736,1068.936503065513,61.68821389221367,-1.3899906956762607,-2.189545661802309,1064.7236440232766,0.0014038992584511588,0,SBIN,5m,2026-03-13 06:45:00
1064.5,1064.5999755859375,1061.699951171875,1061.699951171875,110916,-0.0026303887535227277,0.0002825765507006306,0.0015273600158977295,0.6,0.5,0,1064.0845559216784,1068.652716716743,62.49969884114071,-1.4539615094683995,-2.042428831335527,1064.6832496379222,0.0015273600158977295,0,SBIN,5m,2026-03-13 06:50:00
1062.199951171875,1063.800048828125,1061.5,1062.5999755859375,111372,0.0008477201238157317,0.00018820704751520978,0.0015244870495759524,0.55,0.55,0,1063.9431673182746,1068.4153543194566,61.22418474876062,-1.4157149116372238,-1.9170860473958666,1064.6436109741276,0.0015244870495759524,0,SBIN,5m,2026-03-13 06:55:00
1062.5999755859375,1062.800048828125,1056.800048828125,1059.4000244140625,259686,-0.0030114353899833857,-0.00460398777530624,0.0016055237060252417,0.5,0.55,0,1063.510487041683,1068.0618119702253,46.706674366077756,-1.624882885319039,-1.8586454149805012,1064.4288953468315,0.0016055237060252417,0,SBIN,5m,2026-03-13 07:00:00
1059.5999755859375,1059.5999755859375,1058.0,1058.300048828125,74436,-0.0010383005102778675,-0.005824284802137147,0.0016121456102782322,0.45,0.55,0,1063.014254830868,1067.6789977293588,30.070168849128436,-1.8579910836879208,-1.8585145487219852,1064.3581013890825,0.0016121456102782322,0,SBIN,5m,2026-03-13 07:05:00
1058.300048828125,1058.9000244140625,1056.699951171875,1058.300048828125,159073,0.0,-0.004327759413189636,0.0015875059570239077,0.45,0.55,0,1062.5652828306067,1067.3111958116633,27.007689497554153,-2.019452024476095,-1.8907020438728073,1064.1955012475041,0.0015875059570239077,0,SBIN,5m,2026-03-13 07:10:00
1058.0,1061.0,1058.0,1060.4000244140625,103846,0.001984291305913599,-0.0004712979437211384,0.001609186719746338,0.5,0.5,0,1062.3590677433167,1067.0401694823458,34.64073146212641,-1.9554196433155084,-1.9036455637613474,1064.1236936310067,0.001609186719746338,0,SBIN,5m,2026-03-13 07:15:00
1060.699951171875,1061.800048828125,1059.0999755859375,1059.9000244140625,78673,-0.00047152017020768433,0.001890537814390969,0.001473516772977538,0.55,0.45,0,1062.1248731405306,1066.7601637933935,34.64073146212641,-1.9228538786649096,-1.90748722674206,1064.076540816441,0.001473516772977538,0,SBIN,5m,2026-03-13 07:20:00
1060.0,1061.0999755859375,1058.9000244140625,1060.9000244140625,80024,0.0009434852127234716,0.0015104082999972679,0.0014592335165763794,0.55,0.45,0,1062.008220880867,1066.5303544059689,40.38467557670037,-1.7956544462044803,-1.885120670634544,1064.0301558387655,0.0014592335165763794,0,SBIN,5m,2026-03-13 07:25:00
1060.9000244140625,1061.4000244140625,1059.699951171875,1061.4000244140625,85544,0.0004712979437211384,0.0008486793154762751,0.0014414196756792372,0.55,0.45,0,1061.950297407838,1066.3291649945215,43.31221086187459,-1.635647432781525,-1.8352260230639403,1063.9887266052851,0.0014414196756792372,0,SBIN,5m,2026-03-13 07:30:00
1061.4000244140625,1061.800048828125,1058.800048828125,1058.800048828125,86290,-0.0024495718165945535,-0.004887172154017905,0.00132645973976613,0.55,0.5,0,1061.6502737335795,1066.033905537016,40.0002872242647,-1.6990514156414065,-1.8079911015794337,1063.93467660418,0.00132645973976613,0,SBIN,5m,2026-03-13 07:35:00
1058.699951171875,1059.5999755859375,1057.699951171875,1058.0999755859375,93544,-0.0006611949470178846,-0.006105579700415142,0.0013154250652321325,0.5,0.55,0,1061.3121501004707,1065.7227710291306,31.874847412109375,-1.785210790014844,-1.8034350392665157,1063.8592415805235,0.0013154250652321325,0,SBIN,5m,2026-03-13 07:40:00
1058.5,1059.800048828125,1058.199951171875,1058.800048828125,74353,0.0006616324150274799,-0.0059148689345774885,0.0013220615684148135,0.5,0.55,0,1061.0729023602473,1065.4512917271304,33.93973470248355,-1.7765239923264744,-1.7980528298785075,1063.8058131632642,0.0013220615684148135,0,SBIN,5m,2026-03-13 07:45:00
1058.699951171875,1059.0999755859375,1055.5999755859375,1055.800048828125,80617,-0.0028333961670292673,-0.008265946796560009,0.001438917170366639,0.5,0.6,0,1060.5707258333787,1065.072811613444,27.225375156581535,-1.9887890483562387,-1.8362000735740538,1063.7247683496746,0.001438917170366639,0,SBIN,5m,2026-03-13 07:50:00
1056.0,1057.699951171875,1055.300048828125,1057.199951171875,104323,0.0013259161574237233,-0.0062976530580282075,0.0014887346099585618,0.5,0.6,0,1060.2496996751402,1064.7640719882843,32.1950028582317,-2.020756195335707,-1.8731112979263846,1063.62116472979,0.0014887346099585618,0,SBIN,5m,2026-03-13 07:55:00
1057.199951171875,1058.0,1055.199951171875,1055.5999755859375,98872,-0.0015134086831577465,-0.00742832573019514,0.0015127279927556788,0.5,0.65,0,1059.8068688095018,1064.4046956587806,34.19689446886562,-2.1504065003050528,-1.9285703384021184,1063.5193059694789,0.0015127279927556788,0,SBIN,5m,2026-03-13 08:00:00
1055.5999755859375,1055.800048828125,1053.800048828125,1054.0999755859375,150283,-0.0014209928331680999,-0.007625659911771998,0.001519243345618172,0.5,0.65,0,1059.2633551691624,1064.0005889892575,28.643111274690213,-2.3471364372435346,-2.012283558170402,1063.3347267724303,0.001519243345618172,0,SBIN,5m,2026-03-13 08:05:00
1054.199951171875,1056.5999755859375,1053.300048828125,1056.300048828125,114922,0.0020871580430164016,-0.007143505415485918,0.001556108560255566,0.5,0.65,0,1058.981135517635,1063.6986070221542,41.79901698002312,-2.2990171669523534,-2.0696302799267925,1063.2115686483448,0.001556108560255566,0,SBIN,5m,2026-03-13 08:10:00
1056.300048828125,1056.300048828125,1055.0999755859375,1055.5999755859375,73428,-0.0006627598313226901,-0.007987971238623048,0.001552043381444151,0.45,0.65,0,1058.6591202860448,1063.3810136324987,42.702552902285014,-2.2909635566486486,-2.113896935271164,1063.1374787901664,0.001552043381444151,0,SBIN,5m,2026-03-13 08:15:00
1055.5999755859375,1056.300048828125,1053.699951171875,1055.0999755859375,81313,-0.00047366427772266295,-0.008830459759570197,0.0015412842570204587,0.4,0.65,0,1058.3201541241297,1063.0562670424374,41.57880872989869,-2.2984319410927583,-2.150803936435483,1063.0502993789414,0.0015412842570204587,0,SBIN,5m,2026-03-13 08:20:00
1055.5,1055.9000244140625,1052.699951171875,1053.199951171875,126291,-0.0018008003582857812,-0.010615358222757165,0.0015664826871241962,0.35,0.7,0,1057.8325157477245,1062.669744851435,30.851043107310517,-2.4296591819802416,-2.206574985544435,1062.9004779136105,0.0015664826871241962,0,SBIN,5m,2026-03-13 08:25:00
1053.5,1056.0999755859375,1053.4000244140625,1055.9000244140625,110100,0.002563685308932362,-0.005462868064946891,0.001629621936755267,0.4,0.65,0,1057.6484689540425,1062.404265618597,40.47630119627516,-2.289393665555508,-2.2231387215466496,1062.7907743698822,0.001629621936755267,0,SBIN,5m,2026-03-13 08:30:00
1055.5,1058.0999755859375,1055.5,1058.0,179016,0.0019888015317575114,-0.004328981452687342,0.0016897739758246451,0.45,0.6,0,1057.6819481012765,1062.2315493198284,43.438924024413815,-1.9858896539165016,-2.17568890802062,1062.6652650071587,0.0016897739758246451,0,SBIN,5m,2026-03-13 08:35:00
1058.0999755859375,1059.0,1056.5999755859375,1058.800048828125,211402,0.0007561898186436711,-0.000566335257797812,0.0015672445629295153,0.5,0.55,0,1057.788433884786,1062.096980673095,44.19655264491588,-1.6616488305435269,-2.0728808925252014,1062.5482235086347,0.0015672445629295153,0,SBIN,5m,2026-03-13 08:40:00
1058.5999755859375,1059.9000244140625,1057.0999755859375,1059.9000244140625,166547,0.0010388888696737375,0.0015118355023315821,0.0015655361307253897,0.55,0.55,0,1057.989537744717,1062.0108255256819,52.63148672721432,-1.3009304882186825,-1.9184908116638977,1062.4768054076408,0.0015655361307253897,0,SBIN,5m,2026-03-13 08:45:00
1059.9000244140625,1061.0,1058.5,1059.199951171875,185397,-0.0006605087518273267,0.0008503281699234755,0.0015741822755609902,0.6,0.5,0,1058.1048152139701,1061.900595158866,52.63148672721432,-1.059337282204524,-1.746660105772023,1062.4136101265385,0.0015741822755609902,0,SBIN,5m,2026-03-13 08:50:00
1059.199951171875,1060.0,1057.699951171875,1058.199951171875,170892,-0.0009441088048518509,-0.0020747578192514826,0.0015194165112787598,0.55,0.55,0,1058.1138757813897,1061.7554718652586,48.58468837809204,-0.9377547158719608,-1.5848790277920108,1062.339426559681,0.0015194165112787598,0,SBIN,5m,2026-03-13 08:55:00
1058.300048828125,1062.800048828125,1058.0,1061.0,219916,0.0026460489107225094,0.0010378106996888903,0.0016351051183665071,0.55,0.55,0,1058.3887447545908,1061.7258455176013,62.380692188753386,-0.6084453375460726,-1.3895922897428234,1062.2965829169025,0.0016351051183665071,0,SBIN,5m,2026-03-13 09:00:00
1061.5999755859375,1061.5999755859375,1058.199951171875,1058.4000244140625,187281,-0.002450495368461314,-0.00235648971860547,0.0017121438048087773,0.55,0.5,0,1058.3898190078737,1061.5954211606,52.70282902152696,-0.5509110242026054,-1.2218560366347797,1062.2370723414767,0.0017121438048087773,0,SBIN,5m,2026-03-13 09:05:00
1058.5999755859375,1059.9000244140625,1058.4000244140625,1059.300048828125,155039,0.0008503631833916003,-0.001978495889988996,0.001721068729422757,0.5,0.5,0,1058.4765075621833,1061.5054065593265,58.60467492945591,-0.4277592753137469,-1.0630366843705732,1062.1862822377016,0.001721068729422757,0,SBIN,5m,2026-03-13 09:10:00
1059.300048828125,1059.800048828125,1057.0999755859375,1058.0,186116,-0.0012272715644290333,-0.0007556184276819033,0.001653531881442681,0.45,0.5,0,1058.4311258895943,1061.3679396354314,59.154808502346796,-0.43010571161516964,-0.9364504898194925,1062.1097979224444,0.001653531881442681,0,SBIN,5m,2026-03-13 09:15:00
1058.0999755859375,1059.5999755859375,1055.300048828125,1055.300048828125,236834,-0.0025519387257797455,-0.0026461835577133996,0.0017427691849425718,0.45,0.5,0,1058.1329280742164,1061.1299831331842,47.70645284117634,-0.6424233183072374,-0.8776450555170415,1061.97844137895,0.0017427691849425718,0,SBIN,5m,2026-03-13 09:20:00
1055.800048828125,1055.9000244140625,1051.5,1052.9000244140625,456279,-0.0022742578442288552,-0.005572368853394627,0.0017953414214035034,0.4,0.55,0,1057.634556297059,1060.8072396540028,44.25548271813998,-0.9929028971130265,-0.9006966238362386,1061.5943059368133,0.0017953414214035034,0,SBIN,5m,2026-03-13 09:25:00
1053.300048828125,1053.5999755859375,1050.0,1050.300048828125,1199319,-0.002469347065866323,-0.005209319706041549,0.0017697303664309545,0.4,0.55,0,1056.936031776208,1060.395192954949,40.62522351549946,-1.4635854868263323,-1.0132743964342574,1060.5064672277547,0.0017697303664309545,0,SBIN,5m,2026-03-13 09:30:00
1050.199951171875,1050.4000244140625,1047.0999755859375,1047.199951171875,437414,-0.0029516304980742314,-0.009458948601837602,0.0018256224233498509,0.4,0.55,0,1056.0087860043668,1059.8777324928676,38.80609251735384,-2.062976098219224,-1.2232147367912507,1060.050999044266,0.0018256224233498509,0,SBIN,5m,2026-03-13 09:35:00
1047.5999755859375,1047.800048828125,1045.9000244140625,1046.5999755859375,759791,-0.00057293316836593,-0.008525956999008377,0.0018094678513871784,0.35,0.55,0,1055.1127088216592,1059.3570361435761,31.174139089866756,-2.5569357282658984,-1.4899589350861802,1059.2465241035782,0.0018094678513871784,0,SBIN,5m,2026-03-13 09:40:00
1046.5999755859375,1046.9000244140625,1042.800048828125,1046.0,1742985,-0.0005732616089557663,-0.007684257445727538,0.001794815026389205,0.35,0.55,0,1054.244831791025,1058.8332308046124,24.13814875615607,-2.962663568026528,-1.78449986167425,1057.5372374543426,0.001794815026389205,0,SBIN,5m,2026-03-13 09:45:00
1046.199951171875,1046.199951171875,1043.9000244140625,1044.800048828125,719925,-0.0011471808526529736,-0.010887058097515223,0.001703835275970957,0.3,0.5,0,1053.3453286517013,1058.2829099427893,20.339105786936457,-3.3425015579825867,-2.0961002009359175,1056.9342894993,0.001703835275970957,0,SBIN,5m,2026-03-13 09:50:00
1045.300048828125,1046.5,1043.9000244140625,1046.0,753672,0.0011484983880130084,-0.009094331004137035,0.0017449325988387469,0.35,0.5,0,1052.6457735420154,1057.8012271999348,20.675144603942286,-3.506281638305836,-2.3781364884099014,1056.3859926582852,0.0017449325988387469,0,SBIN,5m,2026-03-13 09:55:00
1053.4000244140625,1055.0,1049.5,1050.4000244140625,328755,-0.002279658342278723,-0.0026584949559644855,0.0023580573127885635,0.4,0.4,0,1052.445186234755,1057.3225504738311,37.50014671878118,-2.8530882726174696,-2.580975039421988,1051.6333414713542,0.0023580573127885635,0,SBIN,5m,2026-03-16 03:50:00
1050.5,1056.5999755859375,1048.0,1056.4000244140625,284574,0.005712109539741217,0.0004735296793627608,0.0026360835735471633,0.4,0.45,0,1052.8218374899272,1057.2863729812912,43.31399371906105,-2.1859523861101025,-2.5019705087596114,1052.5767690349144,0.0026360835735471633,0,SBIN,5m,2026-03-16 03:55:00
1056.0999755859375,1060.0,1055.199951171875,1060.0,260729,0.003407776886349634,0.001890359168241984,0.0027097310600660554,0.4,0.45,0,1053.5054720146961,1057.3927897271228,52.259850963975495,-1.3511788968216933,-2.271812186372028,1054.3138173116417,0.0027097310600660554,0,SBIN,5m,2026-03-16 04:00:00
1060.0,1060.0,1057.5999755859375,1058.0,154081,-0.0018867924528301883,-0.0007556184276819033,0.002740213901885738,0.35,0.45,0,1053.9335222990107,1057.4166018946867,48.21911119434932,-0.8413001927146979,-1.9857097876405623,1054.9461695463335,0.002740213901885738,0,SBIN,5m,2026-03-16 04:05:00
1058.5,1064.699951171875,1057.800048828125,1059.5,236448,0.0014177693761814325,-0.00037741711939631717,0.002749317777103737,0.35,0.45,0,1054.4636630324383,1057.4983037811696,52.04359944918609,-0.31257698929493927,-1.6510832279714378,1056.01576784452,0.002749317777103737,0,SBIN,5m,2026-03-16 04:10:00
1059.9000244140625,1063.0,1059.300048828125,1061.0,110964,0.0014157621519583774,0.001699441947796032,0.0027628387181310686,0.3,0.45,0,1055.0861713150632,1057.635625201516,58.028100242077464,0.22488508733658819,-1.2758895649098327,1056.4259078850966,0.0027628387181310686,0,SBIN,5m,2026-03-16 04:15:00
1061.0,1062.5,1058.300048828125,1058.5,127611,-0.0023562676720075837,0.0002835464392081377,0.002808288863625666,0.3,0.45,0,1055.4112978564858,1057.669522252437,57.865139643732746,0.4439806164655238,-0.9319155286347616,1056.7095231214298,0.002808288863625666,0,SBIN,5m,2026-03-16 04:20:00
1058.5,1059.9000244140625,1056.5,1056.5,120280,-0.0018894662257912254,-0.004241281809613584,0.0027677247835764126,0.25,0.5,0,1055.5149837749157,1057.6236586346945,58.85707310267858,0.4510328900969398,-0.6553258448884214,1056.7779683576186,0.0027677247835764126,0,SBIN,5m,2026-03-16 04:25:00
1056.4000244140625,1058.5999755859375,1055.300048828125,1058.0,172406,0.0014197823000472454,-0.0003779520075918308,0.0027378853792203142,0.25,0.55,0,1055.7516519868284,1057.6384171196084,66.16778503866789,0.571076319408121,-0.41004541202911293,1056.8280855113978,0.0027378853792203142,0,SBIN,5m,2026-03-16 04:30:00
1057.699951171875,1059.0,1054.9000244140625,1055.199951171875,115768,-0.002646548986885655,-0.0038705725169991823,0.0027908370764773483,0.3,0.6,0,1055.699109052071,1057.5427910040112,62.07862567935947,0.43525372851195243,-0.2409855839208999,1056.800141364174,0.0027908370764773483,0,SBIN,5m,2026-03-16 04:35:00
1055.199951171875,1056.300048828125,1054.0,1054.9000244140625,101137,-0.00028423689508272343,-0.002930033635101581,0.0027803398708347174,0.3,0.6,0,1055.623005753213,1057.439153098523,62.60629303160348,0.29995407999558665,-0.1327976511376026,1056.7130387930604,0.0027803398708347174,-1,SBIN,5m,2026-03-16 04:40:00
1055.0,1055.0,1050.0,1050.199951171875,142689,-0.004455467943322966,-0.004832841296571022,0.002897263437103617,0.3,0.6,0,1055.1065243645141,1057.1552628268898,56.958628283781664,-0.18440281585412777,-0.14311868408090767,1056.383384126057,0.002897263437103617,0,SBIN,5m,2026-03-16 04:45:00
1050.199951171875,1050.199951171875,1046.300048828125,1046.699951171875,161228,-0.0033326986885635623,-0.005888567858698512,0.0029456740086277757,0.3,0.6,0,1054.3058983461676,1056.7452506051245,50.85152008363727,-0.8409855369231991,-0.282692054649366,1055.7813851303595,0.0029456740086277757,0,SBIN,5m,2026-03-16 04:50:00
1046.699951171875,1047.9000244140625,1043.0,1043.300048828125,141956,-0.003248211046483318,-0.006664762138981373,0.0029809241280501493,0.3,0.6,-1,1053.257722201592,1056.2179877903402,37.40051418543055,-1.617035598949542,-0.5495607635094012,1055.1434947903174,0.0029809241280501493,0,SBIN,5m,2026-03-16 04:55:00
1043.300048828125,1047.300048828125,1043.199951171875,1044.5,167497,0.0011501496364567654,-0.0025782575417938602,0.002931764413864326,0.3,0.55,0,1052.423653420488,1055.7584588573857,41.91774774503607,-2.1109016725934,-0.8618289453262009,1054.496531587568,0.002931764413864326,0,SBIN,5m,2026-03-16 05:00:00
1044.9000244140625,1046.0,1043.5,1043.5,136965,-0.0009573958831976537,-0.0029619488422040208,0.0029361132747419685,0.3,0.5,0,1051.5737816661558,1055.2777349806256,29.523691420555167,-2.553550001828853,-1.2001731566267315,1053.992746529368,0.0029361132747419685,-1,SBIN,5m,2026-03-16 05:05:00
1043.4000244140625,1043.800048828125,1041.0999755859375,1042.199951171875,137151,-0.0012458541716579008,-0.00363293387010033,0.0029451241464212206,0.3,0.5,0,1050.6810359047956,1054.7648807136159,19.52041336755768,-2.974961562284534,-1.5551308377582922,1053.4429540483393,0.0029451241464212206,-1,SBIN,5m,2026-03-16 05:10:00
1042.199951171875,1043.4000244140625,1040.5,1041.0,108580,-0.001151363680765627,-0.00363710628879399,0.002945196752062275,0.3,0.55,0,1049.7590324852913,1054.2250814699446,20.07031961900178,-3.366947219517442,-1.9174941141101223,1053.016777620442,0.002945196752062275,-1,SBIN,5m,2026-03-16 05:15:00
1040.9000244140625,1041.4000244140625,1036.5999755859375,1037.0,125208,-0.003842459173871271,-0.008604206500956058,0.0030368969616212577,0.25,0.6,-1,1048.5438865343112,1053.5495880789665,13.592117946367907,-3.9547770396341093,-2.32495069921492,1052.4301570545374,0.0030368969616212577,-1,SBIN,5m,2026-03-16 05:20:00
1036.9000244140625,1040.5,1036.199951171875,1040.300048828125,158460,0.003182303595106184,-0.011873099753285321,0.0027116442627818176,0.2,0.65,-1,1047.7587591337222,1053.0299983044238,18.348651251689205,-4.107007025919302,-2.6813619645557965,1051.7837937775184,0.0027116442627818176,-1,SBIN,5m,2026-03-16 05:25:00
1040.300048828125,1040.9000244140625,1039.300048828125,1040.5,149274,0.00019220528932994974,-0.009425003983206226,0.002686968206035972,0.25,0.65,-1,1047.0674487400345,1052.5386258218973,20.394641738543825,-4.163521513988144,-2.9777938744422663,1051.2828351729088,0.002686968206035972,0,SBIN,5m,2026-03-16 05:30:00
1040.4000244140625,1043.800048828125,1039.5999755859375,1043.0999755859375,203844,0.002498775190713509,-0.012589973987838454,0.0023759251795913952,0.25,0.6,-1,1046.68959415393,1052.168482675389,28.386972289929943,-3.9529462483378666,-3.172824349221387,1050.7731046198219,0.0023759251795913952,0,SBIN,5m,2026-03-16 05:35:00
1043.5,1044.9000244140625,1042.0999755859375,1043.5,153006,0.0003834957563275676,-0.015566037735849081,0.0021947054128335476,0.25,0.6,-1,1046.3858232821271,1051.828542178315,25.75242916632645,-3.711007027138521,-3.280460884804814,1050.4801478928864,0.0021947054128335476,-1,SBIN,5m,2026-03-16 05:40:00
1043.5999755859375,1053.300048828125,1043.199951171875,1053.0,248147,0.009103977000479047,-0.00472589792060496,0.003094870153335395,0.3,0.6,0,1047.0157448743055,1051.8744817007341,46.99459019564681,-2.721328070049367,-3.168634321853725,1050.4404852561513,0.003094870153335395,0,SBIN,5m,2026-03-16 05:45:00
1053.0999755859375,1054.5,1051.300048828125,1053.4000244140625,175065,0.0003798902317782016,-0.00575740970829397,0.0030743798542100446,0.3,0.6,0,1047.6237714971394,1051.9343069051783,47.95640055081392,-1.883015508586368,-2.9115105592002535,1050.5493853030455,0.0030743798542100446,0,SBIN,5m,2026-03-16 05:50:00
1053.199951171875,1053.5999755859375,1050.300048828125,1052.0999755859375,81503,-0.0012341454319294565,-0.008388335922773327,0.0030542975850375497,0.3,0.65,-1,1048.0500766484536,1051.9408037161886,52.852895785449036,-1.3084666503266362,-2.5909017774255303,1050.5768592730972,0.0030542975850375497,-1,SBIN,5m,2026-03-16 05:55:00
1052.4000244140625,1055.5,1052.0,1053.800048828125,166649,0.0016158856398040822,-0.00444019950106278,0.00305068015335287,0.35,0.6,0,1048.5976930465174,1052.0137152892057,61.269996279761905,-0.7077918543041051,-2.2142797928012454,1050.6957818453077,0.00305068015335287,0,SBIN,5m,2026-03-16 06:00:00
1054.0,1054.699951171875,1050.5,1050.9000244140625,112592,-0.002751968380801939,-0.00530049747840744,0.0030814916086518047,0.35,0.6,0,1048.8169627005693,1051.9700411372394,62.257976869735735,-0.46045267273780155,-1.8635143687885567,1050.7286447976364,0.0030814916086518047,0,SBIN,5m,2026-03-16 06:05:00
1050.800048828125,1052.0999755859375,1049.800048828125,1050.199951171875,124032,-0.0006661654067215972,-0.007372446907490504,0.003056804149846105,0.35,0.6,-1,1048.9486758883127,1051.90062584448,59.34410745303332,-0.3172673882922936,-1.5542649726893043,1050.7278897129318,0.003056804149846105,0,SBIN,5m,2026-03-16 06:10:00
1050.300048828125,1050.699951171875,1048.5,1049.699951171875,90593,-0.00047609981265195334,-0.005212282273034496,0.0030097250249134146,0.3,0.6,0,1049.0202259153186,1051.8143248769268,60.333167861589665,-0.24135564249263552,-1.2916831066499705,1050.7072188506675,0.0030097250249134146,0,SBIN,5m,2026-03-16 06:15:00
1050.0,1050.0,1047.699951171875,1048.9000244140625,86088,-0.0007620527722417281,-0.0056877427823860405,0.003011848534188516,0.3,0.6,0,1049.0087781532943,1051.7000385842655,61.35600935178863,-0.24294195746097103,-1.0819348768121708,1050.6747713651655,0.003011848534188516,0,SBIN,5m,2026-03-16 06:20:00
1048.800048828125,1050.800048828125,1047.5999755859375,1049.0999755859375,130837,0.00019062939004754753,-0.0010473963407731102,0.0028476124813249046,0.35,0.6,0,1049.0174636230697,1051.598075329429,64.21042261846122,-0.225465706674413,-0.9106410427846193,1050.6354192929189,0.0028476124813249046,0,SBIN,5m,2026-03-16 06:25:00
1049.0999755859375,1052.300048828125,1049.0999755859375,1049.4000244140625,105236,0.0002860059432918671,0.0025796057782982995,0.002740923980906258,0.4,0.55,0,1049.0538979841167,1051.5118772543167,74.99987694609747,-0.18526855858203817,-0.7655665459441031,1050.627839362691,0.002740923980906258,0,SBIN,5m,2026-03-16 06:30:00
1049.4000244140625,1050.0,1047.5999755859375,1047.699951171875,71014,-0.0016200430747433936,0.004217293336362893,0.0026581618605788335,0.4,0.55,0,1048.9249506686651,1051.3623899569661,65.9479311360862,-0.2872821221758386,-0.6699096611904503,1050.5978140513964,0.0026581618605788335,0,SBIN,5m,2026-03-16 06:35:00
1047.5,1048.800048828125,1046.0,1046.699951171875,83934,-0.0009544717443973338,0.0021062241951890215,0.0026607997739338547,0.4,0.6,0,1048.7130459546852,1051.179549220296,62.916433548649614,-0.4437054882716893,-0.6246688266066981,1050.5432115695528,0.0026607997739338547,0,SBIN,5m,2026-03-16 06:40:00
1046.699951171875,1047.699951171875,1046.0,1046.699951171875,100297,0.0,0.0030665559864637704,0.00264919999063666,0.4,0.6,0,1048.5213226420367,1051.0038787085932,58.411052358380246,-0.5612029347764746,-0.6119756482406534,1050.4733577580364,0.00264919999063666,0,SBIN,5m,2026-03-16 06:45:00
1047.0,1047.5,1045.5,1047.300048828125,83256,0.0005733234778295682,0.0048935884620944226,0.0026296776892968457,0.4,0.6,0,1048.4050108502356,1050.8586304779867,58.79627013280587,-0.5989928255878567,-0.6093790837100941,1050.4168148533663,0.0026296776892968457,0,SBIN,5m,2026-03-16 06:50:00
1047.5,1047.9000244140625,1045.800048828125,1047.300048828125,81840,0.0,0.006051920103866459,0.0026099738580554715,0.45,0.55,0,1048.2997763719393,1050.7190782564235,26.44714807416824,-0.621774160832274,-0.61185809913453,1050.366337553082,0.0026099738580554715,0,SBIN,5m,2026-03-16 06:55:00
1047.199951171875,1047.300048828125,1044.300048828125,1044.699951171875,96397,-0.0024826673684961165,0.007425218102097286,0.0025121248256058876,0.45,0.55,0,1047.956935876695,1050.4830340570295,19.58104635976406,-0.8399522375382276,-0.6574769268152696,1050.2819660908735,0.0025121248256058876,0,SBIN,5m,2026-03-16 07:00:00
1044.699951171875,1044.800048828125,1042.0,1043.800048828125,241985,-0.000861397899694083,0.003364413953399925,0.002435679664672882,0.45,0.55,0,1047.5610418720694,1050.2209562049156,20.14472517146595,-1.0731044534045395,-0.7406024321331236,1050.0041438883848,0.002435679664672882,0,SBIN,5m,2026-03-16 07:05:00
1043.5999755859375,1046.300048828125,1043.0999755859375,1046.199951171875,156024,0.002299197385978724,0.00547808858421428,0.002481786211803348,0.45,0.55,0,1047.4314141863367,1050.0632697330318,23.972442393230992,-1.0520992566084715,-0.8029017970281932,1049.879922709457,0.002481786211803348,0,SBIN,5m,2026-03-16 07:10:00
1046.0999755859375,1046.199951171875,1042.4000244140625,1042.699951171875,325629,-0.003345440798462662,-0.0003834957563274566,0.002549443914615062,0.4,0.6,0,1046.98079866115,1049.7745121423982,23.026204836209743,-1.3028547376759434,-0.9028923851577433,1049.5669122962956,0.002549443914615062,0,SBIN,5m,2026-03-16 07:15:00
1042.699951171875,1047.4000244140625,1041.5999755859375,1047.0,145811,0.0041239561038555195,0.0033540967896501517,0.002712296314925182,0.4,0.65,0,1046.9826273600881,1049.665707744657,41.48951366794365,-1.1414443990870495,-0.9506027879436045,1049.4720235734274,0.002712296314925182,0,SBIN,5m,2026-03-16 07:20:00
1047.0,1047.4000244140625,1046.300048828125,1046.9000244140625,73892,-9.548766565181666e-05,-0.005792949274394554,0.0017139435037384992,0.35,0.65,0,1046.9747604128477,1049.5572495748297,42.39151347083916,-1.0099506546366683,-0.9624723612822174,1049.4427638094817,0.0017139435037384992,0,SBIN,5m,2026-03-16 07:25:00
1046.9000244140625,1048.800048828125,1045.0,1045.199951171875,115920,-0.001623911741848505,-0.007784386797170084,0.0017312612926987693,0.35,0.7,0,1046.8057309613264,1049.386375127655,40.41440290436224,-1.031037459305935,-0.9761853808869609,1049.3889286741826,0.0017312612926987693,0,SBIN,5m,2026-03-16 07:30:00
1044.4000244140625,1045.9000244140625,1042.0999755859375,1045.0,110564,-0.00019130423001911812,-0.006748384897531601,0.0017201436712877534,0.35,0.7,0,1046.6337565840572,1049.2143604167666,39.37839564345665,-1.0517592663125015,-0.991300157972069,1049.3067991205317,0.0017201436712877534,0,SBIN,5m,2026-03-16 07:35:00
1044.4000244140625,1046.5999755859375,1044.0,1044.699951171875,58406,-0.0002871280651913777,-0.008635506960138928,0.0016579356140938271,0.35,0.7,0,1046.4495846400398,1049.0373247601042,37.823752269032994,-1.0799439587599409,-1.0090289181296435,1049.2710048009526,0.0016579356140938271,0,SBIN,5m,2026-03-16 07:40:00
1044.699951171875,1046.5999755859375,1044.699951171875,1046.5999755859375,105205,0.00181872738859723,-0.004091777265418317,0.001636226636944636,0.35,0.65,0,1046.463907587268,1048.9417424395485,47.17956743560049,-0.9381500299687104,-0.994853140497457,1049.221125330214,0.001636226636944636,0,SBIN,5m,2026-03-16 07:45:00
1046.699951171875,1048.5999755859375,1045.5999755859375,1046.9000244140625,132977,0.0002866891220372203,-0.0031421890223192195,0.0016359249230215522,0.4,0.6,0,1046.5054425231533,1048.861675066,50.53210484965359,-0.7924312330314933,-0.9543687590042642,1049.1801641285674,0.0016359249230215522,0,SBIN,5m,2026-03-16 07:50:00
1046.9000244140625,1047.5,1044.5,1044.699951171875,68877,-0.002101512265623273,-0.0047632659165297575,0.0016920708669266528,0.4,0.6,0,1046.3334909658886,1048.698470207407,45.23815059813758,-0.8447379472520424,-0.9324425966538199,1049.1454584023302,0.0016920708669266528,0,SBIN,5m,2026-03-16 07:55:00
1044.699951171875,1045.9000244140625,1043.9000244140625,1044.199951171875,83651,-0.0004786063208284119,-0.004480954459709419,0.0016886282804695583,0.4,0.6,0,1046.130296699792,1048.5220576962097,42.58355041059726,-0.9159783877696555,-0.929149754876987,1049.0938176366549,0.0016886282804695583,0,SBIN,5m,2026-03-16 08:00:00
1044.199951171875,1046.5999755859375,1044.0999755859375,1046.5999755859375,116840,0.0022984337543485722,-0.0023829950035064718,0.0017791625239897428,0.4,0.55,0,1046.175028022282,1048.4466819271795,48.49770792403405,-0.769900108560023,-0.8972998256135943,1049.0410837894215,0.0017791625239897428,0,SBIN,5m,2026-03-16 08:05:00
1046.5999755859375,1048.800048828125,1045.5,1045.5,106410,-0.0010509990556054616,-0.0037164325551070077,0.001788286992267138,0.4,0.55,0,1046.1107396392076,1048.3311257731725,51.834970266426254,-0.7344248640852129,-0.8647248333079182,1049.0063493418438,0.001788286992267138,0,SBIN,5m,2026-03-16 08:10:00
1045.5,1046.199951171875,1044.5999755859375,1044.800048828125,53630,-0.0006694894039932509,-0.002767874848620955,0.0017605462876342977,0.4,0.55,0,1045.985911942914,1048.1926521674843,52.31480434930035,-0.7540979157251968,-0.842599449791374,1048.97924666836,0.0017605462876342977,0,SBIN,5m,2026-03-16 08:15:00
1044.800048828125,1046.699951171875,1043.5999755859375,1045.5,74854,0.0006699379203323197,-0.0011464137077025205,0.0017583220798895927,0.45,0.55,0,1045.9396346150174,1048.0870579648379,48.24134165940793,-0.7050810061114134,-0.815095761055382,1048.9427129704736,0.0017583220798895927,0,SBIN,5m,2026-03-16 08:20:00
1045.0999755859375,1046.300048828125,1044.0999755859375,1046.199951171875,96446,0.0006694894039933619,-0.00047769181553913853,0.0017657988638511216,0.45,0.55,0,1045.9644266680516,1048.0130537768787,60.23385968418949,-0.6028057725482086,-0.7726377633539474,1048.9000266451637,0.0017657988638511216,0,SBIN,5m,2026-03-16 08:25:00
1046.199951171875,1046.800048828125,1044.4000244140625,1044.800048828125,52554,-0.0013380829756127754,-0.002387090502666722,0.0017834958583255868,0.5,0.5,0,1045.8535335404395,1047.8870535828098,42.2536664202328,-0.6274791437872409,-0.7436060394406061,1048.8758585795101,0.0017834958583255868,0,SBIN,5m,2026-03-16 08:30:00
1044.9000244140625,1045.5999755859375,1044.0,1044.4000244140625,72347,-0.00038287174135487323,-0.002769048294524068,0.001784217519755401,0.45,0.55,0,1045.7151040998322,1047.7503073408982,41.379310344827594,-0.6715701526456996,-0.7291988620816249,1048.8369574538724,0.001784217519755401,0,SBIN,5m,2026-03-16 08:35:00
1044.4000244140625,1048.0999755859375,1044.199951171875,1046.199951171875,152789,0.001723407426021728,0.0014358189624852358,0.001740548255676785,0.5,0.5,0,1045.7612800114553,1047.68950905976,53.42469189478436,-0.5548772683343941,-0.6943345433321788,1048.7858357540838,0.001740548255676785,1,SBIN,5m,2026-03-16 08:40:00
1046.0999755859375,1050.800048828125,1045.0,1050.699951171875,170568,0.004301281026594772,0.006610367906666248,0.0019632330056949367,0.55,0.45,0,1046.231629645781,1047.8075656131762,65.07931381920582,-0.0981534727250164,-0.5750983292107464,1048.7868296321324,0.0019632330056949367,1,SBIN,5m,2026-03-16 08:45:00
1050.800048828125,1059.0,1050.0,1058.9000244140625,489532,0.007804390999582411,0.012139240905107984,0.002551473742793872,0.55,0.45,0,1047.4381434332363,1048.2425639975247,76.4927463617937,0.9149340157784991,-0.27709186021289733,1049.1935838450133,0.002551473742793872,1,SBIN,5m,2026-03-16 08:50:00
1058.300048828125,1059.699951171875,1054.9000244140625,1057.5999755859375,455520,-0.0012277351951562876,0.014289848577547781,0.0024193559667720294,0.6,0.4,1,1048.4059369715887,1048.6095213147173,70.99240553510693,1.5945293322681664,0.09723237828331541,1049.6045298387521,0.0024193559667720294,1,SBIN,5m,2026-03-16 08:55:00
1058.199951171875,1061.300048828125,1056.5999755859375,1060.800048828125,487370,0.003025787931220991,0.013180562395534778,0.002349302949983969,0.6,0.35,1,1049.5863285769733,1049.087581217204,73.88322349792564,2.3640810288118246,0.5506021083890172,1050.1111359779386,0.002349302949983969,1,SBIN,5m,2026-03-16 09:00:00
1061.0,1067.5999755859375,1059.9000244140625,1067.199951171875,564081,0.006033090167011146,0.019390511304242297,0.002628954622309963,0.65,0.35,1,1051.2638164431544,1049.7978702350342,83.7839819349541,3.4505985731400415,1.1306014013392223,1050.9331827083963,0.002628954622309963,1,SBIN,5m,2026-03-16 09:05:00
1067.300048828125,1069.9000244140625,1064.0,1068.199951171875,631397,0.0009370315271304275,0.022005358854267465,0.0025576743985195865,0.65,0.3,1,1052.8767816554134,1050.5195204678516,85.50316373407298,4.3423077765523885,1.7729426763818557,1051.8957665451585,0.0025576743985195865,1,SBIN,5m,2026-03-16 09:10:00
1068.5999755859375,1070.0,1065.5,1069.5,485136,0.001217046327982585,0.023444976076554935,0.0025398071500970267,0.7,0.25,1,1054.4599453072788,1051.263852998524,85.01551085012898,5.0951629532466995,2.437386731754825,1052.6036942076187,0.0025398071500970267,1,SBIN,5m,2026-03-16 09:15:00
1069.800048828125,1073.0,1067.300048828125,1069.300048828125,568658,-0.00018695761746145845,0.023547524462555147,0.002536895228436766,0.7,0.25,1,1055.8732884997403,1051.9711547957634,87.42169026195376,5.610991696737756,3.072107724751411,1053.4332902398903,0.002536895228436766,1,SBIN,5m,2026-03-16 09:20:00
1069.800048828125,1070.300048828125,1067.300048828125,1069.0,463010,-0.0002806030248047042,0.021402660936927553,0.0025519162952561086,0.7,0.25,1,1057.123451499765,1052.63895264691,88.53507394218359,5.927252581312359,3.6431366960636007,1054.0144322025287,0.0025519162952561086,1,SBIN,5m,2026-03-16 09:25:00
1069.199951171875,1069.5999755859375,1066.0999755859375,1066.800048828125,504090,-0.0020579524526426196,0.019008524166574947,0.0026417066731679777,0.65,0.3,1,1058.0450321977041,1053.1942897520557,82.37099096157556,5.9319936072961355,4.100908078310107,1054.545510301467,0.0026417066731679777,1,SBIN,5m,2026-03-16 09:30:00
1066.5999755859375,1070.0999755859375,1066.5999755859375,1069.5999755859375,376080,0.002624603139911974,0.023834618146704623,0.0025650924500603624,0.7,0.25,1,1059.1455029965834,1053.8376499808355,83.42872289593645,6.091463000273507,4.4990190627027875,1054.951410701774,0.0025650924500603624,1,SBIN,5m,2026-03-16 09:35:00
1070.0999755859375,1072.5999755859375,1068.5999755859375,1068.9000244140625,390100,-0.0006544046258897263,0.023654543571341335,0.0025713743503648153,0.75,0.2,1,1060.0745050363435,1054.4283313311582,85.13123476342153,6.09114846538796,4.817444943239822,1055.3850877098337,0.0025713743503648153,1,SBIN,5m,2026-03-16 09:40:00
1068.9000244140625,1068.9000244140625,1064.0999755859375,1064.5,328096,-0.004116404072938895,0.01710302391708085,0.0028123608127291096,0.7,0.25,1,1060.4959807471678,1054.8232987299364,76.24022718507871,5.670488139038071,4.9880535823994725,1055.6318053122936,0.0028123608127291096,1,SBIN,5m,2026-03-16 09:45:00
1064.5999755859375,1065.800048828125,1062.800048828125,1063.0,380447,-0.0014091122592766459,0.016738402678144526,0.0028262205069781686,0.65,0.3,1,1060.734458771247,1055.1439536817036,72.10532740542763,5.156631893162512,5.021769244552081,1055.851275962742,0.0028262205069781686,1,SBIN,5m,2026-03-16 09:50:00
1063.0,1066.699951171875,1061.300048828125,1066.699951171875,371468,0.0034806690234008286,0.0209608550155731,0.0028621402801646306,0.7,0.3,1,1061.3026009046403,1055.5971300538672,71.5054045717361,4.99042573254701,5.0155005421510666,1056.0807721360238,0.0028621402801646306,1,SBIN,5m,2026-03-16 09:55:00
1063.4000244140625,1064.199951171875,1059.5999755859375,1060.300048828125,188860,-0.0038519123373700337,0.013477440560436094,0.0031358833803990824,0.7,0.3,1,1061.4740179253758,1056.1132320770405,53.95908285453472,3.9498304029880273,4.7390650421866445,1061.3666585286458,0.0031358833803990824,1,SBIN,5m,2026-03-17 03:50:00
1059.699951171875,1060.800048828125,1056.699951171875,1057.5,146651,-0.002640807978099846,0.012155389144669071,0.0031928935745187507,0.65,0.35,1,1061.095540027721,1056.167615132843,45.103742556181814,3.156495440473236,4.422551121843963,1060.0407998437806,0.0031928935745187507,1,SBIN,5m,2026-03-17 03:55:00
1057.699951171875,1058.800048828125,1054.800048828125,1058.199951171875,141981,0.0006618923611110272,0.013213257789374877,0.0031843447274914143,0.65,0.35,1,1060.8197696604975,1056.2473145853542,33.92843129561328,2.5548018118665823,4.049001259848486,1059.2159234233775,0.0031843447274914143,0,SBIN,5m,2026-03-17 04:00:00
1058.4000244140625,1060.5,1057.9000244140625,1060.300048828125,105870,0.0019845943613248096,0.013477440560436094,0.00318946100983599,0.65,0.35,1,1060.7702724383666,1056.4062453399727,36.42621630464877,2.2218040319824013,3.6835618142752695,1059.2795816182613,0.00318946100983599,0,SBIN,5m,2026-03-17 04:05:00
1060.199951171875,1061.0,1057.4000244140625,1059.0999755859375,120980,-0.0011318241883643276,0.007994693827380273,0.0030942478516157433,0.65,0.4,1,1060.6111965476591,1056.5118818202066,32.068847946053125,1.8398562930158278,3.3148207100233815,1059.260186990589,0.0030942478516157433,0,SBIN,5m,2026-03-17 04:10:00
1059.0999755859375,1060.9000244140625,1057.5999755859375,1060.5999755859375,83889,0.0014162968884690041,0.0016053934580042561,0.002576368350544122,0.6,0.4,0,1060.6101278846381,1056.6721992227842,35.643408791500974,1.6393005853581144,2.9797166850903283,1059.3069940698033,0.002576368350544122,0,SBIN,5m,2026-03-17 04:15:00
1060.0,1060.4000244140625,1058.199951171875,1059.699951171875,73960,-0.0008485993162175021,0.0019856047980466585,0.0025675935348233084,0.55,0.4,0,1060.5234443881845,1056.790934593337,34.951329741004685,1.391691737662768,2.6621116956048163,1059.317829541603,0.0025675935348233084,0,SBIN,5m,2026-03-17 04:20:00
1059.699951171875,1059.699951171875,1058.0,1059.0,41753,-0.0006605182637792195,-0.0016968785306086254,0.002477413548126028,0.5,0.45,0,1060.3783544464527,1056.8775646092845,36.73456677351315,1.1259999060976043,2.3548893377033737,1059.2985293234215,0.002477413548126028,0,SBIN,5m,2026-03-17 04:25:00
1059.199951171875,1062.0,1059.199951171875,1060.699951171875,90189,0.0016052418997876128,-0.0060907049263472235,0.0020658393396514652,0.5,0.45,0,1060.4089827060168,1057.0274621215428,34.27553454426247,1.0406135229284246,2.092034174748384,1059.4196214740793,0.0020658393396514652,0,SBIN,5m,2026-03-17 04:30:00
1060.5,1062.4000244140625,1056.0,1056.9000244140625,382164,-0.0035824709462976,-0.010578475261505016,0.002167688155601017,0.5,0.5,0,1060.0747962020212,1057.0224645643868,30.89166031691728,0.6587284554584585,1.805373030890399,1059.145757910544,0.002167688155601017,0,SBIN,5m,2026-03-17 04:35:00
1056.699951171875,1057.5,1055.5999755859375,1056.699951171875,132965,-0.00018930195625499469,-0.011968255098761094,0.002130546769560306,0.45,0.55,0,1059.7533823896263,1057.0098169803668,35.66164920878549,0.3360636174033971,1.5115111481929988,1058.9214761444946,0.002130546769560306,0,SBIN,5m,2026-03-17 04:40:00
1056.9000244140625,1058.300048828125,1056.9000244140625,1057.699951171875,82176,0.0009463424304041457,-0.010848309292572189,0.0021570081378649015,0.45,0.55,0,1059.5578175117453,1057.0368810663083,40.07479677770361,0.15920582556645968,1.241050083667691,1058.854961611789,0.0021570081378649015,0,SBIN,5m,2026-03-17 04:45:00
1057.300048828125,1060.4000244140625,1056.0999755859375,1058.4000244140625,105390,0.0006618826458408833,-0.009915786329221188,0.002173276817764806,0.5,0.6,0,1059.4475515024421,1057.090337668181,32.48966010991445,0.07467401566282206,1.0077748700667173,1058.8204934473076,0.002173276817764806,0,SBIN,5m,2026-03-17 04:50:00
1058.300048828125,1058.800048828125,1052.5,1052.9000244140625,209668,-0.005196522933797909,-0.013029643586285555,0.0023941030487518353,0.5,0.6,0,1058.823977494025,1056.9260116582157,28.624651715781923,-0.4311520350099727,0.7199894890513793,1058.3710083353908,0.0023941030487518353,0,SBIN,5m,2026-03-17 04:55:00
1052.800048828125,1053.9000244140625,1051.5,1052.5,140190,-0.0003799263033402722,-0.0159872625058447,0.0022686008479470576,0.45,0.65,0,1058.2216939231655,1056.7524425735799,33.18969145935934,-0.8544518623282329,0.40510121877545685,1057.9780005571242,0.0022686008479470576,0,SBIN,5m,2026-03-17 05:00:00
1052.4000244140625,1054.199951171875,1050.5,1054.0,132014,0.0014251781472685021,-0.013939586559772232,0.0023227832472991214,0.45,0.7,0,1057.819627835245,1056.6445036491257,42.009185868923,-1.056701563363049,0.11274066234775568,1057.670308211132,0.0023227832472991214,0,SBIN,5m,2026-03-17 05:05:00
1053.9000244140625,1053.9000244140625,1052.0,1052.5999755859375,155566,-0.001328296408028895,-0.01117898019169794,0.0021865642293533907,0.45,0.65,0,1057.3225180972158,1056.4858947054713,37.610793935432994,-1.3147999825221177,-0.172767466626219,1057.3479504190723,0.0021865642293533907,0,SBIN,5m,2026-03-17 05:10:00
1052.5,1055.4000244140625,1051.800048828125,1055.300048828125,141383,0.0025651465939702245,-0.007243604112770474,0.002283733707451166,0.5,0.65,0,1057.12990197635,1056.4393909455755,39.224228648398366,-1.2866399100360013,-0.3955419553081755,1057.1662713167934,0.002283733707451166,0,SBIN,5m,2026-03-17 05:15:00
1055.199951171875,1056.699951171875,1054.5,1054.5,168832,-0.0007581245059292696,-0.011437097337889779,0.002097550881212247,0.5,0.6,0,1056.8794351214597,1056.36333639869,39.91240985335611,-1.313736171043729,-0.5791807984552861,1057.0428654259817,0.002097550881212247,0,SBIN,5m,2026-03-17 05:20:00
1054.4000244140625,1055.5,1053.4000244140625,1054.300048828125,95720,-0.00018961704302988824,-0.009488890787556437,0.002065272087803875,0.45,0.65,0,1056.6337792839993,1056.2824231606287,35.34909072327669,-1.3359446038227816,-0.7305335595287852,1056.9505463801668,0.002065272087803875,0,SBIN,5m,2026-03-17 05:25:00
1054.300048828125,1054.5,1052.800048828125,1053.800048828125,128360,-0.00047424829445441574,-0.006130340187368688,0.0019065639705948783,0.45,0.65,0,1056.3639001929637,1056.1850751475893,36.01925346539235,-1.3780059730506764,-0.8600280422331634,1056.8050950702686,0.0019065639705948783,0,SBIN,5m,2026-03-17 05:30:00
1053.699951171875,1054.5,1051.4000244140625,1051.5999755859375,124150,-0.002087752078427152,-0.005579219304078009,0.0018746565518776783,0.45,0.65,0,1055.9101930875327,1056.0052673216421,33.62842374190481,-1.5707606836681407,-1.002174570520159,1056.6265019642274,0.0018746565518776783,0,SBIN,5m,2026-03-17 05:35:00
1051.699951171875,1052.9000244140625,1049.5999755859375,1050.0999755859375,202970,-0.0014263979030278984,-0.007654484936393535,0.0018777036357062878,0.45,0.65,0,1055.3568390397618,1055.7736872535752,26.33962387535898,-1.8235370445943317,-1.1664470653349936,1056.2606721388725,0.0018777036357062878,0,SBIN,5m,2026-03-17 05:40:00
1050.300048828125,1050.9000244140625,1049.300048828125,1049.5999755859375,91357,-0.00047614514010541065,-0.010091552154518513,0.0017931563781691,0.4,0.7,0,1054.8085663298737,1055.5315809136678,30.8902665047613,-2.040686192960038,-1.3412948908600026,1056.0848161845672,0.0017931563781691,0,SBIN,5m,2026-03-17 05:45:00
1049.699951171875,1050.5,1047.5,1048.0,141872,-0.0015243670190105973,-0.010480573922963754,0.001802496852053154,0.35,0.7,0,1054.1601314413142,1055.2362247994063,28.78085960294871,-2.31519498907096,-1.5360749105021942,1055.777888412067,0.001802496852053154,0,SBIN,5m,2026-03-17 05:50:00
1047.9000244140625,1049.5,1047.0999755859375,1049.300048828125,151831,0.0012405046069894343,-0.010654277784203914,0.001792934851133339,0.35,0.75,0,1053.6972664305342,1055.0034335848463,29.808211460362912,-2.400174395870863,-1.708894807575928,1055.474944494438,0.001792934851133339,0,SBIN,5m,2026-03-17 05:55:00
1049.5,1050.800048828125,1049.4000244140625,1049.9000244140625,78758,0.0005717864843401976,-0.009247831659306205,0.00180788220407143,0.4,0.75,0,1053.3356243337275,1054.8032998918743,29.46879275369156,-2.3915399881220765,-1.8454238436851578,1055.3578334231986,0.00180788220407143,0,SBIN,5m,2026-03-17 06:00:00
1049.699951171875,1054.199951171875,1049.5,1053.9000244140625,289123,0.003809886567277987,-0.004815840968779517,0.002043198900280043,0.45,0.7,0,1053.3893767223308,1054.767877324117,52.604140175982906,-2.03843280269939,-1.8840256354880043,1055.1510194277412,0.002043198900280043,0,SBIN,5m,2026-03-17 06:05:00
1053.300048828125,1054.0,1052.4000244140625,1053.0,119720,-0.0008539941106490145,-0.007259311328682516,0.001999886835289004,0.4,0.7,0,1053.352293224966,1054.6985488016028,51.269022951469786,-1.8103486898551182,-1.8692902463614272,1055.091644772184,0.001999886835289004,0,SBIN,5m,2026-03-17 06:10:00
1053.0,1054.0,1052.300048828125,1052.300048828125,69641,-0.0006647209609449423,-0.004352328015592266,0.0018536993105516973,0.35,0.7,0,1053.252079472886,1054.6044899791136,45.50280953303623,-1.6668561172652971,-1.8288034205422012,1055.054199612722,0.0018536993105516973,0,SBIN,5m,2026-03-17 06:15:00
1052.300048828125,1054.0,1052.0,1053.300048828125,73579,0.0009502993001981874,-0.0032174718471212893,0.001872001718650841,0.35,0.7,0,1053.2566479829088,1054.553335424173,51.8920773590757,-1.455665570452311,-1.7541758505242233,1055.0200586323137,0.001872001718650841,0,SBIN,5m,2026-03-17 06:20:00
1053.199951171875,1053.5999755859375,1051.5,1053.4000244140625,88802,9.491653024107372e-05,-0.0040653559197467715,0.0018551363983271441,0.3,0.75,0,1053.2703028811138,1054.5081075414237,44.02508963325221,-1.2656388494790463,-1.6564684503151879,1054.9749030175797,0.0018551363983271441,0,SBIN,5m,2026-03-17 06:25:00
1053.4000244140625,1054.0,1052.0,1053.0,150996,-0.0003797459699936834,-0.00510206376558997,0.0018441955549613764,0.3,0.7,0,1053.2445597495791,1054.448966069211,45.16129032258065,-1.1342450601007386,-1.5520237722722983,1054.9079117034548,0.0018441955549613764,0,SBIN,5m,2026-03-17 06:30:00
1053.0,1053.0,1052.0,1052.9000244140625,208449,-9.494357638883955e-05,0.0,0.0014311688269660224,0.3,0.65,0,1053.2117468604822,1054.3882232592052,45.454473394262706,-1.0263505988098132,-1.4468891375798014,1054.806162492208,0.0014311688269660224,0,SBIN,5m,2026-03-17 06:35:00
1052.699951171875,1054.5,1052.5999755859375,1053.800048828125,155572,0.0008548051982080196,0.0012352007868170478,0.0014404743309951488,0.35,0.6,0,1053.2677756193052,1054.3651575952413,50.0,-0.8583247787412347,-1.3291762658120883,1054.7682718015533,0.0014404743309951488,0,SBIN,5m,2026-03-17 06:40:00
1053.800048828125,1054.0,1050.699951171875,1051.0,92935,-0.0026570968859214172,-0.002846299810246644,0.0015240549990582792,0.3,0.6,0,1053.0517969888951,1054.233190630722,48.17080886348242,-0.9402648572418002,-1.2513939840980308,1054.7139630829436,0.0015240549990582792,0,SBIN,5m,2026-03-17 06:45:00
1050.9000244140625,1052.5,1050.199951171875,1050.5999755859375,71150,-0.0003806131437321669,-0.0019000570457801125,0.0014997496939115112,0.3,0.65,0,1052.8182901886134,1054.0907116093579,51.63398171344684,-1.0256584348840079,-1.2062468742552264,1054.6623239693495,0.0014997496939115112,0,SBIN,5m,2026-03-17 06:50:00
1050.5999755859375,1051.4000244140625,1050.0999755859375,1051.0,72672,0.00038075806525639244,-0.0040747167906417525,0.0013698136379997814,0.25,0.65,0,1052.64511969446,1053.9695072325203,54.60532127627109,-1.0489630403492356,-1.1747901074740281,1054.6072462166237,0.0013698136379997814,0,SBIN,5m,2026-03-17 06:55:00
1051.0,1051.800048828125,1049.699951171875,1051.5,145307,0.0004757373929591413,-0.002844950213371278,0.001371291987776327,0.25,0.7,0,1052.53606067594,1053.872663811637,62.41126155764103,-1.0153815997268794,-1.1429084059245984,1054.506397025146,0.001371291987776327,0,SBIN,5m,2026-03-17 07:00:00
1051.699951171875,1052.0,1051.0,1051.0,44099,-0.0004755111745126106,-0.0031300850567095306,0.0013733080870848811,0.3,0.65,0,1052.3897691829934,1053.7600103288278,56.390770416873174,-1.0173860938293728,-1.1178039435055533,1054.4797008959627,0.0013733080870848811,0,SBIN,5m,2026-03-17 07:05:00
1051.0,1054.4000244140625,1050.4000244140625,1054.0,247538,0.0028544243577546258,0.00018974298976104365,0.0015259137993332995,0.35,0.65,0,1052.5431244988988,1053.7694216884815,63.057186175795984,-0.7680461835809638,-1.0478523915206355,1054.409965974025,0.0015259137993332995,0,SBIN,5m,2026-03-17 07:10:00
1054.199951171875,1054.699951171875,1051.5,1053.9000244140625,367184,-9.485349709437152e-05,0.0021871898835328363,0.001444578541081562,0.4,0.6,0,1052.6723530622478,1053.7745433639946,50.0,-0.5719169994033564,-0.9526653130971797,1054.34455128811,0.001444578541081562,0,SBIN,5m,2026-03-17 07:15:00
1054.0999755859375,1054.4000244140625,1053.0,1053.800048828125,69375,-9.486249513379619e-05,0.003523543784602845,0.0014000283298779333,0.4,0.55,0,1052.779752658998,1053.7755435782742,53.63658558238637,-0.41971222094139193,-0.8460746946660223,1054.3373956821788,0.0014000283298779333,0,SBIN,5m,2026-03-17 07:20:00
1053.5,1054.800048828125,1052.9000244140625,1054.0,118082,0.00018974298976104365,0.004192096528590428,0.0013915752029710728,0.45,0.55,0,1052.8959666914743,1053.784345790891,58.09500558035713,-0.2797298968009727,-0.7328057350930124,1054.3288503411559,0.0013915752029710728,0,SBIN,5m,2026-03-17 07:25:00
1054.199951171875,1059.0999755859375,1054.0,1057.0999755859375,436700,0.0029411533073411267,0.008683182811008994,0.0014554130166698621,0.5,0.5,0,1053.296348490947,1053.914370488736,65.07910365339714,0.08042216910234856,-0.5701601542539402,1054.4908815256845,0.0014554130166698621,0,SBIN,5m,2026-03-17 07:30:00
1057.4000244140625,1058.0,1053.5999755859375,1057.199951171875,661152,9.457533653067784e-05,0.007528735324631608,0.0014444813870029194,0.5,0.5,0,1053.668120174845,1054.0432167900356,65.07910365339714,0.36965135956756967,-0.38219785148963825,1054.655277720659,0.0014444813870029194,0,SBIN,5m,2026-03-17 07:35:00
1057.0,1057.699951171875,1055.5999755859375,1057.0999755859375,111992,-9.456639288218938e-05,0.006857749313696093,0.0014474118160276784,0.45,0.5,0,1053.99496354733,1054.1630896839927,66.66666666666666,0.5840676146485748,-0.18894475826199564,1054.6883908210045,0.0014474118160276784,0,SBIN,5m,2026-03-17 07:40:00
1057.5,1059.5,1056.9000244140625,1058.5999755859375,216126,0.00141897647776279,0.004459579716290518,0.0012281033019885003,0.45,0.5,0,1054.4335361224355,1054.337085209559,70.80281564644035,0.865059636553724,0.021856120701148285,1054.7938525642676,0.0012281033019885003,0,SBIN,5m,2026-03-17 07:45:00
1058.800048828125,1059.4000244140625,1056.800048828125,1057.800048828125,123611,-0.0007556459250528391,0.00455845092889362,0.0012237522223702071,0.45,0.55,0,1054.7541563801203,1054.4728877044047,64.70604075038148,1.0115400304539435,0.2197929026517073,1054.8460459336393,0.0012237522223702071,0,SBIN,5m,2026-03-17 07:50:00
1057.9000244140625,1058.0,1056.199951171875,1056.800048828125,201689,-0.0009453582471543598,0.0042763468508923985,0.0012360757284232565,0.45,0.55,0,1054.9490032799304,1054.5641489249429,74.57688487958288,1.035004270341915,0.3828351761897488,1054.9017777145004,0.0012360757284232565,0,SBIN,5m,2026-03-17 07:55:00
1057.0,1060.300048828125,1056.800048828125,1058.300048828125,161079,0.0014193791925571908,0.004746985444046059,0.0012550839488979387,0.5,0.5,0,1055.2681504749964,1054.710654803499,79.84575348947244,1.161251133270298,0.5385183676058587,1054.9739536089257,0.0012550839488979387,0,SBIN,5m,2026-03-17 08:00:00
1058.699951171875,1059.0,1057.199951171875,1057.699951171875,78796,-0.0005670392408225755,0.004081950501381826,0.0012677083945623645,0.5,0.45,0,1055.4997505413658,1054.8278821120628,75.57261867044375,1.199057823860585,0.6706262588568039,1055.003302100167,0.0012677083945623645,0,SBIN,5m,2026-03-17 08:05:00
1057.5,1058.300048828125,1056.300048828125,1057.699951171875,158052,0.0,0.0044633914262821595,0.0012613255230963926,0.45,0.5,0,1055.709293458557,1054.940512271271,74.6032668720572,1.2150139737664176,0.7795038018387267,1055.0501808526662,0.0012613255230963926,0,SBIN,5m,2026-03-17 08:10:00
1057.699951171875,1059.0,1057.0,1058.5,148218,0.0007564043349330696,0.005318620435073029,0.0012643767002638528,0.5,0.5,0,1055.9750750339326,1055.0801000253389,79.06998750898974,1.2774904766622512,0.8791011368034317,1055.1055593027504,0.0012643767002638528,0,SBIN,5m,2026-03-17 08:15:00
1058.4000244140625,1059.5999755859375,1057.800048828125,1058.0,144367,-0.0004723665564477786,0.0039855294906709915,0.0012666740347907716,0.5,0.5,0,1056.1679250307009,1055.1946059066981,69.23094980985023,1.27199496780122,0.9576799030029894,1055.162743190058,0.0012666740347907716,0,SBIN,5m,2026-03-17 08:20:00
1057.9000244140625,1059.0999755859375,1057.0,1058.4000244140625,82287,0.0003780949093217245,0.007040936645159368,0.0010734829502621094,0.5,0.5,0,1056.3805059243543,1055.3203085932614,71.02813334246012,1.2851044800113414,1.02316481840466,1055.1915935462666,0.0010734829502621094,0,SBIN,5m,2026-03-17 08:25:00
1058.5999755859375,1061.5,1057.9000244140625,1060.699951171875,386684,0.0021730222078233385,0.009613531144720078,0.0011320974727438522,0.55,0.45,0,1056.7918816622134,1055.5312749688933,76.7440099928082,1.4642003408559958,1.1113719228949273,1055.400675592048,0.0011320974727438522,0,SBIN,5m,2026-03-17 08:30:00
1060.699951171875,1062.4000244140625,1059.0999755859375,1060.800048828125,363098,9.436943608731596e-05,0.009324499360727989,0.0011352137864773274,0.6,0.4,0,1057.1736118684908,1055.7378935516083,76.5625894066261,1.5958165651975378,1.2082608513554494,1055.6097843726177,0.0011352137864773274,0,SBIN,5m,2026-03-17 08:35:00
1060.9000244140625,1065.199951171875,1060.9000244140625,1063.800048828125,419293,0.00282805416846843,0.011697621329648022,0.0012522349183611873,0.6,0.35,0,1057.8047011027415,1056.0540565036285,76.37808898586107,1.920064985235058,1.3506216781313711,1055.9409439738804,0.0012522349183611873,0,SBIN,5m,2026-03-17 08:40:00
1063.800048828125,1063.9000244140625,1058.199951171875,1059.800048828125,546565,-0.003760105110360179,0.008373024574809707,0.0015726695039028618,0.55,0.4,0,1057.9947342194446,1056.2009581634127,57.83157337412125,1.8331363686236273,1.4471246162298224,1056.190345169727,0.0015726695039028618,0,SBIN,5m,2026-03-17 08:45:00
1059.800048828125,1060.5999755859375,1058.0999755859375,1059.4000244140625,99506,-0.0003774527228082025,0.005123362821691124,0.001471982667741535,0.5,0.4,0,1058.1285713808368,1056.3264117418696,56.80481920748884,1.7122286802007238,1.5001454290240026,1056.2207857094945,0.001471982667741535,0,SBIN,5m,2026-03-17 08:50:00
1059.199951171875,1060.4000244140625,1058.0,1060.300048828125,88035,0.0008495604996425765,0.006072705442454751,0.0014752601615133551,0.45,0.45,0,1058.335378756769,1056.482240647213,55.21489391976396,1.6697846760887387,1.53407327843695,1056.2489165030088,0.0014752601615133551,0,SBIN,5m,2026-03-17 08:55:00
1060.199951171875,1062.0,1060.199951171875,1061.800048828125,81303,0.0014146938893928596,0.007591573001819896,0.0014923080569327987,0.5,0.45,0,1058.6653473349934,1056.6907821445038,61.76453692932949,1.737160061173654,1.5746906349842908,1056.2880908329407,0.0014923080569327987,0,SBIN,5m,2026-03-17 09:00:00
1061.800048828125,1062.0,1060.4000244140625,1061.0,79120,-0.0007534835103916171,0.006641366223908873,0.0015133688169298369,0.45,0.4,0,1058.8876952078513,1056.8597710800134,62.499636701833936,1.7063287889973253,1.6010182657868979,1056.3241497127444,0.0015133688169298369,0,SBIN,5m,2026-03-17 09:05:00
1061.0,1062.699951171875,1060.5,1061.5,114028,0.00047125353440158335,0.004162354096757692,0.0013845513877080993,0.45,0.4,0,1059.136486140437,1057.0417408415815,60.12623999505548,1.7026139314348256,1.6213373989164834,1056.3797819397555,0.0013845513877080993,0,SBIN,5m,2026-03-17 09:10:00
1061.5,1063.800048828125,1060.699951171875,1063.699951171875,179525,0.0020724928609279214,0.006148316591194414,0.0014452842189613508,0.5,0.35,0,1059.5711018577167,1057.302847129044,67.24123416256262,1.855795103107539,1.6682289397546948,1056.484186856609,0.0014452842189613508,0,SBIN,5m,2026-03-17 09:15:00
1063.9000244140625,1065.5,1063.199951171875,1065.5,221332,0.0016922524309057607,0.007946291370791503,0.0014740613091990503,0.55,0.35,0,1060.1357588236483,1057.6243041043756,70.31242052794873,2.0982538181647215,1.7542339154367002,1056.647990055683,0.0014740613091990503,0,SBIN,5m,2026-03-17 09:20:00
1065.300048828125,1070.0,1064.4000244140625,1070.0,571088,0.004223369310182967,0.010768963420533462,0.001693463064687456,0.55,0.35,0,1061.0752103642533,1058.1096255120472,75.10900969093487,2.6232769844552877,1.9280425292404177,1057.2077698466305,0.001693463064687456,0,SBIN,5m,2026-03-17 09:25:00
1070.0,1070.0,1064.5999755859375,1065.800048828125,1766051,-0.003925188011098091,0.007562865977235322,0.0019497218206124393,0.55,0.3,0,1061.52519497986,1058.4112107401286,64.66169209023991,2.6696861866762447,2.0763712607275835,1058.4641559880358,0.0019497218206124393,0,SBIN,5m,2026-03-17 09:30:00
1066.0,1066.0999755859375,1062.5,1064.4000244140625,400336,-0.0013135901200247435,0.007191498140414643,0.0019645643535735374,0.55,0.3,0,1061.7989882593079,1058.6460661783221,60.86952675807165,2.563940039298359,2.173885016441739,1058.633392827239,0.0019645643535735374,0,SBIN,5m,2026-03-17 09:35:00
1064.4000244140625,1065.199951171875,1062.4000244140625,1064.0999755859375,418186,-0.0002818947963574292,0.005480418114158558,0.001953086760861233,0.5,0.35,0,1062.0181299094631,1058.859944978621,56.64061568685418,2.4279362846727963,2.2246952700879503,1058.7873869198409,0.001953086760861233,0,SBIN,5m,2026-03-17 09:40:00
1064.0,1065.0,1061.0,1061.300048828125,849202,-0.002631262871959694,0.0034037040961014675,0.002051972069075243,0.5,0.4,0,1061.94974123505,1058.9556353256603,50.88339070196779,2.0703558662128216,2.1938273893129248,1058.9917384069547,0.002051972069075243,0,SBIN,5m,2026-03-17 09:45:00
1061.0999755859375,1064.300048828125,1060.5,1063.300048828125,539459,0.0018844812098222086,0.005294599522336574,0.0020866363918176567,0.5,0.4,0,1062.0783419581999,1059.1260044826197,49.08425072213627,1.9261506282032315,2.140292037090986,1059.1192333573551,0.0020866363918176567,0,SBIN,5m,2026-03-17 09:50:00
1063.300048828125,1064.4000244140625,1062.4000244140625,1063.5,195403,0.0001880477407063541,0.004723665564478008,0.00208347583605795,0.5,0.4,0,1062.2137379621809,1059.2975337185953,57.87223653590425,1.8071694026962177,2.0736675102120325,1059.1722983793622,0.00208347583605795,0,SBIN,5m,2026-03-17 09:55:00
1072.0,1072.0,1067.5999755859375,1067.5999755859375,153101,-0.004290221782709325,0.008692319500812618,0.0029446532912682437,0.5,0.35,0,1063.5872030011064,1060.1092545878344,60.2816223372247,2.447785530913279,2.198683379856193,1069.066650390625,0.0029446532912682437,0,SBIN,5m,2026-03-18 03:50:00
1067.800048828125,1070.5,1066.699951171875,1070.0999755859375,77652,0.0023417010651651804,0.008862095641351875,0.0029501238713829825,0.45,0.4,0,1064.2074670568047,1060.5010475681522,61.36980070700686,2.666655494544102,2.292277802793775,1069.0778648409957,0.0029501238713829825,0,SBIN,5m,2026-03-18 03:55:00
1070.4000244140625,1071.800048828125,1069.300048828125,1070.0999755859375,93124,0.0,0.008766898877961227,0.0029507902207770017,0.45,0.4,0,1064.7686583452935,1060.8774761178693,62.74512485766944,2.8077455743739392,2.395371357109808,1069.4580239386848,0.0029507902207770017,0,SBIN,5m,2026-03-18 04:00:00
1071.0999755859375,1071.199951171875,1067.5,1068.0999755859375,83792,-0.0018689842497238152,0.004042044144056289,0.0029376663827225774,0.4,0.45,0,1065.0859266539262,1061.1607113911268,58.87097568098812,2.7267449751025197,2.4616460807083502,1069.3501743820427,0.0029376663827225774,0,SBIN,5m,2026-03-18 04:05:00
1068.300048828125,1068.5999755859375,1067.0999755859375,1067.699951171875,70260,-0.00037451963599477445,0.0074541441590658675,0.0027909911073043443,0.4,0.45,0,1065.3348813699213,1061.4171521668425,55.64973309976689,2.600298170846827,2.489376498736046,1069.1222795709061,0.0027909911073043443,0,SBIN,5m,2026-03-18 04:10:00
1067.0,1068.300048828125,1065.4000244140625,1068.300048828125,121990,0.0005620470953391354,0.008401004539323909,0.0027855595719396445,0.4,0.45,0,1065.6172782707026,1061.6870696829712,54.093644482199835,2.5194681723319263,2.495394833455222,1068.7585161499514,0.0027855595719396445,0,SBIN,5m,2026-03-18 04:15:00
1068.0,1070.0,1067.5999755859375,1067.699951171875,79105,-0.0005617313758510267,0.006979064418537462,0.0027920282036909276,0.45,0.4,0,1065.8156280708142,1061.922868957046,46.20454600391591,2.3795568998079943,2.4722272467257764,1068.7206301282747,0.0027920282036909276,0,SBIN,5m,2026-03-18 04:20:00
1068.0,1068.0,1064.5,1066.5,118313,-0.0011238655303468237,0.004426399468583808,0.002798844727330548,0.4,0.45,0,1065.8808063497843,1062.1023642920638,51.2819595603688,2.1470997477970286,2.407201746940027,1068.3663906464749,0.002798844727330548,0,SBIN,5m,2026-03-18 04:25:00
1066.5,1066.9000244140625,1063.4000244140625,1063.5,76236,-0.002812939521800284,0.0023562676720074727,0.0028736086836045074,0.4,0.5,0,1065.6540628879,1062.1571735355124,48.44286565096368,1.7011905859901617,2.265999514750054,1068.0377022409216,0.0028736086836045074,0,SBIN,5m,2026-03-18 04:30:00
1064.0,1064.0999755859375,1062.0,1063.0,119609,-0.0004701457451810054,0.0014130946773434072,0.0028752894442236505,0.35,0.55,0,1065.4012949938142,1062.1902255537275,48.11000599864926,1.2925587288939369,2.0713113575788307,1067.4350246510658,0.0028752894442236505,0,SBIN,5m,2026-03-18 04:35:00
1063.0,1063.800048828125,1061.300048828125,1063.800048828125,69311,0.0007526329521401198,9.410328179448868e-05,0.002841972598091518,0.3,0.6,0,1065.2487953589866,1062.2533558782136,54.612529503972894,1.0214971094364955,1.8613485079503638,1067.1435375768633,0.002841972598091518,0,SBIN,5m,2026-03-18 04:40:00
1063.5,1065.699951171875,1063.0999755859375,1065.699951171875,70514,0.0017859581279799919,0.0001876594761849315,0.0028449701364887084,0.3,0.6,0,1065.2917625792616,1062.3885164779651,54.44426359953704,0.9490450633863929,1.6788878190375698,1066.9997568135932,0.0028449701364887084,0,SBIN,5m,2026-03-18 04:45:00
1065.5,1067.300048828125,1064.5,1067.0,85570,0.0012199013678244608,-0.002803738317757043,0.002685858907673696,0.3,0.6,0,1065.454451857427,1062.5693589690254,56.227736363794335,0.9851729103099842,1.5401448372920528,1066.9482794501346,0.002685858907673696,0,SBIN,5m,2026-03-18 04:50:00
1067.0999755859375,1067.5,1064.699951171875,1065.5,77908,-0.001405810684161235,-0.0002815245021380308,0.0025547153682012854,0.35,0.6,0,1065.4587897757674,1062.6842860682793,33.9715210204773,0.8825930421128305,1.4086344782562084,1066.88528556788,0.0025547153682012854,0,SBIN,5m,2026-03-18 04:55:00
1065.5,1066.699951171875,1065.0999755859375,1065.5999755859375,50930,9.382973809235473e-05,0.001127349816189227,0.0025362633837047966,0.35,0.55,0,1065.4722360434025,1062.7986268336776,43.9024934871604,0.8001414195589405,1.286935866516755,1066.8442623850817,0.0025362633837047966,0,SBIN,5m,2026-03-18 05:00:00
1065.199951171875,1066.5999755859375,1065.0999755859375,1065.199951171875,40001,-0.0003753982950708279,0.0010337145110184132,0.0025370116555858144,0.35,0.5,0,1065.4463041508761,1062.8927964155678,32.86725225571291,0.6945133697745405,1.168451367168312,1066.8093487938338,0.0025370116555858144,0,SBIN,5m,2026-03-18 05:05:00
1065.5999755859375,1066.199951171875,1063.5,1064.0,62858,-0.0011265032171235978,0.0025440036254178455,0.002474711387023279,0.35,0.5,0,1065.3085608984118,1062.936216163977,30.322814367956397,0.5081190678306484,1.0363849073007794,1066.7121454127976,0.002474711387023279,0,SBIN,5m,2026-03-18 05:10:00
1064.199951171875,1064.800048828125,1063.199951171875,1063.199951171875,77035,-0.0007519255903430944,-9.413867361363071e-05,0.002446388500277879,0.35,0.5,0,1065.1077409244558,1062.9465587133063,32.86725225571291,0.2924715564533926,0.887602237131302,1066.5618981200976,0.002446388500277879,0,SBIN,5m,2026-03-18 05:15:00
1063.5,1064.199951171875,1062.5,1063.5,129980,0.0002822129814756824,0.0,0.0024468638206794264,0.3,0.55,0,1064.9546227411743,1062.9682622931766,35.21164294065058,0.14411946338486814,0.7389056823820153,1066.3139114181947,0.0024468638206794264,0,SBIN,5m,2026-03-18 05:20:00
1063.699951171875,1064.5999755859375,1062.699951171875,1063.9000244140625,217078,0.00037613955247994824,-0.007741025121984935,0.001521350681392594,0.3,0.55,0,1064.854184805259,1063.0048019841918,34.2857641098972,0.058157583459887974,0.6027560625975898,1066.0150423799132,0.001521350681392594,0,SBIN,5m,2026-03-18 05:25:00
1064.0999755859375,1064.5,1063.199951171875,1063.699951171875,70675,-0.0001880564316160127,-0.0036530765298322665,0.0012126922468730466,0.3,0.55,0,1064.7442577925556,1063.03206273665,35.29422324345673,-0.025814490883249164,0.47704195190142207,1065.9345554696981,0.0012126922468730466,0,SBIN,5m,2026-03-18 05:30:00
1063.9000244140625,1063.9000244140625,1061.300048828125,1062.199951171875,175900,-0.0014101721057215855,-0.007382510601158354,0.0010851944216129555,0.3,0.55,0,1064.5019428763003,1062.9994309105805,34.53236146482831,-0.21096851504512415,0.3394398585121129,1065.646947317766,0.0010851944216129555,0,SBIN,5m,2026-03-18 05:35:00
1062.300048828125,1063.4000244140625,1061.699951171875,1063.199951171875,84890,0.0009414423328646393,-0.006448018476296391,0.0011218806043696464,0.25,0.55,0,1064.3779436663551,1063.0072944502392,48.73930615678149,-0.27385592981545415,0.2167807008465995,1065.5361006635414,0.0011218806043696464,0,SBIN,5m,2026-03-18 05:40:00
1063.0,1063.300048828125,1062.0999755859375,1063.0,134928,-0.00018806544493776833,-0.0047748110687295675,0.0010612772889490485,0.25,0.5,0,1064.246710936226,1063.0070083933672,50.0,-0.33595635190954454,0.10623329029537072,1065.3783845831729,0.0010612772889490485,0,SBIN,5m,2026-03-18 05:45:00
1063.199951171875,1065.199951171875,1062.9000244140625,1064.800048828125,252757,0.0016933667244825035,-0.0027160274200322965,0.0011447984841786662,0.3,0.45,0,1064.2994097830735,1063.0773237045341,53.968223212555706,-0.23718832763825048,0.037548966708646485,1065.2732889947702,0.0011447984841786662,0,SBIN,5m,2026-03-18 05:50:00
1064.4000244140625,1068.0,1064.199951171875,1066.199951171875,321111,0.001314709128057201,-0.001965831283592734,0.0011807379010824988,0.35,0.4,0,1064.4804137248643,1063.1997796836456,52.06609902748074,-0.045429850116534,0.02095320334361039,1065.3680383915262,0.0011807379010824988,0,SBIN,5m,2026-03-18 05:55:00
1066.199951171875,1067.199951171875,1065.5999755859375,1066.0,115655,-0.0001875362793397617,-0.0015921618896855838,0.0011759533182148347,0.3,0.4,0,1064.6251362272583,1063.3095922450714,45.45454545454546,0.08937547155414904,0.03463765698571812,1065.4023348679784,0.0011759533182148347,0,SBIN,5m,2026-03-18 06:00:00
1065.699951171875,1067.5999755859375,1065.0,1067.0999755859375,220499,0.0010318720318363006,0.0005625650125995474,0.0011739371252179618,0.35,0.4,0,1064.8608352137992,1063.458234729027,57.547072033166344,0.28172099286325647,0.0840543241612258,1065.48130983721,0.0011739371252179618,0,SBIN,5m,2026-03-18 06:05:00
1067.300048828125,1068.699951171875,1067.0,1067.5999755859375,286456,0.00046855965836334335,0.0038551721541491,0.0009669292841515746,0.4,0.35,0,1065.1217057254314,1063.6206559391019,59.09090909090909,0.46909459510993656,0.16106237835096796,1065.666382818554,0.0009669292841515746,0,SBIN,5m,2026-03-18 06:10:00
1067.699951171875,1067.699951171875,1065.5,1066.0,93216,-0.001498665813531308,0.002822201317027373,0.0010293805851914791,0.4,0.35,0,1065.2053527991998,1063.7139635493331,53.27890176302255,0.4829180875062775,0.2254335201820299,1065.6852188489784,0.0010293805851914791,0,SBIN,5m,2026-03-18 06:15:00
1065.800048828125,1067.0,1065.5999755859375,1067.0,136812,0.0009380863039398779,0.003008038188567541,0.0010359901948126414,0.4,0.3,0,1065.3762715802284,1063.842827723869,62.5,0.5680171987855829,0.2939502559027405,1065.7160186718352,0.0010359901948126414,0,SBIN,5m,2026-03-18 06:20:00
1067.0,1068.800048828125,1066.699951171875,1067.199951171875,149835,0.00018739566248826556,0.0014075256345376097,0.0009622270325615989,0.4,0.3,0,1065.5499553508614,1063.9744796237908,67.54400993703688,0.6441676820309112,0.3639937411283747,1065.78680811627,0.0009622270325615989,0,SBIN,5m,2026-03-18 06:25:00
1067.699951171875,1067.9000244140625,1066.0,1066.5,69457,-0.0006558763154986824,-0.00046860356138711534,0.0009353670207163686,0.35,0.35,0,1065.6404357936365,1064.0735196385442,62.712074815856994,0.6406522385891549,0.4193254406205307,1065.8044608969171,0.0009353670207163686,0,SBIN,5m,2026-03-18 06:30:00
1066.5,1067.0999755859375,1065.9000244140625,1066.4000244140625,97041,-9.374175896625925e-05,0.0008446967752815393,0.0008775004134553124,0.3,0.4,0,1065.7127775670103,1064.1647551199371,60.869795979024694,0.6226218331555629,0.45998471912753713,1065.8201974811957,0.0008775004134553124,0,SBIN,5m,2026-03-18 06:35:00
1066.4000244140625,1067.699951171875,1066.300048828125,1066.699951171875,70949,0.0002812516419223865,0.0010322593948377534,0.0008790758436706513,0.35,0.4,0,1065.806794100807,1064.2641745729543,62.931469944435094,0.6253258228759933,0.4930529398772284,1065.8386374544825,0.0008790758436706513,0,SBIN,5m,2026-03-18 06:40:00
1066.800048828125,1067.9000244140625,1066.199951171875,1067.800048828125,79164,0.001031309371526179,0.002440947967927931,0.0008991304571096181,0.4,0.45,0,1065.9966278843613,1064.4028363084512,75.00108994201508,0.7080751911285006,0.5360573901274829,1065.8659628721755,0.0008991304571096181,0,SBIN,5m,2026-03-18 06:45:00
1067.800048828125,1067.9000244140625,1066.5,1067.0,192326,-0.0007492496643008995,0.0028195488721804995,0.0008751919122635554,0.4,0.4,0,1066.0921871334697,1064.5046858649825,67.27333259349683,0.7010165253661853,0.5690492171752234,1065.9210346669647,0.0008751919122635554,0,SBIN,5m,2026-03-18 06:50:00
1067.300048828125,1067.4000244140625,1064.5,1066.4000244140625,451206,-0.0005623013926312481,0.0030098508174876137,0.0008659864380193387,0.4,0.4,0,1066.1215049697166,1064.5790128669073,64.91267521175324,0.6396361390632137,0.5831666015528215,1065.9375927017697,0.0008659864380193387,0,SBIN,5m,2026-03-18 06:55:00
1066.300048828125,1067.4000244140625,1065.4000244140625,1065.5999755859375,175895,-0.0007502333175251064,0.0019745891734250787,0.0008882172965559011,0.4,0.35,0,1066.0718355045947,1064.6190506205949,53.84588297435295,0.5204352331456903,0.5706203278713953,1065.944406531713,0.0008882172965559011,0,SBIN,5m,2026-03-18 07:00:00
1065.800048828125,1066.0,1064.0999755859375,1065.0999755859375,86470,-0.0004692192299695641,0.001127879635622664,0.0008944279063032357,0.35,0.4,0,1065.9792774171035,1064.6379104231573,44.21058041967028,0.3812272842569655,0.5327417191485093,1065.9296389543506,0.0008944279063032357,0,SBIN,5m,2026-03-18 07:05:00
1065.199951171875,1065.300048828125,1064.199951171875,1064.699951171875,70522,-0.00037557452185876805,0.0009401147371477236,0.0008981043815012567,0.35,0.4,0,1065.8574368223199,1064.6403433936953,43.298683647529636,0.23590597749011977,0.47337457081683143,1065.9134460768926,0.0008981043815012567,0,SBIN,5m,2026-03-18 07:10:00
1064.699951171875,1064.699951171875,1063.0,1064.0,103503,-0.0006574163651501541,0.0016946421680203994,0.000848193254036641,0.35,0.4,0,1065.680538077337,1064.6152318880602,33.33333333333333,0.06352530488788943,0.39140471763104306,1065.8742263274864,0.000848193254036641,0,SBIN,5m,2026-03-18 07:15:00
1064.0,1065.0,1063.0,1063.0,80772,-0.0009398496240601295,-0.00018806544493776833,0.0008525221296904276,0.4,0.4,0,1065.4252487366382,1064.5518894610775,26.530561403071715,-0.1520267925054668,0.2827184156037411,1065.8411718987088,0.0008525221296904276,0,SBIN,5m,2026-03-18 07:20:00
1063.0999755859375,1063.800048828125,1062.800048828125,1062.800048828125,45872,-0.00018810082020226382,-0.00018810082020226382,0.0008525225206662151,0.4,0.45,0,1065.1752296977322,1064.4831898284128,30.952450154042907,-0.33512466266415686,0.15914979995016154,1065.8183400267299,0.0008525225206662151,0,SBIN,5m,2026-03-18 07:25:00
1063.0,1064.4000244140625,1062.800048828125,1064.4000244140625,154129,0.0015054342420304234,-0.00037568031153145665,0.0008335961463385171,0.4,0.45,0,1065.1014006230969,1064.479928439615,35.55549527310211,-0.34712494538985084,0.05789485088215908,1065.7645712455,0.0008335961463385171,0,SBIN,5m,2026-03-18 07:30:00
1064.4000244140625,1064.5999755859375,1062.0999755859375,1062.5999755859375,55795,-0.0016911394089039744,-0.003376454465206735,0.0008513625083027204,0.4,0.5,0,1064.8631696671769,1064.4062047982943,28.301951977889104,-0.49616467517739693,-0.052917054329752126,1065.7382587145808,0.0008513625083027204,0,SBIN,5m,2026-03-18 07:35:00
1062.5,1064.199951171875,1062.5,1064.199951171875,129795,0.0015057176949917483,-0.0016886011520872435,0.000929959739690699,0.4,0.5,0,1064.8000060009576,1064.3981164207876,39.99978770380435,-0.47964601587455036,-0.13826284663871177,1065.6909900023381,0.000929959739690699,0,SBIN,5m,2026-03-18 07:40:00
1063.9000244140625,1065.0999755859375,1062.9000244140625,1062.9000244140625,172306,-0.001221506124277738,-0.003935855372472319,0.0009241254446913238,0.4,0.45,0,1064.6190553736344,1064.3393677146414,36.220419462119615,-0.5649358558944186,-0.22359744848985316,1065.631425630736,0.0009241254446913238,0,SBIN,5m,2026-03-18 07:45:00
1063.300048828125,1067.0,1063.300048828125,1066.300048828125,166681,0.0031988186433025145,-0.0012176159493625383,0.0011907696622044,0.4,0.45,0,1064.7791499883479,1064.4162571700722,48.73449016487167,-0.35409334588894126,-0.2496966279696708,1065.6287544852632,0.0011907696622044,0,SBIN,5m,2026-03-18 07:50:00
1066.0999755859375,1068.800048828125,1066.0999755859375,1068.800048828125,136530,0.00234455583374249,0.0026266874560272324,0.0012548054010390617,0.45,0.4,0,1065.1620927349934,1064.5881705684274,52.90698499666435,0.014562106062612656,-0.1968448811632141,1065.6783261884643,0.0012548054010390617,0,SBIN,5m,2026-03-18 07:55:00
1068.9000244140625,1074.699951171875,1068.5,1074.699951171875,338548,0.005520117958657256,0.0072164490832942185,0.001735833421265555,0.5,0.4,0,1066.0704602051726,1064.984710984249,67.26461572148018,0.7738762555995891,-0.0027006538106534583,1066.0354039257436,0.001735833421265555,0,SBIN,5m,2026-03-18 08:00:00
1074.800048828125,1075.0,1071.5999755859375,1074.199951171875,331420,-0.0004652461363330307,0.006559220689912326,0.0017453774802653147,0.5,0.4,0,1066.8446974400965,1065.3460929523912,67.56753784483755,1.3200753612982226,0.2618545492111218,1066.3974076591476,0.0017453774802653147,0,SBIN,5m,2026-03-18 08:05:00
1074.199951171875,1075.300048828125,1072.5999755859375,1075.300048828125,138689,0.0010241088309954627,0.008251335047468444,0.001735915407111863,0.55,0.35,0,1067.6499690008611,1065.7364441632044,71.5558352638632,1.8207226176998574,0.573628162908869,1066.5545209163326,0.001735915407111863,0,SBIN,5m,2026-03-18 08:10:00
1075.199951171875,1075.199951171875,1070.199951171875,1071.0,199925,-0.003998929259615758,0.004313555401937341,0.001995991541535834,0.55,0.35,0,1067.9690195722078,1065.9428581175885,61.21680768998696,1.8491948053126634,0.8287414913896279,1066.7080620540728,0.001995991541535834,0,SBIN,5m,2026-03-18 08:15:00
1071.0999755859375,1072.199951171875,1070.4000244140625,1071.0999755859375,157739,9.334788602943789e-05,0.004124894174063254,0.0019961160512222183,0.5,0.35,0,1068.2672058592298,1066.145098018308,62.30779704306754,1.8584038901519762,1.0346739711420976,1066.8042389697482,0.0019961160512222183,0,SBIN,5m,2026-03-18 08:20:00
1071.300048828125,1073.0,1071.0,1071.199951171875,109242,9.33391730149058e-05,0.00318402527465822,0.0019867445411955575,0.5,0.3,0,1068.5465149366246,1066.3433275537423,64.17318672023683,1.8524158536174582,1.1982223476371698,1066.8757376874535,0.0019867445411955575,0,SBIN,5m,2026-03-18 08:25:00
1071.0999755859375,1072.0,1069.5,1069.800048828125,187636,-0.0013068543759907625,0.0026242257058342044,0.002004025343853412,0.5,0.35,0,1068.6658991167674,1066.4788852507768,63.17848896627427,1.714941098385225,1.301566097786781,1066.962220507916,0.002004025343853412,0,SBIN,5m,2026-03-18 08:30:00
1070.0,1070.5,1068.0,1069.5999755859375,100282,-0.0001870192868346221,0.0030007043310349424,0.0019989233338125333,0.5,0.35,0,1068.754858780498,1066.601280950195,63.178190042251586,1.5717292098847793,1.3555987202063806,1066.99305846773,0.0019989233338125333,1,SBIN,5m,2026-03-18 08:35:00
1069.699951171875,1070.699951171875,1068.300048828125,1068.9000244140625,114810,-0.0006544046258897263,0.0030968927399894763,0.001996761243736557,0.55,0.35,0,1068.7686840789327,1066.6914277526996,59.03618001764879,1.38577815863232,1.3616346078915686,1067.0264423096125,0.001996761243736557,1,SBIN,5m,2026-03-18 08:40:00
1069.0,1070.800048828125,1068.199951171875,1070.199951171875,106691,0.0012161350249058067,0.00478825997825405,0.0020045120720175477,0.6,0.35,0,1068.9049952306414,1066.8290169063928,65.57386070851447,1.3279955303980842,1.3549067923928717,1067.0623603890076,0.0020045120720175477,1,SBIN,5m,2026-03-18 08:45:00
1070.199951171875,1073.5999755859375,1070.0,1073.5999755859375,180890,0.0031769992236865274,0.008359185519137613,0.0021020513652029674,0.65,0.35,1,1069.3521362168601,1067.0945446977476,67.93909490329824,1.5388174070581044,1.3916889153259184,1067.1798007676807,0.0021020513652029674,1,SBIN,5m,2026-03-18 08:50:00
1073.5,1074.699951171875,1072.0,1072.199951171875,101887,-0.0013040466150331387,0.007706721026198293,0.0021243242996068497,0.7,0.3,1,1069.6233566887663,1067.294756716341,67.6805183593333,1.574772002099735,1.4283055326806817,1067.25063865672,0.0021243242996068497,0,SBIN,5m,2026-03-18 08:55:00
1072.0,1072.5999755859375,1069.5,1070.0,153923,-0.0020518105503274375,0.0065851364063969076,0.0021748043522477746,0.65,0.35,1,1069.6592274803124,1067.4008446882492,57.37046367535916,1.4095007565599644,1.4245445774565384,1067.313269601364,0.0021748043522477746,1,SBIN,5m,2026-03-18 09:00:00
1070.0,1071.0,1068.5,1070.5,177874,0.0004672897196260628,0.00724496689698606,0.0021715144467257955,0.65,0.35,1,1069.739301053616,1067.522380190671,53.67957132439202,1.3038380911764307,1.4004032802005169,1067.3684857328255,0.0021715144467257955,1,SBIN,5m,2026-03-18 09:05:00
1070.699951171875,1072.0,1070.0,1070.4000244140625,207752,-9.339148616305248e-05,0.005636978450186403,0.0021566315662648453,0.65,0.35,0,1069.8022270879442,1067.635228983745,37.57241340380043,1.1982201374685246,1.3599666516541187,1067.448923503405,0.0021566315662648453,1,SBIN,5m,2026-03-18 09:10:00
1070.300048828125,1073.0,1069.9000244140625,1072.199951171875,131300,0.0016815458863594923,0.009034421048846664,0.002125757290664869,0.65,0.35,1,1070.0305817626042,1067.8142376970052,44.6236135722255,1.2453999990048032,1.3370533211242557,1067.5109823987013,0.002125757290664869,0,SBIN,5m,2026-03-18 09:15:00
1072.0999755859375,1072.5,1071.0999755859375,1071.5999755859375,60348,-0.0005595743455143465,0.006953603414389997,0.0021220331941918164,0.65,0.35,1,1070.1800478410169,1067.9626980063751,39.778651541413474,1.220310385102266,1.3137047339198578,1067.5391242393587,0.0021220331941918164,0,SBIN,5m,2026-03-18 09:20:00
1071.5,1072.0,1070.5,1071.199951171875,93678,-0.0003732964008735795,0.0078087558257304845,0.002097332588017661,0.6,0.4,1,1070.2771814915748,1068.0896491109047,50.70406794814484,1.1548358296679453,1.2819309530694754,1067.5769531632893,0.002097332588017661,0,SBIN,5m,2026-03-18 09:25:00
1071.4000244140625,1071.9000244140625,1069.4000244140625,1071.0999755859375,214177,-9.333046162685044e-05,0.0045014785126265,0.001991913238515431,0.55,0.45,0,1070.355542833895,1068.2077011295335,50.0,1.0824023183593,1.2420252261274403,1067.6506853019753,0.001991913238515431,0,SBIN,5m,2026-03-18 09:30:00
1071.0,1071.0,1069.5,1070.4000244140625,178977,-0.00065348817834876,0.0014969830771356385,0.001936156186861953,0.5,0.45,0,1070.3597791748632,1068.2936745916718,47.297486782306024,0.9574807864623835,1.185116338194429,1067.700381648787,0.001936156186861953,0,SBIN,5m,2026-03-18 09:35:00
1070.5,1071.0,1070.0,1070.199951171875,164730,-0.0001869144596637895,-0.004187215226997165,0.00145157022136183,0.45,0.45,0,1070.344557460293,1068.3684305359934,51.47024504084014,0.8327360707962725,1.1146402847147978,1067.746199079622,0.00145157022136183,0,SBIN,5m,2026-03-18 09:40:00
1070.0999755859375,1070.800048828125,1068.9000244140625,1069.5,270960,-0.0006540377535138031,-0.00437530384054452,0.001453937750098624,0.4,0.5,0,1070.2641234164555,1068.4128058090919,49.64546989307822,0.6696751764834517,1.0256472630685287,1067.8001673009676,0.001453937750098624,0,SBIN,5m,2026-03-18 09:45:00
1069.199951171875,1069.5999755859375,1067.699951171875,1068.800048828125,263271,-0.0006544657988546421,-0.006044824425595285,0.0014266417113827452,0.35,0.55,0,1070.1246877413764,1068.4279918098382,49.64546989307822,0.4784527278952737,0.9162083560338777,1067.8233012489925,0.0014266417113827452,0,SBIN,5m,2026-03-18 09:50:00
1069.0,1070.5,1068.300048828125,1069.5,179923,0.0006548944048443417,-0.0014005602240896309,0.0011433476889030794,0.4,0.5,0,1070.065193670769,1068.4700313467074,47.407541369020706,0.3790186781493503,0.8087704204569723,1067.8511015906702,0.0011433476889030794,0,SBIN,5m,2026-03-18 09:55:00
1049.5,1054.0,1047.699951171875,1054.0,282261,0.0044791298514890165,-0.016056713924471833,0.004524404743606279,0.35,0.55,0,1066.7458883687445,1067.18029605867,22.916424460849854,-2.251597667469696,-0.1430419698942802,1051.8999837239583,0.004524404743606279,0,SBIN,5m,2026-03-19 03:50:00
1053.9000244140625,1054.5,1052.0,1052.4000244140625,171879,-0.001518003402217749,-0.016264744456800817,0.004525897789080512,0.4,0.5,0,1065.3796156111557,1066.600677562803,23.333074393433293,-3.087689217967636,-0.7319714195089514,1052.3036957869008,0.004525897789080512,0,SBIN,5m,2026-03-19 03:55:00
1052.0999755859375,1055.0,1051.0,1053.699951171875,139052,0.0012352021357433518,-0.01486539339658488,0.004547319486287405,0.45,0.5,0,1064.2672666169385,1066.0947667239432,25.14753364200429,-3.6038614980138846,-1.3063494352099383,1052.5216112289338,0.004547319486287405,0,SBIN,5m,2026-03-19 04:00:00
1053.5,1058.0,1053.5,1056.0,204234,0.0021828309145948133,-0.012068504181327766,0.004594101436003514,0.45,0.5,0,1063.479907891516,1065.6988935190827,29.999762638644455,-3.7837206542340027,-1.8018236790147513,1053.369798085482,0.004594101436003514,0,SBIN,5m,2026-03-19 04:05:00
1055.9000244140625,1057.800048828125,1054.699951171875,1057.199951171875,137585,0.001136317397608888,-0.012147262748204102,0.004592478055437873,0.4,0.45,0,1062.8818167753598,1065.3656016623295,28.813354759063984,-3.7857940232684086,-2.198617747865483,1053.8402085131702,0.004592478055437873,0,SBIN,5m,2026-03-19 04:10:00
1057.199951171875,1057.5999755859375,1052.0,1052.800048828125,156422,-0.004161845012263576,-0.01937400077385487,0.0045678683083757166,0.35,0.5,0,1061.9216483994326,1064.8728348845175,26.02024769325149,-4.0952648666198,-2.5779471716163465,1053.8822197438963,0.0045678683083757166,0,SBIN,5m,2026-03-19 04:15:00
1052.5999755859375,1054.800048828125,1050.9000244140625,1051.9000244140625,203974,-0.0008548863718844668,-0.01893296743357009,0.004567231799670127,0.3,0.55,0,1060.9672080198736,1064.3640972190094,25.69253333907305,-4.362854912343209,-2.9349287197617193,1053.6698300339983,0.004567231799670127,0,SBIN,5m,2026-03-19 04:20:00
1051.5999755859375,1053.5,1051.4000244140625,1053.300048828125,74215,0.0013309481714693927,-0.015607431001752325,0.004586691326366957,0.3,0.5,0,1060.2370023825642,1063.9302129683865,28.292578356442547,-4.411103229525224,-3.2301636217144205,1053.6190858938269,0.004586691326366957,0,SBIN,5m,2026-03-19 04:25:00
1053.300048828125,1053.4000244140625,1050.0999755859375,1051.199951171875,130787,-0.0019938266010587347,-0.018029004043087382,0.0045845903560982094,0.3,0.5,0,1059.3763308386892,1063.430987015582,27.35828686096292,-4.566164792721565,-3.4973638559158498,1053.440180087372,0.0045845903560982094,0,SBIN,5m,2026-03-19 04:30:00
1051.199951171875,1053.9000244140625,1050.800048828125,1053.800048828125,65221,0.0024734567894066917,-0.015508198063639234,0.004643880084139551,0.3,0.5,0,1058.8452563614926,1063.0533031650937,31.696457765667574,-4.42820050877026,-3.683531186486732,1053.4149017659959,0.004643880084139551,0,SBIN,5m,2026-03-19 04:35:00
1053.699951171875,1053.9000244140625,1051.9000244140625,1052.0,64589,-0.0017081502606939303,-0.018839724017705062,0.004611408808245661,0.25,0.45,0,1058.1933271842076,1062.6198402958744,30.93677861344851,-4.413238648558945,-3.8294726789011753,1053.382616141236,0.004611408808245661,0,SBIN,5m,2026-03-19 04:40:00
1051.9000244140625,1052.5,1049.5,1052.300048828125,146732,0.00028521751722898614,-0.018010383722955492,0.00461894279102111,0.25,0.5,0,1057.6320625788665,1062.2151425912568,31.86813186813187,-4.3272875564225615,-3.9290356544054528,1053.2216551598958,0.00461894279102111,0,SBIN,5m,2026-03-19 04:45:00
1052.199951171875,1052.300048828125,1048.9000244140625,1050.0,276653,-0.0021857347917890735,-0.019790844042405498,0.004625879377407881,0.25,0.5,0,1056.905199476117,1061.7361173915997,29.29940597754532,-4.394112817460609,-4.022051087016484,1052.8415367871585,0.004625879377407881,0,SBIN,5m,2026-03-19 04:50:00
1050.0,1052.199951171875,1049.5999755859375,1050.699951171875,212118,0.0006666201636904567,-0.019045863952058095,0.0046367295645364515,0.25,0.45,0,1056.3142234471416,1061.3033265594536,52.53604599734631,-4.340556870745786,-4.085752243762345,1052.6535239897712,0.0046367295645364515,0,SBIN,5m,2026-03-19 04:55:00
1050.699951171875,1051.699951171875,1050.0999755859375,1051.0999755859375,48574,0.000380721835588016,-0.01803068795583207,0.004645976368081621,0.25,0.45,0,1055.8176284127412,1060.9031951487275,43.77681728880157,-4.217221268400181,-4.112046048689912,1052.6181184112293,0.004645976368081621,0,SBIN,5m,2026-03-19 05:00:00
1051.4000244140625,1055.0,1051.199951171875,1054.699951171875,126104,0.0034249602031726223,-0.014483274815166425,0.0047442710457857905,0.3,0.45,0,1055.7111829612302,1060.659930679047,54.54527909523832,-3.785353769468884,-4.046707592845706,1052.6705764335163,0.0047442710457857905,0,SBIN,5m,2026-03-19 05:05:00
1054.699951171875,1055.0,1052.5999755859375,1054.699951171875,128074,0.0,-0.013838287824333828,0.004746991351505056,0.3,0.4,0,1055.6148751717678,1060.426205992491,52.08331214078633,-3.4038581076911214,-3.9181376958147895,1052.7418517771823,0.004746991351505056,0,SBIN,5m,2026-03-19 05:10:00
1054.5999755859375,1054.699951171875,1052.800048828125,1053.5,32432,-0.001137718050087888,-0.014315164791487978,0.004748053806182843,0.3,0.35,0,1055.4134584887422,1060.154590071217,44.54151963240547,-3.161897690006981,-3.7668896946532278,1052.7533837573828,0.004748053806182843,0,SBIN,5m,2026-03-19 05:15:00
1053.0999755859375,1054.0,1052.699951171875,1053.699951171875,44066,0.00018979703073096488,-0.014773304187120195,0.004742153068170759,0.25,0.4,0,1055.2502673157073,1059.9014669771252,42.009185868923,-2.920344019250024,-3.597580559572587,1052.7652667150248,0.004742153068170759,0,SBIN,5m,2026-03-19 05:20:00
1053.699951171875,1054.0,1051.5,1051.9000244140625,45743,-0.0017081966795298165,0.002477818988802394,0.002101291021860674,0.25,0.4,0,1054.9311965631698,1059.5876849158287,47.66835117989716,-2.841396194986828,-3.4463436866554353,1052.7601905587785,0.002101291021860674,0,SBIN,5m,2026-03-19 05:25:00
1052.0,1052.300048828125,1050.5,1050.9000244140625,49660,-0.0009506606871285683,-0.0029411533073411267,0.0018442894412933441,0.25,0.45,0,1054.547275406112,1059.2469923471322,47.422699872896814,-2.8269339828718785,-3.322461745898724,1052.7325218939375,0.0018442894412933441,0,SBIN,5m,2026-03-19 05:30:00
1051.0,1052.0999755859375,1050.5,1050.5999755859375,30501,-0.00028551605400550795,-0.0017104226400290745,0.0018164006994985276,0.2,0.45,0,1054.171342089905,1058.9078936506148,42.62281959777207,-2.807322937072513,-3.219433984133482,1052.7141844632035,0.0018164006994985276,0,SBIN,5m,2026-03-19 05:35:00
1050.5,1050.9000244140625,1047.199951171875,1047.699951171875,270509,-0.002760350734298367,-0.005694220630196534,0.001882202945441304,0.15,0.45,0,1053.5550191453308,1058.4683664945858,40.83774318071426,-2.991306852316484,-3.1738085577700823,1052.3482556086915,0.001882202945441304,0,SBIN,5m,2026-03-19 05:40:00
1047.699951171875,1048.5999755859375,1046.4000244140625,1048.4000244140625,119236,0.0006682001286766326,-0.007196946577592289,0.0018066893126853687,0.1,0.5,0,1053.0640672661623,1058.0735295502516,34.30232145518549,-3.0455185289590645,-3.1481505520078787,1052.1766707095805,0.0018066893126853687,0,SBIN,5m,2026-03-19 05:45:00
1048.4000244140625,1049.9000244140625,1047.5,1049.300048828125,129261,0.0008584742398929368,-0.007472477022906765,0.0017956161961124623,0.15,0.5,0,1052.7055893196825,1057.7294714827174,41.71796600014978,-2.981488481571887,-3.1148181379206807,1052.0479297465902,0.0017956161961124623,0,SBIN,5m,2026-03-19 05:50:00
1048.800048828125,1049.5,1048.199951171875,1049.4000244140625,50548,9.527835822464858e-05,-0.0032295063225415976,0.001559721804086366,0.15,0.45,0,1052.3907736143854,1057.402826499633,40.993699342639,-2.8893701528995734,-3.069728540916459,1052.0023121970955,0.001559721804086366,0,SBIN,5m,2026-03-19 05:55:00
1049.4000244140625,1051.5999755859375,1048.9000244140625,1051.0999755859375,140343,0.001619926750834777,-0.0007605749686816488,0.00159940383641449,0.2,0.4,0,1052.267840468819,1057.1556558755665,53.548336286670605,-2.6486617374894195,-2.9855151802310513,1051.9430833870608,0.00159940383641449,0,SBIN,5m,2026-03-19 06:00:00
1050.5999755859375,1050.5999755859375,1049.4000244140625,1050.0,55636,-0.0010464994876669964,-0.0031330567503500273,0.0015806356772335576,0.2,0.4,0,1052.0518556622649,1056.875041919662,47.79888216687652,-2.5176356839808705,-2.891939280981015,1051.9125141323952,0.0015806356772335576,0,SBIN,5m,2026-03-19 06:05:00
1049.9000244140625,1050.0999755859375,1048.9000244140625,1049.300048828125,42086,-0.0006666201636904567,-0.0018073653272453472,0.00152633082480321,0.2,0.4,0,1051.7897788209182,1056.5779833670526,44.44461189519927,-2.442125499826261,-2.8019765247500645,1051.8833571493294,0.00152633082480321,0,SBIN,5m,2026-03-19 06:10:00
1049.300048828125,1050.5999755859375,1048.5999755859375,1050.5,71536,0.0011435729686806173,-0.0031315701985351607,0.001435045354431399,0.2,0.45,0,1051.6669427427355,1056.3396310781486,34.782570235652116,-2.259412008503432,-2.693463621500738,1051.8444855338946,0.001435045354431399,0,SBIN,5m,2026-03-19 06:15:00
1050.0999755859375,1052.0,1049.800048828125,1050.9000244140625,79901,0.00038079430182058616,-0.0010456041691421225,0.001391474935571486,0.25,0.45,0,1051.5939029019096,1056.126313169753,36.61981517300666,-2.0586013482709404,-2.5664911668547785,1051.8242536937603,0.001391474935571486,0,SBIN,5m,2026-03-19 06:20:00
1050.9000244140625,1051.0,1050.5,1050.699951171875,248759,-0.00019038275529492665,-0.0015205716829833626,0.001389482205601143,0.25,0.4,0,1051.5087646419063,1055.9135146600324,39.39371520520835,-1.893771473126435,-2.43194722810911,1051.75604525366,0.001389482205601143,0,SBIN,5m,2026-03-19 06:25:00
1050.699951171875,1050.800048828125,1049.0,1049.199951171875,60373,-0.001427619748461062,-0.000761951264880989,0.0013382716624422732,0.25,0.4,0,1051.2888776447603,1055.650237660497,34.48275862068965,-1.8627079359262098,-2.31809936967253,1051.7248147375226,0.0013382716624422732,0,SBIN,5m,2026-03-19 06:30:00
1049.199951171875,1051.0,1048.5,1050.0,41474,0.0007625322773141541,-0.000666176077284808,0.0013410955935361016,0.3,0.45,0,1051.1661273928785,1055.4286597130265,42.96293617136709,-1.7533214069769656,-2.2051437771334172,1051.7055899931977,0.0013410955935361016,0,SBIN,5m,2026-03-19 06:35:00
1050.0,1052.800048828125,1049.4000244140625,1052.0,134615,0.0019047619047618536,0.0008562690847373489,0.0014074650822384716,0.35,0.45,0,1051.245543831652,1055.2942024693784,53.79298733005009,-1.4880946802277322,-2.0617339577522804,1051.6958314600115,0.0014074650822384716,0,SBIN,5m,2026-03-19 06:40:00
1052.0,1052.0,1050.5999755859375,1050.9000244140625,40649,-0.0010456041691421225,-0.003602850984861017,0.0011786007531115951,0.3,0.45,0,1051.212637220453,1055.121881761327,50.98054859659481,-1.351084958943602,-1.919604157990545,1051.690777178895,0.0011786007531115951,0,SBIN,5m,2026-03-19 06:45:00
1050.9000244140625,1050.9000244140625,1048.5,1048.800048828125,45415,-0.0019982639044169304,-0.005593915442202002,0.0012453652777707428,0.3,0.5,0,1050.9828668973742,1054.8739667443388,53.793440193965516,-1.3958636005884273,-1.8148560465101216,1051.6665899461152,0.0012453652777707428,0,SBIN,5m,2026-03-19 06:50:00
1048.800048828125,1049.199951171875,1048.5,1049.0,250746,0.00019064756156184082,-0.0042714760322734024,0.0012325535212118486,0.3,0.5,0,1050.7940224309575,1054.643615107306,52.14278863341093,-1.3990887836012007,-1.7317025939283375,1051.514190762778,0.0012325535212118486,0,SBIN,5m,2026-03-19 06:55:00
1049.0,1050.0,1048.4000244140625,1049.699951171875,328730,0.0006672556452573808,-0.003796147086797652,0.0012453292782994216,0.35,0.5,0,1050.6898251681878,1054.4497459333677,51.448942042318315,-1.3298350439476962,-1.6513290839322092,1051.3695477230856,0.0012453292782994216,0,SBIN,5m,2026-03-19 07:00:00
1049.699951171875,1052.0,1049.300048828125,1051.199951171875,72850,0.0014289797749589273,-0.0006655321094583,0.0012415282588820408,0.4,0.45,0,1050.7384085971105,1054.3223030015445,55.920878273649386,-1.140763481040267,-1.5492159633538207,1051.3616618082376,0.0012415282588820408,0,SBIN,5m,2026-03-19 07:05:00
1051.199951171875,1051.4000244140625,1049.699951171875,1049.800048828125,34081,-0.0013317184253950343,-0.0010466986015637003,0.0012591581037418888,0.4,0.4,0,1050.6490410000642,1054.144959700626,45.637765342989866,-1.0913034579668874,-1.4576334622764342,1051.3544074084002,0.0012591581037418888,0,SBIN,5m,2026-03-19 07:10:00
1049.800048828125,1052.199951171875,1049.5999755859375,1052.199951171875,172156,0.0022860566128082294,0.0015229160699772315,0.0013611801161095476,0.45,0.45,0,1050.7967467307128,1054.0686848563614,56.79009554812069,-0.8486710197844332,-1.335840973778034,1051.3537029145045,0.0013611801161095476,0,SBIN,5m,2026-03-19 07:15:00
1052.199951171875,1052.800048828125,1051.0,1052.300048828125,136591,9.513178188091942e-05,0.0043906632343588825,0.00118645115912761,0.5,0.4,0,1050.9399183590378,1053.9993265807443,59.615474904925115,-0.6409179173506345,-1.196856362492554,1051.3712311135034,0.00118645115912761,0,SBIN,5m,2026-03-19 07:20:00
1052.4000244140625,1052.699951171875,1051.699951171875,1052.4000244140625,51080,9.500672935325305e-05,0.0038153375685350266,0.0011819627079421055,0.5,0.35,0,1051.078976078564,1053.9366088487175,56.55186348214812,-0.4628692243450132,-1.0500589348630458,1051.3797842729405,0.0011819627079421055,0,SBIN,5m,2026-03-19 07:25:00
1052.4000244140625,1052.4000244140625,1050.4000244140625,1050.4000244140625,38870,-0.0019004180478934263,0.0010482946104557467,0.001258488778658196,0.45,0.4,0,1051.0143140152782,1053.7979192630448,48.44719084085223,-0.47764168168441756,-0.9355754842273202,1051.377524858327,0.001258488778658196,0,SBIN,5m,2026-03-19 07:30:00
1050.5,1050.699951171875,1049.699951171875,1050.5999755859375,62737,0.00019035716605819708,0.00114346402130594,0.0012588358626711173,0.45,0.45,0,1050.9748532124838,1053.6725097070798,49.68951163478379,-0.46782181339131057,-0.8420247500601183,1051.3655022304747,0.0012588358626711173,0,SBIN,5m,2026-03-19 07:35:00
1050.5,1050.5999755859375,1047.5,1047.5999755859375,247307,-0.002855511202850436,-0.003329845001707743,0.0013602476685872257,0.4,0.5,0,1050.65343629567,1053.434371114094,45.45454545454545,-0.6941131209860032,-0.8124424242452954,1051.2439904151404,0.0013602476685872257,0,SBIN,5m,2026-03-19 07:40:00
1048.0999755859375,1049.300048828125,1047.5,1049.0999755859375,188440,0.0014318442487182281,-0.0008571661086309579,0.0013883975770955723,0.4,0.5,0,1050.5054876566478,1053.264394818872,47.54087425205622,-0.7438386398025614,-0.7987216673567487,1051.1603936456693,0.0013883975770955723,0,SBIN,5m,2026-03-19 07:45:00
1049.0999755859375,1050.0,1048.300048828125,1048.699951171875,134428,-0.00038130247199663625,-0.0005719028193319486,0.0013830970476400822,0.45,0.45,0,1050.3335318009551,1053.0853970287937,40.11944095201895,-0.8062313654695572,-0.8002236069793105,1051.1121454059019,0.0013830970476400822,0,SBIN,5m,2026-03-19 07:50:00
1048.5999755859375,1049.0,1047.0,1047.800048828125,101679,-0.0008581123158672987,-0.0025701581836030662,0.0013662006968750738,0.4,0.45,0,1050.0922477083047,1052.8781284719048,40.60592609033404,-0.9177138148186259,-0.8237216485471737,1051.0593400759453,0.0013662006968750738,0,SBIN,5m,2026-03-19 07:55:00
1047.800048828125,1049.300048828125,1046.800048828125,1047.9000244140625,127054,9.541475594443405e-05,-0.002854695908559579,0.001362093580926511,0.4,0.5,0,1049.8834645374245,1052.6829087049307,46.89638915314739,-0.9866240766575629,-0.8563021341692516,1050.9971284339215,0.001362093580926511,0,SBIN,5m,2026-03-19 08:00:00
1047.5999755859375,1049.5,1047.5999755859375,1049.5,139182,0.0015268399166534774,-0.0011420493267717546,0.0014120922296898607,0.45,0.5,0,1049.846944105289,1052.5580887557178,51.57236084452975,-0.9017366387454331,-0.865389035084488,1050.9507034783144,0.0014120922296898607,0,SBIN,5m,2026-03-19 08:05:00
1049.5,1049.5,1048.5,1049.0999755859375,208516,-0.00038115713583852795,-9.528744814168988e-05,0.0013775666294047481,0.45,0.45,0,1049.775804246303,1052.42247647455,48.07696822204659,-0.8568639652780803,-0.8636840211232064,1050.8900872840907,0.0013775666294047481,0,SBIN,5m,2026-03-19 08:10:00
1049.0,1049.4000244140625,1048.4000244140625,1049.0,34851,-9.52965287046581e-05,-0.0009523809523809268,0.0013657523753904841,0.4,0.45,0,1049.7019181276075,1052.288261710842,42.25353323475809,-0.8199177411800065,-0.8549307651345666,1050.8798023718778,0.0013657523753904841,0,SBIN,5m,2026-03-19 08:15:00
1048.699951171875,1049.4000244140625,1048.5999755859375,1049.0999755859375,88540,9.530561099846402e-05,-0.0027566771996792028,0.0012873548973519836,0.35,0.45,0,1049.6445902664962,1052.1632308824144,47.28649160160871,-0.7736522169693671,-0.8386750555015268,1050.8554705143156,0.0012873548973519836,0,SBIN,5m,2026-03-19 08:20:00
1049.4000244140625,1049.4000244140625,1047.199951171875,1047.9000244140625,55687,-0.001143791058811905,-0.002854695908559579,0.0012911828532419197,0.35,0.5,0,1049.478441137693,1051.996046315028,31.62397621159164,-0.8243103502647955,-0.8358021144541805,1050.8333690940894,0.0012911828532419197,0,SBIN,5m,2026-03-19 08:25:00
1047.800048828125,1049.0,1046.5,1047.0,279366,-0.0008588838563733381,-0.001716293615867226,0.0012285960897464284,0.35,0.5,0,1049.2423991245794,1051.800122930125,28.799390613097913,-0.926402740147978,-0.85392223959294,1050.7013566567496,0.0012285960897464284,0,SBIN,5m,2026-03-19 08:30:00
1047.199951171875,1048.0,1046.4000244140625,1046.4000244140625,107724,-0.0005730425844675535,-0.0024785277272998396,0.001231437021196749,0.35,0.55,0,1048.9716967711968,1051.5883543608677,26.922643529212905,-1.0436936594171584,-0.8918765235577838,1050.6446805449432,0.001231437021196749,0,SBIN,5m,2026-03-19 08:35:00
1046.4000244140625,1047.0,1044.699951171875,1046.800048828125,332405,0.00038228631950443237,-0.002762601199049808,0.0012234303553275486,0.3,0.55,0,1048.764873157571,1051.4005776733093,34.210329060790045,-1.0917835299801482,-0.9318579248422567,1050.446059364,0.0012234303553275486,0,SBIN,5m,2026-03-19 08:40:00
1046.5999755859375,1050.5,1046.5999755859375,1049.199951171875,230198,0.0022926081694747413,-0.0019025876074008075,0.0012947932700860352,0.3,0.55,0,1048.8063091589331,1051.3142785948216,44.852749777845595,-0.9255736002364756,-0.9306010599211005,1050.3960105953574,0.0012947932700860352,0,SBIN,5m,2026-03-19 08:45:00
1049.5,1049.5999755859375,1048.0,1048.9000244140625,69201,-0.0002858623444249586,-0.000857329369594928,0.0012629196085216841,0.3,0.55,0,1048.8152344213263,1051.219601960282,55.9637137417404,-0.8087300792626593,-0.9062268637894124,1050.3821353220949,0.0012629196085216841,0,SBIN,5m,2026-03-19 08:50:00
1048.9000244140625,1049.0999755859375,1047.199951171875,1049.0999755859375,103629,0.00019062939004754753,-0.0029461848791049183,0.0011406035230301802,0.25,0.55,0,1048.8423526274796,1051.1364793573666,50.0,-0.692019192090811,-0.8633853294496922,1050.3569998511903,0.0011406035230301802,0,SBIN,5m,2026-03-19 08:55:00
1048.800048828125,1051.5,1048.199951171875,1051.5,186238,0.0022876984748017026,-0.0007602858414916813,0.0012638051200668378,0.25,0.55,0,1049.095461901053,1051.1507350688423,62.069582421283044,-0.4012378407110191,-0.7709558317019576,1050.3579901681971,0.0012638051200668378,0,SBIN,5m,2026-03-19 09:00:00
1051.4000244140625,1051.9000244140625,1050.0,1050.300048828125,206588,-0.0011411803821921307,-0.001995415751825602,0.0012870116131380488,0.3,0.55,0,1049.2101844655363,1051.1173748241083,60.50450339549865,-0.2645677832185811,-0.6696782220052824,1050.3673442799254,0.0012870116131380488,0,SBIN,5m,2026-03-19 09:05:00
1050.300048828125,1053.699951171875,1050.0,1053.0,307273,0.00257064747820146,0.002475224224588013,0.001344671197790302,0.35,0.5,0,1049.5711192783424,1051.1912032623786,67.58656687517365,0.06090563488896805,-0.5235614506264323,1050.434034843826,0.001344671197790302,0,SBIN,5m,2026-03-19 09:10:00
1053.199951171875,1053.9000244140625,1050.800048828125,1053.800048828125,277207,0.0007597804635564032,0.0030459483310028013,0.0013521470816199811,0.4,0.45,0,1049.9738744735598,1051.2935109316236,65.6939444701857,0.3790336537708754,-0.3430424297469708,1050.5089808458315,0.0013521470816199811,0,SBIN,5m,2026-03-19 09:15:00
1053.800048828125,1053.9000244140625,1050.300048828125,1050.699951171875,191118,-0.002941827208774006,0.002959121475927473,0.0013623541309155979,0.4,0.45,0,1050.0430246353042,1051.2702340783,54.87803970315676,0.3766585432365446,-0.1991022351502677,1050.5326840143416,0.0013623541309155979,0,SBIN,5m,2026-03-19 09:20:00
1050.699951171875,1051.0,1042.5999755859375,1042.5999755859375,734129,-0.007709123405690965,-0.0061957870091167155,0.0021906974509152926,0.4,0.5,0,1049.3341628210787,1050.9302239413446,36.88507777049574,-0.2756466019945947,-0.21441110851913311,1050.1481805336161,0.0021906974509152926,0,SBIN,5m,2026-03-19 09:25:00
1042.4000244140625,1049.0999755859375,1041.0,1048.4000244140625,722807,0.005563062501382943,-0.00028599863810174764,0.002553492486281327,0.35,0.55,0,1049.2451972585056,1050.8310004304708,48.837284753708765,-0.3208886571030689,-0.2357066182359203,1049.8746873611776,0.002553492486281327,0,SBIN,5m,2026-03-19 09:30:00
1048.199951171875,1048.9000244140625,1046.4000244140625,1047.0,498747,-0.0013353914359597319,-0.0007635510506224241,0.0025640324553970204,0.35,0.5,0,1049.0313689481718,1050.680765119472,48.514807607859254,-0.4643607201235227,-0.2814374386134408,1049.764210201011,0.0025640324553970204,0,SBIN,5m,2026-03-19 09:35:00
1047.0,1049.4000244140625,1046.800048828125,1048.800048828125,457734,0.00171924434395887,0.0008588838563734491,0.0025939171618896348,0.35,0.45,0,1049.0093384605482,1050.6070115394193,52.884698149379865,-0.42788210833600715,-0.31072637255795404,1049.70715502904,0.0025939171618896348,0,SBIN,5m,2026-03-19 09:40:00
1048.800048828125,1051.9000244140625,1048.300048828125,1051.9000244140625,423709,0.0029557355469245206,0.002286826502203354,0.0026557875397504416,0.35,0.45,0,1049.2846418846925,1050.6577179266603,58.16024921215633,-0.14713435027010746,-0.27800796810038475,1049.7424988651335,0.0026557875397504416,0,SBIN,5m,2026-03-19 09:45:00
1051.9000244140625,1053.699951171875,1051.199951171875,1052.800048828125,267280,0.0008556178279051085,0.0035269024194961585,0.002657961641396847,0.4,0.45,0,1049.6194425459719,1050.7417309031885,58.77194234846484,0.14629828352735785,-0.19314671777483625,1049.804522967635,0.002657961641396847,0,SBIN,5m,2026-03-19 09:50:00
1052.9000244140625,1055.5,1051.699951171875,1052.5,419677,-0.00028500077337478835,0.003336510962821837,0.00265933169571336,0.45,0.4,0,1049.8937813511175,1050.8106826324752,55.140247334235866,0.3505929102302616,-0.08439879217381667,1049.918820988057,0.00265933169571336,1,SBIN,5m,2026-03-19 09:55:00
1077.300048828125,1080.0,1073.4000244140625,1077.800048828125,452936,0.0007428494225858451,0.028533279623484287,0.005783466704800691,0.55,0.35,0,1054.8872043504189,1052.855845436771,75.21962898523364,4.150358887566199,1.1698282939719036,1077.0666910807292,0.005783466704800691,1,SBIN,5m,2026-03-20 03:50:00
1078.199951171875,1080.699951171875,1077.5,1079.0,307919,0.0011133337516358033,0.030563514804202496,0.005759267783035503,0.6,0.3,1,1057.1836610789503,1053.881106400035,74.6857303154093,5.522298224569795,2.0403222800914818,1077.8760771933837,0.005759267783035503,1,SBIN,5m,2026-03-20 03:55:00
1079.0,1084.0,1078.5,1083.9000244140625,343425,0.0045412645172033805,0.035837155127168785,0.005774868889423545,0.65,0.25,1,1059.7280766346753,1055.0583188711732,78.2826798628051,6.925132436454533,3.017284311364092,1079.2000629439742,0.005774868889423545,1,SBIN,5m,2026-03-20 04:00:00
1083.800048828125,1085.0,1082.4000244140625,1085.0,312020,0.0010148312216637922,0.036492118255668116,0.005768552993002153,0.7,0.2,1,1062.134926478992,1056.2325024448528,77.68152059134107,8.033047521721528,4.0204369534355795,1080.286895935652,0.005768552993002153,1,SBIN,5m,2026-03-20 04:05:00
1084.5999755859375,1085.0,1082.300048828125,1083.300048828125,281966,-0.0015667752736174823,0.03250104769654527,0.005815893576420339,0.65,0.25,1,1064.1506524170047,1057.29397485204,75.12768470611722,8.67391881958224,4.9511333266649125,1080.8259128775535,0.005815893576420339,1,SBIN,5m,2026-03-20 04:10:00
1083.4000244140625,1084.5,1080.9000244140625,1083.0,386612,-0.00027697665891324164,0.032510224799533693,0.005815740951321153,0.65,0.3,1,1065.9458283772901,1058.3020542696072,78.89084453218149,9.05324236501201,5.771555134334332,1081.1919817395396,0.005815740951321153,0,SBIN,5m,2026-03-20 04:15:00
1083.0999755859375,1083.800048828125,1080.9000244140625,1081.699951171875,168048,-0.0012004144304016418,0.031074231574288236,0.005841953727261025,0.65,0.25,1,1067.4462210243935,1059.21961885401,89.81649756730619,9.143554724970954,6.445955052461658,1081.2621987019309,0.005841953727261025,0,SBIN,5m,2026-03-20 04:20:00
1081.5999755859375,1082.5999755859375,1079.199951171875,1080.800048828125,283456,-0.0008319334236588372,0.02786500126307656,0.005862753877219552,0.6,0.3,1,1068.7180141485583,1060.065910225544,86.65155059419422,9.038325136548792,6.964429069279085,1081.2179946997896,0.005862753877219552,0,SBIN,5m,2026-03-20 04:25:00
1080.4000244140625,1081.9000244140625,1077.800048828125,1078.0999755859375,284798,-0.0024982171726538605,0.02646855704598927,0.0059013314287277565,0.55,0.35,0,1069.6115342854516,1060.7731284749711,84.1757056584133,8.637488987991674,7.299041053021603,1081.0210098616037,0.0059013314287277565,0,SBIN,5m,2026-03-20 04:30:00
1078.0,1079.9000244140625,1077.9000244140625,1079.4000244140625,273857,0.001205870380822871,0.02507124825646967,0.005894036595203096,0.5,0.35,0,1070.5437714405575,1061.5035949823866,83.99988064268489,8.328718248340238,7.50497649208533,1080.8480866046689,0.005894036595203096,0,SBIN,5m,2026-03-20 04:35:00
1078.800048828125,1079.0,1076.9000244140625,1077.0,244192,-0.0022234800442637592,0.02201551536999302,0.005944765121935357,0.45,0.4,0,1071.1586503509807,1062.11129713994,78.32943426277255,7.800434744091717,7.564068142486608,1080.6129978929948,0.005944765121935357,0,SBIN,5m,2026-03-20 04:40:00
1077.0,1078.0,1075.699951171875,1076.699951171875,263282,-0.00027859686919684545,0.024745408973324334,0.005878783547712572,0.45,0.4,0,1071.6863932863039,1062.6834012196236,77.34530380567163,7.2737080494127895,7.505996123871845,1080.334330518588,0.005878783547712572,0,SBIN,5m,2026-03-20 04:45:00
1076.800048828125,1078.0,1076.199951171875,1076.9000244140625,171715,0.0001858207961928926,0.032898570526868065,0.005499103194743447,0.45,0.35,0,1072.1829295841858,1063.2409158546998,77.98153835816257,6.7940994384355236,7.363616786784581,1080.1841455193098,0.005499103194743447,0,SBIN,5m,2026-03-20 04:50:00
1076.9000244140625,1077.9000244140625,1076.199951171875,1076.800048828125,95943,-9.283645990432188e-05,0.027088920023571106,0.005431423437567915,0.45,0.3,0,1072.6226552264657,1063.77264655954,49.47929912008545,6.332936811145601,7.157480791656785,1080.1043831645463,0.005431423437567915,0,SBIN,5m,2026-03-20 04:55:00
1076.699951171875,1078.699951171875,1076.5,1078.199951171875,128758,0.001300057838290014,0.029799380297874878,0.005394659711699315,0.5,0.3,0,1073.1538262688857,1064.338423211004,51.00985191304669,6.011129961788583,6.928210625683144,1080.030185271251,0.005394659711699315,0,SBIN,5m,2026-03-20 05:00:00
1078.199951171875,1079.0,1077.199951171875,1077.9000244140625,165356,-0.0002781735961743248,0.027745970853502833,0.005408525497640214,0.5,0.3,0,1073.6058451398549,1064.8702507091632,47.09001543638466,5.666573401563255,6.6758831808591665,1079.9508936393622,0.005408525497640214,0,SBIN,5m,2026-03-20 05:05:00
1077.800048828125,1079.0,1077.5999755859375,1077.9000244140625,227842,0.0,0.02471717786534211,0.00540367052815776,0.45,0.3,0,1074.0148145945413,1065.3812222270024,28.57142857142857,5.332045345528513,6.407115613793036,1079.8583366556898,0.00540367052815776,0,SBIN,5m,2026-03-20 05:10:00
1077.800048828125,1079.199951171875,1076.9000244140625,1077.800048828125,147681,-9.275033275168987e-05,0.023746199506570642,0.005411332926809792,0.45,0.35,0,1074.3753130929779,1065.8682350348895,22.30788010817308,5.001211404793821,6.125934771993194,1079.7968004328163,0.005411332926809792,0,SBIN,5m,2026-03-20 05:15:00
1077.800048828125,1078.699951171875,1077.300048828125,1077.800048828125,262479,0.0,0.02403805114311175,0.0054076242472796444,0.4,0.35,0,1074.7014784010871,1066.336149301291,25.663821972561294,4.685017161713404,5.837751249937236,1079.694949603745,0.0054076242472796444,0,SBIN,5m,2026-03-20 05:20:00
1077.9000244140625,1078.0,1071.800048828125,1073.300048828125,396945,-0.004175171456795468,-0.0034354235579154846,0.001769553834947792,0.35,0.4,0,1074.568008917948,1066.6092434003826,18.709834929435488,4.024921761445512,5.475185352238892,1079.288154299619,0.001769553834947792,0,SBIN,5m,2026-03-20 05:25:00
1073.0999755859375,1074.0,1072.0,1072.5999755859375,174475,-0.0006522623780291781,-0.004824710527561615,0.0017591188679342074,0.3,0.4,0,1074.3805771720422,1066.844174074326,19.463219210067095,3.406038647768355,5.0613560113447855,1079.0796593274088,0.0017591188679342074,0,SBIN,5m,2026-03-20 05:30:00
1072.5,1074.5999755859375,1072.0999755859375,1074.4000244140625,108277,0.0016782107673847246,-0.004263184046281232,0.0017863210164823873,0.3,0.4,0,1074.3824292903298,1067.1404819307863,29.74697724726697,3.0259370988655974,4.6542722288489475,1078.9734031860798,0.0017863210164823873,0,SBIN,5m,2026-03-20 05:35:00
1074.300048828125,1074.9000244140625,1073.0999755859375,1074.0,341287,-0.00037232353404004215,-0.009133706237726358,0.0013926909270730278,0.3,0.4,0,1074.3460074531556,1067.409482639383,34.815042543379775,2.6617423469072037,4.2557662524605995,1078.6819246620469,0.0013926909270730278,0,SBIN,5m,2026-03-20 05:40:00
1074.0999755859375,1075.0999755859375,1073.199951171875,1075.0,224335,0.0009310986964619072,-0.009216589861751112,0.0013881495829667597,0.3,0.4,0,1074.4082924576169,1067.7071499868582,33.33333333333333,2.425843411932192,3.8897816843549182,1078.5243228725355,0.0013881495829667597,0,SBIN,5m,2026-03-20 05:45:00
1074.9000244140625,1078.0,1074.5999755859375,1075.0999755859375,303531,9.30005450581195e-05,-0.007569530944873559,0.0013680910651697289,0.35,0.35,0,1074.4741670412664,1067.9970647162338,41.28431120020606,2.2213526302807622,3.556095873540087,1078.3989014657939,0.0013680910651697289,0,SBIN,5m,2026-03-20 05:50:00
1075.0999755859375,1075.5999755859375,1073.0,1074.800048828125,171458,-0.0002789756902831231,-0.007571515394159789,0.0013680832956788247,0.35,0.35,0,1074.5052034019195,1068.2638484068962,41.284773551941946,2.011898713773917,3.247256441586853,1078.2955358688816,0.0013680832956788247,0,SBIN,5m,2026-03-20 05:55:00
1074.800048828125,1075.699951171875,1074.199951171875,1075.0,179786,0.0001860356929579421,-0.006193909100778328,0.001359372279235057,0.4,0.35,0,1074.552326887451,1068.528011214469,41.28411598033397,1.840819542600002,2.965969061789483,1078.20624071998,0.001359372279235057,0,SBIN,5m,2026-03-20 06:00:00
1074.9000244140625,1075.0,1073.0999755859375,1073.0999755859375,106804,-0.0017674645712209003,-0.0071244197763836725,0.001393943613611962,0.4,0.35,0,1074.4140077158784,1068.7073039349186,35.43258648365486,1.5342362553153635,2.6796225004946597,1078.1360816217639,0.001393943613611962,0,SBIN,5m,2026-03-20 06:05:00
1073.0999755859375,1073.4000244140625,1071.699951171875,1071.9000244140625,208388,-0.0011182100448933197,-0.005750812830234375,0.001314224759307406,0.4,0.35,0,1074.1745807347531,1068.832508659591,24.800046875457767,1.180828899654216,2.379863780326571,1077.9637679949649,0.001314224759307406,0,SBIN,5m,2026-03-20 06:10:00
1072.0,1072.5,1071.5,1071.9000244140625,117348,0.0,-0.0069483044565162855,0.00126898891598607,0.4,0.4,0,1073.957956323259,1068.9528033950603,25.40973764783574,0.8904860551942875,2.0819882353001145,1077.8651338140173,0.00126898891598607,0,SBIN,5m,2026-03-20 06:15:00
1071.5,1071.800048828125,1069.800048828125,1069.800048828125,211684,-0.001959115158230773,-0.006685191431638815,0.0012496524048445624,0.4,0.4,0,1073.561965133246,1068.9860287061608,21.678261983012504,0.4853420584606738,1.7626589999322264,1077.651956814595,0.0012496524048445624,0,SBIN,5m,2026-03-20 06:20:00
1069.5999755859375,1070.0,1068.800048828125,1069.9000244140625,99633,9.345259055382193e-05,-0.00631552620617426,0.0012532935630344274,0.4,0.4,0,1073.2132088742762,1069.021871675098,22.37739553544752,0.17036584498669072,1.4442003689431193,1077.5437733940237,0.0012532935630344274,0,SBIN,5m,2026-03-20 06:25:00
1070.0,1070.4000244140625,1068.199951171875,1068.5999755859375,176914,-0.0012151124389748746,-0.007707353180385512,0.0012628842067407165,0.45,0.45,0,1072.7738533230058,1069.005326730425,20.5125396142259,-0.18205948057675414,1.1189483990391447,1077.3470408439593,0.0012628842067407165,0,SBIN,5m,2026-03-20 06:30:00
1068.4000244140625,1069.5999755859375,1066.800048828125,1067.0999755859375,150296,-0.0014037058153379967,-0.00900823997244804,0.00128075726961242,0.45,0.5,0,1072.2334840147137,1068.9306070777,25.39648708086689,-0.5757595563820814,0.7800068079548994,1077.163097688759,0.00128075726961242,0,SBIN,5m,2026-03-20 06:35:00
1067.0999755859375,1068.300048828125,1066.5,1067.9000244140625,194118,0.0007497412111603374,-0.009552891137323605,0.0012466006435039676,0.4,0.55,0,1071.8207735765563,1068.8901920712829,31.496184086583753,-0.8138311103234628,0.4612392242992269,1076.9292953298527,0.0012466006435039676,0,SBIN,5m,2026-03-20 06:40:00
1068.0,1068.0999755859375,1064.5,1065.0,182996,-0.0027156328755153503,-0.011967737379980914,0.0013414635472800193,0.35,0.6,0,1071.1711760930748,1068.7376355194679,15.941759767888257,-1.2224209578628233,0.12450718786681686,1076.6809175148223,0.0013414635472800193,-1,SBIN,5m,2026-03-20 06:45:00
1064.5999755859375,1065.0,1062.4000244140625,1063.0,230197,-0.00187793427230043,-0.013823197028093648,0.001362740000972755,0.35,0.65,0,1070.3929688461153,1068.512630204979,14.285487808744733,-1.6881546451613758,-0.23802517873882173,1076.3179575782503,0.001362740000972755,0,SBIN,5m,2026-03-20 06:50:00
1062.699951171875,1063.0,1060.800048828125,1062.699951171875,185170,-0.000282266065968928,-0.014010110384266583,0.001358986644932079,0.3,0.65,0,1069.6603004961876,1068.2846820076022,8.162960256431546,-2.0577430001869743,-0.6019687430284523,1076.0120485344194,0.001358986644932079,0,SBIN,5m,2026-03-20 06:55:00
1062.699951171875,1065.0,1060.199951171875,1065.0,343650,0.002164344531670137,-0.011876088558394726,0.0014971736584860334,0.35,0.7,-1,1069.2164623536935,1068.1558709484805,20.118458593665366,-2.1403767849271844,-0.9096503514081988,1075.5255904150142,0.0014971736584860334,0,SBIN,5m,2026-03-20 07:00:00
1065.0,1067.0,1064.0999755859375,1066.0999755859375,306238,0.0010328409257629456,-0.006708350800923579,0.0012789125289752806,0.4,0.65,0,1068.9196540900975,1068.0752476009297,25.42362361119733,-2.092979255746741,-1.1463161322759072,1075.2001969247453,0.0012789125289752806,0,SBIN,5m,2026-03-20 07:05:00
1066.199951171875,1066.699951171875,1063.5999755859375,1064.699951171875,189244,-0.0013132205666668284,-0.0073653035557332824,0.0012959491734751889,0.4,0.7,0,1068.5177776216954,1067.9428830350844,22.75140476651812,-2.1436756832285937,-1.3457880424664446,1074.994952729341,0.0012959491734751889,0,SBIN,5m,2026-03-20 07:10:00
1064.5999755859375,1067.699951171875,1064.0,1065.4000244140625,380027,0.0006575310174636861,-0.00837676823854161,0.0012294905199641895,0.4,0.7,0,1068.2208487447779,1067.8431630891619,28.248965517241373,-2.1031194554316244,-1.4972543250594805,1074.6339609001898,0.0012294905199641895,0,SBIN,5m,2026-03-20 07:15:00
1065.4000244140625,1067.4000244140625,1064.0999755859375,1065.0,337908,-0.00037546874872895764,-0.008379888268156388,0.0012294843294699347,0.35,0.7,0,1067.914101245275,1067.73166649743,29.586050979797335,-2.079288239271591,-1.6136611079019025,1074.3290670654349,0.0012294843294699347,0,SBIN,5m,2026-03-20 07:20:00
1064.9000244140625,1066.5,1064.0,1064.0999755859375,164682,-0.0008450933465375954,-0.010139557594476711,0.0011902822121509103,0.3,0.75,0,1067.550851182481,1067.589247245999,28.090111095871634,-2.1087182854046205,-1.7126725434024461,1074.1775956969104,0.0011902822121509103,0,SBIN,5m,2026-03-20 07:25:00
1064.199951171875,1065.199951171875,1063.300048828125,1064.800048828125,255469,0.0006579017557086786,-0.009580436230778422,0.001211821038875112,0.25,0.8,0,1067.2888700058757,1067.4798669158865,34.756460640705015,-2.0518987377229223,-1.7805177822665414,1073.9414846689642,0.001211821038875112,0,SBIN,5m,2026-03-20 07:30:00
1065.0,1066.699951171875,1064.0999755859375,1065.9000244140625,231436,0.0010330348755600571,-0.008280632684903866,0.0012579399978675855,0.3,0.75,0,1067.1565989971316,1067.4179123079718,38.506005163317994,-1.8962511964989517,-1.8036644651130236,1073.7615947831264,0.0012579399978675855,0,SBIN,5m,2026-03-20 07:35:00
1065.9000244140625,1065.9000244140625,1064.199951171875,1065.0,171557,-0.000844379766814618,-0.009302325581395321,0.0012531235483271405,0.25,0.75,0,1066.9512086164523,1067.3230922174632,39.41206459534563,-1.8244922363028309,-1.8078300193509853,1073.6247980658113,0.0012531235483271405,0,SBIN,5m,2026-03-20 07:40:00
1064.9000244140625,1067.4000244140625,1064.5,1064.5999755859375,95435,-0.0003756097784624046,-0.007920976790031897,0.0012151406699630462,0.3,0.7,0,1066.727281661165,1067.2163033299526,42.13855791671784,-1.7793896738944568,-1.8021419502596798,1073.5545734607292,0.0012151406699630462,0,SBIN,5m,2026-03-20 07:45:00
1064.699951171875,1066.5,1063.0999755859375,1066.0,202808,0.001315070868090018,-0.005504267450024192,0.0012600964081539523,0.3,0.7,0,1066.658016741054,1067.1686051601505,44.242478046326504,-1.6120921042315786,-1.7641319810540597,1073.4038869992087,0.0012600964081539523,0,SBIN,5m,2026-03-20 07:50:00
1066.0999755859375,1067.800048828125,1065.5999755859375,1066.5,75654,0.00046904315197005,-0.005037806037008319,0.0012698147643674551,0.35,0.65,0,1066.6429675276204,1067.1423853499484,55.31901999826854,-1.4227610498890044,-1.6958577948210487,1073.3586381239743,0.0012698147643674551,0,SBIN,5m,2026-03-20 07:55:00
1066.699951171875,1067.0999755859375,1065.199951171875,1065.199951171875,114150,-0.001218986242967679,-0.004299960222743482,0.0012275176183854754,0.35,0.65,0,1066.5055373985017,1067.0662114606123,58.20853374143711,-1.3619185514382934,-1.6290699461444977,1073.2835109341809,0.0012275176183854754,0,SBIN,5m,2026-03-20 08:00:00
1065.199951171875,1067.300048828125,1064.9000244140625,1066.800048828125,121986,0.0015021570874929058,-0.002897444167865304,0.0012851924213248041,0.4,0.65,0,1066.5335861060848,1067.0557737103188,63.94549349808182,-1.1710863700857317,-1.5374732309327448,1073.210145854935,0.0012851924213248041,0,SBIN,5m,2026-03-20 08:05:00
1067.0,1067.0999755859375,1065.0,1065.699951171875,87074,-0.0010312126039536684,-0.002713854089761103,0.0012777643030359059,0.35,0.6,0,1066.4541923028266,1067.0026041990075,52.59231798618395,-1.0959853416602527,-1.4491756530782465,1073.1557260347442,0.0012777643030359059,0,SBIN,5m,2026-03-20 08:10:00
1065.699951171875,1065.9000244140625,1063.5999755859375,1064.0999755859375,73547,-0.0015013377678942952,-0.002811357950179616,0.0012830416268543043,0.35,0.6,0,1066.2299811869325,1066.888775625946,42.85739197154117,-1.1522890232060945,-1.3897983271038161,1073.1016027120347,0.0012830416268543043,0,SBIN,5m,2026-03-20 08:15:00
1064.199951171875,1066.0,1063.699951171875,1065.9000244140625,81391,0.0016916162667270918,-0.0018728344922525064,0.0013337026715630593,0.4,0.55,0,1066.1985567323734,1066.850001068617,54.166772626707015,-1.039676456666939,-1.3197739530164407,1073.0470926227526,0.0013337026715630593,0,SBIN,5m,2026-03-20 08:20:00
1065.800048828125,1066.800048828125,1064.0999755859375,1064.699951171875,62200,-0.0011258778634958277,-0.0002817359888497295,0.001210880054989806,0.45,0.5,0,1066.0558323932783,1066.7656853863919,47.65084176463359,-1.035331411528432,-1.262885444718839,1073.005939679604,0.001210880054989806,0,SBIN,5m,2026-03-20 08:25:00
1064.5999755859375,1067.199951171875,1063.699951171875,1066.9000244140625,137990,0.0020663786447683297,0.0036688846792685137,0.0012124231946379887,0.5,0.5,0,1066.136231633353,1066.7709535835556,55.68850457931015,-0.8446241071396798,-1.1792331772030071,1072.9245992913181,0.0012124231946379887,0,SBIN,5m,2026-03-20 08:30:00
1067.300048828125,1067.5999755859375,1064.300048828125,1064.800048828125,103791,-0.0019682965019058862,0.0019761906019983844,0.0013018544572865282,0.55,0.45,0,1066.008976128093,1066.69366320099,51.95545584113583,-0.853103626429629,-1.1140072670483316,1072.861496142899,0.0013018544572865282,0,SBIN,5m,2026-03-20 08:35:00
1064.5999755859375,1066.0999755859375,1063.800048828125,1064.699951171875,91703,-9.400605903442383e-05,-0.0002817359888497295,0.0012078826247133338,0.5,0.45,0,1065.8843070846438,1066.6154784155347,49.71070939700549,-0.8580101440193175,-1.062807842442529,1072.8013716070368,0.0012078826247133338,0,SBIN,5m,2026-03-20 08:40:00
1064.5999755859375,1065.0,1063.4000244140625,1065.0,137778,0.0002818153863863859,-0.0010317752660419233,0.001185104142835802,0.45,0.5,0,1065.8000873622966,1066.552126320808,47.27275417428037,-0.8281408693003414,-1.0158744478140915,1072.708250384683,0.001185104142835802,0,SBIN,5m,2026-03-20 08:45:00
1064.9000244140625,1065.5999755859375,1062.800048828125,1063.5,121497,-0.0014084507042253502,-0.0011270322409184796,0.0011906210910599424,0.5,0.5,0,1065.5810314230303,1066.432435092541,45.614185369196505,-0.9149596327622476,-0.9956914848037228,1072.622964662554,0.0011906210910599424,0,SBIN,5m,2026-03-20 08:50:00
1063.5999755859375,1063.5999755859375,1061.0999755859375,1061.300048828125,118049,-0.002068595366126025,-0.0038482968762764136,0.0012587673095181978,0.45,0.55,0,1065.1733187949442,1066.231165042956,41.27027184127415,-1.1480478214616596,-1.0261627521353103,1072.5232103627866,0.0012587673095181978,-1,SBIN,5m,2026-03-20 08:55:00
1061.0,1063.0,1060.800048828125,1062.699951171875,109181,0.001319044831191496,-0.0021596702611502705,0.0013020527278453633,0.45,0.6,0,1064.9377599736995,1066.0926860676195,41.269892528676245,-1.2059104852264682,-1.0621122987535419,1072.4340380737333,0.0013020527278453633,0,SBIN,5m,2026-03-20 09:00:00
1062.699951171875,1062.800048828125,1060.699951171875,1062.4000244140625,120438,-0.00028223089450762906,-0.001597548360941281,0.0012913048011046935,0.45,0.6,0,1064.6960708727818,1065.9478758066957,39.03768448950017,-1.261427692671532,-1.10197537753714,1072.3355545951567,0.0012913048011046935,-1,SBIN,5m,2026-03-20 09:05:00
1062.5,1062.5,1058.0999755859375,1058.0999755859375,129238,-0.004047485626232472,-0.0062923299539301425,0.001552236753701963,0.45,0.6,-1,1064.0678713216537,1065.6401150137249,33.64084851689552,-1.6335726740508107,-1.208294836839874,1072.2079272544395,0.001552236753701963,-1,SBIN,5m,2026-03-20 09:10:00
1058.199951171875,1060.5,1057.0,1060.300048828125,202177,0.002079267831916587,-0.005253753126627347,0.0016163426365793444,0.4,0.65,0,1063.7090310841747,1065.4307006535053,35.4262004335355,-1.7310186239135419,-1.3128395942546076,1072.0086904951536,0.0016163426365793444,0,SBIN,5m,2026-03-20 09:15:00
1060.5,1060.9000244140625,1055.0999755859375,1055.0999755859375,155784,-0.00490434122674499,-0.009295797571889697,0.00191978433399665,0.45,0.7,-1,1062.8891210367235,1065.0255741802673,29.924492881616118,-2.202459115360625,-1.4907634984758111,1071.8331245162422,0.00191978433399665,-1,SBIN,5m,2026-03-20 09:20:00
1055.0999755859375,1057.0,1054.0999755859375,1056.300048828125,147196,0.0011374023978354408,-0.007796286819605092,0.0019530194782733797,0.4,0.75,-1,1062.2615903501903,1064.6833967154776,35.00035212094181,-2.450989736173142,-1.6828087460152772,1071.6574658196753,0.0019530194782733797,-1,SBIN,5m,2026-03-20 09:25:00
1056.300048828125,1061.9000244140625,1056.300048828125,1061.300048828125,692871,0.004733503520658822,-0.004408959823522518,0.002238730869331504,0.45,0.7,0,1062.1700149671365,1064.5507164061696,42.12341508889716,-2.2189155532066707,-1.790030107453556,1071.0775871223248,0.002238730869331504,-1,SBIN,5m,2026-03-20 09:30:00
1061.300048828125,1061.5999755859375,1059.199951171875,1059.300048828125,491847,-0.0018844812098222086,-0.006751009068799774,0.0022624170457979714,0.4,0.7,-1,1061.8966848586592,1064.3448078736974,41.000236000683586,-2.1713484234956013,-1.8662937706619653,1070.706033380488,0.0022624170457979714,-1,SBIN,5m,2026-03-20 09:35:00
1059.300048828125,1059.699951171875,1055.5,1056.5999755859375,528731,-0.0025489220407141078,-0.008073578652042057,0.002308798528627573,0.4,0.7,-1,1061.3922363564952,1064.0410889604518,33.114809211632206,-2.3247264759647805,-1.9579803117225283,1070.2369605037532,0.002308798528627573,0,SBIN,5m,2026-03-20 09:40:00
1056.800048828125,1056.9000244140625,1054.5999755859375,1056.199951171875,627342,-0.00037859589561384244,-0.009936349054252669,0.0022650164563628454,0.35,0.7,-1,1060.897733005579,1063.7335933609,35.06942678398862,-2.4503126358476948,-2.0564467765475616,1069.6668419713328,0.0022650164563628454,-1,SBIN,5m,2026-03-20 09:45:00
1056.199951171875,1059.699951171875,1056.0999755859375,1057.4000244140625,617497,0.0011362178542575485,-0.007788239784271012,0.0022898137721567686,0.4,0.7,-1,1060.564617901625,1063.4852181080828,37.79287426054225,-2.4250502217255416,-2.1301674655831575,1069.2173394867893,0.0022898137721567686,-1,SBIN,5m,2026-03-20 09:50:00
1057.300048828125,1058.4000244140625,1056.300048828125,1058.300048828125,454101,0.0008511673853621726,-0.005450546838532522,0.002290055512398278,0.4,0.65,0,1060.3489446565297,1063.2818781363198,39.016561406879106,-2.3058250127105566,-2.1652989750086373,1068.906009952087,0.002290055512398278,-1,SBIN,5m,2026-03-20 09:55:00
1027.300048828125,1029.5999755859375,1025.4000244140625,1028.0,487690,0.00048661800486615725,-0.03446975942046471,0.0068224518827743105,0.3,0.75,-1,1054.4375714762068,1060.5500920435618,21.342639476592467,-6.381537932566744,-3.4049984013423815,1027.6666666666667,0.0068224518827743105,-1,SBIN,5m,2026-03-23 03:50:00
1027.5999755859375,1028.5,1023.0999755859375,1023.2999877929688,287630,-0.004571996310341664,-0.040866093938875636,0.006789442186225118,0.25,0.75,-1,1051.4720873158983,1059.0893036415778,17.915575281937606,-8.045750627850339,-4.333148846643973,1026.6650099170556,0.006789442186225118,-1,SBIN,5m,2026-03-23 03:55:00
1023.2999877929688,1027.0,1022.2000122070312,1026.699951171875,253935,0.003322548049901952,-0.03578145746535366,0.006895523426110163,0.2,0.8,-1,1049.1128362545628,1057.8191329564916,22.325734119624215,-8.98670935742939,-5.263860948801057,1026.3282353635389,0.006895523426110163,-1,SBIN,5m,2026-03-23 04:00:00
1026.699951171875,1029.0999755859375,1024.9000244140625,1025.0,297601,-0.0016557429168421178,-0.037287454675074216,0.006884053582166098,0.25,0.75,-1,1046.8163756588901,1056.5321081346683,23.263516391632223,-9.757123733546223,-6.16251350575009,1026.3293787889813,0.006884053582166098,-1,SBIN,5m,2026-03-23 04:05:00
1025.199951171875,1028.0999755859375,1024.9000244140625,1027.5999755859375,109502,0.002536561547256122,-0.03511739381602108,0.0069394789472731555,0.25,0.7,-1,1044.986242318609,1055.3975147013848,23.756083893064556,-10.042126987368874,-6.938436202073849,1026.370338776709,0.0069394789472731555,-1,SBIN,5m,2026-03-23 04:10:00
1027.800048828125,1028.199951171875,1022.9000244140625,1025.0,167240,-0.0025301436820830414,-0.036201222378937525,0.006940998728118641,0.25,0.7,-1,1043.0827906692175,1054.2054553013306,24.79072268660134,-10.358385401209262,-7.6224260419009315,1026.2656644850936,0.006940998728118641,-1,SBIN,5m,2026-03-23 04:15:00
1024.5999755859375,1026.199951171875,1023.0,1023.5,138835,-0.0014634146341463428,-0.03561674087348188,0.006941171002149878,0.25,0.65,-1,1041.2177629864348,1053.0013197993178,22.66668158634117,-10.607780051355348,-8.219496843791815,1026.1037294464786,0.006941171002149878,-1,SBIN,5m,2026-03-23 04:20:00
1023.4000244140625,1024.0,1020.0999755859375,1020.2999877929688,417393,-0.003126538551080804,-0.03989833944393273,0.006907521946765285,0.25,0.65,-1,1039.2255939203903,1051.7189146225983,14.776661132965103,-10.937559966972458,-8.763109468427944,1025.207600480542,0.006907521946765285,-1,SBIN,5m,2026-03-23 04:25:00
1020.4000244140625,1022.7000122070312,1019.2999877929688,1022.4000244140625,105133,0.0020582540882279066,-0.03765060154442379,0.006957987464272063,0.25,0.65,-1,1037.6231587293114,1050.5691542222637,18.353416597744953,-10.903765697844847,-9.191240714311325,1025.0339572759278,0.006957987464272063,-1,SBIN,5m,2026-03-23 04:30:00
1022.2000122070312,1024.0,1021.5,1022.0,81845,-0.0003912601765554413,-0.03411773595963519,0.006946442225596051,0.3,0.6,-1,1036.1352388503294,1049.4487952331554,19.107231996303014,-10.784940047680266,-9.509980580985115,1024.9455852886429,0.006946442225596051,-1,SBIN,5m,2026-03-23 04:35:00
1021.5999755859375,1022.5,1019.2999877929688,1019.7000122070312,86477,-0.0022504772925330263,-0.03829108247798929,0.006889339235705194,0.3,0.6,-1,1034.5699791700154,1048.2821762909546,18.480237393728885,-10.752412538327462,-9.758466972453585,1024.7875924883842,0.006889339235705194,-1,SBIN,5m,2026-03-23 04:40:00
1019.7000122070312,1021.7999877929688,1017.5,1017.9000244140625,155445,-0.001765213073865568,-0.03525727611851803,0.006853612191107942,0.25,0.6,-1,1032.982364431353,1047.0907193546059,16.239316239316253,-10.747982176440928,-9.956370013251053,1024.4440688084546,0.006853612191107942,-1,SBIN,5m,2026-03-23 04:45:00
1017.7000122070312,1017.7000122070312,1015.5999755859375,1016.0,121035,-0.0018666120134501751,-0.038152084602130265,0.0068193640203037,0.25,0.6,-1,1031.364996390272,1045.8714754583468,14.453740480567234,-10.773595866951382,-10.119815183991118,1024.0862587061156,0.0068193640203037,0,SBIN,5m,2026-03-23 04:50:00
1016.0999755859375,1017.7999877929688,1015.7000122070312,1016.0999755859375,78724,9.840116726134163e-05,-0.04258934435374506,0.006658180246153292,0.25,0.6,-1,1029.9111848850973,1044.7039656594288,30.208240614761223,-10.662912291499197,-10.228434605492735,1023.8730256646238,0.006658180246153292,0,SBIN,5m,2026-03-23 04:55:00
1016.0,1018.0,1016.0,1016.5999755859375,125959,0.0004920775632453189,-0.04030970572447856,0.006684368058128958,0.3,0.6,-1,1028.6434506661296,1043.601848401645,30.208240614761223,-10.414793680629373,-10.265706420520063,1023.5702183373666,0.006684368058128958,0,SBIN,5m,2026-03-23 05:00:00
1016.7000122070312,1019.2999877929688,1016.4000244140625,1018.0,99158,0.0013771635330361853,-0.036532251067422084,0.006725955865400384,0.35,0.55,0,1027.6297886979269,1042.5978543466786,39.607842198611266,-9.990028790870156,-10.210570894590083,1023.3836485426751,0.006725955865400384,-1,SBIN,5m,2026-03-23 05:05:00
1017.7999877929688,1020.0,1017.2000122070312,1017.7999877929688,94776,-0.00019647564541380724,-0.03635671762368553,0.006728157491880696,0.4,0.5,0,1026.693617183169,1041.625388991631,30.04491423597902,-9.559344693860567,-10.08032565444418,1023.2296619058245,0.006728157491880696,0,SBIN,5m,2026-03-23 05:10:00
1017.5999755859375,1018.2000122070312,1015.2000122070312,1016.4000244140625,221001,-0.001375479854290429,-0.038774351289351805,0.00669326514394367,0.35,0.55,0,1025.7132750146827,1040.6361590081972,30.45460094105114,-9.224653722795892,-9.909191268114524,1022.7895923571706,0.00669326514394367,0,SBIN,5m,2026-03-23 05:15:00
1016.4000244140625,1016.7000122070312,1014.2000122070312,1016.2000122070312,102045,-0.0001967849293850188,-0.03978081326530403,0.006674226699413598,0.35,0.6,-1,1024.8072499853827,1039.6778787414848,20.918515104615935,-8.873262582804273,-9.702005531052475,1022.5787597097271,0.006674226699413598,0,SBIN,5m,2026-03-23 05:20:00
1016.5,1017.5999755859375,1015.2999877929688,1015.5,66308,-0.000688852783529259,-0.011678832116788329,0.0019663857323585754,0.4,0.55,0,1023.9208452248699,1038.7297266339756,23.163952854847267,-8.552677762200119,-9.472139977282005,1022.4565707765586,0.0019663857323585754,0,SBIN,5m,2026-03-23 05:25:00
1015.7999877929688,1017.7000122070312,1015.0,1017.0999755859375,96607,0.0015755544913220731,-0.010603136589554918,0.0020121725345435704,0.45,0.55,0,1023.2712385925907,1037.88150110268,32.02245264644968,-8.076407525387594,-9.192993486903124,1022.2991604359909,0.0020121725345435704,0,SBIN,5m,2026-03-23 05:30:00
1017.0999755859375,1020.9000244140625,1017.0,1020.0,107877,0.0028512678042214024,-0.0032248488540355114,0.0019095549947879147,0.5,0.5,0,1022.959692059963,1037.18026576532,49.142895009434255,-7.379881517356921,-8.830371092993882,1022.2117696537005,0.0019095549947879147,0,SBIN,5m,2026-03-23 05:35:00
1020.0,1020.5,1018.2999877929688,1019.0,58622,-0.0009803921568627416,-0.007499709299767954,0.0017305737170456594,0.5,0.45,0,1022.5825785304427,1036.46731416668,39.63408733968991,-6.829841123402957,-8.430265099075697,1022.1658628462709,0.0017305737170456594,0,SBIN,5m,2026-03-23 05:40:00
1019.0999755859375,1019.7999877929688,1017.5,1019.7999877929688,47940,0.0007850714356907318,-0.005073182641006091,0.0017215345827702104,0.45,0.5,0,1022.3175698887785,1035.8136935245736,43.45233986434201,-6.257248157493905,-7.9956617107593395,1022.1264344902505,0.0017215345827702104,0,SBIN,5m,2026-03-23 05:45:00
1019.7999877929688,1022.9000244140625,1018.9000244140625,1021.9000244140625,155489,0.002059263234194253,-0.0055468580257846956,0.0016837238057193138,0.5,0.5,0,1022.2778036530913,1035.2680594418086,56.62652817354537,-5.569803474742912,-7.5104900635560545,1022.0914056665941,0.0016837238057193138,0,SBIN,5m,2026-03-23 05:50:00
1021.7000122070312,1022.5999755859375,1020.4000244140625,1021.5999755859375,123633,-0.00029361857418197523,-0.003317096989329249,0.001598286896912196,0.45,0.45,0,1022.2132485990767,1034.7320561533431,62.251414713015365,-4.991669188509377,-7.006725888546719,1022.0745272784472,0.001598286896912196,0,SBIN,5m,2026-03-23 05:55:00
1021.4000244140625,1022.7999877929688,1019.4000244140625,1019.7999877929688,97395,-0.0017619301448557056,-0.003615058336132182,0.001612383109819151,0.5,0.5,0,1021.9834142365902,1034.1464848450933,62.66657443613918,-4.625418626500391,-6.530464436137454,1022.0417652905146,0.001612383109819151,0,SBIN,5m,2026-03-23 06:00:00
1019.9000244140625,1020.9000244140625,1019.4000244140625,1020.2999877929688,104368,0.0004902922200284987,0.0,0.0014601315599172785,0.5,0.45,0,1021.8230879086262,1033.6034849606963,63.63632760636506,-4.245872817216991,-6.0735461123533625,1021.9969552236593,0.0014601315599172785,0,SBIN,5m,2026-03-23 06:05:00
1020.5,1022.5999755859375,1019.0999755859375,1020.5,115546,0.00019603274470658683,-0.0018583962917561037,0.001379170147010285,0.55,0.45,0,1021.6970795363761,1033.089622805375,62.9139046079224,-3.8841664621780865,-5.635670182318307,1021.963810749567,0.001379170147010285,0,SBIN,5m,2026-03-23 06:10:00
1020.5999755859375,1021.5,1020.0,1021.2999877929688,51987,0.0007839174845356567,-0.000684943451106923,0.0013907391077642038,0.5,0.45,0,1021.6592612750992,1032.6272841774376,61.379220352823815,-3.492697596971425,-5.207075665248931,1021.9517916144486,0.0013907391077642038,0,SBIN,5m,2026-03-23 06:15:00
1021.5,1024.699951171875,1021.0999755859375,1023.7000122070312,103615,0.002349970080043784,0.003922722322364569,0.0013851697790098288,0.55,0.4,0,1021.8536185067118,1032.2771950805588,67.66466628169611,-2.954733460465718,-4.7566072242922885,1021.9793913484615,0.0013851697790098288,0,SBIN,5m,2026-03-23 06:20:00
1023.7000122070312,1025.5,1023.5,1025.0999755859375,179273,0.001367552371019265,0.007073338244607541,0.0013275700249825934,0.6,0.35,0,1022.1627953714,1031.9957354925345,76.04764376091867,-2.3879014206072497,-4.28286606355528,1022.0822861950211,0.0013275700249825934,0,SBIN,5m,2026-03-23 06:25:00
1025.199951171875,1025.9000244140625,1023.4000244140625,1023.5999755859375,90693,-0.00146327191076423,0.007480290931040745,0.0012947296891281975,0.65,0.35,0,1022.2996696775464,1031.6664900060014,70.55538413023501,-2.0362478119363914,-3.833542413231503,1022.1239217033827,0.0012947296891281975,0,SBIN,5m,2026-03-23 06:30:00
1023.4000244140625,1025.4000244140625,1022.2999877929688,1025.4000244140625,93769,0.001758547158126511,0.009152690730813262,0.0013289308439325101,0.6,0.4,0,1022.5949415572145,1031.4207462572979,75.91616177109697,-1.5939369833899946,-3.3856213272632014,1022.1666263703924,0.0013289308439325101,0,SBIN,5m,2026-03-23 06:35:00
1025.4000244140625,1026.199951171875,1025.0999755859375,1025.5,113303,9.749910625811431e-05,0.008754696663191286,0.001331301580344552,0.6,0.4,0,1022.8716137898607,1031.1885601295608,73.86357331113885,-1.2212573760109535,-2.952748537012752,1022.2438436046066,0.001331301580344552,1,SBIN,5m,2026-03-23 06:40:00
1025.5999755859375,1026.0999755859375,1024.300048828125,1026.0999755859375,195567,0.000585056641577264,0.007956754013691114,0.0013135164822806467,0.55,0.45,0,1023.1790768180584,1030.9890077945167,69.93449711978809,-0.8674931653570184,-2.5356974626816053,1022.3655225878515,0.0013135164822806467,1,SBIN,5m,2026-03-23 06:45:00
1026.199951171875,1026.9000244140625,1023.7000122070312,1023.9000244140625,189358,-0.002143993006742617,0.005993354975687648,0.0014271171386609836,0.55,0.5,0,1023.2477384938684,1030.7110084462636,64.84855883049242,-0.755936191628507,-2.179745208470986,1022.4516968521009,0.0014271171386609836,1,SBIN,5m,2026-03-23 06:50:00
1024.0999755859375,1028.800048828125,1023.7999877929688,1028.699951171875,153622,0.004687886164041588,0.012101462477731806,0.0016750067004792709,0.6,0.45,1,1023.7669968441547,1030.6321434551112,71.70729238308756,-0.2770192065554511,-1.799200008087879,1022.5797510650904,0.0016750067004792709,1,SBIN,5m,2026-03-23 06:55:00
1028.699951171875,1029.4000244140625,1027.4000244140625,1028.4000244140625,96879,-0.0002915590279467528,0.012005522594449314,0.001677520467562436,0.65,0.4,1,1024.2082375650982,1030.5446093750702,67.3798379779227,0.07743178632927084,-1.423873649204449,1022.6791402647634,0.001677520467562436,0,SBIN,5m,2026-03-23 07:00:00
1028.4000244140625,1031.9000244140625,1028.4000244140625,1029.5999755859375,259289,0.0011668136361224768,0.013884761778372612,0.001653735973594382,0.65,0.4,1,1024.7217364242258,1030.5075649127514,70.40844289709207,0.44997574276953856,-1.0491037708096516,1022.9976496889049,0.001653735973594382,0,SBIN,5m,2026-03-23 07:05:00
1029.5999755859375,1031.0,1027.699951171875,1029.699951171875,147880,9.710138724572381e-05,0.01238813871633293,0.0016451362528952457,0.6,0.4,1,1025.1958521144782,1030.4758937856582,77.65396274410183,0.7447022426447347,-0.6903425681187744,1023.15497922222,0.0016451362528952457,0,SBIN,5m,2026-03-23 07:10:00
1029.4000244140625,1030.9000244140625,1028.800048828125,1029.199951171875,98138,-0.0004855783468096231,0.009019559972426539,0.0015743084454025145,0.55,0.4,0,1025.5771948818492,1030.4258568204118,74.86062284114584,0.927240642915649,-0.3668259259118897,1023.2578788057176,0.0015743084454025145,0,SBIN,5m,2026-03-23 07:15:00
1029.300048828125,1029.4000244140625,1026.4000244140625,1026.9000244140625,118539,-0.0022346743751724407,0.007752722683083801,0.001657103889095241,0.55,0.45,0,1025.703178646822,1030.2875888829078,66.00035401038838,0.8762182733546524,-0.11821708605858128,1023.3389892525817,0.001657103889095241,1,SBIN,5m,2026-03-23 07:20:00
1026.800048828125,1027.0,1025.4000244140625,1026.800048828125,101038,-9.735668863630753e-05,0.006864150930522728,0.0016577091843610026,0.55,0.45,0,1025.8076424736128,1030.1508226062497,64.2491421704274,0.8182828285428059,0.06908289686169616,1023.3873282936473,0.0016577091843610026,0,SBIN,5m,2026-03-23 07:25:00
1026.800048828125,1027.9000244140625,1025.9000244140625,1026.800048828125,111625,0.0,0.004795013501317946,0.0016087539058421347,0.55,0.45,0,1025.9021573645186,1030.01941971299,59.1719246035329,0.7635666500884781,0.20797964750705256,1023.4469899935616,0.0016087539058421347,1,SBIN,5m,2026-03-23 07:30:00
1026.5999755859375,1029.699951171875,1026.300048828125,1028.5,109133,0.0016555815066576773,0.006754135257398541,0.0016335488228968046,0.6,0.45,1,1026.1495709488502,1029.959834626206,59.88403040475802,0.8476048755508145,0.33590469311580495,1023.5248082339726,0.0016335488228968046,1,SBIN,5m,2026-03-23 07:35:00
1028.4000244140625,1028.5999755859375,1026.0,1028.0,139736,-0.000486144871171601,0.008040804378491417,0.0015709459052069105,0.55,0.45,0,1026.3258022870548,1029.8829783663548,63.58067019825631,0.8639014353798302,0.44150404156861,1023.6076848258186,0.0015709459052069105,1,SBIN,5m,2026-03-23 07:40:00
1028.0,1030.9000244140625,1028.0,1030.300048828125,156038,0.002237401583779164,0.009801098848180478,0.0016238184227130796,0.6,0.45,1,1026.7043019576329,1029.899334070738,64.67109639408493,1.05030404335389,0.563264041925666,1023.7459177202945,0.0016238184227130796,1,SBIN,5m,2026-03-23 07:45:00
1029.5,1032.0,1029.5,1032.0,144278,0.0016499573826174174,0.011268985791278885,0.0016424487955447027,0.6,0.4,1,1027.208654152144,1029.9817131267876,67.75998932692949,1.319985336322361,0.714608300805005,1023.8975901269145,0.0016424487955447027,1,SBIN,5m,2026-03-23 07:50:00
1031.9000244140625,1032.800048828125,1030.699951171875,1031.4000244140625,196926,-0.0005813716917999479,0.00988939267777722,0.0016609960685665971,0.65,0.4,1,1027.6078322723267,1030.037333177269,64.48135547995464,1.4683702303816517,0.8653606867203345,1024.1075394948773,0.0016609960685665971,1,SBIN,5m,2026-03-23 07:55:00
1031.4000244140625,1034.0999755859375,1031.4000244140625,1034.0999755859375,183332,0.002617753643557208,0.010159190441430876,0.0016777436829430298,0.65,0.4,1,1028.2261316355277,1030.1966524874128,77.12816383777255,1.7832733578952684,1.0489432209553213,1024.3316135118907,0.0016777436829430298,1,SBIN,5m,2026-03-23 08:00:00
1034.0999755859375,1035.0,1032.9000244140625,1033.9000244140625,185997,-0.00019335767971728757,0.008584576175699299,0.0016718937416328196,0.65,0.4,1,1028.7665023763404,1030.3418827590463,68.3106522355854,1.9937196081007187,1.2378984983844008,1024.5658222523716,0.0016718937416328196,1,SBIN,5m,2026-03-23 08:05:00
1033.9000244140625,1038.0,1033.9000244140625,1037.5,274812,0.0034819378091974773,0.013579547426332939,0.0017415685712249634,0.65,0.35,1,1029.5982640547843,1030.6225932390837,76.00047434028335,2.4230562371046744,1.4749300461284556,1024.9798073394784,0.0017415685712249634,1,SBIN,5m,2026-03-23 08:10:00
1037.5,1039.800048828125,1037.0999755859375,1039.300048828125,327871,0.0017349868222891196,0.013555709072666788,0.0017408056392291215,0.7,0.3,1,1030.5222435570072,1030.9628856151246,76.79618001928876,2.8754115511080727,1.755026347124379,1025.5278677788822,0.0017408056392291215,1,SBIN,5m,2026-03-23 08:15:00
1039.300048828125,1041.5999755859375,1038.4000244140625,1040.0,374726,0.0006734832473684893,0.014139444173573823,0.0017355070089259783,0.7,0.3,1,1031.4248870277684,1031.3172822576687,77.54066898190459,3.252889323071031,2.054598942313709,1026.1582659626351,0.0017355070089259783,1,SBIN,5m,2026-03-23 08:20:00
1040.0,1041.0,1037.300048828125,1038.0999755859375,452190,-0.0018269465519831218,0.011694766870204543,0.0018256490761912436,0.7,0.3,1,1032.060609747594,1031.5832702313264,72.13966002052751,3.3599951532810337,2.315678184507174,1026.7895835923985,0.0018256490761912436,1,SBIN,5m,2026-03-23 08:25:00
1038.0999755859375,1043.0999755859375,1037.699951171875,1042.800048828125,401183,0.004527572827977888,0.018458857274545215,0.0019087511661445963,0.7,0.25,1,1033.0834134695494,1032.0231439017891,85.33357928374177,3.7805540520730574,2.6086533580203506,1027.4009633674127,0.0019087511661445963,1,SBIN,5m,2026-03-23 08:30:00
1042.9000244140625,1045.5999755859375,1042.0,1044.0,421789,0.0011507011082552143,0.014873189029216416,0.0016925601173108727,0.7,0.25,1,1034.1230883772114,1032.4928245330916,86.44080070346041,4.162691128346296,2.91946091208554,1028.1040604752554,0.0016925601173108727,1,SBIN,5m,2026-03-23 08:35:00
1044.0,1044.0,1041.0,1042.199951171875,285451,-0.0017241847012691158,0.013418831612411752,0.0017671770059458118,0.65,0.3,1,1034.8923134052745,1032.873496165985,80.31488494588515,4.27105455932724,3.1897796415338804,1028.505584317861,0.0017671770059458118,1,SBIN,5m,2026-03-23 08:40:00
1042.0,1043.199951171875,1040.800048828125,1043.0999755859375,262276,0.0008635813243422774,0.013111888422799645,0.0017639717121687814,0.6,0.35,1,1035.6739955177186,1033.2745345746105,79.67477657637093,4.379078516239588,3.427639416475022,1028.8542888814989,0.0017639717121687814,1,SBIN,5m,2026-03-23 08:45:00
1042.5999755859375,1045.5,1042.199951171875,1042.699951171875,246188,-0.0003834957563274566,0.012625037017050422,0.001775181245834146,0.65,0.3,1,1036.3431341514479,1033.6441587548954,79.9999003507653,4.381897862371034,3.6184911056542246,1029.1913842531162,0.001775181245834146,1,SBIN,5m,2026-03-23 08:50:00
1042.5999755859375,1042.699951171875,1039.4000244140625,1040.5,358882,-0.002109860242539119,0.010979449440566391,0.0018637996234519489,0.65,0.35,1,1036.7390261370242,1033.9130152743114,70.90162294130596,4.158675913437264,3.7265280672108325,1029.5712410896804,0.0018637996234519489,1,SBIN,5m,2026-03-23 08:55:00
1040.5,1041.0,1034.0,1035.300048828125,442815,-0.00499755038142724,0.008179982680256881,0.002159778064079686,0.65,0.35,1,1036.6019806790339,1033.96740874701,55.91408670085231,3.5215836843115085,3.685539190630968,1029.8489484510726,0.002159778064079686,0,SBIN,5m,2026-03-23 09:00:00
1035.5,1040.699951171875,1035.5,1036.9000244140625,369268,0.001545422109994643,0.009836360640481656,0.0021706926128618694,0.65,0.3,1,1036.6303657966557,1034.0824132829728,59.51560308851606,3.10993872322706,3.570419097150187,1030.09375286378,0.0021706926128618694,1,SBIN,5m,2026-03-23 09:05:00
1036.699951171875,1040.0,1035.800048828125,1039.4000244140625,321429,0.0024110328297202166,0.012271109258630952,0.002208563284014748,0.6,0.3,1,1036.8941428078374,1034.2909470528195,59.23355025307303,2.9514141671272682,3.4466181111456033,1030.3132410034848,0.002208563284014748,0,SBIN,5m,2026-03-23 09:10:00
1039.199951171875,1040.0,1038.4000244140625,1039.0,272604,-0.0003848608857672797,0.010209042294603732,0.002204959829803666,0.55,0.3,0,1037.0947006356623,1034.4756157958461,58.823479719027326,2.761668887384303,3.3096282663933434,1030.5065714787154,0.002204959829803666,0,SBIN,5m,2026-03-23 09:15:00
1039.0,1042.800048828125,1038.5,1038.699951171875,302062,-0.00028878616758898357,0.01040851281310795,0.0022007031989286444,0.6,0.25,1,1037.247581639111,1034.6412760066708,52.34364569226955,2.5576005265118056,3.159222718417036,1030.7316798687716,0.0022007031989286444,0,SBIN,5m,2026-03-23 09:20:00
1039.0999755859375,1039.0999755859375,1036.5,1037.699951171875,265118,-0.0009627419341570187,0.007182278941136433,0.0021855614684265306,0.55,0.3,0,1037.2906644517552,1034.7612240523652,46.77400301237436,2.288799383075684,2.9851380513487658,1030.875105831628,0.0021855614684265306,0,SBIN,5m,2026-03-23 09:25:00
1037.300048828125,1037.300048828125,1032.199951171875,1032.5999755859375,400186,-0.004914691939782889,0.0005813716917999479,0.0024576700816146993,0.5,0.35,0,1036.8439321788203,1034.6764692105444,37.32875710158984,1.645281353493374,2.717166711777687,1030.9693962073954,0.0024576700816146993,0,SBIN,5m,2026-03-23 09:30:00
1032.800048828125,1033.300048828125,1030.0999755859375,1032.9000244140625,387317,0.0002905760558000736,0.001454333880641645,0.0024539489600289,0.45,0.4,0,1036.46832191551,1034.6068047087215,40.57983193277311,1.146286435084221,2.402990656438994,1031.0011485065745,0.0024539489600289,0,SBIN,5m,2026-03-23 09:35:00
1032.9000244140625,1035.0,1031.5,1031.5,373510,-0.001355430710592409,-0.0025142400612322424,0.0023974863038674315,0.45,0.4,0,1035.995148399747,1034.484969229948,26.74891744446566,0.6305900479144384,2.0485105347340826,1031.0450660523431,0.0023974863038674315,0,SBIN,5m,2026-03-23 09:40:00
1031.5999755859375,1031.5999755859375,1030.0,1030.0999755859375,464331,-0.0013572703965705202,-0.003675450951148407,0.002413354352965118,0.4,0.45,0,1035.4337033698605,1034.3130086948888,21.632744575371817,0.10768534632711635,1.6603454970526894,1031.0298811661767,0.002413354352965118,0,SBIN,5m,2026-03-23 09:45:00
1030.0,1031.5999755859375,1030.0,1031.300048828125,452064,0.0011650065727890624,-0.005975856551204806,0.002280189342179962,0.35,0.45,0,1035.0400219849332,1034.1948534059961,27.19699678226671,-0.2074926694581336,1.286777863750525,1031.0279865464704,0.002280189342179962,0,SBIN,5m,2026-03-23 09:50:00
1031.0999755859375,1031.5,1030.0,1031.0,284091,-0.0002909423193240279,-0.007986191126887587,0.0022295993477213175,0.3,0.45,0,1034.6552579863683,1034.0695650371335,24.03457760314342,-0.47599794253665095,0.9342227024930898,1031.024387598655,0.0022295993477213175,0,SBIN,5m,2026-03-23 09:55:00
1048.699951171875,1049.4000244140625,1042.5999755859375,1045.4000244140625,531725,-0.0026711761956125235,0.007032125035938419,0.004452657346394134,0.3,0.45,0,1036.8456854943329,1035.0462988693716,56.019675179581,1.37432329240346,0.9833487933893972,1045.8000081380208,0.004452657346394134,0,SBIN,5m,2026-03-24 03:50:00
1045.4000244140625,1049.5999755859375,1045.4000244140625,1048.199951171875,181894,0.0026783304882567194,0.005178272047281052,0.0043801658332129866,0.3,0.45,0,1037.9270441302892,1035.5621283714306,66.84058211210056,2.1172789258168905,1.210134819874896,1046.2927883086186,0.0043801658332129866,0,SBIN,5m,2026-03-24 03:55:00
1048.199951171875,1049.0,1046.0,1046.199951171875,107534,-0.0019080329070459978,0.0021072329232518783,0.004401047845134494,0.25,0.45,0,1038.7149400390117,1035.9792978930168,62.015386507944015,2.5156939784822043,1.4712466515963578,1046.3941293317,0.004401047845134494,0,SBIN,5m,2026-03-24 04:00:00
1046.0,1047.800048828125,1041.9000244140625,1042.199951171875,541461,-0.0038233609125287726,0.0,0.00447166753241125,0.25,0.45,0,1039.0468458611892,1036.2232450804229,53.48248962252406,2.480085327681536,1.6730143868133935,1045.4295333744806,0.00447166753241125,0,SBIN,5m,2026-03-24 04:05:00
1042.5999755859375,1044.5,1040.300048828125,1043.0,220497,0.0007676538722012349,-9.584468246326416e-05,0.0044707544877295325,0.25,0.45,0,1039.4233367315521,1036.4890001753083,54.92609652551444,2.4877452903783706,1.835960567526389,1045.0354359096443,0.0044707544877295325,0,SBIN,5m,2026-03-24 04:10:00
1042.9000244140625,1042.9000244140625,1040.199951171875,1042.199951171875,103833,-0.0007670650317593841,-0.0004795243343380662,0.004473329054002903,0.2,0.5,0,1039.687776202059,1036.7129590379188,54.25789742554025,2.4015747530354474,1.9490834046282006,1044.8342385659319,0.004473329054002903,0,SBIN,5m,2026-03-24 04:15:00
1042.5,1042.5999755859375,1039.0999755859375,1041.0,477218,-0.001151363680765627,0.00048053820278703974,0.004454795551511739,0.2,0.5,0,1039.812749897101,1036.8810782913338,53.99521177548548,2.2109712499188845,2.0014609736863376,1043.9666985078509,0.004454795551511739,0,SBIN,5m,2026-03-24 04:20:00
1041.0,1043.199951171875,1040.800048828125,1042.0,113756,0.0009606147934677622,0.006471506670417737,0.004297082374263483,0.25,0.45,0,1040.0210594307105,1037.0818203191245,62.63441654115107,2.116213847193194,2.0244115483877088,1043.8684843686856,0.004297082374263483,0,SBIN,5m,2026-03-24 04:25:00
1041.5999755859375,1041.9000244140625,1036.199951171875,1037.300048828125,175816,-0.004510509761876169,0.00038578879799766597,0.004418671822513145,0.25,0.5,0,1039.7619155637976,1037.0903782998696,55.288493985979514,1.6429324399255165,1.9481157266952704,1043.4814315951153,0.004418671822513145,0,SBIN,5m,2026-03-24 04:30:00
1037.300048828125,1037.9000244140625,1034.199951171875,1035.5,114138,-0.0017353212603803403,-0.0037521881108874,0.004398225995227,0.25,0.55,0,1039.356018843436,1037.0280105234042,54.76190476190476,1.109811403043068,1.7804548619648302,1043.1429665282192,0.004398225995227,0,SBIN,5m,2026-03-24 04:35:00
1035.5999755859375,1036.5,1034.699951171875,1035.5999755859375,115553,9.654812741421992e-05,-0.003272400783505769,0.0043983564050392105,0.25,0.55,0,1038.99830043796,1036.9720091533075,56.756764862903175,0.6874518180043196,1.5618542531727282,1042.8181520719352,0.0043983564050392105,0,SBIN,5m,2026-03-24 04:40:00
1035.5999755859375,1036.699951171875,1035.199951171875,1036.199951171875,156556,0.0005793507146405474,-0.0024068548353924912,0.004401246909595498,0.25,0.55,0,1038.7317909840472,1036.9417323697219,56.1096262382115,0.3965704027580159,1.328797483089786,1042.44413135603,0.004401246909595498,0,SBIN,5m,2026-03-24 04:45:00
1036.4000244140625,1036.800048828125,1034.300048828125,1035.0,173383,-0.0011580305234698551,-0.0026018611341611653,0.004403451260235803,0.3,0.55,0,1038.3763823189,1036.8655860022818,54.87807782773096,0.06842993661484797,1.0767239737947985,1042.0369099197026,0.004403451260235803,0,SBIN,5m,2026-03-24 04:50:00
1035.0,1035.4000244140625,1031.699951171875,1033.9000244140625,386937,-0.0010627783439010052,0.001259005286521786,0.004264811816079234,0.3,0.55,0,1037.9500625184392,1036.7492894694105,21.28503424372117,-0.2771873407129988,0.8059417108932391,1041.0844187097773,0.004264811816079234,0,SBIN,5m,2026-03-24 04:55:00
1033.5,1035.0,1032.0,1032.5999755859375,92677,-0.0012574221853430823,-0.00029049164588335064,0.004274661803473523,0.3,0.5,0,1037.4405304296295,1036.5865712779018,22.649354172318084,-0.6485188765811927,0.5150495933983528,1040.8752261448733,0.004274661803473523,0,SBIN,5m,2026-03-24 05:00:00
1032.5,1033.199951171875,1031.5,1031.9000244140625,112381,-0.0006778531749217498,0.0003878084479520538,0.004266079783220346,0.25,0.55,0,1036.9128631900517,1036.4027851263788,11.737129561175777,-0.9878941747863337,0.2144608397614155,1040.604814376185,0.004266079783220346,0,SBIN,5m,2026-03-24 05:05:00
1031.9000244140625,1035.4000244140625,1031.5,1034.0999755859375,114994,0.002131942164769418,0.003883118235902039,0.004277778925116296,0.3,0.5,0,1036.644969132517,1036.3124788698908,21.860362125057478,-1.067033768788633,-0.04183808194859423,1040.3903601677516,0.004277778925116296,0,SBIN,5m,2026-03-24 05:10:00
1034.0999755859375,1035.0999755859375,1033.0,1033.5999755859375,987131,-0.0004835122442746753,0.002230123774769499,0.004274135821887649,0.3,0.5,0,1036.3549697471285,1036.2061061920888,26.111016920416404,-1.1567638351004916,-0.2648232325789737,1039.0293673764138,0.004274135821887649,0,SBIN,5m,2026-03-24 05:15:00
1033.699951171875,1033.9000244140625,1030.0,1030.800048828125,282090,-0.0027089075309093547,-0.00019393906098452707,0.004320319098766539,0.3,0.55,0,1035.8259296596043,1035.9941039425216,19.499749752804604,-1.4372386559384722,-0.49930631725087343,1038.607458340442,0.004320319098766539,0,SBIN,5m,2026-03-24 05:20:00
1030.800048828125,1032.300048828125,1030.300048828125,1030.5999755859375,104383,-0.00019409510352175197,-0.016790666290587897,0.001807707653725953,0.25,0.55,0,1035.3282197478266,1035.7825694971655,20.10281708752038,-1.6565653564737204,-0.7307581250954429,1038.4529364414802,0.001807707653725953,0,SBIN,5m,2026-03-24 05:25:00
1030.5999755859375,1032.0999755859375,1030.0,1031.0,212431,0.00038814712161716614,-0.013774654752025217,0.0017741500339088965,0.25,0.55,0,1034.9160083432716,1035.5950177521786,23.118067861127514,-1.7776134978628306,-0.9401291996489205,1038.1559066282373,0.0017741500339088965,0,SBIN,5m,2026-03-24 05:30:00
1031.0,1032.4000244140625,1029.5999755859375,1032.0999755859375,132561,0.0010669016352449212,-0.015359641610303343,0.0016449288773935492,0.25,0.6,0,1034.6478147473351,1035.457957275071,23.529104570171484,-1.7644467414077099,-1.1049927080006785,1037.990435409932,0.0016449288773935492,0,SBIN,5m,2026-03-24 05:35:00
1032.300048828125,1034.0,1031.5999755859375,1032.4000244140625,143498,0.0002907168251358172,-0.013190525140394871,0.0016384951428738727,0.3,0.6,0,1034.4337394774996,1035.3380383393453,32.86695975073627,-1.7100877323528039,-1.2260117128711037,1037.8535867901203,0.0016384951428738727,0,SBIN,5m,2026-03-24 05:40:00
1032.800048828125,1033.800048828125,1031.4000244140625,1032.9000244140625,113832,0.00048430839614099774,-0.008923361344774006,0.001476201994480449,0.3,0.6,0,1034.2876713762198,1035.2424299501185,40.0,-1.6081245459724869,-1.3024342794913804,1037.7506003693316,0.001476201994480449,0,SBIN,5m,2026-03-24 05:45:00
1032.9000244140625,1033.5,1029.0,1029.4000244140625,1085701,-0.0033885176854221433,-0.013039286276066653,0.0015847538042976156,0.3,0.6,0,1033.8221811893477,1035.0133160075281,31.097597284663706,-1.7891149321876583,-1.399770410030636,1036.611225864719,0.0015847538042976156,0,SBIN,5m,2026-03-24 05:50:00
1029.5999755859375,1031.5,1029.0,1030.800048828125,67136,0.0013600392275678885,-0.010938306349882021,0.001646980857360388,0.3,0.55,0,1033.5343590597074,1034.84808984363,34.30256490326609,-1.7988448834319115,-1.4795853047108911,1036.5506694512667,0.001646980857360388,0,SBIN,5m,2026-03-24 05:55:00
1030.9000244140625,1032.0,1030.9000244140625,1031.5999755859375,75572,0.0007760251454411726,-0.009029802511107077,0.0016661254165885734,0.35,0.5,0,1033.3501320622056,1034.7207128139166,39.88083560399637,-1.7221565866786932,-1.5280995611044517,1036.4955493950604,0.0016661254165885734,0,SBIN,5m,2026-03-24 06:00:00
1031.699951171875,1032.9000244140625,1031.699951171875,1032.0,75348,0.0003877708642201494,-0.009596928982725572,0.001645355446887097,0.35,0.5,0,1033.2215480562813,1034.614018193763,44.09929411407904,-1.6105366677395523,-1.544586982431472,1036.4493122515653,0.001645355446887097,0,SBIN,5m,2026-03-24 06:05:00
1032.0999755859375,1032.0999755859375,1029.800048828125,1030.5,388817,-0.0014534883720930258,-0.006555527338311884,0.001370300466530309,0.35,0.5,0,1032.9623530033023,1034.452684146949,43.55832815343483,-1.6243895897362108,-1.56054750389242,1036.1520339760987,0.001370300466530309,0,SBIN,5m,2026-03-24 06:10:00
1030.699951171875,1033.5,1029.0999755859375,1029.699951171875,419708,-0.0007763695566472828,-0.005601206014606452,0.0013347791423929864,0.4,0.5,0,1032.651648066976,1034.266302461652,43.29246961272507,-1.680553015313535,-1.584548606176643,1035.8625706563546,0.0013347791423929864,0,SBIN,5m,2026-03-24 06:15:00
1029.5,1030.0999755859375,1028.0999755859375,1029.5999755859375,119387,-9.70919594817099e-05,-0.005793742894407927,0.0013326048664584402,0.4,0.55,0,1032.3610125925911,1034.0833092508396,34.2657879910539,-1.7133793582727321,-1.6103147565958609,1035.7632425446743,0.0013326048664584402,0,SBIN,5m,2026-03-24 06:20:00
1029.5,1033.9000244140625,1029.199951171875,1032.800048828125,130015,0.0031080743182481108,-0.003281125751747993,0.0015254074654438392,0.4,0.55,0,1032.4028255674039,1034.032985312694,47.64729113560478,-1.4642958143965643,-1.5811109681560016,1035.7019850339718,0.0015254074654438392,0,SBIN,5m,2026-03-24 06:25:00
1032.800048828125,1033.800048828125,1030.800048828125,1032.5,90866,-0.0002905197656268843,-0.0024154589371980784,0.0015078635428602272,0.35,0.5,0,1032.4120802752702,1033.972868241608,55.86180189584631,-1.2763932769719304,-1.5201674299191876,1035.6647939135191,0.0015078635428602272,0,SBIN,5m,2026-03-24 06:30:00
1032.300048828125,1033.0,1031.0,1032.300048828125,71479,-0.0001936573093220817,-0.0015475147965532399,0.0014916950754508486,0.35,0.45,0,1032.4014106136374,1033.9072674802949,55.86227217241234,-1.1305809177492847,-1.4422501274852073,1035.63379668802,0.0014916950754508486,0,SBIN,5m,2026-03-24 06:35:00
1032.199951171875,1033.9000244140625,1032.0999755859375,1033.800048828125,86342,0.0014530659004645674,0.0011621860067414502,0.0015018394333181717,0.4,0.45,0,1032.5346142531123,1033.9030628272687,58.97445929450061,-0.8837982326861038,-1.3305597485253866,1035.6091921440707,0.0015018394333181717,0,SBIN,5m,2026-03-24 06:40:00
1033.5,1035.0999755859375,1031.199951171875,1031.9000244140625,196801,-0.0018379031962866277,0.0,0.0015533200586064898,0.45,0.45,0,1032.4741771255838,1033.8245123012607,49.39039821362114,-0.8319470995540996,-1.2308372187311294,1035.5426338616799,0.0015533200586064898,0,SBIN,5m,2026-03-24 06:45:00
1031.800048828125,1036.4000244140625,1031.800048828125,1036.0,141492,0.0039732294688776815,0.0018373701372402795,0.0017306964994634637,0.45,0.45,0,1032.8099697802902,1033.9098255443487,58.91079834903523,-0.4547785342667794,-1.0756254818382596,1035.5293884191174,0.0017306964994634637,0,SBIN,5m,2026-03-24 06:50:00
1036.0,1040.0,1023.4000244140625,1032.5,2857348,-0.0033783783783783994,-0.001064217890788921,0.001894746290483105,0.5,0.5,0,1032.7804488488339,1033.8545382680998,49.13788113967009,-0.4332957149190406,-0.9471595284544159,1034.6443549400683,0.001894746290483105,1,SBIN,5m,2026-03-24 06:55:00
1031.9000244140625,1038.5,1031.9000244140625,1037.9000244140625,315988,0.005230047858656217,0.006887830083059487,0.0021261938437266157,0.5,0.45,0,1033.2680274740937,1034.0131847836278,66.93220503842039,0.019244575035600064,-0.7538787077564127,1034.6832752866121,0.0021261938437266157,1,SBIN,5m,2026-03-24 07:00:00
1037.800048828125,1041.5999755859375,1036.800048828125,1040.4000244140625,786341,0.002408709838321199,0.009509071473200237,0.0021706255259730948,0.55,0.45,0,1033.9472652779004,1034.2636490828606,68.32051288024563,0.5730098212959547,-0.4885010019459393,1034.9900068680774,0.0021706255259730948,0,SBIN,5m,2026-03-24 07:05:00
1041.0999755859375,1043.5999755859375,1040.0,1041.199951171875,440589,0.0007688646088441775,0.009893260108511104,0.0021714878601674565,0.6,0.4,1,1034.6379972678028,1034.5356609294886,68.32051288024563,1.0641532761537746,-0.1779701463259965,1035.2132520079165,0.0021714878601674565,0,SBIN,5m,2026-03-24 07:10:00
1041.0999755859375,1046.5,1040.699951171875,1044.4000244140625,1148450,0.0030734473609854707,0.011917497450905534,0.002244449045185127,0.6,0.35,1,1035.567714138875,1034.9224987131975,71.37926244585783,1.692101674337664,0.19604421780673562,1035.913424156531,0.002244449045185127,0,SBIN,5m,2026-03-24 07:15:00
1044.5,1045.699951171875,1043.300048828125,1044.9000244140625,810402,0.00047874376513967754,0.012107709903527386,0.0022435013629808587,0.55,0.35,0,1036.4565055936548,1035.3137742308784,75.71421720573554,2.204686867509281,0.5977727477472448,1036.3844058748648,0.0022435013629808587,0,SBIN,5m,2026-03-24 07:20:00
1044.800048828125,1045.300048828125,1038.0999755859375,1039.5999755859375,404465,-0.005072302329686584,0.006486543724960825,0.002578233905862737,0.55,0.35,0,1036.755883688158,1035.4818605585278,65.2307495840235,2.158364398747608,0.9098910779473175,1036.50556258238,0.002578233905862737,0,SBIN,5m,2026-03-24 07:25:00
1039.5,1040.5,1035.699951171875,1037.5,206363,-0.002019984258612495,0.00786863745272215,0.0024911372159530094,0.55,0.35,0,1036.8267519083336,1035.5610032817228,61.44927023440955,1.9299557009965156,1.1139040025571572,1036.5239909509737,0.0024911372159530094,0,SBIN,5m,2026-03-24 07:30:00
1037.5,1039.0999755859375,1035.800048828125,1038.5999755859375,512668,0.0010602174322289493,0.0075668668881805345,0.002485920316059652,0.55,0.35,0,1036.9956303538197,1035.680178666202,58.9504975115006,1.816756560599515,1.2544745141656288,1036.565612750263,0.002485920316059652,0,SBIN,5m,2026-03-24 07:35:00
1038.5,1042.0,1038.300048828125,1040.9000244140625,155953,0.0022145666110067186,0.009015169686139801,0.0025185808532198067,0.55,0.35,0,1037.3674774071762,1035.8848784994516,62.20932914604071,1.890843675516635,1.38174834643583,1036.602336282364,0.0025185808532198067,0,SBIN,5m,2026-03-24 07:40:00
1040.699951171875,1042.0,1038.5999755859375,1041.0999755859375,749038,0.00019209450205126544,0.008817805800326983,0.0025192228744355593,0.5,0.35,0,1037.7229534242013,1036.0893921106865,62.790582140132365,1.9432915806808069,1.4940569932848256,1036.7766743738243,0.0025192228744355593,0,SBIN,5m,2026-03-24 07:45:00
1041.0999755859375,1043.9000244140625,1040.4000244140625,1040.9000244140625,205466,-0.00019205760884055678,0.010092211949599639,0.0024848235567474985,0.55,0.3,0,1038.0255316137118,1036.278044357878,60.72504656008556,1.9462869504384344,1.5845029847155474,1036.8357548401723,0.0024848235567474985,0,SBIN,5m,2026-03-24 07:50:00
1041.0,1042.5,1040.199951171875,1042.5,459723,0.0015371078378427772,0.012430853098087002,0.00247585919877685,0.5,0.3,0,1038.451671460025,1036.5220426183535,66.15853545071215,2.0540872219137327,1.6784198321551846,1036.9629757382531,0.00247585919877685,0,SBIN,5m,2026-03-24 07:55:00
1042.0999755859375,1042.199951171875,1041.0,1042.0,248980,-0.0004796163069544779,0.012043536041272507,0.002483163709107064,0.5,0.25,0,1038.789607511451,1036.7368644764572,60.27398978286497,2.0752516827915315,1.757786202282454,1037.029156064249,0.002483163709107064,0,SBIN,5m,2026-03-24 08:00:00
1041.9000244140625,1046.0,1041.9000244140625,1044.800048828125,184459,0.002687186975167899,0.011618899528147653,0.002462502086597538,0.5,0.25,0,1039.3620304939914,1037.0530677843658,71.57903303179825,2.291549652015874,1.8645388922291382,1037.1024485985154,0.002462502086597538,0,SBIN,5m,2026-03-24 08:05:00
1044.699951171875,1047.800048828125,1044.0999755859375,1044.300048828125,161535,-0.0004785604676806887,0.011428618719733663,0.002466359276304168,0.55,0.25,0,1039.832317954385,1037.3372631194152,63.559387785714655,2.395013307083218,1.9706337751999543,1037.1757208931122,0.002466359276304168,0,SBIN,5m,2026-03-24 08:10:00
1044.0999755859375,1044.0999755859375,1039.0999755859375,1039.5,216350,-0.004596426892358618,0.006974669021907465,0.0027215140673102736,0.55,0.3,0,1039.800668625396,1037.4220763304186,48.26250276896683,2.0658710983300352,1.9896812398259707,1037.219253315608,0.0027215140673102736,0,SBIN,5m,2026-03-24 08:15:00
1039.800048828125,1040.5,1038.5999755859375,1038.5999755859375,228003,-0.0008658243521524334,0.004642993355681746,0.0027214920753827346,0.5,0.35,0,1039.6863169073522,1037.468268458086,45.000070424849646,1.712656638517501,1.934276319564277,1037.2437615616864,0.0027214920753827346,0,SBIN,5m,2026-03-24 08:20:00
1038.5999755859375,1042.0999755859375,1038.0,1041.0,725917,0.0023108265650675364,0.00881866011303245,0.002713262568277445,0.5,0.35,0,1039.8114295828425,1037.6067677342394,43.253939420361455,1.6078591473244614,1.868992885116314,1037.3602372442945,0.002713262568277445,0,SBIN,5m,2026-03-24 08:25:00
1041.0,1042.5,1040.0999755859375,1040.5999755859375,277920,-0.0003842693698967725,0.004440130874457049,0.0025868392954051596,0.5,0.35,0,1039.8865292021849,1037.724148434306,41.43419900787861,1.475518890170406,1.7902980861271325,1037.4124175546879,0.0025868392954051596,0,SBIN,5m,2026-03-24 08:30:00
1041.0,1041.4000244140625,1037.5999755859375,1038.5,397084,-0.002018043085917909,0.005811138014527817,0.0025036621271729113,0.45,0.35,0,1039.7544788019768,1037.7545739859017,47.488643014408744,1.1874990534629433,1.6697382795942948,1037.44700811846,0.0025036621271729113,0,SBIN,5m,2026-03-24 08:35:00
1038.5,1039.9000244140625,1038.0999755859375,1038.5999755859375,152972,9.626922093164403e-05,0.000674391709615918,0.0022176555662766764,0.45,0.35,0,1039.6445261147348,1037.7877269898247,52.76375436293483,0.9562849939125044,1.5270476224579368,1037.4577107562186,0.0022176555662766764,0,SBIN,5m,2026-03-24 08:40:00
1038.9000244140625,1041.5,1036.5999755859375,1037.0,746510,-0.0015405118655379413,-0.0032679972455569306,0.0021705944283845905,0.45,0.4,0,1039.3926664847602,1037.7568357353218,46.07849590406721,0.6366031626923814,1.3489587305048258,1037.4899645727828,0.0021705944283845905,0,SBIN,5m,2026-03-24 08:45:00
1036.9000244140625,1038.5,1033.800048828125,1033.800048828125,355945,-0.003085777407786927,-0.00710709055971559,0.0022532046919240246,0.4,0.45,0,1038.8600362317472,1037.6016676213142,33.33333333333333,0.12361869246797141,1.103890722897455,1037.4546375437683,0.0022532046919240246,0,SBIN,5m,2026-03-24 08:50:00
1034.0,1034.0,1031.0999755859375,1031.9000244140625,208564,-0.0018379031962866277,-0.011968594128492938,0.0021239086405087614,0.35,0.5,0,1038.1971779633964,1037.3780737700495,30.000106148097828,-0.43126987640766856,0.7968586030364304,1037.4051920814022,0.0021239086405087614,0,SBIN,5m,2026-03-24 08:55:00
1031.9000244140625,1032.0,1029.0,1029.699951171875,842362,-0.0021320604614161187,-0.014546916343227245,0.002134342916993994,0.35,0.55,0,1037.3879182689657,1037.0769709230624,27.599962890806196,-1.0366012944032263,0.4301666235484991,1037.1360233053365,0.002134342916993994,0,SBIN,5m,2026-03-24 09:00:00
1029.699951171875,1030.800048828125,1024.4000244140625,1024.4000244140625,704604,-0.005147059346541472,-0.014620961455205861,0.0021423975807581533,0.35,0.55,0,1036.1509759970702,1036.5798357658466,18.46702195984024,-1.9218368613260282,-0.04023407342640639,1036.8133012202968,0.0021423975807581533,0,SBIN,5m,2026-03-24 09:05:00
1024.0999755859375,1028.4000244140625,1023.7999877929688,1024.0999755859375,387212,-0.0002929020118841441,-0.012915686182228936,0.002122549628857728,0.35,0.55,0,1035.0032616722006,1036.0904294842815,18.596582902519785,-2.617431734961201,-0.5556736057333654,1036.626080245238,0.002122549628857728,-1,SBIN,5m,2026-03-24 09:10:00
1024.0,1026.0,1020.7999877929688,1025.199951171875,1661000,0.0010740900421446486,-0.012902007249232517,0.0021231392997944254,0.35,0.6,0,1034.0696130531219,1035.6633519034028,13.432720249970401,-3.0448378514956858,-1.0535064548858295,1035.7937658862245,0.0021231392997944254,-1,SBIN,5m,2026-03-24 09:15:00
1025.4000244140625,1027.5,1023.9000244140625,1027.199951171875,271044,0.0019508389536244675,-0.01316175705721545,0.002105174641724978,0.35,0.6,0,1033.4153595406221,1035.3314538354998,19.787865455455204,-3.1854570271109424,-1.4798965693308523,1035.6916646348275,0.002105174641724978,-1,SBIN,5m,2026-03-24 09:20:00
1027.0,1030.0,1026.5999755859375,1029.5,216214,0.002239144214815303,-0.011142038092363804,0.002196569437275956,0.4,0.6,-1,1033.042468155801,1035.1027693713627,30.620191716267485,-3.075847562718536,-1.7990867680083893,1035.6328080202823,0.002196569437275956,-1,SBIN,5m,2026-03-24 09:25:00
1029.300048828125,1029.5999755859375,1026.300048828125,1028.5,716241,-0.0009713453132588201,-0.011912790972449683,0.00219665237536473,0.35,0.65,-1,1032.6098521409629,1034.8438372391524,30.501996012687755,-3.034690887622446,-2.046207591931201,1035.4293499686776,0.00219665237536473,0,SBIN,5m,2026-03-24 09:30:00
1028.4000244140625,1030.5,1026.0,1030.199951171875,815324,0.0016528450868984468,-0.0117986079886091,0.0022027137406062996,0.4,0.65,-1,1032.3803377629545,1034.6617240600435,28.571290169445547,-2.832253616925982,-2.2034167969301572,1035.23374615096,0.0022027137406062996,-1,SBIN,5m,2026-03-24 09:35:00
1030.4000244140625,1032.0,1029.5999755859375,1030.699951171875,591089,0.00048534267491584515,-0.010844576610484657,0.002215810076794126,0.45,0.65,-1,1032.2203009447564,1034.5063604173704,30.434677718967265,-2.601486483281633,-2.2830307342004525,1035.138789855457,0.002215810076794126,0,SBIN,5m,2026-03-24 09:40:00
1030.699951171875,1032.5999755859375,1028.0,1032.5,712761,0.001746433407781245,-0.011772634239365809,0.0021527237273609515,0.45,0.7,0,1032.2469389500177,1034.4276796166891,37.99999999999999,-2.247445814128014,-2.275913750185965,1035.036187020712,0.0021527237273609515,0,SBIN,5m,2026-03-24 09:45:00
1032.4000244140625,1034.199951171875,1031.199951171875,1034.199951171875,474606,0.001646441812954036,-0.009671643382171635,0.0022101745090548873,0.45,0.7,-1,1032.4329401140042,1034.4187490894415,41.72926982611848,-1.8088429648794317,-2.1824995931246582,1035.0061299214312,0.0022101745090548873,0,SBIN,5m,2026-03-24 09:50:00
1034.0,1038.300048828125,1033.9000244140625,1038.0999755859375,637583,0.003771054533161955,-0.0013468248331529598,0.0021824273581443772,0.5,0.65,0,1032.9726577779977,1034.5631109128335,51.90307034031823,-1.1334816002167827,-1.972695994543083,1035.0440112008205,0.0021824273581443772,0,SBIN,5m,2026-03-24 09:55:00
1050.0,1052.0,1048.5,1050.0999755859375,375995,9.521484375007994e-05,0.008741571168047635,0.003340548321625248,0.5,0.55,0,1036.0710395294027,1035.7540279936482,75.41889154851776,1.5301774371894226,-0.8992332226419939,1050.1999918619792,0.003340548321625248,0,SBIN,5m,2026-03-25 03:50:00
1050.0999755859375,1051.0,1047.5,1048.0,226464,-0.001999786339168086,0.007111305581086302,0.0033808316540207143,0.45,0.6,0,1037.207131002793,1036.2342621899757,75.63035554309396,2.2637066979430074,-0.26664523852499367,1049.68626568803,0.0033808316540207143,0,SBIN,5m,2026-03-25 03:55:00
1048.0,1048.5,1045.5,1046.5999755859375,176377,-0.0013359011584566094,0.007799687612842998,0.003358950804345177,0.45,0.6,0,1038.1016876297592,1036.6407607545232,84.9055300069864,2.70092902364604,0.3268696139092131,1049.0477309362327,0.003358950804345177,0,SBIN,5m,2026-03-25 04:00:00
1046.5999755859375,1047.0,1044.199951171875,1045.5,196342,-0.0010509990556054616,0.006643582299498574,0.003374063327022639,0.45,0.65,0,1038.8062888078775,1036.9881819014047,82.82214791488023,2.924954969707187,0.8464866850688079,1048.3468513875907,0.003374063327022639,0,SBIN,5m,2026-03-25 04:05:00
1045.5,1049.4000244140625,1044.699951171875,1048.800048828125,174932,0.003156431208154009,0.011379024906581492,0.0033999019689608632,0.45,0.6,0,1039.7580754764724,1037.4513923691193,83.90813871096736,3.330392811517868,1.34326791035862,1048.2383263624479,0.0033999019689608632,0,SBIN,5m,2026-03-25 04:10:00
1049.0,1049.0,1046.0999755859375,1047.0,158021,-0.001716293615867226,0.012768379327160906,0.0033355520427072035,0.45,0.55,0,1040.4477825739511,1037.8258475703303,78.61270656637643,3.466496709137118,1.7679136701143197,1048.1330297042653,0.0033355520427072035,0,SBIN,5m,2026-03-25 04:15:00
1047.0,1047.0,1045.0,1046.199951171875,146426,-0.0007641345063276184,0.01385786066429473,0.003302044970862024,0.45,0.55,0,1040.995608154706,1038.1542437899989,75.22643791765626,3.469805022018136,2.108291940495083,1047.9250133409469,0.003302044970862024,1,SBIN,5m,2026-03-25 04:20:00
1045.9000244140625,1047.800048828125,1045.199951171875,1047.800048828125,168240,0.0015294377087837763,0.01757803099402966,0.0032380221384320537,0.5,0.5,0,1041.643650123603,1038.532510654239,78.63492132487177,3.560498185349161,2.398733189465899,1047.822204729519,0.0032380221384320537,1,SBIN,5m,2026-03-25 04:25:00
1047.800048828125,1051.0,1047.699951171875,1050.0,349722,0.0020995906369114525,0.02499021376007904,0.0029181501466018405,0.55,0.45,0,1042.4394929689743,1038.9822161187788,78.94727449244739,3.7664732850273595,2.672281208578191,1048.1314899761974,0.0029181501466018405,1,SBIN,5m,2026-03-25 04:30:00
1050.4000244140625,1052.0,1048.0999755859375,1051.699951171875,366784,0.0016190011160714946,0.026950469918863407,0.002896563730847381,0.6,0.4,1,1043.3214413692506,1039.4809508267433,79.66089421306353,4.020535655637104,2.941932097989974,1048.518528776166,0.002896563730847381,0,SBIN,5m,2026-03-25 04:35:00
1052.0,1055.0999755859375,1051.300048828125,1053.300048828125,205504,0.0015214393178082375,0.027409382554232087,0.0028961739184745075,0.65,0.35,1,1044.2717849367625,1040.0228762385623,79.54535996670828,4.301412418230029,3.213828162037985,1048.899271289411,0.0028961739184745075,0,SBIN,5m,2026-03-25 04:40:00
1053.199951171875,1054.0,1051.699951171875,1052.5,130424,-0.0007595640283271088,0.02463011101126078,0.002930133769467019,0.6,0.35,1,1045.0554244665946,1040.512175209599,76.67622816632739,4.4086320559868,3.4527889408277486,1049.0861903200407,0.002930133769467019,0,SBIN,5m,2026-03-25 04:45:00
1052.5,1054.0,1052.0,1052.4000244140625,99087,-9.498868022561613e-05,0.022243831388113255,0.0029339444807371705,0.55,0.35,0,1045.7549101758773,1040.97836537448,73.44251534871808,4.434419964114795,3.6491151454851583,1049.2188323121015,0.0029339444807371705,0,SBIN,5m,2026-03-25 04:50:00
1052.5,1053.5999755859375,1052.199951171875,1053.300048828125,89726,0.0008552113200146483,0.02411283308519696,0.002894078633517134,0.55,0.3,0,1046.4734948094247,1041.461568647172,58.46155772288508,4.475886284549233,3.8144693732979733,1049.3383343827536,0.002894078633517134,0,SBIN,5m,2026-03-25 04:55:00
1053.0999755859375,1054.0,1051.5999755859375,1052.199951171875,124269,-0.0010444295122495895,0.021355077696300073,0.002934237080135097,0.55,0.3,0,1047.0188716058485,1041.8826816873566,55.12180017744539,4.369609813342095,3.9254974613067977,1049.4739697364394,0.002934237080135097,0,SBIN,5m,2026-03-25 05:00:00
1052.199951171875,1052.800048828125,1051.4000244140625,1052.800048828125,97834,0.0005703266338128454,0.02144183438751779,0.002933420779303702,0.5,0.35,0,1047.569459912732,1042.3108137320926,62.63138282836071,4.284419686674482,3.997281906380335,1049.5646157617305,0.002933420779303702,0,SBIN,5m,2026-03-25 05:05:00
1052.5999755859375,1057.300048828125,1052.5,1056.4000244140625,173877,0.003419429539298191,0.023147723403450282,0.002977387895155047,0.5,0.3,0,1048.410466055716,1042.863331798052,73.11284360353305,4.456027529483208,4.08903103100091,1049.8758537618928,0.002977387895155047,0,SBIN,5m,2026-03-25 05:10:00
1056.5,1057.5,1055.800048828125,1057.4000244140625,124576,0.000946611110270057,0.022432870177472974,0.0029753461764911037,0.5,0.3,0,1049.2666144707966,1043.4333981751506,78.19849006392641,4.619469257843548,4.195118676369438,1050.134390393449,0.0029753461764911037,0,SBIN,5m,2026-03-25 05:15:00
1057.0,1058.5999755859375,1057.0,1057.4000244140625,184153,0.0,0.01859170530972354,0.0029170224180033602,0.5,0.3,0,1050.0412249415838,1043.981109008049,74.15667153564988,4.694878369717344,4.29507061503902,1050.5230671308252,0.0029170224180033602,0,SBIN,5m,2026-03-25 05:20:00
1057.199951171875,1057.800048828125,1056.0999755859375,1057.300048828125,119288,-9.454849974388502e-05,0.00695242745535718,0.001538760305358213,0.45,0.35,0,1050.7325415022067,1044.5034203735422,81.98705020698439,4.692481434903129,4.374552779011842,1050.7347176557885,0.001538760305358213,0,SBIN,5m,2026-03-25 05:25:00
1057.4000244140625,1057.9000244140625,1055.300048828125,1055.800048828125,150240,-0.001418707964368826,0.0054281243450242656,0.001588270111369855,0.5,0.4,0,1051.2151612475323,1044.9464254109769,78.57122097247654,4.5174698029559295,4.40313618380066,1050.95386318804,0.001588270111369855,0,SBIN,5m,2026-03-25 05:30:00
1055.800048828125,1058.4000244140625,1055.0999755859375,1057.5,197643,0.0016101071161740421,0.009064885496183228,0.0015201811648276153,0.55,0.4,0,1051.8137173191958,1045.4387224536836,78.69783164555133,4.464479930634525,4.415404933167433,1051.249948203002,0.0015201811648276153,0,SBIN,5m,2026-03-25 05:35:00
1057.800048828125,1058.0,1056.0999755859375,1056.5,87216,-0.0009456264775413725,0.009459224770686614,0.0014983658687665348,0.55,0.35,0,1052.2600299554629,1045.8724980437353,70.70037942402189,4.292314304962019,4.39078680752635,1051.3687574134003,0.0014983658687665348,0,SBIN,5m,2026-03-25 05:40:00
1056.9000244140625,1057.199951171875,1055.4000244140625,1056.0999755859375,153473,-0.00037863172178187465,0.010138666270624208,0.0014696663480384597,0.55,0.35,0,1052.6257390631272,1046.27357559441,65.27757762764162,4.076600664296848,4.32794957888045,1051.5433298056714,0.0014696663480384597,0,SBIN,5m,2026-03-25 05:45:00
1056.0999755859375,1056.9000244140625,1054.300048828125,1054.699951171875,107817,-0.0013256551902538494,0.00562538336105356,0.0013833597276330508,0.5,0.4,0,1052.8232830734842,1046.604021695487,54.929165807028404,3.7494544038015647,4.212250543864673,1051.6357098385968,0.0013833597276330508,0,SBIN,5m,2026-03-25 05:50:00
1054.699951171875,1056.4000244140625,1054.4000244140625,1056.4000244140625,94279,0.0016119022668945604,0.00897805579184574,0.0013295313688274665,0.5,0.4,0,1053.1639251059203,1046.988178664843,62.91380021180104,3.586032784228564,4.087006991937452,1051.721967317525,0.0013295313688274665,0,SBIN,5m,2026-03-25 05:55:00
1056.4000244140625,1056.699951171875,1054.800048828125,1056.0,273470,-0.00037866755473081604,0.009367280907581543,0.001313737616957818,0.55,0.35,0,1053.434027476785,1047.3415834230846,61.688028598831636,3.3852186528517905,3.9466493241203198,1051.9585609442263,0.001313737616957818,0,SBIN,5m,2026-03-25 06:00:00
1055.699951171875,1056.0,1054.0,1055.199951171875,178418,-0.0007576219963304487,0.007062322961357115,0.0013159373023108438,0.5,0.4,0,1053.6022106858413,1047.649754707351,56.2087123025371,3.125486094653752,3.7824166782270066,1052.0710299014027,0.0013159373023108438,0,SBIN,5m,2026-03-25 06:05:00
1055.300048828125,1056.9000244140625,1055.0,1056.5999755859375,90085,0.0013267858973151636,0.00628569103422616,0.0012725766394224695,0.5,0.4,0,1053.8877121048981,1048.000743761413,64.10244371933614,2.9980567092140973,3.6255446844244252,1052.144517016898,0.0012725766394224695,0,SBIN,5m,2026-03-25 06:10:00
1056.5,1060.0,1055.9000244140625,1059.5,254811,0.0027446758291418405,0.0074166104309822956,0.0013555171390006494,0.5,0.4,0,1054.4222157139554,1048.4516949864558,68.7147942552408,3.095393962094249,3.51951453995839,1052.4498828562732,0.0013555171390006494,0,SBIN,5m,2026-03-25 06:15:00
1059.5999755859375,1063.0,1059.0999755859375,1061.0,297229,0.0014157621519583774,0.007310311226551125,0.0013509926215032368,0.5,0.4,0,1055.0486713602454,1048.9437853791437,64.55672731486847,3.2560383173467926,3.466819295436071,1052.907692878555,0.0013509926215032368,0,SBIN,5m,2026-03-25 06:20:00
1061.0999755859375,1062.0,1060.5,1061.199951171875,144921,0.00018845539290768265,0.00826598686163904,0.001325852301923684,0.5,0.4,0,1055.6345075327815,1049.4244193317998,62.66631944727012,3.360743950502183,3.4456042264492934,1053.118716508678,0.001325852301923684,0,SBIN,5m,2026-03-25 06:25:00
1061.0,1062.0,1060.5,1061.800048828125,99118,0.0005654897134015346,0.008931988023561654,0.0013207618609607046,0.5,0.4,0,1056.221701941862,1049.9097381355773,64.10244371933614,3.4523502402194026,3.4469534292033153,1053.2603984178495,0.0013207618609607046,0,SBIN,5m,2026-03-25 06:30:00
1061.699951171875,1063.300048828125,1061.199951171875,1063.300048828125,226035,0.0014126953579023382,0.009493970888091896,0.0013356615087533178,0.55,0.4,0,1056.8958302167441,1050.4348483588144,67.64680539399423,3.6044366468045155,3.4784500727235557,1053.6097533394086,0.0013356615087533178,0,SBIN,5m,2026-03-25 06:35:00
1063.300048828125,1065.5,1063.0,1065.300048828125,337439,0.0018809366201046895,0.012450197932113438,0.0013207893017310914,0.55,0.35,0,1057.6962319892566,1051.0177973968266,77.14247848104797,3.8420606218007833,3.551172182539001,1054.1910083143546,0.0013207893017310914,0,SBIN,5m,2026-03-25 06:40:00
1065.0,1065.4000244140625,1063.5,1064.699951171875,206564,-0.0005633132720778145,0.011303098206535855,0.0013470825585098604,0.55,0.3,0,1058.3632528637916,1051.5543524468285,71.95054781469572,3.9365780470479876,3.6282533554407985,1054.5153464859304,0.0013470825585098604,0,SBIN,5m,2026-03-25 06:45:00
1064.800048828125,1065.0,1063.4000244140625,1063.4000244140625,117909,-0.001220932485609394,0.006626277771891065,0.0012231239280962986,0.5,0.35,0,1058.8429453923889,1052.0188886024064,70.65836311938543,3.862071011538319,3.675016886660303,1054.6809714960402,0.0012231239280962986,0,SBIN,5m,2026-03-25 06:50:00
1063.4000244140625,1063.4000244140625,1060.4000244140625,1060.9000244140625,230994,-0.002350949729738372,0.003310005597871424,0.0013513092892943278,0.45,0.4,0,1059.0388576801674,1052.3671684381577,62.76588837233462,3.5602541488278803,3.652064339093818,1054.9103008284922,0.0013513092892943278,0,SBIN,5m,2026-03-25 06:55:00
1060.699951171875,1062.9000244140625,1059.9000244140625,1060.800048828125,154182,-9.423657614926473e-05,0.0032154570981275388,0.0013520830415274896,0.4,0.45,0,1059.206590170449,1052.6978696299211,67.42860730179545,3.2752399885803243,3.57669946899112,1055.0470821096255,0.0013520830415274896,0,SBIN,5m,2026-03-25 07:00:00
1060.800048828125,1061.0999755859375,1059.0,1059.4000244140625,111259,-0.0013197816267157547,0.0019861680591664044,0.0013914733217777603,0.4,0.45,0,1059.2250124793645,1052.9606992292993,58.720831204224154,2.9029307646026155,3.4419457281134194,1055.1210305820969,0.0013914733217777603,0,SBIN,5m,2026-03-25 07:05:00
1059.5999755859375,1062.199951171875,1059.0,1061.5,117922,0.0019822310152379785,0.00539870326602232,0.0014038452664087,0.4,0.4,0,1059.4416779575204,1053.295573769327,64.55015177937094,2.745673091537128,3.3026912007981615,1055.2141388838259,0.0014038452664087,0,SBIN,5m,2026-03-25 07:10:00
1061.5,1062.0,1059.0,1059.5,127514,-0.0018841262364578393,0.001891252955082745,0.001445137128755968,0.35,0.35,0,1059.4472324377564,1053.5388846019023,60.69658690635249,2.4316316315396307,3.1284792869464555,1055.2989451589895,0.001445137128755968,0,SBIN,5m,2026-03-25 07:15:00
1059.5,1060.0,1058.0,1058.5,111376,-0.0009438414346389923,0.0018930430667296605,0.0014450694997330236,0.35,0.4,0,1059.3570198246366,1053.733438146926,54.82237906099155,2.078104771067956,2.918404383770756,1055.351028826768,0.0014450694997330236,0,SBIN,5m,2026-03-25 07:20:00
1058.199951171875,1059.5999755859375,1058.199951171875,1058.4000244140625,96054,-9.445024651633105e-05,0.0021778703544130806,0.0014415543537488681,0.35,0.35,0,1059.265877404582,1053.9164415299508,46.745639062443566,1.7694676710104886,2.6886170412187025,1055.3934748591278,0.0014415543537488681,0,SBIN,5m,2026-03-25 07:25:00
1058.300048828125,1060.300048828125,1058.0999755859375,1058.9000244140625,142268,0.00047241117579988057,0.003982244654056277,0.0014028714673616277,0.4,0.35,0,1059.2310342626276,1054.1118761528571,43.39631332867573,1.547379143375565,2.460369461650075,1055.4611125577756,0.0014028714673616277,0,SBIN,5m,2026-03-25 07:30:00
1058.800048828125,1061.800048828125,1058.699951171875,1060.5,137022,0.0015109788922924583,0.0038810824414847733,0.0013976962385266107,0.45,0.35,0,1059.3518881423774,1054.3623908135294,47.977025444179446,1.483377589908514,2.2649710873017628,1055.545264363362,0.0013976962385266107,0,SBIN,5m,2026-03-25 07:35:00
1060.0999755859375,1061.0,1059.9000244140625,1060.4000244140625,132136,-9.427212252477446e-05,0.004166689786043953,0.001392995520063242,0.4,0.35,0,1059.4517106444428,1054.5991607586484,45.83324250681199,1.408354074326553,2.093647684706721,1055.6253458508538,0.001392995520063242,0,SBIN,5m,2026-03-25 07:40:00
1060.5,1061.0,1059.0,1059.0,136230,-0.0013202795000274437,0.0036012594806364984,0.0014189808752202676,0.4,0.35,0,1059.4086905830673,1054.7717426896818,37.125564668216306,1.2218424883546959,1.919286645436316,1055.692472359281,0.0014189808752202676,0,SBIN,5m,2026-03-25 07:45:00
1058.9000244140625,1059.699951171875,1058.0999755859375,1059.5,131853,0.00047214353163371747,0.0027446758291418405,0.0013953221461692267,0.35,0.4,0,1059.4173867180132,1054.9571645449885,30.92083072326892,1.1016770863727743,1.7557647336236077,1055.74638590731,0.0013953221461692267,0,SBIN,5m,2026-03-25 07:50:00
1059.800048828125,1060.800048828125,1058.9000244140625,1060.0999755859375,149646,0.0005662818177796236,0.0005662818177796236,0.0012595500960531033,0.35,0.4,0,1059.482395181625,1055.1588434093394,34.86833123187998,1.042836979579988,1.613179182814884,1055.8202454213026,0.0012595500960531033,0,SBIN,5m,2026-03-25 07:55:00
1060.4000244140625,1061.0,1058.699951171875,1060.9000244140625,110760,0.0007546918654373069,-9.422769645384133e-05,0.0012295615533444249,0.35,0.45,0,1059.6174074894761,1055.383987762466,41.49657039411403,1.0486745576458816,1.5002782577810838,1055.8766923616956,0.0012295615533444249,0,SBIN,5m,2026-03-25 08:00:00
1060.9000244140625,1062.5,1060.5999755859375,1062.300048828125,118546,0.0013196572550140395,0.0010366544542668166,0.0012644042548626197,0.4,0.45,0,1059.872897140776,1055.6552058434722,55.14715782104101,1.1529803107266616,1.4308186683701996,1055.9572878061583,0.0012644042548626197,0,SBIN,5m,2026-03-25 08:05:00
1062.199951171875,1063.9000244140625,1062.0,1063.9000244140625,135137,0.0015061428150195955,0.0019777505079747737,0.0013014404239523425,0.45,0.45,0,1060.2564330715652,1055.978532061927,60.26483641743264,1.3491953456568808,1.4144940038275358,1056.0689303927436,0.0013014404239523425,0,SBIN,5m,2026-03-25 08:10:00
1063.5,1064.699951171875,1063.300048828125,1063.800048828125,136980,-9.397084654882981e-05,0.0004702341550262279,0.0012645145214610386,0.45,0.45,0,1060.5939202864756,1056.285258209621,65.94220205397659,1.4795743679273983,1.4275100766475084,1056.1888321917127,0.0012645145214610386,0,SBIN,5m,2026-03-25 08:15:00
1063.9000244140625,1065.0,1062.0,1062.4000244140625,160107,-0.0013160597384863637,-0.002722260660039111,0.0012186953944350043,0.45,0.5,0,1060.7659302033887,1056.5250529627363,53.4352140893631,1.4531790689500212,1.432643875108011,1056.310417949228,0.0012186953944350043,0,SBIN,5m,2026-03-25 08:20:00
1062.5,1063.5999755859375,1061.800048828125,1062.0,114432,-0.00037652899554774244,-0.002535879868223234,0.0012159576793465772,0.45,0.55,0,1060.8834606602088,1056.7397567681192,60.869565217391305,1.3840277667040937,1.4229206534272276,1056.3865021049553,0.0012159576793465772,0,SBIN,5m,2026-03-25 08:25:00
1062.5,1064.9000244140625,1062.0,1063.199951171875,175621,0.0011298975253060117,-0.0001881448538594288,0.0012181897629245718,0.5,0.5,0,1061.104078804177,1056.9930977251292,70.08534524132463,1.4097996004022662,1.4202964428222353,1056.5164326745069,0.0012181897629245718,0,SBIN,5m,2026-03-25 08:30:00
1063.699951171875,1064.0,1061.5,1062.0,157906,-0.0011286222977647808,0.0010368324635914306,0.0011213041065076556,0.5,0.5,0,1061.1894046323507,1057.1894468339478,64.06248509875354,1.318202515082703,1.3998776572743288,1056.6149290114533,0.0011213041065076556,0,SBIN,5m,2026-03-25 08:35:00
1062.0,1062.9000244140625,1060.5999755859375,1060.800048828125,149874,-0.0011298975253060117,0.0,0.0011519287746556393,0.5,0.5,0,1061.1523231271863,1057.3310390690135,57.03719109149931,1.1356935654082463,1.3470408389011124,1056.6890531035592,0.0011519287746556393,0,SBIN,5m,2026-03-25 08:40:00
1060.800048828125,1061.199951171875,1059.5,1059.5999755859375,119115,-0.001131290711678612,0.000188740010635291,0.0011412790430428683,0.5,0.5,0,1061.00448050421,1057.420016971638,46.564785910636914,0.8840275078489412,1.2544381726906781,1056.7302523309788,0.0011412790430428683,0,SBIN,5m,2026-03-25 08:45:00
1059.300048828125,1059.9000244140625,1056.199951171875,1056.5,324553,-0.002925609340660218,-0.004710315591144654,0.0012198390622788309,0.45,0.55,0,1060.575482360952,1057.3839378747111,37.88810457119894,0.4294873589415147,1.0894480099408455,1056.755839874447,0.0012198390622788309,0,SBIN,5m,2026-03-25 08:50:00
1056.5,1059.5999755859375,1056.300048828125,1059.300048828125,254997,0.00265030651029341,-0.00018872220092025493,0.001314944861603395,0.45,0.55,0,1060.4540125006827,1057.4590794807275,50.85728236607143,0.2918374353009767,0.9299258950128717,1056.795994497123,0.001314944861603395,0,SBIN,5m,2026-03-25 08:55:00
1059.199951171875,1060.5,1057.0999755859375,1059.5,129067,0.00018875782371208238,0.0009447331128955572,0.001296811668619184,0.5,0.5,0,1060.3631541672844,1057.5391155795226,50.0,0.1966167916264112,0.7832640743355797,1056.8233131807262,0.001296811668619184,0,SBIN,5m,2026-03-25 09:00:00
1059.300048828125,1060.199951171875,1058.0,1059.0,93837,-0.00047192071731949614,0.0005668703440078193,0.0013017316750372886,0.5,0.5,0,1060.2333299608763,1057.5964051646395,46.7836925251458,0.07988703613636972,0.6425886666957377,1056.843053066204,0.0013017316750372886,0,SBIN,5m,2026-03-25 09:05:00
1058.699951171875,1061.300048828125,1058.699951171875,1060.300048828125,210687,0.001227619290014248,0.0013221497608684185,0.0013259941000765614,0.5,0.45,0,1060.2396841387094,1057.7024304063448,48.29552153919779,0.09122930474950408,0.5323167943064909,1056.9061531582051,0.0013259941000765614,0,SBIN,5m,2026-03-25 09:10:00
1060.300048828125,1061.0999755859375,1059.5999755859375,1060.0999755859375,165763,-0.00018869492876905092,-0.0003772035964757503,0.0012823184476039493,0.45,0.45,0,1060.226378562255,1057.7964517859368,43.29246961272507,0.08311578870484482,0.4424765931861617,1056.9566076152362,0.0012823184476039493,0,SBIN,5m,2026-03-25 09:15:00
1060.4000244140625,1060.800048828125,1059.300048828125,1059.300048828125,191010,-0.0007545767156257321,-0.0010373213510112,0.001292840412189438,0.45,0.5,0,1060.138156682814,1057.8554163758265,35.25646543291991,0.012000035753771954,0.3563812816996838,1057.0049647356632,0.001292840412189438,0,SBIN,5m,2026-03-25 09:20:00
1059.300048828125,1062.300048828125,1059.300048828125,1061.800048828125,192087,0.002360048980235341,0.0026440498849149563,0.0013627150698720346,0.5,0.45,0,1060.2964321252246,1058.010107844544,44.444444444444436,0.1555760123787877,0.31622022783550463,1057.0743835119736,0.0013627150698720346,0,SBIN,5m,2026-03-25 09:25:00
1061.4000244140625,1063.199951171875,1056.199951171875,1061.0,1423940,-0.0007534835103916171,0.0014157621519583774,0.0013741673531931248,0.55,0.45,0,1060.3634385894889,1058.1273585173071,45.97694698367487,0.2024698082047962,0.293470143909363,1057.413413402375,0.0013741673531931248,0,SBIN,5m,2026-03-25 09:30:00
1061.5,1062.4000244140625,1059.4000244140625,1061.699951171875,638341,0.000659708927309044,0.001509268581062928,0.001376094797870962,0.5,0.45,0,1060.4907255020971,1058.2674601900353,49.15240210209795,0.29273917410728245,0.2933239499489469,1057.5910694118543,0.001376094797870962,0,SBIN,5m,2026-03-25 09:35:00
1061.800048828125,1062.199951171875,1059.5999755859375,1059.9000244140625,754176,-0.0016953252713497458,-0.0009425958874421658,0.0014208495490620997,0.45,0.4,0,1060.4344682556175,1058.3314823164678,40.98377058694043,0.21654307640937986,0.2779677752410335,1057.7486604231706,0.0014208495490620997,0,SBIN,5m,2026-03-25 09:40:00
1060.0,1061.0,1059.5999755859375,1059.9000244140625,462429,0.0,-0.0022592716781949518,0.0013842529799196106,0.4,0.4,0,1060.3835688421361,1058.3929937712755,43.85971174232419,0.1543775517013728,0.2532497305331014,1057.8247123873718,0.0013842529799196106,0,SBIN,5m,2026-03-25 09:45:00
1059.800048828125,1061.699951171875,1059.5999755859375,1061.5,514906,0.0015095533060507371,-0.00225587400976357,0.0013844630253400372,0.4,0.4,0,1060.4898956190757,1058.5148371527941,51.99986049107143,0.2315464602618249,0.2489090764788461,1057.9298966714416,0.0013844630253400372,0,SBIN,5m,2026-03-25 09:50:00
1061.800048828125,1063.199951171875,1061.5,1062.800048828125,370485,0.001224728052873214,-0.0009400262775900448,0.0014164001745618593,0.4,0.4,0,1060.7099102104137,1058.6828846694739,59.09112977618099,0.39307532408111,0.2777423259992989,1058.0385163417814,0.0014164001745618593,0,SBIN,5m,2026-03-25 09:55:00
1041.5,1045.0,1040.300048828125,1042.800048828125,329434,0.0011521440767243707,-0.01807905006767896,0.004697525977584501,0.35,0.4,0,1057.3575480929846,1057.4163816529403,25.806520898664033,-2.296241262365129,-0.4696570274345139,1042.7000325520833,0.004697525977584501,0,SBIN,5m,2026-03-27 03:50:00
1042.800048828125,1045.0,1041.800048828125,1042.199951171875,382115,-0.0005754676142606385,-0.019751693909366264,0.004674137021909516,0.3,0.4,0,1055.9139674338314,1056.819658888977,24.927642892019847,-3.195607290603448,-1.0148470800683007,1042.861120630853,0.004674137021909516,0,SBIN,5m,2026-03-27 03:55:00
1042.199951171875,1043.300048828125,1040.300048828125,1040.5,203096,-0.0016311180690072868,-0.020244821092278764,0.004676291377602862,0.3,0.4,0,1054.4459705353713,1056.17967226588,24.089777607571733,-3.99943025759967,-1.6117637155745745,1042.5292858631428,0.004676291377602862,0,SBIN,5m,2026-03-27 04:00:00
1040.300048828125,1041.5,1038.5,1041.5,268490,0.0009610764055743015,-0.01819386118000832,0.0046968362652000965,0.3,0.4,0,1053.213020960574,1055.6039988436887,23.44636859564548,-4.503856453877461,-2.190182263235152,1042.0687780078301,0.0046968362652000965,0,SBIN,5m,2026-03-27 04:05:00
1041.5999755859375,1043.4000244140625,1040.9000244140625,1043.0999755859375,147728,0.001536222358077266,-0.015571914288574629,0.004727905069361938,0.35,0.35,0,1052.2498737820372,1055.1136449904436,26.902204560381605,-4.720102783662696,-2.696166367320661,1042.1129452121227,0.004727905069361938,0,SBIN,5m,2026-03-27 04:10:00
1043.0999755859375,1043.0999755859375,1040.699951171875,1041.300048828125,156154,-0.0017255553637621768,-0.014387081090274534,0.0047067246281930685,0.35,0.35,0,1051.207033310236,1054.5719353370193,26.19050694637309,-4.979320102110023,-3.1527971142785334,1042.069580329651,0.0047067246281930685,0,SBIN,5m,2026-03-27 04:15:00
1041.300048828125,1042.0999755859375,1039.800048828125,1040.699951171875,331526,-0.000576296579382074,-0.01755885660236378,0.0046401785238234594,0.35,0.4,0,1050.2063588208684,1054.027935957994,20.612797268900422,-5.173537243248575,-3.556945140072542,1041.850283973722,0.0046401785238234594,0,SBIN,5m,2026-03-27 04:20:00
1040.699951171875,1040.9000244140625,1039.300048828125,1040.5,113356,-0.00019213143197505111,-0.01793298725814063,0.004636362881010261,0.3,0.45,0,1049.2819436950715,1053.4974286655238,20.96321296917469,-5.282694501518108,-3.9020950123616553,1041.755409298953,0.004636362881010261,0,SBIN,5m,2026-03-27 04:25:00
1040.5,1043.300048828125,1040.5,1042.800048828125,181932,0.002210522660379688,-0.015297404317162422,0.004687731559521419,0.35,0.45,0,1048.6646203744099,1053.0779235738612,24.390477891797843,-5.124535244624894,-4.146583058814303,1041.7936768793265,0.004687731559521419,0,SBIN,5m,2026-03-27 04:30:00
1042.800048828125,1043.0,1041.300048828125,1042.5999755859375,107360,-0.0001918615581312233,-0.016693456971684673,0.004666754465787959,0.3,0.45,0,1048.0870351564602,1052.6670236527661,25.4958849159693,-4.958182293505843,-4.308902905752611,1041.8181501119002,0.004666754465787959,0,SBIN,5m,2026-03-27 04:35:00
1042.5999755859375,1042.699951171875,1039.9000244140625,1041.4000244140625,163042,-0.0011509219259291381,-0.017639799643933807,0.004664744882216674,0.3,0.5,0,1047.4501769905175,1052.2251805453661,24.65770375572724,-4.867067883479422,-4.420535901297974,1041.784996683854,0.004664744882216674,0,SBIN,5m,2026-03-27 04:40:00
1041.800048828125,1043.0,1041.4000244140625,1042.4000244140625,121238,0.0009602458004192016,-0.015953954153743788,0.004682876891080795,0.35,0.45,0,1046.9692100784741,1051.8398803049229,23.398561689250073,-4.660444708860496,-4.468517662810479,1041.8083051470733,0.004682876891080795,0,SBIN,5m,2026-03-27 04:45:00
1042.4000244140625,1045.699951171875,1042.199951171875,1045.0999755859375,141222,0.002590129613046166,-0.015728077297245235,0.004691306105173114,0.35,0.45,0,1046.7911877458516,1051.5755703159432,26.273468973665004,-4.230069253965439,-4.420827981041471,1041.9430331960696,0.004691306105173114,0,SBIN,5m,2026-03-27 04:50:00
1045.300048828125,1046.9000244140625,1045.0,1046.0999755859375,138198,0.0009568462571625247,-0.014043378335591439,0.004707409604215515,0.35,0.4,0,1046.725358016336,1051.3608411108448,63.1578195939579,-3.7649025100567997,-4.289642886844537,1042.1443569456776,0.004707409604215515,0,SBIN,5m,2026-03-27 04:55:00
1046.199951171875,1047.5,1044.9000244140625,1045.199951171875,141545,-0.0008603617580226208,-0.015541114023588043,0.0046966236159679394,0.4,0.45,0,1046.5800811740064,1051.1192375838264,57.1425457399038,-3.429347578372017,-4.117583825150033,1042.3243961392773,0.0046966236159679394,0,SBIN,5m,2026-03-27 05:00:00
1045.199951171875,1048.4000244140625,1045.0,1048.199951171875,260461,0.002870264198382655,-0.011038846091786403,0.004759924712222648,0.45,0.45,0,1046.7343545071367,1051.00475576375,65.62503973653091,-2.8880512919708963,-3.871677318514206,1042.7228723176825,0.004759924712222648,0,SBIN,5m,2026-03-27 05:05:00
1048.199951171875,1048.300048828125,1045.0999755859375,1045.9000244140625,139371,-0.0021941679688509685,-0.013208792978129713,0.004771997940109785,0.45,0.45,0,1046.6548944982726,1050.804570220625,63.63647573072915,-2.614516435248561,-3.6202451418610773,1042.8783417298346,0.004771997940109785,0,SBIN,5m,2026-03-27 05:10:00
1045.699951171875,1045.699951171875,1043.699951171875,1044.0,179052,-0.0018166405676555142,-0.01648610456900612,0.004750551588834584,0.4,0.5,0,1046.402047403199,1050.5377243296202,56.03866158727163,-2.521982339106671,-3.4005925813101965,1042.9594718201186,0.004750551588834584,0,SBIN,5m,2026-03-27 05:15:00
1043.9000244140625,1045.0,1042.5999755859375,1042.9000244140625,276128,-0.0010536164616259391,-0.018724147064167806,0.004726193819782352,0.35,0.55,0,1046.0685214042337,1050.238206685873,49.50507016038386,-2.5084909163454086,-3.2221722483172393,1042.9989421408143,0.004726193819782352,0,SBIN,5m,2026-03-27 05:20:00
1042.5999755859375,1043.800048828125,1041.9000244140625,1042.800048828125,258391,-9.586305839204279e-05,0.0011521440767243707,0.001519820792355513,0.35,0.55,0,1045.757238301747,1049.9465142208633,54.054054054054056,-2.4773091826743894,-3.0731996351886695,1042.9883522852738,0.001519820792355513,0,SBIN,5m,2026-03-27 05:25:00
1042.800048828125,1044.5999755859375,1040.0999755859375,1040.9000244140625,784692,-0.0018220409715148378,-0.0018220409715148378,0.0015523558246606903,0.4,0.55,0,1045.29464650292,1049.5917499147142,50.50523732899305,-2.5762165049068244,-2.973803009132301,1042.8059129730846,0.0015523558246606903,0,SBIN,5m,2026-03-27 05:30:00
1041.0,1041.9000244140625,1040.0999755859375,1041.4000244140625,137017,0.00048035352893904815,-0.0007675367446650094,0.0015529314835961438,0.4,0.55,0,1044.923730113505,1049.2705057774338,52.23886942104592,-2.5844633641497694,-2.8959350801357946,1042.7597236125357,0.0015529314835961438,0,SBIN,5m,2026-03-27 05:35:00
1041.5999755859375,1042.5999755859375,1041.4000244140625,1042.5,127029,0.001056246936960159,0.001922152811148381,0.001523751056932573,0.45,0.5,0,1044.6928986741234,1049.0049957469462,49.206215929935155,-2.4737246645170217,-2.8114929970120404,1042.744918799564,0.001523751056932573,0,SBIN,5m,2026-03-27 05:40:00
1042.5,1043.199951171875,1040.300048828125,1041.199951171875,184315,-0.0012470492356114748,-0.0002880929698751977,0.001537789232926048,0.5,0.5,0,1044.3602370072426,1048.6989155675317,46.49991760203614,-2.462480579418525,-2.7416905134933374,1042.7037321904331,0.001537789232926048,0,SBIN,5m,2026-03-27 05:45:00
1041.5,1042.199951171875,1040.0999755859375,1041.4000244140625,212200,0.00019215640757797026,-0.0016297106812989126,0.0014952913730788577,0.45,0.55,0,1044.0783119983685,1048.4126845419055,50.0,-2.4096483956552674,-2.6752820899257235,1042.646846710435,0.0014952913730788577,0,SBIN,5m,2026-03-27 05:50:00
1041.5,1042.0,1039.800048828125,1040.0,142462,-0.001344367564087845,-0.0012484862836490418,0.0014755179024028156,0.45,0.55,0,1043.689901331857,1048.0827753441838,43.81437785118767,-2.4524781377524505,-2.6307212994910687,1042.5950310268638,0.0014755179024028156,0,SBIN,5m,2026-03-27 05:55:00
1040.0999755859375,1041.9000244140625,1039.9000244140625,1040.9000244140625,214334,0.0008654080904446637,0.00019224872833145668,0.0014842314594868335,0.45,0.5,0,1043.4241987682576,1047.8010988371202,38.06838673879872,-2.3862889153367632,-2.5818348226602077,1042.5328426474653,0.0014842314594868335,0,SBIN,5m,2026-03-27 06:00:00
1040.800048828125,1041.699951171875,1039.699951171875,1041.300048828125,226143,0.00038430627791341543,0.0007689080520183467,0.0014856824315473195,0.45,0.5,0,1043.2218987739593,1047.5461556995126,35.88266973037017,-2.2753263073041126,-2.520533119588989,1042.4719893631727,0.0014856824315473195,0,SBIN,5m,2026-03-27 06:05:00
1041.300048828125,1041.5,1038.800048828125,1040.199951171875,160764,-0.0010564655763610764,-0.0024933808347745723,0.0014121987268035812,0.4,0.55,0,1042.9340942404274,1047.2580692474485,35.46528132629308,-2.250217224502876,-2.4664699405717663,1042.412489428116,0.0014121987268035812,0,SBIN,5m,2026-03-27 06:10:00
1040.199951171875,1040.800048828125,1038.5999755859375,1039.4000244140625,262185,-0.0007690124931377662,-0.003069203190875447,0.0014195390372439753,0.4,0.6,0,1042.597516161726,1046.9499106265314,20.667149518639988,-2.2687131861850958,-2.426918589694432,1042.298887433752,0.0014195390372439753,0,SBIN,5m,2026-03-27 06:15:00
1039.9000244140625,1040.800048828125,1039.300048828125,1040.300048828125,80390,0.0008659076322130588,-0.001056246936960048,0.001416529783607306,0.4,0.55,0,1042.3787097490022,1046.6891317324762,29.412187087682767,-2.1855532235756527,-2.3786455164706766,1042.2723960067226,0.001416529783607306,0,SBIN,5m,2026-03-27 06:20:00
1040.300048828125,1041.0999755859375,1039.5,1039.9000244140625,115798,-0.00038452792010645886,-0.0023983115324707205,0.0013977499748945336,0.4,0.55,0,1042.142644479008,1046.4228922297932,33.05825977301387,-2.127403596743079,-2.328397132525157,1042.2359322531395,0.0013977499748945336,0,SBIN,5m,2026-03-27 06:25:00
1040.0,1040.0,1037.699951171875,1038.5999755859375,113300,-0.0012501671291502703,-0.0062195006715560774,0.0012632914132581245,0.35,0.6,0,1041.8052474415726,1046.1161111849362,32.520543051089675,-2.161308455494236,-2.294979397118973,1042.1781317374896,0.0012632914132581245,0,SBIN,5m,2026-03-27 06:30:00
1038.300048828125,1039.800048828125,1038.300048828125,1039.0,76785,0.00038515734976485305,-0.006787090862860112,0.0012393312847767837,0.3,0.6,0,1041.5380810185657,1045.8370480012131,34.92085020635136,-2.131331016009426,-2.2622497208970636,1042.1430202117174,0.0012393312847767837,0,SBIN,5m,2026-03-27 06:35:00
1039.0,1039.4000244140625,1038.5,1038.699951171875,49457,-0.00028878616758898357,-0.00621890576316253,0.0012332689702394227,0.25,0.55,0,1041.2677829379284,1045.557161851043,40.0,-2.107491264628152,-2.2312980296432814,1042.1196268518454,0.0012332689702394227,0,SBIN,5m,2026-03-27 06:40:00
1038.699951171875,1039.0,1037.199951171875,1037.5,142574,-0.0011552433121049255,-0.01020792946986171,0.00099151650872805,0.2,0.6,0,1040.9089464676495,1045.2411947196297,33.33368110256758,-2.1605190028735706,-2.2171422242893395,1042.0345246831794,0.00099151650872805,0,SBIN,5m,2026-03-27 06:45:00
1037.5999755859375,1040.0,1037.300048828125,1039.9000244140625,208149,0.002313276543674636,-0.0057366859737491005,0.0010959118332575203,0.25,0.6,0,1040.812858653022,1045.0317370605878,40.00037559038114,-1.9859887134496148,-2.170911522121395,1041.949638763032,0.0010959118332575203,0,SBIN,5m,2026-03-27 06:50:00
1040.0,1040.800048828125,1039.0,1040.0,128660,9.61396130303438e-05,-0.003831417624521105,0.0010372959932052619,0.3,0.55,0,1040.7354435432103,1044.834414038604,44.91558737120867,-1.8186408477754412,-2.100457387252204,1041.9146114196662,0.0010372959932052619,0,SBIN,5m,2026-03-27 06:55:00
1040.0,1040.5,1038.5,1040.0999755859375,127290,9.613037109379441e-05,-0.002684867928446133,0.0010186900445467862,0.3,0.55,0,1040.6749227853747,1044.6487497855583,44.444328520156915,-1.658827335360229,-2.012131376873809,1041.8771914552892,0.0010186900445467862,0,SBIN,5m,2026-03-27 07:00:00
1040.4000244140625,1040.5,1038.5999755859375,1039.4000244140625,114858,-0.0006729652805546049,-0.0032604758869002604,0.0010257045208515723,0.3,0.5,0,1040.5535038928688,1044.4429174180486,47.27286850953802,-1.5705498640122642,-1.9238150743015001,1041.8414918145259,0.0010257045208515723,0,SBIN,5m,2026-03-27 07:05:00
1039.4000244140625,1040.0,1038.699951171875,1039.800048828125,71891,0.0003848608857672797,-0.001056754308903729,0.0009540097013156292,0.25,0.45,0,1040.4817462676551,1044.2608441400125,44.762081914040245,-1.451577819367003,-1.8293676233146008,1041.8196874997761,0.0009540097013156292,0,SBIN,5m,2026-03-27 07:10:00
1039.800048828125,1039.9000244140625,1038.800048828125,1039.5,92397,-0.0002885639681043939,-0.0018244904642973347,0.000946875521037596,0.25,0.45,0,1040.3882466231166,1044.074144369816,41.346040986877625,-1.3657594251578757,-1.736645983683256,1041.7910706959049,0.000946875521037596,0,SBIN,5m,2026-03-27 07:15:00
1039.300048828125,1040.699951171875,1038.199951171875,1039.9000244140625,102700,0.00038482387115190697,-0.0024939813773980912,0.0009154449046389277,0.25,0.5,0,1040.3417492698734,1043.9104533911589,48.4539974579364,-1.2510478020753908,-1.639526347361683,1041.762641263504,0.0009154449046389277,0,SBIN,5m,2026-03-27 07:20:00
1039.5999755859375,1040.0999755859375,1039.199951171875,1039.5,58273,-0.00038467583870660516,-0.001632684644252702,0.0008793852684898344,0.2,0.45,0,1040.2615826727426,1043.737494434643,50.537493273130586,-1.1788278477670247,-1.5473866474427513,1041.746835784678,0.0008793852684898344,0,SBIN,5m,2026-03-27 07:25:00
1039.5,1040.0,1039.0999755859375,1039.5999755859375,64475,9.617660984839738e-05,-0.0017284893277564883,0.0008780751572813883,0.2,0.45,0,1040.1985724739993,1043.5752387935172,45.881981244524866,-1.1008360664791326,-1.4580765312500277,1041.7293478703334,0.0008780751572813883,0,SBIN,5m,2026-03-27 07:30:00
1039.300048828125,1039.699951171875,1038.699951171875,1038.9000244140625,71020,-0.000673288946049122,-0.0010576688326322525,0.0008394352545349059,0.2,0.45,0,1040.0749012301958,1043.3918970531465,44.31821334443057,-1.0830228148904553,-1.3830657879781132,1041.7063193725255,0.0008394352545349059,0,SBIN,5m,2026-03-27 07:35:00
1039.0,1039.5999755859375,1038.199951171875,1039.5,94579,0.0005775104166312328,-0.0013450133357914007,0.000825212876481188,0.2,0.5,0,1040.020148732082,1043.2392736392976,55.5557230050486,-1.008863123002584,-1.3082252549830073,1041.6762708438118,0.000825212876481188,0,SBIN,5m,2026-03-27 07:40:00
1039.5999755859375,1041.9000244140625,1039.199951171875,1040.800048828125,107769,0.0012506482233045624,-0.0004801689969790024,0.0008715832609761035,0.25,0.45,0,1040.0944249317051,1043.1436177643498,60.000271267361114,-0.8355561858268175,-1.2136914411517694,1041.662747706998,0.0008715832609761035,0,SBIN,5m,2026-03-27 07:45:00
1040.800048828125,1040.9000244140625,1039.5999755859375,1040.0999755859375,125788,-0.0006726299090548116,-9.61118925499882e-05,0.0008516421645215983,0.25,0.4,0,1040.0949535654415,1043.0242592475493,57.44691903123174,-0.7460986881476401,-1.1201728905509436,1041.6409396909062,0.0008516421645215983,0,SBIN,5m,2026-03-27 07:50:00
1040.0999755859375,1040.5,1039.4000244140625,1039.5999755859375,136686,-0.0004807230186870681,0.00019237172135699865,0.0008403860142983952,0.25,0.4,0,1040.0478128054888,1042.8899736137605,62.06872360427102,-0.7073943957989286,-1.0376171916005406,1041.612122371274,0.0008403860142983952,0,SBIN,5m,2026-03-27 07:55:00
1040.0999755859375,1040.699951171875,1039.0999755859375,1039.199951171875,92829,-0.0003847868636559504,-0.0010574811156542907,0.0008196171700151499,0.3,0.45,0,1039.967064078478,1042.7452668513338,44.77562993058466,-0.7009198249004385,-0.9702777182605201,1041.5912840396809,0.0008196171700151499,0,SBIN,5m,2026-03-27 08:00:00
1039.0999755859375,1040.0,1038.800048828125,1039.300048828125,87065,9.632184464325455e-05,-0.0005769550647675148,0.0008164137551581209,0.25,0.5,0,1039.9035388165396,1042.6101602621884,44.77663605888355,-0.67987446686152,-0.9121970679807201,1041.56915817407,0.0008164137551581209,0,SBIN,5m,2026-03-27 08:05:00
1039.4000244140625,1039.699951171875,1037.5,1038.199951171875,152033,-0.0010584986092230242,-0.00038515734976485305,0.00080232234408079,0.25,0.5,0,1039.7412923741906,1042.4372108860978,37.66268765555397,-0.7433951593027359,-0.8784366862451233,1041.5161939372351,0.00080232234408079,0,SBIN,5m,2026-03-27 08:10:00
1038.5,1039.300048828125,1037.800048828125,1038.5,85582,0.00028900870953263436,-0.0004812319538017862,0.0008000583598419045,0.25,0.5,0,1039.623074052839,1042.282810459192,43.83579968230081,-0.7607548248201965,-0.854900313960138,1041.4878025371738,0.0008000583598419045,0,SBIN,5m,2026-03-27 08:15:00
1038.4000244140625,1039.4000244140625,1038.0,1038.199951171875,110953,-0.00028892520763124097,-0.00048137096707845384,0.0008000607845285628,0.3,0.5,0,1039.4875385403661,1042.1226983302777,38.888888888888886,-0.7896216507620011,-0.8418445813205107,1041.4517886935546,0.0008000607845285628,0,SBIN,5m,2026-03-27 08:20:00
1038.5999755859375,1038.800048828125,1037.0999755859375,1037.5,212890,-0.0006741968838324119,0.0,0.0007709563813757642,0.3,0.5,0,1039.2982491555692,1041.941416042816,36.84269699013844,-0.8590761332218335,-0.8452908917007753,1041.3683304765807,0.0007709563813757642,0,SBIN,5m,2026-03-27 08:25:00
1037.800048828125,1039.300048828125,1037.4000244140625,1038.800048828125,126709,0.0012530591114456868,-0.0010577705165044637,0.0006264522097604971,0.3,0.5,0,1039.2508015053363,1041.8182251716516,43.5298341351332,-0.7999943980539683,-0.8362315929714139,1041.329838340422,0.0006264522097604971,0,SBIN,5m,2026-03-27 08:30:00
1038.9000244140625,1039.199951171875,1036.199951171875,1036.699951171875,131616,-0.0020216572560033397,-0.0031731238731971256,0.0007638775588098174,0.25,0.55,0,1039.00786337834,1041.6175085442094,36.274861779277664,-0.9121177017907485,-0.8514088147352808,1041.2753521600782,0.0007638775588098174,0,SBIN,5m,2026-03-27 08:35:00
1036.5999755859375,1037.0999755859375,1035.199951171875,1037.0,149884,0.0002894268759112695,-0.0029804592430561216,0.0007684793289149341,0.25,0.55,0,1038.8166382946886,1041.43642977777,37.500733559465274,-0.9656335722550011,-0.874253766239225,1041.2007130110267,0.0007684793289149341,0,SBIN,5m,2026-03-27 08:40:00
1036.800048828125,1037.0,1032.4000244140625,1032.9000244140625,302664,-0.003953689089621459,-0.0062536077037945725,0.0011444123867671242,0.25,0.6,0,1038.2531512584385,1041.1016687831147,28.261715640313483,-1.3236211691064454,-0.9641272468126691,1040.9863587476107,0.0011444123867671242,0,SBIN,5m,2026-03-27 08:45:00
1032.9000244140625,1034.0,1032.0,1032.699951171875,199716,-0.000193700491294857,-0.0068283297969181644,0.0011331003585624089,0.25,0.65,0,1037.7242750597181,1040.7721896611054,24.627885368653097,-1.6049720387331945,-1.0922962051967744,1040.8284263812902,0.0011331003585624089,0,SBIN,5m,2026-03-27 08:50:00
1032.5999755859375,1033.4000244140625,1031.0,1031.800048828125,223268,-0.0008714073654489951,-0.0074073604347041355,0.0011391349215079468,0.25,0.7,0,1037.1600630376618,1040.4203410009884,15.38591549295775,-1.8789004336545077,-1.249617050888321,1040.641211348745,0.0011391349215079468,0,SBIN,5m,2026-03-27 08:55:00
1031.699951171875,1032.4000244140625,1030.5999755859375,1031.0,153199,-0.0007753913454778827,-0.00855853851823618,0.0011281040689810125,0.2,0.7,0,1036.5733903674084,1040.0509158636949,15.268498588320796,-2.1359262856667556,-1.4268788978440081,1040.5067153033308,0.0011281040689810125,0,SBIN,5m,2026-03-27 09:00:00
1031.300048828125,1032.300048828125,1028.199951171875,1028.5,271033,-0.002424830261881672,-0.010582010582010581,0.001212928813229985,0.2,0.75,0,1035.8044960467028,1039.597938771001,13.2462430175501,-2.512388975583235,-1.6439809133918535,1040.2365101484702,0.001212928813229985,0,SBIN,5m,2026-03-27 09:05:00
1028.4000244140625,1029.4000244140625,1027.5,1028.0,196094,-0.000486144871171601,-0.011158114523232454,0.0012040358613917559,0.2,0.75,0,1035.0612107089214,1039.1431176427266,13.15912047670291,-2.818593203004184,-1.87890337131432,1040.0250545906088,0.0012040358613917559,0,SBIN,5m,2026-03-27 09:10:00
1028.300048828125,1029.5999755859375,1027.9000244140625,1029.0999755859375,136056,0.0010700151614178033,-0.009433100970088204,0.0012573402031250292,0.25,0.7,0,1034.493474030542,1038.7492689346172,18.518909225170106,-2.938628739535261,-2.090848444958508,1039.8895694334742,0.0012573402031250292,-1,SBIN,5m,2026-03-27 09:15:00
1029.4000244140625,1030.4000244140625,1028.4000244140625,1028.5999755859375,163456,-0.0004858614438458808,-0.010485833972162073,0.001232822516997172,0.3,0.65,0,1033.9321884643891,1038.3512574307474,19.231280859488095,-3.0390710688457148,-2.2804929697359495,1039.7349216438197,0.001232822516997172,-1,SBIN,5m,2026-03-27 09:20:00
1029.0,1030.800048828125,1028.699951171875,1030.0,290007,0.0013610970710600245,-0.01037667978617518,0.0012414182482820108,0.3,0.65,0,1033.5576943249234,1038.0237571393457,24.551195836500796,-2.9714490537210168,-2.418684186532963,1039.4886259751768,0.0012414182482820108,-1,SBIN,5m,2026-03-27 09:25:00
1028.199951171875,1028.199951171875,1022.7000122070312,1023.2000122070312,1301923,-0.006601929896086212,-0.016248402822416907,0.0018422240387259766,0.3,0.7,-1,1032.5712484089336,1037.4424338086667,17.672732438682388,-3.427055343831853,-2.6203584179927413,1038.0030950795006,0.0018422240387259766,-1,SBIN,5m,2026-03-27 09:30:00
1023.0999755859375,1024.300048828125,1021.5,1022.0,1182927,-0.001172803159416369,-0.016929565216676545,0.001842072187893317,0.3,0.7,-1,1031.564462846178,1036.8368481691111,17.299847542131943,-3.840684546686589,-2.864423643731511,1036.7148403675171,0.001842072187893317,-1,SBIN,5m,2026-03-27 09:35:00
1021.5999755859375,1022.2000122070312,1020.4000244140625,1020.5999755859375,1247810,-0.001369886902213846,-0.01789836071966988,0.001842099339886325,0.25,0.7,-1,1030.5202259642504,1036.20010806781,11.764826563950535,-4.232667384840624,-3.138072391953334,1035.446224528646,0.001842099339886325,-1,SBIN,5m,2026-03-27 09:40:00
