open,high,low,close,volume,returns,price_change_pct,rolling_volatility,higher_high_ratio,lower_low_ratio,market_type,ema_20,ema_50,rsi,macd,macd_signal,vwap,volatility,target_market_type,symbol,timeframe,timestamp
3118.0,3121.5,3117.0,3120.199951171875,18597,0.0008018731882970531,0.005024754565781775,0.001038571492750638,0.55,0.3,0,3113.4894638165015,3109.4387153500666,60.975367698140175,3.5725793231322314,2.7869848815451035,3110.4545411526806,0.001038571492750638,0,TCS,5m,2026-01-30 05:25:00
3120.199951171875,3121.89990234375,3120.0,3120.10009765625,19799,-3.200228100364022e-05,0.0068736441501542345,0.0009151898149215064,0.6,0.25,1,3114.1190479917154,3109.8568087738386,62.67426519592508,3.6497130329812535,2.959530511832334,3110.8203943608446,0.0009151898149215064,0,TCS,5m,2026-01-30 05:30:00
3120.0,3121.800048828125,3117.5,3118.0,54673,-0.000673086628799946,0.005093175513124715,0.0009239707615208974,0.6,0.3,0,3114.488662468695,3110.1761496062372,56.944444444444436,3.5010240976575915,3.0678292289973856,3111.56574655879,0.0009239707615208974,0,TCS,5m,2026-01-30 05:35:00
3116.60009765625,3118.300048828125,3111.800048828125,3112.10009765625,32060,-0.0018922072943393653,0.0017059510573023129,0.000993408218837981,0.6,0.35,0,3114.261180105605,3110.251598549375,51.63734310716986,2.873984726632898,3.0290603285244884,3111.6911505962544,0.000993408218837981,0,TCS,5m,2026-01-30 05:40:00
3112.89990234375,3116.10009765625,3110.39990234375,3113.39990234375,36675,0.0004176615940081341,0.0008036259855601635,0.0009541391423061973,0.55,0.4,0,3114.179153652095,3110.3750614432724,57.51979231755316,2.4536507246721158,2.9139784077540143,3111.7784257948456,0.0009541391423061973,0,TCS,5m,2026-01-30 05:45:00
3113.60009765625,3118.0,3112.800048828125,3116.0,17020,0.0008351312834218305,0.0011244979919677878,0.0009651545725023727,0.6,0.4,0,3114.3525675899905,3110.5956472690264,53.60233588967846,2.3037825791934665,2.791939242041905,3111.872272646786,0.0009651545725023727,0,TCS,5m,2026-01-30 05:50:00
3116.199951171875,3118.300048828125,3115.89990234375,3118.10009765625,15716,0.0006739722901958345,0.0019279585526565945,0.0009736956184144109,0.6,0.4,0,3114.7094752153484,3110.8899394410746,60.35005551917547,2.3276397417344015,2.6990793419804042,3111.995577183267,0.0009736956184144109,0,TCS,5m,2026-01-30 05:55:00
3118.0,3119.10009765625,3118.0,3118.60009765625,18385,0.00016035405674630354,0.002442975781501211,0.0009679521751635251,0.65,0.35,0,3115.0800106859106,3111.1922985867677,65.63492063492063,2.3596914817107972,2.631201769926483,3112.161712589661,0.0009679521751635251,0,TCS,5m,2026-01-30 06:00:00
3118.60009765625,3121.89990234375,3118.0,3121.89990234375,10666,0.0010581044648783067,0.002858947106890497,0.0009840217203686118,0.65,0.35,0,3115.7295241771335,3111.6122046164533,63.48691343350707,2.6211444555469825,2.6291903070505827,3112.283691749485,0.0009840217203686118,0,TCS,5m,2026-01-30 06:05:00
3121.0,3124.800048828125,3121.0,3122.39990234375,11573,0.00016015888261655675,0.0037288971755014,0.0009634925925308606,0.65,0.35,0,3116.36479828824,3112.035251586151,59.927902836291835,2.8360019768656457,2.6705526410135954,3112.4450610114714,0.0009634925925308606,0,TCS,5m,2026-01-30 06:10:00
3122.39990234375,3122.89990234375,3120.0,3122.10009765625,13689,-9.601738946862781e-05,0.0046336991056503685,0.000925588782264312,0.65,0.35,0,3116.911017275669,3112.429951432037,57.77828013382766,2.948102487421238,2.726062610295124,3112.6104821955914,0.000925588782264312,0,TCS,5m,2026-01-30 06:15:00
3120.800048828125,3128.10009765625,3120.5,3126.39990234375,16657,0.0013772155129581076,0.004143215784085497,0.0008857240056751387,0.65,0.3,0,3117.8147206154863,3112.977792644261,60.00017133115743,3.345338275749782,2.849917743386056,3112.8751409950382,0.0008857240056751387,0,TCS,5m,2026-01-30 06:20:00
3126.5,3126.5,3125.0,3126.199951171875,17997,-6.395572483386402e-05,0.004885873086427184,0.0008562939716518075,0.6,0.3,0,3118.613314001809,3113.496308664952,60.854077066770934,3.602488862287828,3.000431967166411,3113.168972371977,0.0008562939716518075,0,TCS,5m,2026-01-30 06:25:00
3126.10009765625,3127.5,3124.0,3126.300048828125,10453,3.2018955221424505e-05,0.005726250226194329,0.0008221914412187288,0.65,0.3,0,3119.3453839852677,3113.998416122331,66.66729753771031,3.77089111363739,3.154523796460607,3113.3340592672816,0.0008221914412187288,0,TCS,5m,2026-01-30 06:30:00
3126.89990234375,3129.0,3126.800048828125,3127.10009765625,5974,0.00025590916278961373,0.0043036087916343835,0.0007546639756025716,0.65,0.3,0,3120.0839281444087,3114.512207555034,64.31603367405862,3.9236786402871076,3.308354765225907,3113.4389783280058,0.0007546639756025716,0,TCS,5m,2026-01-30 06:35:00
3127.89990234375,3129.199951171875,3127.0,3128.800048828125,9021,0.0005436190460130774,0.0038179431028333433,0.0007347265918124978,0.65,0.3,0,3120.914034876191,3115.0725150559397,66.92632878924618,4.134278321426336,3.473539476465993,3113.6021950650106,0.0007347265918124978,0,TCS,5m,2026-01-30 06:40:00
3128.60009765625,3129.5,3127.0,3127.10009765625,6892,-0.0005433236849097245,0.002950766734231669,0.0007518869466867142,0.7,0.3,0,3121.503183712387,3115.5441849618346,67.98486866230482,4.116555148250427,3.60214261082288,3113.72062716825,0.0007518869466867142,0,TCS,5m,2026-01-30 06:45:00
3127.0,3130.39990234375,3126.699951171875,3128.10009765625,13335,0.00031978509442320835,0.002371309834383828,0.000732375005919508,0.7,0.35,0,3122.1314612308506,3116.0365736949493,89.21681267652832,4.1355292416510565,3.7088199369885158,3113.9527117880866,0.000732375005919508,0,TCS,5m,2026-01-30 06:50:00
3128.800048828125,3129.89990234375,3127.0,3127.10009765625,6583,-0.0003196828646082617,0.0022435177657467165,0.0007357696979967237,0.65,0.35,0,3122.604664699936,3116.4704373797063,84.0807501700515,4.023494366205341,3.7717548228318813,3114.0615010880097,0.0007357696979967237,0,TCS,5m,2026-01-30 06:55:00
3127.10009765625,3129.300048828125,3127.0,3127.0,10240,-3.2009738455407444e-05,0.0029829839220509857,0.0007071915109244906,0.65,0.3,0,3123.023268061847,3116.8833614040313,81.25069359671512,3.8818809685203632,3.793780051969578,3114.2246386695747,0.0007071915109244906,0,TCS,5m,2026-01-30 07:00:00
3127.300048828125,3128.0,3125.0,3126.89990234375,17121,-3.201076311165618e-05,0.002147282634678227,0.0006910831908802146,0.6,0.35,0,3123.3924713267897,3117.2761669310794,78.20520846375359,3.7187073428435724,3.778765510144377,3114.466777739985,0.0006910831908802146,0,TCS,5m,2026-01-30 07:05:00
3127.0,3127.699951171875,3125.0,3125.699951171875,6251,-0.0003837510663439181,0.0017947672639835321,0.0006992473790883512,0.55,0.35,0,3123.612231312036,3117.6065114111107,71.77927894192891,3.452763726761532,3.7135651534678082,3114.549309009188,0.0006992473790883512,0,TCS,5m,2026-01-30 07:10:00
3125.89990234375,3125.89990234375,3121.5,3123.300048828125,7424,-0.0007677967755190807,0.0016998232290330595,0.0007049836362829561,0.55,0.35,0,3123.5824996469014,3117.8297873882484,54.546031041425564,3.013610407802844,3.5735742043348155,3114.6244385096425,0.0007049836362829561,0,TCS,5m,2026-01-30 07:15:00
3123.199951171875,3127.800048828125,3122.5,3126.39990234375,7121,0.000992493025698371,0.004594905124764237,0.0005591460042268117,0.6,0.3,0,3123.850823713268,3118.16587032768,61.11141252746656,2.882483040545594,3.4353559715769713,3114.7111912513615,0.0005591460042268117,0,TCS,5m,2026-01-30 07:20:00
3126.39990234375,3127.699951171875,3125.0,3125.89990234375,4430,-0.00015992835709377484,0.0040149034470611245,0.0005638069500752406,0.6,0.25,0,3124.0459740590277,3118.4691657008593,60.439191908351894,2.707013074283168,3.289687392118211,3114.7675780217655,0.0005638069500752406,0,TCS,5m,2026-01-30 07:25:00
3125.89990234375,3127.699951171875,3123.0,3124.89990234375,30777,-0.0003199078765286911,0.0028561945904204133,0.0005544595257003999,0.55,0.3,0,3124.1273005623343,3118.721351451561,44.96640996231362,2.458915373373202,3.1235329883692096,3115.1115698412714,0.0005544595257003999,0,TCS,5m,2026-01-30 07:30:00
3124.5,3124.5,3121.199951171875,3121.800048828125,5693,-0.0009919848995163516,0.0011866043603463439,0.0005941725105754519,0.5,0.35,0,3123.9056575400286,3118.8420846820145,37.64058813847589,1.9892332432277726,2.8966730393409224,3115.1563608896213,0.0005941725105754519,0,TCS,5m,2026-01-30 07:35:00
3121.89990234375,3124.0,3119.199951171875,3123.5,10546,0.0005445419774765536,0.0015711864908336537,0.0006037392234538686,0.45,0.4,0,3123.867023488597,3119.024748027818,42.78325216143768,1.7341879841092123,2.6641760282945803,3115.2349535759386,0.0006037392234538686,0,TCS,5m,2026-01-30 07:40:00
3122.89990234375,3124.699951171875,3122.5,3123.89990234375,22208,0.00012803020449814184,0.000640635530466005,0.0005584480261813438,0.45,0.4,0,3123.8701548081353,3119.2159305500118,41.57821695664466,1.546504415536674,2.440641705742999,3115.4283928464824,0.0005584480261813438,0,TCS,5m,2026-01-30 07:45:00
3124.0,3124.0,3120.800048828125,3122.89990234375,13179,-0.00032011268967024886,0.0001601332358562857,0.0005629625018772538,0.4,0.45,0,3123.777749811527,3119.360400032119,33.87899406310453,1.3020628228878195,2.212925929171963,3115.5238993948033,0.0005629625018772538,0,TCS,5m,2026-01-30 07:50:00
3122.89990234375,3125.5,3121.5,3123.300048828125,27784,0.00012813298436964438,0.00038434103146656184,0.0005630106456024857,0.45,0.4,0,3123.7322544797744,3119.5148960633346,38.82322528758743,1.127630949077684,1.9958669331531074,3115.7408790874183,0.0005630106456024857,0,TCS,5m,2026-01-30 07:55:00
3123.300048828125,3124.39990234375,3122.0,3123.800048828125,77958,0.00016008708487280643,-0.0008315806028768025,0.0004659235940510175,0.4,0.4,0,3123.7387110843792,3119.682941269797,36.96935619904414,1.0180033448209542,1.800294215486677,3116.288288016705,0.0004659235940510175,0,TCS,5m,2026-01-30 08:00:00
3123.699951171875,3126.10009765625,3123.699951171875,3126.10009765625,14632,0.0007362983520624589,-3.194086020874565e-05,0.0004972050593815287,0.45,0.4,0,3123.9636050436047,3119.934594461423,47.19098041367202,1.1039912725636896,1.6610336269020798,3116.4075767395516,0.0004972050593815287,0,TCS,5m,2026-01-30 08:05:00
3126.199951171875,3127.5,3125.0,3126.0,7876,-3.201997796709044e-05,-9.597569761021774e-05,0.0004971841794360731,0.45,0.35,0,3124.157547420404,3120.1724535021513,47.19098041367202,1.150794636278988,1.5589858287774614,3116.4766194197705,0.0004971841794360731,0,TCS,5m,2026-01-30 08:10:00
3126.10009765625,3127.5,3125.0,3126.60009765625,7501,0.00019196981965774462,-0.00015989254721160417,0.0004956234713706223,0.4,0.35,0,3124.3901712523893,3120.4245179787827,49.18085276695662,1.2222205076509454,1.4916327645521583,3116.5428113698727,0.0004956234713706223,0,TCS,5m,2026-01-30 08:15:00
3125.699951171875,3132.5,3125.10009765625,3130.5,15656,0.001247330078020914,0.0005433236849097245,0.0005579024877106926,0.4,0.35,0,3124.9720597045425,3120.8196349207915,61.42882055455444,1.5753558302199053,1.508377377685708,3116.719481056108,0.0005579024877106926,0,TCS,5m,2026-01-30 08:20:00
3130.10009765625,3132.39990234375,3129.39990234375,3131.300048828125,9864,0.0002555658291407692,0.0013430817820712093,0.000543304704060083,0.35,0.35,0,3125.57472533536,3121.2306315446085,70.6186604918074,1.8978975896875454,1.5862814200860753,3116.842654266582,0.000543304704060083,0,TCS,5m,2026-01-30 08:25:00
3132.60009765625,3144.39990234375,3132.10009765625,3132.800048828125,9463,0.00047903425944806344,0.0015024938541436939,0.000548344102796215,0.35,0.3,0,3126.26285138229,3121.6843341831777,67.97789024674594,2.248630904487527,1.7187513169663657,3117.0030586720736,0.000548344102796215,0,TCS,5m,2026-01-30 08:30:00
3132.300048828125,3136.800048828125,3132.300048828125,3135.60009765625,64196,0.000893784724362634,0.002718173302597826,0.0005690913039821238,0.35,0.3,0,3127.152112932191,3122.230050397808,74.12972185108708,2.7211622581612573,1.9192335052053444,3117.9448380557774,0.0005690913039821238,0,TCS,5m,2026-01-30 08:35:00
3136.699951171875,3137.800048828125,3131.0,3132.0,29376,-0.001148136734317906,0.001598976654940909,0.0006370852494612939,0.4,0.35,0,3127.6138164624585,3122.613185676326,65.6388470638847,2.7731814571716313,2.090023095598602,3118.3129481089413,0.0006370852494612939,0,TCS,5m,2026-01-30 08:40:00
3132.10009765625,3132.89990234375,3126.39990234375,3128.5,37384,-0.0011174968071520075,0.0005117201401461102,0.000691085669260535,0.4,0.35,0,3127.6982148946054,3122.8440411399993,64.50184423847219,2.5031317531806963,2.172644827115021,3118.6311969192393,0.000691085669260535,0,TCS,5m,2026-01-30 08:45:00
3128.39990234375,3133.0,3127.300048828125,3133.0,12434,0.0014383890043152547,0.002335492511169601,0.0007517008880709044,0.45,0.35,0,3128.2031468094046,3123.24231403647,68.33949174270417,2.622002990758574,2.2625164598437317,3118.7505356950737,0.0007517008880709044,0,TCS,5m,2026-01-30 08:50:00
3133.5,3133.5,3130.5,3132.5,9887,-0.00015959144589849927,0.0029455867281553694,0.0007258851985692626,0.5,0.3,0,3128.612370922795,3123.6053605448437,66.5383387481455,2.645369310903334,2.3390870300556523,3118.8518672124846,0.0007258851985692626,0,TCS,5m,2026-01-30 08:55:00
3132.39990234375,3135.10009765625,3132.0,3133.5,17494,0.00031923383878695866,0.0022710139067390056,0.0006997689628252536,0.5,0.3,0,3129.0778594063386,3123.9933856215166,70.38442036470168,2.7133016778434467,2.413929959613211,3119.0454856416377,0.0006997689628252536,0,TCS,5m,2026-01-30 09:00:00
3134.60009765625,3135.300048828125,3132.5,3133.39990234375,68641,-3.1944361337132854e-05,0.002399309073965128,0.0006977175655095623,0.55,0.3,0,3129.4894825432348,3124.3622686302315,69.6491844702619,2.7276192271947366,2.4766678131295166,3119.768118803044,0.0006977175655095623,0,TCS,5m,2026-01-30 09:05:00
3132.699951171875,3134.89990234375,3127.0,3129.5,12409,-0.0012446232416210012,0.0014720784025112899,0.0007565649596970062,0.55,0.3,0,3129.490484205784,3124.563748291791,59.79361550400604,2.3966493797242947,2.4606641264484725,3119.862436072844,0.0007565649596970062,0,TCS,5m,2026-01-30 09:10:00
3128.5,3134.800048828125,3128.5,3134.800048828125,13819,0.0016935768743009394,0.004164264141414131,0.0007948007608573864,0.55,0.25,0,3129.9961570269593,3124.9651718422356,63.551181521565525,2.5328261934396323,2.475096539846705,3119.987245762645,0.0007948007608573864,0,TCS,5m,2026-01-30 09:15:00
3134.89990234375,3134.89990234375,3131.10009765625,3132.300048828125,14889,-0.0007974990305791296,0.0028173679616216862,0.000821117528681295,0.6,0.2,0,3130.215575293737,3125.2528140769764,59.13044093607807,2.4112231136618902,2.4623218546097423,3120.119722509907,0.000821117528681295,0,TCS,5m,2026-01-30 09:20:00
3131.699951171875,3136.699951171875,3130.699951171875,3135.10009765625,15919,0.0008939273966337424,0.0035853246463168897,0.0008381636184469864,0.6,0.25,0,3130.6807678996906,3125.6389820604772,61.58031984247359,2.5118374378612316,2.47222497126004,3120.273705589324,0.0008381636184469864,0,TCS,5m,2026-01-30 09:25:00
3135.699951171875,3135.699951171875,3122.0,3122.60009765625,268395,-0.003987113524491548,-9.600201635506789e-05,0.0012520521293038018,0.6,0.25,0,3129.9111802574585,3125.5198101230567,41.2805173807599,1.5648903991245788,2.290758056832948,3121.286546341393,0.0012520521293038018,0,TCS,5m,2026-01-30 09:30:00
3122.300048828125,3122.60009765625,3118.0,3120.60009765625,152265,-0.0006404918777467294,-0.0008644546248087748,0.0012595549668609352,0.55,0.3,0,3129.024410485915,3125.3268802223974,38.49473656577324,0.645602657674317,1.9617269770012218,3121.2144744844377,0.0012595549668609352,0,TCS,5m,2026-01-30 09:35:00
3120.5,3125.10009765625,3120.199951171875,3123.300048828125,245734,0.0008652025531572516,-0.00016006146110014718,0.001275293543538041,0.6,0.3,0,3128.4792331851727,3125.247396638308,40.04196949534241,0.1333863992208535,1.5960588614451483,3121.4061152342492,0.001275293543538041,0,TCS,5m,2026-01-30 09:40:00
3123.300048828125,3129.0,3122.39990234375,3122.800048828125,279089,-0.00016008708487280643,-0.0010556440053212102,0.0012634841963529125,0.6,0.3,0,3127.938358484502,3125.151422214379,35.90307540909555,-0.3093287479910032,1.214981339557918,3121.7934006899595,0.0012634841963529125,1,TCS,5m,2026-01-30 09:45:00
3122.89990234375,3125.699951171875,3122.199951171875,3123.5,236231,0.00022414216758370742,-0.0007997440818937607,0.0012649953956648272,0.55,0.35,0,3127.515657676454,3125.0866605589135,39.99999999999999,-0.5968236701537535,0.8526203376155839,3121.9733664563414,0.0012649953956648272,1,TCS,5m,2026-01-30 09:50:00
3123.5,3129.0,3122.60009765625,3127.0,162648,0.0011205378581720105,0.0001279032595340457,0.0012907070889302086,0.6,0.35,0,3127.4665474215535,3125.161693478172,48.23529411764706,-0.5360652909917007,0.5748832118941269,3122.2191898144793,0.0012907070889302086,1,TCS,5m,2026-01-30 09:55:00
3314.89990234375,3314.89990234375,3241.5,3264.39990234375,631683,0.02990907425753786,0.042506259841000205,0.007331441835383555,0.65,0.35,1,3144.138374667927,3132.2963574204023,87.70725442845378,13.149658592080414,3.4644081456161047,3273.5999348958335,0.007331441835383555,0,TCS,5m,2026-02-03 03:45:00
3263.5,3268.60009765625,3234.0,3234.0,195558,-0.009312554605189094,0.03230335469693646,0.007760376690574061,0.6,0.4,1,3152.696624699553,3136.2847355607787,74.59620559934609,18.592608411630863,6.490048198819057,3266.9650581156216,0.007760376690574061,1,TCS,5m,2026-02-03 03:50:00
3235.300048828125,3237.89990234375,3221.300048828125,3221.699951171875,95904,-0.0038033546159941256,0.027458811976687203,0.007853993583911235,0.6,0.45,1,3159.2683700778693,3139.634351859253,70.39264397265171,21.663945732264892,9.524827705508224,3262.8096883141325,0.007853993583911235,0,TCS,5m,2026-02-03 03:55:00
3221.60009765625,3223.699951171875,3215.199951171875,3221.10009765625,91553,-0.00018619161458743871,0.02844830704222545,0.007840603408209211,0.55,0.45,0,3165.157106037715,3142.829086988547,71.48222878252446,23.775530010919283,12.374968166590438,3258.9471051670052,0.007840603408209211,0,TCS,5m,2026-02-03 04:00:00
3220.5,3226.300048828125,3213.89990234375,3217.199951171875,71614,-0.0012108119481331059,0.02835222987753716,0.007842228201419417,0.6,0.45,1,3170.1135674790635,3145.7455914663246,69.45230838747159,24.847836150588137,14.869541763389979,3256.322421110048,0.007842228201419417,0,TCS,5m,2026-02-03 04:05:00
3217.0,3219.800048828125,3206.89990234375,3209.800048828125,59924,-0.0023001064453748166,0.024513261675111808,0.007886389358535272,0.55,0.5,0,3173.8932323694503,3148.257530970709,67.88188850408179,24.814490219481286,16.85853145460824,3254.0140051911053,0.007886389358535272,0,TCS,5m,2026-02-03 04:10:00
3208.60009765625,3209.5,3198.0,3207.10009765625,62934,-0.0008411586799186299,0.023814875548683112,0.007894227542483178,0.5,0.55,0,3177.055790968193,3150.565082605436,66.62052858907654,24.290197556391377,18.344864674964867,3251.4560219843897,0.007894227542483178,0,TCS,5m,2026-02-03 04:15:00
3208.0,3208.0,3196.800048828125,3200.89990234375,119786,-0.0019332715299503755,0.021509463010611185,0.007923568002550504,0.45,0.6,0,3179.326658718246,3152.538997104978,68.61623333503601,23.10801310817078,19.297494361606052,3246.9892679315362,0.007923568002550504,0,TCS,5m,2026-02-03 04:20:00
3201.300048828125,3202.89990234375,3192.300048828125,3192.300048828125,47227,-0.002686698671622967,0.018797519729389922,0.007965548725967008,0.4,0.65,0,3180.562219681092,3154.098254035298,66.52836887016403,21.232432839991816,19.684482057283205,3245.233730097346,0.007965548725967008,0,TCS,5m,2026-02-03 04:25:00
3193.0,3197.800048828125,3191.300048828125,3193.199951171875,73133,0.0002818977946890122,0.02035467364495136,0.007950598683884601,0.4,0.65,0,3181.7658131564044,3155.631653923007,66.2482634317313,19.592783154851077,19.66614227679678,3242.6535047407688,0.007950598683884601,0,TCS,5m,2026-02-03 04:30:00
3191.300048828125,3197.60009765625,3186.39990234375,3196.0,62343,0.0008768786392776562,0.01952276069242531,0.00794914948177808,0.4,0.7,0,3183.1214499986518,3157.2147263181832,66.83534182548746,18.308243471530204,19.394562515743466,3240.619469653455,0.00794914948177808,0,TCS,5m,2026-02-03 04:35:00
3196.10009765625,3198.0,3192.699951171875,3196.39990234375,44128,0.00012512588978408345,0.02046414855422496,0.007940861516703595,0.4,0.7,0,3184.386064507709,3158.7513998878135,66.78950564527011,17.125097827159152,18.940669578026604,3239.3453823191635,0.007940861516703595,0,TCS,5m,2026-02-03 04:40:00
3197.0,3210.199951171875,3196.199951171875,3204.89990234375,98528,0.0026592417280977276,0.022263979622112018,0.00794892530417816,0.4,0.65,0,3186.3397633492364,3160.561145082164,67.53715428923185,16.68103673453652,18.488743009328587,3237.2263746873687,0.00794892530417816,0,TCS,5m,2026-02-03 04:45:00
3205.0,3213.89990234375,3203.800048828125,3210.89990234375,55318,0.0018721333529363449,0.028277653854483553,0.007857810117291704,0.45,0.6,0,3188.6788242058565,3162.535213994383,61.13205212909611,16.621660815991163,18.115326570661104,3236.330319006005,0.007857810117291704,0,TCS,5m,2026-02-03 04:50:00
3210.89990234375,3216.0,3207.699951171875,3213.699951171875,88549,0.0008720448825205729,0.029833958406124683,0.00784416018065356,0.5,0.55,0,3191.0617886788104,3164.5416742758534,22.887655852209676,16.609086304092216,17.814078517347326,3235.1551846572847,0.00784416018065356,0,TCS,5m,2026-02-03 04:55:00
3213.699951171875,3222.60009765625,3213.60009765625,3222.60009765625,45051,0.0027694391572334887,0.031793310689244514,0.007847608473309287,0.5,0.55,0,3194.0654371528526,3166.8184751927315,42.083401150173614,17.11994033706651,17.675250881291163,3234.774998199857,0.007847608473309287,0,TCS,5m,2026-02-03 05:00:00
3222.60009765625,3225.0,3219.199951171875,3221.10009765625,23154,-0.0004654626557887287,0.03147817576889489,0.007851499075075158,0.5,0.55,0,3196.640166724605,3168.9471662697324,49.50992320734018,17.205424945954746,17.58128569422388,3234.6136198086315,0.007851499075075158,0,TCS,5m,2026-02-03 05:05:00
3221.699951171875,3223.800048828125,3220.0,3223.39990234375,14570,0.0007139811299790022,0.031983320743957044,0.00784781109664166,0.5,0.5,0,3199.188712974047,3171.0825676843997,51.82814646907676,17.259787051112653,17.516985965601634,3234.519012288229,0.00784781109664166,0,TCS,5m,2026-02-03 05:10:00
3223.199951171875,3224.0,3212.199951171875,3215.89990234375,40393,-0.0023267358153565842,0.028429773694835347,0.007896697521192972,0.5,0.55,0,3200.780254818781,3172.8401102200605,49.02251608947695,16.507395115824693,17.315067795646247,3234.158413402547,0.007896697521192972,0,TCS,5m,2026-02-03 05:15:00
3216.699951171875,3218.60009765625,3214.39990234375,3217.0,10864,0.0003420808139731335,0.01495453712876893,0.0073575410721030245,0.45,0.55,0,3202.3249924550873,3174.5718706035873,55.980030740655124,15.81755286997759,17.015564810512515,3234.060064908778,0.0073575410721030245,0,TCS,5m,2026-02-03 05:20:00
3217.0,3222.800048828125,3216.0,3222.39990234375,18276,0.001678552173997483,-0.012866070719413147,0.0027174002656415604,0.45,0.55,0,3204.23688863496,3176.447479691437,62.16202578812132,15.527582603701376,16.717968369150288,3233.9320705874875,0.0027174002656415604,0,TCS,5m,2026-02-03 05:25:00
3222.199951171875,3229.699951171875,3222.0,3228.0,31182,0.0017378655120292574,-0.0018552875695733162,0.0018456109781623867,0.5,0.5,0,3206.5000420982974,3178.469147154518,71.74974527784309,15.570176850807911,16.488410065481816,3233.816174247135,0.0018456109781623867,0,TCS,5m,2026-02-03 05:30:00
3228.0,3230.0,3227.800048828125,3228.39990234375,10373,0.00012388548443298397,0.002079632266635434,0.0016256908370602054,0.55,0.45,0,3208.585743074055,3180.4272159854686,83.36409543622767,15.458011540767984,16.28233036053905,3233.7897067337863,0.0016256908370602054,0,TCS,5m,2026-02-03 05:35:00
3227.0,3227.699951171875,3225.5,3226.89990234375,13150,-0.0004646264543964884,0.0018005664250297926,0.0016295046644224762,0.55,0.45,0,3210.329948718788,3182.249674274029,80.80437043351736,15.074314941268767,16.040727276684994,3233.743212360102,0.0016295046644224762,1,TCS,5m,2026-02-03 05:40:00
3226.89990234375,3228.5,3222.60009765625,3224.0,11816,-0.0008986651062971029,0.0021136543986481904,0.0016178306083576683,0.55,0.45,0,3211.631858364618,3183.8869419495577,75.54753630936469,14.370579641404674,15.70669774962893,3233.6921885699767,0.0016178306083576683,1,TCS,5m,2026-02-03 05:45:00
3224.800048828125,3230.0,3224.800048828125,3229.0,13670,0.0015508684863523303,0.00598166579843018,0.0015437586041265584,0.6,0.4,0,3213.2859670917974,3185.6560814809477,77.44120475787292,14.054313185483807,15.376220836799906,3233.653421610227,0.0015437586041265584,1,TCS,5m,2026-02-03 05:50:00
3228.89990234375,3234.699951171875,3228.5,3234.60009765625,24802,0.001734313303267232,0.008574724568184422,0.0015510137922745255,0.65,0.35,1,3215.315884288412,3187.575454664293,76.28335868362832,14.093094399885103,15.119595549416946,3233.640710943635,0.0015510137922745255,1,TCS,5m,2026-02-03 05:55:00
3235.800048828125,3243.0,3235.199951171875,3241.199951171875,85408,0.002040392418341641,0.012590224642331505,0.0014857357908016576,0.7,0.3,1,3217.781033515408,3189.678376095963,76.53251012266922,14.489357518968518,14.993547943327261,3233.8864262927664,0.0014857357908016576,1,TCS,5m,2026-02-03 06:00:00
3241.300048828125,3241.89990234375,3232.60009765625,3234.199951171875,46055,-0.0021596939730512688,0.01312530204017981,0.0014274041122319166,0.7,0.3,1,3219.3447399588813,3191.4243202165867,66.72109732201176,14.07629463484318,14.810097281630444,3233.9358495771826,0.0014274041122319166,1,TCS,5m,2026-02-03 06:05:00
3233.800048828125,3236.800048828125,3233.60009765625,3235.89990234375,16078,0.0005256172152432459,0.013372150765630808,0.0014251061151932525,0.7,0.25,1,3220.9214220907734,3193.1684606921617,62.2919599985559,13.727864894497543,14.593650804203865,3233.9467785573106,0.0014251061151932525,1,TCS,5m,2026-02-03 06:10:00
3236.199951171875,3236.5,3232.89990234375,3234.0,13007,-0.0005871326064115223,0.011889862327909784,0.0014510333486104077,0.7,0.25,1,3222.167000939271,3194.7696975277636,61.834878824530755,13.146876564588183,14.304295956280729,3233.949829850922,0.0014510333486104077,0,TCS,5m,2026-02-03 06:15:00
3233.89990234375,3237.89990234375,3232.199951171875,3236.89990234375,25489,0.0008966921285560314,0.012670504704465735,0.001448216854707925,0.7,0.3,1,3223.5701344063646,3196.421862422508,62.25054056928148,12.773195563567697,13.998075877738124,3233.969351594782,0.001448216854707925,0,TCS,5m,2026-02-03 06:20:00
3236.89990234375,3238.39990234375,3235.0,3236.39990234375,20873,-0.00015446878651947937,0.009828700102915588,0.0013756374954439848,0.7,0.3,1,3224.7920170670677,3197.9896286939293,71.30994437000041,12.294976026430959,13.657455907476692,3233.9936215448934,0.0013756374954439848,0,TCS,5m,2026-02-03 06:25:00
3235.699951171875,3236.5,3229.60009765625,3229.699951171875,17918,-0.0020701864337046016,0.005855071599834671,0.001447734811328523,0.65,0.35,0,3225.2594393627637,3199.233170751888,61.82502625560915,11.245719873636517,13.175108700708657,3233.9774325458748,0.001447734811328523,0,TCS,5m,2026-02-03 06:30:00
3230.5,3232.89990234375,3229.60009765625,3232.39990234375,8166,0.0008359758530804839,0.005818822994055894,0.0014469977244666475,0.6,0.35,0,3225.939483456191,3200.5338268927453,59.80401543366493,10.510877455686114,12.642262451704148,3233.9690679523087,0.0014469977244666475,0,TCS,5m,2026-02-03 06:35:00
3233.199951171875,3235.0,3232.10009765625,3234.699951171875,5089,0.0007115607281318326,0.003754686634691362,0.0013299241631540653,0.6,0.35,0,3226.773813714827,3201.8736749036916,57.02308869518931,9.998843815881628,12.113578724539645,3233.9689886998926,0.0013299241631540653,0,TCS,5m,2026-02-03 06:40:00
3235.0,3235.0,3227.0,3227.5,43367,-0.002225848233393779,0.0019868685075656867,0.0014299579795835975,0.55,0.4,0,3226.842974313415,3202.878628829037,49.174394122653766,8.909375841458768,11.47273814792347,3233.8922423976746,0.0014299579795835975,0,TCS,5m,2026-02-03 06:45:00
3228.199951171875,3230.89990234375,3225.39990234375,3228.89990234375,19993,0.00043374201200618856,0.0017062729312615765,0.0014249916885060567,0.55,0.45,0,3227.038872221066,3203.8990709276536,51.838255093797684,8.065945839444339,10.791379686227645,3233.845652748828,0.0014249916885060567,0,TCS,5m,2026-02-03 06:50:00
3228.0,3228.0,3224.0,3225.0,11611,-0.0012078114719255018,0.0028297204305449686,0.001344990915126273,0.5,0.45,0,3226.8446939142977,3204.7265583422554,50.90253662148108,7.002115926234637,10.033526934229043,3233.8055578685708,0.001344990915126273,0,TCS,5m,2026-02-03 06:55:00
3225.0,3228.800048828125,3224.39990234375,3227.60009765625,8898,0.0008062318313952765,0.0032950256935808664,0.0013526050103386843,0.55,0.45,0,3226.916637127817,3205.6235598839808,48.679325244373196,6.2962499562549965,9.286071538634234,3233.7798373298006,0.0013526050103386843,0,TCS,5m,2026-02-03 07:00:00
3227.39990234375,3229.300048828125,3221.699951171875,3225.300048828125,67962,-0.0007126188990375093,0.000899995833001821,0.0013170240121986808,0.55,0.5,0,3226.76267633737,3206.395186901398,40.643712942540375,5.487989247546011,8.52645508041659,3233.547873358938,0.0013170240121986808,0,TCS,5m,2026-02-03 07:05:00
3225.300048828125,3228.39990234375,3223.300048828125,3226.300048828125,55483,0.00031004867294859295,-0.0005266267570864791,0.0012578451629078216,0.5,0.5,0,3226.7186165745848,3207.175769722054,33.10653704769919,4.871967447303177,7.795557553793907,3233.3804208391953,0.0012578451629078216,0,TCS,5m,2026-02-03 07:10:00
3226.300048828125,3226.39990234375,3223.10009765625,3225.0,17811,-0.0004029534787370892,-0.0010531230475139264,0.0012600647632901659,0.45,0.55,0,3226.554938805577,3207.8747591447186,38.020790285151165,4.2301006893449085,7.082466180904108,3233.3199798499804,0.0012600647632901659,0,TCS,5m,2026-02-03 07:15:00
3224.39990234375,3230.0,3224.39990234375,3229.89990234375,13397,0.0015193495639533872,0.0009296848649755773,0.0013032204367204336,0.5,0.5,0,3226.8735067615935,3208.7384902505632,42.78839382130616,4.0698827532451105,6.479949495372308,3233.292361164433,0.0013032204367204336,0,TCS,5m,2026-02-03 07:20:00
3229.800048828125,3232.199951171875,3228.39990234375,3231.10009765625,21002,0.0003715890116684495,0.0022022635410203772,0.001285526663872474,0.5,0.45,0,3227.276039227751,3209.6154160311785,46.454878645702756,3.9937175262070923,5.982703101539265,3233.2699391669034,0.001285526663872474,0,TCS,5m,2026-02-03 07:25:00
3231.199951171875,3232.199951171875,3231.0,3231.699951171875,10878,0.00018564993268399554,0.0008361570677841712,0.0012404915416674973,0.45,0.45,0,3227.6973641748104,3210.4814762327746,43.26428639195472,3.9363830273387066,5.573439086699153,3233.26299549508,0.0012404915416674973,0,TCS,5m,2026-02-03 07:30:00
3231.300048828125,3231.699951171875,3226.0,3226.89990234375,13647,-0.0014853015133364789,-0.00238057103815692,0.001218095142755991,0.4,0.5,0,3227.621415428995,3211.1253360802643,38.92771372312455,3.4636938920516513,5.151490047769653,3233.2361895656145,0.001218095142755991,0,TCS,5m,2026-02-03 07:35:00
3227.39990234375,3230.0,3226.39990234375,3228.300048828125,21122,0.00043389833175733195,-0.003979977334963802,0.0011170162326682737,0.35,0.5,0,3227.686047181293,3211.798854227239,48.138432569313686,3.165573703420705,4.754306778899863,3233.195527246526,0.0011170162326682737,0,TCS,5m,2026-02-03 07:40:00
3228.800048828125,3230.60009765625,3226.0,3229.5,49904,0.0003716975354599583,-0.0014532036493822842,0.001022552510413726,0.4,0.5,0,3227.858804592598,3212.493016806563,45.98352562455196,2.9916514416690916,4.401775711453709,3233.1108260102196,0.001022552510413726,0,TCS,5m,2026-02-03 07:45:00
3229.699951171875,3230.300048828125,3226.10009765625,3227.300048828125,33223,-0.0006812048836893903,-0.0026576389181247606,0.0010210239242807615,0.4,0.5,0,3227.805589757886,3213.0736847289772,39.722357855902786,2.645799987079954,4.050580566578958,3233.046274970502,0.0010210239242807615,0,TCS,5m,2026-02-03 07:50:00
3227.300048828125,3227.89990234375,3223.0,3224.60009765625,25367,-0.0008365975059726471,-0.002906586995593652,0.0010283668931126875,0.4,0.5,0,3227.5003047958253,3213.5257009222037,45.39698040674604,2.1293014606612815,3.666324745395423,3232.972442326061,0.0010283668931126875,0,TCS,5m,2026-02-03 07:55:00
3224.800048828125,3225.10009765625,3221.699951171875,3221.800048828125,45372,-0.0008683398695423783,-0.0046649120983603964,0.0010098322941175107,0.35,0.5,0,3226.957423275092,3213.8501851538085,39.20999710594469,1.477006110817456,3.22846101847983,3232.8058662610547,0.0010098322941175107,0,TCS,5m,2026-02-03 08:00:00
3221.800048828125,3224.300048828125,3219.0,3224.300048828125,22195,0.0007759637352136028,-0.0037386768881257915,0.001034777863397044,0.3,0.55,0,3226.7043399944287,3214.259983729272,48.88897500484402,1.1485467215002245,2.812478159083909,3232.7236987858587,0.001034777863397044,0,TCS,5m,2026-02-03 08:05:00
3223.699951171875,3225.89990234375,3220.0,3223.39990234375,67364,-0.00027917578102021334,-0.001950660718757824,0.0009359878217669241,0.35,0.5,0,3226.3896316467453,3214.6184119102318,42.95276171126149,0.8063113354296547,2.4112447943530584,3232.4955994619327,0.0009359878217669241,0,TCS,5m,2026-02-03 08:10:00
3223.300048828125,3226.300048828125,3218.60009765625,3220.800048828125,16707,-0.0008065563052647162,-0.0035886195601027016,0.0009217500724476678,0.4,0.55,0,3225.857290425924,3214.860829044267,42.52494119555519,0.32159374298316834,1.9933145840790805,3232.4336800131873,0.0009217500724476678,0,TCS,5m,2026-02-03 08:15:00
3220.89990234375,3224.89990234375,3220.89990234375,3224.5,12881,0.0011487677334149904,-0.003153291286933646,0.0009487788238536694,0.35,0.55,0,3225.7280246710743,3215.2388357484137,47.2560272127072,0.23331716155234972,1.6413150995737344,3232.3933094014737,0.0009487788238536694,0,TCS,5m,2026-02-03 08:20:00
3224.5,3225.800048828125,3219.199951171875,3219.60009765625,15706,-0.0015195851585516618,-0.0024476846920991058,0.0008782661628034159,0.4,0.55,0,3225.144412574424,3215.4098656271526,42.58253182555972,-0.2293796879198453,1.2671761420750187,3232.334237930648,0.0008782661628034159,0,TCS,5m,2026-02-03 08:25:00
3220.0,3220.699951171875,3217.5,3220.199951171875,18035,0.00018631305051264313,-0.0026944010142773145,0.0008717419029609779,0.4,0.55,0,3224.673511488467,3215.5977121191027,34.89097284018223,-0.5414258885339223,0.9054557359532306,3232.2543659796347,0.0008717419029609779,0,TCS,5m,2026-02-03 08:30:00
3219.39990234375,3223.39990234375,3218.89990234375,3221.800048828125,88007,0.0004968938825267166,-0.0009922329215116266,0.0008441817275237579,0.45,0.5,0,3224.399848377958,3215.840941009653,35.69212509108392,-0.652093316567516,0.5939459254490813,3231.9342728809743,0.0008441817275237579,0,TCS,5m,2026-02-03 08:35:00
3221.699951171875,3223.699951171875,3219.199951171875,3222.800048828125,22825,0.0003103854940853523,-0.0014871882150488958,0.0008247922296113926,0.45,0.5,0,3224.2474865160693,3216.113847198613,36.47427239941228,-0.6515952238123646,0.34483769559679217,3231.8583418052876,0.0008247922296113926,0,TCS,5m,2026-02-03 08:40:00
3222.0,3224.0,3220.39990234375,3222.699951171875,26727,-3.10592201605564e-05,-0.0008061568278568965,0.0008109859797225208,0.45,0.45,0,3224.100102197575,3216.3721257857997,42.55326517007627,-0.65176439182369,0.14551727811269574,3231.7749763310235,0.0008109859797225208,0,TCS,5m,2026-02-03 08:45:00
3222.0,3225.60009765625,3221.699951171875,3224.0,37804,0.00040340362051161094,-0.0007129060513018093,0.0008133719900718629,0.5,0.45,0,3224.0905686549486,3216.6712581079255,42.34862767926184,-0.5407618176022879,0.008261458969699001,3231.676709576659,0.0008133719900718629,0,TCS,5m,2026-02-03 08:50:00
3223.5,3225.699951171875,3222.5,3225.699951171875,15545,0.0005272801401596805,0.000217039123062035,0.0008178291761098966,0.55,0.4,0,3224.2438431803703,3217.0253245025906,43.35652396602501,-0.31202282046888286,-0.05579539691801737,3231.641349214598,0.0008178291761098966,0,TCS,5m,2026-02-03 08:55:00
3225.5,3227.199951171875,3221.800048828125,3222.699951171875,25478,-0.0009300307050909007,-0.0022291561316344355,0.0007615538043345266,0.55,0.45,0,3224.096805846228,3217.2478588817785,42.176678679975424,-0.36857177917727313,-0.11835067336986853,3231.5781710336605,0.0007615538043345266,0,TCS,5m,2026-02-03 09:00:00
3222.699951171875,3224.0,3220.10009765625,3221.199951171875,33548,-0.0004654482336944321,-0.003064017265065888,0.0007566034433052363,0.5,0.5,0,3223.820914924861,3217.4028428931547,43.97136104305367,-0.5283343903679452,-0.20034741676948387,3231.4738567804375,0.0007566034433052363,0,TCS,5m,2026-02-03 09:05:00
3220.10009765625,3222.5,3218.0,3219.89990234375,53154,-0.0004035914714490829,-0.003651344186159977,0.0007541847884902496,0.5,0.55,0,3223.4474851552313,3217.500766793178,46.4416667428655,-0.7511912214322365,-0.31051617770203443,3231.2859867253196,0.0007541847884902496,0,TCS,5m,2026-02-03 09:10:00
3221.0,3225.0,3219.800048828125,3221.60009765625,80419,0.0005280273809948888,-0.0016423827350984244,0.0007038406815868216,0.55,0.5,0,3223.2715434886613,3217.6615248662397,44.787768529603056,-0.7816054519366844,-0.40473403254896445,3231.0621971984115,0.0007038406815868216,0,TCS,5m,2026-02-03 09:15:00
3221.60009765625,3223.39990234375,3220.5,3221.89990234375,24502,9.306080159299235e-05,-0.0019825128976775908,0.0006947610186607377,0.55,0.5,0,3223.14091099867,3217.827735747711,47.035550237387575,-0.7726110369249,-0.4783094334241516,3230.9946924398164,0.0006947610186607377,0,TCS,5m,2026-02-03 09:20:00
3224.89990234375,3225.0,3221.89990234375,3222.89990234375,30892,0.0003103758745801599,-0.002043690248103469,0.0006927067527152558,0.55,0.45,0,3223.1179577934395,3218.0266442416732,54.43007983517898,-0.6769873666230524,-0.5180450200639318,3230.9233084084644,0.0006927067527152558,0,TCS,5m,2026-02-03 09:25:00
3223.699951171875,3227.699951171875,3223.699951171875,3225.699951171875,160252,0.0008687979499730769,-0.0004958007102038309,0.0007109677757003047,0.6,0.45,0,3223.363861924719,3218.327558238936,52.631466232639816,-0.3709878623867553,-0.4886335885284966,3230.684467189819,0.0007109677757003047,0,TCS,5m,2026-02-03 09:30:00
3225.89990234375,3229.0,3222.60009765625,3225.300048828125,190255,-0.00012397381957507392,0.00021706603940874203,0.0006855312525938981,0.65,0.45,0,3223.5482606774244,3218.6009892424336,65.57359552810277,-0.15891792082038592,-0.42269045498687446,3230.42438046429,0.0006855312525938981,0,TCS,5m,2026-02-03 09:35:00
3225.199951171875,3227.89990234375,3222.0,3226.300048828125,178639,0.00031004867294859295,0.0013967347233845295,0.0006559722619948187,0.65,0.45,0,3223.8103357393957,3218.9029131477546,66.3102511880516,0.08881685300775644,-0.3203889933879483,3230.1926664061616,0.0006559722619948187,0,TCS,5m,2026-02-03 09:40:00
3225.89990234375,3229.0,3223.10009765625,3223.89990234375,198226,-0.0007439315773641875,-0.00012410336454893311,0.000657918277334716,0.7,0.4,0,3223.8188658921913,3219.098873508382,55.38417237364316,0.09043421434216725,-0.23822435184192517,3229.956099120411,0.000657918277334716,0,TCS,5m,2026-02-03 09:45:00
3224.0,3226.300048828125,3223.199951171875,3224.89990234375,153787,0.0003101833277370236,0.00046534716307133905,0.0006582373703008198,0.65,0.4,0,3223.9218217447205,3219.326364835259,55.38417237364316,0.17044286821555943,-0.15649090783042827,3229.768444061576,0.0006582373703008198,0,TCS,5m,2026-02-03 09:50:00
3224.89990234375,3225.39990234375,3218.0,3220.0,140306,-0.0015193967230390237,-0.0002484006507688097,0.0007217791072378437,0.6,0.4,0,3223.54831491189,3219.3527819005435,44.444556076879024,-0.15969005851593465,-0.15713073796752955,3229.4909355648274,0.0007217791072378437,0,TCS,5m,2026-02-03 09:55:00
3043.800048828125,3054.0,3037.0,3051.800048828125,256947,0.00302371355964981,-0.05211828914723826,0.012387961286783156,0.55,0.4,0,3191.5994273127235,3206.1224313317903,8.177012017971776,-24.956788316737857,-7.42281422261253,3047.6000162760415,0.012387961286783156,0,TCS,5m,2026-02-04 03:50:00
3052.0,3064.0,3050.199951171875,3051.800048828125,192484,0.0,-0.05229485898304764,0.012385827883844094,0.6,0.35,0,3178.2852007903807,3200.0705731943917,8.296734066510183,-32.811681434582624,-12.500587665006549,3050.9120704077236,0.012385827883844094,0,TCS,5m,2026-02-04 03:55:00
3052.0,3062.10009765625,3048.39990234375,3058.39990234375,162033,0.0021626100694767114,-0.050717035200185334,0.012413363501446905,0.55,0.4,0,3166.867553319273,3194.5148606120138,11.23803854868693,-38.06539363752154,-17.61354885950955,3052.3398194184806,0.012413363501446905,0,TCS,5m,2026-02-04 04:00:00
3058.39990234375,3064.0,3054.10009765625,3057.39990234375,119249,-0.00032696835990408957,-0.05132187662232346,0.012406522636390985,0.55,0.4,0,3156.442062750176,3189.137803425023,11.254118496268617,-41.827528341960715,-22.456344755999787,3053.3451325498545,0.012406522636390985,0,TCS,5m,2026-02-04 04:05:00
3057.39990234375,3062.60009765625,3056.699951171875,3062.199951171875,92248,0.0015699774257353916,-0.04980296100530157,0.012428810495189986,0.5,0.4,0,3147.4666235522427,3184.1598484347037,12.546880718472465,-43.91549290938383,-26.748174386676595,3054.147141651794,0.012428810495189986,0,TCS,5m,2026-02-04 04:10:00
3062.10009765625,3062.300048828125,3053.39990234375,3054.89990234375,94957,-0.0023839229784231586,-0.05245040249883681,0.012410450144965827,0.45,0.45,0,3138.65074534191,3179.090830940941,12.010885260468726,-45.63324120451534,-30.525187750244346,3054.4284666724,0.012410450144965827,0,TCS,5m,2026-02-04 04:15:00
3054.89990234375,3057.39990234375,3050.5,3051.5,96692,-0.0011129341230269318,-0.05400376780505867,0.012394005741982335,0.4,0.5,0,3130.350674356966,3174.087268943257,11.431114236427774,-46.73023574003719,-33.766197348202915,3054.305037788053,0.012394005741982335,0,TCS,5m,2026-02-04 04:20:00
3051.5,3051.699951171875,3045.5,3051.0,118807,-0.0001638538423726077,-0.05327829266557671,0.012400934715789454,0.35,0.5,0,3122.79346727535,3169.260317219992,10.27734817793538,-47.09705213407824,-36.43236830537798,3053.7908803700925,0.012400934715789454,0,TCS,5m,2026-02-04 04:25:00
3051.199951171875,3055.300048828125,3047.0,3055.0,85565,0.0013110455588332126,-0.05159566425282336,0.012423807286046201,0.4,0.45,0,3116.33694658246,3164.779520466267,11.901513455057867,-46.52863703386447,-38.451622051075276,3053.6955901036727,0.012423807286046201,0,TCS,5m,2026-02-04 04:30:00
3055.0,3058.199951171875,3054.800048828125,3055.60009765625,62846,0.0001964313113747007,-0.05102637028185475,0.012430034951889204,0.45,0.4,0,3110.5524847799634,3160.4979744737175,11.743598554196296,-45.50518565190032,-39.862334771240285,3053.8183789568675,0.012430034951889204,0,TCS,5m,2026-02-04 04:35:00
3055.60009765625,3055.800048828125,3047.0,3048.699951171875,101597,-0.0022581968398507346,-0.05366902819818076,0.012409445847427229,0.4,0.45,0,3104.661767293479,3156.113738265802,11.51140950540038,-44.735197700090794,-40.83690735701039,3053.5746813607702,0.012409445847427229,-1,TCS,5m,2026-02-04 04:40:00
3048.699951171875,3048.800048828125,3045.300048828125,3045.60009765625,77393,-0.001016778812369945,-0.05471920606821212,0.01239887675622496,0.4,0.5,0,3099.0368463756477,3151.7798700066037,10.970824254663341,-43.86940972541652,-41.44340783069162,3053.2034056490706,0.01239887675622496,-1,TCS,5m,2026-02-04 04:45:00
3045.5,3046.699951171875,3043.300048828125,3044.0,93962,-0.0005253800909322814,-0.05550898500249757,0.012389481132680154,0.35,0.55,0,3093.795241958919,3147.5532084377173,11.130725283446964,-42.81879263834526,-41.71848479222235,3052.6874940292496,0.012389481132680154,-1,TCS,5m,2026-02-04 04:50:00
3044.0,3047.60009765625,3042.0,3043.300048828125,67998,-0.00022994453740965426,-0.056545836595088605,0.012374897283349198,0.35,0.6,-1,3088.9861759464625,3143.4648492373412,50.70417692107422,-41.56353270476848,-41.68749437473158,3052.3360414591593,0.012374897283349198,-1,TCS,5m,2026-02-04 04:55:00
3043.300048828125,3044.0,3035.0,3036.300048828125,133757,-0.002300134685272126,-0.058599199187272855,0.01235940262733944,0.3,0.6,-1,3083.9684495542397,3139.262308044823,33.684210526315795,-40.664813010886064,-41.48295810196248,3051.2773763293717,0.01235940262733944,-1,TCS,5m,2026-02-04 05:00:00
3036.300048828125,3038.89990234375,3031.300048828125,3035.5,130233,-0.00026349465311692466,-0.05913896597975399,0.01235212913787773,0.3,0.6,-1,3079.35240673955,3135.193197925418,33.126260507387386,-39.56109278104668,-41.09858503777932,3050.169945012336,0.01235212913787773,0,TCS,5m,2026-02-04 05:05:00
3035.0,3043.60009765625,3035.0,3042.199951171875,66486,0.002207198541220645,-0.05636029550414412,0.012397641425907904,0.3,0.6,-1,3075.814077637867,3131.546403935083,33.26456390260634,-37.71104700571186,-40.42107743136583,3049.8328519962915,0.012397641425907904,0,TCS,5m,2026-02-04 05:10:00
3042.10009765625,3051.300048828125,3040.0,3050.699951171875,125445,0.0027940306805691595,-0.054017165322022054,0.012443012810728089,0.35,0.6,-1,3073.422256069677,3128.3759548071143,44.00721501351723,-35.15376274292021,-39.367614493676705,3049.6820114375214,0.012443012810728089,-1,TCS,5m,2026-02-04 05:15:00
3050.800048828125,3050.89990234375,3041.699951171875,3042.89990234375,76001,-0.002556806291332814,-0.055000030328027916,0.012440009750532027,0.35,0.55,0,3070.515365238636,3125.0239527497274,33.61629810781123,-33.37180588807132,-38.16845277255563,3049.522742442809,0.012440009750532027,-1,TCS,5m,2026-02-04 05:20:00
3042.89990234375,3043.5,3031.5,3034.0,103092,-0.0029248094348732767,-0.0028265619470908554,0.0018395979056892214,0.35,0.55,0,3067.037711406385,3121.4543859752284,32.72735343491735,-32.30534408462199,-36.9958310349689,3048.92050691185,0.0018395979056892214,-1,TCS,5m,2026-02-04 05:25:00
3033.199951171875,3036.0,3028.199951171875,3032.10009765625,137731,-0.0006262038047956109,-0.006455190660161314,0.0016836700990874231,0.35,0.6,-1,3063.7103196206576,3117.9502962372294,33.55940479343219,-31.253204179602108,-35.84730566389554,3047.9534099581742,0.0016836700990874231,-1,TCS,5m,2026-02-04 05:30:00
3032.39990234375,3033.89990234375,3028.0,3029.0,58543,-0.0010224258950574105,-0.007471016601130254,0.0016888795416483673,0.3,0.65,-1,3060.4045748948806,3114.462049325966,32.142885452253935,-30.320017409733282,-34.74184801306309,3047.5322780550887,0.0016888795416483673,-1,TCS,5m,2026-02-04 05:35:00
3029.39990234375,3035.0,3027.199951171875,3032.0,150298,0.0009904258831296975,-0.008631932770962636,0.001614957079892836,0.35,0.65,-1,3057.699377285844,3111.228243470046,31.02313289124882,-29.004044670836265,-33.594287344617726,3046.6012823980373,0.001614957079892836,-1,TCS,5m,2026-02-04 05:40:00
3032.0,3032.0,3025.0,3027.199951171875,123182,-0.0015831295607272589,-0.009877658185546534,0.0016349548004432849,0.3,0.7,-1,3054.794670036895,3107.933016321098,28.086323237422818,-28.025391352623956,-32.48050814621897,3045.764217490631,0.0016349548004432849,-1,TCS,5m,2026-02-04 05:45:00
3027.60009765625,3032.0,3020.0,3021.10009765625,236714,-0.00201501506805446,-0.013421675321984239,0.0015926238597543556,0.3,0.75,-1,3051.5856631435,3104.5278038244373,28.43753218663096,-27.425860499400642,-31.46957861685531,3044.055496885755,0.0015926238597543556,-1,TCS,5m,2026-02-04 05:50:00
3021.39990234375,3023.0,3018.0,3022.10009765625,131365,0.00033100525228402233,-0.010736785405746296,0.0015544719880000197,0.3,0.75,-1,3048.777514049476,3101.2953447590185,31.017740650464233,-26.563825095885022,-30.48842791266125,3043.078536743987,0.0015544719880000197,-1,TCS,5m,2026-02-04 05:55:00
3022.10009765625,3030.699951171875,3021.0,3027.60009765625,79887,0.0018199264823377526,-0.007832181662706827,0.0016337411933247017,0.35,0.7,-1,3046.760617250121,3098.405335068714,37.53803113729797,-25.14697314047089,-29.42013695822318,3042.6597903923366,0.0016337411933247017,-1,TCS,5m,2026-02-04 06:00:00
3027.5,3030.60009765625,3025.5,3030.300048828125,104785,0.0008917793251377315,-0.006784644762987568,0.0016583600873026467,0.35,0.65,-1,3045.1929440670738,3095.7345395298676,40.412951733475445,-23.53494803188596,-28.243099172955738,3042.2170582190593,0.0016583600873026467,-1,TCS,5m,2026-02-04 06:05:00
3030.199951171875,3032.5,3026.699951171875,3026.89990234375,49863,-0.0011220494438133333,-0.009198067972585933,0.0016197369499538865,0.35,0.65,-1,3043.4507496172337,3093.035141993157,42.679008073379144,-22.27499761756735,-27.049478861878065,3042.0146644876186,0.0016197369499538865,-1,TCS,5m,2026-02-04 06:10:00
3026.89990234375,3027.89990234375,3012.5,3014.0,138025,-0.004261753860364315,-0.013614378952323869,0.001819051474369718,0.3,0.7,-1,3040.6459163203544,3089.935724660092,35.91084204733076,-22.06306289169015,-26.052195667840483,3041.0642465527126,0.001819051474369718,-1,TCS,5m,2026-02-04 06:15:00
3014.0,3017.800048828125,3010.0,3017.300048828125,92568,0.0010949067113885658,-0.010299440038919028,0.0018208081095148255,0.3,0.7,-1,3038.4225003687134,3087.0872667843287,32.92185480143871,-21.382334491774145,-25.118223432627218,3040.3875282963186,0.0018208081095148255,-1,TCS,5m,2026-02-04 06:20:00
3017.39990234375,3018.0,3012.800048828125,3015.89990234375,60559,-0.00046403952597251497,-0.009751836866355501,0.001816996817457066,0.35,0.65,-1,3036.2774910330027,3084.295605433718,23.556213522709143,-20.71701954481796,-24.237982655065366,3039.972450129872,0.001816996817457066,-1,TCS,5m,2026-02-04 06:25:00
3015.89990234375,3017.800048828125,3010.60009765625,3012.800048828125,63118,-0.0010278370025530448,-0.010249655444111383,0.0018210057613895438,0.35,0.65,-1,3034.0415441563473,3081.4918581158518,25.368309591832656,-20.206951766600014,-23.4317764773723,3039.522948724032,0.0018210057613895438,-1,TCS,5m,2026-02-04 06:30:00
3012.800048828125,3019.800048828125,3012.60009765625,3017.300048828125,75340,0.0014936271664460765,-0.008543357402439389,0.0018751072626022344,0.35,0.6,-1,3032.44711602985,3078.9745322614312,35.27339898296181,-19.21807300284945,-22.58903578246773,3039.062941493469,0.0018751072626022344,-1,TCS,5m,2026-02-04 06:35:00
3017.199951171875,3018.0,3007.0,3008.89990234375,75841,-0.0027839944150193086,-0.009024189323762699,0.0019034507248569315,0.35,0.6,-1,3030.2045242502213,3076.2265075587775,31.645471823477592,-18.894398215156343,-21.850108269005453,3038.513988089542,0.0019034507248569315,-1,TCS,5m,2026-02-04 06:40:00
3008.89990234375,3011.10009765625,3004.60009765625,3005.10009765625,87033,-0.0012628551333795368,-0.01001479240446379,0.0019113582615189282,0.35,0.6,-1,3027.813626479367,3073.437236582208,31.298952371491666,-18.728604402545898,-21.225807495713543,3037.8132998226283,0.0019113582615189282,-1,TCS,5m,2026-02-04 06:45:00
3005.10009765625,3007.0,3003.300048828125,3006.199951171875,63567,0.0003659956340498205,-0.011833541705939643,0.0018159944618529348,0.3,0.65,-1,3025.755181211987,3070.8004802916066,29.19342707845213,-18.297539973726998,-20.640153991316236,3037.2980086025136,0.0018159944618529348,0,TCS,5m,2026-02-04 06:50:00
3006.10009765625,3012.0,3005.800048828125,3007.199951171875,57264,0.0003326458706149893,-0.014259022747645234,0.0016501759802263712,0.3,0.65,-1,3023.988016446262,3068.3063418947545,32.81778292349384,-17.671520378797595,-20.046427268812508,3036.887808671856,0.0016501759802263712,0,TCS,5m,2026-02-04 06:55:00
3007.699951171875,3008.800048828125,3003.0,3004.39990234375,56851,-0.0009311149486530557,-0.012652404362807346,0.0015938338743126913,0.3,0.7,-1,3022.122481769832,3065.800207010401,34.79032329790546,-17.20303005705,-19.477747826460007,3036.451230132464,0.0015938338743126913,-1,TCS,5m,2026-02-04 07:00:00
3006.0,3007.0,3002.199951171875,3004.89990234375,55439,0.00016642258562504786,-0.009591330802982911,0.0015076752177061233,0.3,0.7,0,3020.482236110205,3063.4119597685717,34.19096857581388,-16.60004726870602,-18.90220771490921,3036.027659705768,0.0015076752177061233,-1,TCS,5m,2026-02-04 07:05:00
3004.800048828125,3008.0,3003.39990234375,3006.0,46358,0.0003661012652673712,-0.00860792744818184,0.0015189200258867359,0.35,0.65,0,3019.1029755282807,3061.1605103658826,28.39990234375,-15.85069345034617,-18.291904861996603,3035.6941865166946,0.0015189200258867359,-1,TCS,5m,2026-02-04 07:10:00
3006.199951171875,3006.199951171875,2998.10009765625,2999.0,235312,-0.0023286759813705427,-0.009904258831297419,0.001572814069423373,0.35,0.65,-1,3017.1884064303495,3058.722843292711,21.178618156312794,-15.641362755615773,-17.76179644072044,3033.8596980368256,0.001572814069423373,-1,TCS,5m,2026-02-04 07:15:00
2998.60009765625,3001.0,2996.0,2997.60009765625,102664,-0.00046678971115377,-0.011345614229469003,0.0015335758632366622,0.3,0.65,-1,3015.3228532137687,3056.325872875595,21.988609840351046,-15.410781198783297,-17.29159339233301,3033.0533359074257,0.0015335758632366622,0,TCS,5m,2026-02-04 07:20:00
2997.39990234375,2997.699951171875,2986.0,2990.5,168858,-0.0023685940168608477,-0.01212339844207111,0.0015705194459097443,0.3,0.65,-1,3012.9587719553147,3053.74446609616,24.731182795698928,-15.620894251350364,-16.957453564136483,3031.559692677514,0.0015705194459097443,-1,TCS,5m,2026-02-04 07:25:00
2991.0,3000.5,2991.0,3000.0,142102,0.003176726299949806,-0.006984243147924563,0.0017451617355518393,0.35,0.6,-1,3011.7246031976656,3051.636839974742,33.58627622661089,-14.849662093089592,-16.535895269927106,3030.5522182719887,0.0017451617355518393,-1,TCS,5m,2026-02-04 07:30:00
2999.699951171875,3003.699951171875,2998.60009765625,3000.800048828125,162708,0.00026668294270826287,-0.00704809507952564,0.0017439015675807655,0.4,0.55,0,3010.6841694481855,3049.6432403219337,35.50873707245984,-14.012371896275909,-16.03119059519687,3029.594265213118,0.0017439015675807655,-1,TCS,5m,2026-02-04 07:35:00
3000.699951171875,3003.0,2998.199951171875,3001.800048828125,95694,0.0003332444627193176,-0.008521617121130864,0.001676839373622223,0.35,0.6,-1,3009.8380627224656,3047.7670367339415,39.0,-13.116918073743363,-15.448336090906167,3029.058729348317,0.001676839373622223,0,TCS,5m,2026-02-04 07:40:00
3001.800048828125,3003.0,2995.5,2997.800048828125,178784,-0.0013325337913701052,-0.010725010552195435,0.001658467413548894,0.35,0.65,-1,3008.691585208719,3045.807547012145,30.303030303030297,-12.584959459807123,-14.875660764686359,3028.0346214969254,0.001658467413548894,0,TCS,5m,2026-02-04 07:45:00
2997.800048828125,3000.0,2995.0,2998.39990234375,126186,0.00020009790708330755,-0.009415573993025728,0.001660298509203391,0.3,0.7,-1,3007.711424935865,3043.948423691816,37.409983489654685,-11.976912864055066,-14.2959111845601,3027.329987887996,0.001660298509203391,0,TCS,5m,2026-02-04 07:50:00
2997.39990234375,3002.0,2996.10009765625,2996.10009765625,81553,-0.0007670106598196558,-0.005938919158510303,0.0014046254342757988,0.35,0.65,0,3006.6055842425685,3042.072018749245,38.805888569033996,-11.547494248561634,-13.746227797360408,3026.895760581999,0.0014046254342757988,0,TCS,5m,2026-02-04 07:55:00
2998.10009765625,3006.0,2997.300048828125,3006.0,133393,0.0033042628821027265,-0.0037450862178965982,0.00159395969807638,0.4,0.6,0,3006.5479095528,3040.657429778687,49.79596717537854,-10.289723986795707,-13.054927035247468,3026.331899657388,0.00159395969807638,0,TCS,5m,2026-02-04 08:00:00
3005.699951171875,3006.800048828125,3001.0,3004.699951171875,161018,-0.00043248464009482124,-0.003713634913138586,0.001593685993623432,0.4,0.6,0,3006.371913516521,3039.24733257842,47.46449299764277,-9.290737232534866,-12.302089074704949,3025.7155338506163,0.001593685993623432,0,TCS,5m,2026-02-04 08:05:00
3004.699951171875,3007.0,3003.699951171875,3005.89990234375,157907,0.0003993580694827692,-0.002290276942560121,0.0015858844907023439,0.45,0.55,0,3006.3269600714953,3037.939590216276,51.5723367011639,-8.306455354574155,-11.502962330678791,3025.1797644079443,0.0015858844907023439,0,TCS,5m,2026-02-04 08:10:00
3005.5,3006.199951171875,3002.300048828125,3003.10009765625,106116,-0.000931436434499,-0.004706178020773888,0.001548818700327778,0.4,0.6,0,3006.019639841472,3036.573335606079,48.2001777361107,-7.663980122074918,-10.735165888958017,3024.8062095550063,0.001548818700327778,0,TCS,5m,2026-02-04 08:15:00
3003.10009765625,3006.0,3001.5,3003.10009765625,123508,0.0,-0.0019275498938938762,0.0014280385034298195,0.4,0.6,0,3005.7415882047844,3035.260659608047,47.03482914944182,-7.073277531118492,-10.002788217390114,3024.3809266403287,0.0014280385034298195,0,TCS,5m,2026-02-04 08:20:00
3003.0,3005.0,3000.0,3000.5,117377,-0.0008658045258894687,-0.0015307635375731987,0.001413643152371417,0.4,0.6,0,3005.242389328138,3033.8974964861627,51.685411751796785,-6.737284402165187,-9.34968745434513,3023.9605229108183,0.001413643152371417,0,TCS,5m,2026-02-04 08:25:00
3000.5,3001.300048828125,2998.39990234375,2999.800048828125,152859,-0.00023327817759544178,-0.002128901086986934,0.0014101361858409034,0.4,0.6,0,3004.7240711852796,3032.5603416760437,52.51138498241389,-6.4531003131105535,-8.770370026098215,3023.388567976742,0.0014101361858409034,0,TCS,5m,2026-02-04 08:30:00
2999.60009765625,3000.0,2995.0,2997.0,106422,-0.0009334118216375309,-0.00339184335511189,0.0014178234280503965,0.35,0.65,0,3003.9884453581103,3031.165818473062,58.22794981148402,-6.380275075061945,-8.292351035890961,3022.9655281345154,0.0014178234280503965,0,TCS,5m,2026-02-04 08:35:00
2997.0,3005.0,2996.60009765625,3004.89990234375,67682,0.0026359367179680238,0.00016642258562504786,0.001536302322513382,0.4,0.6,0,3004.075250785314,3030.135782546422,56.4643510525909,-5.620316937202915,-7.757944216153352,3022.7529561022434,0.001536302322513382,0,TCS,5m,2026-02-04 08:40:00
3004.89990234375,3014.10009765625,3004.60009765625,3010.0,143546,0.0016972604153209225,0.0016972604153209225,0.0015819905956379735,0.45,0.55,0,3004.639512615284,3029.34614401519,60.90055481952455,-4.554013546789065,-7.117158082280495,3022.4731922309034,0.0015819905956379735,0,TCS,5m,2026-02-04 08:45:00
3010.199951171875,3017.60009765625,3010.199951171875,3014.199951171875,145273,0.0013953326152409407,0.002727861334622439,0.0016081070249200208,0.45,0.55,0,3005.5500305730548,3028.752175668393,63.65645636602207,-3.3316542323641443,-6.360057312297226,3022.2950832863658,0.0016081070249200208,0,TCS,5m,2026-02-04 08:50:00
3014.10009765625,3014.10009765625,3005.5,3006.10009765625,73935,-0.0026872316524575446,0.0023674883815438807,0.0016387539012835154,0.45,0.55,0,3005.6024179143114,3027.8638588836034,58.38401175838105,-2.982139901997016,-5.6844738302371836,3022.1497715092623,0.0016387539012835154,0,TCS,5m,2026-02-04 08:55:00
3006.0,3006.89990234375,3002.300048828125,3003.39990234375,91863,-0.0008982386563258782,0.0019348160189995856,0.0016496815589249246,0.45,0.55,0,3005.392654526639,3026.9044880389033,54.844997918164964,-2.8897195837380423,-5.1255229809373555,3021.9167700104877,0.0016496815589249246,0,TCS,5m,2026-02-04 09:00:00
3003.199951171875,3004.699951171875,3001.199951171875,3002.60009765625,74078,-0.00026629976476855166,0.00404617878490221,0.001548095906532389,0.45,0.55,0,3005.126696729459,3025.951374690564,56.487076527230904,-2.8481813085059002,-4.670054646451065,3021.7190815009058,0.001548095906532389,0,TCS,5m,2026-02-04 09:05:00
3002.60009765625,3003.199951171875,2999.5,3000.0,319325,-0.0008659487016867695,0.0,0.001395827123581051,0.4,0.6,0,3004.638439898082,3024.9336737223066,42.99062221917996,-2.9905943667749852,-4.334162590515849,3020.8291479163518,0.001395827123581051,0,TCS,5m,2026-02-04 09:10:00
3000.0,3013.0,2999.10009765625,3007.89990234375,345195,0.002633300781250014,0.0023659868702006204,0.0015147879034326653,0.4,0.65,0,3004.9490553690985,3024.2656826878533,53.23883938499859,-2.4378990617374257,-3.954909884760164,3020.2036179310594,0.0015147879034326653,0,TCS,5m,2026-02-04 09:15:00
3007.699951171875,3010.89990234375,3004.60009765625,3006.39990234375,266011,-0.0004986868076398698,0.0015323650612306672,0.001520015959245435,0.4,0.6,0,3005.0872312714464,3023.5650638508296,50.503021073832095,-2.0967514687677067,-3.583278201561673,3019.778880398847,0.001520015959245435,0,TCS,5m,2026-02-04 09:20:00
3006.5,3007.0,3002.0,3004.0,164291,-0.0007982645096146213,0.0020681670127729035,0.0014984702324431693,0.4,0.6,0,3004.9836854360706,3022.797806444915,50.91268347760632,-1.9970211886634388,-3.2660267989820264,3019.4711395362824,0.0014984702324431693,0,TCS,5m,2026-02-04 09:25:00
3004.0,3006.10009765625,2999.5,2999.5,234075,-0.0014980026631158383,0.00036689490797736646,0.0015402855811922416,0.4,0.6,0,3004.4614296802542,3021.884166976487,46.654172187834675,-2.255101212072532,-3.063841681600128,3018.9805921866305,0.0015402855811922416,0,TCS,5m,2026-02-04 09:30:00
2999.5,3000.89990234375,2998.800048828125,2998.89990234375,243678,-0.00020006589639942618,0.0009344830266819759,0.0015302337165686664,0.35,0.65,0,3003.9317604101107,3020.9828232653995,48.45549836924759,-2.479472539605922,-2.946967853201287,3018.437362807948,0.0015302337165686664,0,TCS,5m,2026-02-04 09:35:00
2998.800048828125,2999.699951171875,2996.699951171875,2998.800048828125,202169,-3.329671508778276e-05,-0.002395193337283774,0.0013245823471402676,0.3,0.7,0,3003.443025973731,3020.112910542369,49.02343191203258,-2.6349714665311694,-2.884568575867264,3017.9835121718324,0.0013245823471402676,0,TCS,5m,2026-02-04 09:40:00
2998.89990234375,3001.0,2997.5,2999.60009765625,282489,0.00026678965422766154,-0.0016972921085302017,0.0013251027681630318,0.3,0.7,0,3003.0770328006374,3019.3084865076194,52.64239140143508,-2.6629513863340435,-2.84024513796062,3017.4123855345892,0.0013251027681630318,0,TCS,5m,2026-02-04 09:45:00
2999.10009765625,3000.0,2995.199951171875,2996.800048828125,333186,-0.0009334740421941268,-0.003027330853076493,0.0013330008420659309,0.25,0.75,0,3002.4792248032554,3018.425802677051,40.81646210825265,-2.8778916700603077,-2.847774444380558,3016.7112229054173,0.0013330008420659309,0,TCS,5m,2026-02-04 09:50:00
2996.800048828125,2999.89990234375,2995.0,2999.89990234375,228265,0.0010343878353971103,-0.0010656305845407887,0.0013448293852343573,0.25,0.75,0,3002.233575045207,3017.6992967816273,38.004523312456506,-2.7662139290546293,-2.8314623413153726,3016.2802695298506,0.0013448293852343573,0,TCS,5m,2026-02-04 09:55:00
3008.5,3008.800048828125,2998.0,3007.300048828125,117171,-0.0003988536386487773,0.002266305225170795,0.001482969115392267,0.3,0.7,0,3003.256060412928,3016.944873722859,51.51509546796875,-1.4037674970045373,-2.406672700511854,3004.7000325520835,0.001482969115392267,0,TCS,5m,2026-02-05 03:50:00
3006.60009765625,3010.0,2999.10009765625,3005.39990234375,82464,-0.000631844662495662,0.0018667422576423842,0.001490543511354906,0.35,0.65,0,3003.460235834911,3016.492129747208,52.57733256147592,-1.1026565049487544,-2.1458694613992337,3004.7550956203077,0.001490543511354906,0,TCS,5m,2026-02-05 03:55:00
3004.800048828125,3010.89990234375,3002.5,3007.300048828125,120262,0.0006322441425825609,0.003436786395770719,0.001474757409134502,0.4,0.6,0,3003.8259323104553,3016.131655985675,55.889641500082604,-0.7025988115074142,-1.85721533142087,3005.5614443298027,0.001474757409134502,0,TCS,5m,2026-02-05 04:00:00
3007.300048828125,3010.10009765625,3001.199951171875,3005.10009765625,73151,-0.0007315369720863885,6.662295550796671e-05,0.001367011082969814,0.35,0.65,0,3003.9472813910074,3015.6990458551095,56.45581981803798,-0.5566511530178104,-1.5971024957402582,3005.5438141446602,0.001367011082969814,0,TCS,5m,2026-02-05 04:05:00
3005.10009765625,3006.300048828125,2992.39990234375,2992.699951171875,65094,-0.004126367202891612,-0.005747524527616288,0.0015895262380155185,0.3,0.7,0,3002.8761070844234,3014.797120573414,32.727424053266745,-1.4251465685902076,-1.5627113103102481,3004.3488266585146,0.0015895262380155185,0,TCS,5m,2026-02-05 04:10:00
2993.0,3002.60009765625,2990.60009765625,3002.300048828125,53992,0.0032078383442653013,-0.003947947228624793,0.001735458971192178,0.25,0.75,0,3002.821244393347,3014.3070393285007,46.06542550948206,-1.3235309521601266,-1.514875238680224,3003.7322195692245,0.001735458971192178,0,TCS,5m,2026-02-05 04:15:00
3002.0,3006.0,3000.5,3002.800048828125,30946,0.0001665389840683762,-0.0010977840793451321,0.0016342464234728761,0.3,0.7,0,3002.819225768088,3013.855784799074,48.804839972570896,-1.1889485637643702,-1.4496899036970534,3003.696195110377,0.0016342464234728761,0,TCS,5m,2026-02-05 04:20:00
3002.699951171875,3006.0,3001.39990234375,3005.800048828125,32204,0.0009990675207198763,0.0007991431585590014,0.001637703125129852,0.3,0.65,0,3003.1031136785678,3013.5398735845274,56.468164249512476,-0.8306410108757518,-1.3258801251327932,3003.73559270967,0.001637703125129852,0,TCS,5m,2026-02-05 04:25:00
3005.800048828125,3014.60009765625,3002.699951171875,3013.699951171875,58300,0.002628219514079211,0.0036967472039615146,0.001734153334706303,0.35,0.6,0,3004.112336296978,3013.5461511369726,63.21427170117318,0.08974191423249067,-1.0427557172597364,3004.3426918131195,0.001734153334706303,0,TCS,5m,2026-02-05 04:30:00
3014.89990234375,3017.5,3009.199951171875,3009.199951171875,56870,-0.0014931811636557102,0.0030666503906249254,0.0017596617122453472,0.4,0.55,0,3004.596871046968,3013.3757119226552,58.60913500404204,0.4508425887274825,-0.7440360560622926,3004.9706461716783,0.0017596617122453472,0,TCS,5m,2026-02-05 04:35:00
3009.89990234375,3021.60009765625,3007.39990234375,3018.199951171875,81273,0.00299082817560703,0.003424332312421452,0.0017877600353512918,0.4,0.55,0,3005.8924024874354,3013.564897775566,63.556676999291774,1.4465671332609418,-0.3059154181976457,3006.104096926785,0.0017877600353512918,0,TCS,5m,2026-02-05 04:40:00
3018.0,3024.0,3016.800048828125,3024.0,55249,0.001921691379616286,0.005854210427072237,0.0018215393949235785,0.45,0.55,0,3007.61693558387,3013.974117470642,68.99428863694484,2.6728900631787837,0.28984567807764017,3007.1393555656414,0.0018215393949235785,0,TCS,5m,2026-02-05 04:45:00
3023.89990234375,3029.5,3023.89990234375,3025.5,81938,0.0004960317460318553,0.007157123834886869,0.0018036145264386158,0.5,0.5,0,3009.320084575883,3014.42611286395,68.28565648956132,3.7228822155279886,0.97645298556771,3008.866672139498,0.0018036145264386158,0,TCS,5m,2026-02-05 04:50:00
3025.800048828125,3026.199951171875,3019.89990234375,3020.199951171875,52588,-0.001751792704718258,0.006901133912943891,0.0018181951347965794,0.5,0.5,0,3010.3562623469297,3014.6525378956335,58.77052030526528,4.080303713666126,1.5972231311873935,3009.5904468397375,0.0018181951347965794,0,TCS,5m,2026-02-05 04:55:00
3020.10009765625,3022.39990234375,3018.800048828125,3020.0,75376,-6.620461396844579e-05,0.007035945961303858,0.0018163265379801303,0.5,0.5,0,3011.274713551984,3014.8622422918834,59.66504278935301,4.297885093497371,2.137355523649389,3010.376247726809,0.0018163265379801303,0,TCS,5m,2026-02-05 05:00:00
3019.0,3020.60009765625,3013.199951171875,3014.5,46303,-0.0018211920529801473,0.0052354111365344735,0.0018792072124155842,0.5,0.5,0,3011.58188368989,3014.8480367118095,56.56569926793352,3.9806296492802176,2.506010348775555,3010.6209230443555,0.0018792072124155842,0,TCS,5m,2026-02-05 05:05:00
3014.5,3016.0,3011.89990234375,3012.300048828125,21823,-0.0007297897402139819,0.00423388143699488,0.0018922631071069558,0.45,0.55,0,3011.650280369722,3014.748115618332,53.5919489830996,3.511209710336516,2.7070502210877474,3010.675807407861,0.0018922631071069558,0,TCS,5m,2026-02-05 05:10:00
3012.800048828125,3012.800048828125,3010.0,3010.300048828125,29940,-0.0006639444834780628,0.004504805052068406,0.0018846128496738696,0.45,0.55,0,3011.52168688957,3014.5736816265594,53.746354608232515,2.9438726104758643,2.7544146989653706,3010.68523985635,0.0018846128496738696,0,TCS,5m,2026-02-05 05:15:00
3010.300048828125,3010.300048828125,3006.800048828125,3008.10009765625,34374,-0.0007308079381427302,0.002733489642802178,0.0018861171233067223,0.45,0.55,0,3011.1958212483014,3014.319815588508,63.00689120474424,2.29033464547274,2.6615986882668445,3010.618063436478,0.0018861171233067223,0,TCS,5m,2026-02-05 05:20:00
3008.199951171875,3009.89990234375,3006.300048828125,3006.39990234375,21823,-0.0005652056970526509,-0.0006980547303473417,0.0017778142561275456,0.4,0.55,0,3010.7390670669156,3014.00923075538,53.995954788816185,1.6165746804936134,2.4525938867121986,3010.561546927839,0.0017778142561275456,0,TCS,5m,2026-02-05 05:25:00
3006.5,3008.5,3004.699951171875,3006.300048828125,27317,-3.321365050179548e-05,-0.0003325241857358163,0.00177573729156911,0.4,0.6,0,3010.316303425126,3013.7069098954876,53.438120545264425,1.0623120379614193,2.174537516962043,3010.470489806931,0.00177573729156911,0,TCS,5m,2026-02-05 05:30:00
3006.300048828125,3008.60009765625,3005.60009765625,3007.0,56076,0.0002328281144616806,0.0005324075691233165,0.001770450147458207,0.4,0.6,0,3010.0004650036853,3013.4438938211547,51.234521387486495,0.6717911204809752,1.8739882376658294,3010.320733789726,0.001770450147458207,0,TCS,5m,2026-02-05 05:35:00
3007.10009765625,3012.0,3006.699951171875,3011.60009765625,22272,0.001529796360575375,0.0014298702351966952,0.0017977353874528818,0.4,0.6,0,3010.152810970596,3013.3715880891978,47.68228338605975,0.7251310566230131,1.6442168014572662,3010.316943075876,0.0017977353874528818,0,TCS,5m,2026-02-05 05:40:00
3011.699951171875,3012.199951171875,3007.0,3007.5,24909,-0.0013614349592566688,0.0007986097852852314,0.0018179754258784752,0.45,0.55,0,3009.9001623067297,3013.1413297327585,48.10696478187818,0.43158468578985776,1.4016903783237846,3010.2902391037665,0.0018179754258784752,0,TCS,5m,2026-02-05 05:45:00
3006.89990234375,3007.300048828125,3005.0,3006.10009765625,64963,-0.00046547043848710334,0.004477611087983613,0.0015391651827583181,0.45,0.55,0,3009.5382513876366,3012.8652029846603,33.78037845019996,0.0850067474784737,1.1383536521547224,3010.0954989423567,0.0015391651827583181,0,TCS,5m,2026-02-05 05:50:00
3006.10009765625,3006.10009765625,2999.0,3000.300048828125,130750,-0.0019294263795962552,-0.0006661559362731717,0.0014406026898139926,0.45,0.55,0,3008.658422572445,3012.372451841267,18.230670044049987,-0.6501793699371774,0.7806470477363425,3009.3807170202917,0.0014406026898139926,0,TCS,5m,2026-02-05 05:55:00
3000.300048828125,3002.800048828125,2999.0,2999.10009765625,33869,-0.0003999437230765013,-0.0012321670146898667,0.0014420549740974693,0.4,0.55,0,3007.7481059137594,3011.8519673634232,14.324456292229726,-1.3144930383764404,0.3616190305137859,3009.182461527629,0.0014420549740974693,0,TCS,5m,2026-02-05 06:00:00
2999.10009765625,3001.5,2998.199951171875,3000.10009765625,22510,0.00033343335248514627,-0.0018963174793005244,0.0014238765803767607,0.4,0.6,0,3007.019724174949,3011.391109727848,19.266233135979817,-1.7402146528129379,-0.05874770615155889,3009.0501724291057,0.0014238765803767607,0,TCS,5m,2026-02-05 06:05:00
3000.10009765625,3000.10009765625,2995.0,2995.5,24606,-0.0015333147250132795,-0.006039072059843886,0.0013041795849138046,0.35,0.65,0,3005.9226075868582,3010.767928954207,16.981218988957764,-2.4208850794047976,-0.5311751808022066,3008.86261981172,0.0013041795849138046,0,TCS,5m,2026-02-05 06:10:00
2995.60009765625,2995.60009765625,2992.60009765625,2992.60009765625,33120,-0.0009680862439492843,-0.005516367733942262,0.0012840682047244691,0.3,0.7,0,3004.6537971172766,3010.055464981738,18.261011096014485,-3.1579166823112246,-1.0565234811040103,3008.5527917335935,0.0012840682047244691,0,TCS,5m,2026-02-05 06:15:00
2992.5,2993.800048828125,2985.199951171875,2990.10009765625,63371,-0.0008353939445360226,-0.00931013649533552,0.001032074508186476,0.25,0.7,0,3003.2677305019406,3009.2729015572095,18.103563185329136,-3.8988056397756736,-1.6249799128383429,3007.8479033139,0.001032074508186476,0,TCS,5m,2026-02-05 06:20:00
2989.800048828125,2995.0,2988.89990234375,2995.0,22098,0.0016387084658440187,-0.009589947089947093,0.0009990125369032233,0.25,0.7,0,3002.480327596994,3008.7131799275153,29.708131771349386,-4.043967962050829,-2.1087775226808403,3007.6563797823223,0.0009990125369032233,0,TCS,5m,2026-02-05 06:25:00
2995.0,2995.0,2990.10009765625,2993.10009765625,17610,-0.0006343580446577235,-0.010708941445628839,0.0009724368070870304,0.2,0.7,0,3001.586972364542,3008.1009021913874,29.946471701808207,-4.263173182571336,-2.5396566546589394,3007.504879791845,0.0009724368070870304,0,TCS,5m,2026-02-05 06:30:00
2994.0,2996.39990234375,2992.800048828125,2993.699951171875,14369,0.0002004121132115344,-0.00877425350255956,0.0009416509988346603,0.25,0.65,0,3000.8358274890497,3007.536159014152,32.50674253277106,-4.3384804317888666,-2.899421410084925,3007.39639297268,0.0009416509988346603,0,TCS,5m,2026-02-05 06:35:00
2994.199951171875,2997.699951171875,2993.5,2997.0,14407,0.0011023311894811094,-0.0076158940397350605,0.0010004872223747991,0.3,0.6,0,3000.470510585331,3007.122976307715,38.227713531655034,-4.084788707059488,-3.136494869479838,3007.3038282045295,0.0010004872223747991,0,TCS,5m,2026-02-05 06:40:00
2996.39990234375,2997.0,2995.0,2995.10009765625,11817,-0.0006339347159659559,-0.006435529057472245,0.000944221582530112,0.3,0.55,0,2999.9590426873233,3006.6514908704025,35.38085011937183,-3.991036246934982,-3.3074031449708667,3007.2265852645733,0.000944221582530112,0,TCS,5m,2026-02-05 06:45:00
2994.39990234375,2996.39990234375,2993.699951171875,2996.10009765625,22367,0.0003338786576057018,-0.005377934106589821,0.0009500020293332909,0.3,0.55,0,2999.591524112935,3006.237710744357,29.110292182153202,-3.792329490461725,-3.4043884140690386,3007.0794281010994,0.0009500020293332909,0,TCS,5m,2026-02-05 06:50:00
2996.300048828125,2998.89990234375,2994.60009765625,2994.699951171875,27588,-0.00046732299947860323,-0.005182240110025882,0.0009467132338667596,0.35,0.5,0,2999.1256600233105,3005.7852495846523,31.395093008566292,-3.7051227257052233,-3.464535276396276,3006.9129657024732,0.0009467132338667596,0,TCS,5m,2026-02-05 06:55:00
2994.60009765625,2997.800048828125,2992.10009765625,2994.699951171875,23246,0.0,-0.004454687693011161,0.0009416476075981625,0.35,0.5,0,2998.7041639422214,3005.3505319998376,32.726922991558595,-3.5945747165578723,-3.4905431644285954,3006.7614689476045,0.0009416476075981625,0,TCS,5m,2026-02-05 07:00:00
2994.699951171875,2997.699951171875,2994.699951171875,2996.10009765625,19790,0.0004675414923711596,-0.0034259596268182424,0.0009501599948038141,0.35,0.45,0,2998.4561576292717,3004.987769868717,42.657390413589994,-3.3553066170011334,-3.463495854943103,3006.6492370741075,0.0009501599948038141,0,TCS,5m,2026-02-05 07:05:00
2996.0,2996.300048828125,2995.5,2996.0,15993,-3.340931644046918e-05,-0.0034261546288900657,0.0009501585008178443,0.35,0.4,0,2998.2222378550555,3004.6353083052377,44.36345880681818,-3.13759374101528,-3.398315432157539,3006.5582805998774,0.0009501585008178443,0,TCS,5m,2026-02-05 07:10:00
2996.10009765625,2996.10009765625,2988.0,2990.800048828125,60539,-0.0017356312322680534,-0.005387413093407067,0.0010063966814935856,0.3,0.45,0,2997.5153627096333,3004.092749110057,35.331130673197634,-3.3460758405940396,-3.3878675138448395,3006.093671448076,0.0010063966814935856,0,TCS,5m,2026-02-05 07:15:00
2991.89990234375,2992.89990234375,2989.199951171875,2990.60009765625,60018,-6.685541280282425e-05,-0.006973037361880485,0.0009153579814737629,0.25,0.45,0,2996.856766037882,3003.563625523633,41.02575567876945,-3.4872351193248505,-3.407741034940842,3005.6388034748634,0.0009153579814737629,0,TCS,5m,2026-02-05 07:20:00
2990.60009765625,2990.60009765625,2986.5,2989.60009765625,74930,-0.00033438104973770866,-0.0059517547277638805,0.000883861792888784,0.2,0.5,0,2996.1656547634407,3003.0160361955004,44.094465483765546,-3.6378615044354774,-3.4537651288397693,3005.0357125769947,0.000883861792888784,0,TCS,5m,2026-02-05 07:25:00
2989.39990234375,2992.800048828125,2988.199951171875,2991.800048828125,14591,0.0007358680425517683,-0.004757010200450162,0.0009122512552753045,0.25,0.45,0,2995.749882769601,3002.5761935536425,53.38637667908451,-3.5389218379823433,-3.4707964706682843,3004.937459785894,0.0009122512552753045,0,TCS,5m,2026-02-05 07:30:00
2991.800048828125,2993.39990234375,2991.199951171875,2993.0,15656,0.0004010800027711703,-0.0024331062591477215,0.0008299573492940416,0.3,0.4,0,2995.487989172496,3002.200656551539,45.327081479453305,-3.325352811090852,-3.441707738752798,3004.845418622214,0.0008299573492940416,0,TCS,5m,2026-02-05 07:35:00
2992.89990234375,2993.0,2990.699951171875,2991.800048828125,12992,-0.0004009192020965058,-0.0024340797540668424,0.0008299746041759693,0.3,0.45,0,2995.1367567587467,3001.7927895819935,46.85977803200962,-3.215853492495171,-3.396536889501273,3004.765786130064,0.0008299746041759693,0,TCS,5m,2026-02-05 07:40:00
2991.89990234375,2992.699951171875,2991.5,2992.699951171875,8570,0.00030078960126456167,-0.0024666331933911323,0.0008290644297604076,0.3,0.4,0,2994.9046800361875,3001.4362076835573,47.61904761904762,-3.021628443467307,-3.32155520029448,3004.715665173967,0.0008290644297604076,0,TCS,5m,2026-02-05 07:45:00
2992.699951171875,2994.699951171875,2992.39990234375,2992.60009765625,19193,-3.3365695610743096e-05,-0.0009680862439492843,0.0007597303073625297,0.35,0.35,0,2994.685196000003,3001.0896935648393,37.64058813847589,-2.842988831447201,-3.2258419265250247,3004.613194833264,0.0007597303073625297,0,TCS,5m,2026-02-05 07:50:00
2992.60009765625,2992.60009765625,2990.0,2990.0,13176,-0.0008688423348934826,-0.0008688423348934826,0.0007537057182872244,0.35,0.35,0,2994.2389868571454,3000.6548036211198,36.2159522804054,-2.8780454859875135,-3.1562826384175224,3004.5294905601395,0.0007537057182872244,0,TCS,5m,2026-02-05 07:55:00
2990.0,2995.39990234375,2990.0,2995.300048828125,19226,0.0017725915813127102,0.0017390558851027027,0.0008310668877103755,0.4,0.3,0,2994.340040378191,3000.444813237081,48.24551071325317,-2.4499173688000155,-3.0150095844940212,3004.4329427629455,0.0008310668877103755,0,TCS,5m,2026-02-05 08:00:00
2995.39990234375,2997.699951171875,2991.699951171875,2997.199951171875,36970,0.0006342944989745636,0.0007345412927797224,0.0007596564652839322,0.4,0.3,0,2994.612412834733,3000.317563744328,55.364851837880884,-1.9350109091797094,-2.799009849431159,3004.284738728897,0.0007596564652839322,0,TCS,5m,2026-02-05 08:05:00
2997.199951171875,2997.5,2995.39990234375,2995.5,12792,-0.0005671797676395363,0.000801811588469592,0.0007566744570551115,0.4,0.3,0,2994.6969449457106,3000.128639675923,51.60011328235627,-1.6451514014311215,-2.568238159831152,3004.238038964997,0.0007566744570551115,0,TCS,5m,2026-02-05 08:10:00
2995.60009765625,2996.300048828125,2995.5,2996.10009765625,9801,0.00020033305166089477,0.0008017324793807568,0.0007566735770261872,0.35,0.3,0,2994.8305785371904,2999.970657635936,50.0,-1.3514342942753501,-2.324877386719992,3004.201890883768,0.0007566735770261872,0,TCS,5m,2026-02-05 08:15:00
2996.10009765625,2996.10009765625,2991.5,2991.89990234375,14259,-0.0014018875122983054,-0.0017017342863696605,0.0007785681565126094,0.3,0.35,0,2994.5514665187675,2999.6541574283992,42.75596121329238,-1.4409714085345513,-2.148096191082904,3004.1321708595437,0.0007785681565126094,0,TCS,5m,2026-02-05 08:20:00
2991.89990234375,2994.0,2990.5,2993.300048828125,33100,0.00046797905346962487,-0.0006009978863590337,0.000776654538567277,0.3,0.4,0,2994.4322838815633,2999.404976698977,55.102040816326536,-1.3830076456420102,-1.9950784819947254,3003.9654835305746,0.000776654538567277,0,TCS,5m,2026-02-05 08:25:00
2993.60009765625,2995.0,2992.800048828125,2994.199951171875,27823,0.0003006388698327811,-0.0006342066094058296,0.0007758705628642552,0.35,0.35,0,2994.410156956831,2999.2008580508555,57.1425803388911,-1.2500465886532766,-1.8460721033264356,3003.8458586027778,0.0007758705628642552,0,TCS,5m,2026-02-05 08:30:00
2994.199951171875,2994.199951171875,2990.0,2990.10009765625,39621,-0.0013692651067008788,-0.0015359981268991962,0.0008270634640807268,0.3,0.4,0,2993.9996751186804,2998.8439654863614,50.88339832292349,-1.45868311689037,-1.7685943060392226,3003.63724469653,0.0008270634640807268,0,TCS,5m,2026-02-05 08:35:00
2990.10009765625,2990.39990234375,2987.199951171875,2989.300048828125,40172,-0.00026756590147336556,-0.0018031530476489976,0.0008279239493135527,0.3,0.4,0,2993.5520916624373,2998.4696942448622,45.35314298161224,-1.669343173827201,-1.7487440795968185,3003.3914391644153,0.0008279239493135527,0,TCS,5m,2026-02-05 08:40:00
2989.300048828125,2990.0,2988.199951171875,2988.5,27082,-0.00026763751214553544,-0.002536663465347977,0.0008181337797342994,0.3,0.4,0,2993.0709400755386,2998.078725843103,41.50943396226415,-1.8791879320888256,-1.7748328500952202,3003.229580956704,0.0008181337797342994,0,TCS,5m,2026-02-05 08:45:00
2988.89990234375,2990.39990234375,2988.60009765625,2989.5,18988,0.00033461602810769264,-0.0021695594125500373,0.0008244560754228035,0.35,0.4,0,2992.730850544535,2997.7423052218046,45.62729171501508,-1.942408891614832,-1.8083480583991427,3003.1228990549203,0.0008244560754228035,0,TCS,5m,2026-02-05 08:50:00
2989.5,2993.0,2989.300048828125,2991.10009765625,31968,0.000535239222696049,0.00010032393447456656,0.0007406530499723687,0.4,0.35,0,2992.5755407456504,2997.4818264937435,47.03733509354118,-1.8421621506695374,-1.8151108768532218,3002.9680791299993,0.0007406530499723687,0,TCS,5m,2026-02-05 08:55:00
2991.10009765625,2992.699951171875,2990.0,2992.199951171875,24089,0.00036770869570257325,0.0005349606979812016,0.0007447883356604384,0.4,0.35,0,2992.5397703100525,2997.27469412818,49.28545893677685,-1.6548903535176578,-1.783066772186109,3002.8588505984317,0.0007447883356604384,0,TCS,5m,2026-02-05 09:00:00
2992.300048828125,2994.0,2992.0,2992.0,37679,-6.682413446224e-05,0.0008027502894556449,0.0007403451710470687,0.45,0.3,0,2992.4883636138575,2997.0678433780554,53.90623509889566,-1.5052588070275306,-1.7275051791543936,3002.7075036818874,0.0007403451710470687,0,TCS,5m,2026-02-05 09:05:00
2993.10009765625,2993.10009765625,2989.10009765625,2990.699951171875,23934,-0.00043450829817015535,-0.0003677042711062173,0.0007286411555707887,0.4,0.35,0,2992.318038619383,2996.818122115068,39.35167393810611,-1.4745797662144469,-1.6769200965664044,3002.597794682025,0.0007286411555707887,0,TCS,5m,2026-02-05 09:10:00
2991.39990234375,2991.89990234375,2988.0,2988.89990234375,25167,-0.0006018821204112346,-0.0013698956419144759,0.0007327727110782586,0.35,0.4,0,2991.992501831228,2996.5076036926635,30.697780048827568,-1.5773327915676418,-1.6570026355666518,3002.471324944737,0.0007327727110782586,0,TCS,5m,2026-02-05 09:15:00
2988.89990234375,2992.60009765625,2988.89990234375,2991.89990234375,25881,0.0010037137736353952,3.3375731665064023e-05,0.0007657828954371108,0.4,0.35,0,2991.9836828324205,2996.326909522118,42.10515044437305,-1.400545756826432,-1.605711259818608,3002.358999600447,0.0007657828954371108,0,TCS,5m,2026-02-05 09:20:00
2991.60009765625,2994.10009765625,2991.0,2993.5,22784,0.0005348098895274767,0.00026733345847507195,0.0007723492174300377,0.45,0.35,0,2992.1280939912376,2996.2160503251725,44.53767720493199,-1.1184336429919313,-1.508255736453273,3002.276928640897,0.0007723492174300377,0,TCS,5m,2026-02-05 09:25:00
2994.800048828125,2996.89990234375,2991.199951171875,2995.0,60761,0.0005010856856522139,0.0008019455541785625,0.0007798463384339633,0.45,0.35,0,2992.4016088492153,2996.168362077127,57.34616897692824,-0.7650018313775035,-1.3596049554381193,3002.098647064317,0.0007798463384339633,0,TCS,5m,2026-02-05 09:30:00
2994.699951171875,2996.0,2990.10009765625,2991.5,71804,-0.001168614357262121,0.0005016722408026641,0.0008008393423280906,0.45,0.35,0,2992.315741339766,2995.985289054495,46.120576257274244,-0.7585808754820391,-1.2394001394469032,3001.850494518384,0.0008008393423280906,0,TCS,5m,2026-02-05 09:35:00
2992.300048828125,2993.89990234375,2989.199951171875,2993.89990234375,105543,0.0008022404625604995,-0.00046744782210472735,0.0007141140490000583,0.4,0.4,0,2992.466613816336,2995.9035091834853,49.39261250753674,-0.5534602145180543,-1.1022121544611334,3001.5009037929995,0.0007141140490000583,0,TCS,5m,2026-02-05 09:40:00
2993.89990234375,2994.89990234375,2988.10009765625,2991.699951171875,128453,-0.0007348111973125571,-0.0018350460728686624,0.0007133967973098476,0.4,0.45,0,2992.3935983263873,2995.7386637712652,53.50844317853281,-0.5619405854281467,-0.9941578406545362,3001.0757903667704,0.0007133967973098476,0,TCS,5m,2026-02-05 09:45:00
2991.5,2994.199951171875,2985.10009765625,2990.0,132253,-0.0005682224820737769,-0.0018360874645301228,0.0007134334202765888,0.4,0.5,0,2992.1656365810168,2995.5136181331764,51.476693278393,-0.6977895098466433,-0.9348841744929577,3000.5985531379242,0.0007134334202765888,0,TCS,5m,2026-02-05 09:50:00
2990.199951171875,2992.0,2987.0,2991.699951171875,60858,0.0005685455424331298,-0.0014686246590416285,0.0007260048320878925,0.4,0.5,0,2992.12128558967,2995.3640625660664,56.50400452556048,-0.6606631946415291,-0.880039978522672,3000.40110876086,0.0007260048320878925,0,TCS,5m,2026-02-05 09:55:00
2955.39990234375,2956.10009765625,2936.0,2937.5,175029,-0.005922165820642977,-0.01864164898870413,0.0030433098863179215,0.4,0.5,0,2983.7205988613855,2991.5740539104677,14.829197024164259,-7.172254758347663,-2.5659450391989855,2943.2000325520835,0.0030433098863179215,0,TCS,5m,2026-02-06 03:50:00
2935.800048828125,2940.60009765625,2927.0,2927.89990234375,121069,-0.0032681183510637757,-0.022142826100232993,0.003071478382718399,0.35,0.55,0,2978.404342050182,2989.0770283588317,12.04245224554738,-10.692973525643538,-4.191350736487896,2938.5523993099987,0.003071478382718399,0,TCS,5m,2026-02-06 03:55:00
2927.89990234375,2941.39990234375,2918.699951171875,2941.0,197406,0.004474230026020987,-0.01642088761333993,0.0033142963890675186,0.4,0.55,0,2974.8420237596883,2987.1916546977013,23.87297696175301,-12.284492136836434,-5.809979016557604,2936.6113767911247,0.0033142963890675186,-1,TCS,5m,2026-02-06 04:00:00
2941.0,2942.800048828125,2931.199951171875,2936.10009765625,72156,-0.0016660667608806579,-0.01779679199240325,0.003316729160765858,0.45,0.5,0,2971.152316511742,2985.188064225488,23.023774772927396,-13.78228961591276,-7.404441136428636,2936.6226857843144,0.003316729160765858,-1,TCS,5m,2026-02-06 04:05:00
2936.10009765625,2937.0,2928.5,2931.89990234375,67339,-0.0014305354629607914,-0.01893929986824494,0.003315396887180521,0.45,0.55,0,2967.4139913528857,2983.098332386988,22.4903734216889,-15.13377285532124,-8.950307480207158,2936.180561289034,0.003315396887180521,-1,TCS,5m,2026-02-06 04:10:00
2931.89990234375,2935.699951171875,2926.699951171875,2927.699951171875,56104,-0.0014325015559083498,-0.020672369569535,0.003302873577659685,0.4,0.6,-1,2963.631701811837,2980.9258468491407,19.370266574415098,-16.355201437168944,-10.431286271599514,2935.6800746902527,0.003302873577659685,-1,TCS,5m,2026-02-06 04:15:00
2928.39990234375,2929.10009765625,2921.10009765625,2924.89990234375,67957,-0.0009563988369108989,-0.02213239047545512,0.003282238910031307,0.35,0.65,-1,2959.942959005353,2978.7287509861844,17.641463369693398,-17.349142808812303,-11.814857579042073,2934.724379778026,0.003282238910031307,-1,TCS,5m,2026-02-06 04:20:00
2925.199951171875,2930.5,2920.89990234375,2924.800048828125,80516,-3.413912234906391e-05,-0.022525200001207613,0.0032739152285260202,0.4,0.7,-1,2956.59601517895,2976.6138999211626,16.443570993438996,-17.938126297143754,-13.03951132266241,2933.8280275990132,0.0032739152285260202,-1,TCS,5m,2026-02-06 04:25:00
2925.0,2932.699951171875,2922.60009765625,2931.5,42849,0.0022907381906531743,-0.020220588235294157,0.003355756985940964,0.4,0.7,-1,2954.2059184952404,2974.844727375235,22.17063603504036,-17.6606884660614,-13.96374675134221,2933.5898107637595,0.003355756985940964,-1,TCS,5m,2026-02-06 04:30:00
2931.5,2935.800048828125,2930.699951171875,2931.199951171875,100793,-0.00010235334406449859,-0.01989500818251111,0.0033596033475354887,0.45,0.65,-1,2952.0148739882534,2973.133167524123,20.340595962092365,-17.26599675601983,-14.624196752277737,2933.4847093454314,0.0033596033475354887,-1,TCS,5m,2026-02-06 04:35:00
2930.800048828125,2934.0,2929.5,2934.0,34158,0.0009552568486519419,-0.018367929384553894,0.003387217331636696,0.45,0.65,-1,2950.299171703658,2971.5985335035693,22.859866101675465,-16.536636144986005,-15.006684630819391,2933.451582994384,0.003387217331636696,-1,TCS,5m,2026-02-06 04:40:00
2934.0,2943.10009765625,2932.39990234375,2940.5,99596,0.0022154055896386193,-0.017179686494018465,0.0034339693092926248,0.45,0.65,-1,2949.365917255691,2970.3789831700965,27.722791858763344,-15.25822955634112,-15.056993615923737,2933.917425610543,0.0034339693092926248,-1,TCS,5m,2026-02-06 04:45:00
2940.300048828125,2942.39990234375,2939.0,2942.0,84908,0.0005101173269852488,-0.01720394187406049,0.0034334456653032247,0.4,0.65,-1,2948.6644013265773,2969.2660818693084,27.592477220543003,-13.963087875137262,-14.838212467766443,2934.4280479469385,0.0034334456653032247,-1,TCS,5m,2026-02-06 04:50:00
2942.0,2942.0,2928.89990234375,2928.89990234375,77087,-0.004452786422926569,-0.02207014946786312,0.0035078432710509756,0.35,0.7,-1,2946.7820680901177,2967.6830944369335,35.05154062564671,-13.834274258451387,-14.637424825903432,2934.3579346100732,0.0035078432710509756,-1,TCS,5m,2026-02-06 04:55:00
2928.300048828125,2931.10009765625,2926.800048828125,2928.39990234375,31402,-0.00017071255989320466,-0.021093129753050333,0.0035140477859648663,0.35,0.7,-1,2945.0313856380826,2966.142577099946,43.52769578051745,-13.615582401977008,-14.43305634111815,2934.223739681228,0.0035140477859648663,-1,TCS,5m,2026-02-06 05:00:00
2929.300048828125,2929.89990234375,2924.199951171875,2924.89990234375,31066,-0.001195191953530239,-0.023046862704388937,0.0034866289397263175,0.35,0.7,-1,2943.114101514813,2964.525217305585,47.663558509910104,-13.568281575372112,-14.260101387968943,2934.0407327478856,0.0034866289397263175,-1,TCS,5m,2026-02-06 05:05:00
2925.300048828125,2925.60009765625,2920.10009765625,2921.60009765625,50864,-0.0011281769625195448,-0.023431445218350277,0.0034852172697734025,0.3,0.7,-1,2941.065148766378,2962.8418792801212,32.169175395607255,-13.63983051449486,-14.136047213274129,2933.61608035539,0.0034852172697734025,-1,TCS,5m,2026-02-06 05:10:00
2921.5,2923.800048828125,2920.699951171875,2922.300048828125,28463,0.00023957802179586096,-0.022642124137750796,0.003497328026392966,0.3,0.65,-1,2939.2779963913067,2961.2520035761213,36.25491807663688,-13.484611150928686,-14.005760000805042,2933.3883903703486,0.003497328026392966,0,TCS,5m,2026-02-06 05:15:00
2922.199951171875,2922.60009765625,2916.39990234375,2919.699951171875,67045,-0.0008897435625382366,-0.02406658460912736,0.0034749929103024815,0.3,0.7,-1,2937.413420656123,2959.6225113249748,37.44857207444805,-13.416744953751277,-13.88795699139429,2932.764703339031,0.0034749929103024815,0,TCS,5m,2026-02-06 05:20:00
2919.60009765625,2923.60009765625,2917.10009765625,2919.60009765625,30865,-3.419992372333258e-05,-0.011979662383671763,0.002306864353100842,0.35,0.65,-1,2935.716913703754,2958.0530049065937,40.8989910627582,-13.218641575969741,-13.75409390830938,2932.506972561118,0.002306864353100842,-1,TCS,5m,2026-02-06 05:25:00
2920.0,2921.800048828125,2917.60009765625,2919.89990234375,33118,0.00010268690144954462,-0.005991522606383026,0.0019393822985364678,0.35,0.6,0,2934.210531669468,2956.5568048060904,44.0475498459571,-12.888876543366223,-13.58105043532075,2932.2347208937426,0.0019393822985364678,0,TCS,5m,2026-02-06 05:30:00
2919.300048828125,2919.5,2916.300048828125,2918.89990234375,36199,-0.0003424774935597563,-0.0030738755764142534,0.0018096096462867093,0.35,0.6,0,2932.7523764955904,2955.0800635330575,43.123317607288996,-12.563403921886675,-13.377521132633934,2931.9151494355065,0.0018096096462867093,0,TCS,5m,2026-02-06 05:35:00
2919.199951171875,2919.39990234375,2916.0,2917.300048828125,47153,-0.0005481015345337736,-0.008058466906451844,0.0014456669205422119,0.3,0.6,-1,2931.280726241546,2953.5984943289427,31.216777435460216,-12.292854952778725,-13.160587896662893,2931.5008714514343,0.0014456669205422119,0,TCS,5m,2026-02-06 05:40:00
2917.89990234375,2923.699951171875,2917.10009765625,2923.60009765625,31873,0.0021595477745444125,-0.00425734804136213,0.001520947155985603,0.3,0.6,0,2930.5492378048507,2952.422086616288,41.32428108783019,-11.438228874421839,-12.816116092214683,2931.3087899069405,0.001520947155985603,0,TCS,5m,2026-02-06 05:45:00
2923.699951171875,2924.199951171875,2918.60009765625,2919.39990234375,54493,-0.0014366517896435838,-0.004263447053566738,0.0015212056125320935,0.35,0.55,0,2929.487396332365,2951.127098997757,33.849344813058366,-10.973358167026618,-12.447564507177072,2930.973642154214,0.0015212056125320935,0,TCS,5m,2026-02-06 05:50:00
2919.60009765625,2927.0,2919.300048828125,2924.39990234375,51434,0.0017126807451031123,-0.0011271813652912188,0.0015507316635482355,0.4,0.5,0,2929.0028730953536,2950.0789736387765,31.578712135602302,-10.08523031175082,-11.975097668091824,2930.758518669442,0.0015507316635482355,0,TCS,5m,2026-02-06 05:55:00
2924.800048828125,2926.89990234375,2921.199951171875,2926.10009765625,88358,0.0005813826320870685,0.00041033722608352363,0.0015417963969917633,0.4,0.45,0,2928.7264182916297,2949.1386255610305,31.890731533695927,-9.138844128850906,-11.40784696024364,2930.4721879191347,0.0015417963969917633,0,TCS,5m,2026-02-06 06:00:00
2925.39990234375,2929.800048828125,2924.89990234375,2929.5,49176,0.001161922774437274,0.001606930762244163,0.0015625752134803819,0.4,0.4,0,2928.800092740046,2948.3684833821667,50.87734327037022,-8.02200981991109,-10.730679532177131,2930.410204056879,0.0015625752134803819,0,TCS,5m,2026-02-06 06:05:00
2929.199951171875,2931.0,2928.60009765625,2930.0,53953,0.0001706775900325308,-0.0005116834385127111,0.0014742249055393337,0.4,0.4,0,2928.914369621946,2947.6481507005133,52.33934409845662,-7.01569222948865,-9.987682071639435,2930.3952614951195,0.0014742249055393337,0,TCS,5m,2026-02-06 06:10:00
2930.0,2933.0,2929.39990234375,2932.39990234375,42995,0.0008190792982081252,0.00040937199504087474,0.0014860165816231083,0.4,0.4,0,2929.246325119261,2947.0501801767186,61.329438838732514,-5.95587065709833,-9.181319788731214,2930.4210889175815,0.0014860165816231083,0,TCS,5m,2026-02-06 06:15:00
2932.39990234375,2933.0,2930.39990234375,2931.5,35991,-0.000306882544577447,-0.000852079072937939,0.0014710000323026955,0.4,0.35,0,2929.4609608221886,2946.4403691893963,66.12377332082133,-5.129440031996637,-8.3709438373843,2930.4424607195842,0.0014710000323026955,0,TCS,5m,2026-02-06 06:20:00
2931.300048828125,2934.89990234375,2930.199951171875,2934.300048828125,47704,0.0009551590749190542,-0.0021084683461570775,0.0013942182031064058,0.4,0.4,0,2929.921826346563,2945.9642781948364,68.29279185399113,-4.200130774963782,-7.536781224900196,2930.503904722679,0.0013942182031064058,0,TCS,5m,2026-02-06 06:25:00
2934.199951171875,2942.199951171875,2933.39990234375,2937.800048828125,88782,0.001192788720225657,-0.0014275836750085036,0.0014182102874542926,0.45,0.4,0,2930.672133249569,2945.6441123373183,76.85497775910284,-3.1449724593403516,-6.6584194717882275,2930.80132826988,0.0014182102874542926,0,TCS,5m,2026-02-06 06:30:00
2938.39990234375,2938.699951171875,2934.10009765625,2934.699951171875,46135,-0.001055244606414485,0.0019802823659094138,0.0010105499923097044,0.45,0.35,0,2931.055734956455,2945.214929546517,70.57203488488122,-2.52974256686457,-5.832684090803497,2930.905711271595,0.0010105499923097044,0,TCS,5m,2026-02-06 06:35:00
2935.10009765625,2936.0,2933.60009765625,2935.39990234375,28229,0.00023850859833074445,0.002390383907060478,0.0010089344777171882,0.45,0.35,0,2931.4694651838167,2944.8300265189578,70.88943288453693,-1.9630593089996182,-5.058759134442721,2930.9570274695175,0.0010089344777171882,0,TCS,5m,2026-02-06 06:40:00
2935.5,2937.0,2930.60009765625,2934.39990234375,55624,-0.00034066908539498453,0.0032479743981623788,0.0009675587740581492,0.5,0.35,0,2931.748554437144,2944.421002041499,70.88943288453693,-1.5764777330764446,-4.362302854169466,2931.0303682168565,0.0009675587740581492,0,TCS,5m,2026-02-06 06:45:00
2934.300048828125,2935.199951171875,2928.0,2928.5,64435,-0.0020105992843844067,0.002361686101148841,0.0010464218280795447,0.5,0.35,0,2931.439168300273,2943.796649020264,63.52646321686569,-1.7262823522046347,-3.8350987537765002,2931.0177731168055,0.0010464218280795447,0,TCS,5m,2026-02-06 06:50:00
2928.39990234375,2930.0,2926.699951171875,2928.39990234375,28941,-3.4180521171212064e-05,0.002087346752114305,0.0010465447711698569,0.5,0.4,0,2931.1497143996517,2943.1928550329494,56.81786655569427,-1.8319629084053304,-3.4344715847022664,2930.98582033987,0.0010465447711698569,0,TCS,5m,2026-02-06 06:55:00
2929.0,2930.0,2927.0,2928.39990234375,30197,0.0,0.0029797415204884103,0.0010206338407811118,0.5,0.35,0,2930.887827537185,2942.612739241216,64.51612903225806,-1.8938839947913948,-3.126354066720092,2930.95453386842,0.0010206338407811118,0,TCS,5m,2026-02-06 07:00:00
2928.300048828125,2931.60009765625,2928.199951171875,2928.60009765625,19911,6.836337903837197e-05,0.003082613953611313,0.0010199208877625181,0.5,0.35,0,2930.669948500906,2942.0632238849425,58.01558015580156,-1.9048449464348778,-2.8820522426630495,2930.9424492319176,0.0010199208877625181,0,TCS,5m,2026-02-06 07:05:00
2928.5,2929.0,2925.0,2926.10009765625,36016,-0.0008536501798250828,0.0021234273502057643,0.00104459245949422,0.5,0.4,0,2930.2347246109384,2941.437218934798,50.0,-2.0911551513245286,-2.7238728243953454,2930.881021413775,0.00104459245949422,0,TCS,5m,2026-02-06 07:10:00
2926.199951171875,2931.699951171875,2925.300048828125,2929.10009765625,43139,0.0010252554252683233,0.0034945341237326843,0.001058326997421721,0.55,0.35,0,2930.126664900968,2940.9534102572075,49.24830662481414,-1.9739776178184911,-2.5738937830799746,2930.8438411579136,0.001058326997421721,0,TCS,5m,2026-02-06 07:15:00
2929.300048828125,2929.800048828125,2927.0,2927.699951171875,24371,-0.0004780125081745856,0.003564906649875743,0.0010559199735218853,0.55,0.3,0,2929.895549307721,2940.433666763665,45.818130165747824,-1.9713689835657533,-2.4533888231771304,2930.818303780692,0.0010559199735218853,0,TCS,5m,2026-02-06 07:20:00
2927.5,2930.10009765625,2926.10009765625,2929.199951171875,42830,0.0005123475851409598,0.001915396541447123,0.0009524352975448573,0.55,0.35,0,2929.8293018662116,2939.9931288973203,43.98513147629755,-1.8272013187397533,-2.328151322289655,2930.7795320203254,0.0009524352975448573,0,TCS,5m,2026-02-06 07:25:00
2929.300048828125,2931.89990234375,2926.10009765625,2931.199951171875,73181,0.0006827802926869797,0.004041943283841221,0.0008886931468268843,0.55,0.35,0,2929.959839895322,2939.6482983982833,49.45840420937591,-1.5338824779928473,-2.169297553430294,2930.7508664879006,0.0008886931468268843,0,TCS,5m,2026-02-06 07:30:00
2931.39990234375,2933.300048828125,2928.60009765625,2929.60009765625,48702,-0.0005458015632763269,0.00177820937154749,0.0008280647709435179,0.55,0.35,0,2929.925578729696,2939.2542513103604,41.13224929752637,-1.4142177695030114,-2.0182815966448375,2930.7463755030412,0.0008280647709435179,0,TCS,5m,2026-02-06 07:35:00
2929.89990234375,2931.199951171875,2928.300048828125,2928.39990234375,33462,-0.00040967888875353964,0.0007859624109722851,0.0008267114143102799,0.55,0.4,0,2929.7802762167485,2938.8285905665716,30.578562421185367,-1.4000890026577508,-1.8946430778474201,2930.7287952613406,0.0008267114143102799,0,TCS,5m,2026-02-06 07:40:00
2928.5,2930.10009765625,2927.89990234375,2929.89990234375,22522,0.0005122251229414676,0.00013650873655923768,0.0007923401336208392,0.5,0.45,0,2929.7916691812247,2938.4784459303823,39.380583552084346,-1.2534059060967593,-1.766395643497288,2930.7172013334,0.0007923401336208392,0,TCS,5m,2026-02-06 07:45:00
2929.39990234375,2930.0,2925.699951171875,2925.699951171875,23614,-0.00143347940607641,-0.001467593456698002,0.0008537278936606121,0.45,0.5,0,2929.401981751763,2937.9773284888724,31.41796140570777,-1.45923826402759,-1.7049641676033487,2930.6869677219033,0.0008537278936606121,0,TCS,5m,2026-02-06 07:50:00
2925.699951171875,2925.800048828125,2925.199951171875,2925.39990234375,3595,-0.00010255625427513237,-0.0023871232550530808,0.0008275078835108434,0.4,0.55,0,2929.020831331952,2937.4840960910246,32.28373702422145,-1.6278089550883124,-1.6895331251003416,2930.680271894217,0.0008275078835108434,0,TCS,5m,2026-02-06 07:55:00
2927.300048828125,2928.10009765625,2926.0,2926.89990234375,52136,0.0005127504102253599,-0.0015691958574961529,0.0008379520188530718,0.45,0.55,0,2928.8188380949805,2937.069029669563,46.19033225603943,-1.6216713602780146,-1.6759607721358765,2930.6130639710145,0.0008379520188530718,0,TCS,5m,2026-02-06 08:00:00
2927.699951171875,2929.10009765625,2926.5,2927.300048828125,25996,0.0001367134161487371,-0.002385577440451425,0.0008041339681492372,0.45,0.5,0,2928.674191498137,2936.6859323816634,47.41824933808613,-1.5664616008007215,-1.6540609378688456,2930.586176951853,0.0008041339681492372,0,TCS,5m,2026-02-06 08:05:00
2926.800048828125,2929.60009765625,2924.199951171875,2924.300048828125,40856,-0.001024835155248649,-0.0045952752997553414,0.0007656912187983862,0.45,0.55,0,2928.2576064819455,2936.2002114579955,41.56427387351183,-1.7446709163004925,-1.672182933555175,2930.5225141088895,0.0007656912187983862,0,TCS,5m,2026-02-06 08:10:00
2924.199951171875,2927.0,2922.0,2926.5,52121,0.0007523000838292049,-0.0027941361325884984,0.0007698208579651301,0.45,0.6,0,2928.0902153884267,2935.819811008663,46.00746337931419,-1.6889166293631206,-1.6755296727167643,2930.4286471966197,0.0007698208579651301,0,TCS,5m,2026-02-06 08:15:00
2926.5,2930.5,2925.0,2929.60009765625,38516,0.0010593192059626944,-0.001975814158360234,0.0008117762038899551,0.5,0.55,0,2928.234013699648,2935.575900681117,56.50548173963551,-1.3786863450318378,-1.6161610071797792,2930.4022837663274,0.0008117762038899551,0,TCS,5m,2026-02-06 08:20:00
2929.300048828125,2930.800048828125,2925.89990234375,2929.39990234375,50985,-6.833537200523487e-05,-0.0017039259018535313,0.000809783128786567,0.5,0.5,0,2928.345050713372,2935.333704667887,50.62198630414523,-1.1358869010964554,-1.5201061859631146,2930.3739515203442,0.000809783128786567,0,TCS,5m,2026-02-06 08:25:00
2929.199951171875,2929.60009765625,2925.199951171875,2926.199951171875,34241,-0.0010923572330683307,-0.0007854016828154897,0.0007153879387651006,0.5,0.5,0,2928.1407555189435,2934.975518256279,47.10429077746777,-1.1879815966117349,-1.4536812680928388,2930.3366563933164,0.0007153879387651006,0,TCS,5m,2026-02-06 08:30:00
2926.0,2930.10009765625,2925.800048828125,2928.10009765625,53583,0.0006493563379406098,-0.00010237832860870988,0.0007317723663043291,0.55,0.45,0,2928.136883341544,2934.705893919023,47.90906643645511,-1.0636796402523032,-1.3756809425247316,2930.2969257670684,0.0007317723663043291,0,TCS,5m,2026-02-06 08:35:00
2927.699951171875,2928.39990234375,2923.800048828125,2925.0,39194,-0.0010587403274674445,-0.0011610102640110531,0.0007687621152374358,0.55,0.5,0,2927.838132547111,2934.3252706280805,38.68648258533586,-1.2014715998393513,-1.3408390739876554,2930.2408625055077,0.0007687621152374358,0,TCS,5m,2026-02-06 08:40:00
2924.60009765625,2928.699951171875,2923.5,2926.699951171875,64580,0.000581179887820582,-0.0006488241552322638,0.0007816359192178981,0.55,0.55,0,2927.729734320898,2934.026238492543,44.727146826700285,-1.160127638798258,-1.304696786949776,2930.162674491261,0.0007816359192178981,0,TCS,5m,2026-02-06 08:45:00
2926.89990234375,2929.39990234375,2924.60009765625,2924.60009765625,28157,-0.0007174816519145422,-0.0005126277126341616,0.0007746657109941631,0.6,0.5,0,2927.4316736861692,2933.6565859107277,43.31029502785228,-1.282024500895659,-1.3001623297389526,2930.128690229379,0.0007746657109941631,0,TCS,5m,2026-02-06 08:50:00
2925.89990234375,2927.10009765625,2924.300048828125,2925.0,28039,0.0001367374445724323,-0.001399780656021532,0.000735743633367634,0.55,0.55,0,2927.200085716058,2933.317111953444,41.02591618822772,-1.331016732941407,-1.3063332103794436,2930.0892130747857,0.000735743633367634,0,TCS,5m,2026-02-06 08:55:00
2925.10009765625,2926.5,2923.60009765625,2925.800048828125,31787,0.0002735209668802696,-0.0006489402518825571,0.000732982891659978,0.55,0.6,0,2927.066748869588,2933.022325164216,50.20940590013892,-1.2904111195316545,-1.3031487922098859,2930.043675131005,0.000732982891659978,0,TCS,5m,2026-02-06 09:00:00
2925.699951171875,2928.300048828125,2923.699951171875,2928.0,37100,0.0007519143944085815,-0.00040965150617144896,0.0007442215646644011,0.55,0.55,0,2927.155629929627,2932.825371236208,55.038891727701134,-1.0683973845507353,-1.2561985106780558,2930.006609019857,0.0007442215646644011,0,TCS,5m,2026-02-06 09:05:00
2927.699951171875,2930.0,2927.10009765625,2929.10009765625,34172,0.0003757164126536594,-0.0007163801687378735,0.0007320227467003119,0.55,0.55,0,2927.3408173321627,2932.67928207621,54.331026528258356,-0.7945224528330073,-1.163863299109046,2929.9938659803474,0.0007320227467003119,0,TCS,5m,2026-02-06 09:10:00
2929.199951171875,2934.300048828125,2928.89990234375,2930.89990234375,57326,0.0006144565318679795,0.00044367990311711125,0.0007354265632460084,0.55,0.55,0,2927.679777809457,2932.6095024788583,56.716132382279795,-0.4273195260993816,-1.0165545445071131,2930.0165340610683,0.0007354265632460084,0,TCS,5m,2026-02-06 09:15:00
2930.89990234375,2934.0,2930.10009765625,2932.39990234375,68854,0.0005117882049812117,0.001365933661177321,0.0007357945596329112,0.55,0.5,0,2928.12931347939,2932.6012828657167,66.00758474944271,-0.015097067534952657,-0.8162630491126811,2930.0583494557377,0.0007357945596329112,0,TCS,5m,2026-02-06 09:20:00
2932.89990234375,2939.89990234375,2932.199951171875,2937.0,93321,0.001568714298678442,0.0024233243089875067,0.0008040817299928302,0.6,0.45,0,2928.974140767067,2932.773781576865,68.95293495505024,0.6750006497027243,-0.5180103093496,2930.2203558776514,0.0008040817299928302,0,TCS,5m,2026-02-06 09:25:00
2937.60009765625,2938.5,2936.300048828125,2938.39990234375,127892,0.0004766436308307753,0.004340824891078787,0.0007185794622378382,0.6,0.4,0,2929.871832345799,2932.9944137638017,66.92270132211539,1.3196563057326784,-0.15047698633314432,2930.4757876220824,0.0007185794622378382,0,TCS,5m,2026-02-06 09:30:00
2938.39990234375,2946.0,2937.699951171875,2944.60009765625,153909,0.0021100583714130927,0.006563272015261079,0.0008287038049409739,0.65,0.35,0,2931.2745242801275,2933.449538622329,73.75030517578125,2.3042920576858705,0.34047682247065864,2930.958904871398,0.0008287038049409739,0,TCS,5m,2026-02-06 09:35:00
2944.60009765625,2944.800048828125,2941.10009765625,2942.5,123476,-0.0007132030111394183,0.005329904737691349,0.0008590623946717163,0.6,0.35,0,2932.34361720583,2933.8044586763554,76.37535850577164,2.8819414285721905,0.848769743690965,2931.3208955719742,0.0008590623946717163,0,TCS,5m,2026-02-06 09:40:00
2942.60009765625,2945.0,2941.5,2942.0,141741,-0.00016992353440947738,0.005021675580458407,0.0008642153438609786,0.6,0.35,0,2933.2632727100367,2934.1258524537534,73.5591565148305,3.261787044752964,1.331373203903365,2931.71120113902,0.0008642153438609786,1,TCS,5m,2026-02-06 09:45:00
2942.0,2943.800048828125,2940.5,2943.5,123445,0.0005098572399728774,0.006565657029472538,0.0008115115628755361,0.55,0.35,0,2934.238199118605,2934.493466083018,83.154237911059,3.641873643814961,1.7934732918856844,2932.0234914116145,0.0008115115628755361,0,TCS,5m,2026-02-06 09:50:00
2943.800048828125,2945.0,2938.0,2941.60009765625,131547,-0.0006454568859350918,0.005159780507859146,0.0008329145341372576,0.6,0.35,0,2934.9393323126665,2934.7721575172627,76.51285437500543,3.7466002949313406,2.184098692494816,2932.305515258475,0.0008329145341372576,0,TCS,5m,2026-02-06 09:55:00
2956.199951171875,2957.89990234375,2947.199951171875,2948.60009765625,71635,-0.00287443769885809,0.006554310081439585,0.001577132995605543,0.55,0.4,0,2938.149901989507,2936.1556977048053,73.7903741841486,5.286699200992189,3.258750527679132,2951.2333170572915,0.001577132995605543,0,TCS,5m,2026-02-09 03:50:00
2949.10009765625,2949.300048828125,2938.5,2948.199951171875,77539,-0.00013570727501943658,0.007518283222986755,0.001545991474173817,0.55,0.4,0,2939.1070495306844,2936.6280213701807,72.7640380302098,5.401586165502522,3.6873176552438105,2948.1665705869145,0.001545991474173817,0,TCS,5m,2026-02-09 03:55:00
2948.300048828125,2954.89990234375,2942.39990234375,2944.300048828125,67907,-0.0013228079534428616,0.005532581070176512,0.0015898910791726719,0.55,0.4,0,2939.6016208923456,2936.928885192061,66.01178970391439,5.11893746166561,3.9736416165281705,2947.864193941252,0.0015898910791726719,0,TCS,5m,2026-02-09 04:00:00
2944.300048828125,2946.89990234375,2937.5,2941.60009765625,66089,-0.0009170095191044503,0.005675247061965871,0.0015839281951015164,0.55,0.4,0,2939.7919520127175,2937.112069994578,61.904761904761905,4.623772857066342,4.103667864635805,2946.4955506761344,0.0015839281951015164,0,TCS,5m,2026-02-09 04:05:00
2941.699951171875,2945.0,2941.60009765625,2943.39990234375,25527,0.0006118454676875551,0.0057060687636216745,0.001584245630009431,0.5,0.35,0,2940.1355663299587,2937.35865165533,61.904761904761905,4.32670497546269,4.148275286801182,2946.2340582673655,0.001584245630009431,0,TCS,5m,2026-02-09 04:10:00
2943.39990234375,2950.39990234375,2942.199951171875,2949.89990234375,30991,0.002208330575408368,0.008650688587398703,0.0016213839063783581,0.5,0.35,0,2941.065503093177,2937.8504654078174,65.21739130434783,4.56317082348869,4.231254394138683,2946.349547416767,0.0016213839063783581,0,TCS,5m,2026-02-09 04:15:00
2949.60009765625,2949.60009765625,2944.5,2944.89990234375,15909,-0.0016949727670513282,0.006803385416666696,0.0016892532728712457,0.5,0.3,0,2941.4306839741844,2938.1269139151086,56.82203425564391,4.297573743469002,4.244518264004747,2946.348822017359,0.0016892532728712457,0,TCS,5m,2026-02-09 04:20:00
2944.300048828125,2947.0,2944.300048828125,2946.800048828125,16873,0.0006452329611823515,0.007177523976189315,0.0016905227544827279,0.5,0.3,0,2941.942052055512,2938.4670368528737,57.19188819725175,4.1920883006860095,4.234032271341,2946.3345317622666,0.0016905227544827279,0,TCS,5m,2026-02-09 04:25:00
2946.699951171875,2949.89990234375,2946.199951171875,2948.699951171875,19626,0.0006447340546589242,0.007069655454875257,0.001689381190645704,0.5,0.3,0,2942.5856614951654,2938.8683276104816,53.789153989521324,4.213229086034062,4.229871634279613,2946.4312397161843,0.001689381190645704,0,TCS,5m,2026-02-09 04:30:00
2948.699951171875,2952.0,2946.5,2947.89990234375,21070,-0.00027132256295081536,0.006418286866516798,0.0016951221757796316,0.5,0.3,0,2943.091779671221,2939.2225070117865,55.11356280170898,4.117956813780438,4.207488670179778,2946.552036425758,0.0016951221757796316,0,TCS,5m,2026-02-09 04:35:00
2947.39990234375,2947.39990234375,2945.10009765625,2945.699951171875,10841,-0.000746277433004372,0.005049660282253177,0.001709979284702099,0.45,0.35,0,2943.3401769569978,2939.4765244298296,53.39446582239921,3.82089033247712,4.130169002639247,2946.5396260881766,0.001709979284702099,0,TCS,5m,2026-02-09 04:40:00
2945.39990234375,2947.300048828125,2944.89990234375,2946.39990234375,25667,0.00023761794598131658,0.0047742465101061615,0.0017088963319020663,0.45,0.4,0,2943.6315793747835,2939.748029446062,52.700110023004804,3.6004395892409775,4.0242231199595935,2946.520237740003,0.0017088963319020663,0,TCS,5m,2026-02-09 04:45:00
2945.699951171875,2945.699951171875,2943.39990234375,2945.5,27123,-0.00030542437332903294,0.0028941096356827067,0.0016833696744065903,0.4,0.45,0,2943.809524196233,2939.9735969187655,53.700117669949684,3.31490403832413,3.8823593036325006,2946.4261701754263,0.0016833696744065903,0,TCS,5m,2026-02-09 04:50:00
2944.800048828125,2945.800048828125,2942.89990234375,2945.0,16637,-0.00016975046681377837,0.0022461536467468513,0.0016828895091100398,0.45,0.5,0,2943.9229028442105,2940.1707107650886,33.95200041445946,3.013531124775909,3.708593667861183,2946.3634731771253,0.0016828895091100398,0,TCS,5m,2026-02-09 04:55:00
2945.300048828125,2950.0,2945.300048828125,2948.60009765625,31065,0.0012224440258914449,0.0013584187554649407,0.001638587306546393,0.45,0.5,0,2944.3683499691665,2940.501274956899,50.0,3.030257787596838,3.572926491808314,2946.458429931282,0.001638587306546393,0,TCS,5m,2026-02-09 05:00:00
2947.0,2950.89990234375,2947.0,2949.60009765625,19381,0.00033914398931034206,0.00241294737680553,0.0016290107853370605,0.5,0.5,0,2944.8666116536506,2940.8580915333446,52.09604912101165,3.088601950346856,3.4760615835160227,2946.5549371317093,0.0016290107853370605,0,TCS,5m,2026-02-09 05:05:00
2949.10009765625,2950.60009765625,2948.5,2949.5,16822,-3.39360092677099e-05,0.0025492861998639427,0.001628012702587871,0.45,0.5,0,2945.307886734255,2941.1969899045857,58.78374477280788,3.0911304477258454,3.3990753563579874,2946.6442949875664,0.001628012702587871,0,TCS,5m,2026-02-09 05:10:00
2949.5,2951.89990234375,2949.199951171875,2950.0,21990,0.0001695202576708077,0.002208255478172161,0.0016255943924060239,0.5,0.45,0,2945.7547546643264,2941.5422059867587,65.32834358014792,3.097770946267701,3.3388144743399306,2946.784770366485,0.0016255943924060239,0,TCS,5m,2026-02-09 05:15:00
2950.199951171875,2953.0,2950.0,2952.800048828125,27946,0.0009491690942795561,0.0038074350013785896,0.0016256171133760494,0.5,0.4,0,2946.4257350608787,2941.983690019754,66.54946830916296,3.29103710154277,3.3292589997804987,2947.02039637653,0.0016256171133760494,0,TCS,5m,2026-02-09 05:20:00
2952.699951171875,2954.699951171875,2952.60009765625,2953.89990234375,30416,0.0003724781554583778,-0.001082207299995197,0.0011063985025833373,0.5,0.4,0,2947.1375605163903,2942.450992463832,58.69565217391305,3.4926893600381845,3.361945071832036,2947.3389033906446,0.0011063985025833373,0,TCS,5m,2026-02-09 05:25:00
2954.0,2954.300048828125,2952.5,2953.89990234375,22382,0.0,0.0017973969042843763,0.0008852776283393138,0.5,0.4,0,2947.781593071377,2942.899969321868,75.0,3.610876293502315,3.411731316166092,2947.549005696449,0.0008852776283393138,0,TCS,5m,2026-02-09 05:30:00
2953.800048828125,2954.89990234375,2952.60009765625,2953.60009765625,29508,-0.00010149453177543677,0.0018316757933016792,0.0008848511514280693,0.55,0.35,0,2948.3357363651744,2943.319582197726,70.7322882705849,3.638407262958026,3.457066505524479,2947.8109381187746,0.0008848511514280693,0,TCS,5m,2026-02-09 05:35:00
2953.60009765625,2957.39990234375,2953.39990234375,2954.10009765625,45877,0.00016928493481449536,0.0033284816987404486,0.0008198078691245055,0.55,0.35,0,2948.8847231548007,2943.742347509825,68.00078126271586,3.658399820075374,3.4973331684346585,2948.2552701900063,0.0008198078691245055,0,TCS,5m,2026-02-09 05:40:00
2953.39990234375,2954.5,2950.0,2952.699951171875,20471,-0.00047396717717385073,0.0037734066994588034,0.0007945876790690412,0.55,0.35,0,2949.2480782040457,2944.093626084807,65.38491634975037,3.5206797413416098,3.502002483016049,2948.3670143289587,0.0007945876790690412,0,TCS,5m,2026-02-09 05:45:00
2952.800048828125,2952.800048828125,2950.0,2951.89990234375,21624,-0.00027095500435370123,0.002887816906303353,0.0007943606227795403,0.55,0.35,0,2949.5006328840177,2944.39975456555,71.83088905317814,3.308836129363044,3.463369212285448,2948.455614037759,0.0007943606227795403,0,TCS,5m,2026-02-09 05:50:00
2952.0,2952.0,2950.0,2950.0,16737,-0.0006436201790722684,3.393256027783842e-05,0.0006466179884312204,0.5,0.35,0,2949.548191656969,2944.6193720335677,61.68870287580456,2.953595093930744,3.3614143886145076,2948.502008131243,0.0006466179884312204,0,TCS,5m,2026-02-09 05:55:00
2950.0,2950.10009765625,2948.0,2949.0,29743,-0.0003389830508474523,0.0013922706347291314,0.0005175388717192422,0.5,0.4,0,2949.4959829277336,2944.7911613655847,61.29032258064516,2.5618410622514602,3.201499723341898,2948.5211092311793,0.0005175388717192422,0,TCS,5m,2026-02-09 06:00:00
2949.0,2954.199951171875,2948.60009765625,2953.89990234375,20845,0.001661547081637904,0.0024093434905596567,0.0006173026265533193,0.55,0.35,0,2949.915403824497,2945.14836689414,72.36167341430499,2.6165918960518866,3.0845181578838963,2948.6123344515295,0.0006173026265533193,0,TCS,5m,2026-02-09 06:05:00
2953.699951171875,2956.300048828125,2952.300048828125,2952.300048828125,30967,-0.0005416072204598166,0.0012209101352680385,0.0006212638745042935,0.55,0.35,0,2950.1425128724613,2945.4288250091986,60.33525648894526,2.50204549512182,2.9680236253314813,2948.7891831431175,0.0006212638745042935,0,TCS,5m,2026-02-09 06:10:00
2952.0,2956.60009765625,2950.199951171875,2954.5,29205,0.00074516517138834,0.0022389151175052913,0.0006340760140184882,0.55,0.4,0,2950.5575116465125,2945.784557361779,62.82723182329482,2.5592825053104207,2.886275401327269,2948.949207142826,0.0006340760140184882,0,TCS,5m,2026-02-09 06:15:00
2954.10009765625,2954.5,2952.800048828125,2953.10009765625,12679,-0.0004738203905060301,0.0025121861041654814,0.0006173721686347148,0.55,0.35,0,2950.799662695059,2946.0714412948955,58.824022212647805,2.4632875826769123,2.8016778375971976,2949.0113914722897,0.0006173721686347148,0,TCS,5m,2026-02-09 06:20:00
2952.89990234375,2952.89990234375,2951.0,2951.300048828125,10960,-0.0006095454839317727,0.001663096201054426,0.0006380024285159944,0.55,0.35,0,2950.8473185172556,2946.276484727571,52.99557835757923,2.2164125933827563,2.6846247887543098,2949.043398596797,0.0006380024285159944,0,TCS,5m,2026-02-09 06:25:00
2952.10009765625,2953.5,2952.10009765625,2952.60009765625,10986,0.0004405003919005779,0.002410489783143843,0.0006358825763004156,0.6,0.3,0,2951.0142498638265,2946.524469548304,49.505058196453824,2.1014413533771403,2.567988101678876,2949.086385558351,0.0006358825763004156,0,TCS,5m,2026-02-09 06:30:00
2952.699951171875,2956.0,2952.39990234375,2955.800048828125,20046,0.001083773984297709,0.003667249177631504,0.0006667862582940917,0.6,0.25,0,2951.4700402413787,2946.8882177553555,54.26050208563702,2.2426828815750923,2.5029270576581197,2949.2039229578177,0.0006667862582940917,0,TCS,5m,2026-02-09 06:35:00
2955.89990234375,2955.89990234375,2954.5,2955.89990234375,19940,3.37822295064516e-05,0.0024756848829050604,0.000620664184646616,0.55,0.25,0,2951.891931870176,2947.241617150979,54.464402493787325,2.3357500814768173,2.4694916624218592,2949.3302811593576,0.000620664184646616,0,TCS,5m,2026-02-09 06:40:00
2956.0,2956.0,2953.60009765625,2953.699951171875,18132,-0.0007442576692568981,0.0013899692771515149,0.000647577142745327,0.55,0.3,0,2952.0641241846233,2947.4948851517984,50.20546362439843,2.2065530639115423,2.416903942719796,2949.4227031566647,0.000647577142745327,0,TCS,5m,2026-02-09 06:45:00
2953.800048828125,2956.89990234375,2953.10009765625,2956.5,22647,0.0009479801179581582,0.0023732836073910857,0.0006759122231699289,0.6,0.35,0,2952.4865885479926,2947.8480269105517,54.51116087818488,2.3035501439721884,2.3942331829702743,2949.557135798111,0.0006759122231699289,0,TCS,5m,2026-02-09 06:50:00
2956.5,2956.5,2950.10009765625,2950.39990234375,16544,-0.002063283496110291,0.00013556011652537947,0.0008331835034805786,0.55,0.4,0,2952.287856528541,2947.9481004569516,46.32574900743353,1.8666762467241824,2.288721795721056,2949.601283964081,0.0008331835034805786,0,TCS,5m,2026-02-09 06:55:00
2950.5,2950.89990234375,2949.10009765625,2949.699951171875,17398,-0.00023723942348252702,-0.001049884043953564,0.0008043155642527286,0.5,0.45,0,2952.0413893517157,2948.016800484988,46.474376530795894,1.447286903297936,2.120434817236432,2949.6061970371024,0.0008043155642527286,0,TCS,5m,2026-02-09 07:00:00
2949.699951171875,2950.199951171875,2947.60009765625,2949.60009765625,26850,-3.385209251038912e-05,-0.0014556365583303643,0.0007981315773194829,0.45,0.5,0,2951.8088853807194,2948.0788905701356,49.31988041853513,1.0942466882183908,1.9151971914328236,2949.5944921339715,0.0007981315773194829,0,TCS,5m,2026-02-09 07:05:00
2949.800048828125,2951.0,2948.10009765625,2949.39990234375,57126,-6.787201853530878e-05,-0.0015234097798741963,0.0007979512285756523,0.5,0.45,0,2951.5794584248174,2948.1306949534146,50.699139520590045,0.7892081849427086,1.6899993901348007,2949.5897642208956,0.0007979512285756523,0,TCS,5m,2026-02-09 07:10:00
2949.39990234375,2949.89990234375,2947.10009765625,2948.60009765625,14939,-0.0002711753963456909,-0.0016928493481455087,0.0007991385839516659,0.45,0.5,0,2951.295709780192,2948.1491029025456,39.183856502242165,0.47742199579533917,1.4474839112669087,2949.5761201640994,0.0007991385839516659,0,TCS,5m,2026-02-09 07:15:00
2948.300048828125,2949.10009765625,2946.10009765625,2947.60009765625,12555,-0.00033914398931034206,-0.0022003316695859976,0.0007987303460962492,0.4,0.55,0,2950.9437467207686,2948.127573285044,40.16732554932426,0.14793228069947872,1.1875735851534228,2949.5549016862437,0.0007987303460962492,0,TCS,5m,2026-02-09 07:20:00
2947.300048828125,2947.89990234375,2945.699951171875,2947.0,10120,-0.00020358855895241668,-0.0019304200447501918,0.0007945197818097881,0.4,0.55,0,2950.568151794981,2948.0833547248462,33.183709218305225,-0.15977180804429736,0.9181045065138789,2949.5318332344987,0.0007945197818097881,0,TCS,5m,2026-02-09 07:25:00
2947.39990234375,2947.699951171875,2944.10009765625,2945.89990234375,20663,-0.00037329408084496585,-0.002032589247093375,0.0007960318586728782,0.4,0.6,0,2950.1235566091495,2947.9977291412742,33.63591974431819,-0.4867868266978803,0.6371262398715271,2949.469295708239,0.0007960318586728782,0,TCS,5m,2026-02-09 07:30:00
2946.0,2947.0,2944.39990234375,2947.0,13294,0.00037343348135321364,-0.0010169491525423568,0.0007920481844583576,0.4,0.6,0,2949.8260750273257,2947.958602508283,39.90601180583415,-0.6496906684296846,0.3797628582112847,2949.4327433230264,0.0007920481844583576,0,TCS,5m,2026-02-09 07:35:00
2947.0,2950.0,2945.60009765625,2949.5,30346,0.0008483203257549921,0.00016954899966092896,0.0008134983911436487,0.45,0.55,0,2949.7950202628185,2948.0190494687427,43.11089409722223,-0.5704878017700139,0.18971272621502497,2949.406730790128,0.0008134983911436487,0,TCS,5m,2026-02-09 07:40:00
2949.39990234375,2949.699951171875,2948.199951171875,2949.699951171875,9742,6.779154835556689e-05,-0.0014218325978285762,0.0007151992380527016,0.4,0.55,0,2949.785966063681,2948.084967182591,34.35872395833334,-0.4859824674367701,0.05457368748466597,2949.405123578396,0.0007151992380527016,0,TCS,5m,2026-02-09 07:45:00
2949.60009765625,2949.699951171875,2948.39990234375,2949.10009765625,13249,-0.00020336085891947686,-0.0010838841306611835,0.0007074396694755469,0.35,0.55,0,2949.7206452629734,2948.1247762207736,33.00048828125,-0.4620878851751513,-0.04875862704729749,2949.401583132642,0.0007074396694755469,0,TCS,5m,2026-02-09 07:50:00
2949.0,2949.699951171875,2947.5,2948.0,53300,-0.0003730282526267503,-0.002200033846674554,0.0006847811079053642,0.3,0.55,0,2949.5567742855474,2948.119883035645,34.920880966221006,-0.5258581778034568,-0.14417853719852936,2949.3611375870996,0.0006847811079053642,0,TCS,5m,2026-02-09 07:55:00
2948.0,2949.699951171875,2947.699951171875,2948.89990234375,14843,0.0003052585969300914,-0.001422300353392525,0.0006851484348619436,0.3,0.55,0,2949.4942150529955,2948.15047202812,27.64677159926471,-0.4980408904430078,-0.21495100784742505,2949.3545261971294,0.0006851484348619436,0,TCS,5m,2026-02-09 08:00:00
2948.89990234375,2949.0,2948.199951171875,2948.699951171875,10947,-6.780534385586456e-05,-0.0008810007838011558,0.0006733411996896608,0.3,0.5,0,2949.4185708738414,2948.172020229836,42.342461233916204,-0.4865215606041602,-0.2692651183987721,2949.348659255645,0.0006733411996896608,0,TCS,5m,2026-02-09 08:05:00
2948.699951171875,2948.699951171875,2948.0,2948.60009765625,9801,-3.386357285528607e-05,-0.0013547381520359059,0.0006636672260095888,0.25,0.55,0,2949.3406210435946,2948.1888075798915,44.76248052642593,-0.47991756199871816,-0.3113956071187613,2949.342041168237,0.0006636672260095888,0,TCS,5m,2026-02-09 08:10:00
2948.60009765625,2949.0,2946.60009765625,2947.5,16212,-0.0003730915077715391,-0.00280805490595204,0.0006082872224217428,0.25,0.6,0,2949.1653238013478,2948.161795517935,40.869140625,-0.5570314210026481,-0.36052276989553866,2949.3226348675275,0.0006082872224217428,0,TCS,5m,2026-02-09 08:15:00
2947.300048828125,2947.5,2946.0,2946.39990234375,12727,-0.0003732307569974669,-0.0032139112669097303,0.0006089606972983715,0.25,0.65,0,2948.9019503291956,2948.092701667967,37.90313053750738,-0.6988574036727186,-0.4281896966509747,2949.2979124633853,0.0006089606972983715,0,TCS,5m,2026-02-09 08:20:00
2946.5,2948.39990234375,2946.10009765625,2948.10009765625,21140,0.0005770415995287603,-0.001895877580051164,0.0006139789629131108,0.25,0.6,0,2948.8255834079628,2948.0929917067233,48.12034215646683,-0.6663823235285236,-0.47582822202648456,2949.2713739451747,0.0006139789629131108,0,TCS,5m,2026-02-09 08:25:00
2948.0,2948.10009765625,2942.699951171875,2943.60009765625,49847,-0.0015264067877401866,-0.004363234345932665,0.0006414992813071052,0.2,0.6,0,2948.327918098276,2947.916799783175,38.09544569419014,-0.9923191430907536,-0.5791264062393384,2949.118237282523,0.0006414992813071052,0,TCS,5m,2026-02-09 08:30:00
2943.60009765625,2946.10009765625,2940.300048828125,2944.800048828125,16040,0.00040764748337607237,-0.0018979981361769704,0.0004867760256187779,0.2,0.6,0,2947.9919305487374,2947.794574255526,43.67835444991651,-1.140651667291877,-0.6914314584498462,2949.059539602033,0.0004867760256187779,0,TCS,5m,2026-02-09 08:35:00
2944.699951171875,2944.699951171875,2939.699951171875,2939.89990234375,70837,-0.0016639997293959041,-0.0033223883752080408,0.0006000954040537802,0.2,0.6,0,2947.221261195881,2947.484979278594,35.84918697314478,-1.6347626047531776,-0.8800976877105126,2948.7092743299463,0.0006000954040537802,0,TCS,5m,2026-02-09 08:40:00
2939.89990234375,2943.300048828125,2939.800048828125,2942.199951171875,27133,0.0007823561701170156,-0.0025088643339329364,0.0006362359036825879,0.2,0.55,0,2946.7430411935948,2947.2777232744093,39.28567536048653,-1.819777106733909,-1.0680335715151918,2948.5892497277214,0.0006362359036825879,0,TCS,5m,2026-02-09 08:45:00
2942.199951171875,2943.0,2941.10009765625,2942.0,21163,-6.795974957285456e-05,-0.002508951850805241,0.0006362354864766697,0.15,0.55,0,2946.291322984681,2947.0707537342364,31.343374225677152,-1.959943808814387,-1.246415618975031,2948.5020244589705,0.0006362354864766697,0,TCS,5m,2026-02-09 08:50:00
2942.0,2942.199951171875,2941.10009765625,2941.300048828125,22118,-0.00023791678173856745,-0.002475767681730634,0.0006358777967062551,0.15,0.5,0,2945.8159635411994,2946.8444515810556,29.611984166488895,-2.1032620442829284,-1.4177849040366106,2948.406452279298,0.0006358777967062551,0,TCS,5m,2026-02-09 08:55:00
2941.89990234375,2941.89990234375,2940.0,2941.10009765625,24163,-6.79805421262003e-05,-0.002205183805350175,0.0006339311658513526,0.15,0.5,0,2945.3668334569184,2946.619182799691,30.19821126420112,-2.2075301337108613,-1.5757339499714607,2948.297122383504,0.0006339311658513526,0,TCS,5m,2026-02-09 09:00:00
2941.800048828125,2942.699951171875,2939.5,2942.39990234375,37657,0.0004419450696477867,-0.001560942536901977,0.0006452576792184205,0.2,0.5,0,2945.0842685889975,2946.4537208210263,36.27420474401014,-2.1603764949863944,-1.6926624589744474,2948.1450189657144,0.0006452576792184205,0,TCS,5m,2026-02-09 09:05:00
2941.800048828125,2945.39990234375,2941.0,2945.0,22354,0.0008836656275643673,-0.00030547621222098975,0.0006754789119026903,0.25,0.45,0,2945.0762430090927,2946.396712161378,41.17673051854798,-1.891397888137817,-1.7324095448071215,2948.08778008776,0.0006754789119026903,0,TCS,5m,2026-02-09 09:10:00
2944.89990234375,2945.199951171875,2943.60009765625,2945.0,13719,0.0,-0.000678656260604038,0.0006693080101504687,0.25,0.45,0,2945.0689817701314,2946.341939135442,41.55267939756752,-1.6591052715107253,-1.7177486901478425,2948.0598087370104,0.0006693080101504687,0,TCS,5m,2026-02-09 09:15:00
2945.0,2945.800048828125,2943.60009765625,2943.89990234375,18914,-0.0003735475912564068,-0.0018986599953382255,0.0006396670211399145,0.25,0.45,0,2944.957640872381,2946.2461729867478,39.73773987206823,-1.5459595271131548,-1.6833908575409051,2948.0201503947305,0.0006396670211399145,0,TCS,5m,2026-02-09 09:20:00
2943.699951171875,2944.300048828125,2943.39990234375,2943.89990234375,10404,0.0,-0.001966318243935561,0.000638939170730692,0.25,0.5,0,2944.8569038696546,2946.154162373297,41.74300624902009,-1.4396948039857307,-1.6346516468298702,2947.9953143923244,0.000638939170730692,0,TCS,5m,2026-02-09 09:25:00
2945.0,2947.10009765625,2945.0,2947.10009765625,30925,0.0010870598249459462,-0.0006781729794758107,0.0006908111372118825,0.3,0.5,0,2945.07054137314,2946.1912578745896,51.46481980877667,-1.0847459526294188,-1.52467050798978,2947.9674563334816,0.0006908111372118825,0,TCS,5m,2026-02-09 09:30:00
2947.199951171875,2948.0,2944.89990234375,2944.89990234375,53607,-0.0007465628039745598,-0.0010515935061906623,0.0007053643776398008,0.35,0.5,0,2945.0542900370074,2946.1406164812233,43.44232770351397,-0.9698045019640631,-1.4136973067846368,2947.9076876751747,0.0007053643776398008,0,TCS,5m,2026-02-09 09:35:00
2945.300048828125,2946.60009765625,2943.0,2943.39990234375,60329,-0.0005093551732627821,-0.0018651023032788538,0.0007071438997816148,0.35,0.55,0,2944.896729304316,2946.03313749544,49.53226248060601,-0.9883568753525651,-1.3286292204982224,2947.7932796778186,0.0007071438997816148,0,TCS,5m,2026-02-09 09:40:00
2943.300048828125,2944.60009765625,2943.0,2944.199951171875,43844,0.0002718111213797503,-0.00152609627107414,0.0007118453003035319,0.35,0.55,0,2944.830369482179,2945.9612478356926,48.57122927759306,-0.9278073254745323,-1.2484648414934845,2947.705532024964,0.0007118453003035319,0,TCS,5m,2026-02-09 09:45:00
2944.10009765625,2945.39990234375,2941.60009765625,2942.5,63124,-0.0005773898512559938,-0.0020688114543232494,0.0007204701083644492,0.4,0.55,0,2944.6084295314954,2945.82551262645,57.30352489370457,-1.0054035570824453,-1.1998525846112766,2947.5616849291914,0.0007204701083644492,0,TCS,5m,2026-02-09 09:50:00
2942.39990234375,2960.0,2940.0,2948.199951171875,228675,0.0019371116981732328,0.00023747283184905044,0.0008487168978531123,0.4,0.55,0,2944.9504792115313,2945.918627863525,64.15081302685522,-0.600043775461927,-1.0798908227814068,2947.7510035800306,0.0008487168978531123,0,TCS,5m,2026-02-09 09:55:00
2958.699951171875,2963.300048828125,2954.0,2961.800048828125,76209,0.0011493194282765629,0.004647044102324305,0.0011568218789878763,0.45,0.5,0,2947.7141073360694,2947.0116958517806,80.23563979950453,1.6948332975985068,-0.2660746316539181,2959.7000325520835,0.0011568218789878763,1,TCS,5m,2026-02-10 03:50:00
2961.89990234375,2965.39990234375,2960.5,2965.0,58447,0.0010804075626715814,0.007269976095186648,0.001093330156765268,0.5,0.45,0,2949.3603828278724,2947.7171195438677,82.38434870057694,2.837093327817911,0.35455896024044775,2961.407254868134,0.001093330156765268,1,TCS,5m,2026-02-10 03:55:00
2964.89990234375,2970.89990234375,2964.300048828125,2969.5,93394,0.0015177065767284503,0.00838764967479011,0.0011234860019972404,0.55,0.4,0,2951.2784416061704,2948.571350149991,83.79015171809172,4.058669211005508,1.0953810103934598,2964.20275257519,0.0011234860019972404,1,TCS,5m,2026-02-10 04:00:00
2969.699951171875,2973.89990234375,2967.10009765625,2967.10009765625,73600,-0.0008081839850985206,0.009252082117086946,0.0010541604621610184,0.6,0.35,1,2952.785265991892,2949.297967699256,77.69408683733907,4.778046491369423,1.8319141065886524,2965.4627110468164,0.0010541604621610184,1,TCS,5m,2026-02-10 04:05:00
2967.10009765625,2983.0,2966.89990234375,2975.300048828125,126939,0.0027636247184084084,0.01125011834870926,0.001172400447135171,0.65,0.4,1,2954.9295310239145,2950.3176571552904,81.49670843928759,5.941337656460746,2.6537988165630715,2968.307194821163,0.001172400447135171,1,TCS,5m,2026-02-10 04:10:00
2975.10009765625,2977.10009765625,2971.60009765625,2974.300048828125,45374,-0.00033610055577215636,0.01097894249766318,0.001181459720936608,0.65,0.4,1,2956.774342243363,2951.258143103245,81.66665818960475,6.705268482028259,3.464092749656109,2968.8841042031127,0.001181459720936608,1,TCS,5m,2026-02-10 04:15:00
2974.60009765625,2974.89990234375,2972.300048828125,2973.699951171875,28436,-0.00020176096775659236,0.011015503962833906,0.0011802228715771643,0.65,0.4,1,2958.3863049984598,2952.138214007897,80.658270833438,7.179505429971414,4.20717528571917,2969.1529107769634,0.0011802228715771643,1,TCS,5m,2026-02-10 04:20:00
2973.699951171875,2973.699951171875,2969.199951171875,2970.10009765625,29301,-0.0012105638008994557,0.009860256039265769,0.001237883323454867,0.65,0.4,1,2959.5019042992017,2952.8426016019503,73.46938775510205,7.182073066800058,4.802154841935348,2969.2547004352746,0.001237883323454867,1,TCS,5m,2026-02-10 04:25:00
2970.199951171875,2975.10009765625,2970.199951171875,2975.10009765625,22833,0.001683444946500412,0.011113443582720706,0.001266077527335913,0.65,0.35,1,2960.9874465236826,2953.715444584472,79.15087758987991,7.501098160420497,5.341943505632378,2969.428130943205,0.001266077527335913,1,TCS,5m,2026-02-10 04:30:00
2974.89990234375,2988.10009765625,2974.89990234375,2982.0,68101,0.002319216872462837,0.01256366723259772,0.0013250966505426694,0.65,0.35,1,2962.9886420928556,2954.8246428360617,83.74151692347091,8.215983555659477,5.916751515637798,2970.766728773235,0.0013250966505426694,1,TCS,5m,2026-02-10 04:35:00
2981.699951171875,2982.5,2975.800048828125,2980.60009765625,134103,-0.00046945081950033885,0.012088318389219088,0.0013408206383795222,0.65,0.35,1,2964.6659235750835,2955.835444985873,81.48825539499973,8.570776387121441,6.447556489934527,2972.3380075917958,0.0013408206383795222,1,TCS,5m,2026-02-10 04:40:00
2981.199951171875,2993.699951171875,2980.5,2990.800048828125,156243,0.0034221132784286734,0.015931297951752965,0.001458920266853591,0.65,0.35,1,2967.1548878848967,2957.2066059208632,86.42561762832197,9.564746631896469,7.070994518326915,2975.075370600662,0.001458920266853591,1,TCS,5m,2026-02-10 04:45:00
2990.300048828125,2991.39990234375,2984.0,2988.5,48562,-0.0007690413235836857,0.01515000480170614,0.0014906715399474401,0.65,0.3,1,2969.1877557053826,2958.433797845535,82.03518904505177,10.051018607959122,7.666999336253358,2975.72643476506,0.0014906715399474401,1,TCS,5m,2026-02-10 04:50:00
2988.300048828125,2988.5,2983.800048828125,2985.800048828125,38341,-0.0009034469372176668,0.013131536048827108,0.0015330511114918428,0.6,0.35,1,2970.7698788599296,2959.506984158578,74.7295266551206,10.102078682525644,8.154015205507815,2976.121659052387,0.0015330511114918428,1,TCS,5m,2026-02-10 04:55:00
2986.199951171875,2992.0,2983.89990234375,2990.5,47006,0.0015741011102601288,0.01548443042833414,0.0015091321417911292,0.6,0.3,1,2972.648938016127,2960.7223965445164,75.30883866328512,10.401884490469001,8.603589062500053,2976.6909233816905,0.0015091321417911292,1,TCS,5m,2026-02-10 05:00:00
2989.89990234375,3001.300048828125,2989.300048828125,2999.60009765625,112254,0.0030430020586023065,0.019093632254234105,0.0015589019149200901,0.65,0.25,1,2975.21571512471,2962.2470122743885,77.63603319709213,11.244168802713375,9.131705010542717,2978.6318814816964,0.0015589019149200901,1,TCS,5m,2026-02-10 05:05:00
3000.0,3002.699951171875,2996.5,3000.5,82696,0.0003000074391426022,0.019122359133833866,0.0015582715140134052,0.7,0.25,1,2977.62374225569,2963.7471294400984,76.2714038615918,11.847726569896622,9.674909322413498,2980.048157651978,0.0015582715140134052,1,TCS,5m,2026-02-10 05:10:00
3000.5,3011.0,3000.10009765625,3003.5,156874,0.000999833361106539,0.020730671197960904,0.0015163199951993846,0.7,0.2,1,2980.0881477551484,2965.306065540487,80.5370309683762,12.424898876722182,10.224907233275236,2982.8317050199835,0.0015163199951993846,0,TCS,5m,2026-02-10 05:15:00
3004.300048828125,3005.5,2999.199951171875,3001.699951171875,105527,-0.0005993170727900399,0.018146666062705208,0.0015420942096206155,0.65,0.2,1,2982.1464147472175,2966.733276741718,74.81207493139243,12.591911474108656,10.698308081441919,2984.185770525421,0.0015420942096206155,0,TCS,5m,2026-02-10 05:20:00
3001.60009765625,3003.800048828125,2992.89990234375,2993.0,66611,-0.0028983413776845213,0.011695544482961395,0.0016390997953527981,0.6,0.25,1,2983.180089533197,2967.763344320474,65.35308384613842,11.885251034143494,10.935696671982233,2984.7107743537285,0.0016390997953527981,0,TCS,5m,2026-02-10 05:25:00
2992.89990234375,2998.0,2990.699951171875,2990.699951171875,45258,-0.0007684760534998336,0.009757546717302779,0.00166017642991761,0.55,0.3,0,2983.8962668321187,2968.6628190989604,63.5783594895635,11.012675557463808,10.951092449078548,2984.946641303951,0.00166017642991761,0,TCS,5m,2026-02-10 05:30:00
2990.800048828125,2997.0,2990.0,2995.699951171875,29411,0.0016718494271017459,0.010354115066399716,0.0016764914443401242,0.5,0.35,0,2985.020427245429,2969.7230987880944,69.99996185288182,10.602393624937577,10.881352684250354,2985.1126255645995,0.0016764914443401242,0,TCS,5m,2026-02-10 05:35:00
2995.60009765625,2997.300048828125,2992.699951171875,2993.699951171875,21444,-0.0006676236046996298,0.008149503678018144,0.0016790167203409058,0.5,0.35,0,2985.847048571757,2970.663367509027,65.24584258870144,10.000578508286708,10.705197849057624,2985.2342431330467,0.0016790167203409058,0,TCS,5m,2026-02-10 05:40:00
2993.10009765625,2995.699951171875,2992.0,2992.5,16262,-0.0004008254639564779,0.008560514141000342,0.0016659162098472168,0.45,0.4,0,2986.4806629934947,2971.519706038085,59.49370441662104,9.319381631008582,10.428034605447817,2985.313134068363,0.0016659162098472168,0,TCS,5m,2026-02-10 05:45:00
2992.0,2992.39990234375,2987.60009765625,2988.699951171875,27500,-0.0012698575866749717,0.0045037146250266336,0.001611492610817038,0.4,0.4,0,2986.692023772388,2972.193441141371,57.018943128302986,8.376338796356322,10.017695443629519,2985.381509541035,0.001611492610817038,0,TCS,5m,2026-02-10 05:50:00
2988.699951171875,2990.800048828125,2985.89990234375,2988.0,25354,-0.0002341992114667235,0.004606109318820328,0.0016097822662641285,0.4,0.45,0,2986.8165929369225,2972.8133061946505,47.09538209059551,7.486194159525894,9.511395186808794,2985.423157810566,0.0016097822662641285,0,TCS,5m,2026-02-10 05:55:00
2988.39990234375,2990.300048828125,2987.699951171875,2989.300048828125,16148,0.0004350899692520116,0.005246022770421854,0.0016070671120657597,0.4,0.45,0,2987.0531125456087,2973.459845121454,50.84751022857173,6.807182237649158,8.970552596976868,2985.4570426192213,0.0016070671120657597,0,TCS,5m,2026-02-10 06:00:00
2988.800048828125,2990.60009765625,2986.199951171875,2989.800048828125,28088,0.00016726323615312566,0.0066327566493198375,0.0015696769127397515,0.45,0.45,0,2987.314725524896,2974.1006374236763,54.44444444444445,6.237504153697955,8.423942908321086,2985.510836684189,0.0015696769127397515,0,TCS,5m,2026-02-10 06:05:00
2989.10009765625,2989.800048828125,2985.300048828125,2987.199951171875,23892,-0.0008696560351147964,0.004067040811553513,0.0015577361268744982,0.4,0.5,0,2987.303794634132,2974.614336002037,46.15380237765979,5.51267730447762,7.841689787552394,2985.536295322444,0.0015577361268744982,0,TCS,5m,2026-02-10 06:10:00
2987.199951171875,2991.10009765625,2987.0,2988.800048828125,16904,0.0005356513398515617,0.0022803651335094877,0.0014793577841358482,0.4,0.5,0,2987.4462950335596,2975.1706384658055,34.74575686728873,5.009613605393497,7.2752745511206145,2985.568137308326,0.0014793577841358482,0,TCS,5m,2026-02-10 06:15:00
2988.89990234375,2991.10009765625,2985.800048828125,2991.0,27015,0.0007360650213912301,0.0034891974780273394,0.0014788531267031018,0.4,0.55,0,2987.7847431256014,2975.7913977416565,37.05728958782364,4.733880446256535,6.7669957301478,2985.622688532191,0.0014788531267031018,0,TCS,5m,2026-02-10 06:20:00
2990.5,2998.60009765625,2989.800048828125,2996.699951171875,24323,0.0019057008264375952,0.0019726836456559482,0.0013355536171995156,0.4,0.55,0,2988.6338105585796,2976.61134101343,41.37052849432717,4.918599797437764,6.397316543605793,2985.7449326002634,0.0013355536171995156,0,TCS,5m,2026-02-10 06:25:00
2997.0,3001.60009765625,2996.39990234375,2998.0,50079,0.0004338268259445055,0.003178852267023524,0.0013213967644456902,0.45,0.55,0,2989.5258286006197,2977.4501119540796,45.244296607776064,5.110978115309081,6.140048857946451,2986.0815244125647,0.0013213967644456902,0,TCS,5m,2026-02-10 06:30:00
2997.5,2998.0,2992.199951171875,2992.199951171875,16426,-0.0019346393689543273,0.0021434463926215397,0.001383705192448631,0.45,0.55,0,2989.7805069407395,2978.028537021444,48.88882860766189,4.740775145980933,5.860194115553348,2986.149735628726,0.001383705192448631,0,TCS,5m,2026-02-10 06:35:00
2992.10009765625,2992.800048828125,2990.5,2991.10009765625,13791,-0.00036757353571714724,0.0002006680007524686,0.001342939979478387,0.4,0.6,0,2989.9061822469785,2978.541147242417,50.57492230305666,4.308966554565814,5.549948603355842,2986.1872860676117,0.001342939979478387,0,TCS,5m,2026-02-10 06:40:00
2991.199951171875,2994.5,2990.800048828125,2994.300048828125,22240,0.0010698241674969022,-0.0017669184743213107,0.0011697779942056474,0.4,0.6,0,2990.3246457308974,2979.159143383033,47.87893584280303,4.176816708283695,5.275322224341413,2986.2662554789467,0.0011697779942056474,0,TCS,5m,2026-02-10 06:45:00
2993.10009765625,2994.10009765625,2991.5,2992.800048828125,24178,-0.000500951800266991,-0.002566222686843811,0.00116951410999158,0.35,0.6,0,2990.560398406824,2979.6940808514682,48.615534855769226,3.9060233334671466,5.00146244616656,2986.345275537129,0.00116951410999158,0,TCS,5m,2026-02-10 06:50:00
2992.300048828125,2992.800048828125,2990.89990234375,2991.10009765625,28000,-0.0005680136140536751,-0.004128484216330941,0.0011421763546162174,0.3,0.65,0,2990.6117983353406,2980.1413756281263,47.87893584280303,3.513741555060278,4.703918267945304,2986.4178561180242,0.0011421763546162174,0,TCS,5m,2026-02-10 06:55:00
2991.10009765625,2992.800048828125,2989.5,2991.0,18342,-3.3465164314794293e-05,-0.0035646304913646842,0.0011389299707140722,0.3,0.65,0,2990.648769922451,2980.567204034867,53.92499145925857,3.1583706443557276,4.394808743227388,2986.459840928442,0.0011389299707140722,0,TCS,5m,2026-02-10 07:00:00
2991.0,2991.300048828125,2989.5,2990.300048828125,20573,-0.00023401911463560854,-0.0009020885973521908,0.0009429399512065825,0.3,0.6,0,2990.615558389658,2980.948884222838,53.92499145925857,2.788116753091799,4.0734703452002705,2986.498743504581,0.0009429399512065825,0,TCS,5m,2026-02-10 07:05:00
2990.0,2992.0,2988.0,2991.5,22570,0.0004012811932854188,0.0002675122349908854,0.0009318971483568845,0.35,0.6,0,2990.6997909239763,2981.3626534690015,53.7670459771076,2.561980985862192,3.771172473332655,2986.5419811951174,0.0009318971483568845,0,TCS,5m,2026-02-10 07:10:00
2992.5,2994.199951171875,2992.5,2994.0,16827,0.0008357011532675873,-0.0005674637645902703,0.0008703183697265559,0.4,0.55,0,2991.014096550264,2981.8582356859038,56.730701514143746,2.5550429233794603,3.527946563342016,2986.598122470797,0.0008703183697265559,0,TCS,5m,2026-02-10 07:15:00
2993.60009765625,2996.60009765625,2993.5,2994.89990234375,19071,0.0003005685850867579,0.0004008254639564779,0.0008597318162291155,0.4,0.55,0,2991.3841732925007,2982.3696735940543,63.05087270650744,2.5922769027201866,3.3408126312176507,2986.6735419396814,0.0008597318162291155,0,TCS,5m,2026-02-10 07:20:00
2995.199951171875,3000.300048828125,2995.0,2997.800048828125,45095,0.0009683617412741263,0.0017711107195070852,0.0008787292052986239,0.45,0.5,0,2991.9952090577985,2982.9747863483317,64.61048226005897,2.82325792343363,3.237301689660847,2986.902722419303,0.0008787292052986239,0,TCS,5m,2026-02-10 07:25:00
2997.800048828125,2998.0,2994.800048828125,2995.0,18472,-0.000934034552844687,0.0021079562790018436,0.0008542680568110496,0.45,0.5,0,2992.281379623723,2983.4463633542796,56.369446561027566,2.748686361653199,3.1395786240593178,2986.9789587330665,0.0008542680568110496,0,TCS,5m,2026-02-10 07:30:00
2995.0,2998.60009765625,2994.5,2998.10009765625,43000,0.0010350910371452748,0.0033802200991466247,0.0008745988652405515,0.5,0.5,0,2992.8355432458684,2984.021019601416,52.430805747467474,2.9062385252959757,3.09291060430665,2987.173379206706,0.0008745988652405515,0,TCS,5m,2026-02-10 07:35:00
2998.5,2998.89990234375,2996.800048828125,2997.0,13661,-0.00036693159681688847,0.002575837502459377,0.0008801304739799269,0.55,0.5,0,2993.2321581748333,2984.5299992248897,48.25175422122821,2.9088002247990516,3.0560885284051302,2987.2366294111334,0.0008801304739799269,0,TCS,5m,2026-02-10 07:40:00
2996.5,2997.800048828125,2994.5,2996.10009765625,47804,-0.00030026771563229637,0.0021071806559753714,0.00088525474073852,0.5,0.5,0,2993.5052952683013,2984.983728575139,58.22817409219675,2.8058714522612718,3.006045113176359,2987.4221411725503,0.00088525474073852,0,TCS,5m,2026-02-10 07:45:00
2996.10009765625,2996.10009765625,2992.300048828125,2994.0,16786,-0.0007009437561491527,0.002276395600989911,0.0008762299537794777,0.5,0.5,0,2993.552410004653,2985.3373078467025,55.870201241450204,2.5257243507453495,2.9099809606901568,2987.4709229334408,0.0008762299537794777,0,TCS,5m,2026-02-10 07:50:00
2994.0,2996.800048828125,2993.10009765625,2994.0,38943,0.0,0.0017398123283334233,0.0008708352225088649,0.5,0.5,0,2993.5950376232577,2985.677021264479,49.30221995117243,2.2774526974126275,2.783475308034651,2987.5897010706003,0.0008708352225088649,0,TCS,5m,2026-02-10 07:55:00
2994.10009765625,2994.10009765625,2987.699951171875,2989.60009765625,22342,-0.0014695732611055279,-0.00046803822927110605,0.0009224780537509306,0.5,0.5,0,2993.214567150209,2985.83086739749,43.44276237455349,1.7059946316544483,2.5679791727586103,2987.616815261335,0.0009224780537509306,0,TCS,5m,2026-02-10 08:00:00
2989.300048828125,2991.699951171875,2988.300048828125,2991.699951171875,17128,0.0007023860874473264,-0.0016685020460739386,0.0008240542342915256,0.45,0.5,0,2993.070318009415,2986.0610275455047,51.20937970683494,1.4063392237549124,2.335651182957871,2987.637975007381,0.0008240542342915256,0,TCS,5m,2026-02-10 08:05:00
2991.0,2992.39990234375,2990.5,2990.60009765625,17404,-0.0003676349679365698,-0.0024682796343395985,0.0008170473792370574,0.45,0.5,0,2992.8350589281613,2986.2390302949457,49.224989590824784,1.067802208071953,2.082081387980687,2987.663508771411,0.0008170473792370574,0,TCS,5m,2026-02-10 08:10:00
2990.89990234375,2995.699951171875,2990.60009765625,2993.60009765625,34317,0.001003143149213237,0.0004679321259350999,0.000734123721385094,0.5,0.45,0,2992.9079197594074,2986.527699603232,55.87200361434269,1.029714207658344,1.8716079519162188,2987.742799291771,0.000734123721385094,0,TCS,5m,2026-02-10 08:15:00
2994.199951171875,2994.800048828125,2993.199951171875,2993.699951171875,17144,3.335566286999381e-05,0.0008691964263123353,0.000728329680448544,0.5,0.4,0,2992.9833513224994,2986.8089643706303,54.07402048991329,0.9961040694620351,1.696507175425382,2987.7857679974013,0.000728329680448544,0,TCS,5m,2026-02-10 08:20:00
2993.699951171875,2994.199951171875,2991.10009765625,2992.10009765625,19874,-0.0005344067681194442,-0.0007347130000334712,0.000697038752751095,0.45,0.45,0,2992.8992319257136,2987.016459793596,46.360285863952704,0.830796084506801,1.5233649572416659,2987.8233325085926,0.000697038752751095,0,TCS,5m,2026-02-10 08:25:00
2992.5,2992.699951171875,2987.300048828125,2988.89990234375,29578,-0.0010695482129781109,-0.0013031764303472748,0.0007278911632081143,0.45,0.5,0,2992.5183433940983,2987.090320285759,39.4365833949418,0.4365272840777834,1.3059974226088895,2987.844694524625,0.0007278911632081143,0,TCS,5m,2026-02-10 08:30:00
2988.10009765625,2991.699951171875,2987.10009765625,2989.0,26004,3.348979876216518e-05,-0.000702115471794329,0.0007183757058321499,0.45,0.5,0,2992.183263070851,2987.165209686317,32.81230628379603,0.13063755507619135,1.07092544910235,2987.859297976869,0.0007183757058321499,0,TCS,5m,2026-02-10 08:35:00
2988.60009765625,2989.199951171875,2987.300048828125,2987.699951171875,15105,-0.00043494440552860336,-0.0011033262548061362,0.0007239222785489587,0.45,0.45,0,2991.7562809852343,2987.186179940653,34.854578424321005,-0.21421598590131907,0.8138971621016162,2987.860527583218,0.0007239222785489587,0,TCS,5m,2026-02-10 08:40:00
2987.39990234375,2989.10009765625,2986.60009765625,2988.800048828125,31794,0.00036820888115562944,-0.0005016219026541258,0.0007285914726104816,0.45,0.5,0,2991.4747350655093,2987.2494689166324,28.95902608234553,-0.3942020982954091,0.5722773100222112,2987.86430268247,0.0007285914726104816,0,TCS,5m,2026-02-10 08:45:00
2989.0,2989.300048828125,2985.10009765625,2985.300048828125,20494,-0.001171038524765966,-0.0020725225378154244,0.000764152902623587,0.45,0.5,0,2990.886669709568,2987.1730210700243,26.122310689479917,-0.809926806315616,0.2958364867546457,2987.8540728305366,0.000764152902623587,0,TCS,5m,2026-02-10 08:50:00
2985.10009765625,2988.800048828125,2983.10009765625,2983.89990234375,24294,-0.00046901365406293305,-0.0033734461109719005,0.000734889145538415,0.4,0.55,0,2990.2212632937762,2987.044663472916,25.599609375,-1.238099709571543,-0.010950752510592021,2987.8301158272084,0.000734889145538415,0,TCS,5m,2026-02-10 08:55:00
2983.89990234375,2987.699951171875,2982.60009765625,2984.300048828125,39734,0.00013410184572903994,-0.003539301432855857,0.0007302225297404533,0.35,0.6,0,2989.6573381065714,2986.937031526061,29.18469775873089,-1.5275328947409434,-0.31426718095666234,2987.785908013668,0.0007302225297404533,0,TCS,5m,2026-02-10 09:00:00
2984.89990234375,2984.89990234375,2980.10009765625,2980.10009765625,25784,-0.0014073488265780032,-0.005904313457728461,0.0007273213750815787,0.3,0.65,0,2988.74712473035,2986.668916472343,24.72745028409092,-2.071927843900994,-0.6657993135455287,2987.7275590085346,0.0007273213750815787,0,TCS,5m,2026-02-10 09:05:00
2980.0,2981.89990234375,2978.39990234375,2980.10009765625,39491,0.0,-0.004974925657345586,0.0007140490957534064,0.3,0.65,0,2987.9235983423405,2986.411315734457,29.437316366864664,-2.4748363898938806,-1.027606728815199,2987.617655240881,0.0007140490957534064,0,TCS,5m,2026-02-10 09:10:00
2980.5,2983.0,2980.0,2981.199951171875,28199,0.0003690659640895877,-0.005636952047593957,0.0006648413934848941,0.3,0.6,0,2987.2832509927725,2986.2069484967087,26.244448863259763,-2.6745646125459643,-1.3569983055613521,2987.5540598470916,0.0006648413934848941,0,TCS,5m,2026-02-10 09:15:00
2982.0,2985.699951171875,2980.800048828125,2984.199951171875,26298,0.0010063062019105562,-0.004270953896604923,0.000723935980798258,0.3,0.6,0,2986.989603390782,2986.1282427192646,36.66649712629062,-2.5612512301504466,-1.5978488904791712,2987.5163847149506,0.000723935980798258,0,TCS,5m,2026-02-10 09:20:00
2984.300048828125,2986.89990234375,2983.5,2985.39990234375,14379,0.00040210146488472986,-0.0035713744413513604,0.0007364452552328973,0.35,0.55,0,2986.838203291065,2986.0996803515977,31.531254123960764,-2.347562290287442,-1.7477915704408256,2987.5048216569826,0.0007364452552328973,0,TCS,5m,2026-02-10 09:25:00
2987.89990234375,2989.0,2984.800048828125,2985.800048828125,96857,0.00013403446689363996,-0.0027387946465848856,0.0007289048394853548,0.4,0.5,0,2986.7393314374517,2986.087930095775,32.44504242529459,-2.1214688168238354,-1.8225270197174277,2987.4723147019054,0.0007289048394853548,0,TCS,5m,2026-02-10 09:30:00
2985.800048828125,2991.0,2982.0,2990.39990234375,170912,0.0015405765424347795,-0.001202437426937153,0.0008198573257574514,0.4,0.55,0,2987.0879572380513,2986.257027046676,46.6663475347056,-1.5532138911612492,-1.7686643940061921,2987.4905828089713,0.0008198573257574514,0,TCS,5m,2026-02-10 09:35:00
2989.300048828125,2989.300048828125,2981.89990234375,2983.800048828125,74547,-0.002207013687517967,-0.0019400751400403538,0.000899326509593478,0.4,0.55,0,2986.7748231037726,2986.160674959674,41.17676874340021,-1.6167835159922106,-1.7382882184033959,2987.431453431474,0.000899326509593478,0,TCS,5m,2026-02-10 09:40:00
2983.800048828125,2985.300048828125,2978.699951171875,2982.800048828125,89733,-0.0003351431006218819,-0.002974864621789308,0.0008805336262641722,0.4,0.6,0,2986.3962731727584,2986.028885699613,39.59741440755032,-1.7279359740109612,-1.736217769524909,2987.287957911655,0.0008805336262641722,0,TCS,5m,2026-02-10 09:45:00
2982.800048828125,2986.10009765625,2981.199951171875,2981.199951171875,90451,-0.0005364414744725154,-0.0031432308491335936,0.0008835477144129855,0.4,0.6,0,2985.9013853631504,2985.8395157181335,39.20269283802418,-1.9229727729680235,-1.773568770213532,2987.1666011358348,0.0008835477144129855,0,TCS,5m,2026-02-10 09:50:00
2981.10009765625,2985.0,2980.10009765625,2983.0,54842,0.0006038000998280779,-0.0035409197322477937,0.0008601519167432555,0.35,0.65,0,2985.625062947612,2985.72816216056,40.584351244877425,-1.9102715234921561,-1.800909320869257,2987.094021991911,0.0008601519167432555,0,TCS,5m,2026-02-10 09:55:00
2993.699951171875,2993.699951171875,2981.800048828125,2982.89990234375,64099,-0.0036409066425935332,-0.0030748287197031043,0.0014562699268861133,0.4,0.65,0,2986.069944394544,2985.9213810733268,48.949581986972355,-1.1750961902203017,-1.5503225745040017,2986.13330078125,0.0014562699268861133,-1,TCS,5m,2026-02-11 03:50:00
2982.5,2984.699951171875,2976.0,2976.699951171875,61290,-0.00207849789629333,-0.004081753009630207,0.0015063092769304865,0.4,0.65,0,2985.177564087623,2985.559756371309,42.88379067874876,-1.7801456026927553,-1.5962871801417524,2982.711708775572,0.0015063092769304865,-1,TCS,5m,2026-02-11 03:55:00
2976.699951171875,2976.699951171875,2969.699951171875,2971.800048828125,60442,-0.001646085404684805,-0.005754416584769162,0.0015388741439325785,0.4,0.65,0,2983.9035150152895,2985.0201599970665,42.328954434481226,-2.6247760062369707,-1.8019849453607961,2979.466211779719,0.0015388741439325785,-1,TCS,5m,2026-02-11 04:00:00
2971.89990234375,2972.0,2966.800048828125,2966.800048828125,47849,-0.0016824819697985882,-0.006995315020021486,0.0015701364770672136,0.4,0.7,-1,2982.274613473655,2984.3056458335786,38.74781574153251,-3.6554718949828384,-2.1726823352852045,2977.227570290518,0.0015701364770672136,-1,TCS,5m,2026-02-11 04:05:00
2966.89990234375,2968.0,2964.60009765625,2965.39990234375,40676,-0.0004719382706387387,-0.007829278005248241,0.0015611297327908342,0.4,0.7,-1,2980.66749812795,2983.564244128095,36.70032839710156,-4.533031961614597,-2.6447522605510834,2975.56297156063,0.0015611297327908342,-1,TCS,5m,2026-02-11 04:10:00
2965.60009765625,2966.0,2961.800048828125,2961.800048828125,45152,-0.0012139521259104669,-0.007871905542367497,0.0015622862259989541,0.35,0.7,-1,2978.870598194633,2982.7107462731947,31.33341471354167,-5.456088340289625,-3.2070194764987923,2973.815874705109,0.0015622862259989541,-1,TCS,5m,2026-02-11 04:15:00
2961.39990234375,2962.60009765625,2956.800048828125,2960.5,71279,-0.0004389387557203195,-0.007842053389716663,0.0015622246099087234,0.35,0.7,-1,2977.1210174141916,2981.839736615422,29.284640695454357,-6.220810613684989,-3.8097777039360317,2971.289807514153,0.0015622246099087234,-1,TCS,5m,2026-02-11 04:20:00
2960.5,2963.199951171875,2960.5,2961.5,37394,0.0003377807802735777,-0.007639998812142945,0.00156649557074728,0.4,0.65,-1,2975.633301469983,2981.0420998854056,29.983469212917342,-6.669287487557085,-4.381679660660243,2970.4552179267025,0.00156649557074728,-1,TCS,5m,2026-02-11 04:25:00
2961.5,2961.5,2957.10009765625,2957.10009765625,36359,-0.0014857006056896438,-0.007717861563807493,0.001569289670031815,0.4,0.65,-1,2973.8682344401036,2980.1031978372034,22.47950025826445,-7.295644342228115,-4.964472596973818,2969.5247200833714,0.001569289670031815,-1,TCS,5m,2026-02-11 04:30:00
2957.10009765625,2958.800048828125,2954.300048828125,2956.300048828125,53411,-0.00027055182499879926,-0.007986325307275055,0.0015669501916505918,0.4,0.65,-1,2972.195073905629,2979.169741013318,24.862978237194937,-7.76706008255087,-5.524990094089229,2968.1781813507873,0.0015669501916505918,0,TCS,5m,2026-02-11 04:35:00
2956.60009765625,2964.199951171875,2956.5,2958.300048828125,35877,0.0006765213161610273,-0.007681437917221312,0.0015763687975898452,0.4,0.65,-1,2970.871738183962,2978.3513217119375,28.00725844627172,-7.888345234284316,-5.997661122128247,2967.6268050889835,0.0015763687975898452,-1,TCS,5m,2026-02-11 04:40:00
2959.300048828125,2966.89990234375,2958.699951171875,2963.300048828125,33789,0.0016901598612286683,-0.007003519430909044,0.0016150614837719423,0.4,0.65,-1,2970.1506249119775,2977.7610757164944,34.85628361575387,-7.4946131425163,-6.297051526205858,2967.35883714889,0.0016150614837719423,-1,TCS,5m,2026-02-11 04:45:00
2964.199951171875,2970.800048828125,2963.699951171875,2969.800048828125,58732,0.0021935004531756785,-0.005225381532094953,0.001706083772536448,0.4,0.65,0,2970.117236713515,2977.448878583617,39.65521859753181,-6.58220636813985,-6.3540824945926575,2967.426186108192,0.001706083772536448,0,TCS,5m,2026-02-11 04:50:00
2969.800048828125,2970.699951171875,2965.199951171875,2965.699951171875,42812,-0.0013805972081749607,-0.006731896753816136,0.0017211969039521314,0.35,0.65,-1,2969.6965428524068,2976.988136332176,25.394002103624914,-6.119420174261904,-6.307150030526508,2967.412131961057,0.0017211969039521314,0,TCS,5m,2026-02-11 04:55:00
2965.199951171875,2967.199951171875,2964.300048828125,2965.89990234375,24894,6.742124124725635e-05,-0.008192884162682712,0.0016673294839781947,0.3,0.65,-1,2969.3349580420586,2976.5533036267475,31.680995927473248,-5.671150895555911,-6.179950203532389,2967.3559272942034,0.0016673294839781947,0,TCS,5m,2026-02-11 05:00:00
2965.89990234375,2972.0,2965.199951171875,2970.199951171875,28994,0.0014498293839002585,-0.004557978897276049,0.0016603789996433155,0.35,0.6,0,2969.417338340136,2976.304152550086,42.69662921348315,-4.912290432837835,-5.926418249393478,2967.425280953092,0.0016603789996433155,0,TCS,5m,2026-02-11 05:05:00
2970.60009765625,2974.89990234375,2969.0,2971.39990234375,32857,0.0004039967650668608,-0.0038219613442925793,0.0016660634426823864,0.4,0.55,0,2969.6061539595285,2976.1118290125833,49.50962499326819,-4.166038518902496,-5.574342303295282,2967.6091212266087,0.0016660634426823864,0,TCS,5m,2026-02-11 05:10:00
2971.800048828125,2973.0,2968.0,2972.5,24217,0.0003702287448357211,-0.002918271606859202,0.0016684777758563575,0.35,0.6,0,2969.881758344335,2975.970188659149,57.7234804125894,-3.446134915532639,-5.148700825742754,2967.716796019012,0.0016684777758563575,0,TCS,5m,2026-02-11 05:15:00
2972.5,2973.0,2969.0,2969.199951171875,24819,-0.0011101930456265396,-0.004626231588375829,0.0016720182784408365,0.35,0.55,0,2969.81682432791,2975.7046891498444,54.89696397671858,-3.1060874414542923,-4.740178148885063,2967.797521737485,0.0016720182784408365,0,TCS,5m,2026-02-11 05:20:00
2969.199951171875,2970.0,2968.0,2969.10009765625,11103,-3.36297714088607e-05,-0.00825036768288634,0.0014078345513233125,0.3,0.55,0,2969.748564644895,2975.44568556186,60.33999820179958,-2.8122369950165194,-4.354589918111355,2967.8139342243426,0.0014078345513233125,0,TCS,5m,2026-02-11 05:25:00
2969.10009765625,2970.0,2967.5,2970.0,21461,0.00030308925740163417,-0.004324617910783424,0.001191531590568781,0.3,0.6,0,2969.7725108691907,2975.2321292653164,63.610353270374254,-2.478176919872567,-3.9793073184635976,2967.847789370481,0.001191531590568781,0,TCS,5m,2026-02-11 05:30:00
2970.0,2971.0,2962.5,2962.5,24831,-0.002525252525252486,-0.004770366985185959,0.001231793101991952,0.35,0.6,0,2969.079890786411,2974.732830078441,51.20773231745433,-2.7864982066412267,-3.740745496099124,2967.7770267731307,0.001231793101991952,0,TCS,5m,2026-02-11 05:35:00
2962.89990234375,2963.0,2958.300048828125,2960.10009765625,45939,-0.0008100936181434371,-0.003936991378840848,0.001195147670065254,0.35,0.6,0,2968.224672393062,2974.158997434434,53.80711603524556,-3.187750704248174,-3.630146537728934,2967.4152503296855,0.001195147670065254,0,TCS,5m,2026-02-11 05:40:00
2960.39990234375,2962.0,2957.60009765625,2957.699951171875,22883,-0.0008108328790217278,-0.003067310741027063,0.001153268236382097,0.35,0.6,0,2967.2223179910443,2973.513544639824,51.707197980182926,-3.657259352645724,-3.635569100712292,2967.2152022821456,0.001153268236382097,0,TCS,5m,2026-02-11 05:45:00
2957.89990234375,2960.0,2957.39990234375,2958.699951171875,23487,0.00033810055668559436,-0.0022593752588241367,0.0011556976986547398,0.35,0.6,0,2966.410664008266,2972.932619405787,50.4998779296875,-3.9036577597639734,-3.689186832522629,2967.0100019295796,0.0011556976986547398,0,TCS,5m,2026-02-11 05:50:00
2959.10009765625,2960.0,2957.199951171875,2957.800048828125,19513,-0.0003041546485285096,-0.0013505300607927762,0.0011276238123388773,0.35,0.6,0,2965.590605419681,2972.339185265487,42.33981203160916,-4.124005898064297,-3.776150645630963,2966.8396993579404,0.0011276238123388773,0,TCS,5m,2026-02-11 05:55:00
2957.699951171875,2960.0,2956.60009765625,2960.0,23959,0.0007437795441063155,-0.00016889039013678886,0.001138054129854359,0.35,0.6,0,2965.058166808283,2971.855295647232,34.49352174484096,-4.0741514297678805,-3.8357508024583464,2966.652073650179,0.001138054129854359,0,TCS,5m,2026-02-11 06:00:00
2960.0,2961.300048828125,2955.39990234375,2955.800048828125,27349,-0.0014189024229307456,-0.0019246838331504756,0.001177096314459986,0.35,0.65,0,2964.1764412863636,2971.2256781249143,34.38486776235733,-4.323701424958017,-3.9333409269582806,2966.4126590514793,0.001177096314459986,0,TCS,5m,2026-02-11 06:05:00
2955.699951171875,2958.800048828125,2954.60009765625,2954.800048828125,30826,-0.00033831787789451173,-0.0007778055365619263,0.0011329145896989308,0.35,0.65,0,2963.283451528436,2970.5815357995502,32.923174002208555,-4.5497169320165085,-4.056616127969926,2966.116342384593,0.0011329145896989308,0,TCS,5m,2026-02-11 06:10:00
2955.0,2955.0,2950.10009765625,2950.699951171875,29232,-0.0013876057900690242,-0.0018942927185181535,0.0011718343678163807,0.35,0.65,0,2962.0850229230496,2969.8018658141514,19.8140589569161,-5.0020192997885715,-4.2456967623336554,2965.741319436396,0.0011718343678163807,0,TCS,5m,2026-02-11 06:15:00
2950.699951171875,2954.5,2950.300048828125,2952.300048828125,15406,0.000542277318171358,-0.0020281918334743576,0.0011675643776456834,0.3,0.65,0,2961.153120628295,2969.115520049994,20.795287406953904,-5.1717410649253,-4.430905622851984,2965.5574995589254,0.0011675643776456834,0,TCS,5m,2026-02-11 06:20:00
2952.300048828125,2953.0,2948.0,2948.0,38341,-0.0014565080638845318,-0.005163179082784963,0.0011247427675940417,0.25,0.7,0,2959.900442473219,2968.28746044019,15.8773445044408,-5.588800575867481,-4.662484613455083,2965.03193659879,0.0011247427675940417,0,TCS,5m,2026-02-11 06:25:00
2948.0,2950.60009765625,2945.0,2949.0,27563,0.00033921302578021617,-0.007003854968731904,0.0009789912316023395,0.2,0.75,0,2958.8623050948167,2967.5310894425356,19.940417801998194,-5.7720944881339165,-4.88440658839085,2964.641033253978,0.0009789912316023395,0,TCS,5m,2026-02-11 06:30:00
2949.0,2951.89990234375,2948.5,2949.0,16928,0.0,-0.005631031947542775,0.0009508341441354267,0.25,0.75,0,2957.923037942929,2966.804380052632,19.999854244402982,-5.849921975087909,-5.077509665730262,2964.432329745094,0.0009508341441354267,0,TCS,5m,2026-02-11 06:35:00
2949.199951171875,2949.89990234375,2946.0,2946.800048828125,18992,-0.0007459990409884876,-0.006439817304869866,0.0009525020237282495,0.25,0.75,0,2956.863705646281,2966.0198964752003,16.66678359208929,-6.019726829288629,-5.265953098441935,2964.1703696776235,0.0009525020237282495,0,TCS,5m,2026-02-11 06:40:00
2946.39990234375,2946.39990234375,2940.199951171875,2940.60009765625,44299,-0.002103960590858711,-0.009965609724000735,0.0009357961627380017,0.2,0.8,0,2955.314790599611,2965.0230416195554,17.313578591417908,-6.578746944389877,-5.528511867631524,2963.40922901009,0.0009357961627380017,0,TCS,5m,2026-02-11 06:45:00
2940.39990234375,2941.199951171875,2936.300048828125,2937.0,42226,-0.0012242731200068357,-0.011577001909644169,0.0009237394564629461,0.15,0.85,0,2953.5705248282197,2963.9240988109455,16.71474404075086,-7.2289414693195795,-5.868597787969135,2962.595123213382,0.0009237394564629461,0,TCS,5m,2026-02-11 06:50:00
2937.0,2939.39990234375,2936.0,2938.39990234375,23267,0.0004766436308307753,-0.01147185791631622,0.0009297974741219175,0.15,0.85,0,2952.1257036392226,2962.923149929879,21.364871228311657,-7.544298913346211,-6.203738013044551,2962.164513726499,0.0009297974741219175,0,TCS,5m,2026-02-11 06:55:00
2938.60009765625,2940.0,2935.699951171875,2936.199951171875,22634,-0.0007486901868327678,-0.011114104992146379,0.0009223570580082202,0.2,0.9,0,2950.608965308999,2961.875181351134,17.76495278069254,-7.8808935978659065,-6.539169130008822,2961.7492303507215,0.0009223570580082202,0,TCS,5m,2026-02-11 07:00:00
2936.0,2937.699951171875,2928.300048828125,2931.199951171875,49402,-0.001702881303435877,-0.012764859801895123,0.000947565388530849,0.2,0.9,0,2948.7604877721296,2960.672231148026,15.897310697115373,-8.453657027641839,-6.922066709535425,2960.7169585078645,0.000947565388530849,0,TCS,5m,2026-02-11 07:05:00
2931.5,2932.0,2927.10009765625,2927.699951171875,38215,-0.001194050238231159,-0.014242440682870394,0.0009279309369673244,0.2,0.9,0,2946.754722381629,2959.379200560726,9.925546286704346,-9.085267611909785,-7.354706890010298,2959.875114664128,0.0009279309369673244,0,TCS,5m,2026-02-11 07:10:00
2927.5,2930.199951171875,2925.800048828125,2929.300048828125,32799,0.0005465374467794604,-0.01120673457278476,0.0008648823212109063,0.15,0.9,0,2945.0923725193907,2958.199625982977,14.85429348529982,-9.348940278151986,-7.753553567638636,2959.176239258424,0.0008648823212109063,0,TCS,5m,2026-02-11 07:15:00
2929.300048828125,2932.0,2928.89990234375,2929.10009765625,20032,-6.825902725637878e-05,-0.010472618822770619,0.0008696213243261124,0.2,0.85,0,2943.5692987229013,2957.05846800938,15.176356166014969,-9.46493131779971,-8.095829117670851,2958.785461582393,0.0008696213243261124,0,TCS,5m,2026-02-11 07:20:00
2928.89990234375,2931.60009765625,2928.0,2930.89990234375,31730,0.0006144565318679795,-0.00906111142798871,0.0009028090928634657,0.2,0.85,0,2942.3626895439347,2956.032641904845,21.387091539009745,-9.30437086019856,-8.337537466176393,2958.1909226673924,0.0009028090928634657,0,TCS,5m,2026-02-11 07:25:00
2931.10009765625,2931.39990234375,2924.300048828125,2926.89990234375,58008,-0.0013647685466164905,-0.010747980313289163,0.0009044092041471844,0.2,0.85,0,2940.8900431439174,2954.8901815299005,15.675251235557667,-9.391631232617328,-8.54835621946458,2957.069170874582,0.0009044092041471844,0,TCS,5m,2026-02-11 07:30:00
2926.10009765625,2929.0,2926.10009765625,2927.0,19961,3.419920721237091e-05,-0.01041316124135161,0.00091217981250758,0.2,0.8,0,2939.5671818921155,2953.7964489208853,17.987614255515524,-9.344985486490714,-8.707682072869806,2956.6998438356704,0.00091217981250758,0,TCS,5m,2026-02-11 07:35:00
2927.10009765625,2930.39990234375,2925.0,2925.800048828125,34993,-0.00040995940275878606,-0.011554037558065833,0.0008630177704371273,0.25,0.8,0,2938.2560263622117,2952.698550878032,14.848298771149757,-9.297666713503986,-8.825679000996644,2956.067678339879,0.0008630177704371273,0,TCS,5m,2026-02-11 07:40:00
2926.0,2927.800048828125,2924.39990234375,2926.199951171875,24141,0.00013668136478095505,-0.01001424222453251,0.0008535302601418822,0.2,0.8,0,2937.1078287250366,2951.6593901052415,15.867841087679537,-9.12273624327554,-8.885090449452424,2955.6335165454716,0.0008535302601418822,0,TCS,5m,2026-02-11 07:45:00
2926.199951171875,2929.0,2924.199951171875,2926.60009765625,22343,0.00013674611819158855,-0.009543776467398901,0.0008648824027202647,0.25,0.8,0,2936.107092432771,2950.676672754301,18.037903780334233,-8.849799132595763,-8.878032186081093,2955.2489460132997,0.0008648824027202647,0,TCS,5m,2026-02-11 07:50:00
2926.10009765625,2929.800048828125,2926.0,2929.699951171875,17134,0.0010591995531290532,-0.007116955416513915,0.0009018580091204944,0.3,0.75,0,2935.4968885031617,2949.854056221657,30.87677217629674,-8.287825342268661,-8.759990817318606,2954.9799713369807,0.0009018580091204944,0,TCS,5m,2026-02-11 07:55:00
2929.300048828125,2931.800048828125,2927.39990234375,2928.199951171875,25982,-0.000511997824009236,-0.008163159996497082,0.0008770181431520514,0.35,0.75,0,2934.801942090658,2949.0048756314695,33.3330250709774,-7.872742454208947,-8.582541144696673,2954.5917754630773,0.0008770181431520514,-1,TCS,5m,2026-02-11 08:00:00
2927.89990234375,2930.5,2927.60009765625,2928.199951171875,17797,0.0,-0.006716434473583832,0.0008453933971711627,0.35,0.7,0,2934.1731810507736,2948.1889962408973,29.59989843650817,-7.457817200553109,-8.357596355867962,2954.3287987290823,0.0008453933971711627,-1,TCS,5m,2026-02-11 08:05:00
2928.800048828125,2933.5,2928.800048828125,2932.0,30284,0.0012977422619668832,-0.005764665988470696,0.0009103915324871097,0.4,0.65,0,2933.9662114268904,2947.554133643215,42.10531146457647,-6.744606144299723,-8.034998313554315,2953.938829662039,0.0009103915324871097,-1,TCS,5m,2026-02-11 08:10:00
2932.199951171875,2932.199951171875,2925.5,2925.5,28089,-0.0022169167803547385,-0.00796880298406244,0.0010035904329016268,0.35,0.7,-1,2933.1599055767106,2946.6892656572068,39.857685256783405,-6.627479463253621,-7.753494543494177,2953.5312717684697,0.0010035904329016268,0,TCS,5m,2026-02-11 08:15:00
2925.60009765625,2926.60009765625,2924.5,2925.10009765625,33942,-0.00013669538326777086,-0.007363903492707102,0.0010017641306348988,0.35,0.7,-1,2932.392304822381,2945.842631617954,44.80024218986513,-6.492087755232205,-7.501213185841783,2953.0123520444213,0.0010017641306348988,0,TCS,5m,2026-02-11 08:20:00
2925.199951171875,2925.300048828125,2921.300048828125,2921.800048828125,41334,-0.0011281832135485725,-0.006393269470102103,0.000934310439584514,0.35,0.7,-1,2931.3835185372136,2944.899785234039,35.95490206836013,-6.575279483040504,-7.316026445281527,2952.3485818490567,0.000934310439584514,0,TCS,5m,2026-02-11 08:25:00
2921.699951171875,2922.39990234375,2918.5,2920.300048828125,53442,-0.0005133821531017047,-0.005686057600229777,0.0009113471846070142,0.35,0.7,0,2930.3279499934906,2943.935089688709,34.28549007298125,-6.685184346900769,-7.189858025605376,2951.466119042133,0.0009113471846070142,0,TCS,5m,2026-02-11 08:30:00
2920.300048828125,2920.89990234375,2917.39990234375,2920.5,38517,6.846939305260591e-05,-0.006091717580535061,0.0008978715046886884,0.35,0.7,0,2929.3919547560154,2943.0160665636618,30.303142397395817,-6.679157188386853,-7.087717858161671,2950.8441286488764,0.0008978715046886884,0,TCS,5m,2026-02-11 08:35:00
2921.0,2924.199951171875,2919.60009765625,2923.10009765625,29212,0.000890291955572664,-0.004461499125901436,0.0009294913004119147,0.35,0.65,0,2928.792730270324,2942.235048175136,42.400390625,-6.390904106563539,-6.948355107842046,2950.4277422134014,0.0009294913004119147,0,TCS,5m,2026-02-11 08:40:00
2923.10009765625,2923.800048828125,2921.300048828125,2923.0,29630,-3.424366354409791e-05,-0.002797472471503304,0.0008621256593053971,0.35,0.6,0,2928.24104167315,2941.4807325604247,41.99999999999999,-6.100218979633155,-6.7787278822002675,2950.0234586909437,0.0008621256593053971,0,TCS,5m,2026-02-11 08:45:00
2923.0,2923.60009765625,2915.39990234375,2915.800048828125,102584,-0.002463206011589114,-0.004064590819488401,0.0009821679440150213,0.35,0.6,0,2927.056185211719,2940.473646923864,33.87096774193549,-6.377311136294338,-6.6984445330190825,2948.4974092559946,0.0009821679440150213,-1,TCS,5m,2026-02-11 08:50:00
2916.0,2916.0,2914.199951171875,2914.800048828125,73383,-0.00034295904494618945,-0.004949987969242287,0.0009664463663769914,0.35,0.6,0,2925.888934127567,2939.466839155404,31.962235579523153,-6.601502300216453,-6.679056086458557,2947.3841891025922,0.0009664463663769914,0,TCS,5m,2026-02-11 08:55:00
2914.5,2915.5,2912.0,2914.5,50005,-0.00010293976365394197,-0.004984499392128083,0.0009661386394766747,0.3,0.65,0,2924.8042737344654,2938.48774742382,30.793495783730165,-6.725855371626949,-6.6884159434922354,2946.6449185630886,0.0009661386394766747,0,TCS,5m,2026-02-11 09:00:00
2914.89990234375,2915.60009765625,2911.39990234375,2913.0,55993,-0.0005146680391148184,-0.006107305926564055,0.0009457797344549821,0.35,0.65,-1,2923.680057188326,2937.4882279170033,22.073797062161645,-6.866293186873463,-6.7239913921684815,2945.838908021875,0.0009457797344549821,0,TCS,5m,2026-02-11 09:05:00
2913.10009765625,2913.60009765625,2910.199951171875,2912.199951171875,39984,-0.0002746477267850933,-0.005022362110881806,0.0009123621465146126,0.35,0.65,0,2922.586713758188,2936.4965307897432,22.602922979164575,-6.961896017736308,-6.771572317282048,2945.264163904082,0.0009123621465146126,0,TCS,5m,2026-02-11 09:10:00
2912.10009765625,2914.199951171875,2910.10009765625,2912.60009765625,54445,0.0001374035063128609,-0.00491967965280149,0.0009143517100988725,0.4,0.7,0,2921.6356074627656,2935.5594157649007,23.649200366206713,-6.925540156920761,-6.802365885209791,2944.519017528232,0.0009143517100988725,0,TCS,5m,2026-02-11 09:15:00
2912.5,2916.60009765625,2912.199951171875,2915.0,49116,0.0008239724861924813,-0.0036913147337087615,0.000943871474476728,0.4,0.65,0,2921.0036448472642,2934.753164166277,19.858364788586073,-6.6266874846214705,-6.767230205092127,2943.921094746849,0.000943871474476728,0,TCS,5m,2026-02-11 09:20:00
2915.0,2916.89990234375,2913.0,2914.0,45021,-0.0003430531732419029,-0.004169213100762015,0.0009413730236814196,0.45,0.6,0,2920.336631052287,2933.9393145911295,24.669821466982143,-6.396797926727686,-6.693143749419239,2943.394237233371,0.0009413730236814196,0,TCS,5m,2026-02-11 09:25:00
2914.60009765625,2918.0,2911.10009765625,2911.10009765625,106423,-0.0009951620946293538,-0.005296248029381667,0.0009534747349509358,0.45,0.6,0,2919.4569612050454,2933.043659025056,22.222437512110062,-6.3751182842697744,-6.629538656389347,2942.170810432897,0.0009534747349509358,0,TCS,5m,2026-02-11 09:30:00
2911.199951171875,2911.699951171875,2909.0,2910.10009765625,163756,-0.0003435127499755719,-0.00669005490060004,0.0009010902803627698,0.4,0.65,0,2918.5658313432555,2932.143911520397,24.45441849060225,-6.365253968563138,-6.576681718824105,2940.286669730968,0.0009010902803627698,0,TCS,5m,2026-02-11 09:35:00
2910.699951171875,2912.0,2908.39990234375,2910.60009765625,105446,0.0001718153957668278,-0.006010468482038456,0.0009069821548531111,0.4,0.7,0,2917.8071900397313,2931.2990560747444,27.854140887149825,-6.245100969435953,-6.510365568946475,2939.189343818463,0.0009069821548531111,0,TCS,5m,2026-02-11 09:40:00
2910.199951171875,2911.89990234375,2907.60009765625,2908.300048828125,118477,-0.0007902318253809604,-0.006795950643939452,0.0009103859595358875,0.4,0.75,0,2916.9017480195785,2930.3971342219356,24.583693606632423,-6.263274441088015,-6.460947343374784,2938.0063666729748,0.0009103859595358875,-1,TCS,5m,2026-02-11 09:45:00
2908.0,2908.800048828125,2905.199951171875,2905.800048828125,108685,-0.0008596086916847767,-0.008935863291908208,0.0008303504103852391,0.35,0.8,0,2915.844443334678,2929.4325426378646,13.807651054701466,-6.405566768552035,-6.449871228410235,2936.9072153024995,0.0008303504103852391,-1,TCS,5m,2026-02-11 09:50:00
2905.800048828125,2909.0,2904.199951171875,2907.0,109498,0.0004129503584937577,-0.006323705349512876,0.0007387213136648955,0.4,0.8,0,2915.002115398042,2928.5528350834384,18.0,-6.348328848796882,-6.4295627524875645,2935.879533202043,0.0007387213136648955,-1,TCS,5m,2026-02-11 09:55:00
2830.699951171875,2831.699951171875,2799.699951171875,2813.60009765625,441463,-0.006321703105686027,-0.03703194926540976,0.0058748863088031586,0.4,0.8,-1,2898.1495867579492,2920.3881457117545,4.083486382840135,-18.169093275877458,-9.709367731912813,2815.0,0.0058748863088031586,-1,TCS,5m,2026-02-12 03:50:00
2813.10009765625,2815.300048828125,2800.10009765625,2801.300048828125,235665,-0.004371640745382099,-0.04074923741063974,0.005891376473511989,0.4,0.75,-1,2888.925821240823,2915.7180242653376,3.682489196473341,-23.57762517628862,-12.483019220787975,2811.7168819525605,0.005891376473511989,-1,TCS,5m,2026-02-12 03:55:00
2801.199951171875,2801.199951171875,2780.39990234375,2781.0,385506,-0.007246652794875463,-0.04776579352850541,0.005978626650608182,0.4,0.75,-1,2878.6471715988396,2910.4349644902263,3.191489361702139,-29.16576517371186,-15.819568411372753,2802.9434736882486,0.005978626650608182,-1,TCS,5m,2026-02-12 04:00:00
2782.199951171875,2790.699951171875,2776.300048828125,2786.5,410008,0.00197770586120094,-0.04673124186399791,0.006015214899553917,0.35,0.8,-1,2869.871250494188,2905.5747698043356,6.863420282278284,-32.772817705325906,-19.210218270163384,2797.8085041844784,0.006015214899553917,-1,TCS,5m,2026-02-12 04:05:00
2786.5,2793.800048828125,2783.0,2789.5,185362,0.0010766194150368946,-0.045672254533014045,0.006043007782730646,0.4,0.8,-1,2862.216845685218,2901.022818047303,8.496203715288516,-34.986060370204996,-22.365386690171707,2796.7976440966754,0.006043007782730646,-1,TCS,5m,2026-02-12 04:10:00
2790.10009765625,2810.699951171875,2786.0,2808.39990234375,273062,0.006775372770657873,-0.03683385166535669,0.006375216936813759,0.45,0.75,-1,2857.09142250984,2897.3905468432426,17.657699031139813,-34.813696340962906,-24.85504862032995,2797.490853844332,0.006375216936813759,-1,TCS,5m,2026-02-12 04:15:00
2809.0,2812.699951171875,2792.300048828125,2797.5,576036,-0.0038811788643965395,-0.04024291438971417,0.006380136300703709,0.5,0.7,-1,2851.4160489374744,2893.4732704964485,16.65707058708442,-35.151423897144014,-26.914323675692764,2798.258827590485,0.006380136300703709,-1,TCS,5m,2026-02-12 04:20:00
2797.5,2799.60009765625,2794.60009765625,2794.60009765625,127766,-0.0010366049486147944,-0.04113909841954022,0.006368683692755456,0.5,0.65,-1,2846.00500595831,2889.595891169382,16.65707058708442,-35.2467704726032,-28.580813035074854,2798.1622314970773,0.006368683692755456,-1,TCS,5m,2026-02-12 04:25:00
2794.60009765625,2800.0,2793.0,2800.0,83876,0.0019322629911444622,-0.03879162375557843,0.006423578741758666,0.5,0.65,-1,2841.6235768194233,2886.082326809799,19.262887272489337,-34.48903816700704,-29.762458061461295,2798.1469428212345,0.006423578741758666,-1,TCS,5m,2026-02-12 04:30:00
2800.0,2804.39990234375,2795.0,2797.699951171875,112879,-0.0008214460100446352,-0.03931735523651969,0.006417204715176805,0.55,0.6,-1,2837.4403743768,2882.616351294586,18.79481486979816,-33.685815461823495,-30.54712954153374,2798.18227568968,0.006417204715176805,-1,TCS,5m,2026-02-12 04:35:00
2797.60009765625,2799.39990234375,2792.0,2797.89990234375,96102,7.146984142858415e-05,-0.03938068786195481,0.006416074522180726,0.5,0.6,-1,2833.674615135557,2879.2941376102394,19.127399936916518,-32.65667546585428,-30.969038726397848,2798.1248648621704,0.006416074522180726,-1,TCS,5m,2026-02-12 04:40:00
2798.300048828125,2800.10009765625,2792.5,2797.300048828125,99014,-0.00021439420156610378,-0.0403773417399228,0.006396301746131943,0.5,0.6,-1,2830.2103707253254,2876.078683148196,19.332854895249653,-31.526064917941767,-31.080443964706635,2798.0760738471113,0.006396301746131943,-1,TCS,5m,2026-02-12 04:45:00
2798.10009765625,2798.300048828125,2791.89990234375,2792.39990234375,93498,-0.0017517414645696894,-0.04172961484428617,0.006384389174095657,0.45,0.65,-1,2826.609373736604,2872.7971623323356,18.27232958785295,-30.671882414279935,-30.9987316546213,2797.9599257090404,0.006384389174095657,-1,TCS,5m,2026-02-12 04:50:00
2791.800048828125,2794.0,2788.800048828125,2793.300048828125,132898,0.00032235586443740694,-0.04046581872020372,0.0064032603774796665,0.4,0.65,-1,2823.437057078654,2869.679628469425,31.981113606264756,-29.58130742930325,-30.71524680955769,2797.7178121947104,0.0064032603774796665,-1,TCS,5m,2026-02-12 04:55:00
2793.300048828125,2794.800048828125,2788.199951171875,2789.89990234375,82429,-0.001217250715977114,-0.041304488257743244,0.006394025542077919,0.45,0.65,-1,2820.2430423419964,2866.551011758614,37.049073599726775,-28.660996178524783,-30.30439668335111,2797.5509759841125,0.006394025542077919,0,TCS,5m,2026-02-12 05:00:00
2789.89990234375,2790.0,2785.0,2789.300048828125,164646,-0.00021500897402126906,-0.0416752713386499,0.006387414306434133,0.4,0.65,-1,2817.2960905787704,2863.5215622319283,42.481184605029675,-27.661185123708037,-29.775754371422497,2797.10641331156,0.006387414306434133,0,TCS,5m,2026-02-12 05:05:00
2789.300048828125,2791.0,2787.39990234375,2789.60009765625,96141,0.00010757137019057339,-0.04081420389196233,0.006400293837715363,0.45,0.6,-1,2814.658376967102,2860.622681268176,57.190740589532126,-26.53869467425875,-29.12834243198975,2796.89861610762,0.006400293837715363,0,TCS,5m,2026-02-12 05:10:00
2789.60009765625,2790.800048828125,2787.5,2789.39990234375,50509,-7.176487865345749e-05,-0.04005786514158738,0.006410497743452373,0.45,0.55,0,2812.2528079553545,2857.829631114277,52.660460865825684,-25.37278531942775,-28.377231009477352,2796.7924517388938,0.006410497743452373,0,TCS,5m,2026-02-12 05:15:00
2789.39990234375,2789.699951171875,2782.699951171875,2787.199951171875,76697,-0.000788682601597035,-0.04121088710977816,0.006392077548256361,0.4,0.55,0,2809.8668215950233,2855.0598397439867,47.85842558705189,-24.345669703918702,-27.570918748365624,2796.581135691007,0.006392077548256361,0,TCS,5m,2026-02-12 05:20:00
2787.199951171875,2789.0,2785.800048828125,2788.199951171875,168163,0.0003587830143221282,-0.015292265169742136,0.003051331595952831,0.4,0.5,0,2807.803310126152,2852.437883329394,21.787816171907494,-23.18373388317559,-26.69348177532762,2796.1959374099024,0.003051331595952831,0,TCS,5m,2026-02-12 05:25:00
2787.39990234375,2788.800048828125,2781.60009765625,2782.60009765625,109523,-0.0020084117400803736,-0.011017912611612113,0.002778182245338402,0.4,0.5,0,2805.4030041766373,2849.6991466363297,25.573930584016395,-22.455895171496195,-25.845964454561337,2795.8712335433106,0.002778182245338402,0,TCS,5m,2026-02-12 05:30:00
2782.699951171875,2787.199951171875,2780.0,2786.10009765625,174920,0.001257816386532884,-0.005426034664952617,0.0026529808684637337,0.4,0.55,0,2803.5646321270765,2847.20506628417,36.334448055516305,-21.35054125013494,-24.946879813676055,2795.3921539054413,0.0026529808684637337,0,TCS,5m,2026-02-12 05:35:00
2786.0,2786.300048828125,2782.0,2782.800048828125,55641,-0.0011844688677556947,0.0006472667486965289,0.002103088564596283,0.4,0.5,0,2801.5870527652714,2844.679379325109,20.34516142610599,-20.504463967549782,-24.058396644450802,2795.2384224650855,0.002103088564596283,-1,TCS,5m,2026-02-12 05:40:00
2782.39990234375,2782.60009765625,2778.5,2779.300048828125,116395,-0.0012577260092667686,-0.0025838690729858005,0.002069918948348291,0.4,0.5,0,2799.464480961734,2842.115484011502,19.53678253839935,-19.887116079853968,-23.22414053153144,2794.8340823771223,0.002069918948348291,0,TCS,5m,2026-02-12 05:45:00
2779.800048828125,2780.5,2776.199951171875,2778.800048828125,84426,-0.00017990141086454692,-0.0038357953654328814,0.0020504309379073683,0.35,0.55,0,2797.496439806152,2839.6325257690164,18.689015360724895,-19.216691198270837,-22.42265066487932,2794.522975247877,0.0020504309379073683,0,TCS,5m,2026-02-12 05:50:00
2778.699951171875,2779.39990234375,2774.39990234375,2775.0,117405,-0.001367514308820983,-0.01189285839095644,0.0012446403901856312,0.3,0.6,-1,2795.3539217293755,2837.0979169153297,16.914305584734535,-18.775573705276656,-21.693235272958788,2794.051903726913,0.0012446403901856312,0,TCS,5m,2026-02-12 05:55:00
2775.0,2775.5,2769.5,2771.199951171875,137088,-0.0013693869650900359,-0.009401268571268995,0.0009981621522949494,0.25,0.65,0,2793.053543581042,2834.5136829646062,17.48507837131453,-18.51913997819156,-21.058416214005344,2793.4088829176726,0.0009981621522949494,0,TCS,5m,2026-02-12 06:00:00
2770.800048828125,2771.60009765625,2766.199951171875,2768.89990234375,107108,-0.0008299829924406366,-0.009196376731702705,0.0009930638749461947,0.25,0.7,0,2790.753196796538,2831.9405935284944,14.117689297382682,-18.290665711314432,-20.504866113467163,2792.861328594026,0.0009930638749461947,0,TCS,5m,2026-02-12 06:05:00
2769.0,2773.0,2767.5,2772.89990234375,79155,0.0014446170468691566,-0.009678606305803528,0.0009355200657801672,0.25,0.65,0,2789.0528830391295,2829.625272305563,25.433595348640296,-17.58413270209394,-19.920719431192516,2792.508415074332,0.0009355200657801672,0,TCS,5m,2026-02-12 06:10:00
2772.89990234375,2776.199951171875,2769.0,2769.5,88185,-0.0012261179499758468,-0.01007969105481199,0.0009474625464349629,0.25,0.65,0,2787.190703702069,2827.2674184896587,23.52945016352136,-17.101409503464765,-19.356857445646966,2792.1362040589725,0.0009474625464349629,0,TCS,5m,2026-02-12 06:15:00
2768.89990234375,2769.800048828125,2767.0,2768.10009765625,74423,-0.0005054711477703311,-0.010650775841743787,0.000937688117371873,0.25,0.65,0,2785.3725507453246,2824.9471313981526,22.077922077922068,-16.639992831065683,-18.81348452273071,2791.78394789226,0.000937688117371873,0,TCS,5m,2026-02-12 06:20:00
2768.10009765625,2771.39990234375,2767.0,2770.699951171875,65550,0.0009392194732502634,-0.009509204301266672,0.0009923266630763059,0.25,0.65,0,2783.975160309758,2822.8197909971223,27.139232950305924,-15.881458772172664,-18.2270793726191,2791.500189209827,0.0009923266630763059,0,TCS,5m,2026-02-12 06:25:00
2770.699951171875,2771.89990234375,2767.5,2768.89990234375,64565,-0.0006496729562375236,-0.00841570005079706,0.0009474062183136054,0.3,0.6,0,2782.5394214558523,2820.7052855597353,27.407210932743368,-15.249774059645915,-17.631618310024464,2791.224400965317,0.0009474062183136054,0,TCS,5m,2026-02-12 06:30:00
2768.39990234375,2771.300048828125,2768.199951171875,2771.0,55900,0.000758459218577201,-0.00798340616414639,0.0009701856809111734,0.3,0.55,0,2781.4404289362474,2818.7560586750396,29.326908969265162,-14.413548627855562,-16.988004373590684,2790.9989841813976,0.0009701856809111734,0,TCS,5m,2026-02-12 06:35:00
2770.89990234375,2771.300048828125,2767.0,2767.800048828125,44297,-0.0011548001342024383,-0.00792137864769249,0.000967514583846019,0.25,0.55,0,2780.1413451164262,2816.7577837790823,31.122363184544383,-13.849396048251037,-16.360282708522753,2790.8114186282087,0.000967514583846019,0,TCS,5m,2026-02-12 06:40:00
2767.800048828125,2775.0,2767.699951171875,2774.89990234375,58043,0.0025651612798514023,-0.005162638021113941,0.0011729651115142058,0.3,0.5,0,2779.6421600904573,2815.1162982325986,36.91559997261962,-12.683198207732858,-15.624865808364774,2790.6121607029318,0.0011729651115142058,0,TCS,5m,2026-02-12 06:45:00
2775.0,2775.39990234375,2768.199951171875,2769.0,77187,-0.002126167628160869,-0.007384606013441708,0.0012407026081895866,0.3,0.5,0,2778.628621034223,2813.3078159489673,34.801593916873244,-12.095620050045,-14.91901665670082,2790.330000104932,0.0012407026081895866,0,TCS,5m,2026-02-12 06:50:00
2768.89990234375,2773.89990234375,2765.10009765625,2766.0,98206,-0.0010834236186348933,-0.008388866122813199,0.0012485101860786594,0.3,0.55,0,2777.42589522144,2811.4526074803807,35.18914245632351,-11.736741207981595,-14.282561566956975,2789.937216839665,0.0012485101860786594,0,TCS,5m,2026-02-12 06:55:00
2765.89990234375,2767.0,2763.300048828125,2764.300048828125,90501,-0.000614588276165895,-0.008216095990573491,0.0012464123645702903,0.3,0.55,0,2776.1758146125526,2809.6034875332334,34.273185611998485,-11.457424929955778,-13.717534239556736,2789.5313473730675,0.0012464123645702903,0,TCS,5m,2026-02-12 07:00:00
2764.300048828125,2765.199951171875,2763.300048828125,2764.800048828125,42182,0.0001808776150085123,-0.008392476419747164,0.0012412485442062243,0.3,0.55,0,2775.092408347369,2807.8464899369546,38.08404684353734,-11.068132405235701,-13.187653872692529,2789.3433848735262,0.0012412485442062243,0,TCS,5m,2026-02-12 07:05:00
2764.800048828125,2768.0,2763.0,2764.0,64143,-0.00028936950737690204,-0.00668443074946945,0.0011836938650004946,0.35,0.55,0,2774.035988504763,2806.1270197433487,40.95473533759869,-10.70082013534602,-12.690287125223229,2789.0692796392045,0.0011836938650004946,0,TCS,5m,2026-02-12 07:10:00
2764.0,2767.10009765625,2763.5,2766.199951171875,51604,0.0007959302358448994,-0.00714265309459472,0.0011551512437373726,0.35,0.5,0,2773.2896992349642,2804.561252348389,46.59951171214386,-10.11559851832726,-12.175349403844036,2788.858585018364,0.0011551512437373726,0,TCS,5m,2026-02-12 07:15:00
2766.199951171875,2766.199951171875,2761.10009765625,2762.800048828125,76434,-0.0012290877029007552,-0.007187005767238741,0.0011568737885421481,0.35,0.55,0,2772.290684910503,2802.9235580926925,37.08437661956528,-9.813031358416993,-11.702885794758629,2788.5240647998617,0.0011568737885421481,0,TCS,5m,2026-02-12 07:20:00
2762.5,2763.10009765625,2761.0,2762.199951171875,52722,-0.00021720632895760872,-0.006152663388560797,0.0011376109911434766,0.35,0.55,0,2771.3296626496813,2801.3265538997193,39.944714594136514,-9.512018936667118,-11.264712423140328,2788.2870302373112,0.0011376109911434766,0,TCS,5m,2026-02-12 07:25:00
2762.199951171875,2763.0,2758.0,2758.5,104177,-0.0013394943296213269,-0.0073053290886063715,0.001160071177626981,0.35,0.55,0,2770.107790016378,2799.6470811977697,37.56451449678693,-9.462936717535285,-10.904357282019319,2787.7914654488195,0.001160071177626981,0,TCS,5m,2026-02-12 07:30:00
2758.0,2758.89990234375,2753.800048828125,2754.300048828125,101787,-0.0015225489113195323,-0.007459441863738703,0.0011676098168992574,0.35,0.55,0,2768.6022908555924,2797.8687662028815,29.60196285634467,-9.651681092695071,-10.65382204415447,2787.2539457010844,0.0011676098168992574,0,TCS,5m,2026-02-12 07:35:00
2754.0,2757.0,2753.0,2756.5,91935,0.0007987333017007714,-0.005304543674540252,0.0011709399249823845,0.35,0.55,0,2767.4496917264887,2796.2464616459056,34.729037379131185,-9.514072391799345,-10.425872113683447,2786.781201725559,0.0011709399249823845,0,TCS,5m,2026-02-12 07:40:00
2756.5,2763.0,2755.699951171875,2760.800048828125,93801,0.0015599669247687853,-0.0029252966164536875,0.001230699209732132,0.4,0.5,0,2766.816392402835,2794.856406241287,38.08404684353734,-8.954812991511517,-10.131660289249062,2786.377991049341,0.001230699209732132,0,TCS,5m,2026-02-12 07:45:00
2760.0,2760.199951171875,2756.0,2758.5,92979,-0.0008331095289212387,-0.005193084081967281,0.001180133533801663,0.35,0.5,0,2766.0243550311366,2793.43066482006,38.90199917259543,-8.598077322401878,-9.824943695879625,2785.966663979166,0.001180133533801663,0,TCS,5m,2026-02-12 07:50:00
2757.89990234375,2763.699951171875,2757.89990234375,2759.60009765625,85618,0.0003988028480153005,-0.003574617203014996,0.0011659426351743013,0.35,0.5,0,2765.4125209954327,2792.103975911675,28.691021857105937,-8.132842699410503,-9.4865234965858,2785.6271638178523,0.0011659426351743013,0,TCS,5m,2026-02-12 07:55:00
2759.60009765625,2760.300048828125,2754.39990234375,2756.300048828125,88806,-0.00119584313354959,-0.004262869264777036,0.0011861796530543073,0.35,0.5,0,2764.5446665033082,2790.6999003397714,30.931032207453242,-7.938912428947333,-9.177001283058107,2785.23822590132,0.0011861796530543073,-1,TCS,5m,2026-02-12 08:00:00
2757.0,2758.5,2755.199951171875,2756.0,68447,-0.00010885927613457635,-0.005305500931509277,0.0011553519870284113,0.3,0.5,0,2763.730888741088,2789.33911993429,33.660182865531596,-7.7204363408968675,-8.88568829462586,2784.941099320842,0.0011553519870284113,-1,TCS,5m,2026-02-12 08:05:00
2756.300048828125,2757.60009765625,2754.5,2755.0,64531,-0.00036284470246739087,-0.005020008968899314,0.0011521054370395398,0.25,0.55,0,2762.899375527651,2787.992487780004,34.44815507344596,-7.541055515889639,-8.616761738878616,2784.65817219877,0.0011521054370395398,0,TCS,5m,2026-02-12 08:10:00
2755.0,2755.0,2750.800048828125,2751.800048828125,111793,-0.0011615067774500831,-0.006928888910817443,0.0011435265396291842,0.25,0.6,-1,2761.842296794363,2786.5731764485577,30.061409421103875,-7.569843789029619,-8.407378148908816,2784.128571234193,0.0011435265396291842,0,TCS,5m,2026-02-12 08:15:00
2751.800048828125,2751.800048828125,2745.0,2748.0,257122,-0.0013809320301971795,-0.007153713591597111,0.0011530129334127363,0.25,0.6,-1,2760.5239828139474,2785.06050286234,27.528151531361004,-7.809270476052006,-8.287756614337454,2782.8184742577296,0.0011530129334127363,0,TCS,5m,2026-02-12 08:20:00
2748.0,2749.800048828125,2747.0,2747.199951171875,70782,-0.00029113858374274493,-0.009982324460957592,0.0009264942443485035,0.2,0.6,0,2759.2550274194646,2783.5757753450666,22.222380857199965,-7.971682510850769,-8.224541793640118,2782.471802963439,0.0009264942443485035,0,TCS,5m,2026-02-12 08:25:00
2747.199951171875,2747.89990234375,2744.0,2747.199951171875,104097,0.0,-0.007872895929261436,0.0008489506390580942,0.15,0.65,0,2758.1069249196944,2782.149272436314,24.67540702928075,-8.008083022321898,-8.181250039376474,2781.9507523204447,0.0008489506390580942,0,TCS,5m,2026-02-12 08:30:00
2747.199951171875,2750.699951171875,2745.0,2749.10009765625,81574,0.0006916666126046689,-0.0061098706954989535,0.0008657890505923755,0.2,0.6,0,2757.249131846985,2780.8532263665074,29.59546101016862,-7.793763099252828,-8.103752651351744,2781.5740792351967,0.0008657890505923755,0,TCS,5m,2026-02-12 08:35:00
2749.89990234375,2750.0,2747.5,2749.0,75283,-3.641106278207129e-05,-0.005534872683090719,0.0008645957935475054,0.2,0.55,0,2756.4635002425102,2779.604080234488,33.333618873031924,-7.545015814734143,-7.992005284028224,2781.239641897385,0.0008645957935475054,0,TCS,5m,2026-02-12 08:40:00
2749.0,2749.89990234375,2746.800048828125,2749.0,67118,0.0,-0.005714716633784089,0.0008604891554356346,0.2,0.6,0,2755.7526906956045,2778.4039202252925,39.09479077711357,-7.264145254900086,-7.846433278202596,2780.9447790719605,0.0008604891554356346,0,TCS,5m,2026-02-12 08:45:00
2749.199951171875,2754.89990234375,2747.800048828125,2752.300048828125,99692,0.001200454284512542,-0.004232977992718934,0.0009224518492429921,0.2,0.55,0,2755.4238676606064,2777.380238994031,41.73258619198201,-6.698055932502939,-7.6167578090626655,2780.5575101502127,0.0009224518492429921,0,TCS,5m,2026-02-12 08:50:00
2752.300048828125,2756.199951171875,2748.89990234375,2754.199951171875,113169,0.0006902962286248204,-0.004338081198691501,0.0009166632133342088,0.25,0.55,0,2755.307304185489,2776.471208099045,35.652266213777736,-6.026648374057913,-7.298735922061716,2780.1513228922263,0.0009166632133342088,0,TCS,5m,2026-02-12 08:55:00
2754.5,2759.89990234375,2752.800048828125,2758.89990234375,124840,0.0017064669432860224,-0.0014116644040270687,0.000978973998113796,0.3,0.5,0,2755.649456391038,2775.7821372851117,50.787197231833915,-5.057012177815523,-6.850391173212477,2779.782796116671,0.000978973998113796,0,TCS,5m,2026-02-12 09:00:00
2758.89990234375,2758.89990234375,2752.0,2753.89990234375,135186,-0.001812316567104344,-0.0030048689359376546,0.0010537060082704095,0.3,0.5,0,2755.482832196058,2774.9240104246664,40.27280150649091,-4.638556329730363,-6.408024204516055,2779.3581080261883,0.0010537060082704095,0,TCS,5m,2026-02-12 09:05:00
2753.699951171875,2758.300048828125,2753.699951171875,2757.60009765625,94489,0.0013436201182732699,-0.0003262288721225248,0.0010650255483728558,0.3,0.45,0,2755.6844765256,2774.2446412964932,52.18860200734876,-3.9626729898664053,-5.9189539615861255,2779.0886753498266,0.0010650255483728558,0,TCS,5m,2026-02-12 09:10:00
2757.89990234375,2757.89990234375,2749.89990234375,2751.89990234375,260059,-0.002067085549258829,-0.000871417943515751,0.001111518404726556,0.3,0.45,0,2755.3240408892334,2773.3683770238367,44.15950254569736,-3.842692529261967,-5.5037016751212935,2778.2750929287545,0.001111518404726556,0,TCS,5m,2026-02-12 09:15:00
2751.89990234375,2752.60009765625,2749.199951171875,2751.0,107622,-0.0003270112924469437,-0.0019952838744785595,0.0010950310747338957,0.3,0.45,0,2754.9122274712113,2772.4911857680004,44.285794003989906,-3.776686457586493,-5.158298631614334,2777.9236246700566,0.0010950310747338957,0,TCS,5m,2026-02-12 09:20:00
2751.0,2752.39990234375,2750.0,2751.10009765625,90243,3.6385916484915626e-05,-0.0035134566068963924,0.0010242321861137756,0.25,0.45,0,2754.5491674888344,2771.6523195675395,48.90291968009796,-3.6739481387362503,-4.861428533038717,2777.6382910375473,0.0010242321861137756,0,TCS,5m,2026-02-12 09:25:00
2751.10009765625,2756.0,2749.300048828125,2754.300048828125,209144,0.0011631533053273468,-0.0015225489113195323,0.0010536188842590073,0.3,0.5,0,2754.5254419021003,2770.971838362072,60.0638030684752,-3.296320038875365,-4.548406834206047,2777.048883648743,0.0010536188842590073,0,TCS,5m,2026-02-12 09:30:00
2754.199951171875,2755.300048828125,2748.800048828125,2754.0,277536,-0.00010893832291536398,-0.0020293149217548434,0.0010476854100268764,0.25,0.55,0,2754.475399816186,2770.3062760733633,61.03884780316901,-2.986828185799368,-4.236091104524712,2776.293763835956,0.0010476854100268764,0,TCS,5m,2026-02-12 09:35:00
2754.0,2755.0,2750.199951171875,2751.699951171875,197640,-0.0008351666042574202,-0.001668939366091804,0.0010308171215660548,0.25,0.5,0,2754.2110713738703,2769.5766162733053,56.79746275261838,-2.8937905642847,-3.9676309964767094,2775.7753161223,0.0010308171215660548,0,TCS,5m,2026-02-12 09:40:00
2751.699951171875,2753.10009765625,2748.89990234375,2751.10009765625,245242,-0.00021799379520637263,-0.0017779036080369792,0.00103124993405062,0.25,0.55,0,2753.9147881626686,2768.852046915774,53.14462511707893,-2.8357717331273307,-3.741259143806834,2775.129261741115,0.00103124993405062,0,TCS,5m,2026-02-12 09:45:00
2751.10009765625,2752.5,2747.699951171875,2748.89990234375,232573,-0.0007997510938894115,-0.0022141915267694934,0.0010419402788097733,0.25,0.55,0,2753.437179989438,2768.0696098737335,49.852365040041484,-2.9335130529257185,-3.579709925630611,2774.5147773852823,0.0010419402788097733,0,TCS,5m,2026-02-12 09:50:00
2748.699951171875,2750.10009765625,2740.10009765625,2741.800048828125,312609,-0.002582798125741692,-0.003633984963499981,0.0011592722214313674,0.25,0.55,0,2752.3288817835983,2767.0394310091997,41.219624025676296,-3.5430307428696324,-3.5723740890784157,2773.5548337105643,0.0011592722214313674,0,TCS,5m,2026-02-12 09:55:00
2612.39990234375,2614.0,2597.0,2612.60009765625,676176,0.00022974642276030188,-0.04899528826003674,0.010625348942636725,0.25,0.55,0,2726.9295474499804,2755.141439374866,7.400878727651715,-22.578334156305573,-9.095524892008275,2607.86669921875,0.010625348942636725,-1,TCS,5m,2026-02-13 03:50:00
2612.10009765625,2616.199951171875,2607.5,2611.89990234375,345034,-0.00026800707583529704,-0.049250164251935846,0.01062226056988936,0.3,0.5,0,2715.974343154149,2749.524124197175,4.685764343577574,-28.83564037051019,-13.04354798770866,2609.2181430168534,0.01062226056988936,0,TCS,5m,2026-02-13 03:55:00
2611.800048828125,2613.5,2606.199951171875,2609.10009765625,157789,-0.0010719418018231286,-0.05092575571160807,0.010601962019005057,0.25,0.55,0,2705.795843582921,2744.0172996269425,4.750199126589578,-33.63282321573615,-17.16140303331416,2609.2692502694413,0.010601962019005057,0,TCS,5m,2026-02-13 04:00:00
2608.89990234375,2609.800048828125,2601.800048828125,2604.800048828125,240631,-0.0016480965341221232,-0.05245542057907426,0.010587927402394866,0.25,0.6,-1,2696.1771964634167,2738.5577995956164,2.4284795665677024,-37.35104360537025,-21.199331147725378,2608.624710674365,0.010587927402394866,0,TCS,5m,2026-02-13 04:05:00
2605.89990234375,2629.300048828125,2603.199951171875,2626.0,846234,0.008138801740814161,-0.04474354310658424,0.010847769047421163,0.3,0.55,0,2689.4936539430914,2734.1437682389255,14.253312741055808,-38.147362123648236,-24.58893734290995,2612.6863134833548,0.010847769047421163,-1,TCS,5m,2026-02-13 04:10:00
2626.5,2626.5,2615.60009765625,2619.0,194183,-0.0026656511805026595,-0.048432237206434525,0.010817853862311506,0.25,0.55,0,2682.779972615178,2729.628326347203,13.776109083307873,-38.89493518356812,-27.45013691104159,2613.292562202691,0.010817853862311506,-1,TCS,5m,2026-02-13 04:15:00
2619.0,2626.699951171875,2615.699951171875,2624.0,202548,0.0019091256204657459,-0.04727323850124854,0.010839719740207605,0.25,0.55,0,2677.1818799851612,2725.4860390394697,16.034197937789187,-38.63853304893473,-29.687816138620217,2613.9650917904087,0.010839719740207605,-1,TCS,5m,2026-02-13 04:20:00
2624.0,2628.39990234375,2612.89990234375,2614.0,215258,-0.003810975609756073,-0.052520898717874576,0.010800896020100146,0.25,0.6,-1,2671.164558081812,2721.11403750851,13.82157224429153,-38.79504382038749,-31.509261674973676,2614.2993029971153,0.010800896020100146,-1,TCS,5m,2026-02-13 04:25:00
2614.0,2624.300048828125,2611.300048828125,2619.10009765625,178739,0.0019510702587031137,-0.04894869438528848,0.010848692374806334,0.25,0.6,-1,2666.206038041282,2717.1134908476374,16.054411237092623,-38.06871206110827,-32.82115175220059,2614.5293553838646,0.010848692374806334,-1,TCS,5m,2026-02-13 04:30:00
2619.10009765625,2619.699951171875,2612.0,2614.89990234375,121465,-0.0016036788041277061,-0.051747965716198,0.010814431936650845,0.25,0.6,-1,2661.319739403422,2713.1051148278775,15.902339048193951,-37.400875555991206,-33.737096512958715,2614.5677254479397,0.010814431936650845,-1,TCS,5m,2026-02-13 04:35:00
2613.300048828125,2616.39990234375,2611.10009765625,2614.89990234375,92670,0.0,-0.04978378751469825,0.01082961982590988,0.25,0.6,-1,2656.898802540596,2709.2539300245785,15.950034301674066,-36.45142102285399,-34.27996141493777,2614.555416828522,0.01082961982590988,0,TCS,5m,2026-02-13 04:40:00
2615.0,2616.300048828125,2611.0,2613.699951171875,170218,-0.000458889906569504,-0.04990914170415306,0.010828271880978181,0.25,0.6,-1,2652.7846262197654,2705.50671516761,16.03020469755431,-35.38786817985783,-34.501542767921784,2614.5114517912866,0.010828271880978181,0,TCS,5m,2026-02-13 04:45:00
2614.0,2637.89990234375,2612.800048828125,2636.10009765625,287062,0.008570282321171518,-0.04180145974985505,0.011098225344927513,0.3,0.6,-1,2651.1956234994304,2702.7848870299094,25.338383982227782,-32.364413461607455,-34.074116906658915,2615.6219590493083,0.011098225344927513,0,TCS,5m,2026-02-13 04:50:00
2637.800048828125,2646.300048828125,2637.800048828125,2643.699951171875,300112,0.002882991249983924,-0.040155428128938686,0.011131229686390598,0.3,0.55,0,2650.481749944425,2700.4678307217514,67.20946445659695,-29.02052856188402,-33.06339923770394,2617.631939069866,0.011131229686390598,0,TCS,5m,2026-02-13 04:55:00
2644.0,2656.0,2640.800048828125,2654.0,332085,0.0038960733132968883,-0.03631082062454616,0.01120258207600388,0.35,0.5,0,2650.8168213782888,2698.6455628503104,70.33388172883681,-25.248301129237916,-31.50037961601074,2620.117489956708,0.01120258207600388,0,TCS,5m,2026-02-13 05:00:00
2653.699951171875,2659.89990234375,2646.10009765625,2658.699951171875,260058,0.0017708934332612003,-0.03379728954837313,0.011229351721003556,0.4,0.5,0,2651.5675956443447,2697.0790682746856,72.11721513671176,-21.63019747879025,-29.526343188566642,2622.0752719535135,0.011229351721003556,0,TCS,5m,2026-02-13 05:05:00
2657.800048828125,2668.5,2656.0,2665.89990234375,218129,0.0027080721044514533,-0.030969500304654396,0.011268067657034204,0.45,0.45,0,2652.9325772347643,2695.8563558852375,75.7711905711374,-17.97464783035457,-27.21600411692423,2623.941317181531,0.011268067657034204,0,TCS,5m,2026-02-13 05:10:00
2666.0,2666.0,2659.0,2664.0,150090,-0.0007126682971403397,-0.030885046876884537,0.011268373249025075,0.45,0.4,0,2653.9866174981203,2694.6070870269928,77.45822094490079,-15.057333075322731,-24.784269908603928,2625.116488081094,0.011268373249025075,0,TCS,5m,2026-02-13 05:15:00
2664.0,2668.5,2659.300048828125,2662.0,192552,-0.0007507507507507061,-0.029104984830032543,0.01126659980592937,0.5,0.35,0,2654.7497967840136,2693.3283777318165,70.31600469543078,-12.759638232203088,-22.379343573323762,2626.5343320363427,0.01126659980592937,0,TCS,5m,2026-02-13 05:20:00
2662.699951171875,2670.89990234375,2660.5,2661.89990234375,127912,-3.7602425338123524e-05,0.019104097375095774,0.003182780054532413,0.55,0.3,0,2655.430759218274,2692.0958885009118,76.25446743404932,-10.822025980317449,-20.0678800547225,2627.447456720493,0.003182780054532413,0,TCS,5m,2026-02-13 05:25:00
2661.5,2663.0,2650.800048828125,2655.699951171875,139576,-0.0023291451216539416,0.01649691950723331,0.0032637215433991566,0.55,0.35,0,2655.4563965471884,2690.6685968409497,69.11935775520601,-9.675208771265716,-17.98934579803114,2628.1917023204974,0.0032637215433991566,1,TCS,5m,2026-02-13 05:30:00
2655.60009765625,2661.199951171875,2652.89990234375,2658.60009765625,67847,0.0010920459907737268,0.017879779876171398,0.003253936427704398,0.5,0.35,0,2655.7557966528134,2689.411008637628,79.41947577606143,-8.435095753781752,-16.078495789181265,2628.5529911434537,0.003253936427704398,1,TCS,5m,2026-02-13 05:35:00
2658.0,2671.199951171875,2657.800048828125,2670.199951171875,173058,0.0043631434174140615,0.0234179798507963,0.0033078388882993265,0.55,0.3,0,2657.1314304165335,2688.6576338350496,81.04485005977438,-6.442026348480795,-14.151201901041173,2629.7042012729107,0.0033078388882993265,1,TCS,5m,2026-02-13 05:40:00
2670.0,2671.60009765625,2665.0,2671.5,128605,0.00048687321245521886,0.025606553256125153,0.0032462129095285268,0.6,0.25,1,2658.499865614959,2687.984785449362,85.64242271433052,-4.703383730135101,-12.261638266859958,2630.580923234056,0.0032462129095285268,1,TCS,5m,2026-02-13 05:45:00
2670.699951171875,2674.699951171875,2664.699951171875,2669.39990234375,118981,-0.0007861117934681028,0.01652700013090258,0.0028403533002040716,0.6,0.3,1,2659.5379643510346,2687.255966504044,83.43558282208589,-3.455128685717227,-10.500336350631411,2631.3628857812987,0.0028403533002040716,1,TCS,5m,2026-02-13 05:50:00
2669.39990234375,2679.0,2667.300048828125,2674.0,91370,0.0017232703321112819,0.021000381825124093,0.0027237220332125235,0.65,0.3,1,2660.9153010795076,2686.736124680356,85.5123349753128,-2.0708170437442277,-8.814432489253974,2632.0005325462134,0.0027237220332125235,1,TCS,5m,2026-02-13 05:55:00
2674.300048828125,2674.300048828125,2669.0,2672.10009765625,49030,-0.0007105094778422361,0.018330829899485535,0.002742809957326781,0.6,0.3,1,2661.980519801102,2686.1621628362736,77.95035294296048,-1.114202502169519,-7.274386491837084,2632.321618278644,0.002742809957326781,1,TCS,5m,2026-02-13 06:00:00
2672.199951171875,2674.699951171875,2669.0,2674.0,56054,0.0007110146604973888,0.022953328232593773,0.0025094203281559218,0.6,0.25,1,2663.1252322009973,2685.685215274067,75.80926237860544,-0.20046154898773239,-5.859601503267213,2632.689419295232,0.0025094203281559218,1,TCS,5m,2026-02-13 06:05:00
2674.10009765625,2686.0,2672.800048828125,2686.0,93230,0.004487658937920802,0.025543087262535957,0.0026145586140767212,0.65,0.2,1,2665.303781515188,2685.6975597731234,76.49010905504491,1.4749817795614035,-4.39268484670149,2633.421739446484,0.0026145586140767212,1,TCS,5m,2026-02-13 06:10:00
2685.39990234375,2688.89990234375,2681.0,2688.39990234375,89689,0.0008934856082465359,0.028108150500950835,0.0025285588966239003,0.7,0.2,1,2667.503412070289,2685.803533991579,75.55940279943019,2.9622873461080417,-2.9216904081395842,2634.169739239349,0.0025285588966239003,0,TCS,5m,2026-02-13 06:15:00
2688.300048828125,2693.800048828125,2687.0,2689.10009765625,130476,0.0002604505795025247,0.028375921864540077,0.0025216846775373528,0.75,0.15,1,2669.5602392689516,2685.9328109980365,72.48076686506998,4.149653016096636,-1.5074217232923404,2635.2989967607855,0.0025216846775373528,1,TCS,5m,2026-02-13 06:20:00
2690.39990234375,2693.0,2685.5,2688.800048828125,93874,-0.0001115796427163529,0.028733251352198286,0.0025093535007342134,0.75,0.15,1,2671.392602084111,2686.0452516972555,74.79992773472786,5.008700252549261,-0.20419732812402014,2636.0711602723745,0.0025093535007342134,0,TCS,5m,2026-02-13 06:25:00
2689.300048828125,2691.5,2686.199951171875,2688.5,61483,-0.00011159209412237026,0.019877812071832368,0.001879215719725854,0.7,0.15,0,2673.0218780761006,2686.141516336579,77.43254582031764,5.60072823496148,0.9567877844930798,2636.56157537009,0.001879215719725854,1,TCS,5m,2026-02-13 06:30:00
2689.0,2704.0,2689.0,2699.10009765625,151534,0.003942755311976853,0.020955534859323777,0.0019491511866751954,0.7,0.15,1,2675.505518036115,2686.649695996174,81.63266153475665,6.846333695356407,2.134696966665745,2637.9258605314762,0.0019491511866751954,0,TCS,5m,2026-02-13 06:35:00
2699.10009765625,2709.0,2697.0,2700.10009765625,136704,0.00037049385492160525,0.01737004433166911,0.0018331623593216646,0.7,0.15,0,2677.8478589523183,2687.177162727942,91.41778298040967,7.823986592300116,3.2725548917926197,2639.1977288101366,0.0018331623593216646,0,TCS,5m,2026-02-13 06:40:00
2700.89990234375,2705.0,2690.0,2698.0,94246,-0.0007777851117716228,0.014781678846762292,0.0018551828975060883,0.65,0.2,1,2679.7671104806686,2687.601587719003,87.3103065612429,8.333262563568496,4.284696426147796,2639.98666204125,0.0018551828975060883,1,TCS,5m,2026-02-13 06:45:00
2698.39990234375,2701.60009765625,2695.0,2698.10009765625,55880,3.710068800955035e-05,0.01207854626656868,0.0018010638721047121,0.6,0.2,0,2681.5131092592956,2688.013293991052,83.77697777935413,8.645286997242238,5.1568145403666845,2640.4489572932366,0.0018010638721047121,1,TCS,5m,2026-02-13 06:50:00
2698.39990234375,2709.60009765625,2696.0,2700.800048828125,104879,0.0010006860658062777,0.013813832142689497,0.0017758098993570356,0.65,0.2,0,2683.3499606468035,2688.5147353572115,84.30883757096872,9.006609515999571,5.926773535493262,2641.3543433552077,0.0017758098993570356,0,TCS,5m,2026-02-13 06:55:00
2700.89990234375,2707.5,2700.0,2707.10009765625,158642,0.0023326602170563593,0.016942185445623537,0.0017782002686157164,0.6,0.2,1,2685.611878457227,2689.243573094429,90.19177112397452,9.689625532471837,6.679343934888978,2642.7338046195,0.0017782002686157164,1,TCS,5m,2026-02-13 07:00:00
2707.39990234375,2711.800048828125,2701.5,2706.699951171875,186070,-0.00014781370098626567,0.016830102735523322,0.001781237321418557,0.6,0.2,1,2687.620266334812,2689.9281369406035,88.28994688423737,10.082408440840481,7.359956836079279,2644.3220172871006,0.001781237321418557,0,TCS,5m,2026-02-13 07:05:00
2707.39990234375,2707.39990234375,2697.10009765625,2702.89990234375,80239,-0.001403941662052266,0.0177730737808115,0.001705086189700727,0.6,0.2,0,2689.0754697642346,2690.43683362308,84.52847540014452,9.972107297964612,7.882386928456347,2644.9382936416264,0.001705086189700727,0,TCS,5m,2026-02-13 07:10:00
2701.800048828125,2709.0,2696.199951171875,2697.89990234375,62570,-0.001849865026693931,0.014782142196618997,0.0018097528864939847,0.65,0.25,1,2689.915891914665,2690.729502984675,75.05194951428484,9.373186376361446,8.180546818037367,2645.398122261468,0.0018097528864939847,0,TCS,5m,2026-02-13 07:15:00
2697.699951171875,2699.0,2692.300048828125,2696.0,75086,-0.0007042152831909787,0.009662216051199435,0.0016199119803997316,0.6,0.3,0,2690.4953307799346,2690.9361891421386,63.297665117003866,8.645570237982156,8.273551502026326,2645.8887735825656,0.0016199119803997316,0,TCS,5m,2026-02-13 07:20:00
2696.0,2696.0,2680.699951171875,2683.0,121081,-0.004821958456973308,0.00430469773535469,0.0020076506318278957,0.55,0.35,0,2689.7814897532744,2690.624966038525,44.398520994782956,6.939938559901293,8.00682891360132,2646.5178736293005,0.0020076506318278957,0,TCS,5m,2026-02-13 07:25:00
2683.0,2690.199951171875,2682.0,2687.5,68367,0.001677226984718505,0.00678058676796911,0.0020184232454752266,0.5,0.3,0,2689.564205014867,2690.50241835074,48.461459008234975,5.883504184654157,7.582163967811888,2646.8645667820388,0.0020184232454752266,0,TCS,5m,2026-02-13 07:30:00
2688.0,2688.5,2679.199951171875,2683.0,56190,-0.0016744186046511178,0.0033657442034404905,0.0020387433135417915,0.45,0.35,0,2688.939042632499,2690.208205866397,44.839854559355686,4.629790595105533,6.991689293270617,2647.1238534690206,0.0020387433135417915,0,TCS,5m,2026-02-13 07:35:00
2683.199951171875,2693.89990234375,2683.199951171875,2693.300048828125,62139,0.0038390044085445663,0.00793381624830225,0.0021839663427996986,0.5,0.35,0,2689.354376555892,2690.329454609994,53.625390456451434,4.416431528670273,6.476637740350549,2647.4572636143685,0.0021839663427996986,0,TCS,5m,2026-02-13 07:40:00
2694.0,2699.89990234375,2693.0,2697.800048828125,47370,0.0016708127272926365,0.008900541820540342,0.002201691988958153,0.5,0.35,0,2690.1587262961048,2690.6224190891367,48.9184347465786,4.557914521876683,6.092893096655776,2647.747731083187,0.002201691988958153,0,TCS,5m,2026-02-13 07:45:00
2697.800048828125,2698.60009765625,2693.0,2693.800048828125,35007,-0.0014826895720969624,0.002903964567432915,0.0020222137388282925,0.45,0.35,0,2690.5055189182017,2690.7470320200778,45.00791228009085,4.297732655906202,5.733861008505861,2647.9525698104158,0.0020222137388282925,0,TCS,5m,2026-02-13 07:50:00
2693.800048828125,2696.5,2690.199951171875,2692.89990234375,30893,-0.00033415489942045795,0.0016738581176396483,0.0020169856185531733,0.4,0.4,0,2690.7335554349206,2690.8314583072806,45.88039945729341,3.9731028971368687,5.381709386232063,2648.124523012259,0.0020169856185531733,0,TCS,5m,2026-02-13 07:55:00
2693.699951171875,2695.89990234375,2685.89990234375,2687.5,43759,-0.002005236934002008,-0.0005950309018413202,0.002069586299523539,0.35,0.45,0,2690.425597774452,2690.700812883466,42.11304550012352,3.242724376125352,4.953912384210721,2648.3474820001597,0.002069586299523539,0,TCS,5m,2026-02-13 08:00:00
2687.5,2696.0,2686.199951171875,2696.0,93471,0.0031627906976743336,0.0026777562634354712,0.0021886892117327274,0.4,0.4,0,2690.956493224504,2690.9086241429377,46.71230631853891,3.3115990462601985,4.625449716620617,2648.8493710924517,0.0021886892117327274,0,TCS,5m,2026-02-13 08:05:00
2696.0,2697.199951171875,2691.0,2691.699951171875,65233,-0.0015949736009365223,0.0011902366270690745,0.0022223952790163797,0.45,0.4,0,2691.0272987433013,2690.939656575445,39.15486371154369,2.9847978237944517,4.2973193380553845,2649.1974018919063,0.0022223952790163797,0,TCS,5m,2026-02-13 08:10:00
2691.699951171875,2692.0,2684.300048828125,2686.699951171875,40443,-0.0018575621691501176,-0.004594178072588884,0.0020619613162108667,0.4,0.45,0,2690.6151704031654,2690.7733936184422,36.77250385909617,2.295881791107149,3.897031828665738,2649.3832366473716,0.0020619613162108667,0,TCS,5m,2026-02-13 08:15:00
2687.10009765625,2689.60009765625,2685.10009765625,2689.5,21682,0.0010421888856266825,-0.00392581655230162,0.0020776364229149486,0.35,0.45,0,2690.508963698102,2690.7234566137977,41.018843966199995,1.9533345860763802,3.5082923801478665,2649.4831610241654,0.0020776364229149486,0,TCS,5m,2026-02-13 08:20:00
2689.39990234375,2699.300048828125,2689.10009765625,2699.300048828125,48423,0.0036438181179121454,0.0004818564967106198,0.00224113191387655,0.4,0.4,0,2691.346209900961,2691.059793563379,50.881702708603015,2.444467199921746,3.2955273441026427,2649.749402696733,0.00224113191387655,0,TCS,5m,2026-02-13 08:25:00
2699.0,2704.699951171875,2696.0,2701.5,57550,0.0008150080139590621,0.0012601097886262291,0.002248065723771792,0.45,0.4,0,2692.313237529441,2691.469213423639,53.450430691188906,2.9768952136541884,3.231800918012952,2650.0946069458655,0.002248065723771792,0,TCS,5m,2026-02-13 08:30:00
2702.5,2702.800048828125,2696.39990234375,2698.300048828125,40641,-0.001184509040116577,-0.0009256516420328431,0.002253311138780092,0.4,0.4,0,2692.8834100340773,2691.737089321854,60.944218000705526,3.1048481769289538,3.206410369796153,2650.328127268251,0.002253311138780092,0,TCS,5m,2026-02-13 08:35:00
2698.0,2703.0,2696.199951171875,2702.800048828125,32128,0.0016677166803427124,-0.001588433627499719,0.002221074985724266,0.45,0.45,0,2693.8278518239867,2692.1709308711197,60.944218000705526,3.5286876988452605,3.2708658356059748,2650.516787165607,0.002221074985724266,0,TCS,5m,2026-02-13 08:40:00
2702.800048828125,2704.0,2698.0,2699.39990234375,33010,-0.0012580088881710694,-0.0026970292089318892,0.002236752117923731,0.45,0.45,0,2694.3585233020594,2692.4544199484776,61.91848292797172,3.549305978529901,3.3265538641907604,2650.708391728967,0.002236752117923731,0,TCS,5m,2026-02-13 08:45:00
2699.0,2701.0,2695.60009765625,2700.89990234375,62365,0.0005556790598895134,-0.0007399460106775058,0.0022209972048455205,0.45,0.45,0,2694.9815117822204,2692.7856153365274,56.333185493223084,3.6446700896385664,3.3901771092803217,2651.057049213374,0.0022209972048455205,0,TCS,5m,2026-02-13 08:50:00
2700.89990234375,2708.60009765625,2700.39990234375,2704.199951171875,69065,0.001221833073214329,0.00233516774386322,0.002194920299608386,0.45,0.4,0,2695.8594583907593,2693.2332363496785,55.442066714830226,3.9411026177972417,3.500362210983706,2651.4787246471205,0.002194920299608386,0,TCS,5m,2026-02-13 08:55:00
2704.199951171875,2705.0,2693.10009765625,2694.0,61111,-0.0037718923733633947,-0.0007418397626113293,0.0023566942663368,0.45,0.4,0,2695.682367115449,2693.263305512436,50.153808016045616,3.314766156144742,3.4632430000159133,2651.797463143256,0.0023566942663368,0,TCS,5m,2026-02-13 09:00:00
2694.0,2699.199951171875,2693.300048828125,2696.699951171875,48434,0.0010022090467241007,0.005106206176621386,0.002077254230650368,0.45,0.35,0,2695.7792798827277,2693.398075930453,52.84434584614035,3.0016523135050193,3.3709248627137347,2652.041660913634,0.002077254230650368,0,TCS,5m,2026-02-13 09:05:00
2696.60009765625,2696.89990234375,2691.0,2695.39990234375,41613,-0.00048208879432809493,0.002939498546511654,0.002055540383605251,0.45,0.4,0,2695.7431486885393,2693.476578927053,56.29974301066895,2.6184207375295045,3.220424037676889,2652.2401345208414,0.002055540383605251,0,TCS,5m,2026-02-13 09:10:00
2695.39990234375,2696.0,2692.0,2692.300048828125,36681,-0.0011500532863155666,0.0034662873008293182,0.002034296073742678,0.45,0.35,0,2695.415234416119,2693.430440491801,46.77142406721744,2.041046763794384,2.9845485829003886,2652.4094404089183,0.002034296073742678,0,TCS,5m,2026-02-13 09:15:00
2692.199951171875,2695.300048828125,2690.89990234375,2692.60009765625,32583,0.00011144702398824258,-0.0002598860725449015,0.0018426694836879392,0.4,0.4,0,2695.1471261532743,2693.397878027662,50.84441431496402,1.5893639642367816,2.7055116591676676,2652.556849728871,0.0018426694836879392,0,TCS,5m,2026-02-13 09:20:00
2693.5,2696.5,2691.0,2695.10009765625,46145,0.0009284705895153955,-0.0010007973619274857,0.0018142589315857428,0.4,0.4,0,2695.142647248796,2693.4646317385873,58.26785276604335,1.4167992185521143,2.447769171044557,2652.770281718221,0.0018142589315857428,0,TCS,5m,2026-02-13 09:25:00
2694.800048828125,2696.699951171875,2688.800048828125,2694.0,119793,-0.00040818434061384856,7.422643412668961e-05,0.0017852306332905466,0.45,0.45,0,2695.0338237012916,2693.4856265723683,54.58247561084758,1.1776959811945744,2.1937545330745607,2653.3007074759566,0.0017852306332905466,0,TCS,5m,2026-02-13 09:30:00
2694.0,2694.5,2687.0,2689.60009765625,105063,-0.0016332228447475394,-0.0012253722036337233,0.0018214926384503415,0.45,0.45,0,2694.5163259827164,2693.3332528893834,38.90164529735467,0.6259539873963149,1.8801944239389117,2653.722698624331,0.0018214926384503415,0,TCS,5m,2026-02-13 09:35:00
2689.60009765625,2692.0,2688.699951171875,2690.199951171875,103677,0.0002230270277532309,0.001004632994185961,0.00176345299812738,0.45,0.4,0,2694.105242667398,2693.2103783122266,36.57946775998747,0.23439568025514745,1.5510346752021589,2654.129066776425,0.00176345299812738,0,TCS,5m,2026-02-13 09:40:00
2689.5,2693.199951171875,2685.0,2692.5,134992,0.0008549731878193523,-0.0012982195845697708,0.0016187316929215283,0.45,0.45,0,2693.9523624133603,2693.182520339198,42.96109744896447,0.10842773154490715,1.2625132864707085,2654.6438863385633,0.0016187316929215283,0,TCS,5m,2026-02-13 09:45:00
2692.5,2697.39990234375,2691.89990234375,2696.0,181194,0.0012999071494892434,0.0015975216057246833,0.0016039621754981243,0.45,0.45,0,2694.1473755168495,2693.2930097376607,41.542217552639094,0.2877015297744947,1.0675509351314658,2655.40365658541,0.0016039621754981243,0,TCS,5m,2026-02-13 09:50:00
2696.199951171875,2697.800048828125,2690.0,2692.199951171875,143097,-0.0014095136602837455,0.0020471210406658447,0.0015783858341063472,0.5,0.45,0,2693.9619065316137,2693.2501446958654,41.13303306734337,0.1217417611323981,0.8783891003316523,2655.9579895843226,0.0015783858341063472,0,TCS,5m,2026-02-13 09:55:00
2708.0,2708.0,2688.300048828125,2690.0,116845,-0.006683688565247259,-0.0034453557069961116,0.002429657657700217,0.5,0.5,0,2694.8028389316332,2693.6822018397097,39.82812232206253,0.6912822197782589,0.9018201377058221,2695.433349609375,0.002429657657700217,0,TCS,5m,2026-02-16 03:50:00
2689.5,2689.89990234375,2674.89990234375,2680.699951171875,98015,-0.00345726722235129,-0.007699444319128279,0.0025244795549344686,0.45,0.55,0,2693.459706764037,2693.173093970383,40.3483160002126,-0.5030510391848111,0.6208459023276955,2689.2292466038025,0.0025244795549344686,0,TCS,5m,2026-02-16 03:55:00
2680.800048828125,2695.699951171875,2680.800048828125,2690.5,51374,0.0036557798360987714,-0.0028907270084780334,0.002671371771024834,0.5,0.55,0,2693.177829929367,2693.068266755858,45.92109785831537,-0.6512791727186595,0.36642088731842454,2689.1850098984087,0.002671371771024834,0,TCS,5m,2026-02-16 04:00:00
2690.39990234375,2692.5,2683.199951171875,2685.0,38420,-0.0020442296970822893,-0.006585780859313939,0.0026680138941727934,0.45,0.5,0,2692.398988983713,2692.7518641379816,43.51628614916286,-1.1987367796446051,0.05338935392581862,2688.896844617065,0.0026680138941727934,-1,TCS,5m,2026-02-16 04:05:00
2685.800048828125,2688.300048828125,2681.0,2684.0,31883,-0.0003724394785847851,-0.005704935504509345,0.0026590821088443442,0.4,0.55,0,2691.599085270979,2692.4086537796293,44.68629161078966,-1.69376781892106,-0.2960420806435572,2688.473979935529,0.0026590821088443442,0,TCS,5m,2026-02-16 04:10:00
2683.89990234375,2684.5,2678.5,2680.5,42386,-0.001304023845007496,-0.007553001992427699,0.002660738652834167,0.4,0.55,0,2690.5420295308854,2691.9416477490554,42.55839234127913,-2.3415127320990905,-0.7051362109346639,2687.6565901750396,0.002660738652834167,0,TCS,5m,2026-02-16 04:15:00
2680.89990234375,2685.699951171875,2676.0,2683.89990234375,31141,0.001268383638780124,-0.00750685940191953,0.0026622295687783485,0.4,0.6,-1,2689.9094459892535,2691.6262851841416,43.18724531619402,-2.5511039986818105,-1.0743297684840933,2687.216889229502,0.0026622295687783485,0,TCS,5m,2026-02-16 04:20:00
2685.0,2690.699951171875,2682.199951171875,2689.699951171875,25708,0.002161052587341228,-0.0015961576941815325,0.0025932566259137223,0.45,0.55,0,2689.8894941018843,2691.550742673857,47.52586790581638,-2.2235593124360093,-1.3041756772744766,2687.2355547007755,0.0025932566259137223,0,TCS,5m,2026-02-16 04:25:00
2690.0,2701.0,2690.0,2698.800048828125,56013,0.0033833133142919802,0.000778765785691915,0.0026979393088302733,0.5,0.55,0,2690.738118361526,2691.8350291897104,55.021788669891656,-1.2156625593243007,-1.2864730536844415,2688.3021419009046,0.0026979393088302733,0,TCS,5m,2026-02-16 04:30:00
2699.5,2699.699951171875,2692.10009765625,2693.0,32137,-0.002149121358821504,-0.0008903696782296411,0.0027404122099157703,0.5,0.5,0,2690.9535356604283,2691.880714319526,51.44629818787123,-0.8748281144366956,-1.2041440658348923,2688.708895429344,0.0027404122099157703,0,TCS,5m,2026-02-16 04:35:00
2693.0,2708.5,2692.10009765625,2701.699951171875,66450,0.00323057971476981,0.0034914022112213505,0.002820981449563948,0.55,0.5,0,2691.9770038043757,2692.265782431383,54.45732170358331,0.09619016936449043,-0.9440772187950157,2690.06607358187,0.002820981449563948,0,TCS,5m,2026-02-16 04:40:00
2701.60009765625,2702.199951171875,2696.800048828125,2698.39990234375,31792,-0.0012214712543091588,0.002153979230910874,0.0028383298808169707,0.55,0.45,0,2692.5887084271735,2692.5063361534367,51.16499561497073,0.5926115373995344,-0.6367394675561058,2690.5294004331868,0.0028383298808169707,0,TCS,5m,2026-02-16 04:45:00
2697.5,2701.5,2695.5,2698.5,37103,3.709518969485792e-05,0.0012615124561445867,0.0028318157879912748,0.5,0.5,0,2693.1516885769665,2692.7413817944785,53.172212865870904,0.9827772480412023,-0.3128361244366442,2690.9779791664278,0.0028318157879912748,0,TCS,5m,2026-02-16 04:50:00
2698.699951171875,2698.699951171875,2691.699951171875,2693.199951171875,22410,-0.0019640721986752263,-0.0002969743237286604,0.0028667088537804707,0.45,0.5,0,2693.156285014577,2692.759364907318,41.600860956134724,0.8544669752400296,-0.07937550450130942,2691.09485914425,0.0028667088537804707,0,TCS,5m,2026-02-16 04:55:00
2692.800048828125,2701.0,2692.0,2698.10009765625,19981,0.001819451423294094,0.0031603211226112204,0.002867833425943461,0.5,0.45,0,2693.627124313784,2692.968805407276,55.3642683912692,1.1350963445879643,0.1635188653165453,2691.263969028546,0.002867833425943461,0,TCS,5m,2026-02-16 05:00:00
2698.39990234375,2701.5,2694.5,2696.0,21277,-0.0007783616545858907,0.00215599172306824,0.0028754376565069462,0.55,0.45,0,2693.853112474376,2693.087675783461,61.20053331617571,1.174497930961934,0.36571467844562305,2691.442599008161,0.0028754376565069462,0,TCS,5m,2026-02-16 05:05:00
2695.89990234375,2699.39990234375,2695.10009765625,2697.0,10182,0.00037091988130555364,0.0016713091922004875,0.0028708850403467317,0.5,0.4,0,2694.152816048245,2693.241100262541,55.46214004940217,1.2717556076831897,0.5469228642931364,2691.5220985381115,0.0028708850403467317,0,TCS,5m,2026-02-16 05:10:00
2697.0,2697.199951171875,2690.699951171875,2691.699951171875,25623,-0.001965164563635491,-0.0015949736009365223,0.0028910710817283995,0.45,0.45,0,2693.919209869543,2693.1806630432993,55.649148809156216,0.9106657828401694,0.619671448002543,2691.5787603959748,0.0028910710817283995,0,TCS,5m,2026-02-16 05:15:00
2691.699951171875,2692.39990234375,2685.300048828125,2687.0,30142,-0.0017460902987455063,-0.00193148772980678,0.002900208117235065,0.4,0.45,0,2693.260237501015,2692.938284100425,52.38093392753342,0.24245781196896132,0.5442287207958267,2691.4509360152506,0.002900208117235065,0,TCS,5m,2026-02-16 05:20:00
2687.0,2689.89990234375,2685.0,2687.0,39436,0.0,-0.007791476273167008,0.002534949453035295,0.35,0.5,0,2692.6640244056803,2692.7054102141337,55.46214004940217,-0.28383000352232557,0.3786169759321963,2691.2533095041504,0.002534949453035295,0,TCS,5m,2026-02-16 05:25:00
2687.0,2687.0,2678.699951171875,2681.0,55821,-0.0022329735764793357,-0.0033457249070631967,0.0021135018132853608,0.35,0.5,0,2691.553164938473,2692.246374519462,47.66515701907503,-1.171561710775677,0.06858123859062165,2690.683823260046,0.0021135018132853608,0,TCS,5m,2026-02-16 05:30:00
2681.0,2685.5,2681.0,2682.300048828125,18401,0.00048491190903576786,0.0005968954696142781,0.0019692456137977116,0.35,0.45,0,2690.671915785106,2691.8563225315665,43.57653900276351,-1.750019276200419,-0.2951388643675865,2690.525806478911,0.0019692456137977116,0,TCS,5m,2026-02-16 05:35:00
2682.300048828125,2684.5,2679.10009765625,2681.89990234375,19175,-0.00014918035905409077,-0.003196468186675294,0.0017749030990751593,0.3,0.5,0,2689.8364859335484,2691.465874681064,32.71991093226558,-2.2152040481369113,-0.6791519011214515,2690.3449716519126,0.0017749030990751593,0,TCS,5m,2026-02-16 05:40:00
2683.0,2683.199951171875,2680.0,2680.10009765625,25843,-0.0006710931626967565,-0.0018249170740223253,0.0017239494794361928,0.3,0.5,0,2688.90921085952,2691.020157934993,35.634977597981646,-2.69799472431896,-1.0829204657609532,2690.0928315382953,0.0017239494794361928,0,TCS,5m,2026-02-16 05:45:00
2680.199951171875,2684.800048828125,2678.800048828125,2683.300048828125,11403,0.0011939670367808741,-0.0002607865767045858,0.0017458806161073984,0.35,0.5,0,2688.375004951768,2690.7174085582533,26.650101620978532,-2.7902363888215405,-1.4243836503730707,2690.00016760176,0.0017458806161073984,0,TCS,5m,2026-02-16 05:50:00
2684.699951171875,2685.39990234375,2677.0,2679.800048828125,28459,-0.0013043640056312755,-0.0002611270926599074,0.0017458938709799569,0.4,0.5,0,2687.558342463802,2690.2892768041306,26.515539170052335,-3.109910212703653,-1.7614889628391874,2689.7330823698985,0.0017458938709799569,0,TCS,5m,2026-02-16 05:55:00
2678.800048828125,2684.5,2678.199951171875,2681.300048828125,17903,0.0005597432542236991,-0.0009686849771687323,0.0017256229046942937,0.35,0.45,0,2686.9623144984994,2689.9367580599737,29.02457469169987,-3.2052682204443954,-2.050244814360229,2689.583497901024,0.0017256229046942937,0,TCS,5m,2026-02-16 06:00:00
2680.800048828125,2682.60009765625,2678.10009765625,2681.5,27193,7.457247164954772e-05,-0.003048649039199436,0.0016463540004829547,0.3,0.5,0,2686.4420940700707,2689.6059048027196,33.70486987153768,-3.2275011162687406,-2.2856960747419315,2689.3504160362286,0.0016463540004829547,0,TCS,5m,2026-02-16 06:05:00
2681.300048828125,2682.0,2678.0,2679.0,57854,-0.0009323140033563604,-0.007336612001590304,0.0014268815925568897,0.25,0.55,0,2685.7333232062547,2689.189986967319,21.492391557835816,-3.4075696116719882,-2.510070782127943,2688.836605461812,0.0014268815925568897,0,TCS,5m,2026-02-16 06:10:00
2679.0,2681.39990234375,2671.0,2680.699951171875,80603,0.0006345469099944268,-0.004567415086566995,0.0013788697744012187,0.25,0.6,0,2685.2539544410756,2688.8570443871054,26.888041481962276,-3.374207574569027,-2.6828981406161603,2688.070022674906,0.0013788697744012187,0,TCS,5m,2026-02-16 06:15:00
2680.39990234375,2681.699951171875,2678.0,2679.300048828125,47504,-0.000522215230816081,-0.008291039992814109,0.0011132038735543368,0.25,0.6,0,2684.686915811271,2688.4822602475374,23.581969901249863,-3.4212898398777725,-2.830576480468483,2687.7424062949367,0.0011132038735543368,0,TCS,5m,2026-02-16 06:20:00
2680.0,2684.5,2679.0,2683.89990234375,22624,0.0017168116417707324,-0.005373554893552179,0.001192329368367731,0.3,0.6,0,2684.6119621476973,2688.302559937585,38.10952235628633,-3.0522487149855806,-2.8749109273719027,2687.646234371936,0.001192329368367731,0,TCS,5m,2026-02-16 06:25:00
2683.699951171875,2686.0,2683.199951171875,2684.39990234375,46594,0.0001862960684797521,-0.005225161258569533,0.001194807449037334,0.35,0.55,0,2684.591765975893,2688.1495145417484,45.45431264085229,-2.688444429500578,-2.8376176277976377,2687.5335952873,0.001194807449037334,0,TCS,5m,2026-02-16 06:30:00
2684.89990234375,2689.5,2684.0,2687.300048828125,31573,0.0010803705073312297,-0.0021906662894386475,0.0011598666742375307,0.4,0.5,0,2684.8496976761053,2688.116202160822,50.4762716724925,-2.1414243218396223,-2.6983789666060347,2687.5192300811486,0.0011598666742375307,0,TCS,5m,2026-02-16 06:35:00
2687.300048828125,2690.0,2685.0,2685.0,26536,-0.0008558958011137818,-0.004855304541010019,0.0010770704248368123,0.4,0.5,0,2684.864012183143,2687.9939981545153,57.19429514876875,-1.8719232970343,-2.533087832691688,2687.502419592573,0.0010770704248368123,0,TCS,5m,2026-02-16 06:40:00
2685.10009765625,2689.5,2682.5,2689.300048828125,21193,0.0016015079434357204,-0.002485145093425456,0.0011441584803461669,0.35,0.55,0,2685.286491863618,2688.0452158279904,61.36370842449031,-1.2964194731112002,-2.285754160775591,2687.496181002812,0.0011441584803461669,0,TCS,5m,2026-02-16 06:45:00
2689.0,2690.0,2685.0,2689.699951171875,20820,0.00014870127411925615,-0.002706729265155694,0.0011401736245344539,0.4,0.55,0,2685.706821321547,2688.110107410104,62.6625975981927,-0.7988511110133913,-1.988373550823151,2687.5072395016305,0.0011401736245344539,0,TCS,5m,2026-02-16 06:50:00
2689.800048828125,2693.5,2687.699951171875,2693.39990234375,25535,0.001375599969900998,0.0006315529972553691,0.001101997762025658,0.45,0.5,0,2686.439495704614,2688.317550348678,70.33627499290716,-0.10476183228547598,-1.6116512071156162,2687.5799779695894,0.001101997762025658,0,TCS,5m,2026-02-16 06:55:00
2693.89990234375,2695.60009765625,2690.0,2694.0,37943,0.00022280302888844083,0.002605135839225836,0.00101964866086158,0.5,0.45,0,2687.1595437327455,2688.5403915114753,67.77409176812205,0.48810521430777953,-1.1916999228309373,2687.7269100068547,0.00101964866086158,0,TCS,5m,2026-02-16 07:00:00
2694.10009765625,2694.10009765625,2687.5,2688.800048828125,37129,-0.0019301971684761998,0.0006699102449292393,0.0011191512431211323,0.5,0.45,0,2687.315782313258,2688.550574151344,64.15103031047508,0.5322288158558877,-0.8469141750935723,2687.786939880485,0.0011191512431211323,0,TCS,5m,2026-02-16 07:05:00
2688.800048828125,2690.699951171875,2685.199951171875,2688.800048828125,33147,0.0,0.0029093803909454596,0.0009843462126610963,0.5,0.45,0,2687.4571410289595,2688.560357472002,62.37631740097335,0.5607333034977273,-0.5653846793753123,2687.796664082826,0.0009843462126610963,0,TCS,5m,2026-02-16 07:10:00
2688.89990234375,2690.89990234375,2685.39990234375,2686.300048828125,32640,-0.0009297827858525398,0.0014912574757426356,0.0010092056092072096,0.55,0.45,0,2687.346941771737,2688.4717179173404,57.36207116057186,0.37724555673867144,-0.3768586321525156,2687.7911328458104,0.0010092056092072096,0,TCS,5m,2026-02-16 07:15:00
2687.300048828125,2690.699951171875,2684.60009765625,2685.39990234375,77373,-0.0003350878412735625,0.0013050449783533757,0.0010122306820588925,0.55,0.45,0,2687.1615094452623,2688.351254561513,60.32242313508064,0.15738169876658503,-0.2700105659686955,2687.7488727592895,0.0010122306820588925,0,TCS,5m,2026-02-16 07:20:00
2685.89990234375,2687.60009765625,2682.39990234375,2683.89990234375,14359,-0.000558576023887869,0.0014177846158891505,0.001008224908094694,0.55,0.5,0,2686.850880197499,2688.176691729444,55.194717693033276,-0.13632795290732247,-0.2432740433564209,2687.7216929006718,0.001008224908094694,0,TCS,5m,2026-02-16 07:25:00
2683.89990234375,2687.0,2682.10009765625,2687.0,19076,0.0011550720105257817,0.001378880894624901,0.001005980500754446,0.5,0.5,0,2686.8650820834514,2688.1305469557406,61.845989738658815,-0.11758751992601901,-0.21813673867034053,2687.6947119115803,0.001005980500754446,0,TCS,5m,2026-02-16 07:30:00
2687.0,2689.89990234375,2686.300048828125,2688.300048828125,13504,0.00048382911355604463,0.0031718784406011835,0.0009556660318564067,0.5,0.45,0,2687.001745582944,2688.137194087991,57.53438401404624,0.0021427830288303085,-0.17408083433050636,2687.6985088670067,0.0009556660318564067,0,TCS,5m,2026-02-16 07:35:00
2688.300048828125,2689.699951171875,2686.10009765625,2686.89990234375,12332,-0.0005208296912337929,0.0020884844715802764,0.000962326940240477,0.5,0.5,0,2686.99204622683,2688.0886728431187,54.15274308146513,-0.01576844028204505,-0.1424183555208141,2687.6975471767787,0.000962326940240477,0,TCS,5m,2026-02-16 07:40:00
2686.89990234375,2688.5,2685.0,2686.89990234375,18032,0.0,0.0020137618287339176,0.0009625944948506154,0.5,0.5,0,2686.9832706189177,2688.042054392163,49.26444849344331,-0.02962175267339262,-0.11985903495132981,2687.6880760077247,0.0009625944948506154,0,TCS,5m,2026-02-16 07:45:00
2687.800048828125,2691.0,2686.89990234375,2690.0,23090,0.0011537823398428682,0.004106009705113767,0.0009577403368241849,0.55,0.45,0,2687.270578179021,2688.1188365728626,58.9284157293574,0.2071633199138887,-0.054454563978286116,2687.7095650767797,0.0009577403368241849,0,TCS,5m,2026-02-16 07:50:00
2690.39990234375,2693.5,2690.0,2693.39990234375,26581,0.0012639042170075054,0.0047375504171300875,0.0009826013705028077,0.6,0.4,0,2687.8543233375667,2688.325937191329,57.56420997630694,0.6615351356026622,0.08874337593790355,2687.7789500418626,0.0009826013705028077,0,TCS,5m,2026-02-16 07:55:00
2693.60009765625,2693.60009765625,2685.699951171875,2688.800048828125,42930,-0.0017078241933633498,0.0035457021710409986,0.0010632569231813908,0.6,0.45,0,2687.9443924319057,2688.3445298045367,48.56246977520552,0.6430457063561335,0.19960384202154952,2687.8167865815253,0.0010632569231813908,0,TCS,5m,2026-02-16 08:00:00
2689.699951171875,2691.0,2688.199951171875,2689.800048828125,14054,0.0003719131143409271,0.002198348186988053,0.0010015181662785784,0.55,0.45,0,2688.121121612498,2688.4016089819324,43.706625009603314,0.7010036098654382,0.2998837955903273,2687.8311063905503,0.0010015181662785784,0,TCS,5m,2026-02-16 08:05:00
2688.699951171875,2689.89990234375,2685.60009765625,2687.89990234375,17847,-0.0007064266673662001,0.0013038295810336997,0.0010177145839048907,0.5,0.5,0,2688.1000531107125,2688.3819342118077,39.79930106473317,0.5868449416693693,0.35727602480613574,2687.83080327064,0.0010177145839048907,0,TCS,5m,2026-02-16 08:10:00
2687.0,2690.0,2687.0,2689.0,19420,0.00040927776190269327,0.0006325870356815866,0.0009932671077106984,0.5,0.5,0,2688.1857623382634,2688.4061720858545,50.38749420414652,0.578473776012288,0.4015155750473662,2687.8395642746887,0.0009932671077106984,0,TCS,5m,2026-02-16 08:15:00
2689.39990234375,2691.199951171875,2686.199951171875,2686.199951171875,27178,-0.0010412974444495848,0.000446909188780209,0.0010028101039560656,0.5,0.55,0,2687.996637465274,2688.3196536186397,45.45446785263086,0.34195715821397243,0.38960389168068743,2687.8399553740733,0.0010028101039560656,0,TCS,5m,2026-02-16 08:20:00
2686.60009765625,2686.800048828125,2683.0,2684.5,32825,-0.0006328461033339172,-0.0017848692005254518,0.0009401834246392039,0.5,0.55,0,2687.663624373343,2688.169863280654,46.76256465649726,0.017146527616205276,0.315112418867791,2687.78721617777,0.0009401834246392039,0,TCS,5m,2026-02-16 08:25:00
2684.800048828125,2687.300048828125,2684.0,2684.5,48913,0.0,-0.0019332829930005513,0.0009387925063661804,0.5,0.55,0,2687.362326813977,2688.02594707357,48.32734335293691,-0.23753013769692188,0.20458390755484845,2687.7243700387203,0.0009387925063661804,0,TCS,5m,2026-02-16 08:30:00
2684.699951171875,2686.39990234375,2681.10009765625,2682.0,48370,-0.0009312721177128225,-0.004232532396630018,0.0008888118523737751,0.45,0.6,0,2686.8516290221696,2687.789635423626,46.59520476023801,-0.633786440860149,0.03690983787184898,2687.614695564576,0.0008888118523737751,0,TCS,5m,2026-02-16 08:35:00
2682.199951171875,2685.89990234375,2681.0,2684.89990234375,27136,0.001081246213180398,-0.003377913012713396,0.0009306414470967007,0.4,0.65,0,2686.6657502908915,2687.6763125577486,46.20923673541336,-0.7056897798388491,-0.11161008567029063,2687.565658802336,0.0009306414470967007,0,TCS,5m,2026-02-16 08:40:00
2684.89990234375,2687.10009765625,2684.10009765625,2685.0,24544,3.7281708775260824e-05,-0.0014132879943159482,0.0008335720067262812,0.45,0.6,0,2686.5071074060447,2687.5713591241115,43.77355014049472,-0.7459972576871223,-0.23848752007365698,2687.53987891281,0.0008335720067262812,0,TCS,5m,2026-02-16 08:45:00
2685.0,2686.800048828125,2684.0,2686.0,18991,0.0003724394785846741,-0.00104137487997491,0.0008393670880268955,0.45,0.6,0,2686.458811462612,2687.509737197676,48.27605560024695,-0.689303717452276,-0.32865075954938083,2687.522173927562,0.0008393670880268955,0,TCS,5m,2026-02-16 08:50:00
2686.10009765625,2699.89990234375,2686.10009765625,2698.300048828125,52963,0.004579318253211007,0.004467110814830644,0.001308769116803114,0.45,0.6,0,2687.586548354566,2687.93288667338,64.84388410993915,0.34417008773834823,-0.19408659009183504,2687.7019957001344,0.001308769116803114,0,TCS,5m,2026-02-16 08:55:00
2698.199951171875,2706.0,2696.800048828125,2706.0,66386,0.0028536304460355932,0.007671147093686326,0.001426083707502467,0.5,0.55,0,2689.340210416036,2688.6414009214827,68.6046511627907,1.764190739843798,0.19756887589529157,2688.161584703718,0.001426083707502467,0,TCS,5m,2026-02-16 09:00:00
2705.300048828125,2706.89990234375,2698.300048828125,2699.300048828125,54123,-0.002475961260855475,0.005737973488104675,0.0015516435881507782,0.55,0.5,0,2690.2887664552827,2689.0593871139004,56.37164175169395,2.3221687556761026,0.6224888518514539,2688.4818326327654,0.0015516435881507782,0,TCS,5m,2026-02-16 09:05:00
2699.39990234375,2700.800048828125,2695.5,2699.60009765625,37719,0.0001111580123356326,0.004689280854577538,0.0015384166322303377,0.55,0.5,0,2691.175559902994,2689.4727483116394,62.85712624903362,2.7568030762422495,1.049351696729613,2688.648897851124,0.0015384166322303377,0,TCS,5m,2026-02-16 09:10:00
2699.60009765625,2699.60009765625,2695.10009765625,2698.39990234375,26020,-0.0004445826304206868,0.0037569666079602104,0.0015445103295434527,0.5,0.55,0,2691.863592516399,2689.822832783487,60.18929379299173,2.970169905588591,1.4335153385014086,2688.7504996033927,0.0015445103295434527,0,TCS,5m,2026-02-16 09:15:00
2698.5,2698.5,2693.0,2695.10009765625,28721,-0.0012228745949159903,0.0030519169342135832,0.001569262677738977,0.5,0.55,0,2692.171831101147,2690.029784347125,58.2570862217643,2.840257276522607,1.7148637261056483,2688.833514419311,0.001569262677738977,0,TCS,5m,2026-02-16 09:20:00
2694.89990234375,2698.5,2694.60009765625,2698.0,23555,0.001075990589838094,0.004131191357954034,0.0015821132984896915,0.5,0.5,0,2692.7268948058,2690.3423418237085,59.91191559384377,2.9374375144884652,1.9593784837822117,2688.9150025563513,0.0015821132984896915,0,TCS,5m,2026-02-16 09:25:00
2697.39990234375,2703.5,2697.39990234375,2700.89990234375,50507,0.001074834078484077,0.004052008306226762,0.0015797243093759498,0.5,0.5,0,2693.505276476081,2690.7563638048864,66.15387917388807,3.2114320472733198,2.2097891964804335,2689.1587982559126,0.0015797243093759498,0,TCS,5m,2026-02-16 09:30:00
2701.0,2702.199951171875,2698.60009765625,2700.0,64346,-0.00033318611436472523,0.0024504707416477256,0.0015635781334871848,0.45,0.5,0,2694.1238215735966,2691.1188593419497,67.33792124091977,3.317715530753958,2.4313744633351386,2689.446410916321,0.0015635781334871848,0,TCS,5m,2026-02-16 09:35:00
2701.300048828125,2708.5,2701.300048828125,2707.0,66820,0.002592592592592702,0.00676880052118678,0.0015938763359519248,0.45,0.45,0,2695.3501242808734,2691.741649171677,71.76027804799728,3.921581900651745,2.72941595079846,2689.8693792587164,0.0015938763359519248,0,TCS,5m,2026-02-16 09:40:00
2707.0,2709.39990234375,2706.10009765625,2708.800048828125,40346,0.0006649607787680978,0.007063722081601442,0.0015955451777136921,0.5,0.45,0,2696.63106947585,2692.4106060209497,76.27468345340961,4.493599824602825,3.082252725559333,2690.1531200394297,0.0015955451777136921,0,TCS,5m,2026-02-16 09:45:00
2708.699951171875,2714.89990234375,2707.0,2713.60009765625,66919,0.0017720203564679515,0.009561440621390194,0.0016051325782339945,0.55,0.4,0,2698.2471673977925,2693.2415664772357,77.12688874735782,5.273462778949124,3.520494736237292,2690.6987063449697,0.0016051325782339945,0,TCS,5m,2026-02-16 09:50:00
2713.60009765625,2716.89990234375,2708.10009765625,2713.5,52254,-3.6887401476892734e-05,0.009111193752324276,0.0016092205350145986,0.55,0.4,0,2699.6998181218123,2694.0360148506775,76.9376678758342,5.816385077964696,3.9796728045827727,2691.1252769737857,0.0016092205350145986,0,TCS,5m,2026-02-16 09:55:00
2733.0,2733.10009765625,2718.39990234375,2720.39990234375,91068,-0.00461035406375776,0.013373031232538635,0.0024692455352267064,0.55,0.35,0,2704.5406581415227,2696.5379706634135,65.41134488547175,8.137857539695233,5.411525865508246,2723.9666341145835,0.0024692455352267064,0,TCS,5m,2026-02-17 03:50:00
2720.699951171875,2727.10009765625,2716.300048828125,2725.89990234375,72670,0.0020217615782376352,0.015421829891506755,0.002481840013631749,0.5,0.4,0,2706.574871875068,2697.689418964603,64.31647650629496,8.802609466265949,6.089742585659787,2723.5820128395776,0.002481840013631749,0,TCS,5m,2026-02-17 03:55:00
2725.5,2752.60009765625,2724.699951171875,2746.199951171875,159840,0.007447099877244456,0.023937341973107706,0.0028583857918493046,0.55,0.35,0,2710.3486889509545,2699.591792776653,78.21892131688887,10.842488979455538,7.040291864418938,2732.2684225081025,0.0028583857918493046,0,TCS,5m,2026-02-17 04:00:00
2745.300048828125,2746.10009765625,2736.0,2740.800048828125,92499,-0.0019663179811235665,0.020820197593056422,0.002944280193140659,0.55,0.3,0,2713.2488184630656,2701.207802817887,73.35599431999047,11.88636261074953,8.009506013685057,2734.202159299551,0.002944280193140659,0,TCS,5m,2026-02-17 04:05:00
2740.89990234375,2748.60009765625,2734.0,2734.0,121096,-0.002481045208326149,0.018249534450651694,0.0030414398168625927,0.55,0.35,0,2715.225121466583,2702.4937713348327,68.97663741137521,12.026301160536605,8.812865043055368,2735.2536960038447,0.0030414398168625927,0,TCS,5m,2026-02-17 04:10:00
2732.89990234375,2741.199951171875,2729.300048828125,2737.699951171875,80068,0.0013533105968819292,0.019247934166744196,0.0030402396830761643,0.55,0.35,0,2717.3655814385156,2703.874405838246,72.61139893687329,12.29404056042813,9.50910014652992,2735.3591517850396,0.0030402396830761643,0,TCS,5m,2026-02-17 04:15:00
2737.699951171875,2744.89990234375,2735.39990234375,2743.89990234375,54873,0.0022646569318969245,0.016899474739819675,0.0029374534258236372,0.55,0.35,0,2719.8926596199663,2705.4440331521873,73.53841145833333,12.85828786966158,10.178937691156253,2735.8523331581523,0.0029374534258236372,0,TCS,5m,2026-02-17 04:20:00
2744.10009765625,2750.199951171875,2743.800048828125,2749.89990234375,117012,0.0021866686881963915,0.016223171597838038,0.0029171338515136132,0.55,0.35,0,2722.7504922603266,2707.1874005714644,74.35385309835023,13.63246125587375,10.869642404099753,2737.648647794236,0.0029171338515136132,1,TCS,5m,2026-02-17 04:25:00
2749.5,2751.5,2734.39990234375,2739.0,104286,-0.0039637451292172665,0.01470749840837815,0.0030223831565936014,0.55,0.4,0,2724.2980644260097,2708.434953490231,67.6310875064567,13.214143793081348,11.338542681896072,2738.1137674942215,0.0030223831565936014,1,TCS,5m,2026-02-17 04:30:00
2738.89990234375,2739.39990234375,2732.0,2738.0,46620,-0.0003650967506388936,0.014224292841405806,0.003029421760114751,0.55,0.4,0,2725.6030106711514,2709.5943670788492,64.81834180589205,12.656041578151871,11.602042461147233,2738.0320794685385,0.003029421760114751,1,TCS,5m,2026-02-17 04:35:00
2737.89990234375,2744.699951171875,2737.300048828125,2743.199951171875,57956,0.0018991786602904348,0.01660244976632752,0.0030277069580693467,0.6,0.35,1,2727.2789097664586,2710.912233121713,65.92588071469908,12.489364533691514,11.77950687565609,2738.2470208563045,0.0030277069580693467,1,TCS,5m,2026-02-17 04:40:00
2743.199951171875,2749.5,2742.199951171875,2747.10009765625,50689,0.0014217507122324946,0.019294274095875252,0.002990950981447229,0.65,0.3,1,2729.1666419464386,2712.331365064244,65.63957490847585,12.527570961614401,11.929119692847753,2738.6346603787674,0.002990950981447229,1,TCS,5m,2026-02-17 04:45:00
2746.10009765625,2748.0,2740.0,2740.10009765625,25166,-0.002548141586093733,0.015604187418921445,0.00309165667960456,0.65,0.35,1,2730.207923442611,2713.4203349698128,61.66670949835527,11.856335872817908,11.914562928841786,2738.72993422803,0.00309165667960456,1,TCS,5m,2026-02-17 04:50:00
2740.60009765625,2741.39990234375,2735.0,2738.199951171875,31316,-0.000693458784954748,0.013810229988811207,0.003107993223679203,0.6,0.4,1,2730.969068940636,2714.3920846247956,52.69706601157386,11.043745860074523,11.740399515088333,2738.71491652525,0.003107993223679203,0,TCS,5m,2026-02-17 04:55:00
2737.5,2742.800048828125,2737.5,2738.800048828125,30020,0.00021915771928671113,0.01437038845486116,0.0031008630215375965,0.65,0.4,1,2731.7148765489683,2715.349259691593,60.900541794546186,10.32911764762548,11.458143141595762,2738.74096808463,0.0031008630215375965,0,TCS,5m,2026-02-17 05:00:00
2738.300048828125,2740.0,2731.5,2732.0,45709,-0.0024828569836760073,0.009235315847802017,0.003146738420911342,0.6,0.45,1,2731.7420311633523,2716.002229899766,53.55897535239354,9.109058968988847,10.988326307074379,2738.576811610705,0.003146738420911342,0,TCS,5m,2026-02-17 05:05:00
2732.0,2735.39990234375,2725.10009765625,2726.0,61858,-0.002196193265007307,0.006349656992702624,0.0032017000868823273,0.55,0.5,0,2731.195171052557,2716.3942993154615,35.85440495118907,7.570733121407102,10.304807669940924,2738.0918274874157,0.0032017000868823273,0,TCS,5m,2026-02-17 05:10:00
2726.800048828125,2734.60009765625,2726.800048828125,2732.699951171875,35178,0.002457795734363444,0.007038566048152006,0.0032216632857197214,0.5,0.5,0,2731.338483444873,2717.033736643164,44.4291087379945,6.8136849511561195,9.606583126183963,2737.906701797441,0.0032216632857197214,0,TCS,5m,2026-02-17 05:15:00
2732.800048828125,2734.0,2727.199951171875,2728.5,51754,-0.00153692364581548,0.0055279159756771445,0.003248631309207371,0.45,0.5,0,2731.068151688218,2717.4833940297067,46.077038275345664,5.807868371566201,8.84684017526041,2737.595062673401,0.003248631309207371,0,TCS,5m,2026-02-17 05:20:00
2728.699951171875,2733.0,2727.199951171875,2732.199951171875,87716,0.001356038545675231,-0.0002927364903494434,0.002831103652419923,0.4,0.45,0,2731.1759421152333,2718.060513917635,46.077038275345664,5.248801704725793,8.127232481153488,2737.174545461674,0.002831103652419923,0,TCS,5m,2026-02-17 05:25:00
2732.10009765625,2737.89990234375,2732.0,2733.89990234375,24851,0.0006221913484574237,0.004962505692037933,0.002617391103656907,0.45,0.45,0,2731.4353668989015,2718.681666404934,42.37806012698271,4.886579746356347,7.47910193419406,2737.130182924677,0.002617391103656907,0,TCS,5m,2026-02-17 05:30:00
2733.89990234375,2734.800048828125,2729.0,2733.300048828125,22808,-0.00021941312303008775,0.0027147535674409973,0.002585359610587297,0.45,0.45,0,2731.612955654066,2719.254936303883,36.21273506665207,4.499248532753882,6.883131253906025,2737.056024831854,0.002585359610587297,0,TCS,5m,2026-02-17 05:35:00
2732.5,2733.60009765625,2730.0,2731.39990234375,26908,-0.0006951840084991057,-0.0053892830424854266,0.0019326277565096478,0.4,0.45,0,2731.5926648626073,2719.731209481917,42.57805794503042,3.992931782229334,6.305091359570687,2736.9588260113023,0.0019326277565096478,0,TCS,5m,2026-02-17 05:40:00
2732.0,2734.5,2732.0,2733.800048828125,14329,0.0008787239401728542,-0.002553998786957501,0.001905588727604107,0.45,0.45,0,2731.8028919069425,2720.282928671965,46.007676919578,3.7422060501476153,5.792514297686073,2736.925288942502,0.001905588727604107,0,TCS,5m,2026-02-17 05:45:00
2733.800048828125,2734.39990234375,2731.0,2731.5,15267,-0.0008413376205442802,-0.000914411119239178,0.001832822980371409,0.4,0.45,0,2731.7740450586625,2720.722813822084,38.22952945626385,3.3196426093763876,5.297939960024136,2736.8788793875146,0.001832822980371409,0,TCS,5m,2026-02-17 05:50:00
2731.5,2741.0,2731.5,2740.39990234375,33341,0.0032582472428153153,0.0009862114987142512,0.0019547113191362197,0.45,0.4,0,2732.59555527629,2721.4944643523454,43.87552889507793,3.660707421272491,4.970493452273807,2736.8950561165916,0.0019547113191362197,0,TCS,5m,2026-02-17 05:55:00
2740.5,2759.300048828125,2740.0,2753.60009765625,147987,0.0048168865066775535,0.0035351855598719784,0.002177446699640241,0.45,0.4,0,2734.595987883905,2722.7535087956358,61.08367274943074,4.939213011974516,4.9642373642139495,2738.117935322411,0.002177446699640241,0,TCS,5m,2026-02-17 06:00:00
2752.800048828125,2759.0,2745.199951171875,2755.300048828125,106285,0.0006173558656255018,0.0019637611099125873,0.002129017530672795,0.4,0.4,0,2736.567803211926,2724.0298436988705,64.08570233441125,6.0202124940478825,5.175432390180736,2739.002017200247,0.002129017530672795,0,TCS,5m,2026-02-17 06:05:00
2756.300048828125,2756.300048828125,2745.60009765625,2749.89990234375,55269,-0.0019599123103386518,0.00397951892798476,0.0019688234162415544,0.35,0.35,0,2737.837526938766,2725.0443558025913,58.47313904036319,6.367762083880734,5.413898328920736,2739.3458256117424,0.0019688234162415544,0,TCS,5m,2026-02-17 06:10:00
2749.89990234375,2756.10009765625,2749.5,2756.0,46925,0.002218298073704661,0.006574141709276837,0.0020139940426562373,0.35,0.3,0,2739.567286277931,2726.258302633862,68.51843479440288,7.054109158648316,5.741940494866252,2739.7023207607613,0.0020139940426562373,0,TCS,5m,2026-02-17 06:15:00
2755.699951171875,2758.89990234375,2752.300048828125,2756.5,39096,0.00018142235123375094,0.0048483701752923825,0.0019798743720811415,0.35,0.3,0,2741.179925680033,2727.444251550181,75.71656772089884,7.551342802313684,6.103820956355738,2740.0269948536466,0.0019798743720811415,0,TCS,5m,2026-02-17 06:20:00
2756.5,2757.0,2748.0,2750.0,44557,-0.002358062760747348,0.0010556231082456957,0.0020409664041209277,0.3,0.35,0,2742.0199327581254,2728.3287907050762,64.6361664773314,7.336339613706514,6.350324687825894,2740.2869569777645,0.0020409664041209277,0,TCS,5m,2026-02-17 06:25:00
2750.0,2754.0,2747.39990234375,2750.60009765625,24783,0.00021821732954552253,0.0038319767985779407,0.0019468527196449784,0.3,0.35,0,2742.8370913198514,2729.2021752913965,69.90982272467338,7.132155850325034,6.506690920325722,2740.4143162931523,0.0019468527196449784,0,TCS,5m,2026-02-17 06:30:00
2750.60009765625,2752.60009765625,2750.0,2750.300048828125,15811,-0.00010908486056571132,0.004418997104675082,0.0019372089009194362,0.3,0.3,0,2743.547849177782,2730.0295428810723,67.37033982493298,6.866969167935622,6.578746569847703,2740.4962788998478,0.0019372089009194362,0,TCS,5m,2026-02-17 06:35:00
2750.300048828125,2752.0,2750.0,2750.800048828125,20162,0.00018179834604348244,0.00438148086244361,0.0019372300701048053,0.25,0.3,0,2744.2385348587673,2730.844072526055,66.60111564638902,6.620831805175385,6.58716361691324,2740.598640502829,0.0019372300701048053,0,TCS,5m,2026-02-17 06:40:00
2750.800048828125,2755.800048828125,2750.39990234375,2755.199951171875,30352,0.0015994991513921253,0.008491929418695143,0.001850538732043683,0.3,0.25,0,2745.282479269539,2731.7992050219696,70.01794210324297,6.70352742809564,6.6104363791497205,2740.790712730254,0.001850538732043683,0,TCS,5m,2026-02-17 06:45:00
2755.199951171875,2757.60009765625,2752.39990234375,2753.60009765625,32599,-0.0005806669366934525,0.010124760695616297,0.0017633274597316792,0.35,0.2,0,2746.0746334016067,2732.6541419880195,70.40444476358023,6.564300328817353,6.601209169083248,2741.0021592188973,0.0017633274597316792,0,TCS,5m,2026-02-17 06:50:00
2754.60009765625,2756.0,2747.5,2749.89990234375,28124,-0.0013437664080740985,0.006294123569804633,0.0017465955154067128,0.35,0.25,0,2746.4389447294297,2733.330446315695,64.45217818180225,6.085240151134258,6.49801536549345,2741.1348785475598,0.0017465955154067128,0,TCS,5m,2026-02-17 06:55:00
2749.0,2749.89990234375,2744.10009765625,2744.10009765625,31752,-0.0021090966556843727,0.005717462948964691,0.0017828396020136375,0.35,0.3,0,2746.216197389127,2733.7527855839526,60.64193926197193,5.177898154788181,6.233991923352397,2741.206271538449,0.0017828396020136375,0,TCS,5m,2026-02-17 07:00:00
2744.300048828125,2745.699951171875,2740.0,2741.300048828125,28183,-0.0010203887352784324,0.0033306850958498835,0.0017869999985980628,0.35,0.35,0,2745.74799276427,2734.048756691567,50.847590103862544,4.18464456845868,5.824122452373654,2741.220665333655,0.0017869999985980628,0,TCS,5m,2026-02-17 07:05:00
2741.300048828125,2743.0,2740.0,2742.60009765625,23593,0.0004742453598542973,0.0031823386456253377,0.001785325412210659,0.3,0.35,0,2745.448193230173,2734.384103396065,36.650548721230656,3.462473778353342,5.351792717569592,2741.2274991040376,0.001785325412210659,0,TCS,5m,2026-02-17 07:10:00
2742.5,2744.0,2741.60009765625,2743.0,25619,0.00014581139411884436,0.0035488058385810817,0.0017831026050332697,0.35,0.3,0,2745.2150319701564,2734.7219816942584,34.5864615648194,2.889113103802174,4.859256794816108,2741.2461138029794,0.0017831026050332697,0,TCS,5m,2026-02-17 07:15:00
2743.300048828125,2751.699951171875,2742.0,2748.0,27200,0.0018228217280349401,0.006077505400071903,0.0018068923442165893,0.4,0.3,0,2745.4802670206177,2735.2426882944837,47.59506032436709,2.8058349330990495,4.448572422472697,2741.3174401366987,0.0018068923442165893,0,TCS,5m,2026-02-17 07:20:00
2747.800048828125,2750.89990234375,2745.39990234375,2750.10009765625,65859,0.0007642276769468381,0.005962414418388962,0.0018051579816785476,0.35,0.3,0,2745.9202508906783,2735.8253317988665,41.690278389084504,2.8761423339515204,4.134086404768462,2741.527223209455,0.0018051579816785476,0,TCS,5m,2026-02-17 07:25:00
2750.10009765625,2754.60009765625,2749.0,2750.5,29838,0.00014541374115473182,0.006955885044847232,0.001785735736384604,0.4,0.25,0,2746.356417472519,2736.400808983225,41.52540035034966,2.9303509707710873,3.8933393179689872,2741.6506379273847,0.001785735736384604,0,TCS,5m,2026-02-17 07:30:00
2749.800048828125,2758.89990234375,2749.10009765625,2758.199951171875,66441,0.0027994732491820606,0.00649542018042748,0.0017489545527221459,0.4,0.25,0,2747.4843730629336,2737.2556773043484,61.20216392174128,3.553668931041102,3.8254052405834105,2742.024214975611,0.0017489545527221459,0,TCS,5m,2026-02-17 07:35:00
2758.60009765625,2758.89990234375,2750.0,2751.89990234375,48569,-0.002284116068325015,-0.000617444527964417,0.0014908566728137841,0.35,0.25,0,2747.9048996611064,2737.829960639227,51.5364192542999,3.4989578089971474,3.760115754266158,2742.249653321145,0.0014908566728137841,0,TCS,5m,2026-02-17 07:40:00
2751.800048828125,2752.0,2748.199951171875,2748.699951171875,65668,-0.0011628152496206967,-0.00239541884342398,0.001503273450417669,0.35,0.3,0,2747.980618852608,2738.256234777762,48.229968996100204,3.160952046574039,3.640283012727734,2742.439087234424,0.001503273450417669,0,TCS,5m,2026-02-17 07:45:00
2748.300048828125,2750.0,2745.0,2746.699951171875,60316,-0.0007276167044523163,-0.0011636609642219353,0.001448082395818668,0.35,0.35,0,2747.858650502062,2738.5873609108644,45.610146276178625,2.7005663119512064,3.4523396725724287,2742.5494617949944,0.001448082395818668,0,TCS,5m,2026-02-17 07:50:00
2746.5,2746.89990234375,2739.0,2740.10009765625,39750,-0.0024028301718246325,-0.005769195335177835,0.0014345011899884546,0.35,0.4,0,2747.1197407072227,2738.6466839204872,34.56036905932808,1.7826055122177422,3.1183928405014916,2742.541249729001,0.0014345011899884546,0,TCS,5m,2026-02-17 07:55:00
2740.5,2747.199951171875,2740.5,2742.0,107343,0.0006933696857918115,-0.005260293850897879,0.001447829346758875,0.35,0.4,0,2746.6321463541535,2738.778186511841,38.211212671569356,1.194650024038765,2.7336442772089464,2742.5680979931985,0.001447829346758875,0,TCS,5m,2026-02-17 08:00:00
2741.300048828125,2743.60009765625,2740.0,2740.199951171875,19224,-0.0006564729497173794,-0.003563654119318138,0.0013658938556712409,0.35,0.4,0,2746.0195563367934,2738.833941988705,39.746256561662854,0.5767932532903615,2.3022740724252295,2742.559118603351,0.0013658938556712409,0,TCS,5m,2026-02-17 08:05:00
2740.199951171875,2742.300048828125,2740.0,2740.300048828125,27303,3.652932560904709e-05,-0.003744655152488896,0.0013637252457860294,0.35,0.35,0,2745.474841335968,2738.891436374565,45.43261753710539,0.09412929148356852,1.8606451162368975,2742.542694921846,0.0013637252457860294,0,TCS,5m,2026-02-17 08:10:00
2740.10009765625,2741.0,2734.5,2735.699951171875,35866,-0.0016786839303298828,-0.005308547211956394,0.0014036052605058333,0.35,0.4,0,2744.5438994155784,2738.766280092106,43.54826007222979,-0.652058289820161,1.3581044350254858,2742.473766114671,0.0014036052605058333,0,TCS,5m,2026-02-17 08:15:00
2736.199951171875,2739.10009765625,2734.0,2735.89990234375,28486,7.308958418095202e-05,-0.005416659233637322,0.001401992872195291,0.35,0.45,0,2743.720661599214,2738.6538731215824,42.08011081611451,-1.2132968051673743,0.8438241869869139,2742.4129860594326,0.001401992872195291,0,TCS,5m,2026-02-17 08:20:00
2735.800048828125,2737.10009765625,2729.0,2730.800048828125,55791,-0.001864049745115337,-0.008855946129561976,0.001372437484871883,0.3,0.5,0,2742.4901270495866,2738.3458800120347,37.02126112274103,-2.0460127679516518,0.2658567959992008,2742.2206621375617,0.001372437484871883,0,TCS,5m,2026-02-17 08:25:00
2730.10009765625,2735.300048828125,2730.0,2734.0,41094,0.0011717998808620234,-0.0071179898900107785,0.0014184108595988183,0.25,0.5,0,2741.6815435210547,2738.175453344896,34.513173956724174,-2.4198424143373813,-0.2712830460681156,2742.0946667755984,0.0014184108595988183,0,TCS,5m,2026-02-17 08:30:00
2733.5,2736.199951171875,2730.0,2730.699951171875,27953,-0.0012070405369879467,-0.006982054566971985,0.0014137220853229744,0.3,0.45,0,2740.6356775830372,2737.8822963969346,29.09451574034611,-2.948404096064678,-0.8067072560674281,2742.0034849742083,0.0014137220853229744,0,TCS,5m,2026-02-17 08:35:00
2730.699951171875,2730.699951171875,2723.10009765625,2723.10009765625,53655,-0.0027831155570070543,-0.007652782060660335,0.001464984806726597,0.3,0.45,0,2738.9656223519146,2737.3026023286725,24.44020333053966,-3.9351754479966985,-1.4324008944532824,2741.716103758367,0.001464984806726597,0,TCS,5m,2026-02-17 08:40:00
2723.199951171875,2729.10009765625,2720.10009765625,2726.5,63939,0.0012485410825244792,-0.005398916048774738,0.0015004520009687932,0.3,0.45,0,2737.7784202231605,2736.8789708648033,17.84966151804329,-4.392224320829428,-2.024365579728512,2741.3783506342947,0.0015004520009687932,0,TCS,5m,2026-02-17 08:45:00
2726.5,2728.89990234375,2723.300048828125,2725.10009765625,31160,-0.0005134430015587554,-0.006380806306743425,0.0014909058086539887,0.3,0.45,0,2736.570960931074,2736.417054268389,19.819641482459033,-4.811930327583923,-2.581878529299594,2741.22399008113,0.0014909058086539887,0,TCS,5m,2026-02-17 08:50:00
2725.10009765625,2725.699951171875,2714.699951171875,2716.0,57415,-0.00333936271334645,-0.009843237331389032,0.0016308333874128322,0.25,0.5,0,2734.611821794781,2735.6163854735505,17.49479437161149,-5.811856723373239,-3.2278741681143233,2740.8227655797928,0.0016308333874128322,0,TCS,5m,2026-02-17 08:55:00
2715.5,2720.800048828125,2715.10009765625,2717.199951171875,30233,0.00044180823706740924,-0.011208169151428304,0.0015550870393070103,0.2,0.5,0,2732.953548402123,2734.894172363681,20.201726263871763,-6.433320253675902,-3.8689633852266394,2740.6069432775257,0.0015550870393070103,0,TCS,5m,2026-02-17 09:00:00
2717.10009765625,2718.60009765625,2713.5,2717.60009765625,55916,0.00014726427630118444,-0.011817751662093312,0.001533356061863899,0.2,0.55,0,2731.491314997754,2734.2159733555463,24.018358555673345,-6.814987171783741,-4.45816814253806,2740.198983716016,0.001533356061863899,0,TCS,5m,2026-02-17 09:05:00
2718.0,2722.5,2715.39990234375,2719.199951171875,86640,0.0005887008603675525,-0.011379766888974685,0.0015477296174920636,0.2,0.55,0,2730.320708919099,2733.6271097405006,23.48816479017981,-6.908726645729985,-4.948279843176445,2739.6567058308083,0.0015477296174920636,0,TCS,5m,2026-02-17 09:10:00
2719.300048828125,2719.60009765625,2712.800048828125,2714.10009765625,40430,-0.001875497796117287,-0.015988635449322053,0.0013526428436020999,0.15,0.6,0,2728.775888798828,2732.861344560726,21.814145526067406,-7.310263247410148,-5.420676524023186,2739.371308883645,0.0013526428436020999,0,TCS,5m,2026-02-17 09:15:00
2713.89990234375,2717.0,2711.39990234375,2716.39990234375,33089,0.0008473544102098884,-0.012900178516582428,0.0013536208511771308,0.15,0.65,0,2727.5972234221535,2732.2157978071195,25.36030163148807,-7.358089404739076,-5.808159100166364,2739.1372741979094,0.0013536208511771308,0,TCS,5m,2026-02-17 09:20:00
2716.39990234375,2720.39990234375,2711.60009765625,2720.0,76177,0.0013253194616682507,-0.01044128194481142,0.0014166960790391197,0.2,0.6,0,2726.8736783343293,2731.7367469127225,33.4734807794117,-7.024519892691842,-6.05143125867146,2738.666927502385,0.0014166960790391197,0,TCS,5m,2026-02-17 09:25:00
2720.0,2722.89990234375,2715.800048828125,2716.0,61745,-0.0014705882352941124,-0.011177031243903013,0.0014319827588946895,0.25,0.55,0,2725.838089921536,2731.119619582812,30.6041252224898,-7.0022130682373245,-6.2415876205846335,2738.3157892004665,0.0014319827588946895,0,TCS,5m,2026-02-17 09:30:00
2715.60009765625,2721.10009765625,2715.199951171875,2720.10009765625,104100,0.0015096088572348343,-0.00729900342586276,0.0014343454076344068,0.25,0.55,0,2725.291614467699,2730.687481468045,39.36377270940216,-6.577865594239938,-6.3088432153156955,2737.7662946315404,0.0014343454076344068,0,TCS,5m,2026-02-17 09:35:00
2720.10009765625,2720.10009765625,2715.0,2717.60009765625,55823,-0.0009190838242144617,-0.008898578535284418,0.0014169215207632396,0.2,0.6,0,2724.5590890570847,2730.174250730328,33.46771017916913,-6.3698683927405,-6.321048250800657,2737.4658430489544,0.0014169215207632396,0,TCS,5m,2026-02-17 09:40:00
2717.800048828125,2718.300048828125,2715.5,2716.0,67435,-0.0005887906972147361,-0.008831454493503532,0.00141647279642329,0.2,0.55,0,2723.7439377183146,2729.618397760511,34.655473834971986,-6.261959647417825,-6.309230530124091,2737.097539335119,0.00141647279642329,0,TCS,5m,2026-02-17 09:45:00
2716.0,2719.60009765625,2715.5,2716.800048828125,68768,0.000294568787969407,-0.008575703237333365,0.0014222290006312198,0.25,0.55,0,2723.082614966868,2729.1157174102214,42.33567970536696,-6.042232836190124,-6.255830991337298,2736.7474862455197,0.0014222290006312198,0,TCS,5m,2026-02-17 09:50:00
2716.699951171875,2719.800048828125,2712.199951171875,2719.800048828125,99569,0.0011042402628393955,-0.005812005200694248,0.001429705197028936,0.3,0.55,0,2722.769989620321,2728.750397073669,41.7690918797651,-5.561908607037822,-6.117046514477403,2736.261202409054,0.001429705197028936,0,TCS,5m,2026-02-17 09:55:00
2720.800048828125,2721.300048828125,2708.0,2709.199951171875,70350,-0.0038973812287477205,-0.007909805650369472,0.0016075682295251638,0.35,0.5,0,2721.221691740643,2727.646483344316,41.66661680140261,-5.564922803924219,-5.847446751076182,2712.8333333333335,0.0016075682295251638,0,TCS,5m,2026-02-18 03:50:00
2709.10009765625,2714.0,2707.39990234375,2712.60009765625,52877,0.0012550371126738291,-0.007827323461503277,0.0016119418902102644,0.35,0.55,0,2720.4005875421294,2727.0564290036077,44.65136348926072,-5.577128657664616,-5.79338313239387,2712.1896797509207,0.0016119418902102644,0,TCS,5m,2026-02-18 03:55:00
2712.300048828125,2712.300048828125,2699.0,2701.300048828125,84732,-0.004165762892174407,-0.01076643456602877,0.0018138426527540613,0.3,0.6,-1,2718.581488616986,2726.046374879079,34.87940210621673,-6.424563023292194,-5.919619110573535,2708.934332367774,0.0018138426527540613,-1,TCS,5m,2026-02-18 04:00:00
2701.800048828125,2708.699951171875,2700.199951171875,2701.0,29474,-0.00011107571269441952,-0.008115786002604652,0.0017366540824250572,0.3,0.55,0,2716.9070611296543,2725.0641640995073,32.6997786039517,-7.039228452471889,-6.143540978953206,2708.2349044380085,0.0017366540824250572,0,TCS,5m,2026-02-18 04:05:00
2701.0,2702.60009765625,2688.60009765625,2690.699951171875,83628,-0.0038134205213347094,-0.01313040485168715,0.0018481278427906049,0.3,0.55,0,2714.4111458955804,2723.716547906267,29.757846851755644,-8.262241120283761,-6.567281007219318,2704.518414098343,0.0018481278427906049,-1,TCS,5m,2026-02-18 04:10:00
2690.60009765625,2690.60009765625,2684.0,2684.800048828125,77097,-0.0021927016950293865,-0.014788465518307148,0.0018790525021339186,0.3,0.6,-1,2711.5910414129658,2722.1904106875163,24.267486292083007,-9.596932814848515,-7.173211368745158,2701.022988143727,0.0018790525021339186,-1,TCS,5m,2026-02-18 04:15:00
2684.39990234375,2691.5,2684.10009765625,2685.0,41069,7.447525634618479e-05,-0.011413843888070652,0.0017834074259259576,0.35,0.55,0,2709.0585612783975,2720.7319632095746,19.827840215515423,-10.517314159388206,-7.8420319268737675,2699.6993340198687,0.0017834074259259576,-1,TCS,5m,2026-02-18 04:20:00
2684.60009765625,2684.60009765625,2670.199951171875,2674.199951171875,95625,-0.004022364554236546,-0.0158251143724093,0.0019236536003959296,0.35,0.6,-1,2705.738693649205,2718.907178423782,17.74714323928221,-11.98009757904174,-8.669645057307363,2695.521778704286,0.0019236536003959296,-1,TCS,5m,2026-02-18 04:25:00
2674.89990234375,2675.0,2663.0,2664.0,110848,-0.0038142066255760776,-0.01972332047768044,0.002022862798971916,0.35,0.6,-1,2701.7635799683285,2716.7539557404966,10.437384645051111,-13.803298954828279,-9.696375836811548,2690.6826385579657,0.002022862798971916,-1,TCS,5m,2026-02-18 04:30:00
2663.300048828125,2670.39990234375,2658.60009765625,2660.0,88136,-0.0015015015015015232,-0.02177109158389101,0.0019905491827205083,0.3,0.65,-1,2697.786096161821,2714.52831041734,10.221141654751946,-15.39351884805319,-10.835804439059878,2687.3578670396087,0.0019905491827205083,-1,TCS,5m,2026-02-18 04:35:00
2660.800048828125,2672.5,2657.60009765625,2671.300048828125,57739,0.0042481386571897595,-0.01576951744155819,0.0023100042043123947,0.35,0.65,-1,2695.263615463374,2712.833084472665,22.777244166371773,-15.562564512033077,-11.781156453654518,2685.8826542898637,0.0023100042043123947,-1,TCS,5m,2026-02-18 04:40:00
2671.5,2674.0,2666.800048828125,2673.5,27890,0.000823550754936786,-0.015792925889422715,0.0023091211192483784,0.4,0.6,-1,2693.190890181148,2711.2906105717766,24.071902858629826,-15.342161853155176,-12.493357533554649,2685.390880867522,0.0023091211192483784,-1,TCS,5m,2026-02-18 04:45:00
2673.5,2673.60009765625,2670.0,2671.39990234375,23950,-0.0007855237165700357,-0.01786768296185659,0.0022548001776119342,0.35,0.6,-1,2691.1155580061577,2709.7262690726384,20.702211739391316,-15.162171413756369,-13.027120309594993,2685.0011617729956,0.0022548001776119342,0,TCS,5m,2026-02-18 04:50:00
2671.5,2672.0,2666.0,2670.699951171875,19226,-0.0002620166195487217,-0.01667895759503868,0.0022548600495885932,0.3,0.65,-1,2689.171214498131,2708.195825233393,20.528256320377025,-14.904201545730302,-13.402536556822056,2684.6571670917347,0.0022548600495885932,0,TCS,5m,2026-02-18 04:55:00
2670.699951171875,2679.800048828125,2668.0,2677.699951171875,52032,0.002621035731448673,-0.015587715511244826,0.0023282684810930895,0.35,0.6,-1,2688.078713228964,2706.9999086035295,30.23844240500901,-13.973835392197088,-13.516796323897065,2684.117291400513,0.0023282684810930895,0,TCS,5m,2026-02-18 05:00:00
2677.800048828125,2686.89990234375,2677.0,2682.5,248111,0.0017926014548510505,-0.012915843536553284,0.0023978217467986954,0.4,0.55,0,2687.5474072071574,2706.0391278739794,31.44262551702961,-12.70276017573633,-13.35398909426492,2683.693954051069,0.0023978217467986954,0,TCS,5m,2026-02-18 05:05:00
2682.699951171875,2683.800048828125,2677.89990234375,2680.199951171875,32449,-0.0008574273357409012,-0.013181166726113802,0.002398230565141758,0.4,0.55,0,2686.8476494895117,2705.025826826838,35.36749717257773,-11.745622403536345,-13.032315756119205,2683.6108613503548,0.002398230565141758,0,TCS,5m,2026-02-18 05:10:00
2680.199951171875,2686.800048828125,2679.300048828125,2685.0,26452,0.0017909293767528478,-0.01170496475875793,0.00245232480603177,0.4,0.55,0,2686.671682871463,2704.2405002846094,39.556149084951905,-10.47896501277637,-12.521645607450639,2683.6127920907893,0.00245232480603177,0,TCS,5m,2026-02-18 05:15:00
2685.60009765625,2686.800048828125,2684.0,2684.300048828125,18179,-0.000260689449487872,-0.013052430091431089,0.002421620919894293,0.35,0.5,0,2686.4458129625737,2703.45852179612,45.22395347481343,-9.422987777170874,-11.901914041394686,2683.6336206744186,0.002421620919894293,0,TCS,5m,2026-02-18 05:20:00
2685.0,2689.39990234375,2683.300048828125,2687.10009765625,41040,0.0010431206561083428,-0.012022924694763626,0.002447540443571174,0.35,0.5,0,2686.5081257905426,2702.8170149671055,51.79972109194413,-8.264904990596278,-11.174512231235006,2683.7286636093227,0.002447540443571174,0,TCS,5m,2026-02-18 05:25:00
2687.89990234375,2689.60009765625,2684.89990234375,2689.0,40572,0.0007070456159810057,-0.007456057705573671,0.00233520468919723,0.4,0.5,0,2686.745447143824,2702.2751712429053,53.04877594920691,-7.111829059270349,-10.361975596842075,2683.8546853153866,0.00233520468919723,0,TCS,5m,2026-02-18 05:30:00
2689.10009765625,2689.10009765625,2685.5,2686.39990234375,17361,-0.0009669385110635531,-0.0096587017508174,0.002306425066308267,0.4,0.45,0,2686.7125381152455,2701.6526116782325,60.62710804683745,-6.334790703211183,-9.556538618115898,2683.8954713171474,0.002306425066308267,0,TCS,5m,2026-02-18 05:35:00
2685.89990234375,2686.699951171875,2683.0,2685.300048828125,21032,-0.0004094154093235991,-0.005923073968380876,0.0021374698488853877,0.4,0.45,0,2686.5780153259957,2701.0113347037186,72.04971769689189,-5.741546223747719,-8.793540139242262,2683.9125541738476,0.0021374698488853877,0,TCS,5m,2026-02-18 05:40:00
2684.800048828125,2685.800048828125,2681.300048828125,2683.0,19167,-0.0008565332686486515,-0.0066641984450203084,0.002140594425674215,0.4,0.5,0,2686.237251961615,2700.305007852592,74.67805987195742,-5.3948024928081395,-8.11379260995544,2683.904967423448,0.002140594425674215,0,TCS,5m,2026-02-18 05:45:00
2683.300048828125,2684.699951171875,2681.199951171875,2682.199951171875,11621,-0.0002981918852497101,-0.0031590293062212504,0.001977829822579323,0.4,0.5,0,2685.852747124497,2699.595005629819,65.0967768114374,-5.125479504796203,-7.516129988923592,2683.894897726995,0.001977829822579323,0,TCS,5m,2026-02-18 05:50:00
2682.0,2682.60009765625,2679.0,2679.89990234375,18728,-0.0008575232532981314,-0.0018251439195682284,0.0019273670928858975,0.4,0.5,0,2685.2858095263305,2698.8226486382086,58.83959642828239,-5.039541121505863,-7.0208122154400465,2683.8497861041023,0.0019273670928858975,0,TCS,5m,2026-02-18 05:55:00
2680.0,2683.0,2674.0,2681.800048828125,37112,0.000709036364646698,-0.0011917881459496682,0.0019354159676769167,0.4,0.55,0,2684.9538323169777,2698.15509570448,64.44454993659168,-4.76320117434534,-6.569290007221105,2683.7407520322313,0.0019354159676769167,0,TCS,5m,2026-02-18 06:00:00
2681.300048828125,2683.800048828125,2676.199951171875,2677.5,18317,-0.0016034188790488013,0.0012340321921997521,0.0017403822386530831,0.45,0.5,0,2684.243943524885,2697.3450919513634,58.58584613108266,-4.835437861014725,-6.2225195779798295,2683.68355465315,0.0017403822386530831,0,TCS,5m,2026-02-18 06:05:00
2678.10009765625,2678.800048828125,2673.89990234375,2676.10009765625,23466,-0.0005228393440709356,0.004542078699793617,0.0014923985633059783,0.45,0.5,0,2683.4683391564436,2696.5119549201822,47.64729113560478,-4.94860197216849,-5.967736056817563,2683.5666113954585,0.0014923985633059783,0,TCS,5m,2026-02-18 06:10:00
2676.10009765625,2677.300048828125,2671.0,2672.60009765625,24155,-0.0013078733501281636,0.004736878818139001,0.0014811766287442787,0.45,0.5,0,2682.4332685373774,2695.574235027479,34.86262505599521,-5.260071267549392,-5.826203098963929,2683.4079684440944,0.0014811766287442787,0,TCS,5m,2026-02-18 06:15:00
2673.5,2674.89990234375,2670.39990234375,2673.5,20913,0.0003367141775303395,0.000823550754936786,0.0011434553326275258,0.4,0.5,0,2681.5824810576273,2694.7085787518918,39.29721929721929,-5.3723690041147165,-5.735436279994087,2683.2651062852137,0.0011434553326275258,0,TCS,5m,2026-02-18 06:20:00
2673.39990234375,2677.800048828125,2672.199951171875,2677.5,25577,0.0014961660744343686,0.0014961660744343686,0.0011770561344382462,0.4,0.5,0,2681.1936733378534,2694.0337325263276,37.70491803278688,-5.080039663770094,-5.604356956749289,2683.143174533019,0.0011770561344382462,0,TCS,5m,2026-02-18 06:25:00
2677.10009765625,2681.0,2676.5,2677.5,17932,0.0,0.0022834835214669003,0.0011597954576308522,0.45,0.5,0,2680.8418949247243,2693.3853508586285,38.59054079517618,-4.79311451491003,-5.442108468381438,2683.088477073203,0.0011597954576308522,0,TCS,5m,2026-02-18 06:30:00
2677.89990234375,2683.699951171875,2676.0,2683.5,18367,0.0022408963585434094,0.004792769334686309,0.0012486414927105512,0.5,0.5,0,2681.095047789036,2692.9976900406427,44.5453065814394,-4.035060742841324,-5.160698923273415,2683.0651982793293,0.0012486414927105512,0,TCS,5m,2026-02-18 06:35:00
2683.60009765625,2687.10009765625,2681.199951171875,2682.5,32827,-0.00037264766163591645,0.0017926014548510505,0.0011210877139225188,0.5,0.5,0,2681.2288527615087,2692.5860159214017,39.87542020961044,-3.4749324514159525,-4.823545628901924,2683.0759820142234,0.0011210877139225188,0,TCS,5m,2026-02-18 06:40:00
2682.199951171875,2683.89990234375,2680.10009765625,2680.300048828125,33251,-0.0008201122728331844,-0.0008201122728331844,0.001062985899964514,0.45,0.55,0,2681.1403952440437,2692.1042132902926,40.378765124034416,-3.1719798100052685,-4.493232465122593,2683.043104686625,0.001062985899964514,0,TCS,5m,2026-02-18 06:45:00
2680.39990234375,2683.699951171875,2680.0,2680.89990234375,27592,0.00022380088225104622,0.00026115632588119553,0.0010466196511043247,0.45,0.6,0,2681.1174911583016,2691.664828547291,42.94847216244767,-2.8506242713574466,-4.164710826369563,2683.01843827272,0.0010466196511043247,0,TCS,5m,2026-02-18 06:50:00
2680.300048828125,2683.0,2676.0,2683.0,32990,0.0007833554898539763,-0.0007448789571694592,0.0009786041884289262,0.4,0.65,0,2681.296777714654,2691.325031349358,50.0,-2.3988350844952038,-3.8115356779946916,2682.9733801008088,0.0009786041884289262,0,TCS,5m,2026-02-18 06:55:00
2682.60009765625,2690.0,2682.5,2688.39990234375,47594,0.002012635983507316,0.0015273454684825438,0.001078188753350904,0.45,0.65,0,2681.973265774568,2691.2103204079617,58.70783242008819,-1.5867706048657055,-3.3665826633688947,2683.0807874444045,0.001078188753350904,0,TCS,5m,2026-02-18 07:00:00
2688.39990234375,2692.39990234375,2688.10009765625,2691.300048828125,37505,0.0010787630522701708,0.0015630051055925964,0.0010798980225635855,0.45,0.6,0,2682.861530827288,2691.2138391695366,65.7460799190693,-0.7011041778569052,-2.833486966266497,2683.236853482287,0.0010798980225635855,0,TCS,5m,2026-02-18 07:05:00
2690.800048828125,2694.60009765625,2690.0,2693.89990234375,30822,0.0009660214277322776,0.0018222024335254883,0.0010893409569233414,0.45,0.6,0,2683.9128043050464,2691.3191749802904,66.3956173374531,0.20817953318692162,-2.225153666375814,2683.397796945804,0.0010893409569233414,0,TCS,5m,2026-02-18 07:10:00
2693.89990234375,2694.0,2690.199951171875,2691.10009765625,21181,-0.0010393128137626828,0.001749626073318078,0.0010931559345177396,0.45,0.6,0,2684.5973084337325,2691.3105837126814,69.20949543435681,0.6948626418889035,-1.6411504047228704,2683.493150743143,0.0010931559345177396,0,TCS,5m,2026-02-18 07:15:00
2691.10009765625,2693.699951171875,2690.0,2691.800048828125,16704,0.0002600985271727918,0.0024205861102324366,0.0010873585434677715,0.45,0.6,0,2685.283283709389,2691.329778423091,72.62275819853795,1.124084969917476,-1.0881033297948013,2683.5674244290863,0.0010873585434677715,0,TCS,5m,2026-02-18 07:20:00
2692.0,2693.0,2690.0,2692.60009765625,17699,0.0002972170345540981,0.0035781206322214043,0.001063076595724008,0.45,0.55,0,2685.9801231328993,2691.379594863607,81.25047684443427,1.5113817434657904,-0.5682063151426829,2683.645004294873,0.001063076595724008,0,TCS,5m,2026-02-18 07:25:00
2692.60009765625,2692.800048828125,2687.10009765625,2691.39990234375,19946,-0.00044573841973216677,0.00343000199066279,0.0010670678891999024,0.45,0.55,0,2686.4962925815516,2691.380391235378,77.70899470899471,1.7018535867764513,-0.1141943347588561,2683.715770959175,0.0010670678891999024,0,TCS,5m,2026-02-18 07:30:00
2691.39990234375,2693.0,2689.5,2691.5,20065,3.719166971904997e-05,0.004328556318877741,0.0010400581734788504,0.5,0.5,0,2686.9728361452135,2691.385081775167,74.64797207846912,1.839674318795005,0.27657939595191616,2683.7948267102033,0.0010400581734788504,0,TCS,5m,2026-02-18 07:35:00
2691.39990234375,2691.60009765625,2687.89990234375,2689.5,14139,-0.0007430800668771775,0.002871187646983575,0.0010544507717757314,0.45,0.5,0,2687.2135184170975,2691.31115699967,69.73690550763745,1.767144415745861,0.5746923999107052,2683.8374558668693,0.0010544507717757314,0,TCS,5m,2026-02-18 07:40:00
2689.60009765625,2692.39990234375,2688.10009765625,2690.89990234375,29655,0.000520506541643373,0.005004632061157865,0.0009730216871515768,0.45,0.5,0,2687.5646026005884,2691.2950293661047,64.3410045800371,1.8018537166676651,0.8201246632620972,2683.936883783875,0.0009730216871515768,0,TCS,5m,2026-02-18 07:45:00
2691.10009765625,2693.60009765625,2690.10009765625,2691.89990234375,22391,0.00037162289059100573,0.005904040996574711,0.000956033568320085,0.5,0.45,0,2687.9774882904135,2691.318749875032,68.21700291456906,1.8882857476846766,1.0337568801466133,2684.0256804578858,0.000956033568320085,0,TCS,5m,2026-02-18 07:50:00
2691.89990234375,2693.199951171875,2684.800048828125,2686.60009765625,25944,-0.001968797087471774,0.005238344491672153,0.0010233970082828617,0.5,0.45,0,2687.846308230017,2691.1337046899816,60.899867368403264,1.5117077826948844,1.1293470606562677,2684.07914767101,0.0010233970082828617,0,TCS,5m,2026-02-18 07:55:00
2686.60009765625,2689.0,2685.0,2687.10009765625,17479,0.00018610882968261855,0.0050870011805685955,0.0010233705842115188,0.5,0.4,0,2687.7752405563247,2690.975524021992,60.76430097317825,1.2393266673020662,1.1513429819854275,2684.104422550095,0.0010233705842115188,0,TCS,5m,2026-02-18 08:00:00
2687.10009765625,2688.10009765625,2685.10009765625,2686.300048828125,24586,-0.0002977368907183253,0.0032866662289916526,0.000986749977487066,0.45,0.4,0,2687.63474610602,2690.792172053605,56.00014204671562,0.9479777197529984,1.1106699295389417,2684.1329096070303,0.000986749977487066,0,TCS,5m,2026-02-18 08:05:00
2686.300048828125,2686.800048828125,2683.60009765625,2684.89990234375,21181,-0.0005212174585582652,0.002763735702614456,0.0009981414571628346,0.4,0.45,0,2687.3742847953276,2690.5611026532188,42.5531914893617,0.5972171128655646,1.0079793662042662,2684.14271644901,0.0009981414571628346,0,TCS,5m,2026-02-18 08:10:00
2685.60009765625,2689.0,2684.39990234375,2688.0,32256,0.0011546418000700776,0.001676914477361624,0.0009027114479609677,0.4,0.4,0,2687.4338767195823,2690.4606672550535,43.03785732680917,0.5629000160834039,0.9189634961800939,2684.188196353934,0.0009027114479609677,0,TCS,5m,2026-02-18 08:15:00
2688.0,2690.60009765625,2683.199951171875,2683.199951171875,27282,-0.0017857324509393813,0.0002609324033084892,0.0009913009123461375,0.4,0.45,0,2687.0306457150386,2690.1759332910074,29.34384043285229,0.14668870877039808,0.7645085386981548,2684.206971842921,0.0009913009123461375,0,TCS,5m,2026-02-18 08:20:00
2683.10009765625,2688.199951171875,2682.10009765625,2687.199951171875,29386,0.001490757331839232,0.002574302211711954,0.0010231836711483476,0.4,0.45,0,2687.0467700442614,2690.059228109865,42.804248533823404,0.13801388157344263,0.6392096072732124,2684.2289180617313,0.0010231836711483476,0,TCS,5m,2026-02-18 08:25:00
2687.199951171875,2688.300048828125,2684.800048828125,2685.0,24830,-0.0008186778847311116,0.001529373645269505,0.0010444357597017913,0.45,0.4,0,2686.8518395638557,2689.860827007518,38.11194482146363,-0.045850123606214765,0.502197661097327,2684.2492603316687,0.0010444357597017913,0,TCS,5m,2026-02-18 08:30:00
2684.89990234375,2687.10009765625,2684.39990234375,2686.89990234375,12217,0.000707598638268081,0.001453560321934333,0.0010418731683256163,0.45,0.4,0,2686.8564169714646,2689.744712314821,40.40377470160786,-0.037821449261628004,0.394193839025536,2684.2596530910064,0.0010418731683256163,0,TCS,5m,2026-02-18 08:35:00
2686.89990234375,2693.699951171875,2686.800048828125,2692.10009765625,22539,0.0019353885524220349,0.0013763559912622902,0.0010344213095436704,0.45,0.4,0,2687.3558151319203,2689.837080367426,51.03885942797531,0.38373023162694153,0.3921011175458171,2684.3262142187455,0.0010344213095436704,0,TCS,5m,2026-02-18 08:40:00
2691.39990234375,2694.0,2690.10009765625,2692.89990234375,19076,0.00029709322034365826,0.000594453790583982,0.0010087202868941285,0.45,0.4,0,2687.883823437809,2689.9571910331647,52.03474755503826,0.7734348543272063,0.468367864902095,2684.3939089733653,0.0010087202868941285,0,TCS,5m,2026-02-18 08:45:00
2692.89990234375,2696.300048828125,2692.0,2695.0,26494,0.0007798647303682849,0.00040836619626927195,0.0010004556226920638,0.45,0.4,0,2688.56155453897,2690.1549482475502,57.971014492753625,1.2374740742711765,0.6221891067759113,2684.5104231366436,0.0010004556226920638,0,TCS,5m,2026-02-18 08:50:00
2695.800048828125,2695.800048828125,2691.60009765625,2692.800048828125,16748,-0.0008163084125695219,0.0006316937721326799,0.000989196971174254,0.45,0.45,0,2688.9652206617466,2690.2586776820826,52.69142189239845,1.4114406166499975,0.7800394087507286,2684.575166365659,0.000989196971174254,0,TCS,5m,2026-02-18 08:55:00
2692.699951171875,2694.89990234375,2691.300048828125,2693.199951171875,18705,0.00014850799780852242,0.000520061787040671,0.0009881570778722422,0.45,0.45,0,2689.3685283293776,2690.374021740506,51.87327184076662,1.5635554380532994,0.9367426146112429,2684.6442166834954,0.0009881570778722422,0,TCS,5m,2026-02-18 09:00:00
2693.199951171875,2695.60009765625,2690.699951171875,2690.699951171875,31580,-0.0009282637922639614,-0.0007056920506052222,0.0010082745313326744,0.5,0.5,0,2689.495330504854,2690.3868032868345,56.42607318062497,1.4654852219100576,1.0424911360710059,2684.747550248245,0.0010082745313326744,0,TCS,5m,2026-02-18 09:05:00
2690.89990234375,2691.699951171875,2687.60009765625,2688.0,22420,-0.0010034382208611303,-0.0012632468109957662,0.0010277608817840223,0.5,0.5,0,2689.35291807582,2690.2932031579394,51.319501124046,1.1565681759279869,1.065306544042402,2684.7886841517443,0.0010277608817840223,0,TCS,5m,2026-02-18 09:10:00
2688.0,2689.39990234375,2686.0,2687.800048828125,30323,-7.43865966796875e-05,-0.0013746799821195976,0.0010274929184494197,0.45,0.55,0,2689.205025766516,2690.1954323999075,52.23880597014925,0.8854083663518395,1.0293269085042895,2684.825847621122,0.0010274929184494197,0,TCS,5m,2026-02-18 09:15:00
2688.300048828125,2691.0,2687.0,2690.800048828125,22167,0.001116154455502727,0.0004833793746514825,0.0010471458663673845,0.5,0.5,0,2689.356932724764,2690.219142848073,58.40480214789002,0.9021873375804716,1.003898994319526,2684.86949207999,0.0010471458663673845,0,TCS,5m,2026-02-18 09:20:00
2690.300048828125,2692.699951171875,2688.800048828125,2689.60009765625,20435,-0.00044594587115365236,-0.0004830371751725071,0.00104535882561827,0.5,0.5,0,2689.3800912896677,2690.19486656604,52.40980689188592,0.8093293174233622,0.9649850589402933,2684.91543266229,0.00104535882561827,0,TCS,5m,2026-02-18 09:25:00
2690.699951171875,2699.0,2690.699951171875,2697.300048828125,51133,0.0028628609801824023,0.0020060725436608084,0.0012274933763566057,0.5,0.5,0,2690.134372959997,2690.4735011645535,69.52943245144186,1.3415953003286631,1.0403071072179673,2685.135649909419,0.0012274933763566057,0,TCS,5m,2026-02-18 09:30:00
2696.89990234375,2697.0,2694.10009765625,2696.699951171875,60776,-0.0002224808680483248,0.003759343835517681,0.001130822372446592,0.5,0.45,0,2690.759666123033,2690.7176756746444,64.52612402753513,1.695452934865898,1.1713362727475536,2685.392280552913,0.001130822372446592,0,TCS,5m,2026-02-18 09:35:00
2697.0,2697.0,2693.800048828125,2695.0,47368,-0.0006303820234565549,0.0029399360115540674,0.0011455458170391895,0.5,0.5,0,2691.163507444649,2690.8856099619134,65.52809159147773,1.8177617808655668,1.3006213743711563,2685.5718654623197,0.0011455458170391895,0,TCS,5m,2026-02-18 09:40:00
2695.0,2696.0,2691.89990234375,2692.300048828125,54914,-0.0010018371695269535,0.002233555407415322,0.0011704938554763487,0.5,0.55,0,2691.2717494811704,2690.941078152745,58.18210066066421,1.677491845577606,1.3759954686124463,2685.733506962968,0.0011704938554763487,0,TCS,5m,2026-02-18 09:45:00
2693.10009765625,2697.0,2692.10009765625,2695.800048828125,55295,0.0013000036907191426,0.0040597962236357255,0.0011893130079165383,0.55,0.5,0,2691.703016085642,2691.131626022368,55.91054811509871,1.8276793111435836,1.4663322371186738,2685.9215744078,0.0011893130079165383,0,TCS,5m,2026-02-18 09:50:00
2695.89990234375,2695.89990234375,2691.89990234375,2694.89990234375,49399,-0.00033390699164292936,0.002566927955264031,0.001173108955851158,0.5,0.55,0,2692.007481443557,2691.279401564383,53.18472328051378,1.8527127419793032,1.5436083380907997,2686.0701164581183,0.001173108955851158,0,TCS,5m,2026-02-18 09:55:00
2724.199951171875,2733.0,2721.0,2723.10009765625,85560,3.6760064726415465e-05,0.013359685597165605,0.002522559393701951,0.55,0.45,0,2697.6392401421463,2693.7224348777477,77.39604165838885,5.809225034084648,2.804604827216413,2725.7000325520835,0.002522559393701951,0,TCS,5m,2026-02-19 03:50:00
2724.39990234375,2725.39990234375,2720.10009765625,2721.0,67045,-0.0007712157397583574,0.013407821229050265,0.0025211102953345806,0.5,0.5,0,2699.864074414323,2694.7921433139145,74.38590329502769,6.920259166421147,3.62773569505736,2724.1476947139536,0.0025211102953345806,0,TCS,5m,2026-02-19 03:55:00
2721.0,2721.0,2715.300048828125,2715.89990234375,37402,-0.0018743468049430279,0.01079310769065267,0.00258435143198553,0.5,0.5,0,2701.3912961218875,2695.6198985699866,71.14077739500169,7.305018754318553,4.363192306909599,2722.8194389841765,0.00258435143198553,0,TCS,5m,2026-02-19 04:00:00
2715.89990234375,2722.0,2715.5,2719.800048828125,56644,0.001436042057739062,0.010289346668792332,0.0025725468839037603,0.5,0.5,0,2703.144510665339,2696.5681397565804,76.15112492420866,7.834343293397978,5.057422504207275,2721.9652645438555,0.0025725468839037603,0,TCS,5m,2026-02-19 04:05:00
2719.800048828125,2720.5,2717.10009765625,2718.800048828125,25709,-0.0003676740870826034,0.009617938810808635,0.002579796132188656,0.45,0.5,0,2704.63551429989,2697.4399793280136,75.16209832115284,8.080003906142338,5.6619387845942875,2721.6664889129415,0.002579796132188656,0,TCS,5m,2026-02-19 04:10:00
2718.800048828125,2732.0,2717.800048828125,2731.60009765625,71752,0.0047079772687375065,0.013580741245361683,0.0027477396579413467,0.45,0.5,0,2707.2035698576387,2698.779591811474,78.57120875889447,9.201479746790937,6.369846977033618,2722.806409997843,0.0027477396579413467,0,TCS,5m,2026-02-19 04:15:00
2731.60009765625,2735.5,2723.0,2724.0,77457,-0.002782287811005313,0.011586434419983416,0.002837714107001023,0.5,0.45,0,2708.803229871197,2699.7686274267103,72.1076843902194,9.36899314512766,6.969676210652427,2723.668786977168,0.002837714107001023,0,TCS,5m,2026-02-19 04:20:00
2724.0,2726.0,2720.300048828125,2724.60009765625,32159,0.0002203001674927485,0.011659047621292329,0.0028371849631906145,0.5,0.45,0,2710.3076934697733,2700.742410572967,69.30671187985814,9.441337721586024,7.464008512839146,2723.666277580639,0.0028371849631906145,1,TCS,5m,2026-02-19 04:25:00
2725.89990234375,2738.10009765625,2724.699951171875,2737.10009765625,79999,0.004587829241712527,0.01724463794789388,0.0029484163372427872,0.5,0.4,0,2712.859351011343,2702.1682022232917,74.45504872418593,10.387575350189763,8.04872188030927,2725.110259365386,0.0029484163372427872,0,TCS,5m,2026-02-19 04:30:00
2737.89990234375,2748.0,2737.10009765625,2745.0,116226,0.002886230704720827,0.021205357142857206,0.002947360495673644,0.55,0.35,0,2715.920365200739,2703.8478805674763,78.15290546782211,11.640744330503821,8.76712637034818,2728.3749153918943,0.002947360495673644,0,TCS,5m,2026-02-19 04:35:00
2744.699951171875,2748.5,2740.0,2741.39990234375,77696,-0.0013115109858834462,0.019941905105252955,0.0029850259134905355,0.6,0.3,1,2718.346987785788,2705.320508872428,77.36864308751683,12.202726546712256,9.454246405620996,2729.968564039174,0.0029850259134905355,0,TCS,5m,2026-02-19 04:40:00
2741.0,2742.60009765625,2734.60009765625,2735.5,53416,-0.0021521494688556686,0.016612141504658506,0.003066227672104572,0.55,0.35,0,2719.980607996665,2706.5040183284113,71.55243939614839,12.033316112654575,9.970060347027712,2730.488192658501,0.003066227672104572,0,TCS,5m,2026-02-19 04:45:00
2736.5,2736.5,2731.39990234375,2732.5,47850,-0.001096691646865322,0.01595029029822448,0.0030838659879219303,0.5,0.4,0,2721.172931044602,2707.5234685900423,69.95744416166035,11.52413909323377,10.280876096268923,2730.660126359391,0.0030838659879219303,0,TCS,5m,2026-02-19 04:50:00
2732.5,2733.5,2724.0,2727.0,66595,-0.002012808783165565,0.011010992709090228,0.003104526116870418,0.45,0.45,0,2721.7278899927355,2708.287254135531,52.79327323067691,10.555135569833055,10.335727990981749,2730.474699118783,0.003104526116870418,0,TCS,5m,2026-02-19 04:55:00
2727.10009765625,2728.60009765625,2724.0,2726.89990234375,39652,-3.670614457274013e-05,0.011198854792410673,0.003102363290877615,0.45,0.45,0,2722.2204625975937,2709.017161908402,52.6534731788486,9.667673331686728,10.202117059122745,2730.3061670682314,0.003102363290877615,0,TCS,5m,2026-02-19 05:00:00
2726.89990234375,2728.60009765625,2722.10009765625,2723.0,51553,-0.001430159699077338,0.010389610389610393,0.0031236172213497397,0.45,0.45,0,2722.294704254966,2709.56550850023,51.362390569702775,8.551091923020522,9.871912031902301,2730.006298202463,0.0031236172213497397,0,TCS,5m,2026-02-19 05:05:00
2723.0,2727.5,2721.10009765625,2725.800048828125,32212,0.0010282955667002547,0.012442892468312206,0.0031044341763629612,0.45,0.45,0,2722.628546595267,2710.20215714054,56.96209486071003,7.802194806530679,9.457968586827977,2729.8417096648677,0.0031044341763629612,0,TCS,5m,2026-02-19 05:10:00
2725.10009765625,2726.699951171875,2721.0,2723.39990234375,36873,-0.0008805291809305116,0.010238093707143792,0.003117670297962711,0.4,0.5,0,2722.7020090475035,2710.7197157759597,52.586088963565004,6.935073473700868,8.953389564202556,2729.627213490486,0.003117670297962711,0,TCS,5m,2026-02-19 05:15:00
2723.10009765625,2724.10009765625,2718.199951171875,2722.699951171875,49236,-0.0002570137317228216,0.010315800154190313,0.0031166168348649124,0.4,0.5,0,2722.7018130593483,2711.1895289287404,52.81377045946155,6.12083617103508,8.386878885569061,2729.2725232510575,0.0031166168348649124,0,TCS,5m,2026-02-19 05:20:00
2722.300048828125,2726.89990234375,2721.60009765625,2724.199951171875,23457,0.0005509237253096266,0.0004406724832446418,0.0020708919298986946,0.4,0.5,0,2722.844492879589,2711.699741565726,43.62059022852308,5.532805963293413,7.816064301113932,2729.1677776658503,0.0020708919298986946,0,TCS,5m,2026-02-19 05:25:00
2724.199951171875,2731.39990234375,2723.199951171875,2730.60009765625,37825,0.0023493673735739407,0.002754213848567444,0.002135202995614459,0.4,0.5,0,2723.5831219059373,2712.440932000649,55.80991515297394,5.51959961167131,7.356771363225407,2729.1428772477375,0.002135202995614459,0,TCS,5m,2026-02-19 05:30:00
2730.60009765625,2730.800048828125,2723.10009765625,2724.89990234375,27541,-0.0020875247596280344,0.001433260692300653,0.0021844770197254858,0.4,0.5,0,2723.708529566681,2712.929519072927,50.242167040040385,4.991634899725341,6.883744070525394,2729.0765266423855,0.0021844770197254858,0,TCS,5m,2026-02-19 05:35:00
2724.699951171875,2726.60009765625,2717.89990234375,2719.5,27716,-0.0019816883325165513,0.0013255634543611894,0.0021896413323610774,0.4,0.5,0,2723.3077172269973,2713.187184991636,33.94160258752038,4.090341164657275,6.32506348935177,2728.900843327195,0.0021896413323610774,0,TCS,5m,2026-02-19 05:40:00
2719.5,2720.699951171875,2715.5,2716.10009765625,30278,-0.0012501939120243,-0.0013603761693692373,0.002183720904500335,0.35,0.55,0,2722.6212772678787,2713.301416860837,21.272630199485505,3.066368493924074,5.67332449026623,2728.6234842644394,0.002183720904500335,0,TCS,5m,2026-02-19 05:45:00
2716.699951171875,2718.0,2712.10009765625,2713.800048828125,40812,-0.0008468203473463998,-0.0018390466051945165,0.00218982681186553,0.35,0.6,0,2721.7811602736165,2713.3209710556325,21.8370244886774,2.045686654565543,4.947796923126093,2728.1817889705876,0.00218982681186553,0,TCS,5m,2026-02-19 05:50:00
2713.60009765625,2718.0,2713.0,2717.39990234375,20906,0.0013264991712191865,-0.005198489824584485,0.0019129377869469622,0.3,0.6,0,2721.363897613629,2713.480929145363,30.620961502268884,1.5098622841828728,4.2602099953374495,2727.9900325340595,0.0019129377869469622,0,TCS,5m,2026-02-19 05:55:00
2717.39990234375,2718.0,2715.0,2715.699951171875,17564,-0.0006255800518756294,-0.0030470076461545093,0.0018218179728242156,0.25,0.6,0,2720.8244741429858,2713.567949616991,31.497803279217464,0.9372418175034909,3.595616359770658,2727.8349055554786,0.0018218179728242156,0,TCS,5m,2026-02-19 06:00:00
2715.39990234375,2716.300048828125,2710.60009765625,2713.699951171875,30772,-0.0007364583849319706,-0.0040006408623971534,0.0018241151964487833,0.25,0.6,0,2720.1459481457373,2713.5731261485553,34.12887550037,0.3183825707606047,2.9401696019686474,2727.511765297937,0.0018241151964487833,0,TCS,5m,2026-02-19 06:05:00
2713.699951171875,2713.800048828125,2710.0,2711.60009765625,23196,-0.0007737972338165422,-0.009316429465562992,0.0014363991782085507,0.2,0.65,0,2719.332057622929,2713.4957524821903,32.57421557831981,-0.33761663600580505,2.284612354373757,2727.248644811422,0.0014363991782085507,0,TCS,5m,2026-02-19 06:10:00
2711.60009765625,2712.39990234375,2709.0,2710.5,33054,-0.0004057005519364498,-0.012568306010928953,0.0012013134171549318,0.15,0.7,0,2718.490909277888,2713.378271992693,34.79322348021337,-0.9354857234466181,1.6405927388096821,2726.8613790985473,0.0012013134171549318,0,TCS,5m,2026-02-19 06:15:00
2710.5,2710.5,2708.0,2708.800048828125,22114,-0.0006271725408134587,-0.011891681139900023,0.001190624103440023,0.1,0.75,0,2717.5679701874346,2713.198733829377,28.75,-1.5288495096710903,1.0067042891135276,2726.588670158732,0.001190624103440023,0,TCS,5m,2026-02-19 06:20:00
2708.699951171875,2709.199951171875,2705.60009765625,2709.199951171875,21361,0.00014763080941437856,-0.009614347953984637,0.0011426429195050926,0.1,0.75,0,2716.771015995477,2713.0419188232004,31.3157336794156,-1.944411838868291,0.4164810635171639,2726.31700630404,0.0011426429195050926,0,TCS,5m,2026-02-19 06:25:00
2709.199951171875,2709.800048828125,2705.5,2707.0,17855,-0.0008120298285563265,-0.009332113449222357,0.0011363427183474894,0.15,0.75,0,2715.8404430435266,2712.8049808301334,30.126521252727287,-2.423331001222323,-0.15148134943073344,2726.0891113037574,0.0011363427183474894,0,TCS,5m,2026-02-19 06:30:00
2706.800048828125,2707.800048828125,2705.0,2705.39990234375,27018,-0.0005910962897118788,-0.00792082789008064,0.0010775724285972115,0.15,0.75,0,2714.846105834024,2712.5145855953733,26.26247680347224,-2.8985793773399564,-0.7009009550125781,2725.7300239798183,0.0010775724285972115,0,TCS,5m,2026-02-19 06:35:00
2706.0,2706.0,2698.300048828125,2701.699951171875,59023,-0.0013676171011426375,-0.009241245397462405,0.0010951048214516855,0.15,0.8,0,2713.5940911042953,2712.0904822846483,10.839547177800867,-3.5330455275839086,-1.2673298695268445,2724.8353627502775,0.0010951048214516855,0,TCS,5m,2026-02-19 06:40:00
2701.5,2703.39990234375,2697.800048828125,2702.60009765625,37369,0.00033317781420705295,-0.007491701191241318,0.0010841137722077867,0.15,0.8,0,2712.5470441092434,2711.7183103384364,15.264679038637055,-3.918065207481959,-1.7974769371178674,2724.2858963804924,0.0010841137722077867,0,TCS,5m,2026-02-19 06:45:00
2702.10009765625,2707.39990234375,2700.60009765625,2706.300048828125,30440,0.0013690339074152735,-0.00715386295791709,0.0011097086181885193,0.2,0.75,0,2711.952092177708,2711.505829494895,28.289309893428197,-3.8799156870536535,-2.2139646871050247,2723.9221227948537,0.0011097086181885193,0,TCS,5m,2026-02-19 06:50:00
2706.300048828125,2707.5,2703.199951171875,2703.39990234375,22459,-0.00107162784319903,-0.007343761737961474,0.0011152504373848884,0.25,0.7,0,2711.1375979078075,2711.1879499987717,28.76214583163224,-4.037161614963679,-2.5786040726767556,2723.661395777467,0.0011152504373848884,0,TCS,5m,2026-02-19 06:55:00
2703.39990234375,2706.800048828125,2701.60009765625,2704.10009765625,21357,0.0002590054515771989,-0.0068314003926945865,0.0011238859283819304,0.25,0.7,0,2710.4673597886112,2710.9099950049476,32.86230665044816,-4.058496415434547,-2.874582541228314,2723.4131493792065,0.0011238859283819304,0,TCS,5m,2026-02-19 07:00:00
2704.0,2705.699951171875,2700.0,2700.0,20261,-0.0015162521756512115,-0.008883324133922232,0.0011324594010777784,0.2,0.75,0,2709.470468380172,2710.4821520635774,19.792143498974283,-4.356034360856029,-3.170872905153857,2723.1563597867203,0.0011324594010777784,0,TCS,5m,2026-02-19 07:05:00
2700.300048828125,2702.0,2697.199951171875,2698.699951171875,25977,-0.0004814995659722099,-0.011682467349120707,0.0009221391199006545,0.15,0.8,0,2708.4447048365246,2710.020104969785,20.070834192971603,-4.643214317365619,-3.4653411875962092,2722.7967678521068,0.0009221391199006545,0,TCS,5m,2026-02-19 07:10:00
2699.5,2699.699951171875,2695.699951171875,2698.10009765625,25629,-0.0002222749940631319,-0.009835151986481772,0.0008542127416177824,0.15,0.8,0,2707.459504152689,2709.5526537025876,21.111643594079183,-4.86315029801608,-3.7449030096801836,2722.430969940544,0.0008542127416177824,0,TCS,5m,2026-02-19 07:15:00
2698.300048828125,2700.89990234375,2696.60009765625,2697.10009765625,19679,-0.00037063117149305214,-0.008236772327174124,0.0007791778589519555,0.2,0.75,0,2706.4728940101713,2709.0643181713585,22.008144182188374,-5.059816376325671,-4.007885683009281,2722.161370298735,0.0007791778589519555,0,TCS,5m,2026-02-19 07:20:00
2698.39990234375,2699.60009765625,2697.39990234375,2699.5,12366,0.0008898084078656776,-0.006111740016715328,0.0008047035682662504,0.2,0.7,0,2705.8088088663453,2708.689246870521,29.779556959752995,-4.964792559815578,-4.199267058370541,2721.9994028774936,0.0008047035682662504,0,TCS,5m,2026-02-19 07:25:00
2699.5,2701.60009765625,2697.39990234375,2701.10009765625,23186,0.0005927385279680397,-0.004679766726866652,0.0008180698220496649,0.25,0.65,0,2705.3603601796694,2708.3916331758437,35.79362719926489,-4.706121750258262,-4.300637996748086,2721.717122566329,0.0008180698220496649,0,TCS,5m,2026-02-19 07:30:00
2701.10009765625,2705.60009765625,2700.0,2703.800048828125,39379,0.0009995746452409193,-0.005004730258470702,0.0007879555672353815,0.3,0.65,0,2705.21175909857,2708.2115710445605,40.81661462831329,-4.234447697717769,-4.287399936942023,2721.3201833141993,0.0007879555672353815,0,TCS,5m,2026-02-19 07:35:00
2703.800048828125,2703.800048828125,2698.60009765625,2699.60009765625,40860,-0.0015533512449248388,-0.005928436058879605,0.0008369818153721946,0.3,0.7,0,2704.6773151516827,2707.873866205803,38.216862598743546,-4.151685525560879,-4.260257054665795,2720.872370184375,0.0008369818153721946,0,TCS,5m,2026-02-19 07:40:00
2699.60009765625,2701.39990234375,2697.0,2700.60009765625,19340,0.0003704252347849213,-0.00482730358968686,0.0008429629496447616,0.3,0.7,0,2704.2890087235464,2707.58862038033,42.20818338908353,-3.959758632553985,-4.200157370243433,2720.6569526806948,0.0008429629496447616,0,TCS,5m,2026-02-19 07:45:00
2700.60009765625,2705.5,2700.300048828125,2704.10009765625,28312,0.0012960082475881318,-0.00276589457511911,0.0008993527904257808,0.35,0.65,0,2704.2710171933277,2707.4518155676215,53.921764175555886,-3.4850608259807814,-4.057138061390903,2720.4026190644936,0.0008993527904257808,0,TCS,5m,2026-02-19 07:50:00
2704.10009765625,2705.10009765625,2700.0,2703.10009765625,25685,-0.0003698087954905338,-0.0027300875645637213,0.0008988263503460015,0.35,0.65,0,2704.159501046939,2707.281159963254,50.81432706683207,-3.15320287694567,-3.876351024501857,2720.170814144138,0.0008988263503460015,0,TCS,5m,2026-02-19 07:55:00
2703.199951171875,2703.199951171875,2696.699951171875,2699.699951171875,42449,-0.0012578692469891184,-0.003359457136818511,0.000927559411580982,0.35,0.65,0,2703.7347820112186,2706.9838576577104,39.14471570831995,-3.1285030309909416,-3.726781425799674,2719.7399271920494,0.000927559411580982,0,TCS,5m,2026-02-19 08:00:00
2700.39990234375,2701.699951171875,2698.300048828125,2700.10009765625,20597,0.00014821887306459836,-0.003358871135254793,0.0009275699472016438,0.35,0.6,0,2703.38862159646,2706.713906285104,44.086454322716136,-3.0415783263647427,-3.589740805912688,2719.539075360572,0.0009275699472016438,0,TCS,5m,2026-02-19 08:05:00
2700.0,2700.800048828125,2698.0,2699.199951171875,16674,-0.00033337522751708537,-0.002881436582240493,0.0009161781290470093,0.3,0.6,0,2702.9897006036426,2706.4192413787027,41.28098419621369,-3.0106196211932,-3.4739165689687908,2719.3737243072896,0.0009161781290470093,0,TCS,5m,2026-02-19 08:10:00
2699.0,2699.5,2696.300048828125,2697.10009765625,13595,-0.0007779540432761856,-0.0030678661148429986,0.0009219136308736514,0.3,0.6,0,2702.428786037224,2706.053784762136,44.44465231137635,-3.1195648520492796,-3.403046225584889,2719.2296289928395,0.0009219136308736514,0,TCS,5m,2026-02-19 08:15:00
2697.300048828125,2698.300048828125,2695.0,2697.60009765625,19193,0.00018538429494485698,-0.0015175088239708368,0.000878630868336286,0.3,0.6,0,2701.968910953322,2705.7222676207284,47.82638064634417,-3.1294841656595054,-3.3483338135998126,2719.0232410900276,0.000878630868336286,0,TCS,5m,2026-02-19 08:20:00
2697.10009765625,2697.5,2694.39990234375,2695.39990234375,22351,-0.0008156121118217952,-0.002664173407950443,0.0008880039281030688,0.3,0.6,0,2701.3432910857437,2705.3174689824154,44.98112248602338,-3.2771062264291686,-3.3340882961656844,2718.7748478049957,0.0008880039281030688,0,TCS,5m,2026-02-19 08:25:00
2695.199951171875,2696.199951171875,2692.39990234375,2692.39990234375,20163,-0.0011130073861734813,-0.005136217800533194,0.0008391328894551723,0.25,0.65,0,2700.4915397769823,2704.8108977416837,41.86828411164425,-3.594734835563031,-3.386217604045154,2718.535238681409,0.0008391328894551723,0,TCS,5m,2026-02-19 08:30:00
2692.39990234375,2697.0,2691.0,2696.0,25919,0.001337133333393803,-0.002737257753591904,0.0008875388213355343,0.25,0.7,0,2700.063774083936,2704.465372340049,44.1861596859488,-3.5154362423850216,-3.4120613317131276,2718.2459835971504,0.0008875388213355343,0,TCS,5m,2026-02-19 08:35:00
2697.0,2700.39990234375,2697.0,2700.0,22445,0.0014836795252226587,-0.0015162521756512115,0.0009558890252353348,0.3,0.65,0,2700.0577003616563,2704.2902596992626,48.30756749447875,-3.0941574443982063,-3.3484805542501435,2718.0474912848226,0.0009558890252353348,0,TCS,5m,2026-02-19 08:40:00
2700.5,2703.5,2700.0,2703.300048828125,43040,0.0012222403067130294,0.0012222403067130294,0.0009345357174758553,0.35,0.6,0,2700.3664954537007,2704.2514279003944,49.24472636082018,-2.4655828962172563,-3.171901022643566,2717.739356968551,0.0009345357174758553,0,TCS,5m,2026-02-19 08:45:00
2702.39990234375,2706.800048828125,2701.199951171875,2703.300048828125,44923,0.0,0.0017045606178829331,0.0009259741120597661,0.4,0.55,0,2700.64588148936,2704.214118917168,56.4011590089291,-1.9450121488248442,-2.926523247879822,2717.4602794596044,0.0009259741120597661,0,TCS,5m,2026-02-19 08:50:00
2702.0,2702.0,2697.10009765625,2697.5,18280,-0.002145543862450361,-0.00022241489734620146,0.0010510463816581547,0.4,0.55,0,2700.3462737284685,2703.9508201361027,45.40054187977224,-1.9776741518426206,-2.736753428672382,2717.3103799039777,0.0010510463816581547,0,TCS,5m,2026-02-19 08:55:00
2697.800048828125,2701.800048828125,2697.800048828125,2700.300048828125,14024,0.0010380162476830712,0.0011864413837128218,0.0010726264477309583,0.35,0.55,0,2700.341871357007,2703.807652633829,44.242478046326504,-1.7573607245922176,-2.5408748878563494,2717.203770356809,0.0010726264477309583,0,TCS,5m,2026-02-19 09:00:00
2700.800048828125,2702.800048828125,2700.300048828125,2702.0,19259,0.0006295415846890862,0.000926097425449246,0.0010635676153004695,0.4,0.55,0,2700.4997883706255,2703.7367642952477,48.36784073950651,-1.4291149462314934,-2.3185228995313785,2717.0739918437393,0.0010635676153004695,0,TCS,5m,2026-02-19 09:05:00
2702.0,2702.39990234375,2695.10009765625,2695.10009765625,28066,-0.0025536278104182353,-0.0022213171608139737,0.0012022277201964224,0.35,0.6,0,2699.9855321121136,2703.3980714858753,43.81747422443609,-1.7060756778296309,-2.196033455191029,2716.83849457877,0.0012022277201964224,0,TCS,5m,2026-02-19 09:10:00
2695.699951171875,2696.60009765625,2690.5,2694.60009765625,51612,-0.0001855218663064928,-0.0034026004163519863,0.0011734973999895817,0.3,0.65,0,2699.4726335925075,2703.0530529043217,42.62740375175086,-1.9435112860287518,-2.145529021358574,2716.3411454915963,0.0011734973999895817,-1,TCS,5m,2026-02-19 09:15:00
2694.699951171875,2696.800048828125,2690.5,2690.5,35475,-0.001521597828121557,-0.0033709058108830625,0.0011715468096174153,0.35,0.6,0,2698.618097059888,2702.5607763198386,39.25938428708353,-2.434461375731644,-2.203315492233188,2715.9925303387163,0.0011715468096174153,-1,TCS,5m,2026-02-19 09:20:00
2690.699951171875,2692.699951171875,2687.89990234375,2687.89990234375,53877,-0.0009663994262218978,-0.0047027308202802764,0.0011773222137414986,0.35,0.6,0,2697.597316610732,2701.9858400854823,38.78038323667068,-2.9987809299777837,-2.362408579782107,2715.4146048559764,0.0011773222137414986,-1,TCS,5m,2026-02-19 09:25:00
2688.0,2688.800048828125,2677.800048828125,2683.5,144152,-0.0016369293885957203,-0.00761809730124452,0.0011591046904010174,0.3,0.65,-1,2696.2547150287573,2701.260905180169,34.29846883292009,-3.757726853974418,-2.6414722346205695,2713.647233273814,0.0011591046904010174,-1,TCS,5m,2026-02-19 09:30:00
2683.5,2684.60009765625,2675.5,2681.800048828125,117719,-0.0006334828290944783,-0.007879859442346704,0.001160461624962201,0.3,0.65,-1,2694.8780801525068,2700.4977343428345,34.68490017210756,-4.445128148833646,-3.0022034174631846,2712.224513757664,0.001160461624962201,-1,TCS,5m,2026-02-19 09:35:00
2682.10009765625,2684.5,2675.39990234375,2676.0,101120,-0.0021627446948028206,-0.008778735267075621,0.0012123593451792837,0.3,0.65,-1,2693.08016775703,2699.53703887841,32.627293981337814,-5.3957156436445075,-3.4809058626994496,2711.025420486023,0.0012123593451792837,-1,TCS,5m,2026-02-19 09:40:00
2676.0,2676.10009765625,2671.199951171875,2672.5,70225,-0.00130792227204779,-0.010221879433361614,0.0012188762798157713,0.3,0.7,-1,2691.12015178017,2698.4767628439627,25.05313028063155,-6.358190568141254,-4.0563628037878106,2710.11201330549,0.0012188762798157713,-1,TCS,5m,2026-02-19 09:45:00
2672.10009765625,2674.0,2668.5,2671.10009765625,90098,-0.0005238175280636304,-0.010410437916400062,0.0012181437609837065,0.3,0.7,-1,2689.2134799588443,2697.403168130719,17.52819961376403,-7.151481472953492,-4.675386537620947,2708.940682058772,0.0012181437609837065,-1,TCS,5m,2026-02-19 09:50:00
2670.39990234375,2675.0,2667.699951171875,2675.0,60491,0.001460036015562327,-0.008194022044437532,0.001293871425186845,0.35,0.7,-1,2687.859815200859,2696.52461251775,18.625121123375322,-7.380404000892668,-5.216390030275292,2708.2201160762093,0.001293871425186845,-1,TCS,5m,2026-02-19 09:55:00
2669.5,2676.60009765625,2664.0,2664.0,69097,-0.0023219052075684754,-0.011649441077907108,0.0013812607749213472,0.4,0.65,-1,2684.0657402087104,2694.257281764691,16.699671889257758,-8.638213893184457,-6.323502312853098,2668.2000325520835,0.0013812607749213472,0,TCS,5m,2026-02-20 03:50:00
2665.300048828125,2670.0,2660.199951171875,2667.5,34113,0.0013138138138137911,-0.009248218409930287,0.00143785416850208,0.4,0.65,-1,2682.4880506650234,2693.207976597448,17.842935446037487,-8.871408833132136,-6.8330836169089055,2667.4398197270298,0.00143785416850208,-1,TCS,5m,2026-02-20 03:55:00
2667.0,2689.0,2666.60009765625,2687.199951171875,76547,0.007385173822633595,-0.003264113066811958,0.002245594414252353,0.4,0.6,0,2682.9368030942474,2692.972367757229,39.27528898921885,-7.381506668860311,-6.942768227299187,2673.1858503789867,0.002245594414252353,0,TCS,5m,2026-02-20 04:00:00
2686.60009765625,2689.800048828125,2681.0,2687.0,38577,-7.440874349073923e-05,-0.004814814814814827,0.0022123114617776706,0.4,0.6,0,2683.3237742281285,2692.738157256946,43.499098675444785,-6.146035190120529,-6.783421619863455,2675.4381806519204,0.0022123114617776706,0,TCS,5m,2026-02-20 04:05:00
2686.89990234375,2687.0,2681.0,2681.699951171875,23494,-0.0019724781645422684,-0.007990270138756417,0.0022165845332868975,0.35,0.6,-1,2683.169124413247,2692.3052864300807,40.38735123216696,-5.530828836198907,-6.532903063130546,2676.1954913632844,0.0022165845332868975,0,TCS,5m,2026-02-20 04:10:00
2681.800048828125,2687.5,2680.60009765625,2687.5,30165,0.0021628254218337695,-0.005844726276305945,0.002288648166401179,0.35,0.65,0,2683.5815887548424,2692.1168438249797,47.81976125250174,-4.523118209815038,-6.130946092467445,2677.194127302298,0.002288648166401179,-1,TCS,5m,2026-02-20 04:15:00
2687.5,2692.60009765625,2681.10009765625,2682.0,42651,-0.0020465116279069218,-0.005746061167747896,0.002284527022330972,0.4,0.6,0,2683.4309612543816,2691.720104851451,45.885685877922384,-4.120802269374053,-5.728917327848767,2678.2838762032384,0.002284527022330972,-1,TCS,5m,2026-02-20 04:20:00
2682.0,2685.300048828125,2678.0,2685.0,48879,0.0011185682326622093,-0.005666055087013344,0.0022870530043828112,0.4,0.65,0,2683.580393515869,2691.4565713278653,51.066859294039205,-3.5193205237937946,-5.286997967037773,2678.8866306661434,0.0022870530043828112,0,TCS,5m,2026-02-20 04:25:00
2685.0,2686.5,2673.10009765625,2674.89990234375,32776,-0.003761675104748563,-0.010029643840210989,0.0024028306787332522,0.4,0.7,-1,2682.7536800709054,2690.8072901912333,45.61616850987265,-3.8136737210729734,-4.992333117844813,2678.827085877873,0.0024028306787332522,0,TCS,5m,2026-02-20 04:30:00
2675.0,2680.800048828125,2673.5,2677.199951171875,36563,0.0008598635134382526,-0.006641737165881678,0.0023703809605196526,0.4,0.65,-1,2682.224753509093,2690.2736690532192,50.797840392962776,-3.8173519751476306,-4.757336889305377,2678.6868335396694,0.0023703809605196526,0,TCS,5m,2026-02-20 04:35:00
2678.0,2684.60009765625,2677.0,2682.39990234375,32258,0.0019423096020896313,-0.004527645984690465,0.002424367225127379,0.45,0.6,0,2682.241434350489,2689.9648938881423,56.43687575797983,-3.361920291835304,-4.478253569811363,2678.8703792705433,0.002424367225127379,0,TCS,5m,2026-02-20 04:40:00
2681.699951171875,2693.300048828125,2681.699951171875,2693.0,43870,0.003951721608320913,0.0009291953168555356,0.0025744649794022037,0.45,0.6,0,2683.266059650442,2690.083917657235,62.717698899241775,-2.12119627914808,-4.006842111678707,2679.772184403718,0.0025744649794022037,0,TCS,5m,2026-02-20 04:45:00
2693.0,2698.0,2691.10009765625,2698.0,58477,0.0018566654288896256,0.0037576167354458345,0.002593152725037456,0.5,0.55,0,2684.6692920646856,2690.394352258912,63.18804385562138,-0.7260854853998353,-3.3506907864229327,2681.413535841197,0.002593152725037456,1,TCS,5m,2026-02-20 04:50:00
2698.0,2700.0,2694.300048828125,2694.39990234375,28630,-0.001334357915585671,0.00406182312045833,0.00258279076041551,0.55,0.5,0,2685.596016853168,2690.551432654396,64.06969911172808,0.08803723781193185,-2.66294518157596,2682.1253165349713,0.00258279076041551,1,TCS,5m,2026-02-20 04:55:00
2694.89990234375,2698.60009765625,2694.89990234375,2697.39990234375,16032,0.0011134204679084103,0.005816933862180296,0.0025824501753660294,0.55,0.45,0,2686.7201964236992,2690.8200000931943,70.16895179124282,0.9641956421769464,-1.937517016825379,2682.514018921946,0.0025824501753660294,1,TCS,5m,2026-02-20 05:00:00
2697.300048828125,2699.89990234375,2696.800048828125,2697.5,25228,3.7108941897345815e-05,0.00803437967115106,0.0025183938411945882,0.6,0.4,1,2687.746844383347,2691.0819608738534,68.8915947162571,1.6476415481783988,-1.2204853038246235,2683.1296264804914,0.0025183938411945882,1,TCS,5m,2026-02-20 05:05:00
2697.800048828125,2702.0,2697.800048828125,2698.800048828125,23545,0.0004819458120945974,0.009840991142422872,0.0024859809017957154,0.65,0.35,1,2688.799530520945,2691.384630989707,59.508200657973724,2.268035921811588,-0.5227810586973811,2683.714018787201,0.0024859809017957154,1,TCS,5m,2026-02-20 05:10:00
2699.699951171875,2701.0,2698.10009765625,2699.800048828125,11066,0.0003705350459120016,0.01074461836793672,0.0024747520126054768,0.65,0.3,1,2689.847198931153,2691.7146473755274,60.35593655559287,2.808025406318393,0.14338023430577368,2683.97617959709,0.0024747520126054768,1,TCS,5m,2026-02-20 05:15:00
2699.5,2702.0,2696.800048828125,2700.39990234375,16052,0.00022218442283739037,0.009495290595794348,0.002465926456624151,0.65,0.3,1,2690.8522183037812,2692.055245609575,66.3746403116088,3.246945363729992,0.7640932601906174,2684.3438049139577,0.002465926456624151,1,TCS,5m,2026-02-20 05:20:00
2700.39990234375,2702.60009765625,2698.0,2699.0,22209,-0.00051840556746241,0.010785727419208913,0.0024201888442272213,0.7,0.25,1,2691.628197512945,2692.327588919004,60.910775502640604,3.442153173440147,1.2997052428405236,2684.8292088605936,0.0024201888442272213,0,TCS,5m,2026-02-20 05:25:00
2699.300048828125,2699.699951171875,2695.39990234375,2697.39990234375,12917,-0.0005928483350314817,0.012537500879786112,0.0023422288241758925,0.65,0.3,1,2692.1778836873073,2692.526503170955,65.77849374143261,3.4282238304249404,1.7254089603574072,2685.055535989499,0.0023422288241758925,0,TCS,5m,2026-02-20 05:30:00
2697.10009765625,2697.300048828125,2693.60009765625,2696.10009765625,24173,-0.0004818731869792314,0.01072168609418922,0.002348873583126104,0.65,0.3,1,2692.5514278748255,2692.6666441311627,61.78351872777599,3.27455432643319,2.035238033572564,2685.398769373185,0.002348873583126104,0,TCS,5m,2026-02-20 05:35:00
2696.10009765625,2701.800048828125,2696.0,2697.10009765625,31322,0.0003709061102254996,0.003684186761039987,0.0017088445723804427,0.65,0.3,0,2692.9846345206756,2692.8405050537153,79.21078330592105,3.196613212748616,2.2675130694077743,2685.917742654951,0.0017088445723804427,0,TCS,5m,2026-02-20 05:40:00
2697.60009765625,2700.0,2696.699951171875,2697.800048828125,6871,0.0002595199089878708,0.004019370609648298,0.0017078047937258381,0.6,0.3,0,2693.4432454070993,2693.0349969664376,78.29691335667431,3.154956157757624,2.4450016870777445,2686.0248859664275,0.0017078047937258381,0,TCS,5m,2026-02-20 05:45:00
2697.800048828125,2697.800048828125,2694.699951171875,2696.89990234375,9382,-0.0003336594514355973,0.005668028283787985,0.0016357797234974492,0.6,0.35,0,2693.7724508296374,2693.186561883195,72.58560107086902,3.014558390475486,2.558913027757293,2686.1481281611427,0.0016357797234974492,0,TCS,5m,2026-02-20 05:50:00
2696.89990234375,2697.800048828125,2693.89990234375,2694.39990234375,9632,-0.0009269902816294584,0.00256740552325585,0.0015943708945011714,0.55,0.35,0,2693.8322081166957,2693.23414386204,52.916463216145836,2.6707759985542907,2.5812856219166926,2686.2584943799757,0.0015943708945011714,0,TCS,5m,2026-02-20 05:55:00
2693.699951171875,2695.39990234375,2691.10009765625,2692.800048828125,16090,-0.0005937698833173854,0.004026863843447082,0.0015214458264129099,0.5,0.4,0,2693.7339072320697,2693.2171205273767,37.37866954264787,2.24337098371052,2.5137026942754583,2686.3926376178697,0.0015214458264129099,0,TCS,5m,2026-02-20 06:00:00
2692.800048828125,2695.199951171875,2691.800048828125,2694.300048828125,10928,0.0005570409881168192,0.003463705336359313,0.0015087709785840937,0.5,0.35,0,2693.787825479313,2693.259588303877,49.73012207192346,2.0026021432063317,2.411482584061633,2686.489545980277,0.0015087709785840937,0,TCS,5m,2026-02-20 06:05:00
2694.300048828125,2695.0,2690.5,2691.800048828125,12780,-0.0009278847770082255,0.006318048189230208,0.0012263467787986045,0.45,0.35,0,2693.598513417295,2693.202351461691,34.44464036241811,1.5917137109800024,2.247528809445307,2686.579513587949,0.0012263467787986045,0,TCS,5m,2026-02-20 06:10:00
2692.5,2693.5,2686.199951171875,2687.60009765625,20583,-0.0015602760590273101,0.0038847103967047936,0.0012876903666771127,0.45,0.4,0,2693.0272357257672,2692.9826552340264,27.60163499779054,0.9166145471094751,1.9813459569781409,2686.639496345435,0.0012876903666771127,0,TCS,5m,2026-02-20 06:15:00
2687.60009765625,2687.800048828125,2684.0,2685.10009765625,17988,-0.000930197912323405,0.0010066341376395727,0.00124188462529283,0.4,0.45,0,2692.2722701953367,2692.6735353290155,20.600408655105568,0.17781475151741688,1.6206397158859962,2686.618997892118,0.00124188462529283,0,TCS,5m,2026-02-20 06:20:00
2685.39990234375,2688.89990234375,2684.0,2687.5,15478,0.0008937850569685768,-0.0020423319717787214,0.0008684717362613675,0.4,0.45,0,2691.817768271971,2692.4706515906228,25.10057428658976,-0.21159817488933186,1.2541921377309309,2686.622115802813,0.0008684717362613675,0,TCS,5m,2026-02-20 06:25:00
2687.60009765625,2687.800048828125,2682.699951171875,2683.800048828125,8769,-0.001376726017441876,-0.005263139796840233,0.0007812727893117894,0.35,0.5,0,2691.0541759439857,2692.130627952878,20.143676394389942,-0.8094351973254561,0.8414666707196535,2686.604180032283,0.0007812727893117894,0,TCS,5m,2026-02-20 06:30:00
2685.0,2685.0,2683.10009765625,2684.89990234375,9181,0.000409812018635769,-0.00352583148171004,0.0007522582444476385,0.3,0.5,0,2690.4680546487252,2691.8470700858534,24.36300360446741,-1.180864091750209,0.4370005182256811,2686.5814275273874,0.0007522582444476385,0,TCS,5m,2026-02-20 06:35:00
2685.0,2688.300048828125,2684.10009765625,2688.199951171875,10653,0.0012291142866236449,-0.003410673798824315,0.0007630652297100042,0.35,0.5,0,2690.2520447937873,2691.704045814717,34.246369177515234,-1.1951607367996075,0.1105682672206234,2686.5847059286925,0.0007630652297100042,0,TCS,5m,2026-02-20 06:40:00
2687.60009765625,2689.0,2686.0,2687.0,19934,-0.0004463772017225809,-0.0038924930491195386,0.0007637989658108222,0.35,0.5,0,2689.942326241998,2691.5195734298263,34.3638834821129,-1.2884643472093558,-0.16923825566537243,2686.6004657566427,0.0007637989658108222,0,TCS,5m,2026-02-20 06:45:00
2687.0,2688.199951171875,2686.0,2686.699951171875,11875,-0.00011166685080943317,-0.004483510240599009,0.0007474801421931387,0.3,0.5,0,2689.633528616272,2691.3305686353965,31.6896625832796,-1.370817631144746,-0.40955413076124714,2686.6050009227647,0.0007474801421931387,0,TCS,5m,2026-02-20 06:50:00
2686.10009765625,2691.800048828125,2685.0,2688.5,17014,0.0006699850600511148,-0.004185513232000226,0.0007628648031746667,0.35,0.55,0,2689.525573509961,2691.2195659438125,34.237074922826096,-1.276123942740469,-0.5828680931570915,2686.6368799516977,0.0007628648031746667,0,TCS,5m,2026-02-20 06:55:00
2688.5,2689.0,2684.699951171875,2687.0,15471,-0.0005579319323042453,-0.004962191833927987,0.0007595721165908968,0.3,0.55,0,2689.2850426994883,2691.0540927695456,33.55476607617935,-1.3070491276916982,-0.7277043000640129,2686.6409862783908,0.0007595721165908968,0,TCS,5m,2026-02-20 07:00:00
2687.0,2687.0,2682.89990234375,2685.39990234375,26426,-0.0005954959643654778,-0.005038939479899973,0.000761208120039856,0.25,0.6,0,2688.915029332275,2690.8323598116713,34.58888647347034,-1.4440262323241768,-0.8709686865160458,2686.600970572487,0.000761208120039856,0,TCS,5m,2026-02-20 07:05:00
2686.0,2687.0,2682.5,2682.5,9391,-0.0010798772805565848,-0.005523801765842551,0.0007802291175066398,0.25,0.6,0,2688.3040741577724,2690.50560060337,33.11453889071218,-1.7662195783914285,-1.0500188648911224,2686.5771890285223,0.0007802291175066398,0,TCS,5m,2026-02-20 07:10:00
2682.699951171875,2685.0,2680.39990234375,2683.60009765625,41337,0.00041010164259080994,-0.0046363263778175234,0.0007932638573851624,0.25,0.6,0,2687.856076395723,2690.2347965662284,32.22590823187794,-1.9107653261967243,-1.2221681571522427,2686.4387886716677,0.0007932638573851624,0,TCS,5m,2026-02-20 07:15:00
2683.199951171875,2686.5,2683.0,2686.0,38439,0.0008942846387007819,-0.004115567555648347,0.0008223022641714127,0.25,0.6,0,2687.679307215178,2690.068726112651,40.33317328428779,-1.8107931145641487,-1.339893148634624,2686.3946105775854,0.0008223022641714127,0,TCS,5m,2026-02-20 07:20:00
2686.0,2686.10009765625,2681.0,2682.5,13706,-0.001303052866716281,-0.005671305712508623,0.0008495388761077183,0.25,0.65,0,2687.1860398613517,2689.7719133239193,41.29670366296704,-1.9910337679616532,-1.4701212725000299,2686.3555367798826,0.0008495388761077183,0,TCS,5m,2026-02-20 07:25:00
2683.89990234375,2685.5,2682.0,2683.60009765625,14527,0.00041010164259080994,-0.004931515877152792,0.0008634156644815403,0.25,0.6,0,2686.844521556104,2689.529881336952,47.31181854775197,-2.0218010335956933,-1.5804572247191626,2686.321551539941,0.0008634156644815403,0,TCS,5m,2026-02-20 07:30:00
2683.60009765625,2684.699951171875,2681.0,2682.60009765625,21804,-0.00037263376196527975,-0.00437938135212812,0.0008492119115985019,0.25,0.6,0,2686.440290708499,2689.258125114179,40.754901238207545,-2.102638053296687,-1.6848933904346677,2686.2545532212494,0.0008492119115985019,0,TCS,5m,2026-02-20 07:35:00
2682.60009765625,2683.800048828125,2680.5,2681.5,18825,-0.00041008634019323864,-0.0041963935766573535,0.000845933357878915,0.25,0.6,0,2685.9697868314993,2688.953884913623,45.18821185964554,-2.2297672914151008,-1.7938681706307544,2686.185364713738,0.000845933357878915,0,TCS,5m,2026-02-20 07:40:00
2681.10009765625,2681.10009765625,2675.60009765625,2678.89990234375,23920,-0.0009696429820063024,-0.005715824594619057,0.0008419569060165729,0.25,0.65,0,2685.2964644993326,2688.5596110873535,38.18915801614764,-2.511374715038528,-1.9373694795123093,2686.032789733662,0.0008419569060165729,0,TCS,5m,2026-02-20 07:45:00
2678.800048828125,2679.5,2672.800048828125,2674.5,34825,-0.0016424287969477591,-0.006426944243372201,0.0008846931724711954,0.25,0.65,0,2684.2682297851106,2688.00825378981,24.15127366530011,-3.0543770177773695,-2.1607709871653213,2685.738476112706,0.0008846931724711954,0,TCS,5m,2026-02-20 07:50:00
2674.300048828125,2680.5,2672.10009765625,2680.10009765625,38345,0.0020938858314638598,-0.002790593736970215,0.0009869197471124571,0.3,0.65,0,2683.8712648204573,2687.6981300198668,38.83525061626952,-2.998267020077037,-2.3282701937476644,2685.492293017135,0.0009869197471124571,0,TCS,5m,2026-02-20 07:55:00
2680.0,2683.0,2679.0,2682.60009765625,31292,0.0009328009808984294,-0.0009310639860995451,0.0009962130006717792,0.35,0.6,0,2683.750201281009,2687.498207182078,43.80693175196748,-2.720707711108389,-2.4067576972198097,2685.397298704701,0.0009962130006717792,0,TCS,5m,2026-02-20 08:00:00
2682.699951171875,2684.5,2680.0,2681.800048828125,28995,-0.0002982363375084729,-0.002120912063953484,0.0009723954077745824,0.35,0.6,0,2683.5644724759727,2687.2747499917273,39.56405010533681,-2.5360630569107343,-2.432618769157995,2685.3255827339653,0.0009723954077745824,0,TCS,5m,2026-02-20 08:05:00
2682.699951171875,2684.0,2681.0,2683.0,14152,0.0004474424453826398,-0.00029810299335608637,0.000931597283173444,0.35,0.55,0,2683.510713192547,2687.1071127371497,43.71074976584212,-2.2667748376961754,-2.399449982865631,2685.2976526033563,0.000931597283173444,0,TCS,5m,2026-02-20 08:10:00
2683.5,2684.0,2680.0,2682.5,23107,-0.000186358553857624,-0.0008938517006369384,0.0009268317858052485,0.35,0.6,0,2683.4144547932565,2686.9264416494184,45.2770620606292,-2.069847887169999,-2.3335295637265046,2685.244857980597,0.0009268317858052485,0,TCS,5m,2026-02-20 08:15:00
2682.5,2683.0,2680.89990234375,2682.0,14199,-0.00018639328984160208,-0.0023063578917082994,0.0008771886689339222,0.3,0.6,0,2683.2797448129463,2686.7332478592452,49.11661691885643,-1.9318584200941586,-2.2531953350000355,2685.211238996462,0.0008771886689339222,0,TCS,5m,2026-02-20 08:20:00
2681.60009765625,2685.0,2681.10009765625,2685.0,32609,0.0011185682326622093,-0.0007443245254931119,0.00091506150296046,0.3,0.6,0,2683.443578640285,2686.6652773549613,52.317704122877934,-1.5624152943787522,-2.115039326875779,2685.1764661987613,0.00091506150296046,0,TCS,5m,2026-02-20 08:25:00
2685.0,2685.699951171875,2683.199951171875,2683.89990234375,22974,-0.00040971979748605225,-0.0010421888856266825,0.0009187639571704866,0.35,0.6,0,2683.487038040615,2686.55683127609,46.366662161248904,-1.3429173275007997,-1.960614927000783,2685.1619515080997,0.0009187639571704866,0,TCS,5m,2026-02-20 08:30:00
2683.5,2684.5,2681.5,2683.5,21017,-0.00014900046883292717,-0.0018597731076808177,0.0009030201333056044,0.3,0.6,0,2683.4882725129373,2686.436955539773,51.93796248982759,-1.1875431264279541,-1.8060005668862176,2685.1332517753444,0.0009030201333056044,0,TCS,5m,2026-02-20 08:35:00
2683.5,2684.5,2682.10009765625,2684.10009765625,19213,0.00022362498835470923,-0.0010792342179940517,0.0008987276236344749,0.3,0.55,0,2683.546541574205,2686.3453140541446,50.988130850139925,-1.0044069094033148,-1.6456818353896372,2685.1129207176677,0.0008987276236344749,0,TCS,5m,2026-02-20 08:40:00
2684.10009765625,2691.0,2683.39990234375,2690.800048828125,46634,0.002496162932867252,0.002010928234436049,0.0010532224587290542,0.35,0.5,0,2684.237351788864,2686.520009535477,63.22562353812108,-0.3150088463494285,-1.3795472375815956,2685.2133059131743,0.0010532224587290542,0,TCS,5m,2026-02-20 08:45:00
2691.0,2692.0,2684.300048828125,2684.800048828125,31494,-0.002229820087380041,0.0008574273357409012,0.0011481874397770556,0.4,0.45,0,2684.2909419830794,2686.4525600959732,54.596149530422245,-0.24992479300090054,-1.1536227486654567,2685.250085465299,0.0011481874397770556,0,TCS,5m,2026-02-20 08:50:00
2685.0,2688.800048828125,2684.199951171875,2687.800048828125,43833,0.0011174016483310734,0.0015650436052461192,0.0011707450652800305,0.4,0.45,0,2684.6251426349886,2686.5054027913516,62.25913844705249,0.0432313717933539,-0.9142519245736945,2685.2961323676473,0.0011707450652800305,0,TCS,5m,2026-02-20 08:55:00
2687.800048828125,2691.800048828125,2686.10009765625,2690.0,25148,0.0008184951007923491,0.0014892032762472418,0.00116808636609879,0.4,0.45,0,2685.137033812609,2686.642445819142,72.72720764064894,0.4479141428582807,-0.6418187110872996,2685.3580012492375,0.00116808636609879,0,TCS,5m,2026-02-20 09:00:00
2690.10009765625,2691.699951171875,2689.300048828125,2690.89990234375,13976,0.00033453618726775325,0.0031313708643989635,0.0011229226900923983,0.4,0.4,0,2685.6858784346227,2686.8094048985386,68.36707578349471,0.8316559408540343,-0.3471237806990328,2685.4029171631746,0.0011229226900923983,0,TCS,5m,2026-02-20 09:05:00
2690.800048828125,2694.699951171875,2690.5,2694.60009765625,26781,0.0013750772777825215,0.004098971381617966,0.001154655801818476,0.45,0.4,0,2686.534851693825,2687.1149222615863,69.60778056136208,1.4180030617526427,0.005901587791302232,2685.5291577745866,0.001154655801818476,0,TCS,5m,2026-02-20 09:10:00
2694.60009765625,2696.199951171875,2694.0,2695.39990234375,15198,0.00029681758276334236,0.004771417364326069,0.0011466997451673286,0.5,0.35,0,2687.379142231913,2687.4398234412793,72.22208924738905,1.9250343359690305,0.3897281374268479,2685.6164652996395,0.0011466997451673286,0,TCS,5m,2026-02-20 09:15:00
2695.0,2695.0,2691.39990234375,2694.699951171875,15653,-0.0002596836080859255,0.00492259972846365,0.0011427075510918522,0.5,0.35,0,2688.0763621309575,2687.7245343326754,69.43522942030513,2.2445067868329716,0.7606838673080727,2685.690935047774,0.0011427075510918522,0,TCS,5m,2026-02-20 09:20:00
2694.5,2696.0,2694.0,2694.800048828125,16099,3.7146123154307986e-05,0.005935326837133381,0.0011079764851545095,0.55,0.3,0,2688.716713244973,2688.00200548936,70.7071869528405,2.47721228887076,1.1039895516206102,2685.7776856227993,0.0011079764851545095,0,TCS,5m,2026-02-20 09:25:00
2695.699951171875,2695.699951171875,2688.5,2689.699951171875,62262,-0.0018925699732222911,0.005683287033791284,0.0011321634586133537,0.55,0.3,0,2688.8103549522975,2688.068591594557,61.2244026392774,2.2244556778450715,1.3280827768655026,2685.971124604237,0.0011321634586133537,0,TCS,5m,2026-02-20 09:30:00
2689.699951171875,2689.89990234375,2686.0,2686.300048828125,58927,-0.0012640452115370016,0.0023133282138592115,0.0010981112866780313,0.5,0.3,0,2688.5712781785664,2687.9992369762654,51.87327184076662,1.7298597907547446,1.4084381796433512,2686.0169748493104,0.0010981112866780313,0,TCS,5m,2026-02-20 09:35:00
2686.300048828125,2686.800048828125,2684.10009765625,2685.800048828125,74463,-0.00018612961728459165,0.0011928543410815173,0.0010827083261516672,0.45,0.35,0,2688.3073515737624,2687.912994303789,52.78615050868815,1.2827563488381202,1.383301813482305,2685.9994294594258,0.0010827083261516672,0,TCS,5m,2026-02-20 09:40:00
2685.800048828125,2685.800048828125,2682.0,2683.0,68661,-0.0010425380807281837,0.0004474424453826398,0.0011081680838999632,0.4,0.4,0,2687.8018895191185,2687.7203278605034,49.31506849315068,0.6944776049354004,1.245536971772924,2685.9162034214705,0.0011081680838999632,0,TCS,5m,2026-02-20 09:45:00
2682.800048828125,2685.89990234375,2681.699951171875,2685.300048828125,87500,0.0008572675468225821,0.0008572675468225821,0.0011201547608429437,0.45,0.45,0,2687.563618977119,2687.625414957273,51.570618724715125,0.40914085905114916,1.0782577492285692,2685.847785177228,0.0011201547608429437,0,TCS,5m,2026-02-20 09:50:00
2685.300048828125,2686.0,2678.89990234375,2685.5,61803,7.446138913302924e-05,0.0011183597390493905,0.0011188560807736765,0.5,0.45,0,2687.367083836441,2687.5420653511055,41.64028865630031,0.1968743754555362,0.9019810744739627,2685.7786561216667,0.0011188560807736765,0,TCS,5m,2026-02-20 09:55:00
2687.10009765625,2700.0,2687.10009765625,2699.0,60610,0.0041296543991728996,0.005214152700186325,0.0014336672793628636,0.55,0.5,0,2688.5208924127382,2688.004878638098,65.46956668352723,1.120682152145946,0.8365675732124399,2695.36669921875,0.0014336672793628636,0,TCS,5m,2026-02-23 03:50:00
2698.800048828125,2704.0,2697.699951171875,2698.39990234375,58771,-0.0002223407396257926,0.0054025859859145875,0.0014296598483964763,0.55,0.5,0,2689.4617505014057,2688.412526626555,62.13855294167455,1.7658823918018243,1.0224305369303168,2697.664048745647,0.0014296598483964763,0,TCS,5m,2026-02-23 03:55:00
2698.39990234375,2700.60009765625,2691.0,2691.10009765625,40130,-0.0027052345655510512,0.0028321586198061244,0.0015759115879398476,0.55,0.5,0,2689.617783563772,2688.5179215688963,50.24414062500001,1.6689365373531473,1.151731737014883,2696.800960953169,0.0015759115879398476,0,TCS,5m,2026-02-23 04:00:00
2691.10009765625,2696.199951171875,2687.89990234375,2688.0,60893,-0.0011519815479735795,0.0014529645698218019,0.0016019922151260344,0.55,0.55,0,2689.4637089386506,2688.4976109191357,41.831542561548964,1.3266613507489637,1.1867176597616993,2695.1153799808985,0.0016019922151260344,0,TCS,5m,2026-02-23 04:05:00
2688.0,2688.800048828125,2677.39990234375,2685.300048828125,95430,-0.0010044461204892219,-0.0020440017467650007,0.001512115570828565,0.5,0.6,0,2689.067169880505,2688.3722163273314,38.06165265120252,0.8279976626249663,1.1149736603343527,2691.7064825487755,0.001512115570828565,0,TCS,5m,2026-02-23 04:10:00
2686.10009765625,2688.199951171875,2684.0,2685.0,44658,-0.0001117375424232181,7.447525634618479e-05,0.001426962356095377,0.45,0.6,0,2688.679820368076,2688.2399725497894,38.42491973686511,0.4039353490288704,0.9727659980732564,2690.966522648088,0.001426962356095377,0,TCS,5m,2026-02-23 04:15:00
2685.60009765625,2689.199951171875,2680.39990234375,2682.300048828125,50825,-0.0010055684066573312,-0.002046283168421703,0.0014187717994791232,0.5,0.6,0,2688.072223078557,2688.007034364626,35.95505617977528,-0.14829117646240775,0.7485545631661236,2690.101570957019,0.0014187717994791232,-1,TCS,5m,2026-02-23 04:20:00
2681.300048828125,2682.300048828125,2675.0,2676.10009765625,63664,-0.00231143088357455,-0.005167249941914531,0.0014831189949542998,0.45,0.65,0,2686.932020657385,2687.54009567018,35.08783201357768,-1.073840357707013,0.38407557899149625,2688.452738467269,0.0014831189949542998,0,TCS,5m,2026-02-23 04:25:00
2676.800048828125,2680.10009765625,2674.199951171875,2680.0,52103,0.0014573080981408193,-0.00405065321614384,0.0015273170020195957,0.45,0.7,0,2686.2718282138244,2687.2444056438985,43.166953528399304,-1.4756449098053963,0.012131481232117713,2687.4293572143197,0.0015273170020195957,-1,TCS,5m,2026-02-23 04:30:00
2680.0,2681.10009765625,2674.300048828125,2675.800048828125,57278,-0.0015671459596549031,-0.0069769346644339425,0.0015090245422715565,0.45,0.7,-1,2685.2745158913767,2686.7956073373975,39.95979998039024,-2.108671419777693,-0.4120290989698444,2686.413633296351,0.0015090245422715565,-1,TCS,5m,2026-02-23 04:35:00
2675.89990234375,2680.800048828125,2674.800048828125,2679.5,57088,0.0013827457599067117,-0.005898902916010473,0.001552395252084412,0.4,0.7,0,2684.72456199696,2686.509505088872,46.54830352585402,-2.2854491170733127,-0.7867131025905381,2685.6974693356024,0.001552395252084412,-1,TCS,5m,2026-02-23 04:40:00
2679.39990234375,2680.39990234375,2676.300048828125,2678.10009765625,34602,-0.0005224490926478698,-0.0061601862234813565,0.0015531956346890577,0.4,0.65,-1,2684.093660631178,2686.17972440524,42.7710695708872,-2.509578279217749,-1.1312861379159802,2685.3171434571686,0.0015531956346890577,-1,TCS,5m,2026-02-23 04:45:00
2678.10009765625,2679.800048828125,2673.60009765625,2676.800048828125,33721,-0.00048543698171055194,-0.006679530827464419,0.0015514825100101006,0.35,0.7,-1,2683.399030935649,2685.811893990451,41.45382161786219,-2.7602864662849242,-1.457086203589769,2684.909333543565,0.0015514825100101006,0,TCS,5m,2026-02-23 04:50:00
2676.60009765625,2677.300048828125,2669.10009765625,2670.800048828125,75515,-0.002241482326117983,-0.007026769783564757,0.0015717605625514021,0.35,0.7,-1,2682.1991278777896,2685.2231941801642,34.31199071813502,-3.403886482177313,-1.8464462593072777,2683.7064151159293,0.0015717605625514021,-1,TCS,5m,2026-02-23 04:55:00
2670.800048828125,2671.39990234375,2665.0,2668.10009765625,79117,-0.0010109147530754647,-0.006775099892439296,0.0015650290114435324,0.35,0.7,-1,2680.856363094786,2684.5517001988346,16.48572215396348,-4.084721499995794,-2.294101307444981,2682.2840977090887,0.0015650290114435324,-1,TCS,5m,2026-02-23 05:00:00
2667.300048828125,2673.0,2666.800048828125,2672.199951171875,35204,0.0015366190793315582,-0.005063704448953321,0.0016203006152968723,0.4,0.65,0,2680.0319429116516,2684.067317884052,23.58842089201069,-4.24453587453354,-2.684188220862693,2681.8294779327,0.0016203006152968723,-1,TCS,5m,2026-02-23 05:05:00
2672.199951171875,2672.199951171875,2663.60009765625,2663.699951171875,64440,-0.0031808996913843535,-0.007193458377981687,0.001741212963290036,0.4,0.65,-1,2678.4765151269107,2683.2685976208295,23.031118587047942,-4.999438465700678,-3.14723826983029,2680.8048084833426,0.001741212963290036,0,TCS,5m,2026-02-23 05:10:00
2664.10009765625,2665.699951171875,2660.199951171875,2662.699951171875,84889,-0.0003754176590197167,-0.008416228073325649,0.001717532845017088,0.35,0.65,-1,2676.973985226431,2682.4619840345963,24.024304041148426,-5.613684786806061,-3.6405275732254445,2679.353097261472,0.001717532845017088,0,TCS,5m,2026-02-23 05:15:00
2662.699951171875,2668.60009765625,2662.699951171875,2668.0,41953,0.0019904791847809022,-0.0065164773785142405,0.001798172288428819,0.35,0.6,-1,2676.119319966771,2681.8948474057884,33.13820952489732,-5.608162370764148,-4.034054532733186,2678.8562353630346,0.001798172288428819,0,TCS,5m,2026-02-23 05:20:00
2667.699951171875,2668.300048828125,2664.89990234375,2666.199951171875,38685,-0.0006746809700618472,-0.008073199136974352,0.001776280611547096,0.3,0.55,0,2675.1746181767808,2681.2793612789683,32.19677528240554,-5.683518647952042,-4.363947355776958,2678.4319241840644,0.001776280611547096,0,TCS,5m,2026-02-23 05:25:00
2666.199951171875,2673.39990234375,2665.10009765625,2672.0,74965,0.002175399045212467,-0.01000370507595405,0.0015535647800709912,0.3,0.55,0,2674.872273588516,2680.9154647582245,40.78701985019544,-5.215107065180746,-4.534179297657715,2677.9175332004515,0.0015535647800709912,0,TCS,5m,2026-02-23 05:30:00
2672.0,2676.0,2669.300048828125,2676.0,38422,0.0014970059880239361,-0.008301179645127554,0.0016161317963383215,0.3,0.55,0,2674.979676103895,2680.7227014343725,49.90679869427244,-4.469598194745686,-4.52126307707531,2677.789223694374,0.0016161317963383215,0,TCS,5m,2026-02-23 05:35:00
2675.5,2679.300048828125,2672.0,2675.60009765625,49704,-0.00014944033772423815,-0.005759726296877377,0.0015239641882731731,0.35,0.5,0,2675.0387638707857,2680.521815011701,45.617601571846826,-3.8664754980973157,-4.390305561279711,2677.706329996653,0.0015239641882731731,0,TCS,5m,2026-02-23 05:40:00
2675.60009765625,2678.5,2671.800048828125,2671.800048828125,39693,-0.0014202603862414342,-0.006026767549060619,0.0015331253928650165,0.35,0.5,0,2674.7303148191036,2680.1797849652867,45.983919992156096,-3.653018870224969,-4.242848223068763,2677.596906894438,0.0015331253928650165,0,TCS,5m,2026-02-23 05:45:00
2672.0,2674.89990234375,2669.5,2670.800048828125,34111,-0.0003742795050993841,-0.005399769015134059,0.0015243598208738113,0.35,0.5,0,2674.3560037723437,2679.8119521755943,40.76435432119883,-3.523923006561745,-4.099063179767359,2677.4505350263667,0.0015243598208738113,0,TCS,5m,2026-02-23 05:50:00
2671.199951171875,2673.39990234375,2668.800048828125,2668.800048828125,27291,-0.0007488392853959303,-0.006033501367551208,0.0015275412907270428,0.35,0.55,0,2673.8268652062275,2679.380112828635,40.251511165478384,-3.5421650164371385,-3.987683547101315,2677.311174395639,0.0015275412907270428,0,TCS,5m,2026-02-23 05:55:00
2668.300048828125,2671.10009765625,2666.699951171875,2667.0,32064,-0.0006744787152246356,-0.00570407804854256,0.0015212899976336256,0.3,0.55,0,2673.1766875675394,2678.8946182079044,39.833963946167444,-3.659684275233758,-3.9220836927278038,2677.1077817138203,0.0015212899976336256,0,TCS,5m,2026-02-23 06:00:00
2667.0,2672.5,2666.5,2671.5,42962,0.0016872890888639525,-0.0017189557521704035,0.0015035956202987394,0.35,0.55,0,2673.017003037298,2678.6046331801435,50.74941317315182,-3.3510776059115415,-3.8078824753645515,2676.904754330252,0.0015035956202987394,0,TCS,5m,2026-02-23 06:05:00
2671.800048828125,2675.5,2670.5,2674.0,31558,0.0009358038555118409,-0.002238805970149249,0.0014797756292425233,0.4,0.5,0,2673.1106217956503,2678.424059329942,56.343981014784944,-2.8716726358625237,-3.620640507464146,2676.8296337221923,0.0014797756292425233,0,TCS,5m,2026-02-23 06:10:00
2674.39990234375,2677.0,2673.0,2677.0,40660,0.0011219147344800895,0.0004484457545326226,0.001462572550245677,0.4,0.5,0,2673.481038767493,2678.368213866023,55.28638033114827,-2.224028597951019,-3.341318125561521,2676.798948416309,0.001462572550245677,0,TCS,5m,2026-02-23 06:15:00
2676.60009765625,2680.800048828125,2674.800048828125,2680.300048828125,39445,0.0012327414374766477,0.00029858138761906794,0.0014556029992714688,0.45,0.5,0,2674.1304682970767,2678.4439720998307,70.64678731932467,-1.4280183643190867,-2.958658173313034,2676.844732334366,0.0014556029992714688,0,TCS,5m,2026-02-23 06:20:00
2680.60009765625,2684.199951171875,2677.89990234375,2681.0,65851,0.0002611465728179496,0.001082820745306634,0.0014508870980158614,0.5,0.5,0,2674.784709411641,2678.5442084880724,72.93230782409702,-0.7322533485962595,-2.513377208369679,2677.012271673444,0.0014508870980158614,0,TCS,5m,2026-02-23 06:25:00
2680.60009765625,2682.0,2679.89990234375,2681.0,50306,0.0,0.0015690193870527835,0.0014454184306373192,0.5,0.45,0,2675.3766418486275,2678.6405140375596,68.78607414515741,-0.1787935402826406,-2.0464604747522714,2677.1295221856208,0.0014454184306373192,0,TCS,5m,2026-02-23 06:30:00
2681.0,2681.300048828125,2677.5,2680.300048828125,65555,-0.0002610783930903082,0.003556986605630863,0.0013422064215246274,0.5,0.45,0,2675.845537751437,2678.705593833268,71.044921875,0.20102978916156644,-1.596962421969504,2677.225148871162,0.0013422064215246274,0,TCS,5m,2026-02-23 06:35:00
2680.5,2682.0,2677.10009765625,2677.60009765625,40581,-0.0010073316877546867,0.0035605860546030765,0.001342039548676847,0.55,0.45,0,2676.0126386947522,2678.6622410420123,59.21071652291236,0.28094051174866763,-1.2213818352258698,2677.26285238073,0.001342039548676847,0,TCS,5m,2026-02-23 06:40:00
2678.0,2681.5,2677.60009765625,2680.699951171875,28509,0.0011576984622678754,0.0031808996913844645,0.0013244176502591833,0.5,0.45,0,2676.4590494068593,2678.7421512431833,57.96608486232838,0.5876287883920668,-0.8595797105022825,2677.3044267593064,0.0013244176502591833,0,TCS,5m,2026-02-23 06:45:00
2680.699951171875,2681.300048828125,2677.800048828125,2680.0,51211,-0.000261107615408096,0.006119326172962403,0.0010740756668347043,0.5,0.4,0,2676.7962827966826,2678.7914786454116,57.382434868097654,0.7653784411295419,-0.5345880801759177,2677.3695973911235,0.0010740756668347043,0,TCS,5m,2026-02-23 06:50:00
2680.199951171875,2681.0,2678.39990234375,2680.10009765625,29940,3.734987173498183e-05,0.006534775529896564,0.0010642210687166736,0.5,0.35,0,2677.1109318309273,2678.842797037994,65.90056592301576,0.9039037263528371,-0.2468897188701668,2677.4081688718934,0.0010642210687166736,0,TCS,5m,2026-02-23 06:55:00
2680.300048828125,2685.89990234375,2680.300048828125,2682.800048828125,42376,0.0010074068406011882,0.005547244688202779,0.0010043272179309825,0.5,0.35,0,2677.652752497327,2678.997983382705,71.58288544630625,1.217514755821412,0.04599117606814898,2677.5293893856515,0.0010043272179309825,0,TCS,5m,2026-02-23 07:00:00
2682.0,2684.0,2680.0,2683.10009765625,26371,0.00011184166641720061,0.0063386643139600185,0.0009802057273539055,0.5,0.4,0,2678.171547274367,2679.158850609119,77.39488330760956,1.4732821098618842,0.331449362826896,2677.593778570327,0.0009802057273539055,0,TCS,5m,2026-02-23 07:05:00
2683.10009765625,2686.0,2680.699951171875,2685.39990234375,30898,0.000857144572991908,0.0050149335118825356,0.0008886714694289271,0.5,0.4,0,2678.85996204288,2679.403597735967,84.58679051325355,1.8403403012343915,0.6332275505083951,2677.692666745703,0.0008886714694289271,0,TCS,5m,2026-02-23 07:10:00
2685.89990234375,2687.89990234375,2683.199951171875,2683.199951171875,54993,-0.0008192266522222269,0.0026905647129578103,0.0008683746458275389,0.5,0.4,0,2679.2732943408796,2679.552474341297,74.07440897810733,1.9314542858778623,0.8928728975822886,2677.880866548793,0.0008683746458275389,0,TCS,5m,2026-02-23 07:15:00
2683.10009765625,2684.5,2680.89990234375,2684.300048828125,25941,0.0004099946616984429,0.003251588748070411,0.0008677497380962216,0.45,0.45,0,2679.752032863474,2679.7386537329376,72.48952525134067,2.0685860893204335,1.1280155359299175,2677.947206274745,0.0008677497380962216,0,TCS,5m,2026-02-23 07:20:00
2684.39990234375,2684.39990234375,2673.800048828125,2674.699951171875,46850,-0.0035763876919948645,0.0010853740140555068,0.0011596123029399689,0.45,0.45,0,2679.270882226179,2679.5410575540727,46.10157989257724,1.3866321497607714,1.1797388586960884,2677.940333555065,0.0011596123029399689,0,TCS,5m,2026-02-23 07:25:00
2674.199951171875,2674.39990234375,2670.0,2671.39990234375,25874,-0.0012338015061013063,0.00022459693899135047,0.0011918339826106307,0.45,0.45,0,2678.521265094519,2679.2217965654327,34.91488111494567,0.5732839185197918,1.0584478706608291,2677.8685663177416,0.0011918339826106307,0,TCS,5m,2026-02-23 07:30:00
2671.60009765625,2677.60009765625,2671.60009765625,2675.39990234375,33349,0.0014973422723010277,0.002472966649758268,0.0012218283643386544,0.5,0.4,0,2678.2239924515884,2679.0719183606607,41.4632149343496,0.2486004448296626,0.8964783854945958,2677.8230425721504,0.0012218283643386544,0,TCS,5m,2026-02-23 07:35:00
2675.89990234375,2678.10009765625,2674.10009765625,2675.300048828125,37935,-3.732283743362874e-05,0.00311212929438498,0.0012081371777114933,0.55,0.35,0,2677.9455216303063,2678.9240019084045,41.33737022937585,-0.016579770217958867,0.7138667543520849,2677.789302368092,0.0012081371777114933,0,TCS,5m,2026-02-23 07:40:00
2675.0,2678.89990234375,2673.89990234375,2677.0,17080,0.0006354244910284912,0.00205876848212605,0.0011599034236893034,0.55,0.35,0,2677.8554719512294,2678.848550853173,45.132622269594464,-0.08854446322266085,0.5533845108371358,2677.780290053739,0.0011599034236893034,0,TCS,5m,2026-02-23 07:45:00
2677.0,2681.199951171875,2675.39990234375,2676.5,25414,-0.00018677624206198118,0.0009349289454001486,0.0011445664360784581,0.55,0.35,0,2677.726379384446,2678.7564508197156,48.26481415874679,-0.18380404363097114,0.4059467999435144,2677.779394354779,0.0011445664360784581,0,TCS,5m,2026-02-23 07:50:00
2676.800048828125,2677.800048828125,2674.199951171875,2674.60009765625,28297,-0.0007098458224360504,-0.000896489482162921,0.0011272112317781446,0.5,0.4,0,2677.4286382674745,2678.5934565780112,40.00016009349459,-0.40790214637399913,0.2431770106800117,2677.7518545492007,0.0011272112317781446,0,TCS,5m,2026-02-23 07:55:00
2675.0,2675.39990234375,2670.60009765625,2671.300048828125,38194,-0.0012338475688447037,-0.0033578330172157056,0.0011150119807841663,0.45,0.45,0,2676.844963082775,2678.3074405878197,36.85802164083878,-0.8420808838563971,0.02612543177272994,2677.665265863864,0.0011150119807841663,0,TCS,5m,2026-02-23 08:00:00
2671.300048828125,2671.60009765625,2668.5,2670.10009765625,75795,-0.0004492011941531482,-0.004065610721279422,0.0011119464399867648,0.4,0.5,0,2676.2025949469157,2677.985584002268,35.37999171913593,-1.268375647630819,-0.2327747841079799,2677.427451928698,0.0011119464399867648,0,TCS,5m,2026-02-23 08:05:00
2669.39990234375,2670.5,2666.199951171875,2669.89990234375,54692,-7.497670693157321e-05,-0.004140282602107415,0.0011113519453456505,0.4,0.55,0,2675.602338508519,2677.668498447032,29.652734456227904,-1.603882844774489,-0.5069963962412818,2677.2383882770064,0.0011113519453456505,0,TCS,5m,2026-02-23 08:10:00
2670.0,2673.800048828125,2668.800048828125,2668.800048828125,34484,-0.00041194559940593845,-0.00429056441088671,0.0011122511485688275,0.45,0.5,0,2674.9545013961006,2677.320716109036,27.999759613578817,-1.9362043441274182,-0.7928379858185091,2677.1453897532533,0.0011122511485688275,0,TCS,5m,2026-02-23 08:15:00
2668.699951171875,2669.5,2666.300048828125,2666.39990234375,36099,-0.0008993354468158632,-0.0041829231042767034,0.0011084545385228281,0.4,0.5,0,2674.139777676829,2676.8924489025544,20.858983000074886,-2.365969861244139,-1.1074643609036352,2677.0072691962428,0.0011084545385228281,0,TCS,5m,2026-02-23 08:20:00
2666.39990234375,2666.800048828125,2662.5,2665.60009765625,48719,-0.0002999567644736967,-0.005632802548089733,0.0010607591795953224,0.4,0.55,0,2673.326474817726,2676.449611598778,21.795062404632418,-2.7395202003103805,-1.4338755287849843,2676.7812842801272,0.0010607591795953224,0,TCS,5m,2026-02-23 08:25:00
2665.0,2666.800048828125,2662.5,2664.39990234375,45560,-0.00045025332702952614,-0.005820931961287301,0.0010614073833483332,0.4,0.55,0,2672.4763250583,2675.9770739809337,18.21067821067821,-3.096710317666293,-1.7664424865612463,2676.5705950540737,0.0010614073833483332,0,TCS,5m,2026-02-23 08:30:00
2664.39990234375,2665.199951171875,2662.699951171875,2663.800048828125,32103,-0.00022513644258026488,-0.006081880614227542,0.0010587489929078137,0.4,0.55,0,2671.650013036379,2675.4995435827846,25.560543026056493,-3.3891215411408666,-2.0909782974771707,2676.418444094508,0.0010587489929078137,0,TCS,5m,2026-02-23 08:35:00
2663.89990234375,2666.89990234375,2663.5,2666.199951171875,37521,0.0009009318641637343,-0.006187601518607755,0.0010520519021118314,0.4,0.55,0,2671.130959525474,2675.1348536843175,37.85038732273853,-3.388150984634194,-2.3504128349085756,2676.267787600066,0.0010520519021118314,0,TCS,5m,2026-02-23 08:40:00
2666.5,2667.800048828125,2665.5,2667.5,30742,0.0004876036501140213,-0.005814206361468566,0.001063272924004122,0.45,0.5,0,2670.785153856381,2674.8354476574814,28.876935530198196,-3.245071571057906,-2.529344582138442,2676.1631225255883,0.001063272924004122,0,TCS,5m,2026-02-23 08:45:00
2667.5,2669.89990234375,2666.60009765625,2668.89990234375,52672,0.0005247993791002159,-0.006144336262766337,0.0010468554698984474,0.45,0.5,0,2670.6056060932733,2674.60268117459,33.99943846970788,-2.9843183213633893,-2.620339329983431,2676.01804851853,0.0010468554698984474,0,TCS,5m,2026-02-23 08:50:00
2668.800048828125,2672.5,2667.300048828125,2672.199951171875,37983,0.0012364828014819196,-0.004099582662557721,0.0010938425018462371,0.45,0.5,0,2670.7574484817114,2674.5084564686013,38.888700507499465,-2.482763380796314,-2.592824140146008,2675.9462841447994,0.0010938425018462371,0,TCS,5m,2026-02-23 08:55:00
2672.199951171875,2676.300048828125,2671.800048828125,2674.0,51392,0.0006736205602186907,-0.003837145118192553,0.0011031895794544873,0.5,0.45,0,2671.0662629120243,2674.4885169992444,44.541461438410195,-1.9179199922873522,-2.457843310574277,2675.9121934281025,0.0011031895794544873,0,TCS,5m,2026-02-23 09:00:00
2674.60009765625,2676.0,2671.199951171875,2672.60009765625,63104,-0.0005235236887621841,-0.0007850800291467896,0.0007715699005489994,0.5,0.45,0,2671.2123424114743,2674.414461338735,45.53569482288828,-1.5651953592841892,-2.2793137203162592,2675.8555421744313,0.0007715699005489994,0,TCS,5m,2026-02-23 09:05:00
2673.300048828125,2675.10009765625,2671.10009765625,2671.10009765625,52272,-0.0005612511955362942,-0.00011222755800688322,0.0007303078887920979,0.5,0.45,0,2671.2016524347864,2674.284486292363,49.51467817059151,-1.3906652865980504,-2.1015840335726175,2675.7958976941436,0.0007303078887920979,0,TCS,5m,2026-02-23 09:10:00
2671.10009765625,2672.800048828125,2669.699951171875,2672.5,52627,0.0005240920566691454,-0.001083913601555242,0.0006532707317530003,0.45,0.5,0,2671.3253045838546,2674.214506437761,55.76905019014977,-1.1264040422670405,-1.9065480353115023,2675.724689475201,0.0006532707317530003,0,TCS,5m,2026-02-23 09:15:00
2672.60009765625,2672.800048828125,2668.0,2670.0,105089,-0.00093545369504211,-0.0019811044486193197,0.0006822873033648258,0.4,0.55,0,2671.199085099678,2674.049231675496,50.216665257461734,-1.1059554429507443,-1.7464295168393509,2675.5429956720845,0.0006822873033648258,0,TCS,5m,2026-02-23 09:20:00
2670.10009765625,2670.5,2666.699951171875,2670.0,191852,0.0,-0.0026148673888681806,0.0006607463476256688,0.35,0.55,0,2671.0848865187563,2673.8904382764567,52.72719201873245,-1.0773309797486945,-1.6126098094212198,2675.171954231022,0.0006607463476256688,0,TCS,5m,2026-02-23 09:25:00
2670.300048828125,2676.199951171875,2670.300048828125,2675.699951171875,146820,0.0021348131729868047,-0.00029891605758458617,0.0008320880306424784,0.35,0.55,0,2671.52441648572,2673.9613995664736,68.37986239107569,-0.5879301703125748,-1.407673881599491,2675.1255286504197,0.0008320880306424784,0,TCS,5m,2026-02-23 09:30:00
2675.699951171875,2678.60009765625,2675.39990234375,2675.5,184176,-7.47285478654991e-05,0.00033646239097140374,0.0008161251097810298,0.4,0.5,0,2671.90304348708,2674.021736838377,70.04052584758327,-0.21374694961832574,-1.1688884952032579,2675.194323973076,0.0008161251097810298,0,TCS,5m,2026-02-23 09:35:00
2675.300048828125,2676.699951171875,2673.699951171875,2676.0,191930,0.00018688095683039307,0.001759424656895714,0.0007615106798348531,0.4,0.5,0,2672.2932298216438,2674.0993157858916,74.16736180342211,0.12173844493827346,-0.9107631071749517,2675.2078233990146,0.0007615106798348531,0,TCS,5m,2026-02-23 09:40:00
2676.300048828125,2677.0,2676.0,2676.199951171875,150799,7.472016886200805e-05,0.002284503686202255,0.000750990818253067,0.45,0.45,0,2672.6652985216656,2674.1816936441655,76.27141438384507,0.39914631541068957,-0.6487812226578235,2675.252517181827,0.000750990818253067,0,TCS,5m,2026-02-23 09:45:00
2676.60009765625,2679.199951171875,2673.5,2678.800048828125,293746,0.0009715633000857427,0.003333513169000213,0.0007732339678085794,0.5,0.45,0,2673.2495604556143,2674.362805612164,76.47101062738501,0.819355185762106,-0.35515394097383757,2675.3827891519295,0.0007732339678085794,0,TCS,5m,2026-02-23 09:50:00
2678.699951171875,2679.39990234375,2673.5,2675.0,113239,-0.001418563819194807,0.0023231231483966663,0.0008425363810566555,0.5,0.45,0,2673.4162689836508,2674.3877936273734,64.25866102261335,0.8361034803942857,-0.11690245670021293,2675.3977153584437,0.0008425363810566555,0,TCS,5m,2026-02-23 09:55:00
2605.5,2614.89990234375,2605.199951171875,2606.89990234375,244279,0.0005372874088467317,-0.022021380988135664,0.00591233284544915,0.5,0.4,0,2661.229181409378,2669.145668027061,14.702583146598258,-8.880076410307993,-2.603546842397279,2608.9999186197915,0.00591233284544915,0,TCS,5m,2026-02-24 03:50:00
2606.800048828125,2610.5,2600.10009765625,2600.800048828125,215546,-0.002339887891414927,-0.02387023564280988,0.005916569654345597,0.5,0.45,0,2655.474025925449,2666.4654476663186,12.189936215450047,-12.536969397984194,-4.590231353514662,2606.5624453764603,0.005916569654345597,-1,TCS,5m,2026-02-24 03:55:00
2600.0,2604.60009765625,2596.199951171875,2600.300048828125,155604,-0.00019224853530175334,-0.02383812554847553,0.005916856599907003,0.5,0.5,0,2650.2193614399894,2663.8707261432523,12.304324028461949,-15.299071090346388,-6.731999300881007,2604.9959236735112,0.005916856599907003,-1,TCS,5m,2026-02-24 04:00:00
2600.0,2601.5,2592.0,2593.10009765625,117063,-0.0027688924495924416,-0.027417243588012008,0.0059055355486948655,0.45,0.55,0,2644.7794315558235,2661.0954073790563,11.614025644476058,-17.863117568553207,-8.958222954415447,2603.483667700275,0.0059055355486948655,-1,TCS,5m,2026-02-24 04:05:00
2592.10009765625,2593.800048828125,2581.39990234375,2588.699951171875,139389,-0.0016968671931916202,-0.02954078681466732,0.005889507158756078,0.4,0.6,-1,2639.438528662114,2658.2563698807357,9.942559185512124,-20.019426436915637,-11.170463650915487,2601.0029349001843,0.005889507158756078,-1,TCS,5m,2026-02-24 04:10:00
2588.800048828125,2593.39990234375,2581.10009765625,2591.300048828125,133175,0.001004402868348242,-0.02907559532205728,0.0058990744064122795,0.35,0.65,-1,2634.8539115350677,2655.6306318002416,12.41643367976289,-21.273285407505227,-13.191028002233436,2599.3594854926187,0.0058990744064122795,-1,TCS,5m,2026-02-24 04:15:00
2591.300048828125,2593.699951171875,2581.5,2588.89990234375,99987,-0.0009262325624778134,-0.03117283524819847,0.005866827256756886,0.35,0.65,-1,2630.4773392311326,2653.013740449007,12.138177540906625,-22.204687620737786,-14.993759925934306,2598.334663057539,0.005866827256756886,0,TCS,5m,2026-02-24 04:20:00
2589.300048828125,2591.699951171875,2588.199951171875,2589.60009765625,69181,0.0002704605581180797,-0.03156316467604714,0.00585941652808327,0.3,0.65,-1,2626.584268604953,2650.526930927723,7.835668323756636,-22.62551778998568,-16.520111498744583,2597.8337956832984,0.00585941652808327,0,TCS,5m,2026-02-24 04:25:00
2589.199951171875,2596.300048828125,2588.199951171875,2591.5,74692,0.0007336663083499229,-0.03034501784512056,0.005878125313760923,0.35,0.6,-1,2623.242909690196,2648.212149322714,9.537686456584012,-22.545828216647806,-17.725254842325228,2597.484902829674,0.005878125313760923,0,TCS,5m,2026-02-24 04:30:00
2591.699951171875,2597.800048828125,2590.0,2594.300048828125,142507,0.0010804741763938974,-0.028752216697349953,0.005903668521230632,0.4,0.55,0,2620.486446750951,2646.0979493033187,11.498733280102726,-22.00309513196953,-18.58082290025409,2597.1314027255967,0.005903668521230632,0,TCS,5m,2026-02-24 04:35:00
2594.5,2596.0,2588.0,2591.0,111247,-0.0012720382245745565,-0.030495790458372363,0.005885840035979963,0.4,0.55,0,2617.6782137270507,2643.937245409071,10.989190337257,-21.590381138730663,-19.18273454794941,2596.726832532309,0.005885840035979963,0,TCS,5m,2026-02-24 04:40:00
2591.0,2591.89990234375,2585.199951171875,2591.699951171875,76856,0.0002701471138073508,-0.029325860984316443,0.005898416189267677,0.4,0.55,0,2615.2040934837005,2641.8887240664358,9.41292644857134,-20.965148929305542,-19.539217424220638,2596.3800545465406,0.005898416189267677,0,TCS,5m,2026-02-24 04:45:00
2591.800048828125,2597.300048828125,2589.0,2589.800048828125,83734,-0.0007330718754271492,-0.030037434895833326,0.005891071679014515,0.45,0.5,0,2612.78466065936,2639.8460309198354,9.582622029607222,-20.387934719379246,-19.70896088325236,2596.1612278878397,0.005891071679014515,0,TCS,5m,2026-02-24 04:50:00
2589.300048828125,2596.0,2589.300048828125,2595.10009765625,81866,0.0020465088918826257,-0.03012290428167208,0.005888231002712713,0.4,0.5,0,2611.1004165638255,2638.0912884389104,37.3788191234682,-19.280564309707643,-19.623281568543415,2596.0348250082943,0.005888231002712713,0,TCS,5m,2026-02-24 04:55:00
2594.800048828125,2598.89990234375,2594.0,2598.300048828125,110592,0.0012330742751560653,-0.028854401484535552,0.0059122379040849,0.4,0.5,0,2609.88133392233,2636.53084766986,40.0002271062687,-17.937978119647596,-19.28622087876425,2596.096316912066,0.0059122379040849,0,TCS,5m,2026-02-24 05:00:00
2598.5,2609.5,2598.300048828125,2605.5,129417,0.002771023760370639,-0.026345291479820676,0.005977676294402973,0.45,0.45,0,2609.464064024966,2635.313951682807,55.32870152517508,-16.107317870195857,-18.65044027705057,2596.639833479245,0.005977676294402973,0,TCS,5m,2026-02-24 05:05:00
2605.5,2610.0,2602.60009765625,2604.0,172001,-0.0005757052389177009,-0.026978533924664205,0.00597147349490786,0.45,0.45,0,2608.943676974969,2634.0859535775985,54.101910345312916,-14.609138838628496,-17.842179989366155,2597.3489665461425,0.00597147349490786,0,TCS,5m,2026-02-24 05:10:00
2604.300048828125,2605.0,2596.199951171875,2598.10009765625,74748,-0.0022657075052803233,-0.030125410519974527,0.005949085516923627,0.4,0.45,0,2607.910955135091,2632.6747435414673,55.70772437934072,-13.739513415806869,-17.0216466746543,2597.429938256684,0.005949085516923627,0,TCS,5m,2026-02-24 05:15:00
2598.0,2598.699951171875,2595.0,2595.89990234375,78436,-0.0008468477848427858,-0.02957012996495323,0.005950927220475359,0.35,0.5,0,2606.76704534544,2631.2325929062627,58.65371636491681,-13.077121460851686,-16.232741631893777,2597.3994966149844,0.005950927220475359,0,TCS,5m,2026-02-24 05:20:00
2596.5,2601.0,2595.300048828125,2600.0,69109,0.0015794513696572032,-0.002110919209364792,0.001522915773031076,0.4,0.45,0,2606.12256483635,2630.0077853413113,60.092670741309284,-12.082053062472824,-15.402603918009588,2597.4392056712004,0.001522915773031076,0,TCS,5m,2026-02-24 05:25:00
2600.0,2600.300048828125,2595.0,2595.60009765625,46933,-0.0016922701322115152,-0.00433457559200523,0.0015547301278167713,0.4,0.5,0,2605.120425104912,2628.6584642556227,57.428138364098956,-11.515743215808925,-14.625231777569455,2597.4300663171184,0.0015547301278167713,0,TCS,5m,2026-02-24 05:30:00
2595.89990234375,2599.800048828125,2595.0,2596.300048828125,42570,0.0002696683408616174,-0.0017302368177160021,0.0014745411519260247,0.4,0.45,0,2604.2803892690276,2627.389506787878,57.4279079083414,-10.884983063363052,-13.877182034728175,2597.4232262999053,0.0014745411519260247,0,TCS,5m,2026-02-24 05:35:00
2596.5,2599.699951171875,2595.89990234375,2598.60009765625,42051,0.0008858948445358283,-0.0006537519286057281,0.0014900611402290634,0.4,0.4,0,2603.7394091154297,2626.2605103513433,57.802305116758234,-10.083272689108526,-13.118400165604246,2597.4340016123783,0.0014900611402290634,0,TCS,5m,2026-02-24 05:40:00
2597.800048828125,2599.60009765625,2597.10009765625,2598.39990234375,38912,-7.703967712480164e-05,0.002043810299606319,0.001344238870845096,0.4,0.35,0,2603.230884660984,2625.1679374883006,54.77836773484939,-9.356212931483242,-12.365962718780047,2597.4482347981602,0.001344238870845096,0,TCS,5m,2026-02-24 05:45:00
2598.300048828125,2601.800048828125,2596.0,2601.199951171875,54412,0.0010776050390086667,0.004828678578350232,0.001290824145883837,0.45,0.35,0,2603.037462423926,2624.228016456284,62.028202751178945,-8.456589990570592,-11.584088173138158,2597.494584677352,0.001290824145883837,0,TCS,5m,2026-02-24 05:50:00
2600.39990234375,2602.699951171875,2598.5,2602.699951171875,42134,0.0005766569383964804,0.004399298471400748,0.0012810279956811661,0.5,0.3,0,2603.0053184951594,2623.3837786019935,62.73142392115198,-7.5357276865443055,-10.774416075819389,2597.555170194904,0.0012810279956811661,0,TCS,5m,2026-02-24 05:55:00
2602.699951171875,2603.89990234375,2597.5,2600.300048828125,69129,-0.0009220818337778436,0.004403471325428399,0.0012808327961330566,0.5,0.35,0,2602.7476737649654,2622.478534297136,62.0136762832689,-6.919822334041328,-10.003497327463776,2597.6318320428586,0.0012808327961330566,0,TCS,5m,2026-02-24 06:00:00
2600.300048828125,2602.60009765625,2599.0,2601.800048828125,72305,0.0005768565057235886,0.004711133268382461,0.0012832919092493962,0.5,0.35,0,2602.6574237709806,2621.667613298351,58.39589796305474,-6.238758911606965,-9.250549644292414,2597.7226465812882,0.0012832919092493962,0,TCS,5m,2026-02-24 06:05:00
2601.800048828125,2603.0,2596.5,2597.199951171875,49877,-0.0017680442654776085,0.0021994795183772897,0.0013522804116024216,0.5,0.4,0,2602.137664475828,2620.7080971365285,48.66817209131858,-6.001024602658617,-8.600644635965656,2597.7433397372315,0.0013522804116024216,0,TCS,5m,2026-02-24 06:10:00
2597.199951171875,2597.89990234375,2595.0,2596.0,68118,-0.00046201724720251747,0.0006552639015842132,0.0013379727120913074,0.45,0.45,0,2601.55312500194,2619.7391521507825,36.54402102496715,-5.842100384541936,-8.048935785680913,2597.7095049016734,0.0013379727120913074,0,TCS,5m,2026-02-24 06:15:00
2596.0,2597.0,2594.199951171875,2594.199951171875,56510,-0.0006933932311730118,0.0012350255391258003,0.0013143005225612744,0.45,0.45,0,2600.8528227324095,2618.737614857492,36.236018625830646,-5.79460410439151,-7.598069449423033,2597.660361545708,0.0013143005225612744,0,TCS,5m,2026-02-24 06:20:00
2594.800048828125,2595.800048828125,2587.0,2587.39990234375,176135,-0.0026212508504031007,-0.0016591615191337006,0.0014429853629582756,0.45,0.45,0,2599.571592219204,2617.5086849549925,35.34239428517918,-6.233810582250953,-7.3252176759886165,2597.2341987539735,0.0014429853629582756,-1,TCS,5m,2026-02-24 06:25:00
2587.300048828125,2588.699951171875,2582.199951171875,2584.5,130069,-0.0011207785627274092,-0.0020465088918827368,0.0014547481632111192,0.4,0.5,0,2598.136202484042,2616.2142267214635,34.67763106082482,-6.738208886260054,-7.207815918042904,2596.752659439575,0.0014547481632111192,0,TCS,5m,2026-02-24 06:30:00
2584.89990234375,2585.5,2575.0,2575.5,189470,-0.0034822983168891763,-0.0075527328113284,0.0015474581598105466,0.4,0.55,0,2595.9803736760377,2614.6175903794456,20.902680321499403,-7.774552755370223,-7.321163285508368,2595.761711047594,0.0015474581598105466,-1,TCS,5m,2026-02-24 06:35:00
2575.89990234375,2580.0,2574.0,2578.89990234375,106371,0.0013200940958066898,-0.007466476588462001,0.0015523406546268947,0.35,0.6,-1,2594.3536621205817,2613.216896730987,29.683508963681945,-8.226686907389649,-7.502268009884625,2595.2207157598714,0.0015523406546268947,-1,TCS,5m,2026-02-24 06:40:00
2578.89990234375,2583.199951171875,2575.89990234375,2581.10009765625,56893,0.0008531526603652306,-0.009364767738917701,0.0013995895827513202,0.35,0.6,0,2593.0914178858834,2611.9574144143307,32.159824862027264,-8.311657492647555,-7.664145906437211,2594.982636629275,0.0013995895827513202,0,TCS,5m,2026-02-24 06:45:00
2581.300048828125,2581.800048828125,2574.0,2578.199951171875,63520,-0.0011236086841454052,-0.009907852852582555,0.0014071218158234154,0.3,0.65,-1,2591.6731829607397,2610.6335923263914,26.388959530712228,-8.514860861701436,-7.834288897490056,2594.689886424601,0.0014071218158234154,0,TCS,5m,2026-02-24 06:50:00
2579.199951171875,2583.699951171875,2578.300048828125,2581.699951171875,61113,0.001357536291321848,-0.006312361290148005,0.0014006194816524502,0.35,0.6,-1,2590.7233513618003,2609.4989397320965,32.043157535505216,-8.297828049857799,-7.926996727963606,2594.4703503645337,0.0014006194816524502,0,TCS,5m,2026-02-24 06:55:00
2581.699951171875,2584.39990234375,2580.300048828125,2582.199951171875,40148,0.0001936708407082044,-0.005277534453276056,0.0013991733779587098,0.4,0.55,0,2589.91159896276,2608.4283911611074,28.506882304854074,-7.99333991465528,-7.940265365301942,2594.341294961245,0.0013991733779587098,-1,TCS,5m,2026-02-24 07:00:00
2582.5,2583.0,2577.60009765625,2578.0,59624,-0.0016265011429378307,-0.00846153846153841,0.001360006356259156,0.35,0.6,0,2588.777160966307,2607.2351209194953,23.667511699452888,-7.998727481529841,-7.951957788547522,2594.1117131730566,0.001360006356259156,-1,TCS,5m,2026-02-24 07:05:00
2578.300048828125,2579.800048828125,2575.5,2575.60009765625,50348,-0.0009309163474592319,-0.007705347221268588,0.0013330230699388373,0.35,0.6,0,2587.5222025558255,2605.9945317719175,23.667511699452888,-8.103240121385625,-7.982214255115143,2593.8901524409484,0.0013330230699388373,-1,TCS,5m,2026-02-24 07:10:00
2575.60009765625,2575.60009765625,2568.800048828125,2569.89990234375,167975,-0.0022131523126152075,-0.0101683726795333,0.00138342100982166,0.35,0.65,-1,2585.8438882499136,2604.579056108068,18.786758206844496,-8.547495062196958,-8.095270416531505,2592.9619686911497,0.00138342100982166,-1,TCS,5m,2026-02-24 07:15:00
2569.89990234375,2573.199951171875,2568.800048828125,2573.0,71085,0.0012063106634707665,-0.00985149568775101,0.0014021651369032254,0.35,0.65,-1,2584.620660797541,2603.340661750889,25.605056038747207,-8.550849461340476,-8.186386225493301,2592.5958916443983,0.0014021651369032254,-1,TCS,5m,2026-02-24 07:20:00
2573.39990234375,2574.5,2571.0,2573.0,71942,0.0,-0.009775209089578296,0.001403475976541153,0.4,0.65,-1,2583.5139311977755,2602.1508318783053,26.239861183971584,-8.456031973930294,-8.2403153751807,2592.2579469569605,0.001403475976541153,-1,TCS,5m,2026-02-24 07:25:00
2573.0,2575.10009765625,2568.89990234375,2574.39990234375,88934,0.0005440739773610037,-0.010302956070736169,0.0013769288280076615,0.4,0.65,-1,2582.6459284497732,2601.062560131852,29.375054041269735,-8.173706610515637,-8.226993622247688,2591.8551366380625,0.0013769288280076615,0,TCS,5m,2026-02-24 07:30:00
2574.199951171875,2576.0,2572.39990234375,2574.10009765625,65876,-0.00011645614468325238,-0.010988532697650322,0.0013565310871793107,0.4,0.65,-1,2581.832039802771,2600.0052086622204,33.9761389307229,-7.883279914985906,-8.158250880795332,2591.587993835783,0.0013565310871793107,-1,TCS,5m,2026-02-24 07:35:00
2574.5,2574.60009765625,2571.0,2573.300048828125,56998,-0.00031080719388243416,-0.010383417103025483,0.00135462563097988,0.35,0.65,-1,2581.019469233757,2598.9579474922557,35.78691683758514,-7.629721243352833,-8.052544953306832,2591.347802795816,0.00135462563097988,-1,TCS,5m,2026-02-24 07:40:00
2573.300048828125,2575.300048828125,2570.300048828125,2573.300048828125,74600,0.0,-0.010953954748688988,0.0013360361216642408,0.4,0.7,0,2580.2842863379824,2597.95175538778,46.38167669191047,-7.344115774200418,-7.91085911748555,2591.0426431406054,0.0013360361216642408,-1,TCS,5m,2026-02-24 07:45:00
2573.300048828125,2573.39990234375,2565.10009765625,2565.10009765625,104312,-0.0031865507388496583,-0.012359407869671823,0.0014378861342561676,0.35,0.7,-1,2578.8381731301984,2596.663455084583,30.39811346927452,-7.690784337445621,-7.866844161477564,2590.516841073749,0.0014378861342561676,0,TCS,5m,2026-02-24 07:50:00
2565.39990234375,2565.800048828125,2561.5,2564.89990234375,113719,-7.804580908277181e-05,-0.011980006801328935,0.0014426710111819067,0.35,0.7,-1,2577.5107187695844,2595.4178255653346,25.602259022854952,-7.890716492124739,-7.871618627606999,2589.8784283446093,0.0014426710111819067,0,TCS,5m,2026-02-24 07:55:00
2565.0,2565.5,2562.199951171875,2564.699951171875,108173,-7.795671546184657e-05,-0.01137152129953356,0.00144716314079874,0.35,0.65,-1,2576.2906456650408,2594.2132030401012,27.86885245901638,-7.97338631942057,-7.8919721659697135,2589.300604755742,0.00144716314079874,0,TCS,5m,2026-02-24 08:00:00
2564.5,2573.199951171875,2563.5,2573.199951171875,138241,0.003314227848024043,-0.005488116142777999,0.0016045567693032748,0.4,0.6,0,2575.996293808549,2593.3891539472297,38.02816901408451,-7.269228647707223,-7.767423462317216,2588.761518969588,0.0016045567693032748,0,TCS,5m,2026-02-24 08:05:00
2573.5,2577.10009765625,2573.5,2576.10009765625,113114,0.0011270583473523832,-0.0032501073104082012,0.001620758266361981,0.45,0.55,0,2576.0061798892825,2592.7111517397407,41.952730950341085,-6.4033472349597105,-7.494608216845714,2588.4671976549857,0.001620758266361981,0,TCS,5m,2026-02-24 08:10:00
2576.300048828125,2578.0,2575.0,2577.699951171875,77092,0.0006210370152466282,0.0008541841086682211,0.0014263157119642968,0.5,0.5,0,2576.1674914400055,2592.1224772076675,49.57500224775052,-5.52435385637591,-7.1005573447517545,2588.293981494955,0.0014263157119642968,0,TCS,5m,2026-02-24 08:15:00
2577.699951171875,2580.0,2577.0,2578.699951171875,69356,0.0003879427470001584,-7.753351407446818e-05,0.0013973462044578743,0.55,0.45,0,2576.408678081136,2591.5961036376366,54.572035576680705,-4.692956151144699,-6.619037106030343,2588.1646762093324,0.0013973462044578743,0,TCS,5m,2026-02-24 08:20:00
2578.699951171875,2583.39990234375,2578.699951171875,2581.0,90438,0.0008919412384833514,-3.878100517717975e-05,0.001398623292341638,0.55,0.45,0,2576.8459468353135,2591.180570161651,68.19688140368852,-3.804615522282802,-6.056152789280835,2588.043169465844,0.001398623292341638,0,TCS,5m,2026-02-24 08:25:00
2581.0,2582.0,2577.699951171875,2579.800048828125,83647,-0.0004649171529930163,0.000620625896576632,0.0013784064640480727,0.55,0.45,0,2577.127289882248,2590.734275207395,61.88825814161936,-3.160987310847304,-5.477119693594129,2587.915798814834,0.0013784064640480727,0,TCS,5m,2026-02-24 08:30:00
2579.800048828125,2585.800048828125,2579.10009765625,2585.199951171875,149385,0.0020931476244459013,0.001355695884958097,0.0014246776324231382,0.55,0.45,0,2577.8961147669743,2590.517242892277,67.94123349346202,-2.1899361056821363,-4.81968297601173,2587.7931544556527,0.0014246776324231382,0,TCS,5m,2026-02-24 08:35:00
2585.5,2589.60009765625,2584.699951171875,2585.39990234375,130833,7.734456740360329e-05,0.0012392344637845998,0.001424378025653913,0.55,0.45,0,2578.6107612028577,2590.316562870766,66.7683925328252,-1.388233944269814,-4.133393169663347,2587.7648622977895,0.001424378025653913,0,TCS,5m,2026-02-24 08:40:00
2586.0,2588.60009765625,2583.10009765625,2585.0,104339,-0.00015467717136818937,0.0027152831652443865,0.0013694636880287388,0.55,0.45,0,2579.219260135919,2590.1080702091676,66.56525030053874,-0.7762004270603029,-3.4619546211427386,2587.7251556531933,0.0013694636880287388,0,TCS,5m,2026-02-24 08:45:00
2585.300048828125,2585.300048828125,2577.10009765625,2578.300048828125,114710,-0.0025918573198743244,0.0010482804276688018,0.0014832350689299436,0.55,0.45,0,2579.131716201843,2589.645010547166,56.44333140368982,-0.8223104380908808,-2.934025784532367,2587.579271624734,0.0014832350689299436,0,TCS,5m,2026-02-24 08:50:00
2578.699951171875,2581.5,2578.199951171875,2579.800048828125,56909,0.0005817786803679059,0.0038523471187910108,0.0013869864411426515,0.55,0.4,0,2579.1953669281556,2589.2589336170076,58.064555213608934,-0.7294073363273128,-2.4931020948913565,2587.5051572661373,0.0013869864411426515,0,TCS,5m,2026-02-24 08:55:00
2580.199951171875,2580.300048828125,2574.5,2574.60009765625,55549,-0.002015641163444881,0.0006218801617761116,0.0014488525968107365,0.55,0.45,0,2578.7577222355935,2588.684077304821,62.73465113234716,-1.063118591262537,-2.2071053941655925,2587.4030176752062,0.0014488525968107365,0,TCS,5m,2026-02-24 09:00:00
2575.0,2578.800048828125,2574.199951171875,2576.800048828125,63693,0.0008544826724266041,0.0014768942200251711,0.0014604092694674668,0.5,0.5,0,2578.571277149168,2588.2180369724015,65.14030477539433,-1.1369632862183607,-1.9930769725761464,2587.2896046887495,0.0014604092694674668,0,TCS,5m,2026-02-24 09:05:00
2576.800048828125,2578.800048828125,2574.800048828125,2575.0,84036,-0.0006985597617260586,0.00023310195735470884,0.0014658172742551257,0.45,0.45,0,2578.231155515914,2587.699682581327,62.591851962393676,-1.3254556085989861,-1.8595526997807146,2587.1380977478634,0.0014658172742551257,0,TCS,5m,2026-02-24 09:10:00
2575.0,2578.10009765625,2573.60009765625,2577.699951171875,70443,0.0010485247269418352,0.001398490104911998,0.0014834567936421173,0.4,0.5,0,2578.1805646260054,2587.3075362515447,56.410327750264315,-1.2426491510714186,-1.7361719900388555,2587.01727032604,0.0014834567936421173,0,TCS,5m,2026-02-24 09:15:00
2577.699951171875,2579.39990234375,2573.0,2574.10009765625,99213,-0.001396537061649994,0.00031090382502774183,0.001517633529866773,0.45,0.5,0,2577.791948724124,2586.7895974831017,47.2066505721729,-1.4507788548125973,-1.679093362993604,2586.8364887647977,0.001517633529866773,0,TCS,5m,2026-02-24 09:20:00
2574.0,2575.0,2569.0,2569.89990234375,121703,-0.0016317140566228794,-0.001321317537736566,0.0015617918081214978,0.4,0.5,0,2577.0403252593264,2586.1272564972446,39.84359601996377,-1.9323686606799129,-1.729748422530866,2586.5429886153456,0.0015617918081214978,0,TCS,5m,2026-02-24 09:25:00
2570.0,2573.60009765625,2570.0,2570.699951171875,113502,0.000311315171223292,0.00218309356455193,0.0013789794170768108,0.4,0.45,0,2576.4364801081406,2585.5222641315436,39.52871550368771,-2.2238397569285553,-1.8285666894104038,2586.2813956402283,0.0013789794170768108,0,TCS,5m,2026-02-24 09:30:00
2570.800048828125,2571.699951171875,2568.60009765625,2570.199951171875,195964,-0.0001944995563453178,0.0020663764785837646,0.0013800604148985914,0.4,0.45,0,2575.842524971353,2584.9213891135173,35.16462878874259,-2.4667434390962626,-1.9562020393475756,2585.8136859290894,0.0013800604148985914,0,TCS,5m,2026-02-24 09:35:00
2569.800048828125,2575.0,2569.39990234375,2574.800048828125,184785,0.0017897820183805369,0.003938120578836246,0.0014294025756050276,0.45,0.45,0,2575.7432415291414,2584.524473808208,43.71856213961477,-2.2619821982543726,-2.017358071128935,2585.4741177836067,0.0014294025756050276,0,TCS,5m,2026-02-24 09:40:00
2575.10009765625,2579.89990234375,2574.60009765625,2577.60009765625,174361,0.0010874820471591384,0.0017099901165360532,0.0012492279386861701,0.45,0.45,0,2575.9200849698186,2584.2529296453863,39.785129716284594,-1.8524134312688147,-1.984369143156911,2585.275324645374,0.0012492279386861701,0,TCS,5m,2026-02-24 09:45:00
2576.699951171875,2577.60009765625,2574.39990234375,2574.39990234375,114268,-0.001241540654584039,-0.0006599880625938193,0.0012576021532968882,0.4,0.5,0,2575.775305672098,2583.866536417871,36.31847443216324,-1.7657023318497522,-1.9406357808954793,2585.120199636887,0.0012576021532968882,0,TCS,5m,2026-02-24 09:50:00
2574.5,2582.0,2573.300048828125,2582.0,150985,0.0029521822345202064,0.001668172754617947,0.0014190077859426232,0.4,0.55,0,2576.3681337033267,2583.7933389112877,46.83546911698051,-1.0713687248908172,-1.766782369694547,2584.996972080675,0.0014190077859426232,0,TCS,5m,2026-02-24 09:55:00
2645.0,2651.800048828125,2633.10009765625,2635.699951171875,144651,-0.003440750713946117,0.0211933169980143,0.005704138200503984,0.4,0.55,0,2587.915410593171,2588.1274919379816,75.15733912294426,8.078113999865764,1.2040060316600232,2640.2000325520835,0.005704138200503984,0,TCS,5m,2026-02-25 03:50:00
2636.199951171875,2638.300048828125,2627.0,2637.60009765625,96767,0.0007209267062171509,0.022404856087347103,0.0056935584992663345,0.4,0.55,0,2592.64728555156,2590.0675941230115,79.22056745298403,10.945289810122631,3.152262787352545,2637.835156175772,0.0056935584992663345,0,TCS,5m,2026-02-25 03:55:00
2637.800048828125,2637.800048828125,2626.39990234375,2632.300048828125,69463,-0.0020094209250426376,0.01821913141956366,0.005730575398871509,0.35,0.6,0,2596.4237391969473,2591.72376881733,75.02234452394056,12.644124059104342,5.050635041702904,2636.5685934499347,0.005730575398871509,0,TCS,5m,2026-02-25 04:00:00
2632.199951171875,2632.199951171875,2620.199951171875,2623.0,76932,-0.003533050433314089,0.014543242467892181,0.005814716895881089,0.3,0.65,0,2598.954811654381,2592.950287687239,70.27011980122482,13.08914273444907,6.658336580252138,2634.3001291756914,0.005814716895881089,0,TCS,5m,2026-02-25 04:05:00
2623.60009765625,2628.0,2622.0,2624.89990234375,46922,0.0007243241874761441,0.015435165316731059,0.005810935061830779,0.3,0.6,0,2601.425772672416,2594.2032137522,70.06786480185512,13.4401992313351,8.014709110468731,2633.2927424797563,0.005810935061830779,0,TCS,5m,2026-02-25 04:10:00
2625.0,2629.89990234375,2623.0,2628.699951171875,40211,0.001447692852871052,0.019547725784148984,0.0057574524085524485,0.35,0.55,0,2604.023313481888,2595.5560269843445,73.17460876701767,13.86521662992709,9.184810614360403,2632.7769001918305,0.0057574524085524485,0,TCS,5m,2026-02-25 04:15:00
2629.89990234375,2633.0,2625.89990234375,2631.800048828125,52117,0.0011793273153399841,0.02015660090541549,0.005756805959304283,0.4,0.55,0,2606.6687168481963,2596.9773611742967,76.52084592903451,14.287500540093333,10.20534859950699,2632.525385814569,0.005756805959304283,0,TCS,5m,2026-02-25 04:20:00
2631.800048828125,2646.199951171875,2629.0,2643.5,91440,0.00444560793175941,0.02676139972435787,0.005759146114465863,0.45,0.5,0,2610.1764581007487,2598.801778383148,78.52647932758447,15.3888586766966,11.242050614944914,2633.56637224929,0.005759146114465863,0,TCS,5m,2026-02-25 04:25:00
2643.0,2646.0,2640.10009765625,2646.0,62677,0.00094571590694148,0.02685499451280493,0.005758780021254618,0.45,0.45,0,2613.5882239959155,2600.6526890347895,79.24365869509933,16.275804696238083,12.248801431203548,2634.529465352628,0.005758780021254618,0,TCS,5m,2026-02-25 04:30:00
2645.800048828125,2647.0,2640.0,2642.800048828125,63588,-0.001209354184382061,0.026330116049757324,0.005769426309566591,0.5,0.5,0,2616.370302551364,2602.305526673744,76.5209194264059,16.529959407851948,13.105033026533228,2635.275445566759,0.005769426309566591,0,TCS,5m,2026-02-25 04:35:00
2643.0,2644.60009765625,2640.0,2644.60009765625,34769,0.000681114270798977,0.025953426601866836,0.005770907264365553,0.5,0.45,0,2619.058854466115,2603.9641373005093,76.33633645161166,16.684301502581093,13.820886721742802,2635.622953420818,0.005770907264365553,0,TCS,5m,2026-02-25 04:40:00
2644.89990234375,2648.5,2639.5,2640.89990234375,96190,-0.0013991511668547396,0.025950740900993807,0.005770971523298141,0.5,0.45,0,2621.138954263985,2605.4125986747545,76.03744871544865,16.319918030472763,14.320692983488794,2636.4295845352326,0.005770971523298141,0,TCS,5m,2026-02-25 04:45:00
2640.89990234375,2642.10009765625,2635.199951171875,2639.89990234375,41378,-0.0003786588045660011,0.027238414981128223,0.005744237665552627,0.5,0.45,0,2622.9257112239625,2606.765041955892,73.90570693589878,15.76867835254825,14.610290057300686,2636.548563835274,0.005744237665552627,0,TCS,5m,2026-02-25 04:50:00
2640.39990234375,2641.5,2635.199951171875,2638.39990234375,27903,-0.0005682033620548754,0.026335220935066017,0.005756043621621831,0.5,0.45,0,2624.3994437115616,2608.0056247161997,44.64875501647322,15.037437256139128,14.695719497068376,2636.6022450325263,0.005756043621621831,0,TCS,5m,2026-02-25 04:55:00
2638.0,2641.0,2635.5,2638.39990234375,23576,0.0,0.026534881514093556,0.005753520873348198,0.5,0.4,0,2625.732820724151,2609.197557172182,52.66265066042596,14.29316075888255,14.615207749431212,2636.6435687624926,0.005753520873348198,0,TCS,5m,2026-02-25 05:00:00
2638.39990234375,2640.0,2632.5,2633.60009765625,30165,-0.0018192104552596788,0.022836743713317453,0.00579465141639386,0.45,0.45,0,2626.482085193875,2610.1545195441063,46.268663514707626,13.164262721756586,14.325018743896289,2636.605003747872,0.00579465141639386,0,TCS,5m,2026-02-25 05:05:00
2633.60009765625,2635.199951171875,2631.0,2633.199951171875,21935,-0.00015193896929577289,0.021570395487717775,0.005801925961866548,0.4,0.5,0,2627.1218819536844,2611.0582619608813,50.92392067216106,12.097857842386475,13.879586563594327,2636.5303951475876,0.005801925961866548,0,TCS,5m,2026-02-25 05:10:00
2633.199951171875,2643.0,2632.5,2641.5,40312,0.0031520769337820553,0.026064364590428157,0.005792433788858999,0.45,0.45,0,2628.491226529524,2612.252055609474,69.39195414064899,11.786600275409455,13.460989305957353,2636.6242265200062,0.005792433788858999,0,TCS,5m,2026-02-25 05:15:00
2641.5,2652.60009765625,2641.199951171875,2651.89990234375,152470,0.0039371199484194985,0.02707199935853999,0.005811348379789308,0.45,0.4,0,2630.720624226117,2613.8068731284657,74.02126883177814,12.23803911758796,13.216399268283475,2638.124772367647,0.005811348379789308,0,TCS,5m,2026-02-25 05:20:00
2652.0,2652.89990234375,2648.0,2648.699951171875,104007,-0.001206663633513072,0.0014745547004499926,0.002152209718226082,0.45,0.4,0,2632.432941078094,2615.175229130168,67.98557992078617,12.196998924756826,13.012519199578147,2639.0517242838464,0.002152209718226082,0,TCS,5m,2026-02-25 05:25:00
2648.699951171875,2652.300048828125,2647.39990234375,2651.0,26903,0.0008683689623310009,0.005804928144921284,0.001991311257160805,0.4,0.45,0,2634.2012324039897,2616.5801221054558,67.51818801484444,12.209327467377534,12.851880853138026,2639.2754848912837,0.001991311257160805,0,TCS,5m,2026-02-25 05:30:00
2651.300048828125,2651.5,2646.10009765625,2646.5,27766,-0.0016974726518295125,0.003374242498572322,0.0020367601388668164,0.4,0.45,0,2635.3725436036093,2617.7534506503403,53.15125403908293,11.720874588036622,12.625679600117746,2639.4527051233613,0.0020367601388668164,0,TCS,5m,2026-02-25 05:35:00
2647.0,2651.0,2645.89990234375,2648.60009765625,23924,0.0007935377503305308,0.006192321743633045,0.001974351795257542,0.4,0.45,0,2636.6323106562418,2618.9631230819446,52.75432934020235,11.372141523091159,12.37497198471243,2639.607746133334,0.001974351795257542,0,TCS,5m,2026-02-25 05:40:00
2648.60009765625,2648.60009765625,2643.699951171875,2644.0,26519,-0.0017368034005287303,0.00800609988562706,0.0018255535417118802,0.4,0.45,0,2637.3339953556474,2619.9449613924567,51.23450898441229,10.602361200220912,12.020449827814128,2639.716343636176,0.0018255535417118802,0,TCS,5m,2026-02-25 05:45:00
2644.60009765625,2644.60009765625,2642.0,2643.800048828125,18344,-7.562449768339086e-05,0.0072003303697407706,0.0018268451356766935,0.4,0.5,0,2637.949809972074,2620.880455017385,49.14888864648102,9.862481808760094,11.588856224003322,2639.7640884045686,0.0018268451356766935,0,TCS,5m,2026-02-25 05:50:00
2644.199951171875,2647.60009765625,2642.89990234375,2646.60009765625,29157,0.0010591000742912193,0.0068095053893066915,0.0018167105249220186,0.4,0.5,0,2638.7736468943767,2621.8890684542034,56.18241132047493,9.39377698625458,11.149840376453575,2639.8818191519595,0.0018167105249220186,0,TCS,5m,2026-02-25 05:55:00
2646.60009765625,2649.5,2645.10009765625,2648.10009765625,17323,0.0005667648850040674,0.00619349818592152,0.0018069697349297285,0.4,0.5,0,2639.66188030027,2622.916951952323,58.79847438624433,9.039164638295006,10.727705228821861,2639.971320924032,0.0018069697349297285,0,TCS,5m,2026-02-25 06:00:00
2648.10009765625,2649.5,2645.60009765625,2646.0,13170,-0.0007930582601876068,0.00094571590694148,0.0015352399085748441,0.35,0.5,0,2640.265510747863,2623.8221695228203,58.05091759253513,8.490794870154787,10.280323157088446,2640.0333017541925,0.0015352399085748441,0,TCS,5m,2026-02-25 06:05:00
2645.89990234375,2648.0,2642.199951171875,2645.89990234375,32493,-3.782980205968567e-05,-3.782980205968567e-05,0.0015206668912660466,0.35,0.55,0,2640.8021194712805,2624.6879629667783,57.928069288022215,7.956414243106337,9.815541374292025,2640.1463397847147,0.0015206668912660466,0,TCS,5m,2026-02-25 06:10:00
2646.5,2653.89990234375,2646.10009765625,2653.699951171875,47655,0.002947975779890921,0.004124376472818492,0.001627180102104487,0.35,0.5,0,2642.0304843951467,2625.8256879944292,69.97976032732939,8.069294692612402,9.466292037956102,2640.480584661866,0.001627180102104487,0,TCS,5m,2026-02-25 06:15:00
2653.39990234375,2654.199951171875,2650.699951171875,2652.0,18507,-0.000640596602160759,0.0027981177004070545,0.0016337407365011102,0.4,0.5,0,2642.9799620717995,2626.8521316024908,68.21698090889736,7.930167376462123,9.159067105657307,2640.6173634679826,0.0016337407365011102,0,TCS,5m,2026-02-25 06:20:00
2652.300048828125,2652.300048828125,2648.0,2649.800048828125,19801,-0.0008295441824566208,0.003370118828235791,0.0016102753948750484,0.35,0.5,0,2643.6294941438305,2627.7520499250645,59.120883837977345,7.555297535266618,8.83831319157917,2640.7325223520515,0.0016102753948750484,0,TCS,5m,2026-02-25 06:25:00
2649.800048828125,2652.0,2649.0,2650.89990234375,16298,0.0004150703809184808,0.0041668246550690125,0.001605830313910045,0.35,0.45,0,2644.321913972394,2628.6598088434444,48.618791982519085,7.263233438308362,8.52329724092501,2640.8311951525384,0.001605830313910045,0,TCS,5m,2026-02-25 06:30:00
2650.89990234375,2651.89990234375,2648.300048828125,2649.10009765625,13371,-0.0006789410214654845,0.004055562351633846,0.0016088397908330168,0.35,0.5,0,2644.7769790851426,2629.4613887968876,50.57492230305666,6.808062236978458,8.180250240135699,2640.9036620157485,0.0016088397908330168,0,TCS,5m,2026-02-25 06:35:00
2649.199951171875,2649.5,2645.39990234375,2647.199951171875,20735,-0.000717279987289321,0.003335373390632501,0.0016215621155936616,0.35,0.55,0,2645.007738331498,2630.1570186939457,44.476696734633045,6.2222832316329,7.78865683843514,2640.9839341245147,0.0016215621155936616,0,TCS,5m,2026-02-25 06:40:00
2647.39990234375,2648.39990234375,2644.300048828125,2645.800048828125,22108,-0.0005288238023464231,0.004632423572102695,0.00156295522904698,0.35,0.55,0,2645.0831964740337,2630.7704708560705,48.88186888186888,5.580757234420616,7.347076917632235,2641.051670847787,0.00156295522904698,0,TCS,5m,2026-02-25 06:45:00
2645.39990234375,2646.0,2640.0,2640.199951171875,38396,-0.0021165989692721876,0.002658362498026312,0.00164781088937837,0.35,0.55,0,2644.618125492876,2631.140254397867,37.930840951024614,4.567807341127718,6.791223002331332,2641.0741982689374,0.00164781088937837,0,TCS,5m,2026-02-25 06:50:00
2640.10009765625,2642.199951171875,2639.0,2640.89990234375,29964,0.0002651129402393426,-0.00022718063836835167,0.0014882386722128843,0.3,0.6,0,2644.264009002483,2631.5229856898627,44.98364489673373,3.7779674060629986,6.188571883077666,2641.067826375413,0.0014882386722128843,-1,TCS,5m,2026-02-25 06:55:00
2640.89990234375,2642.89990234375,2631.39990234375,2631.39990234375,53838,-0.0035972586433772324,-0.007730306857314684,0.0013865500043946017,0.3,0.65,0,2643.0388559873654,2631.518158891976,34.57691350002126,2.358258426669636,5.42250919179606,2640.8946362665406,0.0013865500043946017,-1,TCS,5m,2026-02-25 07:00:00
2631.60009765625,2632.60009765625,2627.5,2628.199951171875,102098,-0.0012160641828042884,-0.007739646006687195,0.00138684403890735,0.25,0.7,0,2641.6256269573187,2631.388033099031,27.339639320011784,0.9638093216772177,4.530769217772291,2640.283847989462,0.00138684403890735,-1,TCS,5m,2026-02-25 07:05:00
2628.199951171875,2628.39990234375,2615.39990234375,2616.39990234375,67073,-0.004489783520033708,-0.01305171544935868,0.0016280347101859766,0.25,0.7,-1,2639.223176994122,2630.8002632654907,18.86025920205674,-1.081005801819174,3.408414213853998,2639.599989695434,0.0016280347101859766,-1,TCS,5m,2026-02-25 07:10:00
2617.0,2619.60009765625,2613.60009765625,2613.800048828125,52724,-0.0009936758953766889,-0.012355923359862131,0.0016118508533328804,0.25,0.7,-1,2636.801926692598,2630.1335881895156,18.676882008996216,-2.8781455003709198,2.151102271009015,2638.9801078731675,0.0016118508533328804,-1,TCS,5m,2026-02-25 07:15:00
2613.0,2617.800048828125,2612.39990234375,2612.5,45072,-0.0004973788368807242,-0.013629878549123009,0.0015777443290854122,0.25,0.7,-1,2634.487457483779,2629.4420749271817,18.250807619471985,-4.357069153612429,0.8494679860847264,2638.444047449787,0.0015777443290854122,-1,TCS,5m,2026-02-25 07:20:00
2613.199951171875,2616.199951171875,2611.39990234375,2614.39990234375,26899,0.0007272353468898984,-0.011195195785268508,0.001587444763029888,0.25,0.7,-1,2632.5743569942524,2628.852185806263,7.9223759808867555,-5.314557650483948,-0.3833371412290085,2638.1320721273014,0.001587444763029888,-1,TCS,5m,2026-02-25 07:25:00
2614.199951171875,2618.39990234375,2613.199951171875,2618.0,20482,0.0013770263887413758,-0.009758698975575353,0.0016431053816219222,0.3,0.65,-1,2631.1863229948,2628.426609892292,15.02029498050878,-5.716974663768269,-1.4500646457368607,2637.924192881387,0.0016431053816219222,-1,TCS,5m,2026-02-25 07:30:00
2618.199951171875,2618.800048828125,2615.0,2617.60009765625,22002,-0.00015275108622991862,-0.010957454443412673,0.0016049152610707654,0.3,0.65,-1,2629.892396772081,2628.0020407849966,15.598019729669105,-5.999008981782936,-2.359853512946076,2637.7114397623577,0.0016049152610707654,-1,TCS,5m,2026-02-25 07:35:00
2617.60009765625,2619.699951171875,2617.10009765625,2617.10009765625,23773,-0.0001910146628003595,-0.011706506120156557,0.0015860083895004702,0.3,0.65,-1,2628.6740825705733,2627.574513603477,13.41989283109801,-6.191497305221674,-3.1261822714011958,2637.495515276596,0.0015860083895004702,0,TCS,5m,2026-02-25 07:40:00
2617.800048828125,2618.699951171875,2616.0,2616.0,15043,-0.00042034985869865427,-0.0113378684807256,0.0015856544577637535,0.3,0.7,-1,2627.467027087662,2627.120611109223,13.626266311813197,-6.359505949380036,-3.7728470069969644,2637.3539752225943,0.0015856544577637535,0,TCS,5m,2026-02-25 07:45:00
2616.10009765625,2616.10009765625,2610.89990234375,2610.89990234375,29792,-0.0019495786147745164,-0.013228013640650849,0.0016094079242502612,0.3,0.7,-1,2625.8892056834798,2626.4845048831257,12.730918661486413,-6.825509048299864,-4.3833794152575445,2637.022034294513,0.0016094079242502612,0,TCS,5m,2026-02-25 07:50:00
2611.199951171875,2613.300048828125,2608.60009765625,2613.300048828125,45321,0.0009192793956676049,-0.015223990310550883,0.001422874094802652,0.25,0.75,0,2624.690238363922,2625.9674673907725,17.303951427504757,-6.9213629356149795,-4.890976119329031,2636.5158089781403,0.001422874094802652,0,TCS,5m,2026-02-25 07:55:00
2613.10009765625,2616.39990234375,2613.10009765625,2614.699951171875,22947,0.0005356837399432823,-0.014064875123727338,0.0014523272687610484,0.25,0.75,0,2623.73878244087,2625.5256040096397,21.978021978021985,-6.805913082749612,-5.273963512013148,2636.2972479023297,0.0014523272687610484,0,TCS,5m,2026-02-25 08:00:00
2614.39990234375,2617.5,2614.10009765625,2614.699951171875,12841,0.0,-0.01324631934842524,0.0014604654969802581,0.3,0.7,0,2622.8779413676325,2625.1010686042373,20.75901493724831,-6.637900655772228,-5.546750940764964,2636.1807543289506,0.0014604654969802581,0,TCS,5m,2026-02-25 08:05:00
2614.699951171875,2617.199951171875,2614.60009765625,2615.800048828125,15355,0.00042073571606437987,-0.013240731377519022,0.0014606866449316544,0.3,0.7,0,2622.2038563638703,2624.736322730664,28.571716019987264,-6.3428643184020075,-5.705973616292373,2636.046024386697,0.0014606866449316544,0,TCS,5m,2026-02-25 08:10:00
2615.800048828125,2617.0,2615.0,2616.300048828125,10148,0.0001911461085200017,-0.012381581525418461,0.0014731603747878956,0.3,0.65,0,2621.6415889795135,2624.4054884599764,32.34446086528152,-5.999541098885402,-5.76468711281098,2635.958977216612,0.0014731603747878956,0,TCS,5m,2026-02-25 08:15:00
2616.300048828125,2617.60009765625,2614.0,2616.0,12433,-0.00011468441024542475,-0.011786019850167806,0.0014772595877634007,0.35,0.65,0,2621.1042947909887,2624.075861461546,49.09932696960366,-5.686120350807869,-5.748973760410358,2635.852119123974,0.0014772595877634007,0,TCS,5m,2026-02-25 08:20:00
2616.0,2616.699951171875,2613.89990234375,2616.699951171875,18733,0.0002675654326740329,-0.010998600468368314,0.0014897211682367414,0.35,0.65,0,2620.68483349393,2623.7866100776373,57.14251352976548,-5.319927131613895,-5.6631644346510654,2635.692447987021,0.0014897211682367414,0,TCS,5m,2026-02-25 08:25:00
2616.89990234375,2616.89990234375,2610.800048828125,2612.5,22258,-0.0016050564643431686,-0.010491611121945521,0.0014656371083841759,0.4,0.65,0,2619.9053255421272,2623.34399791773,50.0,-5.307436502006112,-5.592018848122075,2635.4838560946073,0.0014656371083841759,0,TCS,5m,2026-02-25 08:30:00
2612.39990234375,2614.60009765625,2610.300048828125,2610.699951171875,21098,-0.0006890139055023559,-0.011435477408694328,0.0014540068568457234,0.4,0.65,0,2619.028623221151,2622.8481529473047,41.991566175926614,-5.380760428038229,-5.549767164105306,2635.2762275032624,0.0014540068568457234,0,TCS,5m,2026-02-25 08:35:00
2611.0,2618.800048828125,2610.39990234375,2618.800048828125,22877,0.003102653620771001,-0.004788270115995141,0.0014920922983066342,0.4,0.6,0,2619.0068542313393,2622.6894037661605,51.44934587044784,-4.730727104880771,-5.3859591522604,2635.0942075633966,0.0014920922983066342,0,TCS,5m,2026-02-25 08:40:00
2618.60009765625,2622.39990234375,2618.0,2621.300048828125,34168,0.0009546356932133016,-0.0026253338680237714,0.001496215144184777,0.45,0.55,0,2619.2252537167474,2622.634919258787,56.22878186316819,-3.968100118306211,-5.1023873454695625,2634.8921719859945,0.001496215144184777,0,TCS,5m,2026-02-25 08:45:00
2621.39990234375,2622.10009765625,2617.300048828125,2617.699951171875,41073,-0.001373401590504475,0.0004968846035195984,0.0011376236024502261,0.45,0.55,0,2619.079986807712,2622.441391098516,50.91439587349555,-3.612567105752987,-4.804423297526247,2634.6314111864726,0.0011376236024502261,0,TCS,5m,2026-02-25 08:50:00
2617.39990234375,2618.5,2614.199951171875,2614.199951171875,48140,-0.0013370516351323136,0.00015299653235878452,0.0011562521454498236,0.45,0.55,0,2618.6152215090606,2622.1181973759026,47.44314438102108,-3.572049023487125,-4.557948442718423,2634.2722065869166,0.0011562521454498236,0,TCS,5m,2026-02-25 08:55:00
2615.300048828125,2620.800048828125,2612.60009765625,2619.199951171875,54517,0.0019126310509487432,0.0025645746112439305,0.0012243558298835084,0.5,0.55,0,2618.6709100483763,2622.003756348294,61.8233162459745,-3.100736576999225,-4.266506069574584,2633.9213078836406,0.0012243558298835084,0,TCS,5m,2026-02-25 09:00:00
2619.699951171875,2622.199951171875,2617.10009765625,2621.199951171875,30057,0.000763591950704301,0.002600997965930496,0.0012253177409071703,0.55,0.5,0,2618.9117711077574,2621.9722345766695,61.38308051670278,-2.5365944998143277,-3.920523755622533,2633.7641527071214,0.0012253177409071703,0,TCS,5m,2026-02-25 09:05:00
2620.800048828125,2626.39990234375,2620.39990234375,2626.39990234375,56442,0.001983805611452949,0.003208518847880093,0.0012646831964037628,0.55,0.5,0,2619.624926463566,2622.145868606751,65.19464542762387,-1.65088486437935,-3.466595977373897,2633.5674592995883,0.0012646831964037628,0,TCS,5m,2026-02-25 09:10:00
2625.5,2627.0,2620.10009765625,2624.10009765625,26530,-0.0008756490911562276,0.0024831906164046735,0.0012842986169863554,0.55,0.55,0,2620.051133243822,2622.2225050400643,61.519773571808976,-1.1215995140883024,-2.997596684716778,2633.471316281897,0.0012842986169863554,0,TCS,5m,2026-02-25 09:15:00
2624.5,2624.800048828125,2620.0,2621.199951171875,29071,-0.0011051965917631135,0.0015665635102366515,0.0013120974675894979,0.5,0.6,0,2620.1605444750653,2622.1824048883705,56.337899020001146,-0.9254862154448347,-2.5831745908623898,2633.349727636924,0.0013120974675894979,0,TCS,5m,2026-02-25 09:20:00
2621.300048828125,2624.0,2620.0,2622.60009765625,25637,0.0005341624105208442,0.002522973110187232,0.0013103333586834986,0.5,0.55,0,2620.3928828732733,2622.1987849969146,57.241394792818376,-0.6495967466380534,-2.1964590220175224,2633.2464730498436,0.0013103333586834986,0,TCS,5m,2026-02-25 09:25:00
2622.60009765625,2631.89990234375,2622.60009765625,2630.10009765625,99424,0.002859757386077577,0.007353861132425754,0.0013499238712298882,0.55,0.5,0,2621.317379519271,2622.50864039532,63.90536818383188,0.17224938130584633,-1.7227173413528487,2633.0715159315328,0.0013499238712298882,0,TCS,5m,2026-02-25 09:30:00
2630.60009765625,2631.39990234375,2626.60009765625,2630.0,83897,-3.8058496837911626e-05,0.0063903688286248705,0.0013462885696562104,0.55,0.45,0,2622.144295755531,2622.8024192033467,63.273411269376396,0.8061979661620171,-1.2169342798498755,2632.965263435339,0.0013462885696562104,0,TCS,5m,2026-02-25 09:35:00
2630.0,2630.0,2624.89990234375,2628.0,90160,-0.0007604562737643095,0.005086644386161465,0.0013663765097705128,0.5,0.5,0,2622.701981874052,2623.0062459012547,66.17940876656473,1.1341497296116358,-0.7467174779575733,2632.807223783914,0.0013663765097705128,0,TCS,5m,2026-02-25 09:40:00
2628.0,2629.89990234375,2626.800048828125,2629.0,81195,0.0003805175038051889,0.005469097447191151,0.0013652935005063964,0.45,0.5,0,2623.301793124142,2623.241295081598,69.42666245082235,1.4579392909513444,-0.30578612417578976,2632.6969738318107,0.0013652935005063964,0,TCS,5m,2026-02-25 09:45:00
2629.0,2634.89990234375,2629.0,2632.60009765625,84910,0.0013693791008939638,0.006422527912885112,0.0013869794342003627,0.5,0.5,0,2624.1873459367234,2623.6083069472706,66.19711045268811,1.9821931558499273,0.15180973182935364,2632.682937268915,0.0013869794342003627,0,TCS,5m,2026-02-25 09:50:00
2631.89990234375,2633.0,2629.0,2629.300048828125,53718,-0.0012535321377002973,0.004968849045361878,0.0014310218334693894,0.5,0.5,0,2624.674270021619,2623.8315125112254,59.21650690787993,2.10709250922946,0.5428662873093749,2632.645887542934,0.0014310218334693894,0,TCS,5m,2026-02-25 09:55:00
2664.60009765625,2668.0,2650.60009765625,2652.699951171875,67746,-0.004615402937382718,0.013757786781735337,0.0035259669734015787,0.5,0.4,0,2630.818161966039,2626.5147468508208,72.83503333391255,6.279369520586442,2.4079155328702804,2657.1000162760415,0.0035259669734015787,0,TCS,5m,2026-02-26 03:50:00
2653.5,2656.300048828125,2647.199951171875,2649.60009765625,55988,-0.0011685654513077237,0.014200994318181781,0.0035123427681147995,0.45,0.4,0,2632.606917746059,2627.420054725543,68.44665803484924,6.9403228204796505,3.3143969903921544,2654.3549371379686,0.0035123427681147995,0,TCS,5m,2026-02-26 03:55:00
2648.699951171875,2653.89990234375,2647.10009765625,2653.60009765625,51274,0.001509661780107141,0.01643243087552748,0.0035006017222198446,0.45,0.4,0,2634.6062682136962,2628.4467230757673,69.19436626236973,7.698160046089015,4.191149601531526,2653.528270674702,0.0035006017222198446,0,TCS,5m,2026-02-26 04:00:00
2653.800048828125,2660.5,2653.60009765625,2658.39990234375,44924,0.0018087897614034176,0.015121373444813235,0.003468021392157258,0.45,0.4,0,2636.872328607035,2629.621357556865,69.04761904761905,8.587069242978941,5.07033352982101,2654.3395485615474,0.003468021392157258,0,TCS,5m,2026-02-26 04:05:00
2660.0,2669.5,2658.5,2668.10009765625,67580,0.0036488849190627892,0.0178537549904092,0.003527938647535021,0.45,0.4,0,2639.8464018498175,2631.130327756841,74.06991901190247,9.959454487772746,6.048157721411358,2656.9314919983913,0.003527938647535021,0,TCS,5m,2026-02-26 04:10:00
2668.800048828125,2671.0,2662.10009765625,2663.800048828125,43079,-0.0016116519885825964,0.017610917414584648,0.003536379530169562,0.5,0.35,0,2642.1277015620376,2632.411493289048,72.95256636236878,10.57816319768699,6.954158816666485,2658.0654270611567,0.003536379530169562,0,TCS,5m,2026-02-26 04:15:00
2665.5,2666.5,2656.0,2656.0,24771,-0.002928166035418678,0.015989614263969054,0.003606070930835867,0.5,0.35,0,2643.4488728418432,2633.336532767909,66.83459505222433,10.320131503236553,7.627353353980499,2658.1654259531824,0.003606070930835867,0,TCS,5m,2026-02-26 04:20:00
2657.0,2661.699951171875,2655.60009765625,2658.0,19531,0.0007530120481926694,0.014813702486045521,0.0035965431368755536,0.45,0.35,0,2644.8346944759537,2634.303727561324,64.88785709074612,10.159905742591036,8.133863831702607,2658.1793841143885,0.0035965431368755536,0,TCS,5m,2026-02-26 04:25:00
2658.199951171875,2666.0,2657.60009765625,2665.5,20770,0.0028216704288939187,0.016900675130990805,0.0036265223659926325,0.45,0.35,0,2646.802818811577,2635.5271107942135,67.55685742297865,10.516880935902009,8.610467252542488,2658.434189849027,0.0036265223659926325,0,TCS,5m,2026-02-26 04:30:00
2665.0,2665.0,2661.89990234375,2663.0,10999,-0.000937910335771952,0.013935462616941452,0.0036370460687803036,0.4,0.35,0,2648.3454074961887,2636.604478998362,67.22439289301556,10.477281660736026,8.983830134181197,2658.5657946899273,0.0036370460687803036,0,TCS,5m,2026-02-26 04:35:00
2663.0,2664.89990234375,2661.300048828125,2661.300048828125,18251,-0.000638359433674407,0.014176269878233949,0.003632024479398087,0.35,0.35,0,2649.579182861135,2637.572932717176,65.78691760078851,10.191248725904188,9.225313852525796,2658.7347779432384,0.003632024479398087,0,TCS,5m,2026-02-26 04:40:00
2661.0,2661.89990234375,2656.0,2658.199951171875,22402,-0.0011648809226209034,0.01411567247415002,0.003633618855176804,0.35,0.35,0,2650.400208414539,2638.381835401674,62.57359589229998,9.60370802403122,9.30099268682688,2658.7330337823405,0.003633618855176804,0,TCS,5m,2026-02-26 04:45:00
2658.199951171875,2658.300048828125,2650.0,2652.39990234375,47194,-0.0021819460291420123,0.011362694874499368,0.0036907394632588308,0.35,0.4,0,2650.5906554554163,2638.9315635170497,61.073750096556054,8.571258188422235,9.155045787145951,2658.239974408722,0.0036907394632588308,0,TCS,5m,2026-02-26 04:50:00
2652.39990234375,2655.699951171875,2651.39990234375,2651.39990234375,26639,-0.0003770170550513319,0.00809847682469611,0.0036559215223191488,0.3,0.4,0,2650.6677265876383,2639.420517980842,40.229828610715515,7.584908508803892,8.84101833147754,2657.9636043957994,0.0036559215223191488,0,TCS,5m,2026-02-26 04:55:00
2651.39990234375,2652.199951171875,2647.5,2650.89990234375,28488,-0.0001885796252606431,0.007946730929182522,0.0036570465145493386,0.3,0.45,0,2650.689838564411,2639.8706899166423,48.44286565096368,6.685803677093645,8.409975400600763,2657.5612090777286,0.0036570465145493386,0,TCS,5m,2026-02-26 05:00:00
2651.199951171875,2652.5,2649.60009765625,2650.699951171875,15570,-7.542765824475328e-05,0.008637728756421215,0.003648783113984474,0.35,0.4,0,2650.690801669884,2640.2953668286123,51.0016854107466,5.889234798913549,7.9058272802633205,2657.3786282630836,0.003648783113984474,0,TCS,5m,2026-02-26 05:05:00
2650.699951171875,2652.0,2648.699951171875,2649.60009765625,12695,-0.00041492946613541637,0.00783571611116396,0.0036537562891909257,0.35,0.45,0,2650.586925097157,2640.6602582336177,46.15384615384615,5.110290983720461,7.346720020954749,2657.218735860794,0.0036537562891909257,0,TCS,5m,2026-02-26 05:10:00
2649.5,2654.89990234375,2649.5,2653.0,12410,0.0012831756561140217,0.007748956008134966,0.0036525990579382157,0.35,0.45,0,2650.8167417545706,2641.144169675437,44.664138416852424,4.712987714523933,6.819973559668587,2657.1188332964334,0.0036525990579382157,0,TCS,5m,2026-02-26 05:15:00
2653.60009765625,2654.0,2644.0,2644.0,30846,-0.0033923859781379573,0.00559082299428959,0.0037337337617952297,0.35,0.5,0,2650.1675282541355,2641.256163021498,25.85155829541563,3.6300522447604635,6.181989296686963,2656.632895712438,0.0037337337617952297,0,TCS,5m,2026-02-26 05:20:00
2644.5,2649.10009765625,2642.300048828125,2647.199951171875,104340,0.001210268975746942,-0.006679192806050671,0.002069777607364467,0.3,0.55,0,2649.8849018653486,2641.4892527528855,32.99163514838605,2.9954971725333053,5.544690871856231,2655.1324554044127,0.002069777607364467,0,TCS,5m,2026-02-26 05:25:00
2647.199951171875,2653.89990234375,2646.699951171875,2653.300048828125,32677,0.0023043584801931694,0.00022622146013340227,0.0018864889545918686,0.35,0.55,0,2650.2101539570417,2641.952421226424,47.1338008822264,2.950819397099167,5.025916576904819,2654.9672766869226,0.0018864889545918686,0,TCS,5m,2026-02-26 05:30:00
2652.5,2653.5,2650.699951171875,2652.10009765625,11530,-0.00045224857716519296,0.0009435386125669076,0.001869599937806322,0.35,0.5,0,2650.390148595062,2642.3503693217117,43.62858830229271,2.786465269904511,4.578026315504757,2654.9243257440435,0.001869599937806322,0,TCS,5m,2026-02-26 05:35:00
2652.800048828125,2653.5,2649.39990234375,2653.0,10115,0.0003393168849641359,-0.0002261447219495949,0.0018395438437738974,0.35,0.5,0,2650.6387058717223,2642.768001897331,34.256810774245125,2.6977302829154723,4.2019671089869,2654.885961648232,0.0018395438437738974,0,TCS,5m,2026-02-26 05:40:00
2653.5,2654.60009765625,2652.0,2652.39990234375,17629,-0.00022619587495287252,-0.0022569967726489004,0.001789257584259597,0.35,0.5,0,2650.806438869058,2643.145723483465,35.97863435554292,2.5495941663098165,3.8714925204514836,2654.8442691267173,0.001789257584259597,0,TCS,5m,2026-02-26 05:45:00
2652.39990234375,2654.0,2650.800048828125,2654.0,8749,0.0006032641061539668,-0.005284695903514214,0.0015683433275448147,0.3,0.55,0,2651.1105875481953,2643.5713813860743,40.31822508888155,2.5321210199936104,3.603618220359909,2654.823531472202,0.0015683433275448147,0,TCS,5m,2026-02-26 05:50:00
2654.39990234375,2658.699951171875,2653.0,2653.0,25732,-0.00037678975131871795,-0.004054376691252082,0.0015364683299832111,0.3,0.55,0,2651.2905315912244,2643.9411311356403,42.696667741072716,2.4098030732216102,3.3648551909322495,2654.825896180419,0.0015364683299832111,0,TCS,5m,2026-02-26 05:55:00
2653.0,2653.89990234375,2650.60009765625,2652.39990234375,20817,-0.00022619587495287252,-0.0013554584549133608,0.0013965648382390687,0.3,0.55,0,2651.3961859486076,2644.272847653606,50.0,2.238636742651579,3.1396115012761157,2654.76423390534,0.0013965648382390687,0,TCS,5m,2026-02-26 06:00:00
2652.39990234375,2653.89990234375,2649.39990234375,2650.300048828125,8968,-0.0007916805885000988,-0.0028968966034141896,0.0013915393192211075,0.3,0.55,0,2651.291791937133,2644.5092084839794,48.25418723793432,1.9115108557148233,2.8939913721638577,2654.72713982592,0.0013915393192211075,0,TCS,5m,2026-02-26 06:05:00
2650.0,2650.300048828125,2641.89990234375,2646.0,243352,-0.001622476228692049,-0.007315700619020871,0.0012395524019590456,0.25,0.6,0,2650.7878117526443,2644.5676708963724,43.0595900074695,1.2904082075156111,2.5732747392342086,2652.819971000657,0.0012395524019590456,0,TCS,5m,2026-02-26 06:10:00
2645.60009765625,2652.0,2645.39990234375,2648.89990234375,94025,0.001095957046012952,-0.0052948169944611045,0.001273165749278558,0.3,0.6,0,2650.6080108565593,2644.737562325681,47.63149948280404,1.020415058056642,2.2627028029986955,2652.502131852984,0.001273165749278558,0,TCS,5m,2026-02-26 06:15:00
2648.89990234375,2652.0,2646.10009765625,2649.0,60330,3.778838761014924e-05,-0.004621819637940172,0.0012716960390570808,0.3,0.55,0,2650.454866965458,2644.9047167442823,49.18905722128378,0.8052383003405339,1.9712099024670633,2652.3359676784753,0.0012716960390570808,0,TCS,5m,2026-02-26 06:20:00
2648.39990234375,2649.800048828125,2647.10009765625,2648.199951171875,8972,-0.0003020191876651479,-0.0037619442418511673,0.0012528367355714738,0.3,0.5,0,2650.240113080355,2645.0339416237957,43.02321455185482,0.5636544577173481,1.6896988135171205,2652.3078909888213,0.0012528367355714738,0,TCS,5m,2026-02-26 06:25:00
2648.10009765625,2653.5,2648.10009765625,2653.5,23373,0.002001377889075062,0.0004147555786282453,0.0012515744452958285,0.35,0.45,0,2650.550578501274,2645.365943913059,65.47221426980946,0.7907518726319722,1.509909425340091,2652.2968924989696,0.0012515744452958285,0,TCS,5m,2026-02-26 06:30:00
2653.5,2655.199951171875,2651.199951171875,2652.89990234375,21678,-0.0002261532527793042,0.0005657388757818183,0.001249499229392844,0.4,0.45,0,2650.774323629129,2645.661393263282,60.14213850685063,0.9117947422510042,1.390286488722274,2652.310146473314,0.001249499229392844,0,TCS,5m,2026-02-26 06:35:00
2652.89990234375,2653.89990234375,2650.199951171875,2651.800048828125,20052,-0.0004145853805691546,0.0003395626079956138,0.0012525889177534175,0.4,0.45,0,2650.872011743319,2645.9021248540603,46.75326047897863,0.9085004737003146,1.2939292857178821,2652.3049810211364,0.0012525889177534175,0,TCS,5m,2026-02-26 06:40:00
2651.800048828125,2655.0,2651.10009765625,2653.300048828125,11108,0.0005656535079494596,0.0009809098367019597,0.0012582695944401185,0.4,0.45,0,2651.1032533704433,2646.19223951971,52.5639821799326,1.015224331972604,1.2381882949688265,2652.3118245824126,0.0012582695944401185,0,TCS,5m,2026-02-26 06:45:00
2653.300048828125,2653.300048828125,2643.0,2645.199951171875,33885,-0.003052838920282519,-0.0016606832435834828,0.0014353422452782125,0.4,0.45,0,2650.541034113437,2646.153326251167,37.25496453617789,0.4411087459961891,1.0787723851742992,2652.1853501049413,0.0014353422452782125,0,TCS,5m,2026-02-26 06:50:00
2646.5,2649.199951171875,2642.699951171875,2647.60009765625,119088,0.0009073591897321709,-0.002035394777139099,0.001418893461965513,0.35,0.5,0,2650.260944927038,2646.2100623846995,42.592983302188195,0.17774088398709864,0.8985660849368591,2651.7332484946087,0.001418893461965513,0,TCS,5m,2026-02-26 06:55:00
2648.0,2649.10009765625,2643.0,2645.300048828125,56033,-0.0008687296960598889,0.0004916977413482737,0.0012071979678412335,0.35,0.45,0,2649.788478631903,2646.1743755785596,36.85821550535112,-0.21410667377904247,0.6760315331936788,2651.519259799304,0.0012071979678412335,0,TCS,5m,2026-02-26 07:00:00
2645.300048828125,2648.800048828125,2644.800048828125,2646.800048828125,27850,0.0005670434250604206,-0.00015106616467452927,0.001182277522331998,0.35,0.4,0,2649.503866269639,2646.198911784425,40.773976036678846,-0.3990116643503825,0.46102289368486654,2651.4361530336905,0.001182277522331998,0,TCS,5m,2026-02-26 07:05:00
2646.699951171875,2651.699951171875,2645.300048828125,2650.89990234375,81221,0.001548984978083423,-0.0009045891682831764,0.0011146906824210812,0.35,0.4,0,2649.636822086221,2646.3832643553787,47.97844197891578,-0.21227926353003568,0.3263624622418861,2651.3318016100184,0.0011146906824210812,0,TCS,5m,2026-02-26 07:10:00
2650.89990234375,2650.89990234375,2640.5,2645.0,85057,-0.0022256224531652657,-0.002677160512351895,0.0012148511442280929,0.35,0.45,0,2649.1952199827715,2646.329018694383,43.520745909614575,-0.5342072930043287,0.15424851119264316,2651.0463620580613,0.0012148511442280929,0,TCS,5m,2026-02-26 07:15:00
2645.0,2649.800048828125,2642.60009765625,2646.800048828125,109225,0.0006805477611058208,-0.0023369586022898847,0.0012241985728688877,0.35,0.4,0,2648.967108444234,2646.347490464334,51.041726271084066,-0.6367486370099869,-0.00395091844788284,2650.773070783658,0.0012241985728688877,0,TCS,5m,2026-02-26 07:20:00
2647.300048828125,2647.89990234375,2641.699951171875,2642.89990234375,68025,-0.001473532723449078,-0.0035816620229873752,0.001261304208553413,0.3,0.45,0,2648.389279291807,2646.212290930194,42.38586229118128,-1.0209536985935301,-0.20735147447701233,2650.539611574589,0.001261304208553413,0,TCS,5m,2026-02-26 07:25:00
2643.0,2647.800048828125,2641.5,2647.39990234375,19675,0.0017026751546698193,-0.0024868491545779747,0.001319776666401192,0.3,0.45,0,2648.2950529158015,2646.2588639268038,48.17341671961919,-0.951359901275282,-0.3561531598366663,2650.489297966887,0.001319776666401192,0,TCS,5m,2026-02-26 07:30:00
2648.0,2648.0,2642.699951171875,2643.699951171875,20426,-0.001397579250720482,-0.003505483915614449,0.0013494850833298227,0.3,0.45,0,2647.8574241782844,2646.1585144070027,45.18203299805525,-1.1811459381547138,-0.5211517155002758,2650.430160561314,0.0013494850833298227,0,TCS,5m,2026-02-26 07:35:00
2643.699951171875,2644.0,2641.0,2641.300048828125,17939,-0.0009077816651190673,-0.004184834083961753,0.0013594235807995393,0.3,0.45,0,2647.232912240174,2645.967986345086,36.073130626236726,-1.5391625820702757,-0.7247538888142759,2650.354803855139,0.0013594235807995393,0,TCS,5m,2026-02-26 07:40:00
2641.300048828125,2642.199951171875,2635.800048828125,2640.0,42209,-0.0004922003574344691,-0.0038863708404183184,0.0013543047723296904,0.3,0.45,0,2646.5440634553956,2645.7339476648867,35.50572770365169,-1.905827237158519,-0.9609685584831247,2650.12509975174,0.0013543047723296904,0,TCS,5m,2026-02-26 07:45:00
2640.0,2644.10009765625,2639.699951171875,2643.800048828125,44366,0.0014394124348957593,-0.0008314252350245521,0.001357362695216482,0.35,0.4,0,2646.282728728989,2645.658108494818,41.525458796267564,-1.8682434879083303,-1.1424235443681658,2649.9623560445107,0.001357362695216482,0,TCS,5m,2026-02-26 07:50:00
2643.800048828125,2646.199951171875,2643.199951171875,2643.800048828125,52118,0.0,-0.0019252722653326781,0.0013309241101819678,0.35,0.4,0,2646.0462830241445,2645.5852434098497,39.60617133576938,-1.8175070064398824,-1.277440236782509,2649.825721811922,0.0013309241101819678,0,TCS,5m,2026-02-26 07:55:00
2643.800048828125,2644.89990234375,2641.0,2641.0,20507,-0.0010591000742912193,-0.003020007550018855,0.001347637306606654,0.35,0.45,0,2645.565684640893,2645.4054299427967,44.80205947582473,-1.9804095897957268,-1.4180341073851528,2649.753679692809,0.001347637306606654,0,TCS,5m,2026-02-26 08:00:00
2641.0,2643.0,2640.199951171875,2641.0,12927,0.0,-0.0027188094949888164,0.0013475405153571829,0.35,0.5,0,2645.1308575322364,2645.232667984256,41.31566097861842,-2.085471048666477,-1.5515214956414178,2649.7035727502507,0.0013475405153571829,0,TCS,5m,2026-02-26 08:05:00
2641.0,2642.800048828125,2640.0,2640.60009765625,12073,-0.0001514208041462073,-0.00486146687158473,0.0012503638222179495,0.3,0.55,0,2644.6993565916664,2645.0509985596286,43.49034592364657,-2.175919147298373,-1.676401025972809,2649.6558306986626,0.0012503638222179495,0,TCS,5m,2026-02-26 08:10:00
2640.5,2640.60009765625,2636.89990234375,2637.199951171875,42059,-0.0012876415809394137,-0.005918033755440422,0.0012719579749842452,0.25,0.6,0,2643.9851275040673,2644.7431143483445,37.368292557565795,-2.493222999426962,-1.8397654206636396,2649.4383761528106,0.0012719579749842452,0,TCS,5m,2026-02-26 08:15:00
2637.199951171875,2644.89990234375,2637.199951171875,2643.60009765625,74913,0.0024268719106910197,-0.003092220763589837,0.0014092879281542164,0.3,0.55,0,2643.9484579947516,2644.698290164341,40.943236202823044,-2.20285708995425,-1.9123837545217617,2649.191145791186,0.0014092879281542164,0,TCS,5m,2026-02-26 08:20:00
2643.300048828125,2646.39990234375,2642.5,2645.300048828125,65656,0.0006430439964737467,-0.003015113199705155,0.0014114721516415168,0.3,0.55,0,2644.0771809312632,2644.721888543313,50.41557615965699,-1.8146500065427063,-1.8928370049259506,2649.0665921149807,0.0014114721516415168,0,TCS,5m,2026-02-26 08:25:00
2645.39990234375,2646.800048828125,2642.199951171875,2642.39990234375,24108,-0.0010963393304512792,-0.001058539573495998,0.0012592940458333469,0.35,0.55,0,2643.917440113405,2644.6308302609773,44.08589448261831,-1.7211701022642956,-1.8585036243936197,2649.013108663895,0.0012592940458333469,0,TCS,5m,2026-02-26 08:30:00
2642.39990234375,2645.0,2640.10009765625,2643.60009765625,30937,0.0004542065383197347,-0.0015108021802616722,0.0012451175034180592,0.35,0.55,0,2643.8872170222476,2644.5904093745175,51.01476145321765,-1.5325743107100607,-1.793317761656908,2648.934469572886,0.0012451175034180592,0,TCS,5m,2026-02-26 08:35:00
2644.10009765625,2647.0,2644.10009765625,2646.39990234375,11165,0.0010590878287461969,0.00041577646970991644,0.0012550070567233314,0.4,0.55,0,2644.1265203862004,2644.6613698831147,48.4756233717901,-1.144002597974577,-1.663454728920442,2648.920138761511,0.0012550070567233314,0,TCS,5m,2026-02-26 08:40:00
2646.60009765625,2647.5,2643.89990234375,2643.89990234375,11759,-0.0009446795995518009,-0.0010957180107575848,0.0012658995291038118,0.45,0.6,0,2644.1049377154905,2644.631508410983,50.316375014486034,-1.0259592036891263,-1.535955623874179,2648.9016358721938,0.0012658995291038118,0,TCS,5m,2026-02-26 08:45:00
2644.199951171875,2644.89990234375,2641.60009765625,2642.0,16554,-0.0007185984393984768,-0.003357313618624902,0.0012153042125353651,0.4,0.65,0,2643.904467456872,2644.528312002709,51.125311059998275,-1.0733423814144771,-1.4434329753822386,2648.8605396754797,0.0012153042125353651,0,TCS,5m,2026-02-26 08:50:00
2641.60009765625,2647.300048828125,2641.0,2645.39990234375,40947,0.0012868668977099595,0.00015119181238176793,0.0011544942903740775,0.45,0.65,0,2644.046889827051,2644.562492016083,58.13233520604759,-0.8270168507128801,-1.320149750448367,2648.789795682721,0.0011544942903740775,0,TCS,5m,2026-02-26 08:55:00
2645.0,2646.199951171875,2643.39990234375,2646.199951171875,61005,0.0003024302024869918,-0.0002267257235829545,0.0011459688941369498,0.45,0.65,0,2644.251943288463,2644.626706100624,53.9733225545675,-0.5607805101622034,-1.1682759023911342,2648.705386995357,0.0011459688941369498,0,TCS,5m,2026-02-26 09:00:00
2646.89990234375,2649.699951171875,2645.89990234375,2648.89990234375,80530,0.0010203126073973223,0.002270233539559685,0.0011136441640213263,0.5,0.6,0,2644.6946060556334,2644.7942824238835,57.75050274935255,-0.13041940331186197,-0.9607046025752799,2648.68886929548,0.0011136441640213263,0,TCS,5m,2026-02-26 09:05:00
2648.89990234375,2652.0,2648.199951171875,2651.699951171875,24391,0.0010570610182920603,0.0016242536023054477,0.0010738143920834729,0.55,0.55,0,2645.36178178099,2645.0650929630206,66.2612515676133,0.43161008154493175,-0.6822416657512376,2648.7067576849536,0.0010738143920834729,0,TCS,5m,2026-02-26 09:10:00
2653.0,2654.39990234375,2650.39990234375,2653.89990234375,43471,0.0008296380481898069,0.003858210598882028,0.0010267885452952573,0.55,0.55,0,2646.1749361203006,2645.4115560759906,68.37587813869375,1.0425226194988682,-0.3372888087012164,2648.7744010722195,0.0010267885452952573,0,TCS,5m,2026-02-26 09:15:00
2653.89990234375,2654.800048828125,2650.0,2652.10009765625,29452,-0.0006781735384633336,0.0040889140303908,0.001015048866539732,0.6,0.55,0,2646.7392372189624,2645.6738518242364,65.75342465753425,1.365703036049581,0.0033095602489430775,2648.8125180719376,0.001015048866539732,0,TCS,5m,2026-02-26 09:20:00
2651.699951171875,2653.10009765625,2650.0,2651.89990234375,22173,-7.548557940062484e-05,0.004507538766572061,0.0010042133709571288,0.6,0.5,0,2647.230729135609,2645.918010668139,72.0719663922227,1.5873735023096742,0.32012234866108935,2648.835561414147,0.0010042133709571288,0,TCS,5m,2026-02-26 09:25:00
2651.89990234375,2652.39990234375,2646.89990234375,2647.10009765625,56326,-0.0018099494190025878,0.00124822178953643,0.00105882715509618,0.55,0.55,0,2647.218288042337,2645.9643670206137,55.52055575237597,1.3600668155922904,0.5281112420473295,2648.8348460738175,0.00105882715509618,0,TCS,5m,2026-02-26 09:30:00
2647.300048828125,2648.60009765625,2645.10009765625,2646.39990234375,57096,-0.0002645141047442623,0.000983377512522976,0.001061303384378158,0.5,0.6,0,2647.1403465472335,2645.9814468372074,51.791295219766674,1.1106221578729674,0.6446134252124571,2648.7922240053167,0.001061303384378158,0,TCS,5m,2026-02-26 09:35:00
2646.0,2648.60009765625,2644.89990234375,2648.10009765625,129499,0.0006424559307889322,0.0026884125922945756,0.0010356324075652575,0.5,0.6,0,2647.231751414759,2646.064531183052,59.66134798728814,1.0381597625614631,0.7233226926822584,2648.723248211903,0.0010356324075652575,0,TCS,5m,2026-02-26 09:40:00
2648.199951171875,2649.0,2646.199951171875,2647.39990234375,59800,-0.000264414216486597,0.0024232875212988336,0.0010391251005446836,0.55,0.55,0,2647.2477657889485,2646.11689867955,56.55138739224138,0.9137003138121145,0.7613982169082296,2648.6999099963164,0.0010391251005446836,1,TCS,5m,2026-02-26 09:45:00
2647.199951171875,2648.60009765625,2646.5,2647.0,101933,-0.00015105475504317845,0.002423654513014073,0.0010391200430060062,0.55,0.5,0,2647.2241690471437,2646.1515301038817,51.127998972043244,0.7738757688371152,0.7638937272940067,2648.656781437785,0.0010391200430060062,0,TCS,5m,2026-02-26 09:50:00
2647.0,2649.300048828125,2645.0,2648.39990234375,145696,0.0005288637490554748,0.004246910124087622,0.0009875731874086403,0.6,0.5,0,2647.3361436468203,2646.2397015642687,58.82352941176471,0.7671806482717329,0.764551111489552,2648.6086036146885,0.0009875731874086403,0,TCS,5m,2026-02-26 09:55:00
2665.800048828125,2668.199951171875,2659.300048828125,2662.0,109068,-0.0017624596909785462,0.006313065007227836,0.001806152906305681,0.55,0.55,0,2650.4012380975814,2647.628650007941,69.21298912674911,2.945665099028247,1.4325297853959178,2663.1666666666665,0.001806152906305681,0,TCS,5m,2026-02-27 03:50:00
2661.5,2661.800048828125,2655.5,2655.5,92978,-0.002441773102930145,0.004957651430667509,0.0018848756132193406,0.5,0.55,0,2650.8868344692405,2647.9373303997863,59.50922389475524,2.9675832574807828,1.739540479812891,2660.6049924933614,0.0018848756132193406,0,TCS,5m,2026-02-27 03:55:00
2657.10009765625,2659.5,2655.10009765625,2655.800048828125,53725,0.00011299146229526436,0.004614900408988154,0.0018844644844472718,0.5,0.55,0,2651.3547596462768,2648.2456722989373,57.4194733940619,2.974872510279056,1.986606885906124,2659.8057595919972,0.0018844644844472718,0,TCS,5m,2026-02-27 04:00:00
2655.800048828125,2660.699951171875,2654.60009765625,2660.0,51218,0.0015814259713295975,0.0051390939231086286,0.0019000863750412824,0.5,0.6,0,2652.178115870441,2648.70662632643,58.66390756323936,3.2817206222184723,2.245629633168594,2659.5767869105985,0.0019000863750412824,0,TCS,5m,2026-02-27 04:05:00
2660.0,2660.300048828125,2653.199951171875,2654.60009765625,45288,-0.002030038475093976,0.0040471257262857385,0.0019510604983975762,0.45,0.6,0,2652.408780802423,2648.9377428491684,50.685121305648195,3.0539687209916337,2.407297450733202,2659.1212520576605,0.0019510604983975762,0,TCS,5m,2026-02-27 04:10:00
2654.300048828125,2657.199951171875,2653.60009765625,2655.60009765625,39299,0.0003767045744038633,0.005147652405847802,0.001939143310491749,0.45,0.55,0,2652.7127157408822,2649.1990116651327,53.479104984710965,2.920499639164518,2.5099378884194654,2658.7544787304287,0.001939143310491749,0,TCS,5m,2026-02-27 04:15:00
2656.800048828125,2658.699951171875,2655.0,2656.800048828125,37717,0.00045185687895332727,0.004309422735774282,0.0019247734902880767,0.45,0.5,0,2653.1019855587147,2649.497091553878,54.77596668649613,2.878370399146206,2.5836243905648137,2658.5856899522696,0.0019247734902880767,0,TCS,5m,2026-02-27 04:20:00
2656.800048828125,2659.800048828125,2656.800048828125,2659.199951171875,18273,0.0009033055930605105,0.004912705101609127,0.0019308605653394293,0.5,0.5,0,2653.68274418854,2649.877595852623,62.37200129808532,3.004006419155303,2.6677007962829116,2658.586274860226,0.0019308605653394293,0,TCS,5m,2026-02-27 04:25:00
2658.89990234375,2658.89990234375,2654.5,2654.60009765625,17301,-0.0017297885078547681,0.002151910424194048,0.0019703969892003316,0.45,0.55,0,2653.7701111854644,2650.062792001785,57.765365195035784,2.7012656253900786,2.6744137621043453,2658.4900212191696,0.0019703969892003316,0,TCS,5m,2026-02-27 04:30:00
2654.60009765625,2654.60009765625,2650.39990234375,2652.60009765625,37311,-0.0007534091488077266,0.00033946015799313223,0.00196614823378555,0.4,0.6,0,2653.658681325539,2650.1622941843134,54.23731930702173,2.2737477314099124,2.594280555965459,2658.0474515184706,0.00196614823378555,0,TCS,5m,2026-02-27 04:35:00
2652.60009765625,2654.800048828125,2652.10009765625,2652.5,15911,-3.7735675399552804e-05,-0.0005274887506170334,0.001956865950118385,0.4,0.6,0,2653.5483307231066,2650.2539689221835,54.85728103870014,1.904901161195994,2.456404677011566,2657.896535831129,0.001956865950118385,0,TCS,5m,2026-02-27 04:40:00
2652.5,2653.39990234375,2649.199951171875,2651.199951171875,34046,-0.0004901220841188048,-0.0003394089405488465,0.001954009837672377,0.35,0.6,0,2653.324675527751,2650.291066265309,53.93256372156818,1.4905029314491003,2.263224327899073,2657.4877178027305,0.001954009837672377,0,TCS,5m,2026-02-27 04:45:00
2651.199951171875,2654.300048828125,2647.0,2653.0,52575,0.0006789562693412243,0.000414833778332957,0.001960056931502655,0.4,0.65,0,2653.2937540489174,2650.397298960787,54.27519921584288,1.2924398040454435,2.069067423128347,2656.9613358878196,0.001960056931502655,0,TCS,5m,2026-02-27 04:50:00
2653.199951171875,2653.89990234375,2650.10009765625,2652.10009765625,29297,-0.00033920178807012036,0.0018888594369463885,0.0019147526049820038,0.4,0.6,0,2653.180072487711,2650.464075380217,29.94506784356072,1.0507463998364983,1.8654032184699774,2656.733617996439,0.0019147526049820038,0,TCS,5m,2026-02-27 04:55:00
2652.199951171875,2652.199951171875,2649.300048828125,2650.699951171875,24446,-0.000527938777881154,0.0016248673620025134,0.0019182665259494238,0.4,0.6,0,2652.943870457632,2650.4733254112625,32.93036429482876,0.7377185556224504,1.6398662859004722,2656.5108483275962,0.0019182665259494238,0,TCS,5m,2026-02-27 05:00:00
2651.0,2654.39990234375,2651.0,2652.0,18308,0.0004904549183510909,0.0014727171179071963,0.0019162330509736305,0.45,0.55,0,2652.8539780330952,2650.5331950029777,43.72757661142127,0.5877693698848816,1.4294469026973542,2656.4014426824547,0.0019162330509736305,0,TCS,5m,2026-02-27 05:05:00
2651.89990234375,2653.800048828125,2650.800048828125,2652.300048828125,18529,0.00011314058375755387,0.0018509279538905243,0.0019145689893097931,0.4,0.6,0,2652.801222870717,2650.6024833882775,43.72757661142127,0.4875251067228419,1.2410625435024516,2656.2921433588244,0.0019145689893097931,0,TCS,5m,2026-02-27 05:10:00
2651.89990234375,2653.199951171875,2650.300048828125,2651.199951171875,18161,-0.0004147711933030207,0.0015866834801190333,0.0019172532313624835,0.4,0.65,0,2652.648720804161,2650.6259134974384,32.25800100412478,0.3156732344396005,1.0559846816898815,2656.1718552412167,0.0019172532313624835,0,TCS,5m,2026-02-27 05:15:00
2651.0,2651.0,2645.0,2645.199951171875,46136,-0.002263126173243868,-0.0012082583030769145,0.001983431523763391,0.35,0.65,0,2651.9393141725145,2650.4131306611416,31.495881352185236,-0.3011984402487542,0.7845480573021544,2655.618820854126,0.001983431523763391,0,TCS,5m,2026-02-27 05:20:00
2645.5,2647.39990234375,2642.5,2644.60009765625,28594,-0.000226770575645574,-0.008287341628334777,0.0011161174446795898,0.3,0.7,0,2651.2403411709656,2650.1851685825186,28.0,-0.828921560521394,0.46185413373744477,2655.2275398791094,0.0011161174446795898,0,TCS,5m,2026-02-27 05:25:00
2645.0,2647.199951171875,2644.39990234375,2647.199951171875,20483,0.0009830800195194112,-0.005559747869318232,0.0011105476143386357,0.3,0.65,0,2650.855542123433,2650.0681012330815,31.81792960585939,-1.0255377240418966,0.1643757621815765,2655.0005643991335,0.0011105476143386357,0,TCS,5m,2026-02-27 05:30:00
2646.800048828125,2650.39990234375,2646.0,2650.39990234375,20723,0.0012088059953530017,-0.001920579045848192,0.0010335516942483391,0.35,0.6,0,2650.8121478587013,2650.081113041343,33.823410614750784,-0.9126279270599298,-0.05102497566672476,2654.8489674021585,0.0010335516942483391,0,TCS,5m,2026-02-27 05:35:00
2650.89990234375,2652.0,2644.89990234375,2645.0,24601,-0.0020373915419235056,-0.004066589588659131,0.0011190256780456368,0.4,0.6,0,2650.2586099673963,2649.8818537063885,32.85696847098214,-1.244526957677408,-0.28972537206886145,2654.6315018782,0.0011190256780456368,0,TCS,5m,2026-02-27 05:40:00
2645.0,2648.10009765625,2643.5,2645.0,42235,0.0,-0.005639097744360888,0.0010393250112428485,0.35,0.6,0,2649.7577899705016,2649.6904084630005,35.38442758413461,-1.490379167332776,-0.5298561311216443,2654.2027472338145,0.0010393250112428485,0,TCS,5m,2026-02-27 05:45:00
2645.0,2648.0,2644.89990234375,2646.300048828125,17192,0.0004915118442816446,-0.003126666361329966,0.0009665323322630978,0.35,0.55,0,2649.428481290275,2649.5574531832017,38.603010474728706,-1.562306443111538,-0.7363461935196232,2654.055886157237,0.0009665323322630978,0,TCS,5m,2026-02-27 05:50:00
2646.60009765625,2646.60009765625,2643.60009765625,2646.0,13434,-0.00011338428091622887,-0.0036150389001426975,0.0009584917784059349,0.35,0.6,0,2649.10195926263,2649.4179452152334,40.07641056702232,-1.6247911788791498,-0.9140351905915285,2653.930426346603,0.0009584917784059349,0,TCS,5m,2026-02-27 05:55:00
2646.300048828125,2647.89990234375,2641.0,2641.199951171875,25946,-0.001814077410478121,-0.0058717620331010245,0.001012210389301356,0.35,0.65,0,2648.3493870635107,2649.0956709390234,29.79440315042264,-2.0381401954255125,-1.1388561915583253,2653.6427584059124,0.001012210389301356,0,TCS,5m,2026-02-27 06:00:00
2640.800048828125,2644.0,2640.5,2641.800048828125,33843,0.00022720644682117097,-0.0065432846958658475,0.0009809284413718402,0.3,0.7,0,2647.7256405649027,2648.809568111145,32.17993664202746,-2.290891433014167,-1.3692632398494937,2653.2468269478686,0.0009809284413718402,0,TCS,5m,2026-02-27 06:05:00
2641.89990234375,2643.89990234375,2641.5,2642.0,14507,7.568747375996665e-05,-0.004746514425044479,0.0009266855178412057,0.3,0.65,0,2647.1803414634837,2648.5425262244335,34.296089336235994,-2.446858361197428,-1.5847822641190807,2653.0906175501964,0.0009266855178412057,0,TCS,5m,2026-02-27 06:10:00
2642.0,2645.5,2640.800048828125,2645.0,102132,0.001135503406510141,-0.002865150183386178,0.0009667247658722746,0.35,0.65,0,2646.9726898955328,2648.403603627397,38.095198551759644,-2.3018540073676377,-1.7281966127687922,2652.2274869951934,0.0009667247658722746,0,TCS,5m,2026-02-27 06:15:00
2645.10009765625,2645.800048828125,2642.10009765625,2642.60009765625,69630,-0.0009073354796785837,-0.003732291175777558,0.0009811883675095862,0.35,0.65,0,2646.5562525394107,2648.1760151579406,34.60313277477658,-2.353459854353787,-1.8532492610857911,2651.709381763516,0.0009811883675095862,0,TCS,5m,2026-02-27 06:20:00
2642.60009765625,2646.199951171875,2640.89990234375,2645.699951171875,92456,0.0011730316359157555,-0.0020745323254736103,0.0010236590628040043,0.4,0.65,0,2646.474700028217,2648.0789146094676,41.790925124258465,-2.119789968503028,-1.9065574025692387,2651.1655617796337,0.0010236590628040043,0,TCS,5m,2026-02-27 06:25:00
2645.699951171875,2645.89990234375,2642.0,2643.5,22997,-0.0008315195269593678,-0.0035808518658122512,0.0010186133032635588,0.35,0.6,0,2646.1913952636246,2647.899349330665,47.138077583868345,-2.088052801350841,-1.9428564823255594,2651.034087212862,0.0010186133032635588,0,TCS,5m,2026-02-27 06:30:00
2643.199951171875,2643.800048828125,2640.39990234375,2640.5,21903,-0.001134859088329887,-0.004373929048342218,0.0010405076648414603,0.35,0.65,0,2645.64935761947,2647.609178768678,43.61347733495589,-2.278708265248042,-2.010026838910056,2650.87582488788,0.0010405076648414603,0,TCS,5m,2026-02-27 06:35:00
2640.5,2642.10009765625,2640.0,2640.10009765625,17367,-0.00015144947689826882,-0.003998888486393515,0.0010380200691816723,0.35,0.65,0,2645.120856670592,2647.314704999563,38.12719953620917,-2.4340150605062263,-2.0948244832292904,2650.7431497297684,0.0010380200691816723,0,TCS,5m,2026-02-27 06:40:00
2640.10009765625,2641.5,2638.699951171875,2641.199951171875,21308,0.0004165953846224646,-0.004072416601857087,0.0010355635215096935,0.3,0.7,0,2644.7474370992854,2647.0749107318106,33.45306366199162,-2.4402185078461116,-2.163903288152655,2650.5808205532394,0.0010355635215096935,0,TCS,5m,2026-02-27 06:45:00
2641.10009765625,2641.89990234375,2637.0,2638.0,28800,-0.0012115520335578278,-0.00539156526971496,0.001056398930218696,0.35,0.7,0,2644.104824042211,2646.719031879583,36.327916380560005,-2.6725367608369197,-2.265629982689508,2650.3380395822323,0.001056398930218696,0,TCS,5m,2026-02-27 06:50:00
2638.0,2643.89990234375,2637.300048828125,2642.60009765625,45651,0.0017437822806103398,-0.003243758929545759,0.0011471674203051405,0.4,0.65,0,2643.961516767358,2646.5575050472953,46.02661320312374,-2.4571368695378624,-2.3039313600591793,2650.0471025987717,0.0011471674203051405,0,TCS,5m,2026-02-27 06:55:00
2642.699951171875,2644.300048828125,2641.60009765625,2642.0,19898,-0.00022708606450982938,-0.001209719957259714,0.0010358149472168181,0.45,0.6,0,2643.7747056466574,2646.378779359166,42.711721329791196,-2.308245749280104,-2.3047942379033644,2649.9448927061717,0.0010358149472168181,0,TCS,5m,2026-02-27 07:00:00
2642.0,2643.5,2639.199951171875,2639.89990234375,13939,-0.0007948893475586694,-0.0017772801705125962,0.0010483430264002763,0.45,0.6,0,2643.405676760666,2646.1247057507185,40.255374247293375,-2.3328175250840104,-2.310398895339494,2649.858055061647,0.0010483430264002763,0,TCS,5m,2026-02-27 07:05:00
2640.0,2640.0,2638.300048828125,2639.199951171875,14790,-0.0002651430727557136,-0.003022061101375595,0.0010179096781903706,0.45,0.65,0,2643.0051314664956,2645.853146747627,46.32348981240463,-2.3813206620020537,-2.3245832486720057,2649.750633923316,0.0010179096781903706,0,TCS,5m,2026-02-27 07:10:00
2639.199951171875,2644.199951171875,2639.199951171875,2640.89990234375,28973,0.0006441160970467319,-0.003584364756276659,0.000985528171695613,0.45,0.65,0,2642.8046334548053,2645.658901869044,48.40961049044559,-2.2565754973070398,-2.310981698399013,2649.5900870863593,0.000985528171695613,0,TCS,5m,2026-02-27 07:15:00
2640.699951171875,2642.89990234375,2638.89990234375,2639.10009765625,53946,-0.0006815118914210716,-0.002230586897448039,0.0008932848376363193,0.4,0.65,0,2642.4518205216095,2645.401693860699,45.15056994480191,-2.27669888468472,-2.3041251356561543,2649.267781141728,0.0008932848376363193,0,TCS,5m,2026-02-27 07:20:00
2639.39990234375,2642.39990234375,2639.0,2641.699951171875,29182,0.0009851288012658888,-0.0012476555115784604,0.0009262937170016785,0.4,0.6,0,2642.380213916873,2645.2565274807453,44.40655802828791,-2.0591240628973537,-2.255124921104394,2649.1160883811253,0.0009262937170016785,0,TCS,5m,2026-02-27 07:25:00
2641.699951171875,2644.0,2641.39990234375,2643.300048828125,15241,0.0006057075693022274,-0.0011336582944661,0.0009302288837182046,0.45,0.6,0,2642.467817241754,2645.1798028277017,51.219449950235216,-1.7375505397690176,-2.151610044837319,2649.0568523307356,0.0009302288837182046,0,TCS,5m,2026-02-27 07:30:00
2643.300048828125,2646.0,2643.300048828125,2644.60009765625,29728,0.0004918279438996809,-0.0005290636219765776,0.0009380849535601611,0.5,0.55,0,2642.670891566944,2645.1570692915666,47.95563663426544,-1.3620967272131566,-1.9937073813124866,2648.9761316559566,0.0009380849535601611,0,TCS,5m,2026-02-27 07:35:00
2644.60009765625,2644.699951171875,2641.800048828125,2642.0,14163,-0.0009831723361707345,0.00030291111726321596,0.0008707096805392672,0.45,0.55,0,2642.606997131997,2645.0332626526815,47.252727597925244,-1.2598304850857858,-1.8469320020671465,2648.9231874870306,0.0008707096805392672,0,TCS,5m,2026-02-27 07:40:00
2642.0,2643.0,2641.800048828125,2642.199951171875,14208,7.568174560002028e-05,0.00015137494752015535,0.0008694289379678337,0.45,0.5,0,2642.568230850081,2644.9221523985325,53.46932267740232,-1.1493997975135244,-1.707425561156422,2648.8666981495603,0.0008694289379678337,0,TCS,5m,2026-02-27 07:45:00
2642.199951171875,2643.199951171875,2640.39990234375,2642.89990234375,22135,0.00026491226432900916,0.0003406140589514717,0.000871232836498461,0.5,0.55,0,2642.5998186113825,2644.8428484748156,55.64481197086041,-0.993944894138167,-1.564729427752771,2648.7783987302823,0.000871232836498461,0,TCS,5m,2026-02-27 07:50:00
2642.89990234375,2643.5,2641.699951171875,2643.10009765625,11512,7.574835215007347e-05,-0.0007182995628544075,0.0008309461068062735,0.5,0.5,0,2642.647464234703,2644.77450530546,53.97517748608203,-0.8448527381415261,-1.4207540898305222,2648.737474652197,0.0008309461068062735,0,TCS,5m,2026-02-27 07:55:00
2643.0,2643.60009765625,2642.60009765625,2643.0,10532,-3.787130738586164e-05,0.00015132911866033716,0.0008052864817063865,0.5,0.5,0,2642.681039069493,2644.704916862109,62.01906148031644,-0.726399691199731,-1.281883210104364,2648.7023765089825,0.0008052864817063865,0,TCS,5m,2026-02-27 08:00:00
2643.0,2645.89990234375,2642.0,2644.300048828125,30630,0.0004918837790861552,-0.000529123623081218,0.0007669047468226988,0.5,0.5,0,2642.835230475077,2644.689039684306,54.85693558962626,-0.5216089394580194,-1.129828355975095,2648.620407405505,0.0007669047468226988,0,TCS,5m,2026-02-27 08:05:00
2644.300048828125,2645.300048828125,2642.10009765625,2643.0,19273,-0.0004916419483866896,-0.000189143181388296,0.0007517356944978124,0.5,0.5,0,2642.850922810784,2644.622802833941,52.74722326554703,-0.45892368219483615,-0.9956474212190433,2648.5636989313025,0.0007517356944978124,0,TCS,5m,2026-02-27 08:10:00
2643.0,2644.800048828125,2642.199951171875,2644.5,22107,0.0005675368898978572,0.0015148646089755413,0.0007129478698202335,0.5,0.45,0,2643.0079777811857,2644.6179870365313,63.06838673879872,-0.2849232819776262,-0.8535025933707598,2648.5047389177066,0.0007129478698202335,0,TCS,5m,2026-02-27 08:15:00
2644.5,2644.800048828125,2642.0,2644.5,15978,0.0,0.0016665664864965457,0.0007112078559436116,0.5,0.45,0,2643.1500751353583,2644.613360093922,65.68048192074889,-0.14535119312404277,-0.7118723133214164,2648.462436926691,0.0007112078559436116,0,TCS,5m,2026-02-27 08:20:00
2644.699951171875,2645.89990234375,2644.300048828125,2645.89990234375,12677,0.0005293637147854025,0.0017794757151157192,0.000714427306750516,0.55,0.4,0,2643.4119634409194,2644.6638127311703,65.06015236638527,0.07732970383358406,-0.5540319098904164,2648.4406615969438,0.000714427306750516,0,TCS,5m,2026-02-27 08:25:00
2645.89990234375,2649.0,2642.89990234375,2643.0,34485,-0.0010959985074194822,0.0018953752843062777,0.0007037421325359802,0.55,0.4,0,2643.3727288274986,2644.5985651730853,61.016551724137926,0.019582302759772574,-0.43930906736037867,2648.3754379738707,0.0007037421325359802,0,TCS,5m,2026-02-27 08:30:00
2643.0,2643.199951171875,2641.199951171875,2641.89990234375,27164,-0.00041623066827467525,-0.00026496453743452,0.0005946713720131722,0.5,0.45,0,2643.23245963857,2644.4927352582094,50.61711650617116,-0.11364162567770109,-0.3741755790238432,2648.2839828567203,0.0005946713720131722,0,TCS,5m,2026-02-27 08:35:00
2641.800048828125,2643.699951171875,2640.0,2640.300048828125,25085,-0.0006055693155542219,-0.0006434334488549798,0.0006077191114606217,0.5,0.5,0,2642.953182418528,2644.3283161825198,40.740852372053766,-0.34434792839874717,-0.36821004889882397,2648.1916833263817,0.0006077191114606217,0,TCS,5m,2026-02-27 08:40:00
2640.39990234375,2641.0,2639.0,2639.39990234375,16708,-0.0003409258295375972,-0.00018940112068499548,0.0005858086728145737,0.5,0.5,0,2642.6147747923587,2644.1350450515874,33.543990852622144,-0.59298309391761,-0.4131646579025812,2648.118111607164,0.0005858086728145737,0,TCS,5m,2026-02-27 08:45:00
2639.699951171875,2640.800048828125,2639.0,2639.10009765625,16086,-0.00011358820133078318,-3.78347671537993e-05,0.0005832999823677564,0.5,0.45,0,2642.2800436365387,2643.937596134123,39.259620949074076,-0.8049411263732509,-0.4915199515967152,2648.047093135768,0.0005832999823677564,0,TCS,5m,2026-02-27 08:50:00
2639.0,2639.300048828125,2633.5,2634.800048828125,34379,-0.001629361778260674,-0.0023097632402543367,0.0006664189773360464,0.45,0.5,0,2641.5676631785946,2643.5792609456525,28.977666805382157,-1.3048558318073447,-0.6541871276388411,2647.833031153365,0.0006664189773360464,0,TCS,5m,2026-02-27 08:55:00
2634.800048828125,2638.0,2634.800048828125,2637.699951171875,17805,0.0011006157165662778,-0.0005305393628753929,0.000704780585805318,0.45,0.45,0,2641.199309654145,2643.3486997780537,36.86884255434582,-1.4503255042918681,-0.8134148029694466,2647.7338172071118,0.000704780585805318,0,TCS,5m,2026-02-27 09:00:00
2637.800048828125,2641.60009765625,2637.39990234375,2641.199951171875,26970,0.0013269136235321,-0.00018927206315699774,0.0007341287085502908,0.5,0.45,0,2641.199370751072,2643.2644351268314,45.887102740522316,-1.268567264736248,-0.9044452953228068,2647.6304762546692,0.0007341287085502908,0,TCS,5m,2026-02-27 09:05:00
2641.300048828125,2641.5,2639.0,2640.199951171875,18994,-0.00037861578770526094,-0.0011728133768333926,0.0007236548235759425,0.45,0.45,0,2641.1041879340055,2643.1442592854605,44.16650560003255,-1.1914795583638806,-0.9618521479310216,2647.560920194479,0.0007236548235759425,0,TCS,5m,2026-02-27 09:10:00
2640.39990234375,2641.39990234375,2638.800048828125,2639.60009765625,19536,-0.00022720003284548707,-0.001890645018288839,0.0007126565208784117,0.4,0.5,0,2640.960941240886,2643.0052725549035,39.91407764447006,-1.1653566550921823,-1.0025530493632537,2647.4878575471944,0.0007126565208784117,0,TCS,5m,2026-02-27 09:15:00
2639.60009765625,2641.300048828125,2638.10009765625,2641.0,27730,0.0005303463751926696,-0.00037850113550341735,0.0006934084061316911,0.4,0.5,0,2640.9646611227063,2642.9266344154958,45.726388714995196,-1.0199364538243572,-1.0060297302554746,2647.3892046058395,0.0006934084061316911,0,TCS,5m,2026-02-27 09:20:00
2640.5,2644.699951171875,2639.800048828125,2643.89990234375,79005,0.001098031936292987,0.0006433847563735995,0.0007370428659177176,0.45,0.5,0,2641.2442079056627,2642.9648017852314,48.79009234283014,-0.663048799155149,-0.9374335440354096,2647.220271341062,0.0007370428659177176,0,TCS,5m,2026-02-27 09:25:00
2643.0,2643.199951171875,2629.39990234375,2635.5,638277,-0.003177087883056262,-0.002799917748374736,0.0010253603737736849,0.4,0.5,0,2640.697140486076,2642.6720644603206,36.445464172255555,-1.04595753247213,-0.9591383417227537,2644.6559573569434,0.0010253603737736849,0,TCS,5m,2026-02-27 09:30:00
2635.39990234375,2640.0,2626.10009765625,2634.199951171875,545565,-0.0004932835621798137,-0.0033673134408594985,0.001026961470335187,0.35,0.55,0,2640.0783605513902,2642.3398247235186,32.326018808777434,-1.4377451071727592,-1.0548596948127549,2642.8173698125215,0.001026961470335187,0,TCS,5m,2026-02-27 09:35:00
2634.0,2644.89990234375,2634.0,2639.60009765625,379398,0.002050013888267088,-0.0012863800014188964,0.0011407199113519018,0.35,0.55,0,2640.032811704234,2642.2323844463713,45.224803862401934,-1.2975357084587813,-1.10339489754196,2642.4780767693496,0.0011407199113519018,0,TCS,5m,2026-02-27 09:40:00
2640.0,2643.60009765625,2639.5,2640.39990234375,324905,0.0003030022192416215,-0.0014749258451601799,0.001136652395871033,0.3,0.5,0,2640.0677727175216,2642.1605224031314,47.8753129625275,-1.1090962248968026,-1.1045351630129285,2642.3724639300917,0.001136652395871033,-1,TCS,5m,2026-02-27 09:45:00
2641.10009765625,2642.10009765625,2638.0,2640.0,308623,-0.00015145521835346898,-0.0011350737797957144,0.001132598959574332,0.3,0.55,0,2640.061318172996,2642.0757960343813,49.56003751673576,-0.9807202213241908,-1.079772174675181,2642.206243161888,0.001132598959574332,-1,TCS,5m,2026-02-27 09:50:00
2640.0,2649.199951171875,2633.5,2637.39990234375,308549,-0.000984885475852293,-0.0026848544739080937,0.0011407710851193474,0.35,0.6,0,2639.8078499987823,2641.892427654356,47.2066505721729,-1.076379630176234,-1.0790936657753916,2642.0621058187444,0.0011407710851193474,0,TCS,5m,2026-02-27 09:55:00
2595.89990234375,2609.0,2595.39990234375,2601.10009765625,79998,0.001964598480835855,-0.016931783642992748,0.0037043501010681603,0.35,0.6,-1,2632.3465713177393,2638.5636019834865,28.31390982759217,-6.620735697226792,-2.7254256996638304,2601.8333333333335,0.0037043501010681603,0,TCS,5m,2026-03-02 03:50:00
2601.39990234375,2609.39990234375,2598.0,2603.0,104849,0.0007304226182844875,-0.015134317063942526,0.0037203641250117317,0.35,0.55,0,2629.551659763669,2637.1689509253106,27.379273684512086,-8.101013803497153,-3.800543320430495,2602.7597749505267,0.0037203641250117317,0,TCS,5m,2026-03-02 03:55:00
2602.800048828125,2619.300048828125,2602.10009765625,2618.39990234375,76542,0.005916212963407608,-0.008895113694183499,0.00400902720324733,0.4,0.5,0,2628.4895876284386,2636.432909804465,37.133063105017044,-7.9399743686972215,-4.6284295300838405,2605.8364910768273,0.00400902720324733,0,TCS,5m,2026-03-02 04:00:00
2618.800048828125,2620.800048828125,2608.300048828125,2613.5,65297,-0.0018713346037647627,-0.010150380007007187,0.004021766642683896,0.4,0.45,0,2627.0620078543016,2635.5335800082116,35.5674796833801,-8.11419523359882,-5.325582670786837,2607.5081702051334,0.004021766642683896,0,TCS,5m,2026-03-02 04:05:00
2613.10009765625,2615.199951171875,2607.800048828125,2614.199951171875,45803,0.00026782137818059937,-0.009547606313654033,0.00402535370505331,0.4,0.45,0,2625.8370500750225,2634.696967112669,36.284924081236625,-8.102387040154099,-5.88094354466029,2608.1096906113808,0.00402535370505331,0,TCS,5m,2026-03-02 04:10:00
2614.0,2623.60009765625,2614.0,2618.5,82366,0.0016448813818534802,-0.007805728048945415,0.004052701524485325,0.45,0.45,0,2625.1382834012106,2634.0617919317797,38.21983505723912,-7.657776873358216,-6.236310210399875,2610.0274096741327,0.004052701524485325,0,TCS,5m,2026-03-02 04:15:00
2618.0,2619.10009765625,2614.199951171875,2614.39990234375,29415,-0.0015658192309527807,-0.007742578604189809,0.004051698519198509,0.45,0.4,0,2624.115580443357,2633.2907374381316,34.74659287723249,-7.549240779377669,-6.498896324195434,2610.3841151600714,0.004051698519198509,0,TCS,5m,2026-03-02 04:20:00
2616.0,2620.800048828125,2614.89990234375,2620.800048828125,21247,0.002448036537423981,-0.0064070601875098054,0.004088659813422363,0.5,0.4,0,2623.799815527621,2632.800906512249,42.238670141869754,-6.867621148252965,-6.572641289006941,2610.739237813765,0.004088659813422363,0,TCS,5m,2026-03-02 04:25:00
2621.10009765625,2622.89990234375,2615.699951171875,2616.89990234375,18915,-0.0014881511033697503,-0.009200382128336515,0.0040776619115676215,0.5,0.4,0,2623.1426809386808,2632.177337721328,41.10994853728977,-6.566447981330384,-6.57140262747163,2611.0191468914836,0.0040776619115676215,0,TCS,5m,2026-03-02 04:30:00
2616.5,2618.699951171875,2616.10009765625,2617.800048828125,11996,0.00034397436583977203,-0.0084841689106947,0.0040815651242971035,0.5,0.4,0,2622.6338588329136,2631.6135224706145,38.25429021675361,-6.183848225228758,-6.493891747023056,2611.1648226784505,0.0040815651242971035,0,TCS,5m,2026-03-02 04:35:00
2618.300048828125,2620.0,2615.10009765625,2617.800048828125,23335,0.0,-0.008258845287769767,0.004082440070867082,0.55,0.4,0,2622.173495975315,2631.0718176218897,37.71750350951217,-5.813619376713632,-6.357837272961172,2611.4344793644696,0.004082440070867082,0,TCS,5m,2026-03-02 04:40:00
2618.5,2620.89990234375,2616.10009765625,2619.300048828125,20663,0.000573000218512254,-0.008216566138536496,0.004082966403982708,0.6,0.35,0,2621.899834342249,2630.6101796299777,38.88298862691725,-5.337643847230993,-6.153798587815136,2611.6955037199205,0.004082966403982708,0,TCS,5m,2026-03-02 04:45:00
2619.39990234375,2620.89990234375,2616.800048828125,2619.60009765625,19697,0.00011455305712648745,-0.009190894354948465,0.004069819621897758,0.55,0.35,0,2621.6808118007257,2630.1784117094394,40.19837706161036,-4.87996517719057,-5.899031905690224,2611.938531705547,0.004069819621897758,0,TCS,5m,2026-03-02 04:50:00
2619.60009765625,2619.800048828125,2613.699951171875,2615.5,26658,-0.0015651616672018864,-0.007588692847656953,0.00402880151039099,0.55,0.35,0,2621.0921630577996,2629.602787720834,68.2241327382745,-4.792846201136854,-5.67779476477955,2612.1254496590163,0.00402880151039099,0,TCS,5m,2026-03-02 04:55:00
2615.0,2615.89990234375,2613.300048828125,2615.5,11558,0.0,-0.0070989110616132,0.004029536509996859,0.55,0.35,0,2620.559576099914,2629.049737221978,64.8758121141197,-4.669971263190291,-5.476230064461698,2612.1756863901614,0.004029536509996859,0,TCS,5m,2026-03-02 05:00:00
2615.60009765625,2615.60009765625,2610.89990234375,2613.5,19782,-0.0007646721468170803,-0.009887898428032615,0.003990324004621025,0.5,0.4,0,2619.8872355189696,2628.43994360543,60.82463328937168,-4.68002683872237,-5.316989419313833,2612.2104832919927,0.003990324004621025,0,TCS,5m,2026-03-02 05:05:00
2613.699951171875,2614.39990234375,2610.0,2610.39990234375,27489,-0.0011861862086283148,-0.01136191528160957,0.003988659017157884,0.5,0.45,0,2618.9836799784725,2627.732491006933,38.95048489998517,-4.881872736988498,-5.229966082848766,2612.1860038286504,0.003988659017157884,0,TCS,5m,2026-03-02 05:10:00
2610.10009765625,2613.39990234375,2610.10009765625,2611.60009765625,18152,0.0004597745009959908,-0.010757538766571928,0.003994320507329676,0.5,0.4,0,2618.28048166207,2627.0998481304355,47.0771611429945,-4.888638156719026,-5.161700497622818,2612.1734692635387,0.003994320507329676,0,TCS,5m,2026-03-02 05:15:00
2610.800048828125,2618.0,2610.800048828125,2618.0,14115,0.002450567508208268,-0.007355692372063127,0.004047382183353163,0.5,0.35,0,2618.2537691228254,2626.7429913410065,54.973765106633174,-4.327694202798739,-4.994899238658003,2612.240842519795,0.004047382183353163,0,TCS,5m,2026-03-02 05:20:00
2618.39990234375,2618.699951171875,2615.0,2617.60009765625,17378,-0.00015275108622991862,0.00832053068422578,0.0018355209455220161,0.55,0.3,0,2618.1915146974375,2626.384446490624,48.68821888167634,-3.870790788228078,-4.770077548572019,2612.3556907310085,0.0018355209455220161,0,TCS,5m,2026-03-02 05:25:00
2619.0,2619.0,2613.39990234375,2614.10009765625,16990,-0.0013371026396025165,0.004997885322334916,0.0018373848526990432,0.55,0.35,0,2617.80185593161,2625.902707320649,49.555194946319126,-3.747908730792915,-4.5656437850161975,2612.426707240896,0.0018373848526990432,0,TCS,5m,2026-03-02 05:30:00
2614.199951171875,2616.0,2612.5,2612.60009765625,17883,-0.0005738112329152223,0.0036880897642144195,0.001842607460387686,0.5,0.4,0,2617.306450381576,2625.3810363534176,35.76423915162715,-3.7285805236192573,-4.39823113273681,2612.4562748926887,0.001842607460387686,0,TCS,5m,2026-03-02 05:35:00
2612.699951171875,2613.60009765625,2609.199951171875,2609.39990234375,28161,-0.0012249082113143794,-0.003437213693731067,0.0012795965431665354,0.45,0.45,0,2616.553445806545,2624.7543252157834,36.65508253692441,-3.9262326309776654,-4.303831432384981,2612.3954946293975,0.0012795965431665354,0,TCS,5m,2026-03-02 05:40:00
2609.39990234375,2610.0,2606.39990234375,2608.800048828125,35442,-0.0002298817881790649,-0.001798336013726809,0.0012158771226493709,0.4,0.5,0,2615.8150270466954,2624.1286673182285,33.813120224817766,-4.084196441339827,-4.259904434175951,2612.2256450046257,0.0012158771226493709,0,TCS,5m,2026-03-02 05:45:00
2608.39990234375,2609.60009765625,2606.89990234375,2607.10009765625,13699,-0.0006516218721471789,-0.002715880058234421,0.0012190419627074775,0.4,0.45,0,2614.985033771415,2623.4608802726607,31.86463962659208,-4.297022352726344,-4.26732801788603,2612.155181133485,0.0012190419627074775,0,TCS,5m,2026-03-02 05:50:00
2607.0,2607.10009765625,2602.39990234375,2603.10009765625,59691,-0.0015342717387782923,-0.0058811924169371865,0.0011813942988117556,0.35,0.5,0,2613.85313509378,2622.6624182092723,24.68776941093894,-4.733885703782107,-4.360639555065245,2611.6317109746283,0.0011813942988117556,0,TCS,5m,2026-03-02 05:55:00
2602.5,2604.0,2600.0,2602.10009765625,63914,-0.0003841573364391504,-0.004704637831600911,0.001143389905482826,0.35,0.55,0,2612.7337981949677,2621.8560526973893,23.24175003733015,-5.101982224366566,-4.5089080889255095,2610.999943192796,0.001143389905482826,0,TCS,5m,2026-03-02 06:00:00
2602.0,2608.0,2599.10009765625,2607.60009765625,38622,0.0021136773350702853,-0.0050366113117928935,0.0011038541750766425,0.35,0.6,0,2612.2448743341374,2621.2969956369525,38.41659865114481,-4.893488247908408,-4.585824120722089,2610.766607028594,0.0011038541750766425,0,TCS,5m,2026-03-02 06:05:00
2607.39990234375,2611.199951171875,2605.800048828125,2610.199951171875,25187,0.0009970292292755811,-0.002560262685582404,0.0010972182991169962,0.35,0.6,0,2612.0501197472554,2620.861817422636,42.7792154227896,-4.466976296469511,-4.5620545558715735,2610.725231895878,0.0010972182991169962,0,TCS,5m,2026-03-02 06:10:00
2610.199951171875,2612.60009765625,2608.699951171875,2609.800048828125,14727,-0.0001532075516170739,-0.003056001165398836,0.0010915895771479937,0.4,0.6,0,2611.835827278767,2620.4280225757925,44.72939228901919,-4.113809840040631,-4.472405612705385,2610.720201163573,0.0010915895771479937,-1,TCS,5m,2026-03-02 06:15:00
2609.800048828125,2610.0,2607.199951171875,2608.89990234375,17623,-0.00034491013393123104,-0.0033998572535588467,0.0010917787394980095,0.35,0.6,0,2611.556215380194,2619.975939429438,47.720357975036734,-3.8620380072325133,-4.350332091610811,2610.6868399700097,0.0010917787394980095,0,TCS,5m,2026-03-02 06:20:00
2608.89990234375,2609.0,2605.300048828125,2605.800048828125,13294,-0.0011881841510439362,-0.005154048695581781,0.0010997187674231274,0.3,0.65,0,2611.0080090419015,2619.4200221509554,41.66649127607181,-3.868050806053816,-4.2538758344994125,2610.63778748834,0.0010997187674231274,0,TCS,5m,2026-03-02 06:25:00
2605.10009765625,2606.89990234375,2602.5,2603.199951171875,66194,-0.000997811653821734,-0.006260553471137853,0.0011079956951575783,0.3,0.7,-1,2610.2643844828513,2618.7839409360895,26.128765505020667,-4.036096534904573,-4.210319974580445,2610.2661533847854,0.0011079956951575783,0,TCS,5m,2026-03-02 06:30:00
2603.199951171875,2606.5,2601.0,2606.39990234375,51897,0.0012292375660327703,-0.003479295605524735,0.0011179800970354844,0.3,0.7,0,2609.8963385648417,2618.298292363841,33.43156799861316,-3.8664941317192643,-4.141554806008209,2610.0222577787677,0.0011179800970354844,0,TCS,5m,2026-03-02 06:35:00
2606.300048828125,2609.0,2605.0,2605.300048828125,25354,-0.00042198187416908617,-0.003899809280013433,0.00111851201265059,0.35,0.65,0,2609.4585966851546,2617.788557323225,35.98703086002193,-3.777289747202758,-4.068701794247119,2609.9479128777584,0.00111851201265059,0,TCS,5m,2026-03-02 06:40:00
2605.39990234375,2607.300048828125,2602.0,2602.10009765625,28121,-0.0012282466940091163,-0.004361929345226723,0.0011356163264967388,0.35,0.65,0,2608.75778725383,2617.1733236107953,34.138785625774474,-3.9196209952988283,-4.03888563445746,2609.8098325034775,0.0011356163264967388,0,TCS,5m,2026-03-02 06:45:00
2602.0,2602.0,2598.39990234375,2600.89990234375,64638,-0.0004612410235798059,-0.0036392891340022437,0.0011144571017999284,0.35,0.65,0,2608.0094172623935,2616.5351502277736,36.33423349871256,-4.082208112094122,-4.047550129984793,2609.349525642372,0.0011144571017999284,0,TCS,5m,2026-03-02 06:50:00
2600.89990234375,2603.199951171875,2600.89990234375,2602.199951171875,13407,0.0004998457752847241,-0.003599382038931287,0.0011157063383749437,0.4,0.65,0,2607.4561347775825,2615.972985558915,39.6224242238123,-4.059362691817114,-4.0499126423512575,2609.2764519364755,0.0011157063383749437,0,TCS,5m,2026-03-02 06:55:00
2602.10009765625,2602.39990234375,2600.10009765625,2601.0,11998,-0.0004611295036472951,-0.00649350649350644,0.0009287310703660075,0.35,0.7,0,2606.841264798765,2615.3858096546437,40.255374247293375,-4.090925915375465,-4.0581152969561,2609.2039525540413,0.0009287310703660075,0,TCS,5m,2026-03-02 07:00:00
2600.89990234375,2602.5,2599.300048828125,2599.5,58544,-0.0005767012687427631,-0.0069147681009243955,0.000929424089585568,0.35,0.75,0,2606.1420967226923,2614.762836727011,43.749788070936894,-4.18869281798834,-4.084230801162548,2608.837358845309,0.000929424089585568,0,TCS,5m,2026-03-02 07:05:00
2600.60009765625,2602.5,2598.0,2599.0,28642,-0.00019234468166950958,-0.0057764037688489145,0.0008999891591513955,0.3,0.75,0,2605.461897034817,2614.1446862671282,44.52275785913937,-4.257442467408964,-4.118873134411831,2608.656923411099,0.0008999891591513955,0,TCS,5m,2026-03-02 07:10:00
2598.60009765625,2600.0,2595.0,2595.800048828125,62993,-0.0012312239984128004,-0.006430394319894672,0.0009226502021442162,0.3,0.75,0,2604.541721015132,2613.4252887205007,27.307385323254607,-4.51805505012544,-4.198709517554553,2608.1620397002494,0.0009226502021442162,0,TCS,5m,2026-03-02 07:15:00
2595.800048828125,2601.0,2595.5,2598.800048828125,36326,0.0011557130532278137,-0.004062180544309957,0.0009531083050394549,0.35,0.7,0,2603.9948950925605,2612.851749901192,28.409195997558584,-4.431434651397467,-4.245254544323136,2607.9308451864117,0.0009531083050394549,0,TCS,5m,2026-03-02 07:20:00
2599.0,2600.39990234375,2596.10009765625,2598.199951171875,41499,-0.00023091336192659906,-0.004063208163849752,0.0009531098602361824,0.35,0.65,0,2603.442995671543,2612.277169558866,28.19538520843659,-4.360940024957017,-4.268391640449912,2607.6745319175006,0.0009531098602361824,0,TCS,5m,2026-03-02 07:25:00
2597.800048828125,2602.60009765625,2596.60009765625,2601.300048828125,73292,0.0011931713164923252,-0.0022247127501314745,0.0009957348574252554,0.4,0.65,0,2603.2389054959795,2611.8466942360915,36.805832238375785,-4.008710632518159,-4.216455438863562,2607.3396999598094,0.0009957348574252554,0,TCS,5m,2026-03-02 07:30:00
2601.0,2603.0,2600.0,2601.39990234375,8458,3.838600459404873e-05,-0.0006531425026762294,0.0009378264869133165,0.45,0.6,0,2603.063762338624,2611.4370161226666,41.47260047124729,-3.6790985986481246,-4.108984070820474,2607.3096280036107,0.0009378264869133165,0,TCS,5m,2026-03-02 07:35:00
2601.0,2603.0,2600.300048828125,2600.800048828125,18704,-0.0002305887361203629,-0.0004996152259076903,0.0009354191877217943,0.45,0.55,0,2602.8481705757195,2611.0198801503316,44.95814697796562,-3.4267800651118705,-3.972543269678754,2607.243089314378,0.0009354191877217943,0,TCS,5m,2026-03-02 07:40:00
2600.800048828125,2602.39990234375,2600.0,2600.39990234375,20098,-0.00015385515105448277,-0.0027612344849088366,0.0007884927113741631,0.4,0.55,0,2602.615002172675,2610.6034104324262,35.71428571428572,-3.2219634969624167,-3.822427315135487,2607.1680799634523,0.0007884927113741631,0,TCS,5m,2026-03-02 07:45:00
2600.5,2602.300048828125,2600.10009765625,2602.0,15283,0.0006153275328182328,-0.0031415030745799433,0.0007638083388241923,0.35,0.55,0,2602.556430537182,2610.2660217880175,42.325554987793105,-2.897134025156447,-3.637368657139679,2607.117003045458,0.0007638083388241923,0,TCS,5m,2026-03-02 07:50:00
2601.199951171875,2601.60009765625,2598.39990234375,2598.89990234375,14581,-0.0011914287687355696,-0.004176621304482486,0.0007980477940541012,0.3,0.6,0,2602.208189756855,2609.8202916137325,42.52304462900429,-2.856923465406453,-3.481279618793034,2607.053580328499,0.0007980477940541012,0,TCS,5m,2026-03-02 07:55:00
2598.89990234375,2601.0,2598.0,2599.39990234375,20464,0.00019238909492025336,-0.003641381561425794,0.000802262336587531,0.3,0.6,0,2601.94073381275,2609.4116488972627,46.37684578006322,-2.752975893346502,-3.3356188737037273,2606.964401143131,0.000802262336587531,0,TCS,5m,2026-03-02 08:00:00
2599.300048828125,2600.60009765625,2598.0,2599.300048828125,22743,-3.841406454430096e-05,-0.0024944354433192872,0.0007667829519890705,0.3,0.55,0,2601.6892400046904,2609.015115561218,42.56435296474359,-2.6481280658467767,-3.1981207121323374,2606.865570280309,0.0007667829519890705,0,TCS,5m,2026-03-02 08:05:00
2599.39990234375,2599.699951171875,2597.0,2598.800048828125,25439,-0.00019235947778539764,-0.0016901899301930978,0.0007391604640058663,0.3,0.55,0,2601.414078940256,2608.61452470894,44.14908122849165,-2.57569027432055,-3.07363462456998,2606.746625420416,0.0007391604640058663,0,TCS,5m,2026-03-02 08:10:00
2598.699951171875,2599.300048828125,2595.0,2595.10009765625,34488,-0.0014237152156216792,-0.004335407117433854,0.0007290027382034471,0.3,0.55,0,2600.8127473893983,2608.084547177462,39.524042038690474,-2.784737223168122,-3.015855144289609,2606.5522167679296,0.0007290027382034471,0,TCS,5m,2026-03-02 08:15:00
2595.5,2597.60009765625,2593.5,2594.0,25000,-0.0004239133809302853,-0.004337331062196803,0.0007290314547708643,0.25,0.6,0,2600.163914304694,2607.532211994032,38.4259782534982,-3.0045426260612658,-3.0135926406439406,2606.3964430323445,0.0007290314547708643,0,TCS,5m,2026-03-02 08:20:00
2594.0,2594.0,2590.0,2593.0,153294,-0.00038550501156520145,-0.0034972127568984046,0.0006908659127765035,0.25,0.6,0,2599.481636751866,2606.962321327599,42.78343379937833,-3.2222871140706957,-3.055331535329292,2605.3195950978607,0.0006908659127765035,0,TCS,5m,2026-03-02 08:25:00
2592.89990234375,2606.699951171875,2590.89990234375,2600.800048828125,57147,0.003008117558089163,-3.839191025190036e-05,0.0009871964394961835,0.3,0.55,0,2599.6071998067478,2606.7206635825214,54.13219805496147,-2.733937309394605,-2.9910526901423546,2605.15715497313,0.0009871964394961835,0,TCS,5m,2026-03-02 08:30:00
2600.699951171875,2610.0,2600.699951171875,2606.800048828125,44900,0.002306982423621262,0.0017677725549791745,0.0011104972988106169,0.3,0.55,0,2600.2922330468787,2606.723776729408,64.52714405898945,-1.8415386041997408,-2.761149872953832,2605.1715848798854,0.0011104972988106169,0,TCS,5m,2026-03-02 08:35:00
2606.800048828125,2614.0,2606.800048828125,2613.5,19123,0.002570182233534446,0.004805843906189988,0.0012317225635278474,0.35,0.5,0,2601.5501156138425,2606.989510975314,68.37344746188974,-0.5869105952024256,-2.3263020174035507,2605.2279848991598,0.0012317225635278474,0,TCS,5m,2026-03-02 08:40:00
2613.39990234375,2613.800048828125,2607.199951171875,2610.60009765625,21481,-0.0011095857446909996,0.004270089500384655,0.0012558567495176691,0.3,0.45,0,2602.4120186655005,2607.13110260986,62.77804904513889,0.17141726585168726,-1.8267581607525032,2605.281125392272,0.0012558567495176691,0,TCS,5m,2026-03-02 08:45:00
2610.39990234375,2611.199951171875,2607.10009765625,2608.699951171875,20535,-0.000727858122000713,0.003732185906839103,0.0012705945084561603,0.3,0.45,0,2603.0108693803936,2607.1926260828805,60.58959825110288,0.612016670876983,-1.339003194426606,2605.3163967407813,0.0012705945084561603,0,TCS,5m,2026-03-02 08:50:00
2608.699951171875,2609.60009765625,2601.699951171875,2602.39990234375,36455,-0.0024150147376262865,0.002542512285799603,0.0013642610986955967,0.3,0.45,0,2602.9526820435703,2607.0046761323265,52.31480434930035,0.44767308828750174,-0.9816679378837846,2605.303982052827,0.0013642610986955967,0,TCS,5m,2026-03-02 08:55:00
2602.5,2610.0,2601.300048828125,2610.0,24111,0.0029204188216442883,0.004309662521718494,0.00148588387097253,0.3,0.5,0,2603.623855182278,2607.122139813412,58.130049026418696,0.9200877800526541,-0.6013167942964969,2605.323438511256,0.00148588387097253,0,TCS,5m,2026-03-02 09:00:00
2611.0,2615.0,2608.300048828125,2611.199951171875,67663,0.0004597514068487296,0.005003464030601812,0.0014829712894891735,0.35,0.5,0,2604.345388133668,2607.2820539843324,63.00215235804502,1.375450520587492,-0.20596333131969913,2605.5056709911164,0.0014829712894891735,0,TCS,5m,2026-03-02 09:05:00
2611.300048828125,2616.199951171875,2611.10009765625,2614.199951171875,38403,0.0011488970803072984,0.004959021297662902,0.0014815225840055658,0.35,0.5,0,2605.2839179468306,2607.5533440701183,64.85947220574465,1.9558577900029377,0.22640089294482824,2605.6428235306016,0.0014815225840055658,0,TCS,5m,2026-03-02 09:10:00
2614.199951171875,2614.800048828125,2607.10009765625,2610.0,27959,-0.0016065914047593832,0.003305949865109792,0.0015383671971442197,0.3,0.55,0,2605.733068618561,2607.6492913614866,59.925716226927875,2.053265012556949,0.5917737168672524,2605.7019538132195,0.0015383671971442197,0,TCS,5m,2026-03-02 09:15:00
2609.800048828125,2610.199951171875,2606.10009765625,2607.10009765625,28821,-0.001111073694923359,0.002422350319073452,0.0015627246094528102,0.3,0.6,0,2605.863261860246,2607.6277543534384,57.3712625485137,1.874850939985663,0.8483891614909346,2605.7272701656675,0.0015627246094528102,0,TCS,5m,2026-03-02 09:20:00
2607.0,2607.89990234375,2603.199951171875,2603.60009765625,21080,-0.001342487771430978,0.0012306550656364657,0.0015960208567016377,0.3,0.6,0,2605.6477224122464,2607.46980703198,57.57574438825691,1.4344997328144018,0.9656112757556281,2605.720032851701,0.0015960208567016377,0,TCS,5m,2026-03-02 09:25:00
2602.699951171875,2611.89990234375,2602.699951171875,2609.89990234375,65594,0.0024196514254133383,0.003036088525653291,0.0016778023077530203,0.35,0.65,0,2606.0526919295326,2607.5651048873438,62.96896656099154,1.5756961725483052,1.0876282551141636,2605.784867232043,0.0016778023077530203,0,TCS,5m,2026-03-02 09:30:00
2610.0,2615.39990234375,2608.39990234375,2615.39990234375,178127,0.002107360514118195,0.006348840132365252,0.001700678511645146,0.4,0.6,0,2606.942902445172,2607.872351846419,67.02125291262857,2.107109950999984,1.2915245942913276,2606.273709874639,0.001700678511645146,0,TCS,5m,2026-03-02 09:35:00
2615.5,2617.0,2614.10009765625,2615.800048828125,96804,0.000152996290936791,0.006309204855162065,0.0017008542780822824,0.45,0.55,0,2607.7864401959296,2608.1832419241327,62.84248722858122,2.5313676456803478,1.5394932045691316,2606.603166222462,0.0017008542780822824,0,TCS,5m,2026-03-02 09:40:00
2615.60009765625,2616.5,2613.699951171875,2615.39990234375,74811,-0.00015297288665250264,0.006193918829372258,0.0017023025510132727,0.45,0.6,0,2608.5115318290555,2608.4662482150984,58.143793146498105,2.8029952636061353,1.7921936163765326,2606.830827607583,0.0017023025510132727,0,TCS,5m,2026-03-02 09:45:00
2615.5,2616.0,2612.0,2613.5,150981,-0.0007264290030933873,0.005656437931230496,0.0017147437930513391,0.45,0.6,0,2608.986624035812,2608.663650245879,50.0,2.8323067970823104,2.0002162525176885,2607.186091933134,0.0017147437930513391,0,TCS,5m,2026-03-02 09:50:00
2613.60009765625,2616.0,2611.0,2612.0,101963,-0.0005739429883298008,0.006512235254051646,0.0016804004120234944,0.45,0.6,0,2609.273612222877,2608.794487491139,51.50203799365026,2.703336553542613,2.1408403127226734,2607.378691735084,0.0016804004120234944,0,TCS,5m,2026-03-02 09:55:00
2616.699951171875,2627.199951171875,2615.39990234375,2615.60009765625,104050,-7.643977679583358e-05,0.008715810897126808,0.001682412016332882,0.5,0.55,0,2610.438503332177,2609.3253284168854,65.56630390971382,2.960110315521888,2.4220993888507296,2619.399983723959,0.001682412016332882,0,TCS,5m,2026-03-04 03:50:00
2615.0,2621.0,2611.10009765625,2616.300048828125,67709,0.0002676063410849139,0.005959704594355131,0.001569665149421397,0.45,0.6,0,2610.9967457603625,2609.598846864385,58.87336923256789,3.049191422892818,2.5475177956591475,2618.1122589165525,0.001569665149421397,0,TCS,5m,2026-03-04 03:55:00
2616.60009765625,2616.60009765625,2608.199951171875,2608.199951171875,49326,-0.0030960125005073946,0.0005370194558571573,0.0016676522705227831,0.4,0.65,0,2610.730384370983,2609.5439882097767,46.46225600276386,2.43807405668349,2.525629047864016,2616.5254516554633,0.0016676522705227831,0,TCS,5m,2026-03-04 04:00:00
2610.0,2618.5,2609.39990234375,2614.0,53102,0.0022237746095805644,0.00019131432944319293,0.0016414542296910302,0.4,0.65,0,2611.041776335651,2609.7187337701776,49.7788148364202,2.3941760374618752,2.499338445783588,2616.029883561222,0.0016414542296910302,0,TCS,5m,2026-03-04 04:05:00
2612.5,2620.0,2612.0,2620.0,58470,0.002295332823259333,0.0036006672765349634,0.001694836074478179,0.45,0.65,0,2611.8949404941604,2610.121920681151,60.638297872340424,2.8111314236853104,2.561697041363933,2616.258986535683,0.001694836074478179,0,TCS,5m,2026-03-04 04:10:00
2620.0,2627.0,2617.300048828125,2617.300048828125,55985,-0.001030515714456115,0.0032966986687705813,0.0017047015324237868,0.5,0.6,0,2612.4097127164428,2610.4034159026014,60.897372361014746,2.8903894655768454,2.6274355262065154,2616.874723197945,0.0017047015324237868,0,TCS,5m,2026-03-04 04:15:00
2616.0,2616.0,2607.60009765625,2610.5,40169,-0.0025981158832628637,0.0031125491700776386,0.0017197176432785354,0.5,0.6,0,2612.2278353148768,2610.4072035142644,56.886116660981436,2.3770932731849825,2.577367075602209,2616.358757387319,0.0017197176432785354,0,TCS,5m,2026-03-04 04:20:00
2611.0,2611.0,2602.39990234375,2603.300048828125,49272,-0.0027580736149683815,-0.002567031100335293,0.0017081509025061788,0.45,0.6,0,2611.377569935186,2610.1284915657884,43.52958635116827,1.3734936754267437,2.3365923955671164,2615.2465055483262,0.0017081509025061788,0,TCS,5m,2026-03-04 04:25:00
2603.300048828125,2604.5,2598.60009765625,2600.39990234375,52922,-0.0011140269772900169,-0.004136048188603136,0.001715924369372938,0.4,0.65,0,2610.3320777836207,2609.7469782629632,34.50425729389451,0.34019462799733446,1.93731284205316,2613.8432546687773,0.001715924369372938,0,TCS,5m,2026-03-04 04:30:00
2601.0,2604.0,2595.300048828125,2599.60009765625,44629,-0.0003075698806092042,-0.005584826634657536,0.0016860509512407807,0.35,0.7,0,2609.309984438157,2609.349061376425,33.40170598093904,-0.5370490979425995,1.4424404540540083,2612.7415608839606,0.0016860509512407807,0,TCS,5m,2026-03-04 04:35:00
2599.60009765625,2600.5,2595.39990234375,2600.5,25644,0.0003461695299062928,-0.0036398467432949833,0.0016614647101517316,0.35,0.65,0,2608.4709383011896,2609.0020393616637,34.88847730919319,-1.1464410142293673,0.9246641603973332,2612.146963672564,0.0016614647101517316,0,TCS,5m,2026-03-04 04:40:00
2602.0,2602.0,2597.89990234375,2598.800048828125,25390,-0.0006537016619400093,-0.003183632586867935,0.0016511046006684224,0.4,0.6,0,2607.549901208517,2608.601961301525,35.03055496163847,-1.746428608914357,0.39044560653499516,2611.637261319439,0.0016511046006684224,-1,TCS,5m,2026-03-04 04:45:00
2598.5,2603.0,2595.300048828125,2600.0,33645,0.00046173278025607445,-0.0013827383320083042,0.0016321690345341496,0.45,0.6,0,2606.830862998182,2608.264629485779,37.70486882391788,-2.1008794388012575,-0.10781940253225536,2611.0154340807126,0.0016321690345341496,-1,TCS,5m,2026-03-04 04:50:00
2599.39990234375,2600.199951171875,2596.10009765625,2599.300048828125,23818,-0.00026921198918272715,-0.00406140231895713,0.001523613514383681,0.4,0.55,0,2606.1136426010335,2607.913077303126,31.94736785870738,-2.410477995143083,-0.5683511210544209,2610.5808712553535,0.001523613514383681,-1,TCS,5m,2026-03-04 04:55:00
2599.0,2599.0,2593.10009765625,2593.39990234375,40712,-0.0022698981931827955,-0.0084117155392891,0.0014883486337581137,0.35,0.6,-1,2604.902810195578,2607.3439331870723,28.404438238004317,-3.0962380879523153,-1.0739285144339998,2609.7151070868167,0.0014883486337581137,0,TCS,5m,2026-03-04 05:00:00
2593.39990234375,2596.199951171875,2591.10009765625,2595.10009765625,24283,0.000655585477181253,-0.007913430226117124,0.0015027275231724892,0.3,0.65,-1,2603.9692185251656,2606.863782774099,29.771095508104608,-3.4626016333108964,-1.5516631382093793,2609.210023794604,0.0015027275231724892,0,TCS,5m,2026-03-04 05:05:00
2595.10009765625,2595.5,2592.199951171875,2592.199951171875,14925,-0.0011175470599358306,-0.008870517717418536,0.0015099752159935859,0.3,0.6,-1,2602.84833592009,2606.288730554404,33.05091759253513,-3.9415294680766237,-2.029636404182828,2608.899236175748,0.0015099752159935859,0,TCS,5m,2026-03-04 05:10:00
2592.60009765625,2596.800048828125,2592.199951171875,2595.0,17048,0.0010801824245305625,-0.007078630189401136,0.0015458231539179316,0.35,0.55,0,2602.100875356272,2605.8460352385455,28.506882304854074,-4.048474395429366,-2.4334040024321357,2608.588600974588,0.0015458231539179316,0,TCS,5m,2026-03-04 05:15:00
2594.89990234375,2598.199951171875,2593.10009765625,2595.5,15782,0.00019267822736024343,-0.0063169984686064495,0.0015495822687447273,0.4,0.5,0,2601.4722205604367,2605.440308366446,18.34641298039314,-4.046240655942711,-2.7559713331342506,2608.33136577421,0.0015495822687447273,0,TCS,5m,2026-03-04 05:20:00
2595.5,2595.89990234375,2592.800048828125,2595.89990234375,19516,0.00015407526247357417,-0.007607671118933679,0.001497792584230121,0.35,0.5,0,2600.941523587419,2605.0661747969284,20.60431268654213,-3.966478528855532,-2.998072772278507,2608.009490484722,0.001497792584230121,0,TCS,5m,2026-03-04 05:25:00
2597.5,2599.0,2596.10009765625,2596.89990234375,20820,0.000385222865911361,-0.007149485630183583,0.00150626194159284,0.4,0.5,0,2600.556607278498,2604.7459288183722,27.77768912859628,-3.7790127195553396,-3.1542607617338736,2607.743994691048,0.00150626194159284,0,TCS,5m,2026-03-04 05:30:00
2597.10009765625,2601.0,2597.0,2599.60009765625,32269,0.0010397764311451674,-0.006383041264458655,0.0015327935533283224,0.45,0.45,0,2600.4655111239986,2604.544131517897,42.91206375634897,-3.3736719298522075,-3.19814299535754,2607.4269049227682,0.0015327935533283224,0,TCS,5m,2026-03-04 05:35:00
2599.60009765625,2602.10009765625,2598.199951171875,2598.699951171875,15964,-0.00034626344459154357,-0.0036423587830111126,0.0013869806979402946,0.5,0.4,0,2600.2973625571294,2604.314947974916,46.47318036772527,-3.089457390464304,-3.1764058743788928,2607.286993642041,0.0013869806979402946,0,TCS,5m,2026-03-04 05:40:00
2598.699951171875,2599.60009765625,2595.39990234375,2596.0,23770,-0.0010389622590547543,-0.00688599846977811,0.0012766751247587106,0.45,0.45,0,2599.888089932641,2603.988871583743,43.07686529324494,-3.046955410175997,-3.150515781538314,2607.018057808171,0.0012766751247587106,0,TCS,5m,2026-03-04 05:45:00
2595.699951171875,2598.60009765625,2593.89990234375,2595.10009765625,32185,-0.00034664959312402654,-0.009503779520515288,0.001115667010172933,0.4,0.5,0,2599.432090668223,2603.6402922140373,39.61576743225224,-3.0507200808460766,-3.130556641399867,2606.6368122483955,0.001115667010172933,0,TCS,5m,2026-03-04 05:50:00
2595.10009765625,2595.10009765625,2587.199951171875,2591.0,78335,-0.0015799381534272738,-0.010048541755806939,0.0011365879880091087,0.35,0.55,0,2598.629034414106,2603.1445944801535,36.26782659526,-3.3459768856487244,-3.1736406902496386,2605.4432973205758,0.0011365879880091087,0,TCS,5m,2026-03-04 05:55:00
2590.0,2592.800048828125,2590.0,2591.89990234375,27518,0.0003473185425511005,-0.007125109234342064,0.0010375018460334596,0.35,0.5,0,2597.98816469312,2602.7036261610792,35.58731537793224,-3.4673855698456464,-3.2323896661688405,2605.078671249237,0.0010375018460334596,0,TCS,5m,2026-03-04 06:00:00
2592.10009765625,2594.89990234375,2591.5,2592.199951171875,15131,0.00011576404931901152,-0.00426385643147309,0.0008734968276360426,0.4,0.45,0,2597.436906262525,2602.2917173379733,37.18425552167245,-3.499056449296404,-3.2857230227943535,2604.9047419444746,0.0008734968276360426,0,TCS,5m,2026-03-04 06:05:00
2591.0,2594.10009765625,2591.0,2592.0,11551,-7.713570543987913e-05,-0.003230234832795942,0.000847607640967541,0.4,0.45,0,2596.919105666094,2601.8881205796215,46.81847437690036,-3.4999450500495186,-3.3285674282453863,2604.7698862434813,0.000847607640967541,0,TCS,5m,2026-03-04 06:10:00
2592.0,2593.800048828125,2591.39990234375,2592.300048828125,11860,0.00011575957875198384,-0.0028081430042669053,0.0008490503275861669,0.4,0.4,0,2596.4791954910493,2601.5121177658375,43.203877742092224,-3.4368203144927065,-3.3502180054948507,2604.635864461525,0.0008490503275861669,0,TCS,5m,2026-03-04 06:15:00
2592.0,2597.300048828125,2592.0,2594.0,14432,0.000655769447924559,-0.0024995193232070223,0.0008611221088769391,0.45,0.4,0,2596.2430816347587,2601.217524912275,54.639266073518485,-3.2125889288836333,-3.3226921901726074,2604.502035692369,0.0008611221088769391,0,TCS,5m,2026-03-04 06:20:00
2593.5,2595.0,2592.5,2593.0,12538,-0.00038550501156520145,-0.002231818038767708,0.0008545147334855491,0.4,0.4,0,2595.9342167171626,2600.895269033362,44.31821334443057,-3.0800704480916465,-3.2741678417564155,2604.3780715996,0.0008545147334855491,0,TCS,5m,2026-03-04 06:25:00
2593.199951171875,2599.0,2593.199951171875,2598.800048828125,18514,0.0022368101921037553,-0.00046151968149032996,0.0009974083340829728,0.4,0.35,0,2596.207153108683,2600.8131035351175,57.205300696169466,-2.4784629518021575,-3.1150268637655643,2604.2573259534183,0.0009974083340829728,0,TCS,5m,2026-03-04 06:30:00
2597.39990234375,2598.5,2595.300048828125,2597.39990234375,9743,-0.0005387665299630973,-0.0007310223709000585,0.0010027230606528522,0.4,0.35,0,2596.3207482739276,2600.679252508005,53.13802402549645,-2.0905660523030747,-2.9101347014730665,2604.195926221415,0.0010027230606528522,0,TCS,5m,2026-03-04 06:35:00
2597.39990234375,2598.5,2595.199951171875,2595.199951171875,9937,-0.0008469820799984484,0.000694088415172045,0.0008786957651714651,0.4,0.35,0,2596.21400569278,2600.464377945804,46.61368919668129,-1.9383287908808597,-2.7157735193546255,2604.127755416479,0.0008786957651714651,0,TCS,5m,2026-03-04 06:40:00
2595.5,2596.0,2593.300048828125,2594.10009765625,10028,-0.00042380299642363894,-0.0003853415908323665,0.0008716972954392079,0.4,0.35,0,2596.0126811178725,2600.214798326606,38.29787234042553,-1.8847029686098722,-2.549559409205675,2604.044308753337,0.0008716972954392079,0,TCS,5m,2026-03-04 06:45:00
2594.10009765625,2595.699951171875,2592.0,2592.0,10397,-0.00080956693157197,-7.713570543987913e-05,0.0008538044765589709,0.4,0.4,0,2595.6305210114083,2599.8926493726212,36.437318994573545,-1.9887394967468026,-2.4373954267139006,2603.9483526869376,0.0008538044765589709,0,TCS,5m,2026-03-04 06:50:00
2592.0,2593.0,2591.199951171875,2592.5,17298,0.0001929012345678327,-0.0009633911368015502,0.0008167806803058266,0.35,0.45,0,2595.3323761531788,2599.602741554087,42.22222222222222,-2.0076998592844575,-2.351456313228012,2603.777873253477,0.0008167806803058266,0,TCS,5m,2026-03-04 06:55:00
2592.5,2592.800048828125,2591.10009765625,2591.5,6614,-0.00038572806171643936,-0.0015411288769022757,0.0008180539886930761,0.3,0.5,0,2594.9673879481143,2599.2849869833385,42.035216592848656,-2.0794471534745753,-2.297054481277325,2603.711595946967,0.0008180539886930761,0,TCS,5m,2026-03-04 07:00:00
2591.5,2592.199951171875,2590.699951171875,2590.800048828125,12270,-0.00027009499204133647,-0.001964580187017395,0.0008172515522799612,0.3,0.5,0,2594.570498508115,2598.952244310585,49.47929249901454,-2.167798578263046,-2.271203300674469,2603.5848054874605,0.0008172515522799612,0,TCS,5m,2026-03-04 07:05:00
2590.800048828125,2590.800048828125,2586.0,2588.0,28496,-0.0010807660859013524,-0.0034271256800146865,0.0008371304304050837,0.25,0.55,0,2593.9447367454372,2598.522744533699,40.758568023511444,-2.435681241202019,-2.304098888779979,2603.23166506705,0.0008371304304050837,0,TCS,5m,2026-03-04 07:10:00
2587.800048828125,2590.800048828125,2587.800048828125,2590.0,17155,0.0007727975270479526,-0.0036929132541982934,0.0008187284190592114,0.2,0.55,0,2593.569047531586,2598.188519257868,45.175556007666856,-2.4582596097011447,-2.3349310329642123,2603.0441529403392,0.0008187284190592114,0,TCS,5m,2026-03-04 07:15:00
2590.0,2591.800048828125,2589.800048828125,2590.800048828125,11209,0.00030889916143816976,-0.0030399440074594386,0.000825004654871035,0.2,0.55,0,2593.3053333693515,2597.8987753194465,47.43601782006739,-2.3841133011851525,-2.3447674866084007,2602.9356107083045,0.000825004654871035,0,TCS,5m,2026-03-04 07:20:00
2591.10009765625,2593.800048828125,2591.10009765625,2591.699951171875,8350,0.0003473453476878774,-0.00165641326198962,0.0008045357646948521,0.25,0.5,0,2593.1524398267347,2597.6556841764045,48.749796549479164,-2.2270650001264585,-2.3212269893120125,2602.8651806204857,0.0008045357646948521,0,TCS,5m,2026-03-04 07:25:00
2591.5,2592.5,2590.300048828125,2590.60009765625,12863,-0.00042437532752492846,-0.0017340371587455383,0.0008060647614424186,0.25,0.5,0,2592.909359620022,2597.3789945089475,42.73522108382196,-2.166379403676274,-2.290257472184865,2602.74780277438,0.0008060647614424186,0,TCS,5m,2026-03-04 07:30:00
2590.60009765625,2591.39990234375,2589.699951171875,2591.10009765625,20131,0.00019300547407996582,3.863282757632369e-05,0.0007267643596731088,0.25,0.5,0,2592.7370489568057,2597.1327632598222,45.85172391735432,-2.05425958419346,-2.2430578945865842,2602.5625766734283,0.0007267643596731088,0,TCS,5m,2026-03-04 07:35:00
2591.199951171875,2594.0,2591.10009765625,2594.0,13327,0.001119178045793312,0.000810254151540013,0.0007655171731914645,0.3,0.5,0,2592.857330008538,2597.0099097986526,37.999731442034204,-1.7116748140524578,-2.136781278479759,2602.4663022441787,0.0007655171731914645,0,TCS,5m,2026-03-04 07:40:00
2594.199951171875,2594.699951171875,2592.0,2592.10009765625,14299,-0.000732421875,-3.852076132471183e-05,0.0007844057061814412,0.3,0.5,0,2592.7852126416537,2596.8173681460094,37.07333920872735,-1.5753208384967365,-2.0244891904831546,2602.364073664985,0.0007844057061814412,0,TCS,5m,2026-03-04 07:45:00
2591.89990234375,2592.89990234375,2590.5,2591.800048828125,13117,-0.00011575510853001347,-7.714165581595989e-05,0.0007846488478587502,0.3,0.5,0,2592.6913875165556,2596.6206105257006,40.860285624278056,-1.4744739454927185,-1.9144861414850673,2602.2605149792316,0.0007846488478587502,0,TCS,5m,2026-03-04 07:50:00
2591.800048828125,2594.699951171875,2589.60009765625,2589.60009765625,25131,-0.0008488120728563642,-0.001041527261898434,0.0008062743070946898,0.35,0.55,0,2592.396978958431,2596.345296295526,38.57851034824638,-1.5541544054772203,-1.8424197942834981,2602.05970013896,0.0008062743070946898,0,TCS,5m,2026-03-04 07:55:00
2589.60009765625,2592.199951171875,2588.0,2588.10009765625,18751,-0.0005792400152276889,-0.0022744419212605838,0.0007964651811348319,0.3,0.6,0,2591.987752167747,2596.0219551724176,39.79062276306371,-1.7185290746333521,-1.8176416503534691,2601.889420579999,0.0007964651811348319,0,TCS,5m,2026-03-04 08:00:00
2587.800048828125,2587.800048828125,2581.10009765625,2585.199951171875,69230,-0.0011205696746433569,-0.003008117558089052,0.0008260846400280216,0.3,0.65,0,2591.341294930045,2595.597562858671,33.022949479350004,-2.059078987117573,-1.86592911770629,2601.0741308605684,0.0008260846400280216,0,TCS,5m,2026-03-04 08:05:00
2585.300048828125,2586.89990234375,2583.5,2586.5,24211,0.0005028813448397784,-0.004732972370718347,0.000630118440481612,0.25,0.65,0,2590.880219222422,2595.2407956877432,38.53200734668279,-2.198718710185858,-1.9324870362022037,2600.8221915105637,0.000630118440481612,0,TCS,5m,2026-03-04 08:10:00
2586.800048828125,2587.89990234375,2582.199951171875,2583.10009765625,20731,-0.0013144799318577371,-0.005505430517109278,0.0006721434267484352,0.3,0.7,0,2590.139255263739,2594.7646898825865,34.28565734272702,-2.554283709126139,-2.056846370786991,2600.59591534058,0.0006721434267484352,0,TCS,5m,2026-03-04 08:15:00
2583.0,2583.89990234375,2580.699951171875,2583.39990234375,75975,0.00011606390622342921,-0.004546874633993614,0.0006635095937168057,0.3,0.7,0,2589.4974121285018,2594.319011939887,39.54500055487737,-2.7798355855425143,-2.2014442137380956,2599.734073933231,0.0006635095937168057,0,TCS,5m,2026-03-04 08:20:00
2583.39990234375,2584.89990234375,2582.39990234375,2584.60009765625,114607,0.0004645797622779835,-0.0036621562940394314,0.0006792355886796279,0.35,0.65,0,2589.0310012263826,2593.937878046411,37.26420526521869,-2.829128904409572,-2.326981151872391,2598.668059296628,0.0006792355886796279,0,TCS,5m,2026-03-04 08:25:00
2584.60009765625,2585.89990234375,2583.60009765625,2585.300048828125,15839,0.0002708160432671747,-0.002584857705198673,0.000669693939487816,0.4,0.6,0,2588.6756724265488,2593.599139645694,36.966583356475056,-2.7796716800744434,-2.4175192575128017,2598.540914377428,0.000669693939487816,0,TCS,5m,2026-03-04 08:30:00
2585.199951171875,2587.199951171875,2584.0,2584.800048828125,258859,-0.00019340114901811312,-0.0029700872408389145,0.0006654728933972366,0.45,0.55,0,2588.306565417175,2593.2540772606912,33.33333333333333,-2.7491320122326215,-2.483841808456766,2596.8053011326297,0.0006654728933972366,0,TCS,5m,2026-03-04 08:35:00
2584.800048828125,2593.699951171875,2584.10009765625,2593.5,34322,0.003365812058004014,0.0007717538105345145,0.0010260980724632572,0.5,0.5,0,2588.801178234587,2593.2637212896834,55.12353773422133,-1.9998625834068662,-2.387045963446786,2596.6961798087423,0.0010260980724632572,0,TCS,5m,2026-03-04 08:40:00
2593.800048828125,2596.300048828125,2590.5,2594.800048828125,27514,0.0005012719599479798,0.0015439246273787344,0.001028359969906675,0.55,0.45,0,2589.3724992434954,2593.323969428446,56.357336420762955,-1.2863300750072995,-2.166902785758889,2596.657861755501,0.001028359969906675,0,TCS,5m,2026-03-04 08:45:00
2594.89990234375,2595.0,2590.5,2590.5,50223,-0.0016571792612949388,0.0009659969088098297,0.0010697772178939148,0.55,0.4,0,2589.4798802679247,2593.2132255292913,44.26229508196722,-1.0556594399004098,-1.9446541165871931,2596.5454977827153,0.0010697772178939148,0,TCS,5m,2026-03-04 08:50:00
2590.60009765625,2592.0,2587.0,2587.0,29366,-0.001351090523065035,-0.0011583011583011782,0.0010991409817343303,0.55,0.45,0,2589.243701194789,2592.969569626182,42.05594682161817,-1.142106555530063,-1.7841446043757672,2596.435910194467,0.0010991409817343303,0,TCS,5m,2026-03-04 08:55:00
2587.300048828125,2591.39990234375,2586.300048828125,2587.800048828125,34584,0.0003092573746135141,-0.0011579434705341063,0.0010991472672314043,0.5,0.5,0,2589.106210493202,2592.7668433203758,43.86504905264735,-1.1329987589160737,-1.6539154352838286,2596.3080102428085,0.0010991472672314043,0,TCS,5m,2026-03-04 09:00:00
2588.0,2591.0,2585.800048828125,2587.60009765625,42279,-7.72668552833089e-05,-0.0015819167314377047,0.0010950118562727694,0.45,0.55,0,2588.962771175397,2592.564225843351,46.73203657310632,-1.1289018748934723,-1.5489127232057573,2596.1500609796667,0.0010950118562727694,0,TCS,5m,2026-03-04 09:05:00
2589.300048828125,2590.39990234375,2587.10009765625,2589.0,19485,0.0005410041315958569,-0.0006176552134378177,0.001100231858379599,0.45,0.5,0,2588.96631677774,2592.4244522808667,51.47524974385246,-1.0011539654037733,-1.4393609716453608,2596.085481878511,0.001100231858379599,0,TCS,5m,2026-03-04 09:10:00
2589.10009765625,2591.0,2585.10009765625,2589.0,32166,0.0,-0.0008105042557597919,0.0010990157370697844,0.5,0.5,0,2588.9695247036693,2592.290160034558,56.88418296490902,-0.8896574099303507,-1.329420259302359,2595.974631195106,0.0010990157370697844,0,TCS,5m,2026-03-04 09:15:00
2588.89990234375,2596.199951171875,2588.0,2595.10009765625,71996,0.002356159774526745,0.0004240931596954933,0.001198028594979495,0.5,0.5,0,2589.553388794391,2592.4003536667815,63.271795644638686,-0.30554653594208503,-1.1246455146303043,2595.885107040972,0.001198028594979495,0,TCS,5m,2026-03-04 09:20:00
2595.10009765625,2595.10009765625,2590.300048828125,2592.199951171875,81771,-0.0011175470599358306,3.852224523082093e-05,0.0012137823779701461,0.45,0.5,0,2589.805442354151,2592.3924947454125,64.2630277890451,-0.07577851620362708,-0.9148721149449689,2595.770601678649,0.0012137823779701461,0,TCS,5m,2026-03-04 09:25:00
2592.800048828125,2595.0,2589.5,2592.10009765625,157294,-3.852076132471183e-05,0.00011576850932648597,0.001213508753256626,0.45,0.5,0,2590.023980954351,2592.3810281928963,63.722620991343454,0.09713721329853797,-0.7124702492962676,2595.550428536423,0.001213508753256626,0,TCS,5m,2026-03-04 09:30:00
2592.10009765625,2593.5,2588.0,2588.199951171875,67191,-0.0015046280380536237,-0.0005406805806202897,0.0012462553120473872,0.4,0.5,0,2589.85026383221,2592.2170643881504,55.232322945572484,-0.07961727331849033,-0.5858996541007121,2595.4054121874196,0.0012462553120473872,0,TCS,5m,2026-03-04 09:35:00
2588.0,2588.0,2585.10009765625,2586.89990234375,75425,-0.0005022984516850348,-0.0004637360485348907,0.0012445762375512715,0.4,0.5,0,2589.5692770237856,2592.0085482295462,52.285489080014784,-0.32090041267429115,-0.532899805815428,2595.160701694886,0.0012445762375512715,0,TCS,5m,2026-03-04 09:40:00
2586.300048828125,2588.699951171875,2585.300048828125,2586.199951171875,65761,-0.0002705752824996299,0.00038681727482892114,0.001219361708087664,0.45,0.45,0,2589.248388847413,2591.780760109638,51.98848661395478,-0.5621194852801636,-0.5387437417083751,2594.9598509350712,0.001219361708087664,0,TCS,5m,2026-03-04 09:45:00
2586.300048828125,2586.300048828125,2581.89990234375,2585.0,126051,-0.0004639823658381115,-0.0005799342741156233,0.0012183773257674225,0.45,0.5,0,2588.8437803857546,2591.5148479484756,34.65714789353076,-0.8404254677247991,-0.5990800869116599,2594.4985155285153,0.0012183773257674225,0,TCS,5m,2026-03-04 09:50:00
2584.699951171875,2586.89990234375,2582.199951171875,2583.0,73659,-0.000773694390715618,-3.8750978462176455e-05,0.0011940897135028937,0.45,0.45,0,2588.2872298728257,2591.1809323426533,29.225373301125273,-1.2084381267031858,-0.7209516948699651,2594.2379969940184,0.0011940897135028937,0,TCS,5m,2026-03-04 09:55:00
2585.699951171875,2587.10009765625,2574.39990234375,2576.10009765625,75501,-0.0035199805382558624,-0.0032887099275852316,0.0014407882403647723,0.45,0.45,0,2586.860526599056,2590.3641767514387,32.9154612664738,-2.096128444730766,-1.0898349461404346,2579.2000325520835,0.0014407882403647723,-1,TCS,5m,2026-03-05 03:50:00
2575.5,2578.5,2571.10009765625,2572.60009765625,44278,-0.0013586428583207688,-0.004912370298229662,0.0014608549952288081,0.4,0.5,0,2585.502390509265,2589.667546198686,28.034659648181986,-2.969313664321362,-1.46573068977662,2577.302435377352,0.0014608549952288081,-1,TCS,5m,2026-03-05 03:55:00
2572.800048828125,2574.10009765625,2568.10009765625,2568.10009765625,81057,-0.0017492030743914144,-0.006460829022131187,0.0014988807694697624,0.35,0.55,0,2583.8450292851685,2588.8217639029044,24.93566972523128,-3.978569164977216,-1.9682983848167392,2574.395586562103,0.0014988807694697624,-1,TCS,5m,2026-03-05 04:00:00
2568.300048828125,2572.89990234375,2560.60009765625,2561.800048828125,75966,-0.0024531944194365884,-0.012222846027327927,0.001296227901791455,0.3,0.6,-1,2581.7455073368787,2587.762088801933,18.94986204397871,-5.226524587221775,-2.619943625297746,2571.844494834619,0.001296227901791455,0,TCS,5m,2026-03-05 04:05:00
2561.39990234375,2567.300048828125,2561.0,2567.300048828125,45939,0.002146927900370743,-0.010598119116122184,0.0014173204639147646,0.25,0.6,-1,2580.3697493836644,2586.9596558617836,27.99195772855353,-5.705959466904005,-3.237146793618998,2570.8987211250583,0.0014173204639147646,0,TCS,5m,2026-03-05 04:10:00
2567.89990234375,2570.0,2565.199951171875,2566.89990234375,38420,-0.00015586276507006946,-0.009110248081933947,0.0013941383606703747,0.3,0.6,-1,2579.0869068084344,2586.1729988610764,17.660398911448837,-6.048480423050478,-3.7994135195052943,2570.5229789816153,0.0013941383606703747,0,TCS,5m,2026-03-05 04:15:00
2566.699951171875,2570.0,2565.699951171875,2569.699951171875,26482,0.0010908289900857238,-0.006687301441099747,0.0014183932738117144,0.3,0.55,0,2578.192911033524,2585.5269969909114,24.13793103448276,-6.024543027211621,-4.24443942104656,2570.3824988884144,0.0014183932738117144,0,TCS,5m,2026-03-05 04:20:00
2569.699951171875,2571.0,2567.89990234375,2568.0,44162,-0.0006615368347187012,-0.007651305531542696,0.0014117999834592674,0.35,0.5,0,2577.2221576017596,2584.8396637755814,23.28154604016673,-6.0727415367500726,-4.610099844187262,2570.237694126677,0.0014117999834592674,0,TCS,5m,2026-03-05 04:25:00
2567.300048828125,2569.0,2565.10009765625,2565.10009765625,20711,-0.0011292454609618252,-0.00869531579488636,0.001419385499903704,0.35,0.5,0,2576.0676757021874,2584.065563143451,23.809602896480712,-6.2726301111124485,-4.9426058975722995,2570.0620514208163,0.001419385499903704,0,TCS,5m,2026-03-05 04:30:00
2564.39990234375,2564.39990234375,2561.0,2562.800048828125,26179,-0.0008966702041087737,-0.01011971849048865,0.0014036398572735166,0.35,0.55,0,2574.804092190372,2583.231621405595,23.281672070979653,-6.54123468288617,-5.262331654635074,2569.6612556387367,0.0014036398572735166,0,TCS,5m,2026-03-05 04:35:00
2562.5,2562.5,2559.199951171875,2559.39990234375,56506,-0.001326731083031496,-0.01143302342844732,0.0014097306522893867,0.3,0.55,0,2573.337026490694,2582.297044187483,21.96650475767281,-6.948372631799884,-5.5995398500680365,2568.679936837879,0.0014097306522893867,0,TCS,5m,2026-03-05 04:40:00
2559.39990234375,2560.0,2558.10009765625,2559.0,19426,-0.00015624847972517397,-0.013910869060061892,0.0012361521547055124,0.25,0.6,0,2571.9715953963423,2581.3834346115036,22.340425531914903,-7.2200726632790975,-5.92364641271025,2568.3420623973584,0.0012361521547055124,0,TCS,5m,2026-03-05 04:45:00
2559.0,2559.800048828125,2557.0,2557.89990234375,32505,-0.00042989357415001983,-0.01323202278922142,0.0012334715655178937,0.25,0.65,0,2570.6314341532384,2580.462511777474,22.776524419306668,-7.4384201059529005,-6.22660115135878,2567.782418625125,0.0012334715655178937,-1,TCS,5m,2026-03-05 04:50:00
2557.89990234375,2557.89990234375,2553.60009765625,2556.39990234375,41391,-0.0005864185688523316,-0.013772691627448985,0.0012248780784891414,0.25,0.65,0,2569.2760501713824,2579.518880034975,18.28198688958318,-7.644379839034173,-6.510156888893859,2567.004297320613,0.0012248780784891414,-1,TCS,5m,2026-03-05 04:55:00
2556.10009765625,2556.10009765625,2553.0,2553.60009765625,21156,-0.001095213892369884,-0.013368307769250576,0.001213963031081592,0.25,0.65,0,2567.7831023127987,2578.502457196594,21.227693345155288,-7.941975105390611,-6.7965205321932105,2566.5884286581336,0.001213963031081592,-1,TCS,5m,2026-03-05 05:00:00
2555.0,2558.89990234375,2554.39990234375,2556.0,22453,0.0009398113455403312,-0.011944761494541933,0.0012662743083455056,0.3,0.6,-1,2566.6609020925325,2577.620007894767,28.15776624177633,-7.893181749839641,-7.015852775722497,2566.2491890190277,0.0012662743083455056,-1,TCS,5m,2026-03-05 05:05:00
2556.0,2557.89990234375,2555.39990234375,2556.5,13505,0.00019561815336466282,-0.01148401196064408,0.001276901700212573,0.25,0.6,-1,2565.693197131339,2576.7917722910506,32.941032858455884,-7.725116508313022,-7.157705522240603,2566.0591275478205,0.001276901700212573,-1,TCS,5m,2026-03-05 05:10:00
2556.5,2558.39990234375,2554.39990234375,2554.699951171875,23051,-0.000704106719391695,-0.011721488908365552,0.0012769161506933511,0.3,0.6,-1,2564.6462213256755,2575.9254263648086,37.96593617584745,-7.648999584479043,-7.255964334688291,2565.72651762874,0.0012769161506933511,0,TCS,5m,2026-03-05 05:15:00
2554.699951171875,2555.0,2552.10009765625,2552.800048828125,22905,-0.0007436890359192594,-0.011691812300377413,0.0012767048288309115,0.25,0.65,-1,2563.518014421147,2575.01854881435,22.007616462115635,-7.653754892834513,-7.335522446317536,2565.337464879632,0.0012767048288309115,0,TCS,5m,2026-03-05 05:20:00
2554.300048828125,2555.10009765625,2551.300048828125,2552.0,23200,-0.00031340050643302586,-0.01284231463675578,0.0012334470306099858,0.25,0.7,-1,2562.421060666752,2574.115860625552,21.672979094723544,-7.634079842731808,-7.39523392560039,2564.952103525731,0.0012334470306099858,0,TCS,5m,2026-03-05 05:25:00
2551.800048828125,2552.199951171875,2550.39990234375,2550.800048828125,22531,-0.00047020030245881195,-0.009821065901570836,0.0010313127410950865,0.25,0.7,0,2561.3142976345016,2573.2015150648685,11.740634575467027,-7.6273894571568235,-7.441665031911677,2564.5515608374367,0.0010313127410950865,0,TCS,5m,2026-03-05 05:30:00
2550.800048828125,2555.0,2550.60009765625,2554.300048828125,17717,0.001372118524777255,-0.007113444815926573,0.0010897655557184237,0.3,0.65,0,2560.646273938656,2572.4602810948004,24.15079737984024,-7.2560236056992835,-7.404536746669199,2564.3008278082357,0.0010897655557184237,0,TCS,5m,2026-03-05 05:35:00
2554.300048828125,2554.89990234375,2552.89990234375,2553.39990234375,16990,-0.0003524043640793506,-0.005724152000895932,0.0010393955108966531,0.3,0.6,0,2559.95614331057,2571.712815261426,26.122050382653057,-6.954184283730228,-7.314466254081405,2564.079723699762,0.0010393955108966531,0,TCS,5m,2026-03-05 05:40:00
2552.89990234375,2555.0,2552.10009765625,2552.199951171875,13417,-0.00046994251498699846,-0.0037474031826337795,0.0009081166935920613,0.35,0.6,0,2559.2174583449796,2570.947604904973,27.350124157502663,-6.73417312172478,-7.198407627610081,2563.9012572978754,0.0009081166935920613,0,TCS,5m,2026-03-05 05:45:00
2552.60009765625,2552.800048828125,2550.199951171875,2550.60009765625,23623,-0.0006268527334194474,-0.006504869261190538,0.0007265152756431952,0.35,0.65,0,2558.396757327005,2570.149663444239,29.629713355637932,-6.612680632832962,-7.081262228654658,2563.5478816294453,0.0007265152756431952,0,TCS,5m,2026-03-05 05:50:00
2550.5,2551.0,2547.5,2548.10009765625,51697,-0.0009801614930922131,-0.007323933695402185,0.0007396182632194997,0.3,0.7,0,2557.4161230726477,2569.2849745898084,27.004141170653313,-6.641566225492625,-6.993323028022251,2562.705297204726,0.0007396182632194997,0,TCS,5m,2026-03-05 05:55:00
2548.10009765625,2551.0,2547.5,2550.300048828125,14314,0.0008633692113972913,-0.007549481539626091,0.0007174342359643712,0.3,0.7,0,2556.7384017160266,2568.5404676971934,34.67744317230924,-6.413015343062398,-6.87726149103028,2562.5003002850913,0.0007174342359643712,0,TCS,5m,2026-03-05 06:00:00
2550.300048828125,2550.300048828125,2546.60009765625,2547.800048828125,23111,-0.0009802768114084426,-0.00786602459963981,0.0007275197292177986,0.25,0.75,0,2555.887130012417,2567.727117937622,33.33333333333333,-6.360298664883885,-6.773868925801002,2562.14885621271,0.0007275197292177986,0,TCS,5m,2026-03-05 06:05:00
2547.800048828125,2550.0,2547.39990234375,2548.800048828125,12546,0.0003924954787797308,-0.006354546882212708,0.0007262094208472739,0.25,0.7,0,2555.212169899627,2566.984879933328,39.99979654740954,-6.166742308306766,-6.652443602302156,2561.971824078503,0.0007262094208472739,0,TCS,5m,2026-03-05 06:10:00
2548.800048828125,2550.89990234375,2547.800048828125,2549.800048828125,14530,0.00039234148652012024,-0.00507257677240347,0.0007293834677690374,0.3,0.65,0,2554.696729797579,2566.310964988026,36.28320496062396,-5.865047244796642,-6.494964330801054,2561.78408822056,0.0007293834677690374,0,TCS,5m,2026-03-05 06:15:00
2549.800048828125,2556.89990234375,2547.39990234375,2556.89990234375,53526,0.002784474617485433,-0.0009767914727630833,0.0009554385049332165,0.35,0.65,0,2554.906555754357,2565.9419037078587,50.68477115767295,-4.995468242284005,-6.195065113097645,2561.3611081968634,0.0009554385049332165,0,TCS,5m,2026-03-05 06:20:00
2555.699951171875,2556.0,2553.0,2554.300048828125,17054,-0.0010167990984871755,-0.0018366358623974621,0.000979620770373079,0.35,0.6,0,2554.848793189954,2565.485360379242,49.33348524552809,-4.464641461022893,-5.848980382682695,2561.247051037035,0.000979620770373079,0,TCS,5m,2026-03-05 06:25:00
2554.60009765625,2555.89990234375,2552.800048828125,2553.5,29768,-0.0003132164635443191,-0.0017201229570079635,0.0009778450361932248,0.35,0.6,0,2554.720336695673,2565.015346246723,51.21100250901811,-4.061693986654973,-5.491523103477151,2561.0464666183907,0.0009778450361932248,0,TCS,5m,2026-03-05 06:30:00
2553.60009765625,2555.199951171875,2552.0,2554.699951171875,45809,0.00046992409315649297,-0.0006649785780059592,0.000977900008191201,0.35,0.6,0,2554.718395217216,2564.61082094967,54.607494313021306,-3.6039846869098255,-5.114015420163686,2560.754661273575,0.000977900008191201,0,TCS,5m,2026-03-05 06:35:00
2554.0,2561.5,2554.0,2561.5,47221,0.0026617798403314463,0.0030936333183104736,0.001114398798221904,0.4,0.55,0,2555.3642623393857,2564.488827971252,65.32959307165493,-2.6618554465535453,-4.623583425441659,2560.6831495361785,0.001114398798221904,0,TCS,5m,2026-03-05 06:40:00
2560.10009765625,2561.0,2557.0,2557.5,22453,-0.0015615850087838945,0.0005868544600939885,0.0011610774444137705,0.35,0.55,0,2555.5676659261107,2564.214756286105,54.51974868445554,-2.212473785914881,-4.141361497536304,2560.641647329307,0.0011610774444137705,0,TCS,5m,2026-03-05 06:45:00
2558.10009765625,2564.5,2558.10009765625,2563.0,38026,0.0021505376344086446,0.002542538627029245,0.001254301676078384,0.4,0.55,0,2556.2755072664813,2564.167118784689,62.000268557965796,-1.3964343220422961,-3.5923760624375025,2560.679858164896,0.001254301676078384,0,TCS,5m,2026-03-05 06:50:00
2562.89990234375,2566.89990234375,2562.89990234375,2566.199951171875,46464,0.0012485178196937063,0.004501507112302905,0.0012621159132338595,0.4,0.5,0,2557.220692400328,2564.2468377018336,66.66686043132012,-0.48590662214019176,-2.9710821743780405,2560.850699660938,0.0012621159132338595,0,TCS,5m,2026-03-05 06:55:00
2566.199951171875,2568.0,2564.0,2564.60009765625,21955,-0.0006234329148414597,0.004622394469767421,0.0012575344995103893,0.45,0.45,0,2557.923492900892,2564.2606910333793,66.66686043132012,0.10538353604852091,-2.3557890322927286,2560.930547694955,0.0012575344995103893,0,TCS,5m,2026-03-05 07:00:00
2564.60009765625,2567.89990234375,2563.699951171875,2566.300048828125,25574,0.0006628523384322182,0.005603467409139862,0.001254218713309915,0.4,0.45,0,2558.7212601320575,2564.3406658488598,72.08760733142522,0.7030527445103871,-1.7440206769321056,2561.0286293418553,0.001254218713309915,0,TCS,5m,2026-03-05 07:05:00
2566.39990234375,2569.800048828125,2564.10009765625,2565.300048828125,24757,-0.00038966604877577193,0.005684491031220373,0.0012518097712907723,0.45,0.4,0,2559.347811436445,2564.378288710792,68.75022888462993,1.083528019008554,-1.1785109377439738,2561.1280261732263,0.0012518097712907723,0,TCS,5m,2026-03-05 07:10:00
2565.300048828125,2565.300048828125,2559.89990234375,2560.89990234375,35321,-0.001715256071657234,0.0025838207686887937,0.0013000245515610734,0.4,0.45,0,2559.495629618093,2564.2418814022803,65.63241095203966,1.0182644487767902,-0.739155860439821,2561.151310981993,0.0013000245515610734,0,TCS,5m,2026-03-05 07:15:00
2560.89990234375,2565.0,2559.699951171875,2563.699951171875,30254,0.0010933847221292758,0.004033856513690148,0.0013119405266169973,0.4,0.5,0,2559.896041194644,2564.220629236382,67.04805747678694,1.1788935871768444,-0.3555459709164879,2561.1868508424654,0.0013119405266169973,0,TCS,5m,2026-03-05 07:20:00
2563.699951171875,2566.199951171875,2563.0,2565.300048828125,27449,0.000624136087188587,0.005132864942746673,0.001305235217350347,0.4,0.45,0,2560.4107085883093,2564.2629594164505,67.49443378965236,1.418951060357358,-0.0006465646617186405,2561.2568014315293,0.001305235217350347,0,TCS,5m,2026-03-05 07:25:00
2565.300048828125,2566.800048828125,2562.0,2562.0,19658,-0.0012864182611436181,0.004469498120942328,0.001336690866325117,0.45,0.45,0,2560.562069675137,2564.174215909923,56.2964168595679,1.3276081364138008,0.2650043755533853,2561.2885567404614,0.001336690866325117,0,TCS,5m,2026-03-05 07:30:00
2561.800048828125,2564.0,2561.300048828125,2563.300048828125,12272,0.0005074351397833521,0.005965209602972754,0.0013072316362791304,0.45,0.45,0,2560.8228295944696,2564.1399348478917,61.479534640392615,1.3446213288848412,0.4809277662196765,2561.301796121998,0.0013072316362791304,0,TCS,5m,2026-03-05 07:35:00
2563.300048828125,2565.0,2561.300048828125,2563.5,11233,7.800537122704121e-05,0.005175842418205123,0.0013011434856383887,0.5,0.45,0,2561.07779820452,2564.114839363661,62.95333510429712,1.3585779540317162,0.6564578037820845,2561.316769412595,0.0013011434856383887,0,TCS,5m,2026-03-05 07:40:00
2563.60009765625,2563.89990234375,2561.199951171875,2561.5,8624,-0.0007801833430856053,0.005377168894465045,0.001291849378090104,0.5,0.45,0,2561.1180078993275,2564.0122966435174,58.62947150567284,1.1944861024621787,0.7640634635181034,2561.321906410149,0.001291849378090104,0,TCS,5m,2026-03-05 07:45:00
2562.60009765625,2565.0,2560.39990234375,2562.199951171875,18088,0.00027325831422020386,0.005257337604772427,0.0012915243870180982,0.55,0.5,0,2561.2210501157606,2563.9412242720805,51.05097619449108,1.1081482939753187,0.8328804296095464,2561.3365064714394,0.0012915243870180982,0,TCS,5m,2026-03-05 07:50:00
2562.800048828125,2565.0,2560.60009765625,2564.89990234375,12152,0.0010537628691469347,0.005921975537872104,0.0013034239609217492,0.5,0.5,0,2561.571416994617,2563.9788194905777,61.562347412109375,1.2432569615043576,0.9149557359885088,2561.353883895042,0.0013034239609217492,0,TCS,5m,2026-03-05 07:55:00
2564.60009765625,2569.699951171875,2562.0,2563.699951171875,57839,-0.0004678354780155436,0.0026594896506866306,0.0011729836162342347,0.5,0.45,0,2561.7741345353083,2563.96788347808,51.263451995875165,1.2392205595442647,0.97980870069966,2561.4930501956123,0.0011729836162342347,0,TCS,5m,2026-03-05 08:00:00
2563.0,2563.699951171875,2559.0,2562.800048828125,24243,-0.0003510170304207305,0.0033277218171372525,0.001147798334656104,0.5,0.5,0,2561.871840658434,2563.922086040827,43.307253119052646,1.150148883185011,1.0138767371967303,2561.498222256778,0.001147798334656104,0,TCS,5m,2026-03-05 08:05:00
2562.800048828125,2564.300048828125,2561.10009765625,2563.199951171875,21787,0.00015604118001055767,0.0037986885341199095,0.001142253470552212,0.55,0.45,0,2561.998327374,2563.893767026358,47.10712952594251,1.0991573136507213,1.0309328524875285,2561.516663054238,0.001142253470552212,0,TCS,5m,2026-03-05 08:10:00
2563.199951171875,2564.0,2561.10009765625,2561.10009765625,11917,-0.0008192312560965087,0.0025052439060169185,0.0011618442179028177,0.55,0.4,0,2561.912781686595,2563.7842113647853,39.43093061799704,0.8791709623283168,1.0005804744556863,2561.520687808075,0.0011618442179028177,0,TCS,5m,2026-03-05 08:15:00
2561.60009765625,2561.60009765625,2557.300048828125,2558.60009765625,22771,-0.0009761430263064419,-0.001132111006734382,0.0010200305916238902,0.5,0.45,0,2561.597287969419,2563.5809127879797,37.164772461531264,0.49736774163602604,0.8999379278917543,2561.488231204013,0.0010200305916238902,0,TCS,5m,2026-03-05 08:20:00
2558.60009765625,2558.60009765625,2555.199951171875,2555.300048828125,19704,-0.0012897868764829568,-0.0008601959616324484,0.0010005422999005442,0.5,0.5,0,2560.9975509083433,2563.2561730248485,38.800183595542926,-0.07068560264997359,0.7058132217834088,2561.4278462166644,0.0010005422999005442,0,TCS,5m,2026-03-05 08:25:00
2555.699951171875,2557.300048828125,2553.5,2557.199951171875,22444,0.0007435143847867032,-0.0022629921295844735,0.0008804868761969635,0.45,0.55,0,2560.6358747429654,2563.0186741286534,36.51430423859308,-0.36337694636222295,0.4919751881542825,2561.3559164347007,0.0008804868761969635,0,TCS,5m,2026-03-05 08:30:00
2556.60009765625,2558.5,2555.199951171875,2555.5,19618,-0.0006647705319624553,-0.004169570327903993,0.000827104739585549,0.45,0.55,0,2560.146743815064,2562.723824162824,29.751515824093786,-0.7241611188633215,0.24874792675076168,2561.2991672808002,0.000827104739585549,0,TCS,5m,2026-03-05 08:35:00
2555.699951171875,2556.199951171875,2553.800048828125,2554.300048828125,17733,-0.0004695563184797802,-0.004016239739497052,0.0008237513904434417,0.4,0.6,0,2559.5899157210697,2562.3934800320517,32.57879561197096,-1.0942968333215504,-0.019861025263700732,2561.232245453857,0.0008237513904434417,0,TCS,5m,2026-03-05 08:40:00
2554.39990234375,2557.300048828125,2552.800048828125,2553.199951171875,26147,-0.0004306845849040286,-0.005104663292288092,0.000799333931704214,0.45,0.6,0,2558.9813476687655,2562.0329494885154,26.939799331103686,-1.4595756610074204,-0.3078039524124447,2561.131074379636,0.000799333931704214,0,TCS,5m,2026-03-05 08:45:00
2553.199951171875,2557.60009765625,2553.199951171875,2556.300048828125,40760,0.0012142008912490176,-0.0035083615283566516,0.0008630826876407347,0.45,0.6,0,2558.7259858744187,2561.808129854775,35.48371218460508,-1.4818281983134511,-0.542608801592646,2561.0079471221898,0.0008630826876407347,0,TCS,5m,2026-03-05 08:50:00
2556.300048828125,2560.60009765625,2555.699951171875,2558.699951171875,32340,0.0009388187215542132,-0.0008590539481303505,0.0008166432107349912,0.5,0.55,0,2558.723506378938,2561.686240494661,44.44422914829922,-1.2909303901683415,-0.6922731193077851,2560.960686936349,0.0008166432107349912,0,TCS,5m,2026-03-05 08:55:00
2558.699951171875,2559.39990234375,2556.10009765625,2557.300048828125,56777,-0.0005471146951439021,-0.0024963538891611403,0.000778005311758528,0.5,0.5,0,2558.587938993146,2561.514232978326,40.540515063534556,-1.2383282443688586,-0.8014841443199998,2560.859569771399,0.000778005311758528,0,TCS,5m,2026-03-05 09:00:00
2558.5,2567.89990234375,2557.10009765625,2567.800048828125,62032,0.004105892855557514,0.0009745448689879588,0.0012189605514532568,0.5,0.5,0,2559.4652827869536,2561.7607355606715,54.302956539378265,-0.34539689658458883,-0.7102666947729177,2560.968007849982,0.0012189605514532568,0,TCS,5m,2026-03-05 09:05:00
2566.300048828125,2577.800048828125,2566.199951171875,2575.300048828125,103078,0.0029207881678414704,0.005191275889197877,0.001333905677016755,0.5,0.45,0,2560.9733557432555,2562.2916890221404,64.50029907591644,0.9564199359706436,-0.37692936862420545,2561.5773995974023,0.001333905677016755,0,TCS,5m,2026-03-05 09:10:00
2575.300048828125,2581.0,2572.89990234375,2581.0,58607,0.0022133153666767935,0.006905142135025022,0.0014033096922327142,0.55,0.4,0,2562.880655196279,2563.025348276174,70.31264475555724,2.4201594858886892,0.18248840227837348,2562.041723466376,0.0014033096922327142,0,TCS,5m,2026-03-05 09:15:00
2580.60009765625,2589.5,2580.60009765625,2587.800048828125,75971,0.0026346566556083584,0.009479246665935248,0.0014913853673501466,0.55,0.4,0,2565.253930780264,2563.9969051605644,74.02367033197592,4.081837849055773,0.9623582916338536,2562.8729347552803,0.0014913853673501466,0,TCS,5m,2026-03-05 09:20:00
2588.10009765625,2589.0,2583.0,2587.300048828125,34157,-0.0001932143096706751,0.010072242368973194,0.0014710655656336588,0.55,0.35,0,2567.3535610705367,2564.910753931841,76.41131910159922,5.297319895992132,1.8293506125055092,2563.2352970784655,0.0014710655656336588,0,TCS,5m,2026-03-05 09:25:00
2587.800048828125,2591.800048828125,2580.5,2583.199951171875,171147,-0.0015847012634297997,0.008196081648661036,0.0015431845458873114,0.55,0.35,0,2568.862741080188,2565.6279773530187,74.02331735927329,5.862179009805459,2.6359162919654993,2564.8044817273353,0.0015431845458873114,0,TCS,5m,2026-03-05 09:30:00
2583.199951171875,2583.5,2576.699951171875,2577.5,106880,-0.0022065466396781197,0.004912510482275145,0.0016406529145235713,0.55,0.4,0,2569.685337167789,2566.0935468685866,70.7089662711517,5.783230028172966,3.2653790392069926,2565.421620020172,0.0016406529145235713,0,TCS,5m,2026-03-05 09:35:00
2577.5,2579.300048828125,2571.300048828125,2572.60009765625,102156,-0.00190102903734235,0.003471602236567062,0.001703580097230031,0.5,0.45,0,2569.962933404785,2566.3487057230045,63.6044048949028,5.264594256985674,3.665222082762729,2565.7742496602964,0.001703580097230031,0,TCS,5m,2026-03-05 09:40:00
2573.0,2577.0,2571.0,2574.5,78042,0.0007385144490512641,0.004565300042515874,0.0017033053627198776,0.5,0.45,0,2570.3950349852817,2566.6683643221027,66.72540962467548,4.949819474993092,3.9221415612088015,2566.018722293226,0.0017033053627198776,0,TCS,5m,2026-03-05 09:45:00
2574.800048828125,2576.89990234375,2572.0,2575.800048828125,75872,0.000504971384006625,0.004915768530070919,0.0017043038428791667,0.45,0.45,0,2570.90979820841,2567.0264695968485,68.89282680145197,4.75050045573289,4.08781334011362,2566.263314504288,0.0017043038428791667,1,TCS,5m,2026-03-05 09:50:00
2575.5,2578.800048828125,2572.300048828125,2578.800048828125,70400,0.001164686677199489,0.006911073560956327,0.001696722715816432,0.5,0.45,0,2571.661250648383,2567.488178586311,71.76886283237282,4.7795183129424,4.226154334679376,2566.5217083391963,0.001696722715816432,1,TCS,5m,2026-03-05 09:55:00
2605.0,2618.0,2603.800048828125,2613.10009765625,180347,0.002532168676865565,0.022619671946013664,0.0028195858533366426,0.6,0.4,1,2578.6097859084553,2570.7467615327446,81.0503638426015,9.111055626573489,5.640144838830827,2611.6333821614585,0.0028195858533366426,1,TCS,5m,2026-03-06 03:50:00
2614.0,2619.0,2612.39990234375,2618.60009765625,98333,0.002104779684839908,0.02401069437539971,0.002826371022515362,0.65,0.35,1,2582.418387027293,2572.6233629493527,83.42425379988978,11.133255834103693,6.738767037885401,2613.4093903617263,0.002826371022515362,0,TCS,5m,2026-03-06 03:55:00
2618.300048828125,2618.5,2607.10009765625,2608.60009765625,90522,-0.0038188343492961963,0.02077875079485425,0.0030169273629562835,0.6,0.4,1,2584.91188327767,2574.0342152907997,72.36845979842326,11.793005217961763,7.749614673900673,2612.916738260804,0.0030169273629562835,0,TCS,5m,2026-03-06 04:00:00
2609.0,2612.60009765625,2607.0,2609.0,63390,0.00015330151375425594,0.021414849518939905,0.003003785355088895,0.6,0.4,1,2587.2059896321775,2575.405422534298,70.03567768736592,12.207410703187179,8.641173879757975,2612.420954763014,0.003003785355088895,0,TCS,5m,2026-03-06 04:05:00
2609.10009765625,2611.199951171875,2605.60009765625,2607.10009765625,55288,-0.000728210940494467,0.02111082074070847,0.0030123034968287483,0.55,0.4,0,2589.1006665868513,2576.648350970453,66.25165699830956,12.241412412587124,9.361221586323804,2611.9161872368572,0.0030123034968287483,0,TCS,5m,2026-03-06 04:10:00
2607.60009765625,2611.0,2606.800048828125,2608.199951171875,54976,0.0004218685414547618,0.020302742773698368,0.003015230724767498,0.5,0.4,0,2590.919646071139,2577.8856686254107,63.67292839376882,12.216286255527393,9.932234520164522,2611.587102465082,0.003015230724767498,0,TCS,5m,2026-03-06 04:15:00
2609.10009765625,2611.89990234375,2606.89990234375,2608.0,45963,-7.666251653182243e-05,0.01926761627737772,0.0030250225227855913,0.5,0.4,0,2592.5463464453164,2579.0666227969637,63.93006299062534,12.041433061720909,10.354074228475799,2611.379945116244,0.0030250225227855913,0,TCS,5m,2026-03-06 04:20:00
2608.60009765625,2608.60009765625,2606.5,2606.60009765625,23833,-0.0005367723710697492,0.01927816364400292,0.003024752378940075,0.5,0.45,0,2593.884798941596,2580.1463669090926,66.34102928690528,11.655542388875347,10.61436786055571,2611.2186387841098,0.003024752378940075,0,TCS,5m,2026-03-06 04:25:00
2607.10009765625,2607.60009765625,2601.800048828125,2607.199951171875,54491,0.00023012870910443795,0.015343835810631479,0.0029353980978458895,0.45,0.5,0,2595.152908677813,2581.207291782143,72.3310363057629,11.268231260241919,10.745140540492953,2610.7542762628473,0.0029353980978458895,0,TCS,5m,2026-03-06 04:30:00
2607.199951171875,2609.39990234375,2604.60009765625,2604.699951171875,47156,-0.0009588831109313967,0.011416107554973243,0.0029135988561639742,0.45,0.5,0,2596.0621508201048,2582.1285725425246,75.03913525372214,10.636939279002036,10.723500288194769,2610.455815321005,0.0029135988561639742,0,TCS,5m,2026-03-06 04:35:00
2605.10009765625,2606.60009765625,2604.300048828125,2604.800048828125,29534,3.842963033218183e-05,0.009221250998886044,0.0028895937037007853,0.4,0.55,0,2596.8943315827732,2583.017650043921,74.31802773739219,10.029103616375778,10.58462095383097,2610.24845848118,0.0028895937037007853,0,TCS,5m,2026-03-06 04:40:00
2604.699951171875,2607.199951171875,2604.10009765625,2605.800048828125,34278,0.00038390662671017317,0.006955715148143415,0.002844035004796849,0.4,0.6,0,2597.7424951299495,2583.9110774472233,74.19373892498524,9.518359395043262,10.371368642073431,2610.0480873978804,0.002844035004796849,0,TCS,5m,2026-03-06 04:45:00
2606.0,2606.0,2602.699951171875,2603.800048828125,29886,-0.0007675185979444388,0.006377304405599693,0.0028526993369446725,0.4,0.65,0,2598.319405005966,2584.6910371092195,70.49196730890841,8.850188174397317,10.067132548538208,2609.8305468129856,0.0028526993369446725,0,TCS,5m,2026-03-06 04:50:00
2603.800048828125,2605.0,2601.699951171875,2602.699951171875,38344,-0.0004224969796529088,0.007548776853744332,0.002823508333750268,0.35,0.65,0,2598.7365998789096,2585.3972690332453,44.47661833485923,8.138078280521768,9.68132169493492,2609.5271239587923,0.002823508333750268,0,TCS,5m,2026-03-06 04:55:00
2602.5,2602.800048828125,2601.0,2601.0,15619,-0.0006531491158285885,0.009117361784675149,0.002769464524744195,0.35,0.65,0,2598.952161795204,2586.009140835863,29.49102044194322,7.351807150178956,9.21541878598373,2609.383482148387,0.002769464524744195,0,TCS,5m,2026-03-06 05:00:00
2601.39990234375,2603.0,2598.0,2601.5,42965,0.0001922337562476617,0.011233732895399973,0.002714650633399863,0.4,0.65,0,2599.1948130528035,2586.6166255089665,15.101145989038372,6.691887522130401,8.710712533213064,2608.9775290099074,0.002714650633399863,0,TCS,5m,2026-03-06 05:05:00
2601.5,2602.39990234375,2600.0,2600.89990234375,9096,-0.00023067370987894797,0.010254380401534258,0.0027199827444797492,0.4,0.6,0,2599.357202509084,2587.176754012292,24.50200491527616,6.0507246099459735,8.178714948559646,2608.899134097688,0.0027199827444797492,0,TCS,5m,2026-03-06 05:10:00
2600.89990234375,2600.89990234375,2595.199951171875,2595.199951171875,14703,-0.002191530387900986,0.007531602599579079,0.0027864582331953115,0.4,0.65,0,2598.9612738103024,2587.4913891950205,16.175784195220032,5.024737908797761,7.547919540607269,2608.712336269846,0.0027864582331953115,0,TCS,5m,2026-03-06 05:15:00
2595.60009765625,2598.300048828125,2591.5,2591.5,74058,-0.001425690213273989,0.004924752183732117,0.0028081298334370827,0.35,0.7,0,2598.2506763045594,2587.648589618745,14.864181238315183,3.8684874037735426,6.812033113240524,2607.6085617763856,0.0028081298334370827,0,TCS,5m,2026-03-06 05:20:00
2590.89990234375,2594.0,2590.800048828125,2591.5,28281,0.0,-0.005754843660080611,0.0013384411958869513,0.3,0.7,0,2597.6077547517443,2587.799625319971,10.426381255423777,2.9185078069167503,6.0333280519757695,2607.1831782883783,0.0013384411958869513,0,TCS,5m,2026-03-06 05:25:00
2591.5,2596.199951171875,2591.300048828125,2592.60009765625,49936,0.0004245022790854147,-0.007845087916221405,0.0011781031795560196,0.3,0.7,0,2597.130835028364,2587.9878791370797,15.000221946022734,2.228719527748126,5.272406347130241,2606.5449356083936,0.0011781031795560196,0,TCS,5m,2026-03-06 05:30:00
2592.60009765625,2595.0,2592.60009765625,2595.0,19640,0.0009256739386531709,-0.009012486357643179,0.001071176138816537,0.25,0.7,0,2596.927898358996,2588.262864268959,24.782396399456516,1.8543338033678083,4.588791838377755,2606.3246509410083,0.001071176138816537,0,TCS,5m,2026-03-06 05:35:00
2594.699951171875,2595.89990234375,2592.199951171875,2592.699951171875,21538,-0.0008863386620905356,-0.0060952794177462355,0.00073356227875233,0.3,0.7,0,2596.5252367221274,2588.436867676917,20.64800537698177,1.35639996688451,3.942313464079106,2606.080424821438,0.00073356227875233,0,TCS,5m,2026-03-06 05:40:00
2592.699951171875,2593.0,2589.60009765625,2590.0,28801,-0.0010413666150048684,-0.007282483710233767,0.000742827140258612,0.3,0.7,0,2595.9037856057344,2588.4981669837043,20.482199409751843,0.7354425944836294,3.3009392901600108,2605.699730741201,0.000742827140258612,0,TCS,5m,2026-03-06 05:45:00
2590.0,2592.199951171875,2589.5,2589.5,11425,-0.00019305019305015936,-0.006750833108430387,0.0007386870356229006,0.3,0.7,0,2595.293901262331,2588.5374545529708,19.76280770826699,0.20067037856279057,2.680885507840567,2605.549352937916,0.0007386870356229006,0,TCS,5m,2026-03-06 05:50:00
2589.5,2591.199951171875,2588.10009765625,2590.699951171875,22135,0.0004633910684976872,-0.006709608284494184,0.0007409909479762655,0.3,0.75,0,2594.8563822060974,2588.6222583419476,20.39196537990196,-0.12487494360311757,2.11973341755183,2605.2587882390367,0.0007409909479762655,0,TCS,5m,2026-03-06 05:55:00
2590.699951171875,2591.89990234375,2588.5,2591.10009765625,11931,0.0001544549704390885,-0.006480023904812171,0.0007470305807163961,0.3,0.75,0,2594.4986408203977,2588.719428511136,23.431227335410398,-0.34658822639084974,1.6264690887632942,2605.1116159324583,0.0007470305807163961,0,TCS,5m,2026-03-06 06:00:00
2591.10009765625,2592.0,2589.10009765625,2589.699951171875,9739,-0.0005403675780960571,-0.00648359773314322,0.0007470847193594051,0.35,0.7,0,2594.041622758634,2588.757880380185,23.140712642750486,-0.6280380879966287,1.1755676534113098,2604.991757000676,0.0007470847193594051,0,TCS,5m,2026-03-06 06:05:00
2589.10009765625,2593.199951171875,2587.0,2587.0,23590,-0.0010425729709162557,-0.007747756808140327,0.000751508704386808,0.4,0.7,0,2593.370992019716,2588.6889438946873,22.222437512110062,-1.0567708298831349,0.7290999567524208,2604.6862814144974,0.000751508704386808,0,TCS,5m,2026-03-06 06:10:00
2587.0,2587.89990234375,2582.60009765625,2582.60009765625,19077,-0.0017007740022226825,-0.008484606261723981,0.0007980129859719023,0.35,0.75,0,2592.345192556529,2588.4501656108273,17.526049968958176,-1.7316189390689942,0.23695617758813775,2604.375892729042,0.0007980129859719023,0,TCS,5m,2026-03-06 06:15:00
2582.699951171875,2582.800048828125,2578.60009765625,2579.300048828125,33848,-0.0012778009383334066,-0.009789618981108417,0.0008118804127364552,0.35,0.75,0,2591.1027979157284,2588.091337501702,16.038018318196123,-2.5038642993463327,-0.31120791779875634,2603.7388298972537,0.0008118804127364552,0,TCS,5m,2026-03-06 06:20:00
2579.300048828125,2583.39990234375,2578.10009765625,2581.60009765625,37214,0.000891733720227661,-0.009286956296880144,0.0008478427220845686,0.35,0.75,0,2590.1977788433974,2587.8367790763905,26.056719420254964,-2.8968860933391625,-0.8283435529068376,2603.098677270472,0.0008478427220845686,0,TCS,5m,2026-03-06 06:25:00
2581.60009765625,2583.699951171875,2580.699951171875,2580.800048828125,19653,-0.00030990424460064503,-0.008833243555069203,0.000845450722286106,0.4,0.7,0,2589.302756937181,2587.560828870576,29.01990445097607,-3.2356177633164407,-1.3097983949887584,2602.7852280626776,0.000845450722286106,0,TCS,5m,2026-03-06 06:30:00
2580.39990234375,2583.300048828125,2578.0,2581.699951171875,54007,0.0003486912301318146,-0.008068544355466223,0.0008638304218038301,0.4,0.7,0,2588.578680197628,2587.3309905294504,31.43940444814352,-3.3923456053835253,-1.7263078370677118,2601.9409704961204,0.0008638304218038301,0,TCS,5m,2026-03-06 06:35:00
2581.699951171875,2585.39990234375,2578.89990234375,2581.0,25499,-0.00027112026382358767,-0.007689350249903915,0.0008622681342131723,0.45,0.65,0,2587.856901131187,2587.0827163910403,27.69211989182692,-3.53231542578078,-2.087509354810326,2601.5784677243287,0.0008622681342131723,0,TCS,5m,2026-03-06 06:40:00
2580.89990234375,2582.39990234375,2580.0,2580.60009765625,28175,-0.00015494085383571665,-0.008033789100038491,0.0008534745524461813,0.4,0.6,0,2587.165776990717,2586.8284960485,20.00020345052083,-3.6336251252992042,-2.3967325089081015,2601.177852823503,0.0008534745524461813,0,TCS,5m,2026-03-06 06:45:00
2580.699951171875,2580.699951171875,2577.0,2578.699951171875,18895,-0.0007363196204249745,-0.008535488486838716,0.0008555914017480618,0.4,0.65,0,2586.359507865113,2586.50972958275,20.339105786936457,-3.8231686250969688,-2.682019732145875,2600.8894610969373,0.0008555914017480618,0,TCS,5m,2026-03-06 06:50:00
2578.199951171875,2578.199951171875,2573.800048828125,2574.800048828125,26416,-0.0015123521222303316,-0.007860628362966193,0.0007931163832286416,0.4,0.65,0,2585.2586070044476,2586.050526415902,19.35499748968803,-4.23920581475204,-2.993456948667108,2600.4418836945642,0.0007931163832286416,0,TCS,5m,2026-03-06 06:55:00
2574.699951171875,2579.60009765625,2574.60009765625,2579.5,31942,0.001825365497415632,-0.004630522863206643,0.0008969456428723567,0.45,0.6,0,2584.7101682421194,2585.793643027043,32.758620689655174,-4.141925960289427,-3.223150750991572,2599.969584951209,0.0008969456428723567,0,TCS,5m,2026-03-06 07:00:00
2579.0,2579.0,2576.5,2576.60009765625,20739,-0.0011242110268462335,-0.005749528205190035,0.0009166735762094154,0.45,0.55,0,2583.937780567275,2585.4331118360315,27.036032668771426,-4.2498393557498275,-3.4284884719432234,2599.666231252062,0.0009166735762094154,0,TCS,5m,2026-03-06 07:05:00
2576.60009765625,2579.10009765625,2575.89990234375,2578.0,29975,0.0005433137819963463,-0.005631449936860156,0.0009219031732364133,0.45,0.6,0,2583.372277656106,2585.1416172542263,29.337194436314903,-4.1742825486376205,-3.577647287282103,2599.247604385235,0.0009219031732364133,0,TCS,5m,2026-03-06 07:10:00
2578.0,2578.10009765625,2575.39990234375,2577.89990234375,34445,-3.882764012796969e-05,-0.006589633008188822,0.0008796677666518531,0.45,0.65,0,2582.851099054929,2584.857628434208,30.591806741248178,-4.075500446713249,-3.6772179191683323,2598.774388734924,0.0008796677666518531,0,TCS,5m,2026-03-06 07:15:00
2578.0,2578.0,2574.5,2575.0,58641,-0.0011249088225316894,-0.00682684132572875,0.000889172953115923,0.4,0.65,0,2582.1033753354122,2584.4710547701216,30.391906555179673,-4.1829938535765905,-3.778373106049984,2597.968018731373,0.000889172953115923,0,TCS,5m,2026-03-06 07:20:00
2574.89990234375,2576.0,2573.300048828125,2573.300048828125,16473,-0.0006601752123785998,-0.006447857595318518,0.0008774022197180368,0.4,0.65,0,2581.2649632870994,2584.0329761057296,33.33304164442538,-4.3551515296039724,-3.893728790760782,2597.7356286948693,0.0008774022197180368,0,TCS,5m,2026-03-06 07:25:00
2573.60009765625,2575.0,2570.89990234375,2571.699951171875,61400,-0.0006218076500557057,-0.0068739327391871274,0.0008792954647374015,0.4,0.65,0,2580.354009752316,2583.5493280691076,35.49583465344689,-4.568044661125441,-4.028591964833714,2596.849460677603,0.0008792954647374015,0,TCS,5m,2026-03-06 07:30:00
2571.699951171875,2573.89990234375,2569.89990234375,2569.89990234375,50391,-0.0006999451189104722,-0.008028737105860606,0.0008613372825022766,0.4,0.65,0,2579.35838047531,2583.0140564720346,27.23671460870557,-4.82637742383622,-4.188149056634216,2596.1309725245032,0.0008613372825022766,0,TCS,5m,2026-03-06 07:35:00
2569.699951171875,2571.199951171875,2568.10009765625,2569.60009765625,30284,-0.0001166600641629989,-0.008297633896678702,0.0008542124688678704,0.35,0.7,0,2578.4290202068278,2582.4880188714155,27.77740100952363,-4.9976894788223944,-4.350057141071852,2595.691722797892,0.0008542124688678704,0,TCS,5m,2026-03-06 07:40:00
2569.699951171875,2570.0,2568.10009765625,2568.89990234375,18569,-0.00027249193878009503,-0.008031837363518757,0.000854262849436106,0.3,0.7,0,2577.521485172249,2581.9551515566054,24.399652340354876,-5.130810635391754,-4.506207839935833,2595.4231481858433,0.000854262849436106,0,TCS,5m,2026-03-06 07:45:00
2568.89990234375,2570.0,2568.0,2568.5,20876,-0.00015567066018618014,-0.0071511403169695065,0.0008422383429072057,0.25,0.7,0,2576.6622961082253,2581.4274985543852,24.696056143125432,-5.208538103027422,-4.646673892554151,2595.125723378128,0.0008422383429072057,0,TCS,5m,2026-03-06 07:50:00
2568.5,2569.0,2565.199951171875,2566.10009765625,66715,-0.0009343594875413919,-0.006388910158786842,0.0007940037344861669,0.25,0.7,0,2575.6563724461325,2580.8264240093604,22.846143998829575,-5.401524333263296,-4.79764398069598,2594.1469639045913,0.0007940037344861669,0,TCS,5m,2026-03-06 07:55:00
2566.0,2567.300048828125,2563.800048828125,2565.0,30743,-0.00042870410910889056,-0.005544158708724933,0.0007621640038926529,0.25,0.7,0,2574.6414798322153,2580.205779930562,23.551868784465285,-5.578925616330707,-4.953900307822925,2593.696407360569,0.0007621640038926529,0,TCS,5m,2026-03-06 08:00:00
2565.0,2570.0,2562.699951171875,2567.699951171875,113611,0.001052612542641329,-0.0053843143626289836,0.0007758810338404419,0.25,0.7,0,2573.980381864564,2579.715355273359,35.62716220223386,-5.438957005406792,-5.050911647339698,2592.225457120741,0.0007758810338404419,0,TCS,5m,2026-03-06 08:05:00
2567.89990234375,2569.39990234375,2566.39990234375,2568.300048828125,19987,0.0002337101949845266,-0.004843459300799324,0.0007838763223028251,0.2,0.7,0,2573.4393977658556,2579.2676961970756,22.815459189115515,-5.219441534179623,-5.0846176247076835,2591.9949168429425,0.0007838763223028251,0,TCS,5m,2026-03-06 08:10:00
2569.0,2569.0,2566.5,2568.0,18118,-0.00011682779364585727,-0.005306562122239011,0.0007722246236886619,0.2,0.65,0,2572.921359883393,2578.8258257579746,26.110839843750014,-5.011911182223685,-5.070076336210883,2591.787986362015,0.0007722246236886619,0,TCS,5m,2026-03-06 08:15:00
2568.199951171875,2568.60009765625,2564.699951171875,2566.800048828125,34631,-0.0004672707055588532,-0.005501724591970181,0.0007735413388557794,0.15,0.7,0,2572.3383778781294,2578.354226662687,18.539549301183655,-4.887922980786243,-5.033645665125956,2591.3839065338047,0.0007735413388557794,0,TCS,5m,2026-03-06 08:20:00
2566.39990234375,2566.800048828125,2563.60009765625,2564.60009765625,87313,-0.0008570792932933724,-0.006200108267271465,0.0007836478413360614,0.15,0.75,0,2571.601398809379,2577.8148490545914,16.58324132008343,-4.910573081908751,-5.009031148482515,2590.3543119642927,0.0007836478413360614,0,TCS,5m,2026-03-06 08:25:00
2564.699951171875,2568.0,2563.5,2564.0,40031,-0.00023399268244528315,-0.005700527959910495,0.0007773104885926096,0.2,0.75,0,2570.877456065629,2577.273090268137,18.750173394368147,-4.920228978935029,-4.991270714573019,2589.9115889427817,0.0007773104885926096,0,TCS,5m,2026-03-06 08:30:00
2564.0,2565.199951171875,2562.800048828125,2563.0,42803,-0.0003900156006240163,-0.004582899100648796,0.0007226714846638947,0.2,0.75,0,2570.1272221546164,2576.713361238014,19.526746890484375,-4.951495234679896,-4.9833156185943945,2589.42743757577,0.0007226714846638947,0,TCS,5m,2026-03-06 08:35:00
2563.0,2566.5,2562.800048828125,2564.0,67794,0.0003901677721420693,-0.006008916456677671,0.0005610914434284283,0.2,0.75,0,2569.54367718751,2576.2147980522095,26.38058863176815,-4.839792213002511,-4.954610937476018,2588.7178879535054,0.0005610914434284283,0,TCS,5m,2026-03-06 08:40:00
2563.89990234375,2568.89990234375,2563.89990234375,2566.60009765625,60135,0.0010140786490835385,-0.0038810834514430015,0.000598483260372419,0.25,0.75,0,2569.263336279771,2575.8377509778584,40.351503383684076,-4.489706075713457,-4.861629965123506,2588.1713312004963,0.000598483260372419,0,TCS,5m,2026-03-06 08:45:00
2566.60009765625,2571.0,2566.300048828125,2568.0,73144,0.0005454306438421597,-0.0038789759503491394,0.0005986207354516335,0.25,0.7,0,2569.1430185388404,2575.530388194413,45.60417449160273,-4.052584201974241,-4.699820812493654,2587.5987333833414,0.0005986207354516335,0,TCS,5m,2026-03-06 08:50:00
2568.199951171875,2569.699951171875,2564.60009765625,2564.800048828125,53029,-0.0012460869049357726,-0.005081598980517077,0.0006414700689142225,0.25,0.7,0,2568.729402375915,2575.1095905722054,40.0969488247019,-3.9191932638732396,-4.543695302769571,2587.161378573287,0.0006414700689142225,0,TCS,5m,2026-03-06 08:55:00
2564.800048828125,2568.0,2564.699951171875,2565.60009765625,50516,0.00031193419092856445,-0.003650447512135946,0.0006189210849682212,0.25,0.65,0,2568.4313733549943,2574.736669281384,43.12822530257099,-3.7061999640991417,-4.376196235035485,2586.756052257218,0.0006189210849682212,0,TCS,5m,2026-03-06 09:00:00
2565.0,2568.699951171875,2564.300048828125,2567.39990234375,73667,0.0007015141171626826,-0.0022928326943691957,0.0006382224372984398,0.3,0.65,0,2568.33313802059,2574.4489529308885,53.17025533536585,-3.353514811550667,-4.171659950338522,2586.2112772037462,0.0006382224372984398,0,TCS,5m,2026-03-06 09:05:00
2568.699951171875,2568.699951171875,2562.10009765625,2564.10009765625,39690,-0.0012852710185459193,-0.0029551867091500705,0.0006817341328378386,0.3,0.65,0,2567.9299913192244,2574.0431154691382,48.017810664888465,-3.302210125092188,-3.9977699852892554,2585.9033438514853,0.0006817341328378386,0,TCS,5m,2026-03-06 09:10:00
2563.89990234375,2566.800048828125,2554.0,2558.300048828125,110184,-0.0022620212188387834,-0.004513737482555569,0.0008231421742472526,0.3,0.65,0,2567.0128539391194,2573.425740306746,31.782997085430935,-3.687064079254469,-3.9356288040822984,2584.889737170111,0.0008231421742472526,0,TCS,5m,2026-03-06 09:15:00
2558.300048828125,2561.800048828125,2558.10009765625,2559.5,65152,0.0004690423910302943,-0.003930610706880944,0.000837524502811623,0.3,0.6,0,2566.2973440401556,2572.8796328437365,33.3330250709774,-3.850847407645233,-3.9186725247948853,2584.3286942693303,0.000837524502811623,0,TCS,5m,2026-03-06 09:20:00
2558.89990234375,2560.0,2557.699951171875,2558.699951171875,64583,-0.0003125801242918058,-0.003970552205077804,0.0008377637154520838,0.3,0.65,0,2565.573782814605,2572.3235668958205,32.713444241747666,-3.9991049371737972,-3.934759007270668,2583.775090667275,0.0008377637154520838,0,TCS,5m,2026-03-06 09:25:00
2558.60009765625,2559.300048828125,2555.0,2555.5,92953,-0.0012506160288193735,-0.0050613198364803935,0.0008699706357662169,0.3,0.65,0,2564.6143749274993,2571.6638191744155,30.44951129058147,-4.324954035988867,-4.012798013014308,2582.9525868315723,0.0008699706357662169,0,TCS,5m,2026-03-06 09:30:00
2555.5,2558.800048828125,2555.0,2557.699951171875,97094,0.0008608691731071261,-0.003273506942323645,0.0008884219570798603,0.3,0.6,0,2563.9558583793446,2571.116216507649,38.06188911322684,-4.355467008119376,-4.081331812035322,2582.1623430874733,0.0008884219570798603,0,TCS,5m,2026-03-06 09:35:00
2556.89990234375,2560.0,2556.60009765625,2559.5,98716,0.0007037763860064938,-0.0021442495126705596,0.0009065380254322194,0.35,0.55,0,2563.531490914645,2570.6606786053885,42.524819933813504,-4.1861445924946565,-4.10229436812719,2581.453387498393,0.0009065380254322194,0,TCS,5m,2026-03-06 09:40:00
2559.300048828125,2560.0,2555.60009765625,2557.699951171875,99222,-0.0007032814331412451,-0.0038945360400992612,0.0008727254990232255,0.3,0.55,0,2562.9761061772383,2570.152414784466,41.42377434519812,-4.149372867482725,-4.111710067998297,2580.75518819182,0.0008727254990232255,0,TCS,5m,2026-03-06 09:45:00
2559.0,2560.0,2557.199951171875,2560.0,119854,0.0008992645236087782,-0.0032317286416406743,0.0009021160986400843,0.3,0.55,0,2562.6926674936917,2569.75428087135,43.7887633634089,-3.889797132338117,-4.067327480866261,2580.009503591058,0.0009021160986400843,0,TCS,5m,2026-03-06 09:50:00
2560.0,2560.10009765625,2557.5,2559.800048828125,96258,-7.810592651369408e-05,-0.003193127403378071,0.0009022584424224766,0.35,0.55,0,2562.417180001733,2569.3639188304396,38.590353845271544,-3.6580481782598326,-3.985471620344976,2579.448546626301,0.0009022584424224766,0,TCS,5m,2026-03-06 09:55:00
2515.800048828125,2522.89990234375,2511.199951171875,2521.89990234375,52237,0.002783410979290357,-0.016649845467729296,0.00408220327887129,0.35,0.5,0,2554.4639323540264,2565.4504996465344,22.17884047232276,-9.009523970395549,-5.475257734027306,2518.6665852864585,0.00408220327887129,0,TCS,5m,2026-03-09 03:50:00
2523.0,2524.800048828125,2514.5,2516.800048828125,47351,-0.0020222267786621506,-0.018408717305723465,0.004088015034967362,0.35,0.45,0,2550.87689582775,2563.542638830126,20.024414165014562,-10.875108902755528,-6.55522796777295,2518.6824884221232,0.004088015034967362,0,TCS,5m,2026-03-09 03:55:00
2516.89990234375,2523.0,2516.800048828125,2522.800048828125,77868,0.0023839796104556665,-0.015684725388948495,0.004153497102640167,0.35,0.4,0,2548.2029103992145,2561.9448902025965,23.948639113334494,-11.734184175655628,-7.591019209349486,2519.640923900843,0.004153497102640167,0,TCS,5m,2026-03-09 04:00:00
2523.39990234375,2526.5,2516.800048828125,2517.699951171875,48849,-0.0020216020126601064,-0.018057741352622836,0.004152689061236605,0.35,0.4,0,2545.297866663277,2560.209794554333,23.455338262693758,-12.680371348646531,-8.608889637208897,2519.790383737646,0.004152689061236605,0,TCS,5m,2026-03-09 04:05:00
2518.0,2519.5,2508.199951171875,2511.5,39380,-0.0024625456933378143,-0.02146812731230152,0.004140990091299887,0.3,0.45,0,2542.0790222191554,2558.299606532594,23.3485063774056,-13.77176342839175,-9.641464395445468,2518.7937876964484,0.004140990091299887,0,TCS,5m,2026-03-09 04:10:00
2511.60009765625,2519.699951171875,2510.699951171875,2519.0,23225,0.0029862631893291525,-0.01908099688473519,0.004226387094335665,0.3,0.45,0,2539.8810201030456,2556.7584454921007,28.48036239667492,-13.871608921885581,-10.48749330073349,2518.6067116452946,0.004226387094335665,0,TCS,5m,2026-03-09 04:15:00
2519.699951171875,2520.0,2515.60009765625,2520.0,24756,0.0003969829297341132,-0.01746726761354922,0.004236372889191477,0.35,0.4,0,2537.987589617041,2555.316937825744,29.480418275068416,-13.711982355000146,-11.132391111586822,2518.600922852019,0.004236372889191477,0,TCS,5m,2026-03-09 04:20:00
2519.89990234375,2519.89990234375,2515.0,2516.199951171875,41641,-0.001507955884176626,-0.019254811585602716,0.004229141257614933,0.35,0.45,0,2535.9125764317873,2553.7829383491217,29.29399991253142,-13.733794696521272,-11.652671828573713,2518.4171999633636,0.004229141257614933,0,TCS,5m,2026-03-09 04:25:00
2516.199951171875,2518.0,2509.5,2512.39990234375,46839,-0.0015102332492913373,-0.021422451543209542,0.004212206530083376,0.3,0.45,0,2533.6732741376886,2552.1600741920483,26.528531491530998,-13.89751145526725,-12.101639753912421,2517.8211824627765,0.004212206530083376,0,TCS,5m,2026-03-09 04:30:00
2512.39990234375,2518.0,2509.300048828125,2515.199951171875,51364,0.0011144916959728857,-0.019071075473641952,0.004239949803170053,0.3,0.45,0,2531.9139100457064,2550.710657603022,27.282083127796653,-13.644037653690248,-12.410119333867986,2517.4072763761383,0.004239949803170053,0,TCS,5m,2026-03-09 04:35:00
2515.199951171875,2517.699951171875,2511.0,2512.39990234375,33611,-0.0011132509869922202,-0.01794165876101994,0.004229060068639357,0.3,0.4,0,2530.055433121711,2549.208275043835,27.005108351075833,-13.513325178303148,-12.630760502755018,2517.1514735931737,0.004229060068639357,0,TCS,5m,2026-03-09 04:40:00
2512.5,2513.199951171875,2505.60009765625,2508.300048828125,30474,-0.0016318475063624716,-0.020003887935876152,0.00421944412796636,0.3,0.45,0,2527.983491760417,2547.604030878513,24.22735493356116,-13.58397095321152,-12.821402592846319,2516.6735106795327,0.00421944412796636,0,TCS,5m,2026-03-09 04:45:00
2509.0,2515.699951171875,2508.0,2515.699951171875,31829,0.002950166327671644,-0.016805409317456776,0.004309584438875025,0.35,0.4,0,2526.8136307519844,2546.3528904978607,29.48832667151163,-12.894211519199871,-12.83596437811703,2516.468420729235,0.004309584438875025,0,TCS,5m,2026-03-09 04:50:00
2515.39990234375,2516.39990234375,2510.89990234375,2513.0,31140,-0.0010732405391260524,-0.016630796321659203,0.004308873390636184,0.4,0.35,0,2525.498046870843,2545.0449340077485,48.54524653416483,-12.422239845076092,-12.753219471508842,2516.3056227451157,0.004308873390636184,0,TCS,5m,2026-03-09 04:55:00
2513.0,2513.800048828125,2510.699951171875,2512.300048828125,29611,-0.0002785321018204945,-0.01775028471300899,0.004292853413383246,0.4,0.4,0,2524.2410946762984,2543.760820863449,41.864497254441105,-11.966734041794098,-12.595922385565894,2516.1096182439655,0.004292853413383246,0,TCS,5m,2026-03-09 05:00:00
2512.300048828125,2518.0,2512.300048828125,2516.800048828125,45798,0.0017911873233849018,-0.016682926810656418,0.004320846524911383,0.4,0.4,0,2523.5324236431393,2542.7035356855936,50.0,-11.114508879203186,-12.299639684293354,2516.081022241513,0.004320846524911383,0,TCS,5m,2026-03-09 05:05:00
2516.89990234375,2526.800048828125,2516.89990234375,2526.800048828125,60179,0.003973299350759296,-0.0120811287225433,0.004452700265971031,0.45,0.35,0,2523.8436260417093,2542.07986953432,53.20513322117453,-9.522429234674746,-11.744197594369634,2516.7044466856646,0.004452700265971031,0,TCS,5m,2026-03-09 05:10:00
2525.89990234375,2532.0,2525.89990234375,2528.0,44538,0.00047488964250708143,-0.012499999999999956,0.004446195879408185,0.5,0.35,0,2524.239471180594,2541.527717787876,58.803497276881664,-8.070833075139944,-11.009524690523696,2517.4028748281526,0.004446195879408185,0,TCS,5m,2026-03-09 05:15:00
2528.0,2536.39990234375,2526.39990234375,2535.0,130756,0.002768987341772222,-0.009688275785242895,0.004509560714107707,0.5,0.35,0,2525.264283449109,2541.2717288550184,69.8145677914464,-6.283162772654578,-10.064252306949871,2519.6319574492086,0.004509560714107707,0,TCS,5m,2026-03-09 05:20:00
2534.699951171875,2547.0,2534.699951171875,2540.0,70891,0.0019723865877712132,0.009980555342524067,0.002079757463715335,0.55,0.3,0,2526.6676850253843,2541.2218571352137,68.48597905885185,-4.412102988397692,-8.933822443239436,2521.17412128299,0.002079757463715335,1,TCS,5m,2026-03-09 05:25:00
2539.39990234375,2539.699951171875,2534.39990234375,2537.39990234375,25685,-0.0010236604945865757,0.006146159879539592,0.002033348947755428,0.55,0.35,0,2527.689800960467,2541.0719765551567,64.89720157521131,-3.1033077797101214,-7.767719510533573,2521.5898675294593,0.002033348947755428,0,TCS,5m,2026-03-09 05:30:00
2537.39990234375,2543.300048828125,2537.39990234375,2541.5,36755,0.0016158657736460302,0.009814029995500073,0.0019757966871016006,0.55,0.35,0,2529.0050580118514,2541.0887617882877,71.55031505396468,-1.715459780044057,-6.55726756443567,2522.276472993278,0.0019757966871016006,1,TCS,5m,2026-03-09 05:35:00
2541.5,2546.89990234375,2537.0,2546.10009765625,47183,0.0018099931757820098,0.00923578895558852,0.0019508534145160439,0.6,0.4,1,2530.633157025604,2541.2852847635017,78.3194918592437,-0.2416057247637582,-5.294135196501288,2523.203304070393,0.0019508534145160439,1,TCS,5m,2026-03-09 05:40:00
2546.89990234375,2546.89990234375,2540.39990234375,2545.0,32218,-0.0004320716444976558,0.010843249536315103,0.001875280115715759,0.55,0.4,0,2532.00142778507,2541.4309598708155,75.77856717451816,0.8281194995270198,-4.069684257295627,2523.813031534565,0.001875280115715759,0,TCS,5m,2026-03-09 05:45:00
2545.0,2551.0,2544.0,2547.89990234375,37539,0.0011394508226916233,0.014493291795241836,0.0017396997491301816,0.6,0.35,1,2533.5155682192303,2541.6846438893617,80.65635567849282,1.888117289575348,-2.878123947921432,2524.5962283226054,0.0017396997491301816,1,TCS,5m,2026-03-09 05:50:00
2547.699951171875,2555.89990234375,2545.199951171875,2551.699951171875,44623,0.0014914435314470342,0.012981322418370356,0.0016678928539538525,0.6,0.35,1,2535.2474142147203,2542.077401037696,87.67346246768109,3.000220680722123,-1.702455022192721,2525.586869902381,0.0016678928539538525,1,TCS,5m,2026-03-09 05:55:00
2551.699951171875,2551.699951171875,2546.199951171875,2547.0,35688,-0.0018418902150766359,0.010714285714285676,0.0017582032601285507,0.55,0.35,0,2536.3667080990326,2542.270444134257,78.50634363701856,3.4624113275312993,-0.6694817522479171,2526.250181238295,0.0017582032601285507,1,TCS,5m,2026-03-09 06:00:00
2547.0,2557.0,2546.10009765625,2555.39990234375,45554,0.0032979593026110088,0.015579028667264128,0.0017924518054940391,0.6,0.35,1,2538.1793932651963,2542.785324848355,84.98336140005962,4.4551465075519445,0.35544389971205526,2527.205518968349,0.0017924518054940391,1,TCS,5m,2026-03-09 06:05:00
2555.800048828125,2560.0,2550.10009765625,2550.800048828125,49039,-0.0018000523172150285,0.0152842493141927,0.0018129513044934228,0.65,0.3,1,2539.3813604616653,2543.0996277495224,79.84496124031008,4.815219698543842,1.2473990594784126,2528.1898538552505,0.0018129513044934228,1,TCS,5m,2026-03-09 06:10:00
2550.800048828125,2555.0,2548.5,2548.89990234375,23275,-0.0007449217688575427,0.013398517742565064,0.0018412859793764465,0.65,0.3,1,2540.2878882599593,2543.3270894983157,75.92873792611115,4.890875388474797,1.9760943252776895,2528.5826085122308,0.0018412859793764465,1,TCS,5m,2026-03-09 06:15:00
2548.800048828125,2548.800048828125,2542.0,2542.0,28781,-0.0027070118906613594,0.011781602772964916,0.0019534717823248356,0.65,0.35,1,2540.4509465209157,2543.2750467728915,62.92511781436193,4.343993757570388,2.4496742117362293,2528.9124185011356,0.0019534717823248356,0,TCS,5m,2026-03-09 06:20:00
2542.699951171875,2545.0,2540.39990234375,2543.800048828125,27254,0.0007081230637784319,0.014153011724648223,0.001882323589013049,0.65,0.35,1,2540.7699086454118,2543.295635088783,63.29967160289845,4.009614679673632,2.7616623053237097,2529.1887641342046,0.001882323589013049,0,TCS,5m,2026-03-09 06:25:00
2543.800048828125,2543.800048828125,2539.0,2542.0,29643,-0.0007076219803338057,0.010454366314978758,0.0018296198571119927,0.6,0.4,1,2540.8870602029915,2543.244825869615,56.45754130556207,3.5583495163473344,2.920999747528435,2529.446840352795,0.0018296198571119927,0,TCS,5m,2026-03-09 06:30:00
2542.0,2543.800048828125,2537.199951171875,2537.199951171875,23246,-0.00188829615583197,0.009629904962942692,0.0018755174091560202,0.55,0.45,0,2540.535906961933,2543.0077719599,47.40737391776115,2.7813333192880236,2.8930664618803528,2529.606536361137,0.0018755174091560202,0,TCS,5m,2026-03-09 06:35:00
2536.699951171875,2538.5,2533.0,2538.5,34128,0.0005123951021379636,0.010428671202747486,0.0018669790010790645,0.55,0.45,0,2540.3420110607963,2542.8309965889234,51.043732048549984,2.2445714381456128,2.763367457133405,2529.769015508799,0.0018669790010790645,0,TCS,5m,2026-03-09 06:40:00
2538.5,2539.699951171875,2536.0,2538.10009765625,11460,-0.0001575349000394466,0.008463147017993222,0.0018479277004397525,0.55,0.45,0,2540.1284954984585,2542.6454711405836,46.53071189413265,1.7665512994226447,2.564004225591253,2529.8316244273756,0.0018479277004397525,0,TCS,5m,2026-03-09 06:45:00
2537.89990234375,2537.89990234375,2528.300048828125,2531.89990234375,36418,-0.002442849010653836,0.0020183051357745008,0.0017536897568795216,0.5,0.5,0,2539.3448199599147,2542.224076285806,35.96821353096141,0.8772999829084256,2.2266633770546878,2529.8998612638165,0.0017536897568795216,0,TCS,5m,2026-03-09 06:50:00
2532.0,2534.0,2530.300048828125,2533.0,16235,0.00043449492423919267,0.001977848101265778,0.0017532612418765935,0.45,0.5,0,2538.740551392304,2541.86234780401,38.14231537503981,0.25835246838414605,1.8330011953205796,2529.9264479228364,0.0017532612418765935,0,TCS,5m,2026-03-09 06:55:00
2533.0,2533.199951171875,2526.5,2526.5,29776,-0.0025661271219897808,-0.0033530571992110847,0.0017315783987500064,0.4,0.55,0,2537.5747845930373,2541.259902792088,30.258463811462846,-0.7480406266809041,1.316792830920283,2529.903917588596,0.0017315783987500064,-1,TCS,5m,2026-03-09 07:00:00
2526.0,2528.5,2525.5,2527.39990234375,39018,0.0003561853725508879,-0.004960668368602317,0.0016628555369876568,0.35,0.6,0,2536.605748188343,2540.7163733627413,26.315764425936948,-1.4562134842622072,0.762191567883785,2529.837015591456,0.0016628555369876568,-1,TCS,5m,2026-03-09 07:05:00
2526.800048828125,2530.89990234375,2525.39990234375,2526.0,43655,-0.0005538903212157775,-0.004492749579291799,0.0016546094458397978,0.4,0.6,0,2535.59567693231,2540.1392606818495,28.125,-2.106127864668906,0.1885276813732467,2529.773782714823,0.0016546094458397978,-1,TCS,5m,2026-03-09 07:10:00
2526.0,2526.0,2517.5,2518.0,50012,-0.0031670625494854,-0.009246507967735629,0.0017191085459261188,0.35,0.65,-1,2533.9198981768523,2539.2710543806006,10.71446889265016,-3.2294952240804378,-0.49507689971749025,2529.502478560133,0.0017191085459261188,-1,TCS,5m,2026-03-09 07:15:00
2517.89990234375,2521.89990234375,2517.89990234375,2521.800048828125,26147,0.001509153625149029,-0.009544027295114499,0.0016993766334773616,0.3,0.6,-1,2532.765626810307,2538.5859169079545,19.017287969367842,-3.7696851834944027,-1.1499985564728727,2529.367362062141,0.0016993766334773616,-1,TCS,5m,2026-03-09 07:20:00
2521.199951171875,2525.800048828125,2519.800048828125,2524.199951171875,47730,0.0009516624225878179,-0.008172907201620783,0.00172925058779705,0.35,0.6,-1,2531.949848178075,2538.0217613888926,23.89014199369261,-3.9585063586500837,-1.711700116908315,2529.2040865335744,0.00172925058779705,-1,TCS,5m,2026-03-09 07:25:00
2524.39990234375,2525.800048828125,2521.60009765625,2525.39990234375,105297,0.00047537881114290137,-0.008830802175274988,0.0017041506664881088,0.3,0.6,-1,2531.3260438129014,2537.5267865243777,30.04800638520136,-3.9656093926123503,-2.162481972049122,2528.9288205374014,0.0017041506664881088,-1,TCS,5m,2026-03-09 07:30:00
2525.10009765625,2526.0,2522.60009765625,2524.800048828125,35772,-0.00023752812973043547,-0.010541953544105476,0.0016436883781099873,0.3,0.6,-1,2530.704520481018,2537.0276987715833,26.485091673817664,-3.97383388038088,-2.524752353715474,2528.845878954801,0.0016436883781099873,-1,TCS,5m,2026-03-09 07:35:00
2524.800048828125,2525.10009765625,2518.39990234375,2518.5,21352,-0.0024952664394350954,-0.011189634864546494,0.00167731594089971,0.3,0.65,-1,2529.5421851971114,2536.3011223491685,23.83067804904573,-4.437559708877416,-2.9073138247478627,2528.756126284576,0.00167731594089971,-1,TCS,5m,2026-03-09 07:40:00
2518.699951171875,2520.699951171875,2516.0,2516.800048828125,54646,-0.0006749855754913936,-0.015105210530931834,0.0014102161354726868,0.25,0.65,-1,2528.328648400065,2535.5363743679513,25.598088919001,-4.885915825155735,-3.3030342248294375,2528.4577523339,0.0014102161354726868,0,TCS,5m,2026-03-09 07:45:00
2516.60009765625,2521.39990234375,2516.60009765625,2518.5,56488,0.0006754414887533144,-0.012662712956652222,0.0014226885316787625,0.25,0.65,-1,2527.392586647678,2534.868281255483,26.303153022852186,-5.045903391717729,-3.651608058207096,2528.193446870334,0.0014226885316787625,0,TCS,5m,2026-03-09 07:50:00
2517.60009765625,2523.199951171875,2517.10009765625,2517.300048828125,85578,-0.0004764547039408651,-0.01239744781133556,0.0014228733814777052,0.3,0.6,-1,2526.431392569625,2534.1793309642144,25.813759389531413,-5.209469203826757,-3.9631802873310287,2527.8342277732436,0.0014228733814777052,0,TCS,5m,2026-03-09 07:55:00
2518.5,2523.699951171875,2518.5,2520.60009765625,76118,0.0013109477472346143,-0.008418529639555472,0.0013964872421132891,0.35,0.55,0,2525.876031149304,2533.6468120109607,35.91033071939994,-5.0150001278357195,-4.173544255431967,2527.59747071644,0.0013964872421132891,0,TCS,5m,2026-03-09 08:00:00
2520.300048828125,2521.10009765625,2517.0,2519.60009765625,16795,-0.00039673092170777746,-0.009513307141818528,0.0013710630185780333,0.35,0.55,0,2525.2783231975845,2533.0959604676386,33.24991760153323,-4.885259397326081,-4.31588728381079,2527.5346310608343,0.0013710630185780333,0,TCS,5m,2026-03-09 08:05:00
2519.60009765625,2521.5,2519.0,2519.800048828125,26770,7.935829660477012e-05,-0.00873326167264954,0.001375380141690369,0.4,0.5,0,2524.7565827814456,2532.57455216805,40.059261191164424,-4.711987684243923,-4.3951073638974165,2527.4466532878164,0.001375380141690369,0,TCS,5m,2026-03-09 08:10:00
2519.300048828125,2520.300048828125,2515.60009765625,2515.699951171875,35800,-0.0016271519869828222,-0.008473908408389241,0.0013620579882532052,0.4,0.5,0,2523.894046437677,2531.9128031093765,34.146260776361146,-4.849608945042746,-4.486007680126483,2527.2870246420766,0.0013620579882532052,0,TCS,5m,2026-03-09 08:15:00
2515.300048828125,2518.5,2515.300048828125,2517.300048828125,15610,0.0006360447141180448,-0.00835136938029346,0.0013668069295964286,0.4,0.5,0,2523.2660466653383,2531.3397539218768,38.2749521258744,-4.774522553488168,-4.54371065479882,2527.2178433299837,0.0013668069295964286,0,TCS,5m,2026-03-09 08:20:00
2517.0,2518.60009765625,2515.10009765625,2515.10009765625,8783,-0.0008739328364527621,-0.009061896345711085,0.001368997684053245,0.4,0.55,0,2522.4883372359013,2530.702904656558,45.36753923434526,-4.836778350984332,-4.602324194035923,2527.176427985686,0.001368997684053245,0,TCS,5m,2026-03-09 08:25:00
2515.10009765625,2516.39990234375,2513.300048828125,2515.5,20725,0.00015900056785911332,-0.006477310705912509,0.001291501952047674,0.4,0.55,0,2521.8227813086723,2530.106712317085,38.709451595684165,-4.798533237829361,-4.64156600279461,2527.0693170616973,0.001291501952047674,0,TCS,5m,2026-03-09 08:30:00
2515.10009765625,2516.300048828125,2514.0,2514.89990234375,16066,-0.00023855999055855115,-0.007145715616364012,0.0012794078689566243,0.4,0.55,0,2521.1634595024893,2529.510366827935,32.18371451288526,-4.761756016479012,-4.665604005531491,2526.9875796403367,0.0012794078689566243,0,TCS,5m,2026-03-09 08:35:00
2514.60009765625,2518.0,2512.0,2513.0,49030,-0.0007554584347390092,-0.005343360379972295,0.0011746899810509196,0.45,0.55,0,2520.385987168919,2528.8629014621333,26.865685238494336,-4.830236089663231,-4.698530422357839,2526.729947290409,0.0011746899810509196,0,TCS,5m,2026-03-09 08:40:00
2512.300048828125,2514.699951171875,2511.60009765625,2513.5,21661,0.00019896538002384112,-0.00549968460901662,0.0011708184674124168,0.45,0.55,0,2519.7301788671175,2528.260434738128,28.83882117352303,-4.788957103244684,-4.716615758535209,2526.609930429961,0.0011708184674124168,0,TCS,5m,2026-03-09 08:45:00
2513.60009765625,2515.800048828125,2512.10009765625,2514.60009765625,41416,0.0004376756141835081,-0.0045130254725851415,0.00117935250613431,0.45,0.5,0,2519.241599704178,2527.724735244721,40.930459665697676,-4.614283929303838,-4.696149392688935,2526.4013982443157,0.00117935250613431,0,TCS,5m,2026-03-09 08:50:00
2514.89990234375,2515.89990234375,2513.0,2515.800048828125,28749,0.00047719363925646796,-0.000873689901459529,0.0009625446304014456,0.5,0.45,0,2518.913832954078,2527.257100483286,47.61904761904762,-4.3291246946500905,-4.622744453081166,2526.26913948759,0.0009625446304014456,0,TCS,5m,2026-03-09 08:55:00
2515.10009765625,2517.89990234375,2514.89990234375,2515.0,58170,-0.00031800970371143045,-0.0026965059467284336,0.0008915366879818345,0.55,0.45,0,2518.5410869584516,2526.7764298760985,41.29357463864934,-4.120196144448073,-4.522234791354548,2526.034118083647,0.0008915366879818345,0,TCS,5m,2026-03-09 09:00:00
2515.39990234375,2517.199951171875,2514.0,2516.300048828125,53793,0.000516918023111268,-0.003129665833359385,0.0008686637462551074,0.5,0.5,0,2518.3276547555633,2526.3655914036294,47.52477640802514,-3.8058442838478186,-4.378956689853203,2525.8240388215313,0.0008686637462551074,0,TCS,5m,2026-03-09 09:05:00
2516.10009765625,2517.5,2514.39990234375,2515.5,33610,-0.000317946513770373,-0.003920132543983268,0.0008563235066819535,0.55,0.5,0,2518.0583543026523,2525.9394897799575,35.59310344827587,-3.5800073276855073,-4.219166817419664,2525.6966932389823,0.0008563235066819535,0,TCS,5m,2026-03-09 09:10:00
2515.5,2522.0,2514.300048828125,2521.89990234375,124724,0.002544186978234997,-0.001148663826159635,0.0010526319298216362,0.55,0.55,0,2518.4242160208523,2525.781074586381,54.97791117969097,-2.851738216915237,-3.9456810973187784,2525.4132091194365,0.0010526319298216362,0,TCS,5m,2026-03-09 09:15:00
2521.800048828125,2526.10009765625,2520.0,2524.699951171875,82291,0.001110293404398277,0.00246176341944615,0.0009124757466613892,0.6,0.5,0,2519.0219050828546,2525.7386775897335,59.532811490671435,-2.025292845072272,-3.5616034468694773,2525.360903432298,0.0009124757466613892,0,TCS,5m,2026-03-09 09:20:00
2524.800048828125,2525.0,2521.60009765625,2524.60009765625,43212,-3.9550646633745856e-05,0.003099192894468139,0.0008940931554953174,0.6,0.45,0,2519.553161518416,2525.6940273962637,70.50729610836719,-1.362678172138203,-3.1218183919232225,2525.3366177737153,0.0008940931554953174,0,TCS,5m,2026-03-09 09:25:00
2524.199951171875,2530.699951171875,2519.5,2528.699951171875,108639,0.0016239615610531555,0.004050010391850378,0.0009467518298931722,0.6,0.5,0,2520.424284342555,2525.8119067600132,73.55380238493977,-0.5009526844378343,-2.597645250426145,2525.3714513747327,0.0009467518298931722,0,TCS,5m,2026-03-09 09:30:00
2528.5,2529.199951171875,2523.89990234375,2525.699951171875,80103,-0.0011863803764498027,0.00333686973376901,0.000986042175502308,0.55,0.5,0,2520.9267288024903,2525.8075163447925,71.19991406166076,-0.05941900963671287,-2.0900000022682588,2525.394697268926,0.000986042175502308,0,TCS,5m,2026-03-09 09:35:00
2525.300048828125,2529.5,2525.10009765625,2528.5,103878,0.0011086229093941746,0.0031341355382377145,0.000974660843456987,0.55,0.5,0,2521.6479927260625,2525.913103939114,73.72271228726721,0.5105547903535808,-1.5698890437438908,2525.4698032736915,0.000974660843456987,0,TCS,5m,2026-03-09 09:40:00
2528.39990234375,2534.699951171875,2528.39990234375,2529.800048828125,101825,0.0005141581285841301,0.004048242092609566,0.0009686916339067297,0.6,0.45,0,2522.424379021497,2526.065533150448,76.51285437500543,1.0550047704764438,-1.0449102808998239,2525.6399138412303,0.0009686916339067297,1,TCS,5m,2026-03-09 09:45:00
2529.800048828125,2529.800048828125,2525.300048828125,2528.800048828125,73080,-0.0003952881574428302,0.00357171197142625,0.0009776394630847563,0.55,0.5,0,2523.031585669747,2526.172769059377,79.04425954349212,1.3897732190580427,-0.5579735809082507,2525.690470919182,0.0009776394630847563,0,TCS,5m,2026-03-09 09:50:00
2527.89990234375,2529.39990234375,2525.0,2527.800048828125,57692,-0.00039544447195949406,0.00480983340267338,0.0008930254123546937,0.55,0.5,0,2523.485725018164,2526.236583952269,75.8124080064164,1.5564462403790458,-0.1350896166507914,2525.719299664305,0.0008930254123546937,0,TCS,5m,2026-03-09 09:55:00
2541.5,2543.89990234375,2530.10009765625,2530.199951171875,85903,-0.0043678815735940235,0.006003678950867952,0.0017907577512965953,0.55,0.45,0,2525.660196227312,2526.959568579041,64.39990234375,2.761598566770772,0.905256968965348,2534.7333170572915,0.0017907577512965953,0,TCS,5m,2026-03-10 03:50:00
2529.89990234375,2532.5,2523.60009765625,2525.39990234375,54489,-0.001897102569266007,0.00393556046263166,0.001857119494106696,0.55,0.45,0,2525.6354063336394,2526.898405197265,59.629539207175924,2.3592691024109627,1.196059395654471,2531.796545637732,0.001857119494106696,0,TCS,5m,2026-03-10 03:55:00
2525.39990234375,2525.39990234375,2518.300048828125,2521.199951171875,51169,-0.0016630836042945685,0.002505089296895635,0.0019015324181588507,0.55,0.5,0,2525.212982032519,2526.674936411956,54.30572122439522,1.6821286126073574,1.2932732390450483,2529.0817807531193,0.0019015324181588507,0,TCS,5m,2026-03-10 04:00:00
2521.199951171875,2521.199951171875,2512.0,2512.60009765625,52362,-0.0034110160567104586,-0.00015913344359330672,0.0020530588955350844,0.5,0.5,0,2524.011754949065,2526.122981950948,47.75895249235878,0.44640767931969094,1.1239001270999769,2526.11614753465,0.0020530588955350844,0,TCS,5m,2026-03-10 04:05:00
2512.60009765625,2515.0,2512.0,2515.0,63804,0.0009551469595137085,0.000596777402029014,0.0020639652819707094,0.5,0.45,0,2523.153492572964,2525.6867865803224,44.31636272956167,-0.33539181283458674,0.8320417391130642,2523.6039900791757,0.0020639652819707094,0,TCS,5m,2026-03-10 04:10:00
2515.5,2516.39990234375,2511.0,2514.39990234375,39305,-0.00023860741799208718,-7.96131809135403e-05,0.0020625060168244377,0.5,0.5,0,2522.319817313039,2525.2441636690846,41.19650272311834,-0.991961691655888,0.46724105295927376,2522.5086797841172,0.0020625060168244377,0,TCS,5m,2026-03-10 04:15:00
2514.5,2515.699951171875,2509.39990234375,2511.10009765625,48571,-0.0013123627170141816,-0.0018681735752665851,0.002079374003904717,0.45,0.55,0,2521.251272583821,2524.6894944136793,39.05991563852771,-1.7582961678936044,0.022133608788698134,2521.226637409132,0.002079374003904717,0,TCS,5m,2026-03-10 04:20:00
2511.10009765625,2512.800048828125,2507.5,2510.699951171875,32092,-0.00015935106877995597,-0.0017097609654572743,0.0020787666858417928,0.4,0.6,0,2520.2463848303023,2524.140884874785,34.48275862068965,-2.3705836261733566,-0.45640983820371284,2520.4092607402426,0.0020787666858417928,0,TCS,5m,2026-03-10 04:25:00
2510.699951171875,2511.699951171875,2509.0,2509.89990234375,23947,-0.00031865569111577674,-0.002543475086508762,0.0020744564966263834,0.4,0.55,0,2519.2610055458686,2523.5824149716072,35.84226254282302,-2.887102383180718,-0.9425483471991138,2519.8679418721267,0.0020744564966263834,0,TCS,5m,2026-03-10 04:30:00
2509.5,2511.39990234375,2509.0,2511.39990234375,23103,0.0005976333951005497,-0.0016299334749553251,0.0020800759418035646,0.35,0.55,0,2518.512329050429,2523.104669378358,34.31183701261469,-3.1392227496889973,-1.3818832276970907,2519.4169233986863,0.0020800759418035646,0,TCS,5m,2026-03-10 04:35:00
2511.5,2515.300048828125,2511.0,2515.10009765625,33413,0.0014733596624920686,-0.002696302371549497,0.0020219570655220422,0.35,0.5,0,2518.1873546319357,2522.790764604942,37.08267721603171,-3.0058060574983756,-1.7066677936573478,2519.047596083115,0.0020219570655220422,0,TCS,5m,2026-03-10 04:40:00
2515.10009765625,2519.10009765625,2514.39990234375,2518.199951171875,56444,0.001232497075768002,-0.0025745633642456633,0.0020260925012384476,0.35,0.5,0,2518.1885543024064,2522.610732705606,41.01686639300847,-2.619741348039952,-1.8892825045338686,2518.866220237239,0.0020260925012384476,0,TCS,5m,2026-03-10 04:45:00
2518.199951171875,2518.199951171875,2514.699951171875,2515.800048828125,20231,-0.0009530229490446462,-0.0034857199111631987,0.002034298358063534,0.35,0.5,0,2517.9610775905703,2522.3436470633524,40.06620910435816,-2.4788595962781983,-2.007197922882735,2518.775140793648,0.002034298358063534,0,TCS,5m,2026-03-10 04:50:00
2515.800048828125,2516.300048828125,2514.89990234375,2515.0,25868,-0.00031800970371143045,-0.005417784409544546,0.0019898946620515333,0.3,0.45,0,2517.679070200992,2522.055660904005,22.431786425357885,-2.4040546021697082,-2.0865692587401297,2518.6321762937064,0.0019898946620515333,0,TCS,5m,2026-03-10 04:55:00
2514.0,2518.199951171875,2514.0,2518.10009765625,32649,0.0012326432032803147,-0.003009008854000572,0.0020047066401641116,0.35,0.5,0,2517.7191680538735,2521.900540776642,34.76087103578479,-2.0707488296238807,-2.08340517291688,2518.5375054420447,0.0020047066401641116,0,TCS,5m,2026-03-10 05:00:00
2518.10009765625,2519.89990234375,2516.0,2519.0,23559,0.00035737353911691194,-0.0037571682815898955,0.001986865684623859,0.35,0.5,0,2517.841152048743,2521.786794079519,41.061540140211136,-1.714226469528512,-2.0095694322392066,2518.5291142558353,0.001986865684623859,0,TCS,5m,2026-03-10 05:05:00
2519.0,2521.0,2517.699951171875,2518.10009765625,14795,-0.0003572458688964053,-0.004624852140901359,0.0019802398628358544,0.35,0.5,0,2517.865813535172,2521.642217749195,45.230958766216695,-1.4871515712966357,-1.9050858600506924,2518.5378873627196,0.0019802398628358544,0,TCS,5m,2026-03-10 05:10:00
2518.0,2518.199951171875,2516.300048828125,2517.300048828125,12148,-0.000317719231602287,-0.004547611427534237,0.0019799748136871283,0.35,0.5,0,2517.8119311821197,2521.4719366150357,59.5140900060294,-1.3561178501813629,-1.7952922580768267,2518.515631043945,0.0019799748136871283,0,TCS,5m,2026-03-10 05:15:00
2517.0,2519.5,2515.300048828125,2516.5,16556,-0.00031782020919490783,-0.004470309601174227,0.001979701267701745,0.4,0.5,0,2517.686985355251,2521.2769587085636,53.24673952102138,-1.3018233273323858,-1.6965984719279388,2518.482640258231,0.001979701267701745,0,TCS,5m,2026-03-10 05:20:00
2516.199951171875,2516.5,2515.0,2515.699951171875,13039,-0.0003179212509933915,-0.010073622620066058,0.0014855309542338995,0.35,0.55,0,2517.497744004453,2521.0582525306545,52.789798505820585,-1.3082708489700963,-1.6189329473363705,2518.433088010151,0.0014855309542338995,0,TCS,5m,2026-03-10 05:25:00
2515.89990234375,2517.10009765625,2515.60009765625,2516.0,16792,0.00011927051474680539,-0.005612185378984891,0.001178555969612642,0.4,0.5,0,2517.355101718315,2520.859889686315,62.06855081178593,-1.2744777374800833,-1.550041905365113,2518.3831890082015,0.001178555969612642,0,TCS,5m,2026-03-10 05:30:00
2516.60009765625,2519.0,2515.89990234375,2517.39990234375,31439,0.0005563999776430073,-0.00316781512210218,0.001128060356518843,0.45,0.45,0,2517.359368444547,2520.7242039081752,65.72754885666801,-1.1218045687205631,-1.4643944380362033,2518.344488203757,0.001128060356518843,0,TCS,5m,2026-03-10 05:35:00
2518.0,2518.0,2515.10009765625,2515.10009765625,15084,-0.0009135635086657823,-0.0024194247317789186,0.0010871360387106107,0.45,0.45,0,2517.1441997980423,2520.5036507218256,61.40403477962908,-1.1728649435531224,-1.4060885391395872,2518.300818481485,0.0010871360387106107,0,TCS,5m,2026-03-10 05:40:00
2514.300048828125,2517.0,2511.699951171875,2511.699951171875,19412,-0.001351893106577906,-0.00035825298471281464,0.0008250187964675699,0.45,0.45,0,2516.6256999288835,2520.15840760222,50.60738749246325,-1.470740285055399,-1.4190188883227495,2518.184415339074,0.0008250187964675699,0,TCS,5m,2026-03-10 05:45:00
2511.5,2512.60009765625,2508.800048828125,2511.10009765625,53058,-0.00023882371592398588,-0.0015506569955268112,0.0007935233675996348,0.45,0.5,0,2516.0994520933946,2519.8031797612016,40.740573288724114,-1.7352093910681106,-1.4822569888718218,2517.7304874229935,0.0007935233675996348,0,TCS,5m,2026-03-10 05:50:00
2511.10009765625,2511.800048828125,2508.699951171875,2509.800048828125,22828,-0.0005177208305389147,-0.0018294041100372915,0.0007989456085691825,0.4,0.5,0,2515.4995089252734,2519.410900116767,28.78791615289765,-2.026347663935667,-1.5910751238845908,2517.5330083452177,0.0007989456085691825,0,TCS,5m,2026-03-10 05:55:00
2509.800048828125,2510.39990234375,2508.300048828125,2509.89990234375,17470,3.978544652261107e-05,-0.00047795598177080567,0.000745604568620096,0.4,0.5,0,2514.9662130603665,2519.037919811943,33.14220343475773,-2.223389646686428,-1.7175380284449584,2517.3776436820217,0.000745604568620096,0,TCS,5m,2026-03-10 06:00:00
2511.0,2511.800048828125,2508.699951171875,2510.0,35234,3.988113476416366e-05,-0.00027878726470209614,0.0007450266592416001,0.45,0.45,0,2514.49324038795,2518.683491584024,35.11887461489276,-2.344444496528922,-1.8429193220617512,2517.1058407840083,0.0007450266592416001,0,TCS,5m,2026-03-10 06:05:00
2510.0,2510.0,2507.0,2507.10009765625,34021,-0.0011553395791832344,-0.00111550452067255,0.0007854468446312513,0.45,0.5,0,2513.7891315563597,2518.2292408417584,16.86669019884691,-2.6439019647496025,-2.0031158505993214,2516.7872410239734,0.0007854468446312513,0,TCS,5m,2026-03-10 06:10:00
2507.10009765625,2508.60009765625,2505.0,2506.199951171875,38620,-0.0003590389092228419,-0.0020705388922815926,0.000772602476046526,0.45,0.55,0,2513.066352472123,2517.757503991959,11.445295839277577,-2.9201962595193436,-2.186531932383326,2516.3967023431396,0.000772602476046526,0,TCS,5m,2026-03-10 06:15:00
2506.300048828125,2507.10009765625,2505.300048828125,2506.0,20707,-7.978260943686255e-05,-0.003618185083261727,0.000678051422169403,0.4,0.55,0,2512.3933665223967,2517.2964254040394,11.94914473482173,-3.1193380795652956,-2.37309316181972,2516.1899908457526,0.000678051422169403,0,TCS,5m,2026-03-10 06:20:00
2506.699951171875,2508.39990234375,2503.0,2504.300048828125,45441,-0.0006783524229349025,-0.0055197770682512415,0.000598336702639129,0.4,0.6,0,2511.6225743610376,2516.7867635775333,11.309073998721146,-3.375421501236815,-2.5735588297031393,2515.7262203438568,0.000598336702639129,0,TCS,5m,2026-03-10 06:25:00
2503.60009765625,2505.0,2502.89990234375,2503.199951171875,22097,-0.00043928348632371605,-0.005008385965378781,0.0005784641360164586,0.4,0.65,0,2510.8204197715936,2516.2539474047626,11.110635199383225,-3.6253473967635728,-2.783916543115226,2515.4836753067616,0.0005784641360164586,0,TCS,5m,2026-03-10 06:30:00
2503.199951171875,2506.800048828125,2501.5,2502.199951171875,58129,-0.000399488662314762,-0.005089482635437403,0.0005792483402013237,0.45,0.7,0,2509.9994227620964,2515.7028102975905,10.982218458933119,-3.859615863095769,-2.999056407111335,2514.879920981274,0.0005792483402013237,0,TCS,5m,2026-03-10 06:35:00
2502.39990234375,2504.5,2499.0,2499.60009765625,74478,-0.0010390270827107528,-0.007346808817178863,0.00048768761939847673,0.4,0.7,0,2509.009010847254,2515.0713313704796,8.162680617837566,-4.206571028983035,-3.240559331485675,2514.0403053874456,0.00048768761939847673,0,TCS,5m,2026-03-10 06:40:00
2499.60009765625,2500.800048828125,2497.89990234375,2500.800048828125,22824,0.0004800572591592278,-0.007225069937227047,0.000497961810636698,0.35,0.75,0,2508.22720494067,2514.5116732315637,7.216118599061176,-4.3347412674179395,-3.459395718672128,2513.7811215854667,0.000497961810636698,0,TCS,5m,2026-03-10 06:45:00
2500.5,2501.0,2496.0,2497.800048828125,24177,-0.0011996160994182103,-0.008061652849709833,0.0005319680281600154,0.35,0.8,0,2507.2341424537613,2513.856315411821,6.9647390348479945,-4.625077023827998,-3.6925319797033023,2513.48699084246,0.0005319680281600154,0,TCS,5m,2026-03-10 06:50:00
2498.199951171875,2500.0,2497.5,2500.0,11475,0.0008807555164020986,-0.006872461960257259,0.0006047767311609561,0.35,0.75,0,2506.545176505784,2513.3129304937106,19.047188456719155,-4.624345947203892,-3.8788947732034202,2513.3592831362635,0.0006047767311609561,0,TCS,5m,2026-03-10 06:55:00
2500.0,2500.0,2498.800048828125,2500.0,35280,0.0,-0.006556725610967651,0.0006096724448987293,0.3,0.7,0,2505.921826362376,2512.7908547880747,19.671540637173806,-4.571074067259815,-4.0173306320146995,2512.9920954196305,0.0006096724448987293,0,TCS,5m,2026-03-10 07:00:00
2500.0,2501.89990234375,2495.5,2495.60009765625,74157,-0.0017599609374999714,-0.0079897658328697,0.0006885060155437297,0.35,0.7,0,2504.9388045808405,2512.1167074495715,16.82201407824033,-4.82823418797625,-4.179511343207009,2512.178091523233,0.0006885060155437297,0,TCS,5m,2026-03-10 07:05:00
2495.60009765625,2496.39990234375,2490.60009765625,2491.89990234375,83221,-0.0014826875972536735,-0.00957873515749208,0.0007173968127877805,0.3,0.75,0,2503.6970043677843,2511.3238915630686,14.0,-5.269862578845277,-4.397581590334664,2511.097378786029,0.0007173968127877805,0,TCS,5m,2026-03-10 07:10:00
2491.89990234375,2493.0,2490.199951171875,2492.300048828125,75952,0.00016057887557940909,-0.009970546790065593,0.0006922954817007261,0.25,0.8,0,2502.611580030674,2510.5778585146395,15.019926854451924,-5.523891797110537,-4.622843631689839,2510.1566584560287,0.0006922954817007261,0,TCS,5m,2026-03-10 07:15:00
2492.89990234375,2495.0,2491.199951171875,2494.60009765625,96119,0.0009228619279635364,-0.008150769036629368,0.0007537118296858222,0.3,0.75,0,2501.8485817093,2509.9512796574477,24.69655635946704,-5.476487525449102,-4.7935724104416915,2509.1930226656214,0.0007537118296858222,0,TCS,5m,2026-03-10 07:20:00
2494.60009765625,2495.0,2493.199951171875,2494.89990234375,45916,0.00012018146226400184,-0.00668871646881497,0.0007282190495794276,0.3,0.7,0,2501.186802722105,2509.3610295667145,26.555772795883016,-5.3530212688719985,-4.905462182127753,2508.7919515995177,0.0007282190495794276,0,TCS,5m,2026-03-10 07:25:00
2495.0,2496.0,2492.10009765625,2493.0,156134,-0.0007615144567384435,-0.007208035105069621,0.0007339331217179197,0.35,0.7,0,2500.4071072247616,2508.7194205640985,24.80601082554223,-5.346844516709098,-4.9937386490440225,2507.5206559787975,0.0007339331217179197,0,TCS,5m,2026-03-10 07:30:00
2492.60009765625,2495.0,2490.300048828125,2491.199951171875,49166,-0.0007220412467409121,-0.007410987845400174,0.0007376364524944671,0.35,0.7,0,2499.530235219725,2508.032382548717,24.710140829138624,-5.424666118635287,-5.079924142962276,2507.123902435361,0.0007376364524944671,0,TCS,5m,2026-03-10 07:35:00
2491.199951171875,2495.89990234375,2491.199951171875,2494.89990234375,82215,0.0014852084314367353,-0.005976333951004609,0.0008433044314647053,0.4,0.65,0,2499.0892511362986,2507.517383324993,35.43838608814836,-5.128665102231935,-5.089672334816209,2506.58030218618,0.0008433044314647053,0,TCS,5m,2026-03-10 07:40:00
2495.800048828125,2496.0,2490.60009765625,2491.699951171875,69163,-0.0012825970167656964,-0.007290856106822674,0.0008668268268116335,0.4,0.7,0,2498.385508282544,2506.897091868008,32.89885960587216,-5.093575908193543,-5.090453049491676,2506.115177891742,0.0008668268268116335,0,TCS,5m,2026-03-10 07:45:00
2490.5,2496.0,2490.300048828125,2495.0,72440,0.0013244166202968088,-0.004826332090833385,0.0009233996624496219,0.4,0.7,0,2498.063078922302,2506.430539245733,42.674980950751866,-4.744786166937956,-5.0213196729809315,2505.694521105128,0.0009233996624496219,0,TCS,5m,2026-03-10 07:50:00
2494.800048828125,2498.199951171875,2494.5,2496.89990234375,35786,0.0007614839053107225,-0.003710816778117132,0.0009495145440946214,0.45,0.65,0,2497.952300200535,2506.0567887789884,43.92497775343966,-4.265887052584276,-4.870233148901601,2505.5429016526396,0.0009495145440946214,0,TCS,5m,2026-03-10 07:55:00
2496.89990234375,2498.800048828125,2496.0,2497.300048828125,88593,0.0001602573190857548,-0.003471648512320402,0.0009524329482209223,0.5,0.65,0,2497.89018102221,2505.713387212288,49.152542372881356,-3.8101465790232396,-4.6582158349259295,2505.221091555577,0.0009524329482209223,0,TCS,5m,2026-03-10 08:00:00
2497.699951171875,2501.0,2496.699951171875,2500.39990234375,113104,0.0012412819665301722,-0.001557379869956077,0.0009946617402403033,0.5,0.6,0,2498.129202100452,2505.5050152566596,50.65773623090638,-3.1623827186731432,-4.359049211675372,2504.940985685224,0.0009946617402403033,0,TCS,5m,2026-03-10 08:05:00
2500.300048828125,2501.0,2496.699951171875,2498.10009765625,26592,-0.0009197747469691375,-0.002037333658958196,0.0010095524042700442,0.5,0.55,0,2498.126430248623,2505.2146263311533,47.09492451731398,-2.8022970741694735,-4.047698784174193,2504.8704506295703,0.0010095524042700442,0,TCS,5m,2026-03-10 08:10:00
2497.39990234375,2497.89990234375,2494.89990234375,2495.0,46416,-0.0012409821604660864,-0.0028774483703841724,0.0010397108267254749,0.45,0.55,0,2497.8286749868494,2504.8140527495398,49.04442751177943,-2.7355449198662427,-3.7852680113126027,2504.7002288523113,0.0010397108267254749,0,TCS,5m,2026-03-10 08:15:00
2495.800048828125,2499.89990234375,2495.0,2498.5,38846,0.001402805611222524,-0.00044010946282224683,0.0010718948155103575,0.5,0.5,0,2497.892610702387,2504.566442837793,60.57717889728783,-2.3728696431912795,-3.5027883376883384,2504.5919632485666,0.0010718948155103575,0,TCS,5m,2026-03-10 08:20:00
2498.5,2499.699951171875,2497.0,2498.39990234375,15789,-4.006310036019922e-05,-0.0009597514545394148,0.001065376316747429,0.5,0.45,0,2497.9409241920407,2504.3246177203796,59.87042231264568,-2.069666095375851,-3.216163889225841,2504.5525142556303,0.001065376316747429,0,TCS,5m,2026-03-10 08:25:00
2498.39990234375,2499.199951171875,2496.300048828125,2497.89990234375,59694,-0.00020012808979497088,3.9976584863987696e-05,0.0010313869773951345,0.45,0.45,0,2497.937017349346,2504.0726680977664,55.66984361366534,-1.8484135596759188,-2.9426138233158565,2504.3945226430114,0.0010313869773951345,0,TCS,5m,2026-03-10 08:30:00
2498.10009765625,2503.0,2498.10009765625,2501.89990234375,101194,0.001601345192514314,0.0007599609374999705,0.0010753317147909672,0.5,0.45,0,2498.314434967861,2503.987461597609,60.6707952481615,-1.3349146948430644,-2.621073997621298,2504.265020652694,0.0010753317147909672,0,TCS,5m,2026-03-10 08:35:00
2500.800048828125,2504.0,2498.89990234375,2500.10009765625,116020,-0.0007193751779653867,4.003906249994138e-05,0.001088637329828334,0.55,0.45,0,2498.4844980810412,2503.8350159528504,60.856515701294626,-1.0609622294341534,-2.309051643983869,2504.128194359995,0.001088637329828334,0,TCS,5m,2026-03-10 08:40:00
2500.10009765625,2502.0,2496.5,2497.5,65453,-0.0010399974219782449,0.0007613007971647434,0.0010380146805549907,0.5,0.45,0,2498.390736359037,2503.5865839546996,59.403126480341065,-1.0416515669553519,-2.055571628578166,2504.0020562102213,0.0010380146805549907,0,TCS,5m,2026-03-10 08:45:00
2497.5,2500.60009765625,2495.89990234375,2498.60009765625,34673,0.0004404795420420715,0.002688789909337075,0.000976956065962403,0.5,0.45,0,2498.4106755302,2503.391035472407,55.98738997835122,-0.9268943794209008,-1.829836178746713,2503.933942524591,0.000976956065962403,0,TCS,5m,2026-03-10 08:50:00
2499.300048828125,2500.0,2497.5,2499.10009765625,21418,0.00020011205493397632,0.0027284230208648452,0.0009770511253368382,0.5,0.4,0,2498.4763347803,2503.222763401185,63.12084981862571,-0.7865359632114632,-1.6211761356396632,2503.8963897778017,0.0009770511253368382,0,TCS,5m,2026-03-10 08:55:00
2498.89990234375,2502.0,2498.89990234375,2501.0,42181,0.0007602345922566034,0.0025655023223012385,0.0009708208929253895,0.5,0.4,0,2498.716683848843,2503.135596208982,61.194111430966,-0.5160460089791741,-1.4001501103075655,2503.849449673014,0.0009708208929253895,0,TCS,5m,2026-03-10 09:00:00
2501.0,2503.0,2500.0,2500.699951171875,43346,-0.00011997154263299059,0.002324762136820091,0.0009724139299466492,0.55,0.4,0,2498.9055664510365,2503.040080717331,57.53979403016886,-0.3221783330186554,-1.1845557548497836,2503.8113400997345,0.0009724139299466492,0,TCS,5m,2026-03-10 09:05:00
2500.699951171875,2503.0,2499.5,2500.0,97481,-0.00027990210162842644,0.0028078620136382515,0.0009553384367339128,0.5,0.4,0,2499.0097982176044,2502.9208618656708,55.29407259184084,-0.22245271646943365,-0.9921351471737136,2503.7168749739762,0.0009553384367339128,0,TCS,5m,2026-03-10 09:10:00
2500.0,2507.0,2499.89990234375,2506.60009765625,124847,0.002640039062500099,0.0061818187163702465,0.0010828412689947342,0.55,0.35,0,2499.7326838784275,2503.065145622164,60.68999191810345,0.38471847951905147,-0.7167644218351606,2503.74744813871,0.0010828412689947342,0,TCS,5m,2026-03-10 09:15:00
2506.0,2506.699951171875,2503.699951171875,2505.800048828125,58180,-0.00031917689178784237,0.004368971466204075,0.0010544587925148338,0.5,0.35,0,2500.3105281593507,2503.17239672828,63.99978693370975,0.7922165928844151,-0.4149682188912455,2503.776975565571,0.0010544587925148338,0,TCS,5m,2026-03-10 09:20:00
2505.699951171875,2512.60009765625,2505.199951171875,2511.199951171875,108115,0.002154961384997822,0.007825982414467303,0.0010768219808337334,0.5,0.3,0,2501.347616065306,2503.487202784892,77.18108159035236,1.5332148277248052,-0.025331609568035374,2503.966250701054,0.0010768219808337334,0,TCS,5m,2026-03-10 09:25:00
2510.89990234375,2513.199951171875,2508.0,2511.300048828125,175918,3.986048829096589e-05,0.006533085702655317,0.0010562933847951049,0.55,0.25,0,2502.295466804622,2503.793588904234,74.2423822074259,2.1042814648903914,0.40059100532365,2504.307492222582,0.0010562933847951049,0,TCS,5m,2026-03-10 09:30:00
2511.699951171875,2511.699951171875,2509.0,2511.10009765625,146564,-7.962058216348655e-05,0.005687130388835726,0.0010547925988031882,0.5,0.25,0,2503.1340030762053,2504.0801186592153,73.96263266509433,2.511767409473123,0.8228262861535446,2504.557649814582,0.0010547925988031882,0,TCS,5m,2026-03-10 09:35:00
2511.0,2513.39990234375,2509.39990234375,2511.0,122417,-3.986207333728231e-05,0.005485905139153591,0.0010569763439733813,0.5,0.25,0,2503.8831456403764,2504.3514865549323,75.09587862234112,2.7944136509186137,1.2171437591065586,2504.773261057938,0.0010569763439733813,0,TCS,5m,2026-03-10 09:40:00
2511.10009765625,2519.39990234375,2510.800048828125,2518.199951171875,108972,0.0028673640668557265,0.0071188807884050576,0.0011895179917687268,0.5,0.25,0,2505.2466509290907,2504.894563598734,77.81573662853191,3.5583700458082603,1.6853890164468992,2505.089212112909,0.0011895179917687268,0,TCS,5m,2026-03-10 09:45:00
2518.199951171875,2519.89990234375,2516.800048828125,2519.800048828125,93241,0.0006354132663315415,0.008686581931698578,0.0011520110601432804,0.55,0.25,0,2506.632688824237,2505.4790924312592,83.8483157850581,4.244003273120143,2.197111867781548,2505.4086856266495,0.0011520110601432804,0,TCS,5m,2026-03-10 09:50:00
2519.89990234375,2519.89990234375,2515.800048828125,2517.39990234375,83123,-0.000952514659046555,0.008977916771041983,0.0011315716152301455,0.55,0.25,0,2507.6581377308576,2505.946575172926,84.42843143880516,4.541350916583724,2.6659596775419834,2505.65821477468,0.0011315716152301455,0,TCS,5m,2026-03-10 09:55:00
2513.10009765625,2517.89990234375,2507.0,2507.0,76132,-0.002665374269809506,0.0034422422319910773,0.0013578992553784142,0.55,0.3,0,2508.116067721929,2506.2800162264666,60.477269783706774,3.753215324506982,3.165242779756531,2510.63330078125,0.0013578992553784142,0,TCS,5m,2026-03-11 03:50:00
2507.199951171875,2509.0,2504.60009765625,2505.800048828125,46926,-0.0004786402759772157,0.0031627153982280998,0.0013633412143421238,0.55,0.3,0,2507.895494493948,2506.2611939755516,56.48650966988446,3.0865062234179277,3.149495468488811,2509.0444468981027,0.0013633412143421238,0,TCS,5m,2026-03-11 03:55:00
2505.0,2507.0,2501.10009765625,2502.199951171875,56436,-0.001436705876805111,0.00011992839035812608,0.0013634010563690982,0.5,0.35,0,2507.3530617966076,2506.101929551878,51.861028654510214,2.2417946505743203,2.967955304905913,2507.280221427688,0.0013634010563690982,0,TCS,5m,2026-03-11 04:00:00
2501.0,2501.0,2493.39990234375,2495.0,80501,-0.0028774483703841724,-0.002039957384518787,0.0015022337755230004,0.45,0.4,0,2506.1765797207404,2505.66655976553,44.65815309816687,0.9800809926064176,2.570380442446014,2503.932062454276,0.0015022337755230004,0,TCS,5m,2026-03-11 04:05:00
2495.5,2495.60009765625,2487.199951171875,2490.699951171875,82239,-0.0017234664641783137,-0.0027227422735235374,0.0015321933120351306,0.45,0.4,0,2504.7026150970387,2505.079633938328,32.134764885638575,-0.36263395639389273,1.9837775626780327,2500.86453151294,0.0015321933120351306,0,TCS,5m,2026-03-11 04:10:00
2490.60009765625,2496.0,2489.5,2494.0,36883,0.0013249483650459304,-0.0018410699897775107,0.0015621547187700039,0.5,0.35,0,2503.6833184211305,2504.645138489766,37.446821773075065,-1.1472342639781345,1.3575751973467995,2500.1156324946287,0.0015621547187700039,0,TCS,5m,2026-03-11 04:15:00
2494.199951171875,2495.800048828125,2491.800048828125,2492.60009765625,35911,-0.0005613080768844814,-0.002600936235445661,0.001563964486296319,0.5,0.35,0,2502.62777358638,2504.172783947275,28.372386148788664,-1.8605488313705791,0.7139503916033237,2499.5345566622536,0.001563964486296319,0,TCS,5m,2026-03-11 04:20:00
2491.89990234375,2493.800048828125,2490.0,2490.60009765625,24785,-0.0008023749986532103,-0.0041582976184526554,0.00155621297667342,0.45,0.4,0,2501.4822806406537,2503.640521739784,26.94890463321933,-2.5577548447822664,0.05960934432620568,2499.0799056097935,0.00155621297667342,0,TCS,5m,2026-03-11 04:25:00
2490.10009765625,2491.39990234375,2487.5,2490.10009765625,43850,-0.00020075483032000463,-0.004238754637739595,0.0015560795538100787,0.4,0.45,0,2500.3982632135676,2503.1095247169005,26.770011882899425,-3.114736708910641,-0.5752598663211638,2498.226479716856,0.0015560795538100787,0,TCS,5m,2026-03-11 04:30:00
2489.5,2489.5,2487.199951171875,2487.199951171875,33709,-0.0011646706440052723,-0.005120019531249964,0.0015706436114059164,0.4,0.45,0,2499.1412811143587,2502.4856198719976,25.208408567257848,-3.7469736529619695,-1.209602623649325,2497.558006866746,0.0015706436114059164,0,TCS,5m,2026-03-11 04:35:00
2486.89990234375,2487.39990234375,2484.10009765625,2484.60009765625,60771,-0.0010452933285078903,-0.008776828829046401,0.0014222366961323836,0.35,0.5,0,2497.7564064993007,2501.784226843929,11.290621993958382,-4.407011155639793,-1.8490843300474187,2496.276528137303,0.0014222366961323836,0,TCS,5m,2026-03-11 04:40:00
2484.60009765625,2487.800048828125,2484.10009765625,2487.699951171875,25992,0.0012476267382219852,-0.007223280909709806,0.0014715236320404998,0.4,0.5,0,2496.7986488490697,2501.2319023077703,14.25371105432005,-4.626630443891827,-2.4045935528163005,2495.857343231196,0.0014715236320404998,0,TCS,5m,2026-03-11 04:45:00
2487.800048828125,2487.89990234375,2485.0,2487.699951171875,24821,0.0,-0.009358076002284665,0.0013515815373510791,0.4,0.5,0,2495.932106213146,2500.701237557343,15.058680254367275,-4.745971704557633,-2.872869183164567,2495.502534953715,0.0013515815373510791,-1,TCS,5m,2026-03-11 04:50:00
2487.699951171875,2488.0,2483.300048828125,2486.199951171875,29634,-0.0006029666074854889,-0.009994862090638157,0.001346474182116199,0.4,0.55,0,2495.0052343044536,2500.132559659874,15.880727942423732,-4.905045664286263,-3.2793044793889066,2495.067458319059,0.001346474182116199,-1,TCS,5m,2026-03-11 04:55:00
2486.60009765625,2490.10009765625,2485.800048828125,2487.0,28895,0.00032179585063052407,-0.009597426115647067,0.0013560479368067914,0.45,0.55,0,2494.2428310373625,2499.6175573202713,20.930150033356526,-4.909956744288593,-3.605434932368844,2494.7550040392216,0.0013560479368067914,-1,TCS,5m,2026-03-11 05:00:00
2487.10009765625,2487.10009765625,2479.39990234375,2480.89990234375,91607,-0.0024527935891636155,-0.01198729496465556,0.001420521556629215,0.4,0.6,-1,2492.972075923685,2498.8835316349177,18.320463680244515,-5.344468010380297,-3.953241547971135,2493.3101160109964,0.001420521556629215,-1,TCS,5m,2026-03-11 05:05:00
2480.699951171875,2482.199951171875,2480.0,2481.5,33313,0.00024188708931105474,-0.014573882885986156,0.0011848064534176709,0.35,0.6,-1,2491.879497264287,2498.2018245119802,21.48770891481992,-5.576120408553379,-4.277817320087584,2492.8149019200628,0.0011848064534176709,0,TCS,5m,2026-03-11 05:10:00
2481.5,2481.60009765625,2478.5,2480.800048828125,42544,-0.00028206777024986085,-0.015477418542847343,0.00114616149562977,0.3,0.65,-1,2490.824311698938,2497.519401936143,26.17461760922818,-5.7499054817049,-4.572234952411048,2492.192137392654,0.00114616149562977,0,TCS,5m,2026-03-11 05:15:00
2480.800048828125,2482.60009765625,2479.0,2481.5,32390,0.00028214735492504417,-0.01426070697401971,0.001169339184888773,0.35,0.6,-1,2489.936282013325,2496.89119009551,32.44280855425616,-5.764699328933148,-4.810727827715468,2491.7848154907433,0.001169339184888773,0,TCS,5m,2026-03-11 05:20:00
2481.5,2484.699951171875,2480.800048828125,2484.5,19702,0.0012089462018940456,-0.011616323244252769,0.0012304254276692386,0.35,0.55,0,2489.418540869199,2496.405261072157,31.660162509661973,-5.471279131418214,-4.942838088456018,2491.6012393332544,0.0012304254276692386,0,TCS,5m,2026-03-11 05:25:00
2484.300048828125,2487.60009765625,2484.199951171875,2486.699951171875,22575,0.0008854703851377543,-0.008097346959762719,0.0011688275401994619,0.4,0.55,0,2489.159627564692,2496.024660683911,38.95101634007845,-5.00354607257259,-4.954979685279333,2491.469264971853,0.0011688275401994619,0,TCS,5m,2026-03-11 05:30:00
2486.800048828125,2486.800048828125,2484.699951171875,2485.199951171875,14636,-0.0006032090841089355,-0.008220966260210516,0.0011695678790917422,0.4,0.5,0,2488.782515527281,2495.6001622716744,39.69435773191073,-4.699726199430188,-4.903928988109504,2491.3777738582407,0.0011695678790917422,0,TCS,5m,2026-03-11 05:35:00
2485.199951171875,2488.60009765625,2485.0,2487.0,34195,0.0007243074454739151,-0.006074634908675547,0.0011697416799329441,0.45,0.45,0,2488.61275214373,2495.2629010061187,44.36345880681818,-4.264538914246714,-4.776050973336947,2491.2201197417708,0.0011697416799329441,0,TCS,5m,2026-03-11 05:40:00
2487.0,2487.0,2484.5,2485.89990234375,19513,-0.00044233922647773927,-0.003647333729959956,0.0010025609542771248,0.45,0.45,0,2488.354385496113,2494.8957245879865,47.470717318817854,-3.9627385589551523,-4.613388490460588,2491.114140111615,0.0010025609542771248,0,TCS,5m,2026-03-11 05:45:00
2485.89990234375,2486.800048828125,2484.699951171875,2485.0,18765,-0.0003620026465673831,-0.002288493710048578,0.0009364435534785218,0.45,0.4,0,2488.0349202107686,2494.507656957085,50.83312988281251,-3.75291295691477,-4.441293383751424,2491.010523755969,0.0009364435534785218,0,TCS,5m,2026-03-11 05:50:00
2485.39990234375,2488.10009765625,2485.39990234375,2487.699951171875,17803,0.0010864994655432891,-0.0025260821283580315,0.0009185034882931614,0.45,0.4,0,2488.003018397541,2494.240688102763,50.0,-3.330370719874736,-4.219108850976087,2490.9426543725176,0.0009185034882931614,0,TCS,5m,2026-03-11 05:55:00
2487.699951171875,2487.699951171875,2485.699951171875,2485.699951171875,13846,-0.0008039554766473556,-0.0027682525130537927,0.0009261261827979869,0.45,0.4,0,2487.783678661763,2493.9057572427287,46.09376490110435,-3.1209103265259728,-3.9994691460860645,2490.8822181142273,0.0009261261827979869,0,TCS,5m,2026-03-11 06:00:00
2485.800048828125,2488.0,2485.39990234375,2487.5,26734,0.0007241617506072995,-0.001244719157911911,0.0009313959399345909,0.5,0.4,0,2487.7566616463573,2493.654551076347,52.509732577978454,-2.7776436123817803,-3.755104039345208,2490.7848518750707,0.0009313959399345909,0,TCS,5m,2026-03-11 06:05:00
2487.5,2487.5,2484.0,2484.5,20400,-0.001206030150753823,-0.0022489447960428732,0.0009657768370362311,0.5,0.4,0,2487.4465033943234,2493.2955490733534,45.551616883004044,-2.7163646356320896,-3.5473561586025846,2490.683336433603,0.0009657768370362311,0,TCS,5m,2026-03-11 06:10:00
2484.5,2484.5,2482.5,2482.800048828125,13085,-0.0006842226491748926,-0.0017690183459825315,0.0009439467617921243,0.5,0.4,0,2487.003983911828,2492.8839608284425,54.00875611640484,-2.7730069594599627,-3.3924863187740604,2490.5957958204763,0.0009439467617921243,0,TCS,5m,2026-03-11 06:15:00
2482.800048828125,2484.10009765625,2482.5,2483.39990234375,13414,0.0002416036345367356,-0.000483053717027615,0.0009187909516463308,0.5,0.35,0,2486.6607380482014,2492.5120369662977,54.00828234130664,-2.737932067087968,-3.261575468436842,2490.50897045147,0.0009187909516463308,0,TCS,5m,2026-03-11 06:20:00
2483.60009765625,2483.60009765625,2481.0,2481.800048828125,15761,-0.0006442190458794128,-0.002371629400471198,0.0008774653004912543,0.45,0.4,0,2486.197815265337,2492.091959000095,52.03255260023819,-2.8068738755409868,-3.170635149857671,2490.3929471083643,0.0008774653004912543,0,TCS,5m,2026-03-11 06:25:00
2482.199951171875,2486.0,2481.300048828125,2485.5,14362,0.001490833709034023,-0.000884331396492799,0.0009484973162406777,0.45,0.4,0,2486.131356668638,2491.833450804013,57.24647937159437,-2.5337481462247524,-3.0432577491310875,2490.3165795057957,0.0009484973162406777,0,TCS,5m,2026-03-11 06:30:00
2485.5,2485.5,2482.89990234375,2483.89990234375,15356,-0.0006437729455843755,-0.0009251262461978937,0.0009498064172916858,0.4,0.35,0,2485.9188372091253,2491.5223312565518,48.8547626591125,-2.4185292465890598,-2.918312048622682,2490.234811677633,0.0009498064172916858,0,TCS,5m,2026-03-11 06:35:00
2483.89990234375,2488.0,2483.60009765625,2486.39990234375,16415,0.0010064817819916971,-0.00024129379020909614,0.000975740166649755,0.4,0.35,0,2485.964652936232,2491.321451691344,49.4338649198935,-2.1012662426396673,-2.7549028874260792,2490.1760952531276,0.000975740166649755,0,TCS,5m,2026-03-11 06:40:00
2486.39990234375,2486.800048828125,2484.89990234375,2485.199951171875,11161,-0.0004826058634992414,0.0017332617184848687,0.0007999243688095143,0.4,0.3,0,2485.8918241967694,2491.0813928474436,50.0,-1.924474908611046,-2.588817291663073,2490.1336688944107,0.0007999243688095143,0,TCS,5m,2026-03-11 06:45:00
2485.199951171875,2487.0,2485.0,2486.10009765625,15185,0.00036220284164678596,0.0018537568632883694,0.0008016019756005038,0.45,0.3,0,2485.911659764339,2490.8860479379855,48.221523140463965,-1.6922252845233743,-2.4094988902351333,2490.0822222878983,0.0008016019756005038,0,TCS,5m,2026-03-11 06:50:00
2486.199951171875,2486.699951171875,2483.800048828125,2486.699951171875,15825,0.00024128292991520972,0.0023782256641509125,0.0007972471935174075,0.45,0.3,0,2485.9867351364855,2490.721887280491,51.61303025231593,-1.4431271472021763,-2.216224541628542,2490.0260906534804,0.0007972471935174075,0,TCS,5m,2026-03-11 06:55:00
2486.60009765625,2488.0,2483.800048828125,2485.699951171875,35683,-0.00040213938940592,0.001692505005792766,0.000804530709750569,0.45,0.3,0,2485.9594223779513,2490.524948609565,51.40554373510869,-1.3112909752589985,-2.0352378283546333,2489.9075175870335,0.000804530709750569,0,TCS,5m,2026-03-11 07:00:00
2485.699951171875,2486.10009765625,2483.5,2484.0,19486,-0.0006838923463282631,-0.00020124773596297274,0.0007761717735038455,0.4,0.35,0,2485.772810722908,2490.269068271935,42.25940567762761,-1.3286656807490544,-1.8939233988335178,2489.82578376798,0.0007761717735038455,0,TCS,5m,2026-03-11 07:05:00
2484.0,2489.60009765625,2484.0,2489.60009765625,31043,0.002254467655495196,0.001166263136414214,0.0009083831439742102,0.4,0.35,0,2486.1373142403695,2490.2428341301434,57.09123838102256,-0.8804054155411905,-1.6912198021750524,2489.7762869229264,0.0009083831439742102,0,TCS,5m,2026-03-11 07:10:00
2489.60009765625,2489.60009765625,2486.89990234375,2488.0,18527,-0.0006427127223188611,0.001126689555423832,0.0009099396963867187,0.4,0.35,0,2486.314712884144,2490.15487985053,50.915757467358254,-0.646814360783992,-1.4823387138968402,2489.7538784558433,0.0009099396963867187,0,TCS,5m,2026-03-11 07:15:00
2488.0,2488.800048828125,2486.300048828125,2487.0,13908,-0.000401929260450129,0.0,0.0009012572983795257,0.35,0.4,0,2486.379978323749,2490.031159072078,54.94074960435404,-0.5362024020910212,-1.2931114515356765,2489.729188621886,0.0009012572983795257,0,TCS,5m,2026-03-11 07:20:00
2487.0,2488.10009765625,2485.89990234375,2485.89990234375,19652,-0.00044233922647773927,0.0,0.0009012572983795257,0.35,0.4,0,2486.3342568018447,2489.8691490043,56.27501952140435,-0.5311871203994087,-1.140726585308423,2489.6845963608043,0.0009012572983795257,0,TCS,5m,2026-03-11 07:25:00
2485.60009765625,2487.60009765625,2481.60009765625,2483.699951171875,26789,-0.0008849717439550764,-0.0005231584821429047,0.0009197221317664033,0.35,0.45,0,2486.0833705513714,2489.6272196775385,50.57043397540032,-0.6966990345463273,-1.051921075156004,2489.5809083279014,0.0009197221317664033,0,TCS,5m,2026-03-11 07:30:00
2483.699951171875,2483.699951171875,2482.0,2482.10009765625,20564,-0.0006441412195825613,-0.002251016451154886,0.0008905171671547404,0.3,0.45,0,2485.7040112280265,2489.332038421802,50.57043397540032,-0.9460576632918674,-1.0307483927831766,2489.4792205587946,0.0008905171671547404,0,TCS,5m,2026-03-11 07:35:00
2482.0,2482.0,2476.0,2478.10009765625,82372,-0.0016115385530893755,-0.0030574299653672865,0.0009404400804375611,0.3,0.5,0,2484.979828983095,2488.891570156486,36.09046019421041,-1.4497311454906594,-1.1145449433246732,2488.8849459777175,0.0009404400804375611,0,TCS,5m,2026-03-11 07:40:00
2478.0,2478.39990234375,2475.199951171875,2477.60009765625,25404,-0.00020176747520117555,-0.003979860238693456,0.0009175145278320741,0.25,0.5,0,2484.2769974281573,2488.44876731334,37.647441789215684,-1.8677120088036645,-1.2651783564204715,2488.6873599421174,0.0009175145278320741,0,TCS,5m,2026-03-11 07:45:00
2477.60009765625,2479.39990234375,2477.199951171875,2478.5,18850,0.00036321533269290107,-0.002414972831555673,0.000893649597936417,0.3,0.45,0,2483.726807196904,2488.058619575562,33.47294011890412,-2.102118344275823,-1.4325663539915419,2488.560895880849,0.000893649597936417,0,TCS,5m,2026-03-11 07:50:00
2478.5,2479.300048828125,2477.39990234375,2479.300048828125,21313,0.00032279557317926866,-0.0014096986995195682,0.0008885713696419084,0.3,0.4,0,2483.305211161782,2487.7151462129173,37.44701628989362,-2.1979927080660673,-1.5856516248064472,2488.425689937487,0.0008885713696419084,0,TCS,5m,2026-03-11 07:55:00
2479.300048828125,2480.800048828125,2477.699951171875,2478.5,21754,-0.0003226914098207745,-0.0019730621472303644,0.0008871088354476737,0.35,0.4,0,2482.8475720035176,2487.3537679300575,33.760407320075956,-2.311881159340828,-1.7308975317133235,2488.2960299813208,0.0008871088354476737,0,TCS,5m,2026-03-11 08:00:00
2478.199951171875,2479.0,2477.89990234375,2478.0,14488,-0.0002017349203147223,-0.0015311663926831365,0.0008782526006178221,0.35,0.35,0,2482.3858984793733,2486.9869535014277,31.330616008466322,-2.4146498187806174,-1.8676479891267823,2488.2052833804996,0.0008782526006178221,0,TCS,5m,2026-03-11 08:05:00
2477.89990234375,2480.39990234375,2477.60009765625,2479.10009765625,27875,0.00044394578541151475,-0.002574895330416438,0.0008083538517253496,0.35,0.4,0,2482.0729650676476,2486.677665036911,35.89783717800245,-2.3798921199081633,-1.9700968152830587,2488.0478315088326,0.0008083538517253496,0,TCS,5m,2026-03-11 08:10:00
2479.10009765625,2480.800048828125,2479.0,2479.89990234375,14725,0.00032261895687724085,-0.0016103708511867598,0.00080481340753506,0.4,0.4,0,2481.866006712991,2486.411870421493,40.888671875,-2.2617369434988177,-2.0284248409262107,2487.9746080163,0.00080481340753506,0,TCS,5m,2026-03-11 08:15:00
2479.89990234375,2480.89990234375,2479.39990234375,2480.89990234375,16175,0.00040324208209163714,-0.002212033548913639,0.0007726006722156159,0.4,0.4,0,2481.773996773063,2486.195714810601,25.697645871409478,-2.0636183643346158,-2.0354635456078918,2487.9005629657445,0.0007726006722156159,0,TCS,5m,2026-03-11 08:20:00
2480.89990234375,2482.0,2479.5,2480.0,16929,-0.0003627322258749066,-0.0020923673241756147,0.0007700221577575868,0.45,0.4,0,2481.605044699438,2485.9527456023425,26.743789921930457,-1.95666731845904,-2.0197043001781214,2487.825614738948,0.0007700221577575868,0,TCS,5m,2026-03-11 08:25:00
2479.89990234375,2479.89990234375,2477.199951171875,2477.89990234375,22989,-0.0008468135710685276,-0.0032984171957640696,0.0007788663472492562,0.4,0.45,0,2481.252173998896,2485.636947827496,25.136079833502322,-2.018104718702034,-2.0193843838829038,2487.6968408774874,0.0007788663472492562,0,TCS,5m,2026-03-11 08:30:00
2477.89990234375,2477.89990234375,2475.10009765625,2475.10009765625,24166,-0.001129910326422734,-0.00466475800997157,0.0008012587887029239,0.4,0.45,0,2480.666261966263,2485.223738016859,22.999829097390077,-2.2665873324967833,-2.06882497360568,2487.532851210111,0.0008012587887029239,0,TCS,5m,2026-03-11 08:35:00
2475.10009765625,2476.300048828125,2474.60009765625,2474.800048828125,40920,-0.00012122694690575031,-0.004385043471804129,0.0008006080061692655,0.35,0.5,0,2480.1075750007262,2484.8149658918105,25.41410380921549,-2.4593729070015797,-2.1469345602848597,2487.2468375807007,0.0008006080061692655,0,TCS,5m,2026-03-11 08:40:00
2474.800048828125,2474.800048828125,2471.699951171875,2471.89990234375,27916,-0.0011718710308529223,-0.004871214837459781,0.0008226410129740666,0.35,0.5,0,2479.325891890538,2484.3084928114945,23.71070448767965,-2.8137394110567584,-2.28029553043924,2487.021228480999,0.0008226410129740666,0,TCS,5m,2026-03-11 08:45:00
2471.89990234375,2473.199951171875,2471.39990234375,2471.800048828125,24966,-4.03954527165018e-05,-0.007149762262976367,0.0005801414041609784,0.3,0.55,0,2478.609144932213,2483.8179655964605,29.67694173610346,-3.067277101678883,-2.4376918446871687,2486.816164498252,0.0005801414041609784,0,TCS,5m,2026-03-11 08:50:00
2471.699951171875,2479.0,2470.199951171875,2478.199951171875,43548,0.0025891666871615815,-0.0039389263778637496,0.0008730086048147969,0.35,0.6,0,2478.5701740978952,2483.5976513053,51.40154929095411,-2.720429497375335,-2.4942393752248018,2486.557703353544,0.0008730086048147969,0,TCS,5m,2026-03-11 08:55:00
2478.0,2478.5,2474.10009765625,2474.10009765625,16932,-0.001654367523365563,-0.005186932989043047,0.0009314489513428636,0.35,0.55,0,2478.144452532024,2483.225198221024,41.05696705041684,-2.744734594994952,-2.544338419178832,2486.4583469411346,0.0009314489513428636,0,TCS,5m,2026-03-11 09:00:00
2474.39990234375,2476.5,2474.0,2475.5,20098,0.0005658228400200471,-0.004183556358783758,0.0009481673974811978,0.35,0.55,0,2477.892599909926,2482.92224927118,42.460059873857986,-2.6208249022329255,-2.5596357157896508,2486.3402415442442,0.0009481673974811978,0,TCS,5m,2026-03-11 09:05:00
2475.5,2475.5,2473.10009765625,2473.89990234375,22901,-0.0006463735230256562,-0.003945745871396844,0.0009406883889452192,0.35,0.55,0,2477.5123429988616,2482.5684317446144,41.15349221552388,-2.6215208260405234,-2.5720127378398256,2486.1947402442897,0.0009406883889452192,0,TCS,5m,2026-03-11 09:10:00
2473.89990234375,2474.89990234375,2473.0,2473.0,18311,-0.0003637585914035846,-0.0036662895524813832,0.0009357539619634161,0.35,0.6,0,2477.082596046589,2482.1931991271786,40.53009284948027,-2.663978265834885,-2.5904058434388375,2486.0758311510267,0.0009357539619634161,0,TCS,5m,2026-03-11 09:15:00
2473.699951171875,2474.0,2470.89990234375,2472.199951171875,36494,-0.0003235134767994863,-0.0023809153189393584,0.0008746039313756163,0.35,0.6,0,2476.617582248997,2481.8013070505003,36.78100708118574,-2.7307054740044805,-2.618465769551966,2485.821979244172,0.0008746039313756163,0,TCS,5m,2026-03-11 09:20:00
2472.0,2472.0,2468.10009765625,2468.800048828125,49532,-0.0013752537864659686,-0.003551843913975339,0.0009187121056464074,0.35,0.6,0,2475.8730552565335,2481.291453786878,30.661914200403217,-3.0230827559867066,-2.6993891668389143,2485.4250970750068,0.0009187121056464074,0,TCS,5m,2026-03-11 09:25:00
2468.5,2471.800048828125,2468.10009765625,2468.10009765625,61206,-0.00028351877755639077,-0.0041960469411942425,0.0009100194047923013,0.3,0.6,0,2475.132773580316,2480.774145703324,27.46466765241911,-3.2735387512389025,-2.814219083718912,2484.9519450820976,0.0009100194047923013,0,TCS,5m,2026-03-11 09:30:00
2468.199951171875,2468.800048828125,2462.5,2465.0,92666,-0.0012560664209664285,-0.005767776608919917,0.000929653478344442,0.3,0.65,0,2474.1677475250476,2480.1555517541738,25.489883193974592,-3.679760910967161,-2.9873274491685615,2484.1200688762474,0.000929653478344442,-1,TCS,5m,2026-03-11 09:35:00
2465.0,2466.199951171875,2462.699951171875,2462.699951171875,71813,-0.000933082688894471,-0.006374843182620493,0.0009407783333836611,0.25,0.65,0,2473.075576443793,2479.471018398005,25.32440252070866,-4.139571217146113,-3.217776202764072,2483.4725097965893,0.0009407783333836611,-1,TCS,5m,2026-03-11 09:40:00
2463.0,2466.0,2462.89990234375,2465.800048828125,102156,0.0012588206918080491,-0.004923305557657409,0.0010048872664984018,0.25,0.65,0,2472.3826690518245,2478.9349019442843,35.04808258429172,-4.205345618729098,-3.415290085957077,2482.6645392701635,0.0010048872664984018,-1,TCS,5m,2026-03-11 09:45:00
2466.0,2466.10009765625,2461.5,2463.5,96497,-0.0009327799426470662,-0.006292645331666291,0.001002268941813214,0.25,0.65,-1,2471.5367005706985,2478.3296116719594,32.93036429482876,-4.392433781543332,-3.6107188250743283,2481.9159799239906,0.001002268941813214,-1,TCS,5m,2026-03-11 09:50:00
2464.0,2464.0,2460.89990234375,2463.0,104502,-0.00020296326364932504,-0.006814751808239539,0.0009915005989165166,0.2,0.7,-1,2470.723681468727,2477.728450429922,35.50490671671464,-4.528842640938365,-3.7943435882471355,2481.125511876965,0.0009915005989165166,-1,TCS,5m,2026-03-11 09:55:00
2451.300048828125,2454.89990234375,2445.39990234375,2454.89990234375,60898,0.0014277556251240942,-0.010121007119455627,0.0014470291626316814,0.15,0.75,-1,2467.551567341747,2475.8412110538225,20.35620880520335,-5.935777492297802,-4.497050411286148,2451.7332356770835,0.0014470291626316814,-1,TCS,5m,2026-03-12 03:50:00
2454.89990234375,2455.89990234375,2448.60009765625,2454.699951171875,40389,-8.1449826807245e-05,-0.009362747522581927,0.0014477037369118727,0.2,0.7,-1,2466.327603896997,2475.012142038844,22.59877654328649,-6.218086321004648,-4.841257593229848,2452.2649454410735,0.0014477037369118727,-1,TCS,5m,2026-03-12 03:55:00
2454.60009765625,2458.0,2452.89990234375,2454.800048828125,48040,4.077795993029376e-05,-0.008201708224789717,0.0014432451175982518,0.25,0.65,-1,2465.2297415094854,2474.2195109325417,19.648469661714685,-6.360422070963523,-5.145090488776583,2453.219900489009,0.0014432451175982518,-1,TCS,5m,2026-03-12 04:00:00
2454.800048828125,2456.10009765625,2451.0,2451.699951171875,46734,-0.0012628717592416683,-0.009334126879134486,0.00145373212928183,0.25,0.65,-1,2463.9411900487603,2473.336390941927,18.820592652534984,-6.646756479310625,-5.445423686883392,2453.1515969058955,0.00145373212928183,0,TCS,5m,2026-03-12 04:05:00
2451.60009765625,2454.199951171875,2451.39990234375,2453.800048828125,20142,0.000856588366470401,-0.007322243711593401,0.00147266127301227,0.25,0.6,-1,2462.9753670753666,2472.570259878641,23.913490562908407,-6.627816883878495,-5.681902326282413,2453.1498923941976,0.00147266127301227,0,TCS,5m,2026-03-12 04:10:00
2454.10009765625,2455.10009765625,2448.5,2452.0,46151,-0.0007335760014287596,-0.00801037642082425,0.00147274292237856,0.3,0.6,-1,2461.93009402057,2471.763583020655,23.280867526528922,-6.681041131480015,-5.881730087321934,2452.9241643769383,0.00147274292237856,0,TCS,5m,2026-03-12 04:15:00
2453.0,2457.60009765625,2453.0,2457.60009765625,24623,0.0022838897456158858,-0.008312425922647582,0.0014413686335376106,0.3,0.55,0,2461.517713414444,2471.208152222051,36.00031737700115,-6.199872382731883,-5.945358546403924,2453.1938007482845,0.0014413686335376106,0,TCS,5m,2026-03-12 04:20:00
2458.0,2459.39990234375,2454.0,2457.60009765625,28758,0.0,-0.006669091527715776,0.001413784012934978,0.35,0.55,0,2461.144607151759,2470.674503023392,36.64148692972866,-5.752234503995169,-5.906733737922173,2453.540479697659,0.001413784012934978,0,TCS,5m,2026-03-12 04:25:00
2457.699951171875,2458.0,2453.10009765625,2454.0,21616,-0.001464883428220598,-0.008685114118359927,0.0014187042784600948,0.35,0.55,0,2460.464168375401,2470.020600944043,36.18117577779959,-5.623155813700123,-5.850018153077763,2453.636137418652,0.0014187042784600948,0,TCS,5m,2026-03-12 04:30:00
2454.10009765625,2454.10009765625,2450.0,2450.0,32484,-0.0016299918500407573,-0.00966082027858417,0.0014432505219591468,0.35,0.55,0,2459.467580911077,2469.2354793383943,34.69912405066269,-5.777032557044549,-5.835421033871121,2453.436804120058,0.0014432505219591468,0,TCS,5m,2026-03-12 04:35:00
2450.699951171875,2450.800048828125,2440.5,2442.800048828125,57532,-0.0029387555803571663,-0.012211868650171875,0.0015433193631433572,0.35,0.55,0,2457.880196903177,2468.198795788972,24.78102580576079,-6.4061112094777855,-5.949559068992454,2452.2606629068882,0.0015433193631433572,0,TCS,5m,2026-03-12 04:40:00
2442.800048828125,2444.800048828125,2438.60009765625,2442.39990234375,41543,-0.0001638064828789476,-0.012054060924157506,0.0015453081006653485,0.35,0.55,0,2456.4058831356124,2467.1870744773946,25.85838947921205,-6.857895500485938,-6.131226355291152,2451.345716379157,0.0015453081006653485,0,TCS,5m,2026-03-12 04:45:00
2442.800048828125,2448.300048828125,2441.5,2447.89990234375,35816,0.0022518834834222012,-0.00846571049538647,0.0016588293560034118,0.4,0.5,0,2455.5957897268636,2466.430714785879,34.49703726726757,-6.69495845782285,-6.243972775797492,2450.959280251874,0.0016588293560034118,0,TCS,5m,2026-03-12 04:50:00
2447.89990234375,2456.10009765625,2447.89990234375,2453.89990234375,28242,0.002451080615778256,-0.005753492464096066,0.0017793158202200929,0.45,0.5,0,2455.4342766427576,2465.9393103763837,52.900192590914244,-6.012372929151297,-6.197652806468254,2451.0479866803853,0.0017793158202200929,0,TCS,5m,2026-03-12 04:55:00
2454.0,2454.0,2450.0,2453.39990234375,13699,-0.00020375729243171659,-0.004705921970081128,0.0017646487044166812,0.45,0.45,0,2455.2405267095187,2465.447568884908,48.12970313907897,-5.448952666754394,-6.0479127785254825,2451.083536752369,0.0017646487044166812,0,TCS,5m,2026-03-12 05:00:00
2453.5,2456.699951171875,2451.10009765625,2455.300048828125,21041,0.0007744952148076578,-0.003004792500291731,0.0017703618877917572,0.5,0.45,0,2455.246195482719,2465.049626921897,50.71780674703299,-4.793851571630057,-5.797100537146398,2451.205220824912,0.0017703618877917572,0,TCS,5m,2026-03-12 05:05:00
2455.5,2457.199951171875,2452.800048828125,2452.800048828125,20524,-0.0010182054943521646,-0.005272122533284129,0.0017481406979157454,0.55,0.45,0,2455.0132291346627,2464.569251310377,47.737591551318445,-4.425395140161072,-5.522759457749332,2451.312038285549,0.0017481406979157454,0,TCS,5m,2026-03-12 05:10:00
2452.60009765625,2454.39990234375,2451.5,2451.5,9313,-0.0005300264197019011,-0.004871118327582691,0.001742326953175637,0.5,0.45,0,2454.678635883742,2464.0567316511465,49.7642120536871,-4.189994194214705,-5.256206405042407,2451.3300331661953,0.001742326953175637,0,TCS,5m,2026-03-12 05:15:00
2451.60009765625,2454.699951171875,2450.0,2452.89990234375,15485,0.0005710390959616785,-0.004100729864494501,0.0017518255931245046,0.55,0.45,0,2454.509232689457,2463.6192089332094,48.92069904276807,-3.846140910633494,-4.9741933061606245,2451.360427024546,0.0017518255931245046,0,TCS,5m,2026-03-12 05:20:00
2452.89990234375,2459.5,2451.199951171875,2459.0,21012,0.002486892208859226,0.0031003091943437866,0.0014983894351551102,0.6,0.4,0,2454.9369248142707,2463.4380634848485,57.608614888174166,-3.0462920473787563,-4.588613054404251,2451.532960019786,0.0014983894351551102,0,TCS,5m,2026-03-12 05:25:00
2459.699951171875,2463.0,2457.300048828125,2460.0,32469,0.0004066693777957653,0.002077517560443498,0.0014698959980402513,0.6,0.4,0,2455.419122451007,2463.303237465835,52.89840543473133,-2.3051421739182842,-4.131918878307058,2451.9503030937703,0.0014698959980402513,0,TCS,5m,2026-03-12 05:30:00
2460.0,2460.0,2455.800048828125,2457.0,14444,-0.0012195121951219523,0.0009369979524491701,0.0014992216266842935,0.55,0.45,0,2455.569682217578,2463.0560516828614,49.32422029648529,-1.9375160089689416,-3.693038304439435,2452.0701413462316,0.0014992216266842935,0,TCS,5m,2026-03-12 05:35:00
2457.0,2461.0,2456.699951171875,2459.800048828125,12730,0.0011396210126679573,0.002036825770142414,0.0015189519103900558,0.55,0.45,0,2455.972574275725,2462.928365296401,56.65137999966403,-1.4040441383576763,-3.2352394712230836,2452.2003715909814,0.0015189519103900558,0,TCS,5m,2026-03-12 05:40:00
2459.800048828125,2461.89990234375,2456.5,2459.60009765625,17201,-8.128757130898556e-05,0.0032223137585001282,0.0014856509072220029,0.6,0.45,0,2456.3180526929177,2462.797844996787,62.060335414851984,-0.986031864400502,-2.7853979498585675,2452.3729647703803,0.0014856509072220029,0,TCS,5m,2026-03-12 05:45:00
2459.199951171875,2461.39990234375,2456.89990234375,2461.39990234375,17440,0.0007317468759311385,0.0030971771800454295,0.0014828381830389401,0.6,0.45,0,2456.8020383739495,2462.7430237162757,77.03455568724584,-0.5037183770905358,-2.329062035304961,2452.553199708141,0.0014828381830389401,0,TCS,5m,2026-03-12 05:50:00
2461.300048828125,2465.60009765625,2459.800048828125,2464.699951171875,27816,0.001340720305133214,0.005179425437143115,0.0014898922437370315,0.6,0.4,0,2457.5542205451807,2462.8197659694365,79.89278771574999,0.1431546989956587,-1.8346186884448372,2452.9509931151824,0.0014898922437370315,0,TCS,5m,2026-03-12 05:55:00
2464.5,2464.800048828125,2460.10009765625,2463.0,31525,-0.0006897193190054107,0.0021972258012601387,0.0014241506102488086,0.55,0.4,0,2458.0728662075444,2462.826833970635,72.53745918843283,0.512724056019124,-1.3651501395520451,2453.338513875458,0.0014241506102488086,1,TCS,5m,2026-03-12 06:00:00
2463.0,2463.60009765625,2460.89990234375,2463.199951171875,8911,8.118196178430459e-05,0.0022785861381455774,0.0014239341333710889,0.5,0.4,0,2458.561160013671,2462.8414660177427,66.78712133898588,0.8123802092090955,-0.9296440697998171,2453.4417453537144,0.0014239341333710889,1,TCS,5m,2026-03-12 06:05:00
2463.199951171875,2471.0,2461.60009765625,2471.0,69099,0.0031666324223553755,0.006927465362673191,0.0015264371901773453,0.55,0.35,0,2459.7458114409405,2463.161408526851,75.14299665178572,1.6601217718248336,-0.4116909014748869,2454.593156199931,0.0015264371901773453,1,TCS,5m,2026-03-12 06:10:00
2471.0,2471.39990234375,2467.10009765625,2468.0,19684,-0.001214083367057861,0.007346938775510292,0.0015007117565867003,0.6,0.3,1,2460.531924637042,2463.351157212073,67.59003144760423,2.066071750833089,0.08386162898670829,2454.9097543409084,0.0015007117565867003,1,TCS,5m,2026-03-12 06:15:00
2467.89990234375,2470.800048828125,2467.10009765625,2467.10009765625,12632,-0.0003646281781807259,0.009947620903226317,0.0012991051567246821,0.6,0.25,1,2461.1574649245854,2463.4981744843935,70.72485510682112,2.288791669918737,0.5248476371731141,2455.098583961882,0.0012991051567246821,0,TCS,5m,2026-03-12 06:20:00
2467.199951171875,2472.0,2465.89990234375,2472.0,19258,0.001986097908392548,0.012119267458144511,0.0013302237914115795,0.65,0.25,1,2462.19008731272,2463.8315794065743,76.90316296714,2.8280796377071056,0.9854940372799124,2455.4107437849193,0.0013302237914115795,0,TCS,5m,2026-03-12 06:25:00
2472.0,2472.89990234375,2469.60009765625,2470.300048828125,22182,-0.0006876825128944164,0.009150760806407199,0.001300554829320772,0.65,0.25,1,2462.9624645999015,2464.085244874086,72.65664240073751,3.082761232517896,1.4049474763275094,2455.777265338237,0.001300554829320772,0,TCS,5m,2026-03-12 06:30:00
2470.300048828125,2470.5,2466.60009765625,2466.60009765625,13721,-0.0014977739945518653,0.0051755148204577495,0.0012813952221630938,0.6,0.3,0,2463.308905843363,2464.183866551818,60.5558343619027,2.9520141123762187,1.7143608035372513,2455.9517774691085,0.0012813952221630938,0,TCS,5m,2026-03-12 06:35:00
2467.300048828125,2468.89990234375,2464.199951171875,2466.60009765625,12164,0.0,0.005380368402187363,0.0012783293707374869,0.6,0.35,0,2463.6223526826852,2464.278620712776,59.42884247827118,2.8159357235199423,1.9346757875337897,2456.0855357893897,0.0012783293707374869,0,TCS,5m,2026-03-12 06:40:00
2466.5,2466.5,2459.0,2459.0,22339,-0.003081203825245793,0.0015069242448151332,0.0014738823176498894,0.55,0.4,0,2463.182128617668,2464.0716159789417,52.52527743526511,2.0709555690914385,1.9619317438453194,2456.2080010946534,0.0014738823176498894,0,TCS,5m,2026-03-12 06:45:00
2459.0,2459.89990234375,2455.89990234375,2458.60009765625,53688,-0.00016262803731192932,0.0023646643479544593,0.0014527062840816673,0.5,0.45,0,2462.7457447165802,2463.857046632954,48.387139116224425,1.4317799839941472,1.855901391875085,2456.307262616602,0.0014527062840816673,0,TCS,5m,2026-03-12 06:50:00
2459.10009765625,2459.800048828125,2455.199951171875,2456.0,13776,-0.001057552083695401,0.0018356108504997692,0.001469801082142438,0.5,0.45,0,2462.103292838811,2463.548927157152,45.454377311960535,0.7072696130171607,1.6261750361035003,2456.3163072192533,0.001469801082142438,0,TCS,5m,2026-03-12 06:55:00
2456.10009765625,2457.0,2451.39990234375,2452.699951171875,24312,-0.0013436680896274922,-8.151623785546125e-05,0.0014990721782029977,0.45,0.45,0,2461.2077364895786,2463.1234771185136,39.41608007365826,-0.13167852845890593,1.2746043231910191,2456.2573792003545,0.0014990721782029977,0,TCS,5m,2026-03-12 07:00:00
2452.89990234375,2454.5,2450.699951171875,2453.800048828125,18118,0.0004485251674279933,-0.002114660907635235,0.0013859000337873872,0.4,0.5,0,2460.502242426583,2462.757852479675,35.989807574026884,-0.6997163928954251,0.8797401799737303,2456.2036074882867,0.0013859000337873872,0,TCS,5m,2026-03-12 07:05:00
2452.800048828125,2453.89990234375,2451.0,2452.5,12369,-0.0005298104174159546,-0.0030487804878048808,0.0013835234220094693,0.35,0.5,0,2459.7401241002417,2462.3555837549816,36.36363636363636,-1.240493926615727,0.4556933586558388,2456.161962483548,0.0013835234220094693,0,TCS,5m,2026-03-12 07:10:00
2452.699951171875,2453.199951171875,2449.10009765625,2450.39990234375,56940,-0.0008563089322120021,-0.002686242432336172,0.001371098221908103,0.35,0.5,0,2458.8505791710522,2461.886733503561,34.15841284996888,-1.817572503372503,0.0010401862501704384,2455.9051904024323,0.001371098221908103,0,TCS,5m,2026-03-12 07:15:00
2450.39990234375,2451.39990234375,2450.0,2450.89990234375,13485,0.00020404832677378693,-0.0036182398193768117,0.0013410024325577548,0.3,0.5,0,2458.0933718541664,2461.455877379647,19.637404298632532,-2.209100476576623,-0.4409879463151883,2455.846483947534,0.0013410024325577548,-1,TCS,5m,2026-03-12 07:20:00
2451.10009765625,2451.300048828125,2449.199951171875,2450.300048828125,19131,-0.00024474827187004333,-0.0037811223202450783,0.001340864888422847,0.25,0.5,0,2457.351150613591,2461.0183939070384,21.172672111461893,-2.538529790429493,-0.8604963151380493,2455.7574891089353,0.001340864888422847,0,TCS,5m,2026-03-12 07:25:00
2450.0,2450.60009765625,2448.300048828125,2448.300048828125,10731,-0.000816226568234546,-0.0053221150708389064,0.001329576453479528,0.25,0.55,0,2456.489140919737,2460.519635276493,20.440220186867094,-2.927244725323817,-1.273845997175203,2455.6981616409935,0.001329576453479528,-1,TCS,5m,2026-03-12 07:30:00
2448.39990234375,2448.60009765625,2444.89990234375,2447.0,31855,-0.0005310006135674783,-0.007181381718881941,0.0012753002753107471,0.2,0.6,-1,2455.5854132130953,2459.9894535009444,5.674065865567755,-3.3021421480643767,-1.679505227353038,2455.470806560699,0.0012753002753107471,-1,TCS,5m,2026-03-12 07:35:00
2447.10009765625,2450.699951171875,2447.10009765625,2449.39990234375,24109,0.0009807528989578262,-0.005521761127182279,0.0013068488783821552,0.25,0.6,0,2454.9963169398247,2459.574176984976,13.840760295670535,-3.3667887493079434,-2.016961931744019,2455.348865842499,0.0013068488783821552,-1,TCS,5m,2026-03-12 07:40:00
2449.39990234375,2450.10009765625,2447.10009765625,2447.699951171875,11906,-0.0006940276147836544,-0.006292627601192424,0.001307193469323279,0.25,0.6,-1,2454.3014249619246,2459.108521070737,14.86980750206476,-3.5146784734029097,-2.3165052400757973,2455.2832021810973,0.001307193469323279,0,TCS,5m,2026-03-12 07:45:00
2448.10009765625,2452.89990234375,2446.800048828125,2449.89990234375,64480,0.0008987830272340069,-0.00853909253591667,0.0010652836919144938,0.25,0.65,-1,2453.882232331622,2458.747398767718,21.305602631004916,-3.4149984945424876,-2.5362038909691353,2455.0230557899886,0.0010652836919144938,0,TCS,5m,2026-03-12 07:50:00
2450.800048828125,2452.300048828125,2449.699951171875,2451.10009765625,86495,0.0004898956530230425,-0.006847610349979716,0.0010672571809002686,0.2,0.65,-1,2453.617267124444,2458.447504606484,32.59948375994837,-3.2022422070358516,-2.6694115541824788,2454.78157526423,0.0010672571809002686,0,TCS,5m,2026-03-12 07:55:00
2451.199951171875,2456.800048828125,2450.800048828125,2455.300048828125,74631,0.0017134963912290857,-0.004782963139329022,0.0011619929362794543,0.25,0.65,0,2453.777532048604,2458.324074968117,43.77355014049472,-2.6640211793860544,-2.668333479223194,2454.757676078396,0.0011619929362794543,0,TCS,5m,2026-03-12 08:00:00
2455.300048828125,2461.0,2455.300048828125,2456.10009765625,33111,0.0003258456450188074,-0.006431999329995941,0.0010484153668493818,0.25,0.6,0,2453.9987287731415,2458.2368601715734,50.20262523227771,-2.148157263406574,-2.5642982360598703,2454.816043695732,0.0010484153668493818,0,TCS,5m,2026-03-12 08:05:00
2457.60009765625,2457.699951171875,2453.0,2454.800048828125,18975,-0.0005293142691397135,-0.0062745414296344615,0.0010461041173030088,0.2,0.65,0,2454.0750449688544,2458.1020832561444,54.625725962572595,-1.8232175518387521,-2.4160820992156467,2454.820320083083,0.0010461041173030088,0,TCS,5m,2026-03-12 08:10:00
2453.800048828125,2455.0,2451.800048828125,2452.89990234375,15565,-0.0007740534652841413,-0.005554283130661419,0.00101506270015264,0.2,0.65,0,2453.963126623606,2457.8980761615408,48.08481461088544,-1.6994363856674681,-2.272752956506011,2454.804599872042,0.00101506270015264,0,TCS,5m,2026-03-12 08:15:00
2454.60009765625,2455.0,2451.60009765625,2452.60009765625,11385,-0.00012222459107014139,-0.005675828851747333,0.0010136681252080624,0.2,0.65,0,2453.833314341001,2457.690312298588,50.22243923611111,-1.6070060865517917,-2.1396035825151674,2454.792098835325,0.0010136681252080624,0,TCS,5m,2026-03-12 08:20:00
2452.5,2452.5,2450.300048828125,2450.39990234375,20484,-0.0008970868567617085,-0.0034973963628507354,0.0007892786937933171,0.2,0.65,0,2453.5063227222154,2457.404413868987,50.0,-1.6917898818419417,-2.0500408423805223,2454.7444990703907,0.0007892786937933171,0,TCS,5m,2026-03-12 08:25:00
2450.5,2454.0,2450.0,2452.300048828125,10350,0.0007754434215236916,-0.0025624536638271245,0.0008174155026705461,0.25,0.65,0,2453.3914394942067,2457.2042426909143,52.916942169777734,-1.5873576385797605,-1.95750420162037,2454.727536257938,0.0008174155026705461,0,TCS,5m,2026-03-12 08:30:00
2452.300048828125,2456.10009765625,2451.199951171875,2451.60009765625,19702,-0.00028542639886564025,-0.001791491182308591,0.000788938050715618,0.3,0.6,0,2453.2208355096395,2456.984472297398,52.69715848655219,-1.543284519950248,-1.8746602652863458,2454.7062954286275,0.000788938050715618,0,TCS,5m,2026-03-12 08:35:00
2451.5,2455.89990234375,2450.39990234375,2455.699951171875,46254,0.0016723174059034562,0.001223141868032629,0.0008240280813782298,0.3,0.6,0,2453.4569417631856,2456.9340989199263,64.12184576391218,-1.1641131691226292,-1.7325508460536025,2454.686841675825,0.0008240280813782298,0,TCS,5m,2026-03-12 08:40:00
2455.699951171875,2459.89990234375,2454.699951171875,2455.0,26073,-0.0002850312276713174,0.0004890175026477372,0.0008222155978789837,0.35,0.55,0,2453.6038996905013,2456.858251903459,65.6249403955826,-0.9096119117398302,-1.5679630591908482,2454.7150679961605,0.0008222155978789837,0,TCS,5m,2026-03-12 08:45:00
2455.0,2457.199951171875,2451.800048828125,2452.300048828125,44737,-0.0010997764447555625,-8.15295298165486e-05,0.0008517946733106665,0.35,0.6,0,2453.479723417894,2456.6794988416814,55.5987067218415,-0.9152311122670653,-1.4374166698060917,2454.6908278992773,0.0008517946733106665,0,TCS,5m,2026-03-12 08:50:00
2452.300048828125,2454.89990234375,2450.39990234375,2450.5,18155,-0.0007340247083488238,4.08495185435509e-05,0.0008457703283325541,0.35,0.6,0,2453.1959402352372,2456.4371655537725,55.38465872278092,-1.0527972743284408,-1.3604927907105615,2454.6625190319655,0.0008457703283325541,0,TCS,5m,2026-03-12 08:55:00
2450.60009765625,2453.89990234375,2450.0,2453.5,26567,0.0012242399510304924,0.0010608746827087678,0.0008882700317754303,0.35,0.65,0,2453.2248983080717,2456.3219825908795,56.7165266820923,-0.9092631018770589,-1.270246852943861,2454.6300194541836,0.0008882700317754303,0,TCS,5m,2026-03-12 09:00:00
2453.800048828125,2456.10009765625,2452.39990234375,2453.0,45134,-0.00020379050336249982,0.0011018859397102787,0.0008875934556049653,0.4,0.6,0,2453.203479421589,2456.191708763786,53.63964604418835,-0.8263316208749529,-1.1814638065300795,2454.610479121673,0.0008875934556049653,0,TCS,5m,2026-03-12 09:05:00
2452.39990234375,2452.39990234375,2446.5,2446.60009765625,44327,-0.002609010331736661,-0.0006943393938535491,0.0010549983387209496,0.4,0.6,0,2452.574585920128,2455.8155671517256,34.62908805438373,-1.262473449553454,-1.1976657351347546,2454.4667492619933,0.0010549983387209496,0,TCS,5m,2026-03-12 09:10:00
2447.0,2447.5,2444.39990234375,2446.0,26879,-0.00024527819516761973,-0.000408663669799747,0.001049838821680789,0.4,0.6,0,2451.9484348801157,2455.4306429496974,32.02835844237086,-1.637663886770497,-1.2856653654619032,2454.347215482466,0.001049838821680789,0,TCS,5m,2026-03-12 09:15:00
2446.300048828125,2446.699951171875,2440.0,2442.5,45640,-0.0014309076042517965,-0.0028169766550361075,0.001067210708449889,0.35,0.65,0,2451.048583939152,2454.9235589124546,29.70292243108881,-2.1921559514075852,-1.4669634826510396,2454.084139618287,0.001067210708449889,0,TCS,5m,2026-03-12 09:20:00
2442.5,2444.60009765625,2441.199951171875,2442.10009765625,17845,-0.00016372665046060497,-0.002287802274516526,0.0010592926452062483,0.35,0.65,0,2450.1963471503045,2454.420678078878,31.250211929063113,-2.633506263643085,-1.7002720388494488,2453.9806699313217,0.0010592926452062483,0,TCS,5m,2026-03-12 09:25:00
2443.0,2443.0,2436.10009765625,2440.0,136331,-0.0008599556006183562,-0.004040941564297795,0.0010436788322366855,0.3,0.65,0,2449.2252664693233,2453.855161291471,29.411670842043108,-3.1168112356808706,-1.9835798782157332,2453.058494703454,0.0010436788322366855,0,TCS,5m,2026-03-12 09:30:00
2440.0,2442.199951171875,2439.10009765625,2441.699951171875,82368,0.0006967012999488098,-0.003835072461285227,0.001051885946703383,0.3,0.65,0,2448.5085697743284,2453.3784863848205,35.54818353624411,-3.3243411204530275,-2.251732126663192,2452.6057002379453,0.001051885946703383,0,TCS,5m,2026-03-12 09:35:00
2441.300048828125,2444.699951171875,2438.89990234375,2443.39990234375,139754,0.0006962162451857878,-0.004846717813594581,0.0009768354872927386,0.3,0.7,0,2448.022030019035,2452.987169363602,35.11664176240518,-3.3134428897351427,-2.4640742792775825,2451.990432570902,0.0009768354872927386,0,TCS,5m,2026-03-12 09:40:00
2443.300048828125,2447.0,2442.699951171875,2446.800048828125,87527,0.0013915636491241834,-0.003786510507857388,0.00103669972287917,0.3,0.7,0,2447.905650857996,2452.7445371857402,42.63792883942814,-2.9959076003651717,-2.5704409434951003,2451.7557674614186,0.00103669972287917,-1,TCS,5m,2026-03-12 09:45:00
2447.0,2447.800048828125,2444.800048828125,2445.39990234375,89039,-0.0005722357595364658,-0.0038292921204977626,0.001037485074424014,0.35,0.65,0,2447.6670081423536,2452.4565122899758,32.77592246327703,-2.824677590633655,-2.6212882729228113,2451.5515797081957,0.001037485074424014,-1,TCS,5m,2026-03-12 09:50:00
2445.89990234375,2448.0,2442.800048828125,2446.10009765625,81062,0.0002863316187380338,-0.002772149275640179,0.0010332229790802592,0.4,0.65,0,2447.5177785722485,2452.2072411278687,35.117414592723236,-2.6024769302671302,-2.6175260043916753,2451.3664192516007,0.0010332229790802592,0,TCS,5m,2026-03-12 09:55:00
2422.800048828125,2429.89990234375,2420.800048828125,2425.699951171875,43665,0.001196921861196465,-0.010079967416032787,0.00237239275882703,0.4,0.6,-1,2443.3100178441478,2450.0597407738182,25.969104113931536,-5.274185333510104,-3.4112414840491403,2425.4666341145835,0.00237239275882703,-1,TCS,5m,2026-03-13 03:50:00
2424.89990234375,2431.39990234375,2424.60009765625,2428.5,31712,0.0011543261262680904,-0.009705194451836485,0.002384626161107864,0.4,0.55,0,2441.8995399542287,2449.214260743472,25.681118668541245,-5.78732314179797,-3.8864578155989067,2426.602569907884,0.002384626161107864,-1,TCS,5m,2026-03-13 03:55:00
2428.5,2430.699951171875,2424.0,2424.300048828125,27176,-0.0017294425249639866,-0.011135604397399135,0.0024000825922644276,0.35,0.6,-1,2440.223397942219,2448.237232825223,23.956648692238502,-6.458440627623531,-4.400854378003832,2426.5312236464392,0.0024000825922644276,-1,TCS,5m,2026-03-13 04:00:00
2424.199951171875,2429.60009765625,2419.199951171875,2426.5,35991,0.0009074582879864401,-0.011890683614641406,0.0023685779437596704,0.35,0.6,-1,2438.9164076620077,2447.3847923222734,30.25545834772265,-6.735149782264671,-4.867713458856,2426.1594241858493,0.0023685779437596704,-1,TCS,5m,2026-03-13 04:05:00
2426.5,2429.699951171875,2425.0,2428.199951171875,27242,0.0007005774456521063,-0.010916516834266754,0.0023855641600773448,0.35,0.6,-1,2437.895792758186,2446.632445610493,32.88464879127483,-6.739582219828208,-5.242087211050442,2426.401611983443,0.0023855641600773448,-1,TCS,5m,2026-03-13 04:10:00
2428.800048828125,2429.0,2421.699951171875,2423.800048828125,28462,-0.0018120016605825962,-0.011621742622245246,0.002399541585473891,0.35,0.6,-1,2436.5533409553227,2445.7370575013806,32.32523687113195,-7.017239932293705,-5.597117755299095,2426.1718214736857,0.002399541585473891,-1,TCS,5m,2026-03-13 04:15:00
2423.89990234375,2424.800048828125,2418.0,2418.0,51692,-0.002392956808021096,-0.01326259946949604,0.0024335210533674326,0.35,0.6,-1,2434.7863561024346,2444.649329756229,29.331066424341913,-7.617491437668377,-6.001192491772953,2424.9306715145763,0.0024335210533674326,-1,TCS,5m,2026-03-13 04:20:00
2418.10009765625,2418.300048828125,2414.300048828125,2418.300048828125,44067,0.0001240896725083207,-0.014346831535306692,0.002400794265910214,0.35,0.6,-1,2433.2162316001195,2443.6160246217933,30.796586367073573,-7.9770294178383665,-6.396359876986036,2423.7205364146516,0.002400794265910214,0,TCS,5m,2026-03-13 04:25:00
2418.10009765625,2419.60009765625,2416.0,2419.0,23125,0.00028943934075265076,-0.013860578883000407,0.0024088904687192517,0.35,0.6,-1,2431.8623047810606,2442.6506903228997,29.54968349836581,-8.111975839670322,-6.739483069522894,2423.312843646676,0.0024088904687192517,0,TCS,5m,2026-03-13 04:30:00
2419.0,2419.0,2415.199951171875,2417.10009765625,17558,-0.0007854081619470543,-0.012057548770745163,0.0023667685901028667,0.35,0.6,-1,2430.456380292984,2441.6487062967567,26.391640514052284,-8.276818085454124,-7.046950072709141,2422.982973305953,0.0023667685901028667,0,TCS,5m,2026-03-13 04:35:00
2417.10009765625,2421.0,2416.5,2420.699951171875,31559,0.0014893274461886818,-0.010343437787459164,0.0024119447921028226,0.4,0.55,0,2429.527196567164,2440.827186487938,26.654612475214662,-8.024477478079007,-7.242455553783115,2422.67082456788,0.0024119447921028226,0,TCS,5m,2026-03-13 04:40:00
2420.699951171875,2426.300048828125,2419.60009765625,2425.5,27320,0.0019829177200592074,-0.006960081883316316,0.0024640938248629723,0.45,0.5,0,2429.143654036958,2440.226120351156,33.220937700706486,-7.352417808198425,-7.2644480046661775,2422.750015691378,0.0024640938248629723,0,TCS,5m,2026-03-13 04:45:00
2426.5,2429.39990234375,2425.0,2426.89990234375,28791,0.0005771603148836402,-0.006224231073528874,0.0024725370875617893,0.5,0.5,0,2428.9299633995097,2439.703523566552,33.9997070288658,-6.6304139732269505,-7.137641198378332,2423.0493715662597,0.0024725370875617893,0,TCS,5m,2026-03-13 04:50:00
2427.699951171875,2434.300048828125,2427.5,2434.199951171875,38567,0.0030079727726204375,-0.0023770691918545417,0.002576286096863466,0.55,0.45,0,2429.431866996878,2439.4876971981334,62.95457824238994,-5.406841102294038,-6.791481179161474,2423.804850859022,0.002576286096863466,0,TCS,5m,2026-03-13 04:55:00
2434.89990234375,2436.5,2432.0,2435.60009765625,25802,0.000575197811379935,-0.002498199466604123,0.002574411810874313,0.6,0.45,0,2430.019317535866,2439.335242314138,61.64729806582069,-4.27489236873771,-6.288163417076722,2424.387201366334,0.002574411810874313,0,TCS,5m,2026-03-13 05:00:00
2435.60009765625,2440.0,2433.39990234375,2440.0,33856,0.001806496209284969,-0.0013914637307175237,0.0026047737681982575,0.6,0.4,0,2430.9698587229263,2439.3613112429953,63.03866424553789,-2.988331864954489,-5.6281971066522765,2425.2662485869428,0.0026047737681982575,0,TCS,5m,2026-03-13 05:05:00
2440.699951171875,2445.89990234375,2438.199951171875,2441.0,69277,0.0004098360655737654,-0.002370462936234996,0.0025850284419839022,0.6,0.4,0,2431.9251102731237,2439.4255735471916,70.41575884196389,-1.8665157225036637,-4.875860829822554,2427.2095007759845,0.0025850284419839022,0,TCS,5m,2026-03-13 05:10:00
2441.5,2443.0,2432.60009765625,2434.0,39877,-0.0028676771814829527,-0.004661774269649754,0.0026563492022559716,0.55,0.45,0,2432.1227188185403,2439.212805957106,58.20574188240574,-1.5247336653410457,-4.205635396926253,2427.8036906362436,0.0026563492022559716,0,TCS,5m,2026-03-13 05:15:00
2434.199951171875,2434.800048828125,2430.60009765625,2431.0,55259,-0.0012325390304026573,-0.0061731315373063644,0.0026625080800513844,0.5,0.45,0,2432.015793216775,2438.890735135259,52.978790822342624,-1.4788960574178418,-3.6602875290245707,2428.1550197502675,0.0026625080800513844,0,TCS,5m,2026-03-13 05:20:00
2431.10009765625,2434.800048828125,2430.5,2430.60009765625,14841,-0.00016450116978605767,0.003219435640963386,0.0015446872802673199,0.5,0.45,0,2431.8809650681537,2438.5656120968665,57.907078415007355,-1.4580309269808822,-3.219836208615833,2428.23631639582,0.0015446872802673199,0,TCS,5m,2026-03-13 05:25:00
2430.199951171875,2430.199951171875,2426.0,2426.39990234375,36131,-0.0017280486891076974,0.0002885563696930493,0.0015796026256686255,0.5,0.5,0,2431.358959094401,2438.088525439882,60.14483352400721,-1.76012618103141,-2.9278942030989485,2428.201613818884,0.0015796026256686255,0,TCS,5m,2026-03-13 05:30:00
2426.39990234375,2428.10009765625,2424.0,2424.10009765625,24213,-0.0009478259067182693,-0.0018117777820670922,0.001569752442088447,0.45,0.55,0,2430.6676389574345,2437.5399596444454,56.682136528562985,-2.1602122818571843,-2.7743578188505955,2428.111908153682,0.001569752442088447,0,TCS,5m,2026-03-13 05:35:00
2424.0,2425.10009765625,2421.60009765625,2423.699951171875,17632,-0.0001650701160244017,-0.00024753439927538423,0.0015219837627721993,0.45,0.55,0,2430.004049644524,2436.9972142141487,55.45239808085557,-2.4809727666497565,-2.715680808410428,2428.0060636857384,0.0015219837627721993,0,TCS,5m,2026-03-13 05:40:00
2423.60009765625,2423.800048828125,2421.5,2422.0,13850,-0.0007013868078237229,-0.001854522975479056,0.001513361755953475,0.45,0.55,0,2429.2417592021884,2436.409088166535,55.710854892498205,-2.8396162853496207,-2.740467903798266,2427.9080752135355,0.001513361755953475,0,TCS,5m,2026-03-13 05:45:00
2422.300048828125,2427.89990234375,2422.0,2427.89990234375,14488,0.0024359629825556617,-0.00012356841864702428,0.001607971593757695,0.45,0.55,0,2429.1139633109087,2436.0753946048576,57.96455636035627,-2.6175970171907466,-2.7158937264767626,2427.872407449918,0.001607971593757695,0,TCS,5m,2026-03-13 05:50:00
2427.89990234375,2430.89990234375,2426.300048828125,2430.89990234375,12191,0.0012356357842857602,0.0029292240995941743,0.0015717087180904343,0.5,0.5,0,2429.284052742608,2435.87243412403,56.221099647851666,-2.174503892368648,-2.60761575965514,2427.8947762754356,0.0015717087180904343,0,TCS,5m,2026-03-13 05:55:00
2430.89990234375,2430.89990234375,2427.300048828125,2428.39990234375,15835,-0.0010284257272747954,0.0043010348816170385,0.0014827263094057191,0.5,0.45,0,2429.199847942717,2435.5793936620585,51.68539325842697,-2.0020006875383842,-2.4864927452317893,2427.913313375449,0.0014827263094057191,0,TCS,5m,2026-03-13 06:00:00
2428.300048828125,2431.39990234375,2428.300048828125,2430.0,18505,0.0006589102786183076,0.004838089126923961,0.0014858075137444465,0.55,0.4,0,2429.2760529005536,2435.3605939106055,44.58769859996853,-1.716390663454149,-2.3324723288762614,2427.9566314240974,0.0014858075137444465,0,TCS,5m,2026-03-13 06:05:00
2430.699951171875,2434.10009765625,2430.0,2431.39990234375,17813,0.0005760914994856758,0.005126044788652306,0.0014876665759269746,0.55,0.4,0,2429.4783242760964,2435.2052726726897,44.5873499282676,-1.3613889970670243,-2.138255662514414,2428.0363266695617,0.0014876665759269746,0,TCS,5m,2026-03-13 06:10:00
2431.5,2432.10009765625,2428.39990234375,2431.699951171875,14200,0.00012340579097491755,0.006040235375349923,0.0014679077280992654,0.55,0.4,0,2429.6899077899798,2435.067809084422,38.040258634639876,-1.0438038647816938,-1.9193653029678701,2428.0798118449466,0.0014679077280992654,0,TCS,5m,2026-03-13 06:15:00
2431.199951171875,2432.0,2426.0,2427.300048828125,11769,-0.001809393606160059,0.002726524472004499,0.0015121543033959576,0.5,0.45,0,2429.462302174565,2434.7631910351556,32.02099232972567,-1.1340777644604714,-1.7623077952663906,2428.0844739675927,0.0015121543033959576,0,TCS,5m,2026-03-13 06:20:00
2426.89990234375,2427.0,2421.5,2422.60009765625,15540,-0.001936287676566395,-0.0011955895047413012,0.0015143272362907925,0.45,0.5,0,2428.8087588871063,2434.286206981081,34.07826181838021,-1.566806095418542,-1.723207455296821,2428.0094367766524,0.0015143272362907925,0,TCS,5m,2026-03-13 06:25:00
2422.5,2422.5,2418.89990234375,2421.0,30628,-0.0006604877370384177,-0.00243104478188505,0.001512261010241653,0.4,0.55,0,2428.0650675645247,2433.7651792563324,35.465075016678256,-2.015626041307314,-1.78169117249892,2427.77418893074,0.001512261010241653,0,TCS,5m,2026-03-13 06:30:00
2421.0,2421.0,2417.60009765625,2420.0,16193,-0.00041305245766209975,-0.005833518797434434,0.001321165316302765,0.35,0.6,0,2427.2969658917127,2433.225368305104,34.85700334821429,-2.424067582486714,-1.910166454496479,2427.634432045384,0.001321165316302765,0,TCS,5m,2026-03-13 06:35:00
2420.0,2420.89990234375,2419.0,2420.60009765625,13209,0.0002479742381198413,-0.006158646493089837,0.001311858630636228,0.3,0.6,0,2426.6591689169068,2432.7302596522077,40.76461349464288,-2.6685758990665818,-2.0618483434104995,2427.532533239051,0.001311858630636228,0,TCS,5m,2026-03-13 06:40:00
2420.300048828125,2422.10009765625,2419.60009765625,2419.60009765625,40078,-0.00041312069720578215,-0.008360615714651631,0.0012137810515652342,0.3,0.6,0,2425.986876415892,2432.2153513386406,42.52494119555519,-2.9095032023806198,-2.2313793152045234,2427.2503054156564,0.0012137810515652342,0,TCS,5m,2026-03-13 06:45:00
2419.699951171875,2420.0,2416.800048828125,2418.39990234375,13894,-0.0004960304447262365,-0.009258540621159383,0.001198023792178922,0.25,0.65,0,2425.2643074566404,2431.6735690251153,41.42390986592082,-3.160849254664754,-2.41727330309657,2427.129987013467,0.001198023792178922,0,TCS,5m,2026-03-13 06:50:00
2418.699951171875,2421.60009765625,2418.39990234375,2419.699951171875,15597,0.0005375656965851405,-0.005875122772442509,0.0010740391732965726,0.3,0.6,0,2424.734368762853,2431.204015383812,46.22945833233277,-3.218044126949735,-2.577427467867203,2427.021307543624,0.0010740391732965726,0,TCS,5m,2026-03-13 06:55:00
2419.89990234375,2420.0,2412.300048828125,2413.89990234375,38519,-0.0023970115903486633,-0.0070341824994858415,0.0011560270564769143,0.3,0.6,0,2423.7025148181765,2430.525422715574,26.973980083520715,-3.688864014579849,-2.7997147772097324,2426.6053315295126,0.0011560270564769143,0,TCS,5m,2026-03-13 07:00:00
2413.5,2414.0,2410.39990234375,2411.60009765625,21235,-0.0009527340737148782,-0.00781699960364568,0.0011627062556073546,0.3,0.6,0,2422.549903659898,2429.783253105405,17.50895998421727,-4.199161861560242,-3.0796041940798347,2426.322703679348,0.0011627062556073546,0,TCS,5m,2026-03-13 07:05:00
2411.60009765625,2412.89990234375,2409.0,2412.0,21566,0.0001658244848052881,-0.0059346780923624776,0.0011246372941011006,0.3,0.6,0,2421.545150930384,2429.085870630683,20.290137107474578,-4.519213128933643,-3.3675259810505964,2426.0331576154317,0.0011246372941011006,0,TCS,5m,2026-03-13 07:10:00
2412.5,2413.39990234375,2411.10009765625,2412.0,16242,0.0,-0.004991583337647265,0.0011157021912220515,0.35,0.55,0,2420.636088937014,2428.4158364883033,15.384615384615387,-4.718464542073434,-3.637713693255164,2425.8347554895863,0.0011157021912220515,0,TCS,5m,2026-03-13 07:15:00
2412.0,2413.0,2409.300048828125,2411.0,14192,-0.0004145936981757581,-0.005239902392098705,0.0011161024749360598,0.35,0.55,0,2419.7183661811077,2427.7328625083696,10.156592725400074,-4.900573603170869,-3.8902856752383057,2425.6528145825946,0.0011161024749360598,0,TCS,5m,2026-03-13 07:20:00
2411.10009765625,2412.199951171875,2409.89990234375,2411.300048828125,14460,0.00012444994945037813,-0.004417816338511571,0.001114268410391067,0.35,0.5,0,2418.9166216712997,2427.0884384424776,10.156592725400074,-4.963469130811063,-4.104922366352858,2425.4724152511117,0.001114268410391067,0,TCS,5m,2026-03-13 07:25:00
2411.10009765625,2411.39990234375,2408.0,2409.0,18545,-0.0009538625561106295,-0.00778446521848164,0.0009317489086830198,0.3,0.55,0,2417.9721815121284,2426.3790879153216,11.06413040090591,-5.139662181423773,-4.311870329367041,2425.2213697091493,0.0009317489086830198,0,TCS,5m,2026-03-13 07:30:00
2409.300048828125,2410.39990234375,2405.89990234375,2406.699951171875,21807,-0.0009547732785907259,-0.009955140953579633,0.000856253180724837,0.25,0.6,0,2416.8986357654376,2425.6073570626377,12.322538095733961,-5.4026131996015465,-4.530018903413943,2424.9034603890395,0.000856253180724837,0,TCS,5m,2026-03-13 07:35:00
2406.699951171875,2407.60009765625,2404.0,2404.300048828125,30768,-0.0009971755484440292,-0.009924170023382528,0.0008552656628592455,0.25,0.65,0,2415.6987703428363,2424.771776347559,11.87251262499582,-5.73850591420387,-4.771716305571928,2424.415049409302,0.0008552656628592455,0,TCS,5m,2026-03-13 07:40:00
2404.300048828125,2406.5,2403.5,2404.699951171875,17394,0.00016632796890103663,-0.010411542727623457,0.000826809156287124,0.2,0.7,0,2414.651263755126,2423.9846459485125,14.084474755000286,-5.9043726014801905,-4.998247564753581,2424.143999255285,0.000826809156287124,0,TCS,5m,2026-03-13 07:45:00
2404.699951171875,2405.199951171875,2401.5,2401.89990234375,24620,-0.0011644067388784096,-0.012132928018777744,0.0007960802127384661,0.15,0.75,0,2413.436848382614,2423.1185775718554,10.212350398936167,-6.190404555276473,-5.23667896285816,2423.7337655736374,0.0007960802127384661,0,TCS,5m,2026-03-13 07:50:00
2401.39990234375,2405.0,2401.39990234375,2404.60009765625,21510,0.0011241914410609066,-0.01114440681818707,0.0008723931300284698,0.15,0.75,0,2412.595253075341,2422.3923626732044,20.238325905832212,-6.128557547649052,-5.415054679816339,2423.401339237663,0.0008723931300284698,0,TCS,5m,2026-03-13 07:55:00
2404.60009765625,2406.300048828125,2402.60009765625,2403.300048828125,31027,-0.0005406507424632334,-0.009887529154702923,0.0008213851728752335,0.2,0.7,0,2411.7099955279873,2421.6436444832016,20.158449854770367,-6.11396840206362,-5.554837424265795,2422.9501174414304,0.0008213851728752335,0,TCS,5m,2026-03-13 08:00:00
2403.699951171875,2403.89990234375,2402.0,2402.0,13851,-0.000540943203808042,-0.008503300927040991,0.0007486878437753659,0.2,0.7,0,2410.7852340491313,2420.8733054838603,15.019926854451924,-6.136570905036024,-5.6711841204198405,2422.740633604072,0.0007486878437753659,0,TCS,5m,2026-03-13 08:05:00
2402.10009765625,2405.199951171875,2400.0,2401.39990234375,66521,-0.0002498324963572385,-0.008095868507331683,0.00074756687971411,0.25,0.7,0,2409.891392934333,2420.109642615621,18.90562370946192,-6.132218024899885,-5.76339090131585,2421.7714701426326,0.00074756687971411,0,TCS,5m,2026-03-13 08:10:00
2401.60009765625,2403.699951171875,2400.0,2402.39990234375,42829,0.0004164237697452666,-0.007272767626549603,0.0007698377100508056,0.25,0.65,0,2409.1779176399914,2419.415142997116,25.531776744669244,-5.9791527424577,-5.80654326954422,2421.1895385737957,0.0007698377100508056,0,TCS,5m,2026-03-13 08:15:00
2402.0,2402.89990234375,2397.0,2400.0,38086,-0.0009989603901534583,-0.008510326706256066,0.0007681052707197507,0.25,0.7,0,2408.303830245706,2418.6537648403664,21.15425244724055,-5.982536508792691,-5.841741917393915,2420.647341089374,0.0007681052707197507,0,TCS,5m,2026-03-13 08:20:00
2400.39990234375,2401.800048828125,2397.0,2398.800048828125,25664,-0.0004999796549479685,-0.00859648205844965,0.0007682684076240984,0.2,0.7,0,2407.3987082059366,2417.875187741847,20.000443887119516,-6.012733154147554,-5.875940164744644,2420.2843703399017,0.0007682684076240984,0,TCS,5m,2026-03-13 08:25:00
2398.800048828125,2407.10009765625,2398.300048828125,2406.60009765625,28552,0.003251646101948058,-0.0048791784502076885,0.0011255923045790958,0.25,0.65,0,2407.322650058348,2417.4330273463333,42.36135835749283,-5.345644201636333,-5.769880972122982,2419.9834311004506,0.0011255923045790958,0,TCS,5m,2026-03-13 08:30:00
2406.0,2409.699951171875,2405.60009765625,2408.5,38634,0.000789454943345369,-0.00462865288997949,0.001136156413856852,0.25,0.65,0,2407.4347786242192,2417.082712548438,45.394678723728916,-4.6105179783539825,-5.538008373369182,2419.689458562519,0.001136156413856852,0,TCS,5m,2026-03-13 08:35:00
2409.5,2410.5,2407.199951171875,2410.5,35645,0.0008303923603902863,-0.001408468652925099,0.0010372648512101247,0.3,0.6,0,2407.726704469532,2416.824566958303,52.491686268148264,-3.82247870964693,-5.194902440624732,2419.462956572353,0.0010372648512101247,0,TCS,5m,2026-03-13 08:40:00
2410.0,2412.800048828125,2407.0,2412.800048828125,34506,0.0009541791446276982,0.0004975746903648215,0.0010394888506150145,0.35,0.6,0,2408.209880122731,2416.6667427179036,60.13301970962771,-2.978028336654006,-4.751527619830587,2419.2835960679545,0.0010394888506150145,0,TCS,5m,2026-03-13 08:45:00
2413.0,2413.39990234375,2410.60009765625,2410.800048828125,24460,-0.000828912450068664,-0.0004974921939779886,0.0010560809210851542,0.4,0.55,0,2408.4565628565783,2416.4366762908535,60.942688981685464,-2.442028433748874,-4.289627782614245,2419.1716093522978,0.0010560809210851542,0,TCS,5m,2026-03-13 08:50:00
2411.0,2413.60009765625,2410.199951171875,2412.39990234375,30880,0.0006636193310194383,0.00016579699160446104,0.0010672523091683707,0.4,0.6,0,2408.832118998214,2416.278371430183,62.45940885064827,-1.866632463744736,-3.805028718840343,2419.0432383839175,0.0010672523091683707,0,TCS,5m,2026-03-13 08:55:00
2412.300048828125,2417.199951171875,2412.199951171875,2414.10009765625,38825,0.0007047734129188576,0.0012858140424096831,0.0010732126745081748,0.45,0.55,0,2409.33383125136,2416.1929489292447,70.46992512002097,-1.2589233744115518,-3.2958076499545848,2418.942324778465,0.0010732126745081748,0,TCS,5m,2026-03-13 09:00:00
2414.5,2417.0,2412.60009765625,2413.199951171875,33787,-0.0003728704063468147,0.0007879161884782881,0.0010775105914637604,0.45,0.55,0,2409.702033148552,2416.0755764681717,65.35674737769097,-0.8402578715572417,-2.8046976942751165,2418.8536604405995,0.0010775105914637604,0,TCS,5m,2026-03-13 09:05:00
2413.5,2420.0,2413.0,2419.699951171875,39523,0.0026935190334491654,0.004441656775373559,0.001201934382861269,0.5,0.5,0,2410.6542158174398,2416.2177088094936,74.69850280907139,0.01585051810434379,-2.2405880517992247,2418.8257310435274,0.001201934382861269,0,TCS,5m,2026-03-13 09:10:00
2419.800048828125,2419.800048828125,2413.0,2416.0,30183,-0.001529095031011174,0.003864232773843179,0.0012378604425400997,0.5,0.45,0,2411.1633381205406,2416.2091712091215,69.66286741005912,0.39125727671398636,-1.7142189860965826,2418.78401221078,0.0012378604425400997,0,TCS,5m,2026-03-13 09:15:00
2415.699951171875,2419.10009765625,2412.0,2412.10009765625,36109,-0.0016141979899627623,0.003244207740180638,0.0012761950828731154,0.5,0.45,0,2411.2525533144176,2416.0480310697935,63.75349893933498,0.36981728778437173,-1.297411731320392,2418.7001466891247,0.0012761950828731154,0,TCS,5m,2026-03-13 09:20:00
2412.800048828125,2414.0,2408.800048828125,2413.699951171875,53183,0.0006632616603181596,0.0037426706793977083,0.001281096813142401,0.5,0.45,0,2411.4856388246512,2415.9559495051694,64.30394768559438,0.4764287759066974,-0.9426436298749741,2418.521105593188,0.001281096813142401,0,TCS,5m,2026-03-13 09:25:00
2413.800048828125,2415.199951171875,2410.10009765625,2410.699951171875,43635,-0.0012429051086252363,0.0036637866630238047,0.0012855693669458995,0.55,0.4,0,2411.4108114291485,2415.749831923472,63.34163373901819,0.31521066801451525,-0.6910727702970763,2418.3777102353033,0.0012855693669458995,0,TCS,5m,2026-03-13 09:30:00
2410.699951171875,2412.10009765625,2409.39990234375,2410.10009765625,51901,-0.0002488296045857208,0.0022872826152509074,0.001269257139318255,0.55,0.4,0,2411.285981546015,2415.5282737169146,64.30394768559438,0.13745647775886027,-0.525366920685889,2418.177770877684,0.001269257139318255,0,TCS,5m,2026-03-13 09:35:00
2410.800048828125,2411.5,2408.199951171875,2410.10009765625,63421,0.0,0.0028294631090448608,0.0012602837391555413,0.5,0.45,0,2411.17304022318,2415.315404067477,55.52055575237597,-0.0033760813048502314,-0.42096875280968127,2417.928748076046,0.0012602837391555413,0,TCS,5m,2026-03-13 09:40:00
2410.10009765625,2410.10009765625,2405.89990234375,2407.89990234375,76657,-0.0009129061961532514,0.002456245771752741,0.0012735675638191378,0.5,0.45,0,2410.8613128060915,2415.0246000783113,49.062347412109375,-0.28919066297794416,-0.3946131348433339,2417.5778538829713,0.0012735675638191378,0,TCS,5m,2026-03-13 09:45:00
2407.89990234375,2412.0,2407.0,2412.0,38637,0.0017027691442901283,0.004414132625684131,0.001317530221466542,0.5,0.4,0,2410.9697592055113,2414.905988310534,52.199407191030545,-0.1827505288847533,-0.3522406136516178,2417.451484043584,0.001317530221466542,0,TCS,5m,2026-03-13 09:50:00
2412.0,2414.39990234375,2410.199951171875,2413.0,77531,0.0004145936981758691,0.004412295241066566,0.0013175160033131413,0.55,0.4,0,2411.1631154716533,2414.831243670905,50.304803161914116,-0.017502554551356297,-0.28529300183156553,2417.2851541569494,0.0013175160033131413,0,TCS,5m,2026-03-13 09:55:00
2411.300048828125,2415.39990234375,2406.10009765625,2411.300048828125,63812,0.00012444994945037813,0.00521093869666478,0.0012988450171571733,0.6,0.4,0,2411.162101442286,2414.5484125468324,48.25421429955435,-0.04631185127027493,-0.19943060640625176,2410.933349609375,0.0012988450171571733,0,TCS,5m,2026-03-16 03:50:00
2411.39990234375,2411.60009765625,2405.0,2405.89990234375,55140,-0.002239516598939839,-0.00029094792823369797,0.0012107132347587129,0.55,0.45,0,2410.6609396233775,2414.2092552839663,38.35205992509363,-0.4757285446739843,-0.25469019405979826,2409.3418261590678,0.0012107132347587129,0,TCS,5m,2026-03-16 03:55:00
2406.300048828125,2408.5,2400.199951171875,2402.199951171875,41169,-0.0015378657974384202,-0.0026157562084804242,0.0012409078472613827,0.5,0.5,0,2409.8551311994247,2413.7383021815313,35.526315789473685,-1.1018975170954945,-0.4241316586669376,2407.8740968713455,0.0012409078472613827,0,TCS,5m,2026-03-16 04:00:00
2402.60009765625,2410.0,2401.39990234375,2405.699951171875,31355,0.0014569977816760726,-0.0019913083709293122,0.0012739091299840686,0.5,0.5,0,2409.4593997682296,2413.423072730172,30.0,-1.3007262274873028,-0.5994505724310106,2407.5180713725526,0.0012739091299840686,0,TCS,5m,2026-03-16 04:05:00
2405.60009765625,2412.10009765625,2404.10009765625,2405.5,37522,-8.311559044493766e-05,-0.003025550679871092,0.0012496640020904647,0.5,0.45,0,2409.082314076017,2413.1123639956554,33.33333333333333,-1.457631137061071,-0.7710866853570227,2407.471426869679,0.0012496640020904647,0,TCS,5m,2026-03-16 04:10:00
2405.60009765625,2408.300048828125,2403.0,2404.0,22498,-0.0006235709831635683,-0.002820660648082507,0.0012446324947368256,0.45,0.5,0,2408.5982841640152,2412.755016387983,36.0823531385808,-1.683609272628928,-0.9535912028114039,2407.2592883245898,0.0012446324947368256,-1,TCS,5m,2026-03-16 04:15:00
2404.300048828125,2404.300048828125,2395.800048828125,2396.60009765625,50113,-0.003078162372608162,-0.006549413582776942,0.0013901229891996832,0.4,0.5,0,2407.4555997347043,2412.121490163209,25.50174535330288,-2.431776839055601,-1.2492283300602434,2405.8703849654557,0.0013901229891996832,0,TCS,5m,2026-03-16 04:20:00
2396.60009765625,2399.39990234375,2393.0,2393.800048828125,45017,-0.0011683421155090912,-0.008408950750564803,0.00137997162098141,0.35,0.55,0,2406.1550710769347,2411.4030022677152,25.648692764472457,-3.2136011712450454,-1.642102898297204,2404.5105733740334,0.00137997162098141,0,TCS,5m,2026-03-16 04:25:00
2393.89990234375,2394.60009765625,2388.0,2389.39990234375,59524,-0.0018381428668318156,-0.009862443771626705,0.0014157025340598038,0.35,0.6,-1,2404.5593407213933,2410.5401356040306,23.11697041179977,-4.140528203238318,-2.141787959285427,2402.4816562181813,0.0014157025340598038,-1,TCS,5m,2026-03-16 04:30:00
2389.300048828125,2392.300048828125,2386.0,2391.0,42988,0.0006696650714184127,-0.011860954560905523,0.0012368698827159054,0.3,0.65,0,2403.2679749384033,2409.773855776422,26.184764873487083,-4.691924461387316,-2.651815259705805,2401.2646777590753,0.0012368698827159054,-1,TCS,5m,2026-03-16 04:35:00
2391.89990234375,2396.199951171875,2390.60009765625,2390.60009765625,40023,-0.00016725317597243716,-0.010513204612479288,0.0012201525278242782,0.35,0.65,0,2402.061510435341,2409.021943693278,27.415571335687602,-5.102361893781563,-3.1419245865209566,2400.5448312388016,0.0012201525278242782,-1,TCS,5m,2026-03-16 04:40:00
2390.699951171875,2390.800048828125,2382.199951171875,2382.199951171875,42586,-0.0035138233670326535,-0.01239589787895945,0.0013734913979218575,0.35,0.65,-1,2400.1699333626298,2407.9701008493016,15.023697497292119,-6.035880263855688,-3.720715721987903,2399.3052308092733,0.0013734913979218575,-1,TCS,5m,2026-03-16 04:45:00
2376.300048828125,2380.10009765625,2372.60009765625,2373.89990234375,98543,-0.003484194861158474,-0.01648922800400343,0.0014782368521273827,0.35,0.65,-1,2397.668025646546,2406.634014633398,10.821852127284814,-7.360596497195274,-4.448691877029377,2395.588606897754,0.0014782368521273827,-1,TCS,5m,2026-03-16 04:50:00
2373.800048828125,2374.300048828125,2370.0,2373.0,48597,-0.0003790818403343055,-0.01563859125377609,0.0014781556785807741,0.3,0.7,-1,2395.3186898706845,2405.315033667382,11.065807510280862,-8.386385225983759,-5.236230546820254,2393.931076206426,0.0014781556785807741,-1,TCS,5m,2026-03-16 04:55:00
2373.0,2377.60009765625,2373.0,2374.39990234375,34298,0.0005899293483986323,-0.014812743813925944,0.0015058598940770652,0.35,0.65,-1,2393.326424391929,2404.1026755762596,13.026013865581163,-8.982821390906338,-5.985548715637471,2393.0206559764324,0.0015058598940770652,-1,TCS,5m,2026-03-16 05:00:00
2374.0,2377.0,2371.89990234375,2377.0,25041,0.0010950546509387316,-0.01373390992699386,0.001553520495133922,0.35,0.65,-1,2391.771526830793,2403.039825553661,19.3207617586382,-9.140331149923895,-6.616505202494756,2392.419561241971,0.001553520495133922,-1,TCS,5m,2026-03-16 05:05:00
2376.89990234375,2379.800048828125,2376.0,2378.0,26391,0.00042069835927649457,-0.012417419143813557,0.0015719634490778788,0.4,0.6,-1,2390.459952846908,2402.05787161038,22.747892644463136,-9.079800834055277,-7.109164328806861,2391.9195650200772,0.0015719634490778788,-1,TCS,5m,2026-03-16 05:10:00
2377.89990234375,2379.5,2375.0,2376.0,23729,-0.000841042893187538,-0.014925373134328401,0.0014736837376964926,0.35,0.65,-1,2389.082814480536,2401.035994292326,15.384790489360853,-9.088447443171844,-7.505020951679858,2391.465473553012,0.0014736837376964926,-1,TCS,5m,2026-03-16 05:15:00
2377.0,2377.800048828125,2368.60009765625,2369.800048828125,27777,-0.002609407058869917,-0.01790300504429132,0.0015026909291712715,0.3,0.7,-1,2387.2463606088777,2399.811055254514,13.497091789610323,-9.486232800855305,-7.901263321514948,2390.8052313462817,0.0015026909291712715,-1,TCS,5m,2026-03-16 05:20:00
2370.0,2372.60009765625,2367.10009765625,2371.199951171875,31076,0.000590725932528402,-0.01650769341689129,0.00153939515423015,0.25,0.7,-1,2385.718131138687,2398.689051172842,16.39342622007655,-9.578109657078585,-8.236632588627677,2390.053083324466,0.00153939515423015,-1,TCS,5m,2026-03-16 05:25:00
2371.199951171875,2374.199951171875,2368.0,2373.89990234375,56890,0.001138643398900463,-0.015510366079307003,0.0015884415837531696,0.3,0.7,-1,2384.5925855391697,2397.7169276893483,24.262874099006837,-9.325559981924016,-8.454418067286944,2388.9191835039533,0.0015884415837531696,-1,TCS,5m,2026-03-16 05:30:00
2373.89990234375,2376.60009765625,2372.0,2374.89990234375,44312,0.00042124775312246676,-0.012884991586641137,0.0015711057288298233,0.35,0.65,-1,2383.669472853892,2396.822142381678,27.65942710708123,-8.941647159715103,-8.551863885772576,2388.2454781204424,0.0015711057288298233,-1,TCS,5m,2026-03-16 05:35:00
2374.89990234375,2377.89990234375,2374.89990234375,2375.10009765625,31692,8.429631594264464e-05,-0.011281264701718419,0.0015645554565383002,0.4,0.6,-1,2382.8533418826883,2395.970297490485,31.233900216586136,-8.522991651178472,-8.546089438853755,2387.848433019382,0.0015645554565383002,-1,TCS,5m,2026-03-16 05:40:00
2375.39990234375,2383.89990234375,2375.39990234375,2382.60009765625,32669,0.0031577616486146987,-0.009602134091731829,0.0017189026781349855,0.4,0.6,-1,2382.829223384932,2395.4459759283577,40.45465642755682,-7.499566490345842,-8.336784849152172,2387.6156921038582,0.0017189026781349855,0,TCS,5m,2026-03-16 05:45:00
2382.800048828125,2384.89990234375,2380.39990234375,2382.89990234375,29085,0.00012583088861406466,-0.009395176743400513,0.0017220796992336099,0.4,0.6,-1,2382.835954714343,2394.953973042687,41.22982637614423,-6.588356471997486,-7.987099173721235,2387.4793897051636,0.0017220796992336099,0,TCS,5m,2026-03-16 05:50:00
2382.699951171875,2382.699951171875,2379.0,2380.199951171875,35585,-0.0011330527015505076,-0.00990018670055115,0.0017282211797331965,0.4,0.6,-1,2382.5849067579175,2394.3753839497135,47.38217887592193,-6.01474522378885,-7.592628383734759,2387.2532797749245,0.0017282211797331965,0,TCS,5m,2026-03-16 05:55:00
2380.60009765625,2385.0,2380.0,2383.60009765625,31724,0.0014285129628295312,-0.005424350943118661,0.00166651690848815,0.45,0.55,0,2382.6815916053774,2393.952823702911,64.56494325346785,-5.225553839984968,-7.119213474984802,2387.1278151138995,0.00166651690848815,0,TCS,5m,2026-03-16 06:00:00
2383.60009765625,2383.60009765625,2375.699951171875,2377.800048828125,34707,-0.002433314562215405,-0.006683933358524574,0.0017253479030671641,0.45,0.55,0,2382.2166827694487,2393.3193815509585,56.28279445506081,-5.01037298893516,-6.697445377774874,2386.8822139803956,0.0017253479030671641,0,TCS,5m,2026-03-16 06:05:00
2377.699951171875,2381.39990234375,2376.300048828125,2376.60009765625,34885,-0.0005046476353074425,-0.005356911865169511,0.0016895505413565383,0.45,0.5,0,2381.681769901525,2392.663723359009,52.89499383223684,-4.880408335995526,-6.334037969419005,2386.6223051899533,0.0016895505413565383,0,TCS,5m,2026-03-16 06:10:00
2376.60009765625,2376.60009765625,2371.199951171875,2372.5,31096,-0.0017251946005949481,-0.007737348389795118,0.0017044590953951885,0.45,0.5,0,2380.807315625189,2391.8729891096364,44.30379746835443,-5.0500403060027566,-6.0772384367357555,2386.2833162271336,0.0017044590953951885,0,TCS,5m,2026-03-16 06:15:00
2372.60009765625,2375.699951171875,2372.60009765625,2373.89990234375,14887,0.0005900536749210428,-0.006985775382872705,0.0017179543681105133,0.4,0.5,0,2380.1494667412426,2391.168162177641,44.86202043688429,-5.013719408290399,-5.864534631046684,2386.1348187168164,0.0017179543681105133,0,TCS,5m,2026-03-16 06:20:00
2373.5,2375.5,2370.800048828125,2372.800048828125,16769,-0.00046331082222095255,-0.003945891418193459,0.0015493285835758476,0.4,0.5,0,2379.4495221780885,2390.4478440070716,45.89747281571023,-5.015864063371737,-5.694800517511695,2385.957856765524,0.0015493285835758476,0,TCS,5m,2026-03-16 06:25:00
2372.699951171875,2378.60009765625,2372.699951171875,2375.60009765625,17487,0.0011800610125189959,0.0007162034552599117,0.0013689490824569973,0.45,0.45,0,2379.0829103188657,2389.8655794442943,58.14616951384269,-4.7370177861816956,-5.503243971245695,2385.8144525148036,0.0013689490824569973,0,TCS,5m,2026-03-16 06:30:00
2375.60009765625,2377.39990234375,2375.0,2375.199951171875,21949,-0.00016844017003103673,0.0009270759257795635,0.0013663898774442043,0.45,0.4,0,2378.713104685819,2389.2904567669448,55.78033050620228,-4.496485889288579,-5.301892354854272,2385.643995112319,0.0013663898774442043,0,TCS,5m,2026-03-16 06:35:00
2375.5,2376.300048828125,2373.39990234375,2373.5,9311,-0.0007157086589851813,-0.00037900201346108275,0.0013702803696295002,0.4,0.45,0,2378.2166185252645,2388.671223168241,49.40490895615654,-4.392401608974524,-5.1199942056783225,2385.562853292158,0.0013702803696295002,0,TCS,5m,2026-03-16 06:40:00
2373.5,2376.300048828125,2373.39990234375,2375.89990234375,12990,0.001011123801874847,-0.0004628092790281979,0.0013668161258573062,0.4,0.4,0,2377.99597888893,2388.1703870574765,51.42857142857143,-4.069353035904896,-4.909865971723638,2385.4595611829386,0.0013668161258573062,0,TCS,5m,2026-03-16 06:45:00
2375.800048828125,2380.300048828125,2375.5,2380.0,21350,0.0017257030282316066,0.000841042893187538,0.001419220433057236,0.4,0.4,0,2378.1868380423653,2387.8499797218897,56.29809080296736,-3.4428045911390655,-4.616453695606724,2385.348997449668,0.001419220433057236,0,TCS,5m,2026-03-16 06:50:00
2379.89990234375,2380.39990234375,2376.39990234375,2378.300048828125,17447,-0.0007142651982667836,0.0009680340185711511,0.0014153419382389265,0.45,0.35,0,2378.1976200219615,2387.4754726280166,43.50442921734513,-3.048293457627551,-4.302821648010889,2385.2582236115422,0.0014153419382389265,0,TCS,5m,2026-03-16 06:55:00
2377.5,2378.39990234375,2371.10009765625,2371.800048828125,34400,-0.002733044555586206,0.0008439530588197908,0.0014277812117424798,0.45,0.35,0,2377.5883275273104,2386.86075012606,35.87806650804794,-3.2229836697465544,-4.086854052358023,2384.9710256790527,0.0014277812117424798,0,TCS,5m,2026-03-16 07:00:00
2371.10009765625,2374.60009765625,2368.89990234375,2374.60009765625,47292,0.001180558550670563,0.0014339349504011167,0.0014456666529444775,0.45,0.35,0,2377.303734206257,2386.379940225283,42.893613329780706,-3.0997543434395993,-3.889434110574338,2384.5634192948464,0.0014456666529444775,0,TCS,5m,2026-03-16 07:05:00
2374.60009765625,2377.0,2373.699951171875,2374.800048828125,86979,8.420414539367371e-05,0.000379184684023981,0.0014238064109869195,0.45,0.35,0,2377.0652879797685,2385.9258268371595,37.84522003034901,-2.9519317938083987,-3.701933647221151,2384.022400269394,0.0014238064109869195,0,TCS,5m,2026-03-16 07:10:00
2374.699951171875,2374.89990234375,2366.60009765625,2367.0,27114,-0.003284507608113829,-0.003326414867402927,0.0015991577820469638,0.4,0.4,0,2376.1066891245528,2385.183637549428,35.86379236516326,-3.424702274901847,-3.6464873727572904,2383.766349095033,0.0015991577820469638,0,TCS,5m,2026-03-16 07:15:00
2367.0,2371.89990234375,2367.0,2371.199951171875,21567,0.0017743773434200083,-0.0016420977323118313,0.0016566655019277904,0.35,0.4,0,2375.639380748107,2384.635257691485,43.44641640247696,-3.4210397119054505,-3.6013978405869227,2383.576414720857,0.0016566655019277904,0,TCS,5m,2026-03-16 07:20:00
2371.199951171875,2375.0,2370.5,2374.89990234375,16581,0.0015603708029963137,-0.003231845461634353,0.0015256343067970221,0.35,0.4,0,2375.5689542334067,2384.253479050398,52.94107087292659,-3.084031174913889,-3.497924507452316,2383.470048107703,0.0015256343067970221,0,TCS,5m,2026-03-16 07:25:00
2375.0,2379.0,2374.800048828125,2376.0,24055,0.00046321853614306185,-0.0028955905101022417,0.0015308261766932957,0.35,0.4,0,2375.6100062111773,2383.929813205284,52.592713155864196,-2.6970904149497983,-3.337757688951813,2383.3667628930552,0.0015308261766932957,0,TCS,5m,2026-03-16 07:30:00
2373.699951171875,2376.800048828125,2371.10009765625,2375.5,35419,-0.00021043771043771642,-0.0019746035073906487,0.0015132489589303865,0.35,0.4,0,2375.5995294291606,2383.599232295273,53.383385037110465,-2.4030816666595456,-3.1508224844933594,2383.1740131828556,0.0015132489589303865,0,TCS,5m,2026-03-16 07:35:00
2376.0,2377.300048828125,2373.89990234375,2375.60009765625,17104,4.2137510524176136e-05,-0.0033562676926663926,0.0014708135443602928,0.35,0.4,0,2375.599583546026,2383.2855407408015,50.0,-2.1373623879662773,-2.948130465187943,2383.0956215849906,0.0014708135443602928,0,TCS,5m,2026-03-16 07:40:00
2375.60009765625,2379.60009765625,2375.300048828125,2379.60009765625,22875,0.0016837850797979392,0.0007570227904620808,0.0014243131881689,0.4,0.35,0,2375.980584889857,2383.1410135610154,55.39232992454389,-1.5857320426885053,-2.6756507806880556,2383.0283262308794,0.0014243131881689,0,TCS,5m,2026-03-16 07:45:00
2379.60009765625,2383.699951171875,2379.60009765625,2382.10009765625,42408,0.0010505966958322954,0.002314230318101851,0.0014354926789655687,0.45,0.35,0,2376.5633956295133,2383.100193329456,60.33663157153421,-0.9360418058731739,-2.3277289857250794,2382.9980037608207,0.0014354926789655687,0,TCS,5m,2026-03-16 07:50:00
2381.39990234375,2383.300048828125,2375.300048828125,2376.0,48356,-0.0025608066018097952,0.0014752370916755186,0.001502514938945878,0.45,0.35,0,2376.509738902893,2382.8217543753594,50.11048234977095,-0.9029755723322523,-2.042778303046514,2382.866641062614,0.001502514938945878,0,TCS,5m,2026-03-16 07:55:00
2375.39990234375,2377.0,2371.300048828125,2372.89990234375,105144,-0.001304754905829153,-0.00042124775312246676,0.0015278395368842125,0.45,0.4,0,2376.165944944879,2382.432662138826,41.98639875670969,-1.1140798967253431,-1.8570386217822799,2382.3534684818505,0.0015278395368842125,0,TCS,5m,2026-03-16 08:00:00
2373.0,2377.60009765625,2372.39990234375,2377.60009765625,34690,0.001980781114221175,0.0020229470369808045,0.0015871074386029597,0.5,0.35,0,2376.3025309173904,2382.243149806176,49.26010230047021,-0.8918346000623387,-1.6639978174382917,2382.2354076735387,0.0015871074386029597,0,TCS,5m,2026-03-16 08:05:00
2377.60009765625,2382.0,2376.60009765625,2378.60009765625,17278,0.000420592176533674,0.0012628388098483434,0.0015689438670213234,0.5,0.35,0,2376.5213467972817,2382.100285015983,58.13392518178898,-0.6277753550975831,-1.45675332497015,2382.206941757607,0.0015689438670213234,0,TCS,5m,2026-03-16 08:10:00
2379.10009765625,2384.0,2377.300048828125,2382.699951171875,56995,0.0017236413635335346,0.003157628896169218,0.0016106627795034936,0.55,0.35,0,2377.109785309148,2382.123801335822,59.396507287341606,-0.08668335446145647,-1.1827393308684113,2382.1817983255855,0.0016106627795034936,0,TCS,5m,2026-03-16 08:15:00
2381.60009765625,2383.10009765625,2380.0,2382.0,18963,-0.00029376387552726424,0.0035812091847482463,0.0016013405233460056,0.55,0.3,0,2377.5755200416097,2382.1189463814762,58.25676001052708,0.282400408445028,-0.8897113830057235,2382.1772287589556,0.0016013405233460056,0,TCS,5m,2026-03-16 08:20:00
2381.800048828125,2382.300048828125,2379.89990234375,2380.800048828125,13824,-0.0005037578387384611,0.0020624381016813853,0.0015957753168521183,0.55,0.35,0,2377.8826180212777,2382.0672249087957,68.64859158182286,0.4726277598779234,-0.6172435544289941,2382.1691446159844,0.0015957753168521183,0,TCS,5m,2026-03-16 08:25:00
2381.0,2382.0,2380.0,2380.5,11259,-0.00012602857105648013,0.00021008403361344463,0.0015498027430127658,0.5,0.35,0,2378.1318924954417,2382.0057651084508,64.04826706200812,0.5923446926899487,-0.37532590500520563,2382.1617150727657,0.0015498027430127658,1,TCS,5m,2026-03-16 08:30:00
2380.5,2384.300048828125,2380.0,2384.199951171875,25144,0.0015542748044004018,0.0024807224583194287,0.001576660870613185,0.5,0.35,0,2378.7098028455785,2382.091811620742,64.04826706200812,0.9745424435877794,-0.10535223528660864,2382.169954802504,0.001576660870613185,1,TCS,5m,2026-03-16 08:35:00
2383.60009765625,2387.0,2383.60009765625,2385.60009765625,30478,0.0005872605121424179,0.005818386265293851,0.0014276388011130571,0.55,0.3,0,2379.366021398976,2382.2293914652723,64.3712356002573,1.374571826166175,0.19063257700394812,2382.217286169023,0.0014276388011130571,1,TCS,5m,2026-03-16 08:40:00
2385.60009765625,2390.89990234375,2383.5,2390.89990234375,29022,0.0022215813508337234,0.006864231456735759,0.00147980013941056,0.6,0.3,1,2380.464486250859,2382.5694114997227,70.1568371807654,2.0950969662076204,0.5715254548446826,2382.30282521909,0.00147980013941056,1,TCS,5m,2026-03-16 08:45:00
2391.699951171875,2401.0,2391.300048828125,2399.800048828125,120878,0.0037225090333770083,0.010527202074269937,0.0016590675526896262,0.6,0.3,1,2382.3059684010746,2383.245122767503,75.74449517694909,3.3457184112471623,1.1263640461251787,2383.119419883296,0.0016590675526896262,1,TCS,5m,2026-03-16 08:50:00
2401.0,2404.699951171875,2398.39990234375,2402.89990234375,108115,0.0012917132480010363,0.015166836647127147,0.001401606588890667,0.65,0.25,1,2384.267295443234,2384.0158984371596,75.27088430618664,4.534703944519151,1.8080320258039735,2383.992511338075,0.001401606588890667,1,TCS,5m,2026-03-16 08:55:00
2402.60009765625,2405.39990234375,2401.10009765625,2404.0,102654,0.0004578208418823948,0.013832679446503349,0.0013819332170674225,0.7,0.25,1,2386.1466006391165,2384.7995886945264,74.49642802525506,5.502324856903215,2.546890592023822,2384.813005793232,0.0013819332170674225,1,TCS,5m,2026-03-16 09:00:00
2404.199951171875,2410.0,2402.699951171875,2408.699951171875,108600,0.0019550545640079076,0.014232199342283147,0.0013977731847902215,0.7,0.25,1,2388.2945387850937,2385.7368578112855,87.7597162784666,6.572652732374536,3.352043020093965,2385.7638756392007,0.0013977731847902215,1,TCS,5m,2026-03-16 09:05:00
2409.199951171875,2411.10009765625,2405.0,2408.89990234375,104600,8.30120712120852e-05,0.013846760245685985,0.0014038465486013545,0.7,0.25,1,2390.2569543621084,2386.645212498833,94.55456314434548,7.352277198578577,4.152089855790887,2386.653445451113,0.0014038465486013545,1,TCS,5m,2026-03-16 09:10:00
2408.699951171875,2415.0,2407.800048828125,2415.0,101414,0.0025323167850663797,0.01662807829930535,0.0014447532026563388,0.75,0.2,1,2392.6134348990504,2387.757164949859,94.73693432703315,8.365924930164965,4.9948568706657035,2387.608477906933,0.0014447532026563388,1,TCS,5m,2026-03-16 09:15:00
2415.0,2425.0,2413.5,2417.5,125163,0.0010351966873705098,0.017637607602848604,0.0014334195605034395,0.75,0.2,1,2394.983583956284,2388.9235506381,94.91925844065044,9.264185404425916,5.848722577417746,2388.9580575944196,0.0014334195605034395,1,TCS,5m,2026-03-16 09:20:00
2417.5,2422.39990234375,2412.699951171875,2416.0,143297,-0.0006204756980351389,0.015296646852385631,0.0014574403446157142,0.7,0.25,1,2396.9851473890185,2389.9853721817044,90.90919997360639,9.742717851160705,6.627521632166339,2390.288577530126,0.0014574403446157142,1,TCS,5m,2026-03-16 09:25:00
2415.39990234375,2416.699951171875,2408.0,2408.0,149711,-0.0033112582781457123,0.010872717888401384,0.0017152700208497495,0.65,0.3,1,2398.034180971017,2390.691828174579,77.08333333333333,9.368431672948645,7.1757036403228005,2391.2609546624703,0.0017152700208497495,1,TCS,5m,2026-03-16 09:30:00
2409.89990234375,2415.60009765625,2408.0,2412.199951171875,109773,0.0017441657690511203,0.015235669685132569,0.0015692759778541804,0.65,0.25,1,2399.3833019425274,2391.5352839783945,80.78421798406862,9.303463602043394,7.60125563266692,2391.952134148039,0.0015692759778541804,0,TCS,5m,2026-03-16 09:35:00
2412.199951171875,2414.199951171875,2407.39990234375,2411.39990234375,111787,-0.0003316677076194985,0.016224873186590383,0.001516158102216104,0.65,0.25,1,2400.5277400759774,2392.3142886201736,79.9999051881068,9.082718755620135,7.897548257257563,2392.579324609567,0.001516158102216104,0,TCS,5m,2026-03-16 09:40:00
2411.199951171875,2411.199951171875,2404.0,2404.89990234375,84516,-0.00269552967704878,0.01148208427246078,0.0016774756379653556,0.6,0.3,1,2400.944136482432,2392.8078420995294,69.06071137928089,8.287745229156371,7.975587651637325,2392.9223114316374,0.0016774756379653556,0,TCS,5m,2026-03-16 09:45:00
2404.199951171875,2408.89990234375,2402.60009765625,2403.699951171875,73153,-0.0004989609632839453,0.010552363779164464,0.0016943704335943646,0.55,0.35,0,2401.2065950242836,2393.234983631778,66.72819087245534,7.474732882983517,7.875416697906564,2393.172377390399,0.0016943704335943646,0,TCS,5m,2026-03-16 09:50:00
2403.199951171875,2403.199951171875,2400.0,2401.0,64619,-0.0011232480037945969,0.007680383264004664,0.0017080211680187277,0.5,0.4,0,2401.186919307685,2393.5394940775905,59.805920054611654,6.537194536710103,7.607772265667272,2393.3193559174306,0.0017080211680187277,0,TCS,5m,2026-03-16 09:55:00
2399.300048828125,2399.300048828125,2376.0,2376.60009765625,92120,-0.00946107227520887,-0.0017640923579207435,0.00279010233837628,0.55,0.45,0,2398.682729766679,2393.092249145094,29.421091642660116,2.9778876723698886,6.359359682484224,2383.9667154947915,0.00279010233837628,-1,TCS,5m,2026-03-17 03:50:00
2375.5,2377.5,2372.0,2372.699951171875,80281,-0.0016410613162143317,-0.003276643069995755,0.0028117697868799713,0.55,0.5,0,2396.2081794243168,2392.29255118536,26.536677854928385,0.5843047179287169,5.2043486895731235,2379.356608090382,0.0028117697868799713,0,TCS,5m,2026-03-17 03:55:00
2373.300048828125,2375.0,2360.10009765625,2360.800048828125,121625,-0.005015342263514078,-0.009814572109293374,0.0029796534487059943,0.5,0.55,0,2392.8359765103937,2391.0575510929193,17.591362894540367,-2.2469482648857593,3.714089298681347,2373.5420576075267,0.0029796534487059943,0,TCS,5m,2026-03-17 04:00:00
2360.39990234375,2366.0,2360.0,2361.5,71222,0.000296488968738462,-0.010102320870931991,0.0029748321832496274,0.45,0.6,-1,2389.8515977951183,2389.8984314422164,18.145185107402327,-4.383723605063096,2.0945267179324585,2371.3888974891324,0.0029748321832496274,0,TCS,5m,2026-03-17 04:05:00
2361.5,2368.5,2360.800048828125,2367.300048828125,74506,0.00245608673644937,-0.009870699100573144,0.0029865766695854113,0.45,0.55,0,2387.7038312268332,2389.012220359311,17.813734502311277,-5.545196416860563,0.5665820909738544,2370.3968150119604,0.0029865766695854113,0,TCS,5m,2026-03-17 04:10:00
2367.300048828125,2370.300048828125,2363.699951171875,2370.0,52285,0.0011405192059246172,-0.012417721569210283,0.0028473890059484016,0.45,0.55,0,2386.017752062373,2388.2666430903187,18.034909243852113,-6.176608396246138,-0.7820560064701441,2370.1421248900383,0.0028473890059484016,0,TCS,5m,2026-03-17 04:15:00
2370.0,2376.5,2369.0,2374.60009765625,43186,0.0019409694752110518,-0.011777354795302508,0.0028739174171713146,0.45,0.55,0,2384.930356404647,2387.73070013212,23.25584329558717,-6.233956334624963,-1.8724360721011082,2370.402307928872,0.0028739174171713146,0,TCS,5m,2026-03-17 04:20:00
2374.699951171875,2380.0,2369.5,2378.199951171875,70621,0.001515983057180037,-0.010732133455958803,0.0029037740651412787,0.45,0.55,0,2384.289365430097,2387.356945270934,29.588939389378837,-5.920677016329137,-2.6820842609467137,2371.043149598743,0.0029037740651412787,0,TCS,5m,2026-03-17 04:25:00
2378.199951171875,2381.0,2373.60009765625,2375.300048828125,52833,-0.0012193685994825731,-0.013866360701132674,0.0028466798903130594,0.45,0.55,0,2383.4332400394333,2386.8841258025886,24.267745384463467,-5.839089395327392,-3.313485287822849,2371.49154518595,0.0028466798903130594,0,TCS,5m,2026-03-17 04:30:00
2375.89990234375,2380.89990234375,2375.0,2380.89990234375,37315,0.002357535216819251,-0.01162356309316015,0.0029237491765965306,0.4,0.55,0,2383.1919697827016,2386.6494503728304,30.065232238257238,-5.261913179389467,-3.7031708661361726,2371.8905254865817,0.0029237491765965306,0,TCS,5m,2026-03-17 04:35:00
2379.800048828125,2383.5,2378.199951171875,2381.800048828125,43411,0.00037806985648103364,-0.013747391789596275,0.0028415689388006267,0.4,0.55,0,2383.0594058822653,2386.4592777632342,33.709474699127085,-4.677938211688343,-3.8981243352466066,2372.4351344150696,0.0028415689388006267,0,TCS,5m,2026-03-17 04:40:00
2381.0,2384.800048828125,2381.0,2384.800048828125,35703,0.0012595515738089702,-0.013526350019389843,0.0028491625949820386,0.4,0.55,0,2383.2251814009187,2386.3942099618575,37.00139029746992,-3.927781889851758,-3.904055846167637,2372.9463407994517,0.0028491625949820386,0,TCS,5m,2026-03-17 04:45:00
2384.5,2386.699951171875,2383.0,2384.300048828125,35571,-0.0002096611832281825,-0.013120840716835724,0.0028510704931353,0.45,0.5,0,2383.3275497273194,2386.312085995829,38.156021983121335,-3.335177570580072,-3.7902801910501243,2373.460605645862,0.0028510704931353,0,TCS,5m,2026-03-17 04:50:00
2383.5,2384.60009765625,2378.0,2378.10009765625,45228,-0.002600323384182368,-0.012416902966673637,0.002820494500379095,0.45,0.5,0,2382.8296971491222,2385.9900472374143,35.86665321176176,-3.327461715110985,-3.697716495862297,2373.818494846885,0.002820494500379095,0,TCS,5m,2026-03-17 04:55:00
2378.699951171875,2380.699951171875,2376.0,2376.89990234375,38015,-0.0005046866251268156,-0.014633964655780596,0.00276554361996609,0.45,0.55,0,2382.264954786706,2385.633570967075,50.28019129672897,-3.379238813788106,-3.634020959447459,2373.990645655935,0.00276554361996609,0,TCS,5m,2026-03-17 05:00:00
2377.0,2379.800048828125,2373.0,2379.199951171875,47123,0.0009676675176168992,-0.013353219074355271,0.002790620313772573,0.45,0.55,0,2381.9730496805314,2385.3812721515765,56.26205417203715,-3.1978153941113305,-3.5467798463802334,2374.1580313510103,0.002790620313772573,0,TCS,5m,2026-03-17 05:05:00
2379.199951171875,2380.0,2374.39990234375,2378.10009765625,21415,-0.00046227872318305163,-0.011143833746004028,0.0027496098279867504,0.5,0.5,0,2381.6041971067903,2385.095735896858,71.04636312334789,-3.1069697999514574,-3.4588178370944784,2374.232391073615,0.0027496098279867504,0,TCS,5m,2026-03-17 05:10:00
2378.800048828125,2389.199951171875,2378.199951171875,2389.0,43589,0.004583449769205439,-0.00611555163726174,0.002980388019539875,0.55,0.45,0,2382.308559287096,2385.2488442930594,76.80322095524548,-2.1308795343716156,-3.193230176549906,2374.7191361724254,0.002980388019539875,1,TCS,5m,2026-03-17 05:15:00
2389.60009765625,2391.39990234375,2386.5,2389.0,34079,0.0,-0.00499791753436063,0.002974684372549916,0.6,0.4,0,2382.9458393549917,2385.3959484384295,73.84622814124819,-1.3418529213458896,-2.8229547255091028,2375.1859445675177,0.002974684372549916,1,TCS,5m,2026-03-17 05:20:00
2388.10009765625,2391.89990234375,2386.10009765625,2391.5,31895,0.0010464629552113802,-0.003250968478050398,0.0029861985013397738,0.6,0.4,0,2383.7605213211828,2385.635323009472,73.7307866428094,-0.508947706908657,-2.360153321789014,2375.621736024124,0.0029861985013397738,0,TCS,5m,2026-03-17 05:25:00
2391.0,2394.0,2390.800048828125,2391.39990234375,30024,-4.18555953376476e-05,0.006227301219963399,0.0020322514415688055,0.65,0.35,1,2384.4880814185703,2385.8613849441494,70.58809449723546,0.14142833418236478,-1.8598369905947383,2376.0697587572195,0.0020322514415688055,1,TCS,5m,2026-03-17 05:30:00
2391.89990234375,2396.39990234375,2389.10009765625,2390.89990234375,40251,-0.00020908255432727785,0.007670565830663056,0.001984469274197682,0.7,0.35,1,2385.098731030492,2386.058973861781,66.84345838271197,0.6094844537356039,-1.36597270172867,2376.6357876130955,0.001984469274197682,0,TCS,5m,2026-03-17 05:35:00
2390.89990234375,2392.800048828125,2388.0,2391.39990234375,20860,0.00020912627898383995,0.01296164557892765,0.0015275897975627673,0.7,0.35,0,2385.698842584136,2386.2684220375445,72.80429354930182,1.0091354368191787,-0.8909510740191005,2376.8886117902116,0.0015275897975627673,0,TCS,5m,2026-03-17 05:40:00
2391.39990234375,2393.0,2386.0,2387.0,26197,-0.0018398856416435017,0.010798221469405123,0.0016248573597226151,0.75,0.35,1,2385.822762338028,2386.2971113694057,58.944399100763206,0.9597628242140672,-0.520808294372467,2377.148037868715,0.0016248573597226151,0,TCS,5m,2026-03-17 05:45:00
2387.199951171875,2391.60009765625,2384.39990234375,2388.10009765625,30910,0.0004608704047968093,0.008786401554134127,0.0015609134824059194,0.7,0.4,0,2386.039651415954,2386.367816713988,59.183731573815066,0.9979001877804876,-0.2170665979418761,2377.423769360642,0.0015609134824059194,0,TCS,5m,2026-03-17 05:50:00
2388.39990234375,2389.10009765625,2381.60009765625,2383.300048828125,31214,-0.002009986446060541,0.005611834948575867,0.0016431597082713482,0.65,0.45,0,2385.77873688378,2386.247512091013,47.922443293251995,0.6334979286416456,-0.04695369262517177,2377.604421482421,0.0016431597082713482,0,TCS,5m,2026-03-17 05:55:00
2383.60009765625,2385.5,2380.0,2381.300048828125,32358,-0.0008391725586476273,0.002821507157557912,0.0016126643874969954,0.6,0.5,0,2385.3521951641937,2386.053493923841,46.010648659177974,0.1812340740034415,-0.0013161392994491122,2377.7219297458005,0.0016126643874969954,0,TCS,5m,2026-03-17 06:00:00
2380.60009765625,2387.800048828125,2380.10009765625,2385.0,29822,0.0015537526124420609,0.0028593259472460275,0.0016143790994018014,0.6,0.5,0,2385.318652767604,2386.0121804366318,59.828893371357026,0.11998375061648403,0.02294383868373752,2377.8712627669825,0.0016143790994018014,0,TCS,5m,2026-03-17 06:05:00
2384.39990234375,2387.39990234375,2382.5,2385.60009765625,33675,0.0002516132730607801,0.004336314830291288,0.0015821831645161182,0.55,0.5,0,2385.3454570427134,2385.9960203275973,62.60897871376812,0.11849930742846482,0.042054932432682976,2378.053602651764,0.0015821831645161182,0,TCS,5m,2026-03-17 06:10:00
2385.60009765625,2388.10009765625,2385.199951171875,2386.10009765625,14892,0.00020959087002525578,0.002184130171697163,0.0015000464369206116,0.6,0.5,0,2385.417327577336,2386.0001017914665,60.550698452280514,0.15587190256701433,0.06481832645954926,2378.1455756991572,0.0015000464369206116,0,TCS,5m,2026-03-17 06:15:00
2386.39990234375,2389.89990234375,2385.300048828125,2388.0,18399,0.000796237486271556,0.0026030527520248814,0.0015068759846012872,0.6,0.5,0,2385.6632963794946,2386.078529172193,64.77597364738807,0.33493526917072813,0.11884171500178503,2378.273347435326,0.0015068759846012872,0,TCS,5m,2026-03-17 06:20:00
2388.0,2388.0,2382.199951171875,2386.89990234375,24724,-0.00046067741048994026,0.0008805155453837088,0.0014880499895880272,0.55,0.55,0,2385.7810683760904,2386.1107398848035,45.56945073962668,0.3836530764760937,0.17180398729664675,2378.4040020633097,0.0014880499895880272,0,TCS,5m,2026-03-17 06:25:00
2386.89990234375,2387.699951171875,2384.5,2386.0,13076,-0.0003770172108459313,0.000712977031859019,0.0014900269848412675,0.5,0.55,0,2385.801919006939,2386.106397144223,43.90246323018599,0.34566310233958575,0.20657581030523456,2378.4746415328113,0.0014900269848412675,0,TCS,5m,2026-03-17 06:30:00
2386.39990234375,2388.5,2385.10009765625,2387.699951171875,12031,0.0007124690577851034,0.004036774366682927,0.0013599058460378663,0.55,0.5,0,2385.982683975028,2386.168889459033,42.01672052110581,0.4475683374266737,0.25477431572952236,2378.5471861504275,0.0013599058460378663,0,TCS,5m,2026-03-17 06:35:00
2387.699951171875,2389.0,2385.699951171875,2385.89990234375,12033,-0.0007538840159717619,0.0037864446841557875,0.0013678431350030327,0.6,0.45,0,2385.9748000101445,2386.1583409447085,39.2156862745098,0.3787144887423892,0.27956235033209575,2378.6165854467154,0.0013678431350030327,0,TCS,5m,2026-03-17 06:40:00
2386.89990234375,2387.60009765625,2379.5,2379.5,28049,-0.0026823850981607666,0.00012611332980960732,0.0014960938295277943,0.6,0.45,0,2385.3581523901307,2385.8972295351123,31.84723280513785,-0.19008018922932024,0.18563384241981257,2378.6849360149145,0.0014960938295277943,0,TCS,5m,2026-03-17 06:45:00
2379.300048828125,2384.300048828125,2378.5,2381.0,16573,0.0006303845345660974,0.0012194197992791977,0.0014979903286039464,0.55,0.5,0,2384.9430902577374,2385.705181318049,33.95071961419636,-0.5138927695297753,0.045728520029895,2378.713708105118,0.0014979903286039464,0,TCS,5m,2026-03-17 06:50:00
2381.60009765625,2385.0,2380.699951171875,2385.0,13105,0.0016799664006719173,-0.001674340728338164,0.0011329589822044552,0.55,0.5,0,2384.948510233191,2385.677527148714,46.875,-0.44264743763324077,-0.05194667150273216,2378.7561005397083,0.0011329589822044552,0,TCS,5m,2026-03-17 06:55:00
2383.89990234375,2386.89990234375,2382.0,2385.39990234375,17963,0.00016767393867933578,-0.0015069475329635429,0.0011342265153714984,0.55,0.5,0,2384.9914999580064,2385.6666399014607,45.68656204174597,-0.3498829884965744,-0.11153393490150063,2378.827216415947,0.0011342265153714984,0,TCS,5m,2026-03-17 07:00:00
2385.0,2388.0,2384.0,2384.39990234375,15542,-0.0004192169199879192,-0.0029688888380723366,0.0011049395554278427,0.55,0.45,0,2384.9351573280774,2385.6169639188056,51.99975141824767,-0.3529890982786128,-0.15982496757692308,2378.8944971207634,0.0011049395554278427,0,TCS,5m,2026-03-17 07:05:00
2384.0,2392.0,2383.0,2391.89990234375,41710,0.0031454455238937307,0.00020908255432727785,0.001328334545632753,0.55,0.5,0,2385.5984663771887,2385.8633536609605,66.0605029334083,0.2468906060039444,-0.07848185286074957,2379.161159915905,0.001328334545632753,0,TCS,5m,2026-03-17 07:10:00
2391.89990234375,2395.199951171875,2391.5,2394.800048828125,35192,0.001212486559965642,0.0016312462435386088,0.0013537130927243424,0.55,0.45,0,2386.4748075629923,2386.213812294967,65.21749020024112,0.9454189758503162,0.1262983128814636,2379.4817458797875,0.0013537130927243424,0,TCS,5m,2026-03-17 07:15:00
2395.10009765625,2396.89990234375,2390.199951171875,2391.10009765625,29254,-0.0015449937766978117,-0.00012536785972361297,0.0014010642757946302,0.6,0.45,0,2386.9153113813977,2386.405431328743,57.79041137577115,1.1867722322376721,0.33839309675270535,2379.7181425505296,0.0014010642757946302,0,TCS,5m,2026-03-17 07:20:00
2390.39990234375,2394.0,2389.199951171875,2392.89990234375,16478,0.0007527098883330918,0.002471680914851282,0.0013410448946001789,0.55,0.45,0,2387.485272425431,2386.6601164665863,59.289449810555524,1.505916357102251,0.5718977488226145,2379.840657898465,0.0013410448946001789,0,TCS,5m,2026-03-17 07:25:00
2392.89990234375,2395.0,2392.39990234375,2393.60009765625,14177,0.00029261370766664463,0.002303086041241631,0.0013393489952884935,0.6,0.4,0,2388.067636733128,2386.932272591671,57.90976427261065,1.7946526467299009,0.8164487284040718,2379.9579925716744,0.0013393489952884935,0,TCS,5m,2026-03-17 07:30:00
2393.89990234375,2396.300048828125,2389.89990234375,2394.89990234375,27174,0.0005430333533043008,0.004867139377322083,0.0012443665175296487,0.65,0.4,0,2388.7183286960444,2387.2447286603797,61.2360783453119,2.104106778669575,1.0739803384571724,2380.1779505520326,0.0012443665175296487,0,TCS,5m,2026-03-17 07:35:00
2394.89990234375,2398.300048828125,2394.60009765625,2398.0,25339,0.0012944581329750182,0.007012955456870529,0.0012381032232250215,0.7,0.35,0,2389.6022973916592,2387.6665040070316,65.87309788927067,2.5698794098479993,1.3731601527353379,2380.424845157156,0.0012381032232250215,0,TCS,5m,2026-03-17 07:40:00
2398.0,2400.89990234375,2397.699951171875,2399.699951171875,50009,0.0007089037413989807,0.0061635015395702375,0.0012089481134879517,0.7,0.35,0,2390.563978704061,2388.138403895849,65.87309788927067,3.0411232524324987,1.7067527726747702,2380.9609778578,0.0012089481134879517,0,TCS,5m,2026-03-17 07:45:00
2399.699951171875,2400.5,2397.0,2398.89990234375,22007,-0.0003333953595883177,0.005575035271236928,0.0012174308080187954,0.7,0.4,0,2391.357876193555,2388.5604234428256,67.66313722368176,3.311853157029418,2.0277728495457,2381.179679419424,0.0012174308080187954,0,TCS,5m,2026-03-17 07:50:00
2399.199951171875,2401.800048828125,2398.39990234375,2400.699951171875,25202,0.0007503642925519305,0.0061187095754975385,0.0012218119675570008,0.7,0.4,0,2392.2475976200617,2389.0364833537687,82.91922875707971,3.6298152035355997,2.3481813203436803,2381.444404626108,0.0012218119675570008,0,TCS,5m,2026-03-17 07:55:00
2400.800048828125,2405.0,2400.0,2401.0,31899,0.0001249838939592074,0.005443886097152406,0.0012168390112872378,0.7,0.4,0,2393.0811597514844,2389.505640869307,82.25806451612902,3.861500870665168,2.650845230407978,2381.798424920678,0.0012168390112872378,0,TCS,5m,2026-03-17 08:00:00
2401.0,2402.300048828125,2395.800048828125,2396.39990234375,21371,-0.0019159090613286578,0.003980057978414386,0.0013033976297752588,0.7,0.4,0,2393.397230474557,2389.7760040643834,68.03776442047685,3.632055915118144,2.8470873673500114,2381.985134038881,0.0013033976297752588,0,TCS,5m,2026-03-17 08:05:00
2396.199951171875,2400.0,2394.0,2397.699951171875,23748,0.0005425007849706454,0.004903583894331431,0.0012982008670486408,0.7,0.45,0,2393.8070133981114,2390.0867470882067,68.923009893255,3.514607997031817,2.9805914932863726,2382.1759934056913,0.0012982008670486408,0,TCS,5m,2026-03-17 08:10:00
2397.5,2400.699951171875,2397.5,2400.60009765625,18506,0.0012095535485820985,0.005402750240055765,0.0013122952537246832,0.7,0.45,0,2394.4539738036483,2390.4990353457774,73.5465281326293,3.613888601306826,3.1072509148904635,2382.3443048971244,0.0013122952537246832,0,TCS,5m,2026-03-17 08:15:00
2400.5,2403.60009765625,2399.39990234375,2400.699951171875,17737,4.159523101021634e-05,0.006203130656733169,0.0012915113055003606,0.7,0.45,0,2395.0488287910985,2390.8990712605264,66.29623936415504,3.6584541574547984,3.2174915634033305,2382.5175814681343,0.0012915113055003606,0,TCS,5m,2026-03-17 08:20:00
2400.60009765625,2401.60009765625,2397.39990234375,2397.39990234375,16505,-0.0013746194423480684,0.0075225477384954775,0.001158265218243835,0.7,0.45,0,2395.2727405580176,2391.15400581281,54.74423287683438,3.3884266478348763,3.25167858028964,2382.655395203518,0.001158265218243835,0,TCS,5m,2026-03-17 08:25:00
2398.10009765625,2402.5,2396.300048828125,2401.300048828125,43700,0.0016268234934697645,0.00852584999081274,0.0011907833205156444,0.75,0.45,0,2395.8467699170756,2391.5518898526266,68.47794358298466,3.449374880956384,3.291217840422989,2383.036298184213,0.0011907833205156444,0,TCS,5m,2026-03-17 08:30:00
2401.800048828125,2402.0,2398.39990234375,2401.800048828125,30444,0.00020822054296965042,0.007044045630241191,0.00115407326479193,0.7,0.45,0,2396.413748860985,2391.9537784399013,66.92008502975114,3.4977032700862765,3.3325149263556466,2383.302465178127,0.00115407326479193,0,TCS,5m,2026-03-17 08:35:00
2401.800048828125,2404.199951171875,2401.0,2402.800048828125,30449,0.00041635439240161887,0.007294435816518119,0.001153326048464662,0.7,0.45,0,2397.0219679054744,2392.3791223766943,67.29291909503924,3.5754796060700755,3.3811078622985327,2383.5894379503084,0.001153326048464662,0,TCS,5m,2026-03-17 08:40:00
2402.800048828125,2402.800048828125,2396.0,2396.5,31580,-0.0026219613368151373,0.0050746930682039615,0.0013245339200343381,0.65,0.5,0,2396.9722566763817,2392.5407254207457,52.53175314441114,3.0931012778182776,3.323506545402482,2383.8141384971364,0.0013245339200343381,0,TCS,5m,2026-03-17 08:45:00
2396.5,2397.10009765625,2392.0,2393.39990234375,49062,-0.001293593847798924,0.0006271165438529458,0.0011783659224154507,0.6,0.5,0,2396.632032454226,2392.5744186334127,42.72149942828888,2.4326192842131604,3.1453290931646176,2384.0520087263226,0.0011783659224154507,0,TCS,5m,2026-03-17 08:50:00
2393.0,2396.199951171875,2392.800048828125,2394.0,27114,0.00025073020837940163,-0.0003340775061853041,0.0011468592511828717,0.55,0.5,0,2396.3813626966808,2392.630323785044,40.65604213525866,1.9352965178218255,2.903322578096059,2384.180925981028,0.0011468592511828717,0,TCS,5m,2026-03-17 08:55:00
2394.39990234375,2395.699951171875,2392.5,2394.199951171875,18971,8.352179276305272e-05,0.0012964131107113808,0.0010889439893708964,0.5,0.5,0,2396.1736092181277,2392.691877800214,42.14071672940158,1.5395520334445791,2.6305684691657634,2384.267480907514,0.0010889439893708964,0,TCS,5m,2026-03-17 09:00:00
2394.699951171875,2398.5,2394.0,2397.10009765625,25074,0.001211321754039485,0.001755274137620999,0.0011088272080513309,0.55,0.45,0,2396.2618462122346,2392.864749167117,44.19392182959387,1.443301777675515,2.3931151308677134,2384.406871586425,0.0011088272080513309,0,TCS,5m,2026-03-17 09:05:00
2397.60009765625,2399.60009765625,2395.5,2397.5,34757,0.00016682755306751673,0.0016293040544110848,0.0011079635861169018,0.55,0.45,0,2396.3797656205934,2393.046523709583,44.37309636700474,1.3833451912878445,2.1911611429517395,2384.61044183172,0.0011079635861169018,0,TCS,5m,2026-03-17 09:10:00
2397.300048828125,2399.699951171875,2395.199951171875,2399.699951171875,36214,0.0009176021571950521,0.0020042795205876818,0.001119275087370861,0.55,0.45,0,2396.6959737683346,2393.3074424335946,55.749125955919254,1.4961007206061367,2.052149058482619,2384.8265355297117,0.001119275087370861,0,TCS,5m,2026-03-17 09:15:00
2399.800048828125,2401.199951171875,2397.89990234375,2400.0,43667,0.00012503597709301317,0.0008340283569641116,0.0010836086661720474,0.55,0.45,0,2397.010642933255,2393.5698956714928,54.15164682137475,1.591327885470946,1.9599848238802848,2385.1063547334493,0.0010836086661720474,0,TCS,5m,2026-03-17 09:20:00
2400.0,2401.699951171875,2399.199951171875,2401.699951171875,34966,0.0007083129882812234,0.000833437529980996,0.0010835895453828112,0.55,0.45,0,2397.4572437178854,2393.88872137739,52.07517619420516,1.7834099128454,1.9246698416733081,2385.340254158088,0.0010835895453828112,0,TCS,5m,2026-03-17 09:25:00
2401.10009765625,2401.5,2393.5,2396.0,97093,-0.002373298616712649,-0.001208846747176362,0.0012094956793918888,0.55,0.45,0,2397.318458601896,2393.9715166174924,42.67928173223914,1.4588808104645068,1.831512035431548,2385.8017398184015,0.0012094956793918888,0,TCS,5m,2026-03-17 09:30:00
2395.89990234375,2396.0,2390.10009765625,2391.0,106600,-0.002086811352253748,-0.004040467934004033,0.0012741302638832424,0.5,0.5,0,2396.716700639811,2393.8549865540617,40.532770899845424,0.7891342965135664,1.6230364876479517,2386.0751387339383,0.0012741302638832424,0,TCS,5m,2026-03-17 09:35:00
2391.39990234375,2392.0,2388.39990234375,2391.199951171875,84995,8.362658798621858e-05,-0.004081652989639695,0.001273605717631202,0.45,0.55,0,2396.1912959285787,2393.7508675194663,33.222483575310235,0.2713616591627215,1.3527015219509058,2386.2184131887766,0.001273605717631202,0,TCS,5m,2026-03-17 09:40:00
2391.199951171875,2391.199951171875,2388.5,2391.199951171875,72051,0.0,-0.002169901261800833,0.0012084284994437736,0.45,0.5,0,2395.715929761274,2393.6508315842666,32.09448870853335,-0.13739310410801409,1.0546825967391218,2386.3266595618265,0.0012084284994437736,0,TCS,5m,2026-03-17 09:45:00
2391.0,2391.10009765625,2388.0,2390.199951171875,90152,-0.00041820007545168014,-0.003127997728128773,0.0012002802793202015,0.45,0.5,0,2395.1905984670457,2393.5155029406433,28.716121476056145,-0.535848908902608,0.7365762956107759,2386.4371455068504,0.0012002802793202015,0,TCS,5m,2026-03-17 09:50:00
2389.39990234375,2394.0,2388.89990234375,2389.60009765625,69948,-0.0002509637385487151,-0.004582187599983634,0.0011564592156301436,0.45,0.5,0,2394.6581698183986,2393.361957635373,35.56499887633562,-0.889774404972286,0.4113061554941635,2386.5440342344054,0.0011564592156301436,0,TCS,5m,2026-03-17 09:55:00
2451.60009765625,2455.800048828125,2444.0,2452.60009765625,133010,0.0006528346210730174,0.02302502609536905,0.005887209334902014,0.5,0.45,0,2405.0313002403727,2397.8566975176736,85.21652884801605,7.454236640925956,2.3526546799773795,2450.800048828125,0.005887209334902014,0,TCS,5m,2026-03-18 03:50:00
2452.60009765625,2463.60009765625,2446.60009765625,2460.0,137899,0.0030171662925486675,0.024445071410597485,0.005901265221120667,0.5,0.4,0,2410.2664145031945,2400.293689771883,86.39396991981678,10.86876877900795,4.055877499783493,2453.8202621757187,0.005901265221120667,0,TCS,5m,2026-03-18 03:55:00
2460.89990234375,2465.800048828125,2455.300048828125,2459.199951171875,77680,-0.0003252231008638029,0.023898701464244,0.005907303041400655,0.55,0.4,0,2414.926751328783,2402.603739238549,85.16430496993156,13.356289849290079,5.915959969684811,2455.219650276069,0.005907303041400655,1,TCS,5m,2026-03-18 04:00:00
2459.5,2464.89990234375,2458.300048828125,2461.0,57024,0.0007319652179023084,0.024221720488252885,0.005905526666747317,0.5,0.4,0,2419.314679773661,2404.893788680175,85.39587926294875,15.296587576121965,7.792085490972242,2456.088526112229,0.005905526666747317,1,TCS,5m,2026-03-18 04:05:00
2461.0,2465.0,2457.199951171875,2462.0,50217,0.00040633888663155204,0.02733152514083037,0.005840470447400342,0.55,0.4,0,2423.3799483666453,2407.133247947619,85.19786479813514,16.722215851261808,9.578111563030156,2456.6736685269198,0.005840470447400342,1,TCS,5m,2026-03-18 04:10:00
2461.5,2468.199951171875,2459.0,2468.199951171875,50701,0.0025182579902010005,0.03125263302420822,0.005811266194963551,0.6,0.35,1,2427.648520062381,2409.52802062308,86.12298628514384,18.14317751813087,11.2911247540503,2457.5204317357397,0.005811266194963551,1,TCS,5m,2026-03-18 04:15:00
2468.0,2470.0,2463.39990234375,2463.699951171875,73444,-0.0018231910254529193,0.029114432402621127,0.005854122773936071,0.65,0.35,1,2431.081989691857,2411.652410056366,81.89310024363901,18.690732356639273,12.771046274568095,2458.5562291847114,0.005854122773936071,1,TCS,5m,2026-03-18 04:20:00
2463.800048828125,2463.800048828125,2457.800048828125,2461.199951171875,50975,-0.001014733956872793,0.02798429595122398,0.005872756120845401,0.65,0.35,1,2433.950366975668,2413.5954508844256,84.68091516610696,18.707298314369382,13.958296682528353,2458.7482788140755,0.005872756120845401,1,TCS,5m,2026-03-18 04:25:00
2461.89990234375,2467.0,2461.89990234375,2464.300048828125,44114,0.001259587891172309,0.02803385275299064,0.0058726856878800636,0.65,0.35,1,2436.8408128663787,2415.583866490061,89.79379229723175,18.75438999383732,14.917515344790147,2459.1176057377365,0.0058726856878800636,1,TCS,5m,2026-03-18 04:30:00
2464.0,2466.5,2461.0,2465.199951171875,31826,0.00036517563848526,0.02823772728753915,0.005870661621392262,0.6,0.4,1,2439.5416831811876,2417.5295953011127,89.87077356961706,18.649347023761493,15.663881680584415,2459.3479281761024,0.005870661621392262,0,TCS,5m,2026-03-18 04:35:00
2465.89990234375,2467.800048828125,2461.800048828125,2466.5,33062,0.0005273603982942632,0.027836833848958298,0.005873030278877038,0.6,0.35,1,2442.1091419258364,2419.45000332852,90.01071522158196,18.458227828096824,16.222750910086898,2459.6168545499913,0.005873030278877038,0,TCS,5m,2026-03-18 04:40:00
2467.0,2474.699951171875,2467.0,2471.0,113667,0.0018244475978106411,0.029583333333333295,0.005866056598121616,0.6,0.35,1,2444.860652218614,2421.4715718254406,91.39352976343838,18.45711475083135,16.669623678235787,2461.1193040547673,0.005866056598121616,0,TCS,5m,2026-03-18 04:45:00
2471.0,2473.5,2463.0,2467.699951171875,59917,-0.0013355114642351618,0.02748053518000715,0.00589782979977701,0.55,0.4,0,2447.035823547496,2423.2844494468695,88.93310842223893,17.982653433341966,16.932229629257023,2461.5749666125707,0.00589782979977701,1,TCS,5m,2026-03-18 04:50:00
2467.10009765625,2468.699951171875,2464.0,2465.0,34321,-0.0010941164749761478,0.028797996661101832,0.005861895067429329,0.55,0.35,0,2448.746697495353,2424.9203533901295,66.82688357571276,17.19061323717233,16.983906350840083,2461.7315713665366,0.005861895067429329,1,TCS,5m,2026-03-18 04:55:00
2465.60009765625,2465.89990234375,2463.10009765625,2464.199951171875,45927,-0.00032456341911768494,0.030614785099069453,0.0058192346274463635,0.55,0.35,0,2450.218435940736,2426.4607297737275,64.2154897467044,16.310342940640112,16.84919366880009,2461.8548900900614,0.0058192346274463635,1,TCS,5m,2026-03-18 05:00:00
2464.199951171875,2469.39990234375,2463.0,2467.699951171875,45982,0.0014203392863210151,0.031992305772049257,0.0058094799138596375,0.6,0.35,1,2451.8833421532254,2428.077954142282,60.433496754728964,15.714001905572331,16.62215531615454,2462.0691552215085,0.0058094799138596375,1,TCS,5m,2026-03-18 05:05:00
2468.0,2469.0,2465.60009765625,2466.800048828125,18013,-0.000364672513496922,0.0316159665439939,0.005815307515165273,0.6,0.35,1,2453.303980884168,2429.5964676593744,60.27040223817567,14.995919119558039,16.29690807683524,2462.155394331823,0.005815307515165273,0,TCS,5m,2026-03-18 05:10:00
2466.800048828125,2475.800048828125,2466.60009765625,2475.5,57365,0.003526816523296228,0.035687411334061725,0.005811104871773167,0.65,0.3,1,2455.417887466628,2431.3966061825363,66.51484311566395,14.956438179900488,16.02881409744829,2462.694400748794,0.005811104871773167,0,TCS,5m,2026-03-18 05:15:00
2475.800048828125,2479.0,2475.699951171875,2477.0,45525,0.0006059381943042119,0.03657511666051283,0.005798560911412152,0.65,0.3,1,2457.4733267555207,2433.184974567535,66.89192904510013,14.874720199486546,15.797995317855943,2463.264661662926,0.005798560911412152,0,TCS,5m,2026-03-18 05:20:00
2477.5,2477.800048828125,2474.89990234375,2477.0,20864,0.0,0.010607915136678914,0.0014291950736287447,0.6,0.35,0,2459.3330099216614,2434.903210859004,61.5184032415781,14.641183659852231,15.566632986255202,2463.49955369964,0.0014291950736287447,0,TCS,5m,2026-03-18 05:25:00
2477.5,2479.800048828125,2477.10009765625,2478.60009765625,25089,0.0006459820977997577,0.010600994440490341,0.0014291645719032467,0.6,0.35,0,2461.167970658289,2436.6168142628176,71.10499415584864,14.419005458530137,15.33710748071019,2463.811456050979,0.0014291645719032467,0,TCS,5m,2026-03-18 05:30:00
2478.699951171875,2478.699951171875,2475.199951171875,2476.699951171875,21571,-0.0007666208381786888,0.0067885980373476595,0.001329320058322049,0.55,0.4,0,2462.647206897678,2438.1887019847413,72.33416823797596,13.929036430723045,15.055493270712761,2464.0407464759523,0.001329320058322049,0,TCS,5m,2026-03-18 05:35:00
2476.699951171875,2478.0,2475.10009765625,2477.199951171875,17615,0.00020188153989475488,0.007319453626136729,0.0013206512183362136,0.5,0.45,0,2464.0331825428398,2439.7185548940406,70.09324470269695,13.426308144769337,14.729656245524076,2464.2206838104876,0.0013206512183362136,0,TCS,5m,2026-03-18 05:40:00
2477.199951171875,2478.5,2475.0,2478.5,21319,0.0005248057701237041,0.007110930516050384,0.0013184365363915322,0.55,0.5,0,2465.4109746816166,2441.239395878588,70.4614598748507,12.983133945257123,14.380351785470687,2464.441299877525,0.0013184365363915322,0,TCS,5m,2026-03-18 05:45:00
2478.699951171875,2479.300048828125,2473.39990234375,2476.10009765625,37670,-0.0009682882161590189,0.005727090843318461,0.0013510557919826018,0.55,0.5,0,2466.4289863934864,2442.60648222281,64.28581808669874,12.296516548470663,13.963584738070683,2464.7827033142785,0.0013510557919826018,0,TCS,5m,2026-03-18 05:50:00
2476.10009765625,2479.300048828125,2476.10009765625,2478.300048828125,15570,0.0008884742478534324,0.004092090534016268,0.0012551016468772256,0.5,0.5,0,2467.5595637682136,2444.0062299328224,61.66140166140166,11.793931883235473,13.529654167103642,2464.937385552678,0.0012551016468772256,0,TCS,5m,2026-03-18 05:55:00
2478.39990234375,2478.5,2475.0,2475.199951171875,16399,-0.0012508968224875794,0.004667776201614959,0.00121222010955668,0.45,0.55,0,2468.2872197114193,2445.229513118668,62.057839951015026,11.018463949196757,13.027416123522265,2465.0759602776066,0.00121222010955668,0,TCS,5m,2026-03-18 06:00:00
2475.5,2475.60009765625,2473.199951171875,2475.0,19752,-8.078182604209783e-05,0.005607040915775352,0.001179139176355855,0.45,0.55,0,2468.9265321198554,2446.3969831924455,67.48245778771789,10.269386540450341,12.475810206907882,2465.214638241394,0.001179139176355855,0,TCS,5m,2026-03-18 06:05:00
2475.0,2482.89990234375,2474.300048828125,2475.5,52765,0.0002020202020200923,0.00454488128472863,0.0011564043021871832,0.45,0.55,0,2469.552576679869,2447.5382779692122,69.96471613309524,9.60535852458952,11.90171987044421,2465.6771102367666,0.0011564043021871832,0,TCS,5m,2026-03-18 06:10:00
2475.699951171875,2476.0,2470.5,2470.5,32305,-0.0020197939810139287,0.0021499468331587224,0.0012597951346943253,0.45,0.55,0,2469.6428074722626,2448.4387376566942,54.69806080566274,8.576785480543549,11.236732992464079,2465.8262716387308,0.0012597951346943253,0,TCS,5m,2026-03-18 06:15:00
2471.0,2474.300048828125,2470.10009765625,2473.800048828125,18887,0.0013357817559704888,0.0029596792329718014,0.001286637222199004,0.4,0.6,0,2470.0387352204402,2449.4332988791034,60.86949928729567,7.936434022289177,10.5766731984291,2465.915595251835,0.001286637222199004,0,TCS,5m,2026-03-18 06:20:00
2474.0,2474.0,2470.199951171875,2470.60009765625,20734,-0.0012935367081874372,-0.0001618382613314262,0.0012615411804089275,0.35,0.6,0,2470.092198309565,2450.2633694193837,40.8242200358436,7.089023709122557,9.879143300567792,2465.9951659170924,0.0012615411804089275,0,TCS,5m,2026-03-18 06:25:00
2470.60009765625,2471.39990234375,2464.39990234375,2465.800048828125,51226,-0.001942867578074936,-0.0007699081660424989,0.0013018614977170586,0.35,0.6,0,2469.6834221684753,2450.872650964825,31.333566621365378,5.961401777085939,9.095594995871421,2466.035439292121,0.0013018614977170586,0,TCS,5m,2026-03-18 06:30:00
2465.800048828125,2467.800048828125,2464.5,2465.89990234375,21705,4.0495382288785464e-05,0.00036507194472612525,0.0012779046702120524,0.35,0.6,0,2469.323086947073,2451.4619549404692,31.56135939654473,5.01796662044535,8.280069320786207,2466.035875183928,0.0012779046702120524,0,TCS,5m,2026-03-18 06:35:00
2466.0,2467.800048828125,2464.0,2467.800048828125,21341,0.0007705691875687926,0.0014609600387898158,0.0012858453094190256,0.35,0.6,0,2469.1780356976496,2452.1026645046913,32.236847388751926,4.373201854076342,7.498695827444235,2466.0426140459394,0.0012858453094190256,0,TCS,5m,2026-03-18 06:40:00
2467.800048828125,2468.60009765625,2465.60009765625,2467.5,12885,-0.00012158555076924316,-8.1027343612039e-05,0.0012464822345349593,0.35,0.55,0,2469.018222774064,2452.706481582939,34.02788962827958,3.7942716963689236,6.7578110012291726,2466.0522738201257,0.0012464822345349593,0,TCS,5m,2026-03-18 06:45:00
2467.5,2467.5,2462.0,2464.800048828125,30108,-0.0010942051355116167,-0.0008107669695199826,0.0012681004012296113,0.35,0.6,0,2468.6164919220696,2453.1807391219663,30.00015751008064,3.0820736537261837,6.022663531728575,2466.028358347812,0.0012681004012296113,0,TCS,5m,2026-03-18 06:50:00
2465.0,2465.0,2462.89990234375,2463.60009765625,13846,-0.0004868350974130964,-0.004807070225712029,0.0009522048227994039,0.3,0.6,0,2468.1387400872295,2453.589341417429,25.8900494603606,2.3932377871906283,5.296778382820985,2466.0097392557523,0.0009522048227994039,0,TCS,5m,2026-03-18 06:55:00
2464.199951171875,2468.0,2463.699951171875,2466.0,12438,0.0009741444425306334,-0.004440855874041194,0.000972768469796869,0.3,0.6,0,2467.9350505551124,2454.076033910863,33.65674825782595,2.017723403085256,4.6409673868738395,2466.0089092617322,0.000972768469796869,0,TCS,5m,2026-03-18 07:00:00
2466.300048828125,2467.89990234375,2464.0,2465.60009765625,15215,-0.0001621664005474477,-0.004602302116976209,0.0009714951092042884,0.3,0.55,0,2467.7126740885537,2454.5279579793096,28.17866821038149,1.6686219362291013,4.046498296744892,2466.0072999658278,0.0009714951092042884,0,TCS,5m,2026-03-18 07:05:00
2466.39990234375,2467.300048828125,2465.0,2466.800048828125,13809,0.0004866771270068959,-0.004760771549748188,0.0009645618100699864,0.25,0.55,0,2467.6257573970843,2455.0092164439693,34.55883672919846,1.4718163569764329,3.5315619087912005,2466.0102650737595,0.0009645618100699864,0,TCS,5m,2026-03-18 07:10:00
2466.0,2467.300048828125,2464.300048828125,2467.300048828125,15110,0.00020269174238007892,-0.0037953335200343608,0.0009609552697192052,0.25,0.55,0,2467.594737533374,2455.491209870799,35.9999644883211,1.3407371554881138,3.0933969581305836,2466.012857680349,0.0009609552697192052,0,TCS,5m,2026-03-18 07:15:00
2467.300048828125,2467.300048828125,2461.89990234375,2461.89990234375,22823,-0.0021886865713555137,-0.006176347945141436,0.0010538719492177524,0.25,0.55,0,2467.0523722772195,2455.7425311442485,29.012131715771233,0.7919798033690313,2.6331135271782733,2465.98201874674,0.0010538719492177524,0,TCS,5m,2026-03-18 07:20:00
2462.0,2463.0,2460.699951171875,2461.199951171875,17411,-0.00028431341632073615,-0.00698004794356466,0.0010355419872131143,0.2,0.55,0,2466.494998838615,2455.95654761592,33.45178414728447,0.2971797353952752,2.1659267688216737,2465.938230423334,0.0010355419872131143,0,TCS,5m,2026-03-18 07:25:00
2461.39990234375,2465.0,2461.39990234375,2463.89990234375,12917,0.0010970060236632495,-0.004927181790448598,0.001072906692587857,0.2,0.5,0,2466.2478467914852,2456.268051722894,31.999573859853157,0.12150992108809078,1.7570433992749572,2465.91965648649,0.001072906692587857,0,TCS,5m,2026-03-18 07:30:00
2464.5,2464.800048828125,2460.0,2460.300048828125,18264,-0.0014610388645255323,-0.007263043072008757,0.0010707323846135713,0.2,0.55,0,2465.681389842594,2456.426169256433,31.5409049940058,-0.30467565457138335,1.3446995885056892,2465.875875934837,0.0010707323846135713,0,TCS,5m,2026-03-18 07:35:00
2460.39990234375,2462.199951171875,2460.0,2462.199951171875,10254,0.0007722238369483048,-0.005252100943944016,0.001078061490038607,0.2,0.5,0,2465.3498242549063,2456.652592076646,42.7996640559386,-0.48355048381017696,0.979049574042516,2465.8503403189366,0.001078061490038607,0,TCS,5m,2026-03-18 07:40:00
2462.199951171875,2464.39990234375,2461.0,2461.5,22753,-0.00028427876929404405,-0.00545454545454549,0.001077214041227281,0.25,0.45,0,2464.983174325868,2456.8426865050133,41.406309605554284,-0.6740205946880451,0.6484355402964038,2465.805294312529,0.001077214041227281,0,TCS,5m,2026-03-18 07:45:00
2461.5,2464.60009765625,2461.5,2464.60009765625,15933,0.0012594343515133222,-0.004403111429509221,0.001126568449565837,0.25,0.45,0,2464.946690833523,2457.1468987070225,44.029843947855085,-0.5682669301227179,0.4050950462125795,2465.7855805769377,0.001126568449565837,0,TCS,5m,2026-03-18 07:50:00
2464.89990234375,2465.699951171875,2460.10009765625,2461.800048828125,35688,-0.0011361067585722306,-0.003521534576755747,0.0010680761391072488,0.3,0.45,0,2464.6470106425327,2457.32937518236,40.27297497729374,-0.7023012369927528,0.1836157895715131,2465.7226704809664,0.0010680761391072488,0,TCS,5m,2026-03-18 07:55:00
2462.0,2463.0,2460.5,2462.10009765625,14816,0.0001218818840578173,-0.004729546018651498,0.0010105999032343719,0.3,0.4,0,2464.404447500982,2457.516462338199,44.98143963115238,-0.7753749186276764,-0.008182352068324822,2465.69195127704,0.0010105999032343719,0,TCS,5m,2026-03-18 08:00:00
2461.300048828125,2464.0,2460.10009765625,2463.10009765625,18651,0.00040615732924575987,-0.003035699710007722,0.0009882533615692174,0.35,0.45,0,2464.2802237062456,2457.735428429103,49.06366013789067,-0.744018117417454,-0.15534950513815068,2465.6592655319173,0.0009882533615692174,0,TCS,5m,2026-03-18 08:05:00
2462.5,2463.0,2460.300048828125,2461.5,14624,-0.0006496275396085105,-0.001743875716998411,0.0009035562199136446,0.35,0.4,0,2464.015440496127,2457.8830586867853,41.31270855720831,-0.8386151019549288,-0.2920026245015063,2465.6279070291193,0.0009035562199136446,0,TCS,5m,2026-03-18 08:10:00
2460.300048828125,2460.800048828125,2457.699951171875,2458.60009765625,22948,-0.0011781037350192536,-0.002960300489310952,0.000935053139592052,0.35,0.45,0,2463.499693558996,2457.911177862058,37.67601396076543,-1.1345039223674576,-0.4605028840746966,2465.548922903987,0.000935053139592052,0,TCS,5m,2026-03-18 08:15:00
2458.89990234375,2460.199951171875,2456.89990234375,2459.89990234375,23777,0.00052867674118251,-0.003201291161383346,0.000924048654611138,0.35,0.45,0,2463.1568563004016,2457.9891670574184,37.894376151111494,-1.249708704915065,-0.6183440482427703,2465.4686467887204,0.000924048654611138,0,TCS,5m,2026-03-18 08:20:00
2459.800048828125,2460.0,2455.89990234375,2456.300048828125,21778,-0.0014634146341463428,-0.004538987303698061,0.0009687512920578325,0.3,0.5,0,2462.5038270173272,2457.922927126858,32.59472155262996,-1.612894969354329,-0.8172542324650822,2465.379063945834,0.0009687512920578325,0,TCS,5m,2026-03-18 08:25:00
2456.39990234375,2459.60009765625,2456.300048828125,2457.89990234375,22696,0.0006513265821854741,-0.002799475149173114,0.0009651329522592201,0.3,0.45,0,2462.0653580007956,2457.922024194187,42.80557848699348,-1.7514384007108674,-1.0040910661142393,2465.2938982349992,0.0009651329522592201,0,TCS,5m,2026-03-18 08:30:00
2457.699951171875,2457.699951171875,2455.199951171875,2456.89990234375,21786,-0.00040685139335672194,-0.002719676508729729,0.0009637836820491906,0.3,0.5,0,2461.5734098429816,2457.881940984366,42.3484947217516,-1.919796491935358,-1.1872321512784632,2465.1994786703476,0.0009637836820491906,0,TCS,5m,2026-03-18 08:35:00
2457.60009765625,2457.800048828125,2454.0,2455.0,21870,-0.0007732925309401617,-0.0044606650446066265,0.0009366999511289029,0.3,0.55,0,2460.947370810317,2457.768923690862,33.69940438927543,-2.181382117987141,-1.3860621446201988,2465.0959517658775,0.0009366999511289029,0,TCS,5m,2026-03-18 08:40:00
2454.800048828125,2456.300048828125,2453.5,2454.699951171875,15942,-0.0001222194819245903,-0.004420889865609734,0.0009368792704067433,0.3,0.6,0,2460.3523784637987,2457.648571827372,38.33289251490305,-2.385404584880689,-1.585930632672297,2465.0159024352597,0.0009368792704067433,0,TCS,5m,2026-03-18 08:45:00
2454.800048828125,2457.0,2454.0,2456.699951171875,20856,0.0008147635310968848,-0.004094412784306556,0.0009526635978264724,0.35,0.6,0,2460.00452824552,2457.611371017352,38.58902666342491,-2.3585229895993507,-1.740449104057708,2464.9238195494245,0.0009526635978264724,0,TCS,5m,2026-03-18 08:50:00
2456.300048828125,2459.199951171875,2455.699951171875,2455.699951171875,19593,-0.0004070501159586515,-0.004701535049115524,0.0009486886485230712,0.4,0.55,0,2459.59456852422,2457.536413376353,38.11448754765311,-2.3903562355803842,-1.8704305303622433,2464.8480785937713,0.0009486886485230712,0,TCS,5m,2026-03-18 08:55:00
2455.10009765625,2456.300048828125,2450.800048828125,2450.89990234375,26469,-0.001954656075077277,-0.0044680939259666985,0.0009244589426433909,0.4,0.55,0,2458.766505078461,2457.276158041741,23.75402230038165,-2.7709661640419654,-2.0505376570981877,2464.695321911498,0.0009244589426433909,0,TCS,5m,2026-03-18 09:00:00
2450.800048828125,2452.300048828125,2450.0,2450.800048828125,30001,-4.074157232192288e-05,-0.004225541422913759,0.0009252193427945169,0.4,0.55,0,2458.0077949593815,2457.0221929745403,26.49513793247361,-3.045552386572126,-2.2495406029929756,2464.5038591650587,0.0009252193427945169,0,TCS,5m,2026-03-18 09:05:00
2451.10009765625,2451.699951171875,2446.699951171875,2448.199951171875,40603,-0.001060917906172465,-0.006371992286269723,0.0008897651709201074,0.35,0.6,0,2457.073714598667,2456.6762227077693,22.956348263905383,-3.433392090345933,-2.4863109004635673,2464.2127915395426,0.0008897651709201074,0,TCS,5m,2026-03-18 09:10:00
2448.199951171875,2449.0,2446.300048828125,2449.0,28493,0.00032679063968688027,-0.004592955576092184,0.0008582608132568179,0.35,0.6,0,2456.304789398794,2456.3751943662883,22.35222028608085,-3.634306571795605,-2.715910034729975,2464.0050381632395,0.0008582608132568179,0,TCS,5m,2026-03-18 09:15:00
2448.89990234375,2453.39990234375,2447.89990234375,2450.0,125779,0.0004083299305839283,-0.004954898632854143,0.0008395536954469106,0.4,0.6,0,2455.7043332655758,2456.125186744081,26.907087108287257,-3.670529523680216,-2.9068339325200236,2463.2741633449205,0.0008395536954469106,0,TCS,5m,2026-03-18 09:20:00
2449.800048828125,2451.5,2448.60009765625,2450.199951171875,25723,8.161272321438595e-05,-0.0045907165663721106,0.0008427020649718227,0.35,0.6,0,2455.180106399509,2455.892824564779,31.08029341574195,-3.641129412173086,-3.0536930284506365,2463.130652209272,0.0008427020649718227,0,TCS,5m,2026-03-18 09:25:00
2450.89990234375,2450.89990234375,2441.199951171875,2443.89990234375,97053,-0.002571238655486807,-0.008399007746605736,0.0009183613820749147,0.3,0.65,0,2454.1058012513417,2455.4225138894444,20.58791849923705,-4.079168782185661,-3.2587881791976416,2462.428042379574,0.0009183613820749147,0,TCS,5m,2026-03-18 09:30:00
2443.89990234375,2444.5,2441.39990234375,2441.699951171875,57057,-0.0009001805555804987,-0.008164797001209756,0.0009101743222739088,0.25,0.6,0,2452.924291719964,2454.8843741750297,21.70502290018547,-4.551370447248701,-3.517304632807854,2461.9767771188704,0.0009101743222739088,0,TCS,5m,2026-03-18 09:35:00
2441.300048828125,2442.800048828125,2440.5,2440.89990234375,79753,-0.0003276605824319434,-0.00861061470761526,0.0009018755655561414,0.25,0.65,0,2451.779111779372,2454.3359635149795,16.0,-4.93328310619745,-3.800500327485773,2461.344433135134,0.0009018755655561414,0,TCS,5m,2026-03-18 09:40:00
2441.0,2441.699951171875,2439.199951171875,2439.89990234375,83230,-0.0004096849686624493,-0.009419103728092959,0.000880163274682595,0.2,0.65,0,2450.6477584997892,2453.769843469049,16.0,-5.256054755160676,-4.091611213020754,2460.689457661866,0.000880163274682595,-1,TCS,5m,2026-03-18 09:45:00
2440.0,2440.199951171875,2436.0,2436.699951171875,78973,-0.0013115092011771745,-0.010075177261070434,0.0008993987561034105,0.2,0.7,0,2449.3193958971306,2453.1004359279837,15.209097238338359,-5.704307225978027,-4.414150415612209,2460.029121868975,0.0008993987561034105,-1,TCS,5m,2026-03-18 09:50:00
2436.699951171875,2440.0,2436.5,2439.199951171875,86109,0.0010259777773613532,-0.007890728753679355,0.0009464866083104126,0.2,0.65,0,2448.35563925663,2452.5553188787244,22.807017543859644,-5.791065632162827,-4.689533458922333,2459.379182636536,0.0009464866083104126,-1,TCS,5m,2026-03-18 09:55:00
2408.800048828125,2411.0,2403.39990234375,2408.0,51814,-0.0004151100041510647,-0.019663741345919195,0.0028251135646820665,0.2,0.6,-1,2441.121056171528,2449.1669821714027,7.936514771166415,-10.07748820622328,-6.329144111991386,2407.4666341145835,0.0028251135646820665,-1,TCS,5m,2026-03-19 03:50:00
2409.199951171875,2411.60009765625,2403.0,2403.0,46803,-0.0020764119601328623,-0.02233610176370482,0.002807561520543633,0.25,0.65,-1,2437.490479393287,2447.356512282328,7.908625172700837,-11.830782329030171,-7.429471755399144,2406.7073152047637,0.002807561520543633,0,TCS,5m,2026-03-19 03:55:00
2403.0,2407.5,2401.0,2402.199951171875,47265,-0.0003329375065023177,-0.022263809412705116,0.0028086051320761296,0.25,0.65,-1,2434.1294767055333,2445.5856667485846,7.81248675454583,-13.13344364425302,-8.57026613316992,2405.6897563391035,0.0028086051320761296,-1,TCS,5m,2026-03-19 04:00:00
2402.10009765625,2412.10009765625,2402.0,2405.39990234375,57510,0.0013320919311126111,-0.020203705766293267,0.0028612993140469598,0.25,0.6,-1,2431.393326766316,2444.009754418983,13.23016775243616,-13.74911160521242,-9.60603522757842,2405.918856367316,0.0028612993140469598,-1,TCS,5m,2026-03-19 04:05:00
2406.89990234375,2413.0,2405.300048828125,2410.699951171875,32903,0.002203396126756685,-0.017924797684130134,0.0029455525175964845,0.3,0.55,0,2429.4225290906547,2442.703487624979,19.457672524229125,-13.651991592834747,-10.415226500629686,2406.440721841742,0.0029455525175964845,-1,TCS,5m,2026-03-19 04:10:00
2411.800048828125,2412.5,2402.199951171875,2406.0,45852,-0.0019496209677982712,-0.020637421003607104,0.0029256538240065425,0.25,0.6,-1,2427.191812034402,2441.2641351690977,16.867421150551166,-13.795247043083236,-11.091230609120396,2406.515356963942,0.0029256538240065425,-1,TCS,5m,2026-03-19 04:15:00
2406.0,2409.0,2404.0,2405.10009765625,33139,-0.0003740242492726864,-0.020605063534524404,0.002926038000079195,0.2,0.6,-1,2425.087839236483,2439.845937619574,16.393478411154092,-13.822060508242885,-11.637396588944895,2406.4646959693173,0.002926038000079195,-1,TCS,5m,2026-03-19 04:20:00
2404.89990234375,2409.0,2403.300048828125,2404.60009765625,21847,-0.00020789155531919512,-0.018890940688040536,0.002923254037617977,0.2,0.6,-1,2423.1366257526515,2438.4637478170907,17.944592248012626,-13.7254378896846,-12.055004849092835,2406.4108249072724,0.002923254037617977,-1,TCS,5m,2026-03-19 04:25:00
2404.300048828125,2405.0,2401.89990234375,2404.0,28001,-0.00024956235210793487,-0.019095824994169952,0.0029202104415591568,0.2,0.6,-1,2421.3140899666846,2437.1122282948522,18.42547570655664,-13.541192199407305,-12.35224231915573,2406.197825150874,0.0029202104415591568,-1,TCS,5m,2026-03-19 04:30:00
2403.800048828125,2405.0,2395.300048828125,2397.60009765625,67150,-0.0026621889949043354,-0.02066818663704506,0.002944983869396508,0.2,0.6,-1,2419.055614508548,2435.5627329756917,16.84537963419922,-13.753058102543946,-12.632405475833373,2405.1263404785923,0.002944983869396508,-1,TCS,5m,2026-03-19 04:35:00
2397.60009765625,2399.0,2393.800048828125,2394.699951171875,35664,-0.0012096039231939137,-0.022172335168691326,0.0029274534438341808,0.2,0.6,-1,2416.7360275241026,2433.9602709441697,16.36905951295364,-13.993670616831878,-12.904658504033076,2404.418086982844,0.0029274534438341808,-1,TCS,5m,2026-03-19 04:40:00
2394.699951171875,2396.0,2393.0,2394.5,30436,-8.349738002755291e-05,-0.022653061224489845,0.0029160149045736865,0.15,0.65,-1,2414.6183106170456,2432.412809338516,17.13396941775079,-14.038663185989662,-13.131459440424395,2403.812395597467,0.0029160149045736865,-1,TCS,5m,2026-03-19 04:45:00
2394.5,2398.0,2392.0,2397.10009765625,33506,0.0010858624582377185,-0.02167164091658258,0.0029466603500364324,0.2,0.7,-1,2412.9499093826844,2431.0279971156824,17.262969248935917,-13.706513811058812,-13.24647031455128,2403.3013635491134,0.0029466603500364324,-1,TCS,5m,2026-03-19 04:50:00
2397.10009765625,2397.89990234375,2393.800048828125,2395.300048828125,21406,-0.0007509276854500424,-0.019886188247324132,0.0029265686020067,0.2,0.65,-1,2411.2689702822504,2429.6269011044055,30.919365917019718,-13.433676870424733,-13.28391162572597,2403.005991232188,0.0029265686020067,-1,TCS,5m,2026-03-19 04:55:00
2394.800048828125,2396.0,2390.199951171875,2390.199951171875,39234,-0.0021292103503881554,-0.021091862648923376,0.0029372522544142392,0.2,0.7,-1,2409.2623970336435,2428.0807462050907,27.75007476761006,-13.473670796974147,-13.321863459975607,2402.2860628958133,0.0029372522544142392,-1,TCS,5m,2026-03-19 05:00:00
2390.60009765625,2391.60009765625,2388.0,2390.60009765625,27891,0.00016741130137609694,-0.020607073907128348,0.0029458328861055316,0.2,0.7,-1,2407.485035188178,2426.6109168502344,32.48620689655172,-13.319538446691695,-13.321398457318825,2401.736743378249,0.0029458328861055316,-1,TCS,5m,2026-03-19 05:05:00
2390.60009765625,2391.60009765625,2388.0,2390.0,30578,-0.00025102385666186944,-0.02045161864870626,0.002947822480610496,0.2,0.65,-1,2405.819793741685,2425.1751946208133,32.6707402501023,-13.09486090897235,-13.27609094764953,2401.179196883847,0.002947822480610496,0,TCS,5m,2026-03-19 05:10:00
2389.39990234375,2391.10009765625,2385.300048828125,2386.800048828125,29949,-0.001338891703713374,-0.020478476358877007,0.002947967201815181,0.2,0.65,-1,2404.008389464203,2423.6702869426686,23.580083367434,-13.024869075080005,-13.225846573135625,2400.587832759612,0.002947967201815181,0,TCS,5m,2026-03-19 05:15:00
2386.800048828125,2386.800048828125,2383.199951171875,2384.89990234375,29114,-0.0007961062701117294,-0.02226141764312406,0.0029089866633625295,0.2,0.7,-1,2402.188533547969,2422.1498797034956,9.434570649879078,-12.973179248703218,-13.175313108249146,2399.9473315395053,0.0029089866633625295,0,TCS,5m,2026-03-19 05:20:00
2385.5,2386.39990234375,2382.0,2382.300048828125,30909,-0.0010901310839377398,-0.01108341684179115,0.0012056485863055158,0.2,0.7,0,2400.294392146079,2420.5871412377946,10.101682654763962,-12.9922347449683,-13.138697435592977,2399.264024806002,0.0012056485863055158,0,TCS,5m,2026-03-19 05:25:00
2382.10009765625,2384.199951171875,2379.800048828125,2383.0,45734,0.00029381318789778454,-0.010382059800664423,0.0012203532611079573,0.2,0.75,0,2398.647307179786,2419.1131356990577,12.542827349918085,-12.803268048901828,-13.071611558254748,2398.2797826265178,0.0012203532611079573,0,TCS,5m,2026-03-19 05:30:00
2383.0,2384.89990234375,2381.300048828125,2382.60009765625,18383,-0.0001678146637641431,-0.00848934762536413,0.0011657202842212744,0.2,0.7,0,2397.1190015108778,2417.6812518542415,12.58553112336412,-12.541212071725113,-12.965531660948823,2397.929369406902,0.0011657202842212744,0,TCS,5m,2026-03-19 05:35:00
2382.10009765625,2383.89990234375,2380.0,2381.0,19281,-0.0006715762573098472,-0.008825223379732794,0.001166763284956639,0.2,0.7,0,2395.583858509842,2416.2427713893694,12.171538708641194,-12.320620881881041,-12.836549505135267,2397.548223949987,0.001166763284956639,0,TCS,5m,2026-03-19 05:40:00
2381.0,2383.89990234375,2380.199951171875,2382.5,20638,0.0006299874002519967,-0.009520205900664158,0.0011201934801926645,0.15,0.7,0,2394.3377767469997,2414.9195254525316,20.392532312111044,-11.887728970955322,-12.64678539829928,2397.1733659268057,0.0011201934801926645,0,TCS,5m,2026-03-19 05:45:00
2382.5,2387.10009765625,2381.0,2385.10009765625,24849,0.001091331650052485,-0.010619261639417399,0.0010014161430731772,0.15,0.7,0,2393.4579977859757,2413.7501361271875,30.953003749237084,-11.205680749407747,-12.358564468520974,2396.808473631826,0.0010014161430731772,0,TCS,5m,2026-03-19 05:50:00
2385.10009765625,2385.5,2378.10009765625,2379.39990234375,28980,-0.002389918694859494,-0.01105573468672072,0.0010383521643469943,0.15,0.7,0,2392.119131553383,2412.4030681356803,25.407554671968185,-10.998328854327156,-12.086517345682212,2396.29878157916,0.0010383521643469943,0,TCS,5m,2026-03-19 05:55:00
2379.5,2380.10009765625,2377.5,2380.10009765625,32105,0.00029427390990899305,-0.010394577765957536,0.001055107298240613,0.15,0.75,0,2390.974461658418,2411.136284979624,20.486911704869115,-10.654680548587748,-11.800149986263321,2395.710254351588,0.001055107298240613,0,TCS,5m,2026-03-19 06:00:00
2380.10009765625,2380.10009765625,2377.0,2377.89990234375,21134,-0.0009244129331646977,-0.011103798647652319,0.0010560524642191814,0.15,0.75,0,2389.7292655332117,2409.8328974252763,20.20617522385814,-10.439533718038547,-11.528026732618367,2395.3245243945994,0.0010560524642191814,0,TCS,5m,2026-03-19 06:05:00
2377.89990234375,2378.89990234375,2376.5,2378.800048828125,23946,0.0003785468360075761,-0.010482508806936353,0.0010748674014413916,0.15,0.75,0,2388.688387751775,2408.6159229704863,27.20108589508223,-10.080195784034458,-11.238460542901585,2394.9011143953276,0.0010748674014413916,0,TCS,5m,2026-03-19 06:10:00
2378.89990234375,2379.10009765625,2377.39990234375,2377.800048828125,15136,-0.0004203800149124026,-0.008258278287309184,0.0009500398735310435,0.2,0.7,0,2387.6514030923795,2407.407457317845,25.000715232545943,-9.76356126840028,-10.943480688001324,2394.644544123278,0.0009500398735310435,0,TCS,5m,2026-03-19 06:15:00
2377.39990234375,2378.89990234375,2376.10009765625,2377.0,27539,-0.0003364659818723137,-0.007391302264491806,0.0009314404500257995,0.2,0.7,0,2386.636983750248,2406.215008011263,24.806964420893266,-9.468041696647106,-10.648392889730482,2394.1765601182915,0.0009314404500257995,0,TCS,5m,2026-03-19 06:20:00
2377.300048828125,2383.199951171875,2377.0,2380.800048828125,29118,0.0015986743071623177,-0.005721424586291546,0.001029503980441195,0.25,0.65,0,2386.081085186236,2405.2183429452575,38.636741940853355,-8.825473559307738,-10.283809023645933,2393.79186676859,0.001029503980441195,0,TCS,5m,2026-03-19 06:25:00
2380.60009765625,2382.0,2378.0,2379.60009765625,24895,-0.0005040117386025944,-0.007300487792358146,0.000978067958021084,0.2,0.6,0,2385.463848278618,2404.2137058751005,39.68937019093759,-8.317184387817633,-9.890484096480273,2393.4686970681832,0.000978067958021084,0,TCS,5m,2026-03-19 06:30:00
2379.60009765625,2381.0,2377.5,2380.89990234375,23813,0.0005462282039658817,-0.006011834087934043,0.000994065843603382,0.2,0.65,0,2385.0291867610117,2403.2994390699496,47.13092200710391,-7.720481279666274,-9.456483533117474,2393.1718553646447,0.000994065843603382,0,TCS,5m,2026-03-19 06:35:00
2380.800048828125,2381.89990234375,2378.5,2381.89990234375,16340,0.00042000925743068684,-0.003472533259845312,0.0009069226148646949,0.25,0.6,0,2384.7311596736536,2402.460241551275,47.77314329768518,-7.085224072087385,-8.982231640911458,2392.9897107257525,0.0009069226148646949,0,TCS,5m,2026-03-19 06:40:00
2381.89990234375,2384.0,2380.39990234375,2383.39990234375,33716,0.0006297493855740299,-0.0030118777789556184,0.0009218398744407304,0.3,0.55,0,2384.6043732612816,2401.7127772686267,51.54996214988645,-6.387114019743876,-8.463208116677942,2392.684191448493,0.0009218398744407304,0,TCS,5m,2026-03-19 06:45:00
2383.39990234375,2383.60009765625,2378.0,2378.800048828125,26492,-0.0019299545624306136,-0.004686172038441461,0.0010042466462349576,0.3,0.6,0,2384.0515804581237,2400.814238898411,46.180711554926376,-6.134313956963524,-7.997429284735059,2392.4007505288273,0.0010042466462349576,0,TCS,5m,2026-03-19 06:50:00
2378.800048828125,2381.199951171875,2377.199951171875,2380.60009765625,20078,0.0007567045532101968,-0.00259759973396978,0.00099218860157039,0.3,0.6,0,2383.722867810326,2400.02152747715,46.7356287123729,-5.72275087924254,-7.542493603636555,2392.186464509168,0.00099218860157039,0,TCS,5m,2026-03-19 06:55:00
2380.60009765625,2381.0,2377.199951171875,2378.800048828125,14824,-0.0007561323843920942,-0.0025576979183195014,0.000990814559661841,0.3,0.55,0,2383.254027907259,2399.189312628169,38.8693829311847,-5.478678278950156,-7.129730538699276,2392.024642753462,0.000990814559661841,0,TCS,5m,2026-03-19 07:00:00
2378.800048828125,2380.0,2378.0,2379.5,12184,0.00029424548407086526,-0.0011753552326468908,0.0009681275172163377,0.3,0.5,0,2382.8965014399014,2398.417182721182,50.21479913661225,-5.169181666389704,-6.737620764237362,2391.8962480394734,0.0009681275172163377,0,TCS,5m,2026-03-19 07:05:00
2379.10009765625,2379.5,2376.199951171875,2377.10009765625,18071,-0.001008574214645952,-0.0024758297707720978,0.0009868138517006592,0.3,0.5,0,2382.3444629843157,2397.581218600989,43.99999999999999,-5.059235713413273,-6.401943754072544,2391.687605194343,0.0009868138517006592,0,TCS,5m,2026-03-19 07:10:00
2377.0,2378.89990234375,2376.0,2377.60009765625,14648,0.00021034032201372455,-0.002098547718905275,0.000989538601231032,0.25,0.55,0,2381.892618667357,2396.797645230607,49.35663690850413,-4.875554574033686,-6.096665918064772,2391.521730673033,0.000989538601231032,0,TCS,5m,2026-03-19 07:15:00
2377.60009765625,2378.89990234375,2374.0,2377.300048828125,35437,-0.00012619818968750973,-0.0015539484132192083,0.000980564888884315,0.25,0.55,0,2381.455231063621,2396.0330336069806,46.695992600400096,-4.700018493013431,-5.817336433054505,2391.114952646203,0.000980564888884315,0,TCS,5m,2026-03-19 07:20:00
2377.39990234375,2377.39990234375,2374.699951171875,2376.199951171875,17705,-0.00046275086596336834,-0.0026443017116999368,0.0009694616041652649,0.25,0.55,0,2380.9547282167878,2395.255265668349,46.490983852315075,-4.5966858380916165,-5.5732063140619275,2390.9114017818038,0.0009694616041652649,0,TCS,5m,2026-03-19 07:25:00
2375.800048828125,2375.800048828125,2371.60009765625,2372.10009765625,38448,-0.0017253823751671726,-0.0054505049967398245,0.0009868413406761848,0.2,0.6,0,2380.1114300681647,2394.347219863953,40.61307341165905,-4.790397162826139,-5.41664448381477,2390.4039535055,0.0009868413406761848,0,TCS,5m,2026-03-19 07:30:00
2372.60009765625,2373.60009765625,2371.300048828125,2373.0,15885,0.00037936946448380304,-0.0026897127874326854,0.0008603176563401531,0.2,0.6,0,2379.434151014054,2393.5100739869354,33.1891607471718,-4.815786792528343,-5.296472945557485,2390.196444022058,0.0008603176563401531,0,TCS,5m,2026-03-19 07:35:00
2373.300048828125,2376.800048828125,2370.199951171875,2370.5,24548,-0.0010535187526338197,-0.004033484837761003,0.0008775932042752323,0.25,0.6,0,2378.5832794889056,2392.6077181443106,31.428001993024424,-4.980228390813409,-5.2332240346086705,2389.8827658249247,0.0008775932042752323,0,TCS,5m,2026-03-19 07:40:00
2371.5,2373.0,2370.0,2371.0,23802,0.00021092596498628602,-0.002901679055938855,0.0008650133419381002,0.25,0.6,0,2377.8610623947243,2391.7603566484554,29.11387189154665,-5.012423621483322,-5.189063951983601,2389.569346649682,0.0008650133419381002,0,TCS,5m,2026-03-19 07:45:00
2371.0,2371.39990234375,2369.5,2369.89990234375,32864,-0.00046398045392237464,-0.003741443711824166,0.0008586705825196929,0.25,0.6,0,2377.1028566755836,2390.903083930624,24.78970908046449,-5.06828324633625,-5.164907810854131,2389.1292930588975,0.0008586705825196929,0,TCS,5m,2026-03-19 07:50:00
2370.10009765625,2371.89990234375,2369.199951171875,2369.5,20215,-0.0001687422930202187,-0.003490642046296344,0.0008569135864164289,0.25,0.65,0,2376.3787750874326,2390.0637473058937,19.38307986835595,-5.086190737715697,-5.149164396226444,2388.867518436163,0.0008569135864164289,0,TCS,5m,2026-03-19 07:55:00
2369.5,2371.699951171875,2369.10009765625,2370.60009765625,18133,0.000464274174403867,-0.0026924284155448452,0.0008675863182831856,0.25,0.65,0,2375.8284248558916,2389.300466927476,28.645906183639994,-4.954501457953029,-5.110231808571761,2388.642057895445,0.0008675863182831856,0,TCS,5m,2026-03-19 08:00:00
2370.60009765625,2371.89990234375,2369.0,2371.0,26871,0.0001686924522383837,-0.004116283865563952,0.0007707613056784202,0.25,0.7,0,2375.368574869616,2388.5828015577713,23.033137652932453,-4.762963499572834,-5.040778146771975,2388.3209012906677,0.0007707613056784202,0,TCS,5m,2026-03-19 08:05:00
2371.0,2373.699951171875,2370.0,2371.89990234375,27692,0.00037954548450014336,-0.0032359199010305595,0.0007780641085726074,0.3,0.7,0,2375.038225105248,2387.928570216045,29.58495254330333,-4.486832279692862,-4.929988973356153,2388.0239580251496,0.0007780641085726074,0,TCS,5m,2026-03-19 08:10:00
2371.89990234375,2374.89990234375,2370.60009765625,2373.89990234375,20631,0.0008432059034295669,-0.002940064802014253,0.0007949375765624982,0.35,0.65,0,2374.929813413677,2387.378426377916,34.61486867169265,-4.059814004519922,-4.755953979588907,2387.8264093374078,0.0007949375765624982,0,TCS,5m,2026-03-19 08:15:00
2373.699951171875,2374.5,2371.10009765625,2373.10009765625,11535,-0.0003369159275462552,-0.0036944477300835388,0.0007844760044462232,0.3,0.65,0,2374.755554770112,2386.818491918243,37.95152370867161,-3.74279192349195,-4.553321568369515,2387.716508357713,0.0007844760044462232,0,TCS,5m,2026-03-19 08:20:00
2373.10009765625,2373.199951171875,2367.5,2369.10009765625,24553,-0.0016855589041315788,-0.00599975047134893,0.0008276031500042406,0.25,0.7,0,2374.2169398068872,2386.1236529275766,28.855310465455247,-3.770848219855452,-4.396826898666703,2387.442104421582,0.0008276031500042406,0,TCS,5m,2026-03-19 08:25:00
2370.0,2371.5,2366.0,2366.800048828125,26396,-0.0009708533760985905,-0.0050445601789488315,0.0007526063164171345,0.25,0.7,0,2373.5105692374814,2385.36586453152,26.24392399469731,-3.9333366979403763,-4.3041288585214375,2387.1264782377593,0.0007526063164171345,0,TCS,5m,2026-03-19 08:30:00
2366.800048828125,2367.699951171875,2365.0,2365.0,33198,-0.0007605411488039726,-0.006553010592416864,0.0007213372631346776,0.25,0.7,0,2372.700038833912,2384.567203177343,25.43823016051485,-4.1594117744907635,-4.275185441715303,2386.699605032436,0.0007213372631346776,0,TCS,5m,2026-03-19 08:35:00
2365.300048828125,2366.0,2362.60009765625,2365.5,38579,0.00021141649048628253,-0.0055910747247028825,0.0007235844251467287,0.25,0.75,0,2372.0143208497298,2383.819469719408,32.811983418529536,-4.249249378346576,-4.269998229041558,2386.197214784065,0.0007235844251467287,0,TCS,5m,2026-03-19 08:40:00
2365.60009765625,2368.0,2365.300048828125,2367.699951171875,19889,0.0009300152914288873,-0.004959045525583128,0.0007630322673202375,0.3,0.75,0,2371.603428499458,2383.187331737152,37.072897685995684,-4.0957157906959765,-4.235141741372442,2385.9738349013323,0.0007630322673202375,0,TCS,5m,2026-03-19 08:45:00
2367.699951171875,2368.0,2364.5,2367.10009765625,17965,-0.00025334862017800663,-0.004206806440275601,0.0007418177822895914,0.3,0.75,0,2371.1745398477237,2382.5564598124106,40.860285624278056,-3.976602681495933,-4.1834339293971405,2385.771632620402,0.0007418177822895914,0,TCS,5m,2026-03-19 08:50:00
2367.10009765625,2367.10009765625,2363.0,2363.800048828125,24179,-0.001394131507743368,-0.0058041925728925525,0.0007797009695794742,0.3,0.75,0,2370.472207369667,2381.8209142836154,33.17741549062782,-4.101214793836334,-4.166990102284979,2385.479807932811,0.0007797009695794742,0,TCS,5m,2026-03-19 08:55:00
2364.0,2366.10009765625,2363.199951171875,2365.0,22176,0.00050763649508756,-0.0051739572521307675,0.0007993734940433287,0.3,0.7,0,2369.9510447630323,2381.161270586219,38.60461947264427,-4.056385275048797,-4.144869136837743,2385.220820294401,0.0007993734940433287,0,TCS,5m,2026-03-19 09:00:00
2364.89990234375,2367.699951171875,2362.39990234375,2363.5,27532,-0.0006342494714587366,-0.00534464751824093,0.0008025871921679891,0.35,0.75,0,2369.3366595475054,2380.4686717397003,36.72543427534354,-4.094693939531226,-4.13483409737644,2384.9045876002215,0.0008025871921679891,0,TCS,5m,2026-03-19 09:05:00
2363.5,2369.10009765625,2363.5,2367.89990234375,69631,0.0018616045456949504,-0.0017706652921813948,0.0008585142374136932,0.4,0.7,0,2369.1998255281,2379.975778822212,44.78714980581426,-3.7270553108974127,-4.0532783400806345,2384.2319552844056,0.0008585142374136932,-1,TCS,5m,2026-03-19 09:10:00
2367.60009765625,2367.800048828125,2362.39990234375,2363.10009765625,31909,-0.002027030231619653,-0.0041718931073535526,0.0009529597375129844,0.4,0.7,0,2368.6188990641144,2379.313987403939,36.96356340547596,-3.7794361859178025,-3.9985099092480683,2383.8999160903536,0.0009529597375129844,-1,TCS,5m,2026-03-19 09:15:00
2363.39990234375,2363.39990234375,2358.199951171875,2359.699951171875,71053,-0.001438849961432953,-0.00455602144194267,0.0009745912346191287,0.35,0.7,0,2367.76947545533,2378.5448095124857,31.402264285767444,-4.048641591756223,-4.008536245749699,2383.0551195733124,0.0009745912346191287,-1,TCS,5m,2026-03-19 09:20:00
2360.199951171875,2360.89990234375,2351.5,2352.199951171875,87249,-0.0031783701975648393,-0.007929164415067524,0.0011694679633197753,0.35,0.7,-1,2366.2866636188105,2377.511677812854,21.670756972111548,-4.81170974058432,-4.169170944716623,2381.8617773826445,0.0011694679633197753,-1,TCS,5m,2026-03-19 09:25:00
2352.199951171875,2356.5,2351.199951171875,2355.199951171875,101184,0.0012754017780272076,-0.006202773018952112,0.001227485555336256,0.35,0.7,-1,2365.230786242912,2376.636708140659,27.90092050612766,-5.1154046179790384,-4.358417679369107,2380.5719340258333,0.001227485555336256,0,TCS,5m,2026-03-19 09:30:00
2355.0,2355.699951171875,2350.699951171875,2355.0,91187,-8.489774797060257e-05,-0.006119434479848085,0.001228137609670039,0.3,0.7,-1,2364.256425648349,2375.7882097822016,30.789904338686284,-5.310997511494861,-4.548933645794258,2379.4885307662266,0.001228137609670039,0,TCS,5m,2026-03-19 09:35:00
2355.199951171875,2359.0,2351.60009765625,2353.60009765625,99699,-0.0005944383625265948,-0.0071711799964943035,0.0012159387916650872,0.35,0.65,-1,2363.241537268149,2374.918087738047,31.564087700753575,-5.515388740257549,-4.742224664686916,2378.4396395804138,0.0012159387916650872,0,TCS,5m,2026-03-19 09:40:00
2353.60009765625,2357.0,2353.0,2357.0,64265,0.0014445539610299374,-0.005904681568958292,0.0012770196569673233,0.3,0.6,0,2362.6471051473727,2374.2154176306726,39.30464527247564,-5.341453604428352,-4.862070452635203,2377.834206168837,0.0012770196569673233,0,TCS,5m,2026-03-19 09:45:00
2356.89990234375,2362.10009765625,2356.89990234375,2360.89990234375,98115,0.0016546043036698155,-0.004637632468862063,0.001342625113219168,0.3,0.6,0,2362.480704880361,2373.6932405605976,44.36253096688488,-4.833205050593733,-4.856297372226909,2377.137268571595,0.001342625113219168,0,TCS,5m,2026-03-19 09:50:00
2360.199951171875,2362.800048828125,2357.300048828125,2362.800048828125,66382,0.0008048399182398747,-0.004675788353445842,0.0013410352027126392,0.3,0.6,0,2362.511118589672,2373.266056571089,43.950664914459324,-4.2283467199117695,-4.730707241763882,2376.7214961886657,0.0013410352027126392,0,TCS,5m,2026-03-19 09:55:00
2389.0,2395.699951171875,2383.199951171875,2383.60009765625,67781,-0.0019260755421118825,0.00612046743586081,0.0028066379434946408,0.35,0.6,0,2366.733142986316,2374.233989620517,64.8650432015719,-0.03134278516927225,-3.3027316784849527,2387.5,0.0028066379434946408,0,TCS,5m,2026-03-20 03:50:00
2384.699951171875,2390.800048828125,2376.89990234375,2388.39990234375,61663,0.0020136786754705316,0.00912618432905643,0.0028143474738373175,0.35,0.6,0,2368.7966438775006,2374.789515609664,66.66678259417951,1.6436391536426527,-2.313457512059432,2386.483724666867,0.0028143474738373175,0,TCS,5m,2026-03-20 03:55:00
2388.0,2389.300048828125,2381.0,2383.60009765625,30178,-0.002009631922522681,0.007864734738372015,0.0028563599622353397,0.35,0.55,0,2370.2064966183343,2375.1350286310985,63.67371749730943,2.5543256075134195,-1.3399008881448617,2386.133900481428,0.0028563599622353397,0,TCS,5m,2026-03-20 04:00:00
2383.39990234375,2383.699951171875,2375.60009765625,2378.39990234375,53002,-0.002181655940362348,0.005453351233882797,0.0029140240886519567,0.35,0.55,0,2370.9868209731358,2375.26306289434,57.06601386652647,2.823886871429295,-0.5071433362300305,2384.4137526023264,0.0029140240886519567,0,TCS,5m,2026-03-20 04:05:00
2377.699951171875,2378.199951171875,2371.60009765625,2376.89990234375,46907,-0.000630676110658146,0.0038856068596535565,0.002916483663405099,0.3,0.6,0,2371.549971579861,2375.3272526766696,59.71823914942196,2.883242427244113,0.17093381646479822,2382.814748924753,0.002916483663405099,0,TCS,5m,2026-03-20 04:10:00
2377.0,2377.5,2371.10009765625,2372.699951171875,22493,-0.001766986976495577,0.0023657020339653556,0.002948276891115499,0.3,0.6,0,2371.659493445767,2375.224221245109,59.0530109830324,2.5618497643599767,0.6491170060438339,2382.093114779666,0.002948276891115499,0,TCS,5m,2026-03-20 04:15:00
2372.699951171875,2377.800048828125,2372.699951171875,2376.89990234375,30940,0.0017701147461990363,0.00554186193630013,0.002947521188828557,0.35,0.55,0,2372.15858000748,2375.28993422937,68.02935421441123,2.61589036681562,1.0424716781981913,2381.47096661424,0.002947521188828557,0,TCS,5m,2026-03-20 04:20:00
2376.39990234375,2384.0,2373.699951171875,2379.300048828125,50066,0.0010097802107729148,0.0060465322740486105,0.0029516937059550657,0.4,0.55,0,2372.8387198951605,2375.4471936253994,67.74691136072718,2.8198838305493155,1.3979541086684162,2381.1301919826433,0.0029516937059550657,0,TCS,5m,2026-03-20 04:25:00
2379.300048828125,2381.89990234375,2376.10009765625,2377.60009765625,21922,-0.0007144753234096246,0.005965770110535118,0.002953092320502954,0.35,0.5,0,2373.2921844438356,2375.5316212344524,66.2826285794695,2.811963700612523,1.6807560270572377,2380.982309592882,0.002953092320502954,0,TCS,5m,2026-03-20 04:30:00
2377.60009765625,2380.0,2375.300048828125,2378.89990234375,22826,0.0005466876825843681,0.004645466638649731,0.0029310879619540904,0.3,0.55,0,2373.8262528152563,2375.6637106897188,68.25400739827373,2.877401423446827,1.9200851063351556,2380.8191010898468,0.0029310879619540904,0,TCS,5m,2026-03-20 04:35:00
2378.89990234375,2379.60009765625,2376.0,2376.39990234375,21360,-0.001050905924010026,0.005628117361888618,0.002899380868369108,0.3,0.5,0,2374.0713622941603,2375.692580950661,64.18133664567895,2.6964491957701284,2.0753579242221503,2380.6455997935755,0.002899380868369108,0,TCS,5m,2026-03-20 04:40:00
2376.39990234375,2377.89990234375,2373.10009765625,2375.89990234375,47024,-0.00021040229782320896,0.0068652589342257375,0.002873847567173998,0.3,0.5,0,2374.24550896555,2375.7007112013707,61.53854821625763,2.484062701770199,2.1570988797317603,2380.1506036604205,0.002873847567173998,0,TCS,5m,2026-03-20 04:45:00
2375.89990234375,2379.89990234375,2373.300048828125,2379.89990234375,36726,0.001683572610131412,0.011776188991958314,0.002763545319002616,0.35,0.45,0,2374.7840226206167,2375.865385363817,62.742187244168406,2.6084429392144557,2.247367691628299,2379.9751215604406,0.002763545319002616,0,TCS,5m,2026-03-20 04:50:00
2379.300048828125,2386.0,2379.199951171875,2386.0,32577,0.002563174043682448,0.013077466655347036,0.0027951968476750636,0.4,0.4,0,2375.852210942463,2376.2628212319028,47.698774688819995,3.162783474585467,2.4304508482197327,2380.199573605395,0.0027951968476750636,0,TCS,5m,2026-03-20 04:55:00
2385.699951171875,2386.699951171875,2382.60009765625,2383.89990234375,33010,-0.00088017504453064,0.012271720740445913,0.002811861616537786,0.45,0.35,0,2376.6186577425856,2376.562314608838,50.33091167784077,3.3935235855651626,2.623065395688819,2380.4392651011617,0.002811861616537786,0,TCS,5m,2026-03-20 05:00:00
2383.89990234375,2385.0,2381.699951171875,2384.800048828125,23317,0.00037759407745685536,0.01325626694311599,0.0027982467153533697,0.4,0.4,0,2377.3978378459706,2376.885363009594,45.65236620964175,3.6074367984983837,2.819939676250732,2380.570771483715,0.0027982467153533697,0,TCS,5m,2026-03-20 05:05:00
2384.89990234375,2387.699951171875,2383.89990234375,2386.300048828125,34619,0.0006289835496846585,0.012431077143880032,0.0027921842494744264,0.45,0.4,0,2378.2456674633186,2377.2545663750266,53.543211221397044,3.8535803493887215,3.02666781087833,2380.8642915020964,0.0027921842494744264,0,TCS,5m,2026-03-20 05:10:00
2386.199951171875,2386.5,2380.0,2381.89990234375,22412,-0.0018439200412101453,0.008894913324852372,0.00283334708740845,0.4,0.45,0,2378.5936898328837,2377.4367364130158,54.69165215797672,3.651503578832944,3.151634964469253,2380.9301397941226,0.00283334708740845,0,TCS,5m,2026-03-20 05:15:00
2381.89990234375,2386.800048828125,2381.60009765625,2385.39990234375,25376,0.0014694152330061439,0.009564860778987105,0.0028416534782070234,0.4,0.45,0,2379.2419005482043,2377.7490174299073,60.81416874774809,3.730771025504964,3.2674621766763954,2381.0662504660254,0.0028416534782070234,0,TCS,5m,2026-03-20 05:20:00
2385.699951171875,2385.699951171875,2379.800048828125,2382.0,19503,-0.0014252965888065239,-0.002596077086775228,0.0015247029448807723,0.35,0.5,0,2379.5045766864705,2377.915722628735,62.077908901247326,3.479141960284778,3.309798133398072,2381.105986628721,0.0015247029448807723,0,TCS,5m,2026-03-20 05:25:00
2380.60009765625,2382.800048828125,2378.699951171875,2378.699951171875,20799,-0.0013854109270046155,-0.002055775416855088,0.0014956776847446325,0.35,0.5,0,2379.4279456850804,2377.94647668925,52.39366019310309,2.9790965814695483,3.2436578230123674,2381.076149327715,0.0014956776847446325,0,TCS,5m,2026-03-20 05:30:00
2379.39990234375,2382.199951171875,2377.800048828125,2381.300048828125,16028,0.0010930750870739026,-0.0029726401800040936,0.0014402856903406138,0.35,0.5,0,2379.6062412225133,2378.0779893221475,52.64548214170381,2.760788515585773,3.1470839615270485,2381.0622365790105,0.0014402856903406138,0,TCS,5m,2026-03-20 05:35:00
2381.300048828125,2382.0,2376.39990234375,2379.10009765625,29708,-0.0009238445919310667,-0.0018879005771248458,0.001385850274530761,0.35,0.55,0,2379.5580370733455,2378.118072001916,51.95820956411989,2.3827927748652655,2.994225724194692,2380.9891245486147,0.001385850274530761,0,TCS,5m,2026-03-20 05:40:00
2378.89990234375,2381.800048828125,2378.0,2380.0,15436,0.00037825324988904896,0.0006727622443447601,0.001298296131648193,0.35,0.5,0,2379.6001287806457,2378.1918730998805,51.45130121102808,2.131275013690356,2.821635582093825,2380.9683818961853,0.001298296131648193,0,TCS,5m,2026-03-20 05:45:00
2379.89990234375,2386.0,2379.89990234375,2383.5,18482,0.0014705882352941124,0.002776767187268492,0.0013263585272884158,0.4,0.45,0,2379.971545087251,2378.400034939101,59.12599789124868,2.1891311835538545,2.6951347023858307,2381.0181385113074,0.0013263585272884158,0,TCS,5m,2026-03-20 05:50:00
2384.699951171875,2384.89990234375,2381.89990234375,2384.0,18728,0.00020977554017198585,0.00476252752588624,0.0012481610442419558,0.4,0.4,0,2380.355207459894,2378.6196414120773,60.41133202791585,2.249398767537059,2.6059875154160763,2381.0768976334302,0.0012481610442419558,0,TCS,5m,2026-03-20 05:55:00
2384.199951171875,2385.89990234375,2383.300048828125,2384.89990234375,18329,0.0003774758153314295,0.003365728608138552,0.0011959633080642718,0.4,0.4,0,2380.7880355440707,2378.8659261544963,56.983183076692264,2.342769867680545,2.5533439858689704,2381.155839622258,0.0011959633080642718,0,TCS,5m,2026-03-20 06:00:00
2384.89990234375,2385.0,2382.300048828125,2384.0,15594,-0.00037733338110568226,0.001975350344816773,0.0011847887018336075,0.35,0.45,0,2381.0939369208263,2379.0672623837318,46.73203657310632,2.3174385498564334,2.5061628986664632,2381.2033573692615,0.0011847887018336075,0,TCS,5m,2026-03-20 06:05:00
2384.0,2384.800048828125,2379.89990234375,2382.0,22197,-0.000838926174496657,0.0018505645032935725,0.0011896048682912704,0.35,0.5,0,2381.1802286426523,2379.182271702017,46.88540599385246,2.111638360109737,2.4272579909551184,2381.229366399032,0.0011896048682912704,0,TCS,5m,2026-03-20 06:10:00
2382.0,2382.60009765625,2380.10009765625,2381.800048828125,14032,-8.394255746224655e-05,0.001219112448370696,0.001185299798642636,0.35,0.45,0,2381.2392591365065,2379.284929628531,44.96640996231362,1.9103841195587847,2.323883216675852,2381.2336200650316,0.001185299798642636,0,TCS,5m,2026-03-20 06:15:00
2381.800048828125,2381.800048828125,2375.10009765625,2375.5,21401,-0.0026450788055130126,-0.00037868304188304336,0.0013109881395524405,0.35,0.5,0,2380.692663028268,2379.1365010156474,34.39292694801759,1.2283675388830488,2.1047800811172914,2381.1454613259752,0.0013109881395524405,0,TCS,5m,2026-03-20 06:20:00
2375.5,2375.699951171875,2370.39990234375,2375.60009765625,29702,4.2137510524176136e-05,-0.00012618574006595384,0.0013102546636097748,0.35,0.5,0,2380.2076568023613,2378.997818530965,39.6042156831147,0.6880105717423248,1.821426179242298,2380.9175230629935,0.0013102546636097748,0,TCS,5m,2026-03-20 06:25:00
2375.89990234375,2376.5,2371.60009765625,2372.60009765625,18115,-0.0012628388098484544,-0.0030672738295888236,0.0012755283817491277,0.35,0.5,0,2379.4831273598743,2378.7469275162707,28.523676880222837,0.017497157922662154,1.460640374978371,2380.779139930639,0.0012755283817491277,0,TCS,5m,2026-03-20 06:30:00
2372.699951171875,2374.60009765625,2371.0,2372.0,19184,-0.0002529282776490005,-0.005867560771165126,0.0011038064879849783,0.3,0.55,0,2378.770448563696,2378.482342123476,31.48148148148148,-0.5559043002167527,1.0573314399393463,2380.617961037563,0.0011038064879849783,-1,TCS,5m,2026-03-20 06:35:00
2372.0,2375.800048828125,2372.0,2375.699951171875,16079,0.001559844507535768,-0.003439721258352013,0.0011685119828904462,0.3,0.55,0,2378.4780202406655,2378.373228752825,44.525527933707565,-0.703662565103059,0.7051326389308652,2380.5193453807487,0.0011685119828904462,0,TCS,5m,2026-03-20 06:40:00
2374.800048828125,2374.800048828125,2371.60009765625,2371.60009765625,12448,-0.0017257455065411431,-0.005535034762499835,0.0012103817951417126,0.3,0.55,0,2377.8229799945307,2378.1076157686457,33.21787907715442,-1.1384624825409446,0.3364136146365033,2380.4225606125665,0.0012103817951417126,0,TCS,5m,2026-03-20 06:45:00
2371.60009765625,2372.60009765625,2368.0,2368.300048828125,31919,-0.0013914862085671054,-0.007543058136733283,0.0012151127629177947,0.25,0.6,-1,2376.9160341691586,2377.72300530039,31.99977213356229,-1.729395515455053,-0.07674821138180798,2380.092024662771,0.0012151127629177947,0,TCS,5m,2026-03-20 06:50:00
2368.5,2370.800048828125,2368.10009765625,2369.300048828125,30099,0.0004222437948666613,-0.005289833339859107,0.0011762409121453827,0.25,0.55,0,2376.1907022319174,2377.39269328187,32.22590823187794,-2.0928969456249433,-0.4799779582304351,2379.7918169253703,0.0011762409121453827,0,TCS,5m,2026-03-20 06:55:00
2368.699951171875,2369.10009765625,2364.199951171875,2368.10009765625,33443,-0.0005064580876822378,-0.0072523708374860885,0.0011036824576880115,0.2,0.6,0,2375.420168462806,2377.0282777671396,22.30213931921172,-2.4495634365844126,-0.8738950539012307,2379.40885468568,0.0011036824576880115,0,TCS,5m,2026-03-20 07:00:00
2368.10009765625,2368.800048828125,2366.0,2367.199951171875,21815,-0.0003801133597629569,-0.006213286661681305,0.0010751254287794131,0.2,0.55,0,2374.6372906255747,2376.6428531947763,20.21262780610698,-2.7728942993476267,-1.25369490299051,2379.1751622170827,0.0010751254287794131,0,TCS,5m,2026-03-20 07:05:00
2367.199951171875,2369.39990234375,2366.800048828125,2368.199951171875,15489,0.00042244002223168486,-0.004414175900927408,0.0010558679923504855,0.25,0.5,0,2374.0242106776036,2376.3117589978,20.494836822899146,-2.914844185565471,-1.5859247595055024,2379.0254964680034,0.0010558679923504855,0,TCS,5m,2026-03-20 07:10:00
2368.0,2370.89990234375,2367.10009765625,2369.60009765625,19207,0.0005912281535527253,-0.004913262055167178,0.0010286161902057732,0.3,0.45,0,2373.602866580332,2376.048556592249,25.000423850940095,-2.8811482892842832,-1.8449694654612587,2378.8630798758395,0.0010286161902057732,0,TCS,5m,2026-03-20 07:15:00
2369.60009765625,2374.39990234375,2368.800048828125,2373.10009765625,18121,0.0014770424779531055,-0.0025219619829829343,0.0010839230137825915,0.35,0.4,0,2373.5549838256575,2375.932930751622,35.31383450165177,-2.542712492604551,-1.9845180708899173,2378.759226014973,0.0010839230137825915,0,TCS,5m,2026-03-20 07:20:00
2373.10009765625,2373.10009765625,2369.39990234375,2369.60009765625,13381,-0.001474864041115076,-0.004369706867121903,0.00111726871984626,0.35,0.4,0,2373.1783279999995,2375.684584355725,31.84549543330887,-2.5277817403043628,-2.0931708047728064,2378.6688651686395,0.00111726871984626,0,TCS,5m,2026-03-20 07:25:00
2369.0,2370.39990234375,2368.60009765625,2369.800048828125,18605,8.43818212501457e-05,-0.005747829314820652,0.0010478188541512773,0.3,0.45,0,2372.8565871264877,2375.4538182566034,39.63654441988264,-2.4713267070956135,-2.168801985237368,2378.529657290993,0.0010478188541512773,0,TCS,5m,2026-03-20 07:30:00
2369.800048828125,2369.89990234375,2367.10009765625,2368.39990234375,22468,-0.0005908289541420864,-0.006543665124265963,0.0010430973096222174,0.3,0.5,0,2372.4321409567033,2375.177194103158,37.499788074529945,-2.5106248854481237,-2.2371665652795194,2378.3465110859547,0.0010430973096222174,0,TCS,5m,2026-03-20 07:35:00
2368.199951171875,2370.0,2367.39990234375,2370.0,10926,0.0006756028214096599,-0.006247600718632729,0.0010557581494742938,0.3,0.5,0,2372.2005084846364,2374.9741668834263,45.25536388908689,-2.385159828838823,-2.26676521799138,2378.265685210548,0.0010557581494742938,0,TCS,5m,2026-03-20 07:40:00
2370.89990234375,2373.5,2370.5,2370.800048828125,27115,0.00033757334520045923,-0.005536892270081806,0.0010655149369119686,0.35,0.45,0,2372.0671313744924,2374.810475979297,47.826202333460124,-2.1958581277835947,-2.252583799949823,2378.123655955037,0.0010655149369119686,0,TCS,5m,2026-03-20 07:45:00
2370.89990234375,2373.800048828125,2370.0,2371.0,122832,8.433911243321823e-05,-0.0046179680940385825,0.0010598751083340495,0.4,0.45,0,2371.965499815017,2374.661045548736,40.24920224889834,-2.00657028415435,-2.2033810967907286,2377.5493970348757,0.0010598751083340495,0,TCS,5m,2026-03-20 07:50:00
2371.10009765625,2374.0,2370.10009765625,2374.0,9775,0.001265288907633888,-0.0032748545924174977,0.0011114063890999997,0.45,0.45,0,2372.1592617373967,2374.635122193884,55.21706825177794,-1.5960847054229816,-2.0819218185171793,2377.5156623914513,0.0011114063890999997,0,TCS,5m,2026-03-20 07:55:00
2374.0,2377.0,2374.0,2375.300048828125,58493,0.0005476195569187325,-8.417224663226364e-05,0.0009543937770536323,0.5,0.4,0,2372.4583843174664,2374.661197748168,66.6662791508754,-1.1525825967041783,-1.8960539741545792,2377.4324453961804,0.0009543937770536323,0,TCS,5m,2026-03-20 08:00:00
2375.5,2378.39990234375,2374.0,2377.0,26202,0.0007156784982653708,0.0005892836698950799,0.000967887174948522,0.55,0.35,0,2372.8909191443745,2374.752915483534,67.7414636890364,-0.6563659497041954,-1.6481163692645024,2377.415459713556,0.000967887174948522,0,TCS,5m,2026-03-20 08:05:00
2377.0,2377.10009765625,2373.800048828125,2373.800048828125,13671,-0.0013462142077723671,0.0005057536552663944,0.0009739089809284418,0.5,0.4,0,2372.9775029237794,2374.7155481637137,62.0249904714814,-0.515379029729047,-1.4215689013574115,2377.392588155248,0.0009739089809284418,0,TCS,5m,2026-03-20 08:10:00
2374.89990234375,2375.300048828125,2372.5,2372.5,12287,-0.0005476656842966499,0.00021079258010114899,0.0009805547660590053,0.5,0.4,0,2372.932026454848,2374.6286639219993,60.99579597832143,-0.5027535256704141,-1.237805826220012,2377.36049501704,0.0009805547660590053,0,TCS,5m,2026-03-20 08:15:00
2371.89990234375,2375.800048828125,2370.800048828125,2375.800048828125,14684,0.0013909584101685635,4.213396401375746e-05,0.000967150005890847,0.5,0.45,0,2373.205171442779,2374.674600584985,64.3939113708663,-0.22388060570983725,-1.035020782117977,2377.329533207816,0.000967150005890847,0,TCS,5m,2026-03-20 08:20:00
2375.800048828125,2377.300048828125,2373.300048828125,2373.89990234375,13684,-0.0007997922574807248,0.0009697270166977301,0.0008998853693251942,0.55,0.4,0,2373.2713362904906,2374.6442202617995,57.992085965294415,-0.15441771724908904,-0.8589001691441995,2377.307412730227,0.0008998853693251942,0,TCS,5m,2026-03-20 08:25:00
2373.89990234375,2378.0,2372.699951171875,2378.0,15947,0.0017271569252781394,0.004095744192833539,0.000907336673521225,0.6,0.4,0,2373.7216852152055,2374.7758194672197,58.90875517125051,0.22883783708311967,-0.6413525678987357,2377.2964337498647,0.000907336673521225,0,TCS,5m,2026-03-20 08:30:00
2378.5,2379.60009765625,2377.10009765625,2379.60009765625,15806,0.0006728753810976151,0.004347296085702501,0.0009122158817920242,0.65,0.4,0,2374.2815340191146,2374.9650068471815,69.53080297539577,0.6541445620632658,-0.3822531419063354,2377.3111805982635,0.0009122158817920242,0,TCS,5m,2026-03-20 08:35:00
2379.300048828125,2380.0,2376.699951171875,2377.199951171875,19909,-0.0010086343863991987,0.003842681111592805,0.0009396839132504417,0.7,0.4,0,2374.5594785098538,2375.0526517226594,63.30880286637628,0.7884427659346329,-0.14811396033814178,2377.319357738642,0.0009396839132504417,0,TCS,5m,2026-03-20 08:40:00
2377.699951171875,2378.0,2375.199951171875,2377.5,20842,0.00012621943222623777,0.0043511528559410095,0.0009302263396133674,0.7,0.45,0,2374.839528175582,2375.148626164908,67.04094508348115,0.9086125727390026,0.0632313462772871,2377.3139512441053,0.0009302263396133674,0,TCS,5m,2026-03-20 08:45:00
2377.60009765625,2378.300048828125,2374.10009765625,2375.699951171875,19897,-0.0007571183293900718,0.003166962315107158,0.0009536484016903655,0.7,0.5,0,2374.9214732228484,2375.1702467534164,60.59445478059627,0.8488145083310883,0.22034797868804734,2377.298382319083,0.0009536484016903655,0,TCS,5m,2026-03-20 08:50:00
2375.60009765625,2376.699951171875,2372.699951171875,2375.0,13480,-0.00029462945079816727,0.002278824325290474,0.0009530662620428987,0.65,0.55,0,2374.9289519635295,2375.163570410145,57.835572762468686,0.7364545124387405,0.32356928543818597,2377.2779717812523,0.0009530662620428987,0,TCS,5m,2026-03-20 08:55:00
2374.60009765625,2377.199951171875,2372.300048828125,2375.699951171875,19465,0.00029471628289479135,0.0010955515606749788,0.0008992347454465909,0.65,0.6,0,2375.0023804595626,2375.184604949821,58.60779982651154,0.6958670933290705,0.3980288470163629,2377.2521899899725,0.0008992347454465909,0,TCS,5m,2026-03-20 09:00:00
2375.699951171875,2378.10009765625,2375.0,2377.39990234375,40850,0.0007155580278714879,0.003291612240907016,0.0008341150858767819,0.7,0.6,0,2375.230715877104,2375.271479357426,56.53815095119157,0.7917463645085263,0.4767723505147956,2377.242186169512,0.0008341150858767819,0,TCS,5m,2026-03-20 09:05:00
2377.0,2378.5,2373.5,2373.699951171875,18432,-0.0015563015579446171,0.001645667256053418,0.0009188054237405438,0.75,0.6,0,2375.0849287623205,2375.20985080113,47.18296540815625,0.5626899009866975,0.493955860609176,2377.2207682471767,0.0009188054237405438,0,TCS,5m,2026-03-20 09:10:00
2373.60009765625,2375.5,2370.300048828125,2371.0,39546,-0.0011374441704572469,0.0010978288141614279,0.00094757164723028,0.75,0.6,0,2374.695887927814,2375.0447586128503,39.79605394273567,0.16143656798112715,0.42745200208356626,2377.1099791984625,0.00094757164723028,1,TCS,5m,2026-03-20 09:15:00
2371.10009765625,2371.10009765625,2366.699951171875,2368.699951171875,39502,-0.0009700754230810293,-0.0005485438093354444,0.0009622101674471063,0.7,0.65,0,2374.1248463320103,2374.795942634773,41.052613544861146,-0.3382551130334832,0.2743105790601564,2376.929132900436,0.0009622101674471063,1,TCS,5m,2026-03-20 09:20:00
2369.0,2371.800048828125,2368.300048828125,2371.800048828125,25853,0.001308776003780654,0.0004217985403258684,0.001005127152716695,0.7,0.65,0,2373.9034370459262,2374.6784566031397,48.84498553714014,-0.47859544765378814,0.12372937371736747,2376.8403707010607,0.001005127152716695,0,TCS,5m,2026-03-20 09:25:00
2372.199951171875,2397.60009765625,2372.0,2390.800048828125,447779,0.008010793325258447,0.008350927384278783,0.0020503878621350195,0.7,0.6,1,2375.5126381680407,2375.3106759060806,66.30417476037321,0.9325748935716547,0.28549847768822495,2378.7951189671303,0.0020503878621350195,0,TCS,5m,2026-03-20 09:30:00
2390.89990234375,2397.699951171875,2389.60009765625,2390.60009765625,352362,-8.363358197727155e-05,0.006992458995892958,0.0020432195187747868,0.7,0.6,1,2376.9495390716797,2375.910261072754,68.84885425507291,2.0116145273327675,0.6307216876171335,2380.6464309612375,0.0020432195187747868,1,TCS,5m,2026-03-20 09:35:00
2390.60009765625,2392.39990234375,2385.199951171875,2387.39990234375,424787,-0.001338657735201032,0.005094031603120941,0.0020768961075372616,0.65,0.65,0,2377.9448117642582,2376.3608352402443,60.829283110571076,2.5788053319620303,1.020338416486113,2381.713985440138,0.0020768961075372616,1,TCS,5m,2026-03-20 09:40:00
2387.199951171875,2390.0,2384.89990234375,2388.39990234375,390302,0.0004188657287864661,0.004795920211926763,0.00207449858962519,0.6,0.7,0,2378.940534676591,2376.8329555188134,60.280075295191374,3.0735695768203186,1.430984648552954,2382.398934689107,0.00207449858962519,-1,TCS,5m,2026-03-20 09:45:00
2388.300048828125,2396.60009765625,2388.300048828125,2395.0,327438,0.0027633972224556658,0.00893080745462993,0.002112167419106381,0.65,0.65,1,2380.4700075645346,2377.5453886357227,68.93612379423728,3.9526824640106497,1.935324211644493,2383.344136667472,0.002112167419106381,0,TCS,5m,2026-03-20 09:50:00
2395.10009765625,2399.699951171875,2393.300048828125,2397.39990234375,260183,0.0010020469076199578,0.010495217004741875,0.002102168405945446,0.7,0.6,1,2382.0823784958884,2378.32399701643,70.2646260329962,4.787846508872008,2.505828671089996,2384.211453992112,0.002102168405945446,0,TCS,5m,2026-03-20 09:55:00
2358.89990234375,2368.0,2358.0,2366.89990234375,60339,0.0033914113914079724,-0.0029487342718573784,0.004327975598446514,0.6,0.6,0,2378.638845407065,2377.1441358343704,45.649790999061196,0.991842509399703,2.1727212335612576,2364.2999674479165,0.004327975598446514,0,TCS,5m,2026-03-23 03:50:00
2366.800048828125,2375.699951171875,2366.800048828125,2370.5,68007,0.00152101812699601,-0.0031539108494532675,0.004323541467937534,0.6,0.55,0,2377.8637172730587,2376.883581487925,47.29169898554743,0.22997594257367382,1.784172175363741,2367.8501296171275,0.004323541467937534,1,TCS,5m,2026-03-23 03:55:00
2371.199951171875,2381.5,2370.0,2379.699951171875,66485,0.0038810171575089925,4.196230943320778e-05,0.004414200279870044,0.6,0.55,0,2378.0385966919935,2376.9940273578836,51.111132078587154,0.3643503675448301,1.5002078137999588,2370.9952163005914,0.004414200279870044,1,TCS,5m,2026-03-23 04:00:00
2379.89990234375,2389.199951171875,2378.89990234375,2383.0,63920,0.0013867499667341576,0.0024398657863280437,0.004417562317896643,0.6,0.5,0,2378.5111112927557,2377.22955569679,54.51019301490176,0.7287290928566108,1.3459120696112892,2374.133703313096,0.004417562317896643,1,TCS,5m,2026-03-23 04:05:00
2383.0,2402.800048828125,2382.39990234375,2398.60009765625,116824,0.00654641110207721,0.008874909634595252,0.00464461472857552,0.65,0.45,1,2380.4243480892787,2378.067616165789,61.896543740976306,2.2503586297921174,1.5268013816474548,2380.4998260464595,0.00464461472857552,1,TCS,5m,2026-03-23 04:10:00
2397.699951171875,2405.0,2390.300048828125,2393.0,93135,-0.0023347358576871757,0.007282084936522049,0.00467949932400488,0.65,0.4,1,2381.622029223633,2378.653199845562,60.18438366536718,2.9701419738471486,1.8154695000873935,2383.5996611620576,0.00467949932400488,1,TCS,5m,2026-03-23 04:15:00
2392.199951171875,2399.0,2390.199951171875,2396.5,74712,0.0014625992478061178,0.009052631578947423,0.004682793681217704,0.65,0.4,1,2383.0389788213824,2379.3530743614224,60.31740204326801,3.779429300683205,2.208261460206556,2385.1991063432333,0.004682793681217704,1,TCS,5m,2026-03-23 04:20:00
2397.199951171875,2398.60009765625,2390.60009765625,2391.800048828125,60574,-0.0019611730322867116,0.006776991197187332,0.004714078435211845,0.6,0.35,1,2383.8733664410724,2379.8411910071754,50.474381543593076,3.995491023944851,2.565707372954215,2386.048315491235,0.004714078435211845,1,TCS,5m,2026-03-23 04:25:00
2391.39990234375,2399.0,2388.5,2398.800048828125,76493,0.0029266660494591257,0.009001492118880794,0.004748941560346339,0.6,0.4,1,2385.294955239839,2380.5846756276046,53.65415287669205,4.677642049019596,2.9880943081672915,2387.103276577746,0.004748941560346339,1,TCS,5m,2026-03-23 04:30:00
2397.89990234375,2401.39990234375,2397.0,2399.0,95223,8.335466391740098e-05,0.010658486476201157,0.004726420349276954,0.6,0.35,1,2386.6001975979493,2381.306845210836,55.31139052592984,5.17473491657438,3.4254224298487097,2388.5800295411273,0.004726420349276954,1,TCS,5m,2026-03-23 04:35:00
2400.10009765625,2402.0,2397.199951171875,2401.300048828125,145678,0.0009587531588681752,0.012779438560997392,0.004710458293695858,0.65,0.3,1,2388.000183429395,2382.0908924115142,55.837157458203436,5.688703480958338,3.878078640070636,2390.411955352319,0.004710458293695858,0,TCS,5m,2026-03-23 04:40:00
2401.300048828125,2405.0,2400.5,2403.5,61979,0.0009161500550289858,0.014691623905724427,0.004695262741599353,0.7,0.25,1,2389.476356436119,2382.9304652581213,54.00565135554298,6.202051555301296,4.342873223116769,2391.2053446285913,0.004695262741599353,0,TCS,5m,2026-03-23 04:45:00
2403.5,2403.60009765625,2394.60009765625,2399.0,53258,-0.0018722696068234068,0.011468062489211173,0.004728742365958064,0.65,0.3,1,2390.3833701088697,2383.560643091136,50.73941532712979,6.174594330866057,4.709217444666627,2391.6092331597815,0.004728742365958064,1,TCS,5m,2026-03-23 04:50:00
2399.800048828125,2400.0,2392.0,2392.800048828125,36111,-0.002584389817371857,0.0008365400531844536,0.004437067151494584,0.6,0.35,0,2390.6135299868943,2383.9229727278807,72.33206920842622,5.588133513613229,4.885000658455947,2391.721131096753,0.004437067151494584,1,TCS,5m,2026-03-23 04:55:00
2393.300048828125,2403.0,2392.199951171875,2395.0,54756,0.0009194045164586662,0.0018405011980313635,0.004441129397249495,0.6,0.35,0,2391.0312890357613,2384.3573659542385,70.04283773900323,5.240467912512031,4.956094109267164,2391.9645445911533,0.004441129397249495,0,TCS,5m,2026-03-23 05:00:00
2395.699951171875,2404.89990234375,2394.10009765625,2403.5,48495,0.0035490605427974664,0.006743779138318695,0.00449190676471399,0.65,0.3,1,2392.21878531807,2385.108057485445,72.0,5.586422579312966,5.082159803276324,2392.3302724253863,0.00449190676471399,0,TCS,5m,2026-03-23 05:05:00
2403.60009765625,2405.0,2396.300048828125,2403.60009765625,42721,4.164662211358916e-05,0.00636417515240395,0.00449237558659932,0.7,0.25,1,2393.3027198264676,2385.833235531359,68.13360649360753,5.801791745774608,5.226086191775981,2392.656386226893,0.00449237558659932,1,TCS,5m,2026-03-23 05:10:00
2403.800048828125,2406.800048828125,2398.699951171875,2400.10009765625,86364,-0.0014561490505067276,0.002129477100730748,0.004470958152141574,0.7,0.25,0,2393.95008914359,2386.392720320571,62.935001809814366,5.6252087081502395,5.305910695050834,2393.2658838272046,0.004470958152141574,1,TCS,5m,2026-03-23 05:15:00
2399.39990234375,2400.800048828125,2396.0,2398.699951171875,51090,-0.0005833700376672857,0.0005422744978231808,0.004468474333569028,0.65,0.3,0,2394.402456955808,2386.875356824544,50.096197720419795,5.311062634811606,5.306941083002989,2393.463065727969,0.004468474333569028,1,TCS,5m,2026-03-23 05:20:00
2398.89990234375,2399.60009765625,2395.699951171875,2399.0,40266,0.00012508810365319256,0.016999490998497846,0.00237550326505727,0.65,0.3,1,2394.8403181981116,2387.350833027503,56.437754749206285,5.028347382618449,5.251222342926081,2393.5967720009426,0.00237550326505727,0,TCS,5m,2026-03-23 05:25:00
2399.0,2399.0,2391.199951171875,2395.0,33745,-0.0016673614005835447,0.011872110699918004,0.002359462608345187,0.65,0.35,1,2394.8555259887676,2387.650800359758,48.407646613657334,4.430455405742123,5.087068955489289,2393.631453803002,0.002359462608345187,0,TCS,5m,2026-03-23 05:30:00
2394.800048828125,2399.89990234375,2394.0,2399.0,30806,0.001670146137787043,0.012022780004218525,0.0023627832518842706,0.65,0.35,1,2395.250237799361,2388.0958670123164,57.75854357949015,4.230620319519403,4.915779228295312,2393.7158360762905,0.0023627832518842706,0,TCS,5m,2026-03-23 05:35:00
2400.0,2400.0,2388.699951171875,2390.5,62199,-0.0035431429762401434,0.004538407803389877,0.002403094966313587,0.65,0.4,0,2394.7978341994217,2388.1901467373236,41.33609243676064,3.347779493339658,4.602179281304181,2393.689326602386,0.002403094966313587,0,TCS,5m,2026-03-23 05:40:00
2390.89990234375,2394.0,2388.60009765625,2391.699951171875,43990,0.0005019666060970263,0.003650839769985259,0.002388764609704181,0.6,0.45,0,2394.5027977206078,2388.327786126914,42.535759754362324,2.713666352711698,4.224476695585685,2393.6260019931074,0.002388764609704181,0,TCS,5m,2026-03-23 05:45:00
2391.39990234375,2392.300048828125,2381.199951171875,2381.800048828125,39618,-0.004139274384689973,-0.007004105788430914,0.002063962689423596,0.55,0.5,0,2393.2930121117997,2388.0717964289224,32.743362831858406,1.3961932908641757,3.6588200146413836,2393.415779796938,0.002063962689423596,0,TCS,5m,2026-03-23 05:50:00
2382.5,2383.10009765625,2376.0,2377.60009765625,60023,-0.0017633517028188272,-0.0064353958812159995,0.0020388363456535206,0.5,0.55,0,2391.7984488303186,2387.661141575092,27.863331330128204,0.01303517694987022,2.929663047103081,2392.8930590187547,0.0020388363456535206,0,TCS,5m,2026-03-23 05:55:00
2376.699951171875,2382.60009765625,2376.0,2377.699951171875,54872,4.1997607471255805e-05,-0.00784479400297311,0.001997768139761193,0.5,0.5,0,2390.45573476761,2387.270506657319,30.314134471756773,-1.0628187364313817,2.1311666903961886,2392.442835308557,0.001997768139761193,0,TCS,5m,2026-03-23 06:00:00
2377.699951171875,2384.199951171875,2374.300048828125,2382.0,56136,0.0018084909435296392,-0.004097352884045002,0.002019619517695751,0.55,0.55,0,2389.650426694504,2387.063820121738,39.65511596690535,-1.5505884915496608,1.3948156540070187,2392.055205857594,0.002019619517695751,0,TCS,5m,2026-03-23 06:05:00
2382.300048828125,2383.199951171875,2375.800048828125,2377.5,21564,-0.0018891687657430767,-0.008879459894346131,0.001910965152605735,0.5,0.5,0,2388.4932431997895,2386.6887683522577,33.94495412844036,-2.274048117451457,0.6610428997153235,2391.89675351081,0.001910965152605735,0,TCS,5m,2026-03-23 06:10:00
2377.800048828125,2382.199951171875,2376.800048828125,2379.5,20011,0.0008412197686644696,-0.008128386827844891,0.0019294002439074211,0.45,0.5,0,2387.6367438474285,2386.406855867856,25.0,-2.6554019768618673,-0.002246075600114694,2391.760405125301,0.0019294002439074211,0,TCS,5m,2026-03-23 06:15:00
2379.5,2386.10009765625,2377.60009765625,2384.0,27285,0.0018911536036982923,-0.007204451120786715,0.001974847632667567,0.45,0.5,0,2387.290387290531,2386.3124693632344,31.29758188510459,-2.5649481404811922,-0.5147864885763302,2391.624567019449,0.001974847632667567,0,TCS,5m,2026-03-23 06:20:00
2384.800048828125,2388.300048828125,2381.0,2385.699951171875,22003,0.0007130667667261115,-0.007405886760193492,0.0019684545208077946,0.45,0.5,0,2387.1389171839924,2386.2884490420047,35.77056504726016,-2.329240931424465,-0.8776773771459573,2391.5465653326296,0.0019684545208077946,0,TCS,5m,2026-03-23 06:25:00
2386.0,2388.10009765625,2382.5,2386.10009765625,17704,0.00016772707908163653,-0.005377199809816546,0.0019391362181423034,0.45,0.45,0,2387.039981990874,2386.2810627131516,37.298497250948756,-2.086105467667039,-1.1193629952501736,2391.4904437470277,0.0019391362181423034,0,TCS,5m,2026-03-23 06:30:00
2386.5,2392.10009765625,2385.199951171875,2389.699951171875,30816,0.0015086766557534936,-0.0012955941127501536,0.0018973117590142586,0.5,0.4,0,2387.2933123890643,2386.4151367703566,41.20972692071609,-1.5846736362095726,-1.2124251234420536,2391.4504137895647,0.0018973117590142586,0,TCS,5m,2026-03-23 06:35:00
2388.800048828125,2390.0,2386.0,2386.89990234375,14627,-0.00117171564854901,-0.00338208670407103,0.0018979363364693023,0.45,0.4,0,2387.255844765701,2386.434147185,42.16620545706972,-1.3971206988644553,-1.249364238526534,2391.4215122087453,0.0018979363364693023,0,TCS,5m,2026-03-23 06:40:00
2386.5,2387.0,2382.5,2384.89990234375,23581,-0.0008379069428241515,-0.007738755005720854,0.001687632857344436,0.4,0.45,0,2387.0314692969437,2386.3739807206375,35.81470747163138,-1.3938000704733895,-1.2782514049159053,2391.34166059348,0.001687632857344436,0,TCS,5m,2026-03-23 06:45:00
2385.10009765625,2387.5,2381.699951171875,2381.800048828125,53765,-0.0012997834888494042,-0.009069748686306944,0.001696333780197983,0.4,0.5,0,2386.5332387761036,2386.1946108425,40.18054460983957,-1.6225964389864203,-1.3471204117300082,2391.1362797538445,0.001696333780197983,0,TCS,5m,2026-03-23 06:50:00
2382.89990234375,2388.39990234375,2380.199951171875,2388.0,25576,0.0026030527520248814,-0.005041497089253055,0.0018092091452038721,0.4,0.55,0,2386.672930321237,2386.265410417304,46.24748057504791,-1.2887787260874575,-1.335452074601498,2391.0658523617562,0.0018092091452038721,0,TCS,5m,2026-03-23 06:55:00
2388.0,2391.39990234375,2386.699951171875,2391.199951171875,23523,0.0013400130535490273,-0.0031266936893611375,0.0018414507760517677,0.45,0.5,0,2387.104075164155,2386.4589218194437,61.03285039658888,-0.7572869347372944,-1.2198190466286574,2391.051003864155,0.0018414507760517677,0,TCS,5m,2026-03-23 07:00:00
2391.0,2395.39990234375,2390.300048828125,2393.699951171875,30815,0.0010455001886291448,-0.0022092742093059448,0.00186022337969807,0.5,0.45,0,2387.7322538315566,2386.742883754833,69.68213699447844,-0.13281573712993122,-1.002418384728912,2391.081718677885,0.00186022337969807,0,TCS,5m,2026-03-23 07:05:00
2394.300048828125,2395.0,2390.800048828125,2393.0,45213,-0.0002924139140882964,-0.0008350730688935215,0.0018246648756006173,0.5,0.4,0,2388.233943942837,2386.988260862487,68.43390221375078,0.302119332608072,-0.7415108412615153,2391.1209435810647,0.0018246648756006173,0,TCS,5m,2026-03-23 07:10:00
2393.0,2396.39990234375,2390.199951171875,2395.800048828125,40847,0.0011700998028103538,-0.0013338687669340876,0.0018032965180713896,0.5,0.45,0,2388.9545253604833,2387.333821174865,67.25016632181593,0.8628031902576367,-0.420648034957685,2391.177512466486,0.0018032965180713896,0,TCS,5m,2026-03-23 07:15:00
2395.699951171875,2397.0,2389.800048828125,2390.800048828125,62853,-0.0020869855155256634,0.00012551718390496625,0.0016807136291953225,0.5,0.45,0,2389.1302895002586,2387.4697516710717,66.41991234997317,0.8933925010628627,-0.15783992775357544,2391.2155908305535,0.0016807136291953225,0,TCS,5m,2026-03-23 07:20:00
2390.800048828125,2390.800048828125,2386.5,2388.89990234375,40725,-0.0007947743205486413,-0.00117073583028382,0.00168564440876271,0.5,0.45,0,2389.1083478663054,2387.525836011177,61.63357062570251,0.7555987372588788,0.024847805248915417,2391.1712280791508,0.00168564440876271,0,TCS,5m,2026-03-23 07:25:00
2388.699951171875,2390.699951171875,2386.0,2386.89990234375,23137,-0.0008372054425711539,0.002141176173933834,0.001402752237129948,0.5,0.45,0,2388.8980197213,2387.5012895928467,53.82573854339788,0.47948568883975895,0.11577538196708413,2391.1380120563376,0.001402752237129948,0,TCS,5m,2026-03-23 07:30:00
2386.89990234375,2390.0,2385.60009765625,2388.39990234375,18982,0.0006284302071180026,0.004542313359654493,0.0013351517598474306,0.5,0.45,0,2388.8505799710574,2387.5365293085683,53.58084173579677,0.3773516971855315,0.16809064501077361,2391.112346525383,0.0013351517598474306,0,TCS,5m,2026-03-23 07:35:00
2388.5,2389.199951171875,2386.60009765625,2388.699951171875,17610,0.00012562754998879377,0.004626319647514254,0.0013346711751627042,0.5,0.45,0,2388.836234371135,2387.582153695365,53.45726548448467,0.31696740286588465,0.19786599658179582,2391.0901637593565,0.0013346711751627042,0,TCS,5m,2026-03-23 07:40:00
2389.60009765625,2392.0,2385.5,2386.699951171875,42979,-0.000837275522620029,0.0019731113232053232,0.0013008457527495167,0.5,0.45,0,2388.6327788283484,2387.5475575179735,45.833333333333336,0.10650144688497676,0.179593086642432,2391.0355968360204,0.0013008457527495167,0,TCS,5m,2026-03-23 07:45:00
2387.300048828125,2392.39990234375,2386.5,2389.800048828125,22531,0.0012989054844232406,0.005173522114878981,0.0012381697373081938,0.55,0.45,0,2388.7439473997556,2387.6358905105285,53.99468675387564,0.18769401296094657,0.18121327190613493,2391.0218292401555,0.0012381697373081938,0,TCS,5m,2026-03-23 07:50:00
2389.800048828125,2391.89990234375,2386.0,2387.199951171875,29698,-0.0010879979927713723,0.003235953423776028,0.0012652577486888695,0.55,0.5,0,2388.5969001399576,2387.6187948501893,53.116584955968854,0.0417522615193775,0.15332106982878344,2390.9894276973764,0.0012652577486888695,0,TCS,5m,2026-03-23 07:55:00
2387.199951171875,2393.5,2387.199951171875,2388.5,23407,0.0005445915108563959,0.0018875838926173394,0.0012026996596616452,0.55,0.5,0,2388.5876715551994,2387.6533519148875,59.54399705086562,0.03064222304328723,0.1287853004716842,2390.977461506024,0.0012026996596616452,0,TCS,5m,2026-03-23 08:00:00
2389.0,2393.0,2388.5,2392.10009765625,22999,0.0015072629919405944,0.002682712250227093,0.0012368086055669634,0.5,0.5,0,2388.922188326728,2387.8277341008234,56.307747780231665,0.3087758552433115,0.16478341142600966,2390.9795255249783,0.0012368086055669634,0,TCS,5m,2026-03-23 08:05:00
2392.0,2393.60009765625,2388.0,2391.699951171875,24419,-0.00016727831948459837,0.0023468644593431787,0.0012386048592578863,0.55,0.55,0,2389.186737169123,2387.9795857506683,50.84173146793365,0.49124749020438685,0.2300762271816851,2390.9807003209753,0.0012386048592578863,0,TCS,5m,2026-03-23 08:10:00
2391.0,2393.60009765625,2390.5,2392.800048828125,28036,0.0004599647442025123,0.001297274854414221,0.0011981684052156884,0.5,0.55,0,2389.530862089028,2388.168623518412,48.41011042097998,0.7163684133624884,0.32733466441784576,2390.995306002951,0.0011981684052156884,0,TCS,5m,2026-03-23 08:15:00
2393.39990234375,2397.10009765625,2392.89990234375,2394.89990234375,40917,0.0008775716619753293,0.003351627771296384,0.0011741805459103648,0.55,0.55,0,2390.042199256144,2388.4325952370527,53.19841517747054,1.0520911445660204,0.4722859604474807,2391.0584489967873,0.0011741805459103648,0,TCS,5m,2026-03-23 08:20:00
2394.89990234375,2397.0,2392.0,2394.5,33066,-0.00016698081759436434,0.0040253671220396026,0.0011533291803741401,0.55,0.55,0,2390.4667517079397,2388.670532678737,47.6190050347424,1.2712310900865305,0.6320749863752908,2391.102108300911,0.0011533291803741401,0,TCS,5m,2026-03-23 08:25:00
2394.10009765625,2399.199951171875,2392.699951171875,2398.199951171875,42340,0.0015451873760179424,0.006885507602461871,0.001133695728826818,0.55,0.5,0,2391.203246894981,2389.0442353647422,64.23031418430392,1.7235877666403212,0.8503775424282969,2391.1915859406836,0.001133695728826818,0,TCS,5m,2026-03-23 08:30:00
2399.0,2399.800048828125,2392.60009765625,2397.60009765625,55050,-0.0002501265648562345,0.004020141397089505,0.001006854070050663,0.55,0.5,0,2391.8124707770066,2389.379759376174,67.61159214011782,2.0105046798835247,1.0824029699193425,2391.3030574806403,0.001006854070050663,0,TCS,5m,2026-03-23 08:35:00
2396.800048828125,2397.0,2392.699951171875,2392.699951171875,33086,-0.0020437713900517407,0.0006273001131773537,0.0010865496164706042,0.5,0.5,0,2391.896992719375,2389.5099629760057,60.50720471291718,1.8214905227891904,1.2302204804933121,2391.3372708446364,0.0010865496164706042,0,TCS,5m,2026-03-23 08:40:00
2392.5,2398.5,2392.10009765625,2397.199951171875,37619,0.0018807205633100121,0.0014621715634353105,0.0011421829534863223,0.5,0.55,0,2392.4020363815175,2389.81153114055,64.37900414077023,2.011619140190305,1.3865002124327108,2391.3995860252408,0.0011421829534863223,0,TCS,5m,2026-03-23 08:45:00
2397.5,2399.5,2394.800048828125,2396.89990234375,34788,-0.00012516637503612316,0.0016297126384245963,0.001139971685397844,0.55,0.55,0,2392.830404568397,2390.0895064818524,63.39846336734776,2.1137203539710754,1.5319442407403838,2391.4697598939347,0.001139971685397844,0,TCS,5m,2026-03-23 08:50:00
2395.699951171875,2401.0,2392.199951171875,2399.199951171875,62143,0.000959593191971031,0.0014191093891215978,0.001130327927207952,0.55,0.55,0,2393.4370280544426,2390.4467788226375,70.22628152455597,2.3531058797866535,1.6961765685496377,2391.599538526085,0.001130327927207952,0,TCS,5m,2026-03-23 08:55:00
2399.800048828125,2401.800048828125,2392.39990234375,2395.800048828125,49847,-0.001417098371517267,0.002091350132961134,0.0010713884636322146,0.55,0.5,0,2393.662077651936,2390.6567109797156,59.61532442329963,2.242625339772985,1.8054663227943073,2391.685998024666,0.0010713884636322146,0,TCS,5m,2026-03-23 09:00:00
2395.60009765625,2399.89990234375,2394.10009765625,2398.10009765625,52298,0.0009600337178596874,0.0038512267941714917,0.0010656621665918445,0.55,0.45,0,2394.0847462237757,2390.948608496443,67.63769386965006,2.3139892067947585,1.9071708995943977,2391.785904339721,0.0010656621665918445,0,TCS,5m,2026-03-23 09:05:00
2397.60009765625,2398.39990234375,2393.0,2396.699951171875,50238,-0.0005838565645126526,0.004105764476550533,0.0010542191365958324,0.55,0.45,0,2394.3338133616903,2391.17415134646,63.22562353812108,2.231838224006424,1.972104364476803,2391.8564684077014,0.0010542191365958324,0,TCS,5m,2026-03-23 09:10:00
2396.699951171875,2397.5,2395.0,2396.10009765625,35497,-0.0002502831092109359,0.0032239974993064635,0.0010539723624754397,0.55,0.4,0,2394.5020309135534,2391.3673257115497,57.14285714285714,2.0941893020681164,1.996521351995066,2391.9068648223197,0.0010539723624754397,0,TCS,5m,2026-03-23 09:15:00
2396.300048828125,2402.60009765625,2396.199951171875,2398.0,59686,0.0007929144302478708,0.003893351621480301,0.0010632981446295827,0.6,0.4,0,2394.835170826548,2391.627430585607,60.67813723299484,2.1140384612808703,2.020024773852227,2392.0413211626105,0.0010632981446295827,0,TCS,5m,2026-03-23 09:20:00
2398.0,2398.60009765625,2394.60009765625,2397.800048828125,41938,-8.338247367600804e-05,0.00465081404589629,0.0010378412605013992,0.55,0.4,0,2395.1175401600317,2391.8694940460978,58.741378132896266,2.0895476696164224,2.033929353005066,2392.107109832663,0.0010378412605013992,0,TCS,5m,2026-03-23 09:25:00
2397.800048828125,2397.800048828125,2383.199951171875,2383.199951171875,94444,-0.006088955442045907,-0.002761778191228359,0.0017253576701829522,0.5,0.45,0,2393.9825316849688,2391.5295119725993,35.7664320294633,0.8818670634591399,1.8035168950958809,2391.989893042171,0.0017253576701829522,0,TCS,5m,2026-03-23 09:30:00
2383.5,2387.199951171875,2381.199951171875,2385.39990234375,82067,0.000923108097074854,-0.0007540419172853419,0.0017256110359328619,0.5,0.45,0,2393.1651384143765,2391.2891351244093,39.39380143183965,0.10112346763480673,1.4630382096036663,2391.8081813443964,0.0017256110359328619,0,TCS,5m,2026-03-23 09:35:00
2385.10009765625,2387.5,2383.0,2383.199951171875,66648,-0.0009222567543972771,-0.0022189863211743432,0.0017307869353744574,0.5,0.45,0,2392.2160729627094,2390.97191222431,31.8840152381851,-0.6872173173646843,1.032987104209996,2391.6664053088125,0.0017307869353744574,0,TCS,5m,2026-03-23 09:40:00
2383.10009765625,2384.0,2380.199951171875,2381.0,76732,-0.000923108097074743,-0.004640314871073192,0.001696263151748599,0.5,0.5,0,2391.1478755376893,2390.5808568429647,30.69756086482559,-1.4725263755353808,0.5318844082609206,2391.447444873907,0.001696263151748599,0,TCS,5m,2026-03-23 09:45:00
2380.5,2384.0,2379.0,2382.199951171875,91554,0.0005039694127992878,-0.003972070156770813,0.0017042156499287346,0.45,0.5,0,2390.2956922647545,2390.252193875471,36.64115498347539,-1.9752934771945547,0.030448831169825552,2391.198495541433,0.0017042156499287346,0,TCS,5m,2026-03-23 09:50:00
2381.0,2383.800048828125,2377.0,2383.800048828125,73683,0.0006716890643301276,-0.0037612837748008943,0.0017091656588380446,0.45,0.55,0,2389.677059556504,2389.9991685794967,31.593491354447522,-2.219045741218906,-0.41945008330792083,2391.0031792150667,0.0017091656588380446,0,TCS,5m,2026-03-23 09:55:00
2393.800048828125,2397.0,2387.10009765625,2396.5,69764,0.0010442773600667365,0.0008352474420547651,0.0019837001824223794,0.45,0.55,0,2390.699361677773,2390.404845736014,47.09681145419321,-0.8460451091391405,-0.6890266988473099,2393.5333658854165,0.0019837001824223794,0,TCS,5m,2026-03-24 03:50:00
2397.0,2398.39990234375,2392.0,2395.10009765625,38606,-0.0005841445206551388,-0.0012925750891247256,0.001955813630633164,0.45,0.55,0,2391.1184793900093,2390.5889732622977,49.21353369433427,-0.3800449651598683,-0.6272303521098217,2394.1152170431255,0.001955813630633164,0,TCS,5m,2026-03-24 03:55:00
2396.10009765625,2397.0,2391.10009765625,2391.10009765625,36567,-0.0016700763379009498,-0.0027110442672879653,0.0019884697354035736,0.4,0.55,0,2391.1167287486987,2390.6090173561784,42.424194383673125,-0.3297024595899529,-0.5677247736058479,2393.8506885862657,0.0019884697354035736,0,TCS,5m,2026-03-24 04:00:00
2391.60009765625,2393.800048828125,2387.199951171875,2389.199951171875,46714,-0.0007946745877503991,-0.0014627826603522687,0.001944453578129245,0.4,0.6,0,2390.934178503287,2390.553759858755,41.969971037525745,-0.4380816695397698,-0.5417961527926324,2392.928347663071,0.001944453578129245,0,TCS,5m,2026-03-24 04:05:00
2390.0,2391.0,2386.199951171875,2388.10009765625,32865,-0.0004603438548897998,-0.003796034415559091,0.0018904692647602492,0.35,0.6,0,2390.664266041664,2390.457537811598,41.5253711270884,-0.6057393746555135,-0.5545847971652086,2392.2703628823215,0.0018904692647602492,0,TCS,5m,2026-03-24 04:10:00
2388.800048828125,2389.800048828125,2382.800048828125,2385.89990234375,49243,-0.0009213162022225774,-0.0045892613159372875,0.0018974360833810128,0.3,0.65,0,2390.2105171180533,2390.2788070089373,37.26305509868421,-0.9057062696929279,-0.6248090916707525,2391.1724471507932,0.0018974360833810128,0,TCS,5m,2026-03-24 04:15:00
2386.39990234375,2390.5,2384.800048828125,2388.0,23238,0.0008802119712512102,-0.004668202484084061,0.0018949019021087517,0.3,0.6,0,2389.999991678239,2390.1894420281947,40.08095165140381,-0.9628724710646566,-0.6924217675495333,2390.905969211058,0.0018949019021087517,0,TCS,5m,2026-03-24 04:20:00
2388.199951171875,2390.5,2386.10009765625,2387.39990234375,17587,-0.00025129717598404433,-0.003506196808236939,0.0018743544468623208,0.25,0.6,0,2389.7523641225735,2390.0800483150792,55.93210987661983,-1.044558937925558,-0.7628492016247383,2390.743509325893,0.0018743544468623208,0,TCS,5m,2026-03-24 04:25:00
2387.39990234375,2387.60009765625,2379.89990234375,2383.60009765625,40881,-0.0015916079596759447,-0.006046453196082768,0.0018799394325688355,0.25,0.65,0,2389.166433982924,2389.8259326029684,47.56783150337838,-1.3997728236372495,-0.8902339260272407,2389.9334594644715,0.0018799394325688355,0,TCS,5m,2026-03-24 04:30:00
2383.0,2385.0,2382.39990234375,2384.300048828125,18265,0.00029365293807592785,-0.0051737399742871615,0.0018832401745303607,0.25,0.6,0,2388.702968730086,2389.6092312784644,51.549433318661976,-1.6062859132775884,-1.0334443234773103,2389.6385903493338,0.0018832401745303607,0,TCS,5m,2026-03-24 04:35:00
2384.300048828125,2387.199951171875,2383.5,2384.800048828125,19991,0.00020970515025808822,-0.004716017014138152,0.0018861413363412088,0.3,0.6,0,2388.3312620727565,2389.420635888255,55.62136588536965,-1.7098926255225706,-1.1687339838863624,2389.4115305116816,0.0018861413363412088,0,TCS,5m,2026-03-24 04:40:00
2384.39990234375,2389.60009765625,2382.60009765625,2387.800048828125,23511,0.001257967099369317,-0.004253524258496677,0.0019022735229747634,0.3,0.65,0,2388.2806703351725,2389.357083454525,57.8652841213019,-1.5322637804092665,-1.2414399431909433,2389.256862172412,0.0019022735229747634,0,TCS,5m,2026-03-24 04:45:00
2387.0,2394.60009765625,2387.0,2393.10009765625,38589,0.0022196367868934086,-0.001960109715642089,0.0019786031578437817,0.35,0.6,0,2388.73966341337,2389.5038683251805,61.832108490243705,-0.9528382683997734,-1.1837196082327095,2389.452411648925,0.0019786031578437817,0,TCS,5m,2026-03-24 04:50:00
2394.300048828125,2394.39990234375,2390.5,2393.0,22723,-4.182760944604347e-05,0.0041121387331792825,0.0013887596414069157,0.35,0.55,0,2389.145409754954,2389.6409715281147,48.28768268619779,-0.4959988538662401,-1.0461754573594155,2389.6034517701128,0.0013887596414069157,0,TCS,5m,2026-03-24 04:55:00
2393.5,2393.5,2385.0,2385.10009765625,30002,-0.003301254635917239,-0.0001256831976916839,0.0015818005668977726,0.35,0.55,0,2388.76014193603,2389.462898042944,33.52619917867375,-0.7626154670087999,-0.9894634592892925,2389.5009909306887,0.0015818005668977726,0,TCS,5m,2026-03-24 05:00:00
2384.60009765625,2385.300048828125,2381.199951171875,2381.39990234375,25618,-0.0015513794645918288,-0.0007553075130098952,0.001607053294873907,0.3,0.6,0,2388.059166736765,2389.1467021331714,31.436246228761973,-1.2579846279663798,-1.04316769302471,2389.1716230095103,0.001607053294873907,0,TCS,5m,2026-03-24 05:05:00
2381.60009765625,2386.300048828125,2381.39990234375,2383.800048828125,23415,0.001007872084824113,0.0011759969878728516,0.001608991101299841,0.35,0.55,0,2387.653536459751,2388.937029454542,39.660144822291834,-1.440293685484903,-1.1225928915167487,2388.9474466098113,0.001608991101299841,0,TCS,5m,2026-03-24 05:10:00
2384.0,2388.699951171875,2382.39990234375,2386.10009765625,17946,0.0009648665076820162,0.001637203662294029,0.0016189543699926057,0.4,0.5,0,2387.5055899070367,2388.825777227158,45.658521907419185,-1.383235135308496,-1.1747213402750982,2388.84722373687,0.0016189543699926057,0,TCS,5m,2026-03-24 05:15:00
2386.199951171875,2387.199951171875,2384.199951171875,2385.300048828125,14184,-0.0003352955850053352,0.0006292474071964982,0.0016153384799224484,0.4,0.45,0,2387.2955383757117,2388.6875133683725,46.04519968827801,-1.3865893385782329,-1.2170949399357252,2388.768317611403,0.0016153384799224484,0,TCS,5m,2026-03-24 05:20:00
2384.699951171875,2386.89990234375,2384.199951171875,2385.199951171875,21578,-4.19643877922482e-05,-0.0036758767034774653,0.0012694628977551348,0.35,0.45,0,2387.095958642013,2388.550746223412,48.94903921583003,-1.3814006859283836,-1.249956089134257,2388.650592720198,0.0012694628977551348,0,TCS,5m,2026-03-24 05:25:00
2385.199951171875,2389.800048828125,2385.199951171875,2387.699951171875,26333,0.0010481301572942137,-0.0036720420730753656,0.0012696592709994852,0.4,0.4,0,2387.1534817400952,2388.517381711587,49.5548295022349,-1.1621628448392585,-1.2323974402752573,2388.6058271021734,0.0012696592709994852,0,TCS,5m,2026-03-24 05:30:00
2388.0,2392.199951171875,2386.199951171875,2392.10009765625,20968,0.0018428389556297553,-0.0012525572534257678,0.0013431701446937944,0.4,0.4,0,2387.624588017824,2388.6578803760835,56.26684548378277,-0.6261424481399445,-1.1111464418481949,2388.6555208165873,0.0013431701446937944,0,TCS,5m,2026-03-24 05:35:00
2391.60009765625,2396.699951171875,2391.60009765625,2396.39990234375,44561,0.0017975019907039425,0.0022164712772563266,0.0013484360336656614,0.45,0.35,0,2388.460332239341,2388.961489080698,66.84163186636684,0.14395644113346862,-0.8601258652518622,2389.0512541698527,0.0013484360336656614,0,TCS,5m,2026-03-24 05:40:00
2397.10009765625,2404.39990234375,2397.10009765625,2404.0,62354,0.00317146468284224,0.006194562669761483,0.0014921279292209044,0.5,0.3,0,2389.9403005974987,2389.5512346069454,71.93727468966304,1.35194533902677,-0.41771162439613585,2390.09241764558,0.0014921279292209044,1,TCS,5m,2026-03-24 05:45:00
2403.89990234375,2411.0,2403.199951171875,2408.39990234375,79418,0.0018302422394966822,0.008500399421038862,0.0015175880367472034,0.55,0.25,0,2391.6983579066655,2390.2903980476044,74.17991165008229,2.633957963498233,0.19262229318273788,2391.731764713836,0.0015175880367472034,1,TCS,5m,2026-03-24 05:50:00
2408.199951171875,2422.800048828125,2405.800048828125,2420.39990234375,88864,0.004982561238406458,0.01445995281114243,0.0017915209910339639,0.6,0.2,0,2394.431838329245,2391.471162921963,78.20030327221427,4.565632151178306,1.0672242647818515,2394.072982225151,0.0017915209910339639,1,TCS,5m,2026-03-24 05:55:00
2421.10009765625,2429.0,2418.199951171875,2426.800048828125,74578,0.002644251670220976,0.016247926644943567,0.0018425424854211475,0.6,0.2,1,2397.514525043424,2392.8566094280873,78.60746009442212,6.537575098670459,2.1612944315595732,2396.335675122728,0.0018425424854211475,1,TCS,5m,2026-03-24 06:00:00
2425.89990234375,2430.800048828125,2425.39990234375,2428.60009765625,60272,0.0007417375935006021,0.017257349835715807,0.0018258041989978675,0.65,0.2,1,2400.475055768455,2394.2583148487997,79.37273386511964,8.151636002810847,3.359362745809828,2398.1366134256336,0.0018258041989978675,1,TCS,5m,2026-03-24 06:05:00
2428.5,2428.89990234375,2423.10009765625,2423.800048828125,34276,-0.0019764673619001583,0.01686522467061602,0.001854772779420036,0.65,0.2,1,2402.6964836788998,2395.416814220538,83.65170280609537,8.940407619448706,4.475571720537604,2398.979755132233,0.001854772779420036,1,TCS,5m,2026-03-24 06:10:00
2424.0,2426.89990234375,2420.0,2424.800048828125,39974,0.00041257528667992815,0.016986117170909587,0.0018531250151713758,0.65,0.25,1,2404.801585121683,2396.5690979306396,89.59828568628237,9.536278172433413,5.487713010916766,2399.85137495201,0.0018531250151713758,1,TCS,5m,2026-03-24 06:15:00
2424.800048828125,2428.199951171875,2424.300048828125,2425.39990234375,20248,0.00024738267219803767,0.01702442665395587,0.0018524651214804424,0.65,0.25,1,2406.7633296190224,2397.699717711546,89.24496404700376,9.942304348554444,6.378631278444303,2400.3059934414896,0.0018524651214804424,1,TCS,5m,2026-03-24 06:20:00
2425.10009765625,2432.89990234375,2425.0,2432.89990234375,35753,0.003092273563939818,0.018887617301858617,0.0019181755785841349,0.65,0.2,1,2409.2525270213773,2399.080117108887,90.205882846452,10.745404009634058,7.251985824682254,2401.1994742412908,0.0019181755785841349,1,TCS,5m,2026-03-24 06:25:00
2432.89990234375,2435.300048828125,2430.199951171875,2430.300048828125,45917,-0.0010686232972924037,0.015544669948535761,0.0019432781438817389,0.65,0.2,1,2411.2570529077343,2400.3044281567004,87.5,11.044762677215203,8.010541195188845,2402.333153510441,0.0019432781438817389,0,TCS,5m,2026-03-24 06:30:00
2430.800048828125,2431.0,2423.800048828125,2425.5,35222,-0.0019750848585299297,0.01358127872962811,0.002032016789475734,0.65,0.25,1,2412.6135240593785,2401.292489797614,81.14380157804771,10.770526824475837,8.562538321046244,2403.005482389692,0.002032016789475734,1,TCS,5m,2026-03-24 06:35:00
2425.10009765625,2429.89990234375,2422.60009765625,2424.300048828125,31193,-0.0004947232207276331,0.016435348441097064,0.001829684109585852,0.65,0.25,1,2413.726526418307,2402.194747014497,78.86447478878338,10.337206027855245,8.917471862408044,2403.542991252076,0.001829684109585852,1,TCS,5m,2026-03-24 06:40:00
2424.10009765625,2425.89990234375,2422.0,2422.800048828125,35219,-0.0006187352925745015,0.017384793895233397,0.001777279754585006,0.65,0.25,0,2414.590671409718,2403.0027980660116,75.37196285819206,9.760248639872316,9.086027217900899,2404.0667537832605,0.001777279754585006,1,TCS,5m,2026-03-24 06:45:00
2423.0,2431.0,2422.300048828125,2431.0,36076,0.003384493563899804,0.019800297929802646,0.0018647311843242348,0.65,0.25,1,2416.153464608793,2404.100727553619,76.8634705931413,9.851115752572241,9.239044924835168,2404.6938900038163,0.0018647311843242348,1,TCS,5m,2026-03-24 06:50:00
2431.199951171875,2435.10009765625,2421.5,2424.0,67142,-0.002879473467708782,0.01588361795088855,0.0020550654416453752,0.65,0.3,1,2416.9007536936697,2404.8810911789674,65.67402917451133,9.251639949102355,9.241563929688606,2405.720842455475,0.0020550654416453752,1,TCS,5m,2026-03-24 06:55:00
2423.800048828125,2426.10009765625,2422.0,2424.39990234375,26107,0.00016497621441824428,0.016392006336827247,0.0020436574792744976,0.65,0.3,1,2417.6149583270103,2405.646534754057,63.37797011513023,8.708434421679613,9.134938028086808,2406.0471587128945,0.0020436574792744976,1,TCS,5m,2026-03-24 07:00:00
2423.39990234375,2425.800048828125,2417.699951171875,2419.199951171875,40022,-0.0021448405301650597,0.014254570139201617,0.0021418200851617266,0.65,0.35,1,2417.765910026521,2406.1780412802464,48.86796537793604,7.768793707889017,8.86170916404725,2406.4393252502064,0.0021418200851617266,0,TCS,5m,2026-03-24 07:05:00
2419.0,2427.5,2418.0,2421.60009765625,36215,0.0009921240628383288,0.01419782517804924,0.0021413914723088685,0.65,0.35,1,2418.1310707531616,2406.7828278047955,44.69390093820222,7.1355393786539025,8.51647520696858,2406.8109813197466,0.0021413914723088685,0,TCS,5m,2026-03-24 07:10:00
2421.800048828125,2424.0,2419.10009765625,2419.5,24211,-0.0008672355350012317,0.011454329344577241,0.00215147695267194,0.6,0.35,1,2418.2614449671464,2407.2815404399016,40.770655468177395,6.390554101077214,8.091290985790309,2407.026880842052,0.00215147695267194,0,TCS,5m,2026-03-24 07:15:00
2419.5,2422.0,2418.199951171875,2419.699951171875,18861,8.264152588344231e-05,0.009722938481735444,0.002134160387163294,0.55,0.4,0,2418.398445558073,2407.768536939195,45.41373095199082,5.749999870521151,7.623032762736478,2407.1798876276266,0.002134160387163294,0,TCS,5m,2026-03-24 07:20:00
2419.699951171875,2421.800048828125,2417.0,2420.300048828125,22308,0.00024800498754373734,0.006780386367772451,0.0020385264449756827,0.5,0.45,0,2418.5795506314116,2408.2599687779766,44.920970835262224,5.23048511693105,7.144523233575392,2407.352574049903,0.0020385264449756827,0,TCS,5m,2026-03-24 07:25:00
2419.800048828125,2420.0,2414.10009765625,2414.300048828125,30070,-0.0024790314750046116,0.0024498200978306794,0.0020995364008567817,0.45,0.5,0,2418.1719790310985,2408.4968346622964,38.833134385546074,4.28521874170292,6.572662335200898,2407.512845414852,0.0020995364008567817,0,TCS,5m,2026-03-24 07:30:00
2413.39990234375,2415.0,2411.699951171875,2411.699951171875,37988,-0.0010769571319488858,-0.003594427170258374,0.0017734761921385234,0.4,0.55,0,2417.5555954254583,2408.622447074437,26.339365998005462,3.2883758285138356,5.915805033863486,2407.6320116558877,0.0017734761921385234,0,TCS,5m,2026-03-24 07:35:00
2412.0,2414.10009765625,2411.199951171875,2414.0,22085,0.000953704388892751,-0.005274455484829077,0.0016690697118233512,0.35,0.6,0,2417.2169672897003,2408.8333315028904,31.68543887465505,2.653378856281506,5.26331979834709,2407.7027345408846,0.0016690697118233512,0,TCS,5m,2026-03-24 07:40:00
2412.800048828125,2415.0,2411.0,2415.0,18226,0.00041425020712515526,-0.005599974104166017,0.0016602765616059202,0.35,0.65,0,2417.005827547824,2409.0751616400316,37.10079900184754,2.205408250045366,4.651737488686745,2407.7657209252957,0.0016602765616059202,0,TCS,5m,2026-03-24 07:45:00
2414.5,2419.0,2413.699951171875,2416.39990234375,20323,0.0005796697075568513,-0.003053117557264229,0.0016206773903062776,0.4,0.6,0,2416.948120385531,2409.362406373511,40.342153802073696,1.9409743922383313,4.109584869397063,2407.865829127063,0.0016206773903062776,0,TCS,5m,2026-03-24 07:50:00
2416.60009765625,2421.800048828125,2416.0,2420.89990234375,21250,0.0018622745331331458,-0.0016084404511044204,0.0016786227528941514,0.45,0.55,0,2417.3244805720283,2409.814857195873,47.83583127102856,2.0706518609963496,3.70179826771692,2408.0065180295605,0.0016786227528941514,0,TCS,5m,2026-03-24 07:55:00
2420.300048828125,2424.300048828125,2419.300048828125,2422.5,24372,0.0006609515968425406,-0.0011956388474113622,0.001685390531993148,0.45,0.55,0,2417.817387184216,2410.3123137764273,38.60598761634224,2.276296963103505,3.4166980067942374,2408.1973221103613,0.001685390531993148,0,TCS,5m,2026-03-24 08:00:00
2422.0,2423.800048828125,2417.300048828125,2421.199951171875,19424,-0.0005366558630031104,-0.004809055711911481,0.0015150703569501197,0.4,0.6,0,2418.1395361354216,2410.739279948798,45.56959091435855,2.3077666156373198,3.194911728562854,2408.3321269102767,0.0015150703569501197,0,TCS,5m,2026-03-24 08:05:00
2421.199951171875,2425.0,2419.300048828125,2425.0,20678,0.0015694898830167503,-0.00218082077177284,0.0015534769852403806,0.4,0.6,0,2418.7929136463335,2411.2985238723745,50.85727040638383,2.6092607899158793,3.0777815408334592,2408.49883247302,0.0015534769852403806,0,TCS,5m,2026-03-24 08:10:00
2424.39990234375,2427.300048828125,2417.699951171875,2417.699951171875,43590,-0.0030103294136597514,-0.0032158519184188883,0.0016341170398576582,0.45,0.6,0,2418.6888219820994,2411.5495602370606,47.97846858466479,2.2333989311678124,2.90890501890033,2408.787075251451,0.0016341170398576582,0,TCS,5m,2026-03-24 08:15:00
2417.10009765625,2421.800048828125,2417.10009765625,2418.5,19593,0.0003309132002657922,-0.0023924632724108275,0.0016356380401767543,0.45,0.6,0,2418.670838936185,2411.822126502274,45.633725328381814,1.9772899861736732,2.722582012354999,2408.894050209096,0.0016356380401767543,0,TCS,5m,2026-03-24 08:20:00
2419.699951171875,2419.800048828125,2415.10009765625,2415.5,17783,-0.0012404382881952003,-0.003013062853311377,0.0016514765838795786,0.45,0.6,0,2418.3688542755963,2411.966356835518,44.50555346890594,1.5147853713074255,2.481022684145484,2408.9675525303173,0.0016514765838795786,0,TCS,5m,2026-03-24 08:25:00
2416.0,2419.89990234375,2414.60009765625,2417.39990234375,17353,0.0007865461990270717,-0.005594445765631395,0.0014485809272142022,0.45,0.65,0,2418.27657313923,2412.179437051527,46.98159029597781,1.2867208557845515,2.2421623184732975,2409.0424664452808,0.0014485809272142022,0,TCS,5m,2026-03-24 08:30:00
2417.699951171875,2419.699951171875,2414.300048828125,2415.89990234375,16439,-0.0006205013901695589,-0.003341624445647673,0.001317303614024789,0.4,0.65,0,2418.0502235396607,2412.325337651222,44.35882187235907,0.9737162256087686,1.9884730999003917,2409.106572444783,0.001317303614024789,0,TCS,5m,2026-03-24 08:35:00
2415.89990234375,2417.699951171875,2414.0,2416.699951171875,18367,0.0003311597584605419,-0.003176023544808393,0.001320025970414743,0.4,0.7,0,2417.9216261713004,2412.49689112262,53.550120624647874,0.7812097554856337,1.7470204310174402,2409.172254467133,0.001320025970414743,0,TCS,5m,2026-03-24 08:40:00
2416.699951171875,2419.199951171875,2414.699951171875,2415.39990234375,27893,-0.0005379438301782447,-0.0015707874110547637,0.00123916999662832,0.45,0.65,0,2417.681461997248,2412.6107346999192,55.692189812276055,0.5177753238804144,1.501171409590035,2409.273885406345,0.00123916999662832,0,TCS,5m,2026-03-24 08:45:00
2415.0,2417.199951171875,2404.699951171875,2406.60009765625,124816,-0.003643208182198432,-0.00619425148459396,0.0014449140266923326,0.4,0.7,0,2416.6260939647723,2412.3750234433046,40.51294571314102,-0.39649846881775375,1.1216374339084774,2409.2872129151397,0.0014449140266923326,0,TCS,5m,2026-03-24 08:50:00
2406.199951171875,2406.39990234375,2400.0,2401.39990234375,134798,-0.002160805743157912,-0.007480924842426129,0.00149912261263723,0.4,0.75,0,2415.175980477056,2411.94462653744,34.25921739720144,-1.5231217390933125,0.5926855993081194,2408.88700829033,0.00149912261263723,0,TCS,5m,2026-03-24 08:55:00
2401.39990234375,2402.60009765625,2398.5,2401.10009765625,134338,-0.00012484579815608132,-0.007686842952001949,0.0014965095763966004,0.4,0.75,0,2413.835420208408,2411.5193508950406,31.829252734252677,-2.4123623192053856,-0.008323984394581596,2408.428086008325,0.0014965095763966004,0,TCS,5m,2026-03-24 09:00:00
2401.199951171875,2401.89990234375,2396.0,2401.0,147864,-4.168824796091375e-05,-0.007974238085674434,0.0014914568972436797,0.4,0.75,0,2412.6129992361784,2411.106827330529,23.607693303976177,-3.0895544691452415,-0.6245700813447136,2407.91501994508,0.0014914568972436797,0,TCS,5m,2026-03-24 09:05:00
2400.5,2403.5,2397.0,2399.89990234375,30795,-0.0004581831138067427,-0.0059645223017597004,0.0014093280689253874,0.45,0.7,0,2411.4022281035664,2410.6673400761456,19.62368414144332,-3.6726665994356154,-1.234189384962894,2407.821609248973,0.0014093280689253874,0,TCS,5m,2026-03-24 09:10:00
2399.5,2403.89990234375,2399.5,2401.300048828125,24431,0.0005834187013415981,-0.004312270412700658,0.0014099387839813418,0.5,0.65,0,2410.4401157916195,2410.2999953213216,23.32473720726263,-3.975974485104416,-1.7825464049911985,2407.7626040537525,0.0014099387839813418,0,TCS,5m,2026-03-24 09:15:00
2400.60009765625,2402.0,2398.60009765625,2401.199951171875,25390,-4.168477666877113e-05,-0.005302422878262214,0.0013838357677560878,0.5,0.65,0,2409.5601001135483,2409.943130844873,14.583620946471271,-4.176283616140154,-2.2612938472209896,2407.6930663608496,0.0013838357677560878,0,TCS,5m,2026-03-24 09:20:00
2401.199951171875,2405.0,2401.0,2402.10009765625,45897,0.0003748736059800972,-0.005341574469461707,0.001382846349112751,0.5,0.6,0,2408.8496236890437,2409.6355609159073,21.324261980199793,-4.213821436674607,-2.6517993651117133,2407.6069509740264,0.001382846349112751,0,TCS,5m,2026-03-24 09:25:00
2401.0,2404.0,2397.199951171875,2401.800048828125,118453,-0.0001249110428069855,-0.0060419856421382034,0.0013690516639720666,0.45,0.65,0,2408.178235607051,2409.328285932073,18.727197915237966,-4.219146171967623,-2.965268726482895,2407.3253944293765,0.0013690516639720666,0,TCS,5m,2026-03-24 09:30:00
2401.699951171875,2401.699951171875,2398.199951171875,2399.60009765625,67746,-0.0009159593334792104,-0.008798300444755713,0.0012756472797728897,0.4,0.65,0,2407.361270087927,2408.946788352629,19.305670763894128,-4.350731215643464,-3.242361224315009,2407.1471378837036,0.0012756472797728897,0,TCS,5m,2026-03-24 09:35:00
2398.89990234375,2399.5,2395.5,2397.10009765625,120307,-0.0010418402643180835,-0.010484995807533593,0.001254885485710246,0.35,0.7,0,2406.384015570625,2408.4822122468886,11.699187441269132,-4.603674127746672,-3.5146238050013414,2406.750643678709,0.001254885485710246,0,TCS,5m,2026-03-24 09:40:00
2397.39990234375,2399.0,2394.10009765625,2399.0,111330,0.0007925836495554783,-0.009168987121914496,0.0012890339971172986,0.35,0.7,0,2405.68077599247,2408.1103607862265,18.587998257460242,-4.597826089833234,-3.7312642619677203,2406.4113380595304,0.0012890339971172986,0,TCS,5m,2026-03-24 09:45:00
2399.0,2399.89990234375,2397.199951171875,2399.39990234375,91831,0.00016669543299285827,-0.01055674130154638,0.0012084575395509372,0.35,0.7,0,2405.0825975497346,2407.7687741806394,17.358699157031637,-4.508946373563958,-3.886800684286968,2406.1918662385415,0.0012084575395509372,0,TCS,5m,2026-03-24 09:50:00
2399.300048828125,2403.199951171875,2398.800048828125,2398.800048828125,82569,-0.0002500014753852309,-0.0078173068310603,0.0010585828285726328,0.35,0.65,0,2404.484259576248,2407.4170594609327,17.829802132914452,-4.4357788264678675,-3.996596312723148,2406.0414882438686,0.0010585828285726328,0,TCS,5m,2026-03-24 09:55:00
2398.0,2402.800048828125,2395.0,2396.89990234375,89397,-0.0006254169700949941,-0.007700309524425575,0.0010299044422265103,0.4,0.6,0,2403.2376641599217,2406.664875138197,33.57687647016894,-4.370289025641796,-4.129451310294739,2398.2333170572915,0.0010299044422265103,0,TCS,5m,2026-03-25 03:50:00
2397.199951171875,2401.5,2395.10009765625,2398.10009765625,75127,0.0005007281744751069,-0.007983703759062877,0.001014649016331865,0.35,0.55,0,2402.748372111953,2406.3290015114544,39.726439703029904,-4.232942057521996,-4.15014945974019,2398.233354218137,0.001014649016331865,0,TCS,5m,2026-03-25 03:55:00
2398.199951171875,2399.89990234375,2395.60009765625,2396.300048828125,41357,-0.000750614551029094,-0.008112858275547974,0.0010165510998789839,0.35,0.5,0,2402.134246084922,2405.935709249363,35.58344691239684,-4.220689016850429,-4.164257371162238,2398.0391710543777,0.0010165510998789839,0,TCS,5m,2026-03-25 04:00:00
2396.699951171875,2399.89990234375,2394.300048828125,2396.89990234375,45328,0.00025032487727005837,-0.00819301081150925,0.0010136193853309211,0.35,0.5,0,2401.635737157191,2405.5813638805157,40.50650514540005,-4.115138473574916,-4.154433591644774,2397.857669493921,0.0010136193853309211,0,TCS,5m,2026-03-25 04:05:00
2396.89990234375,2399.300048828125,2390.800048828125,2396.89990234375,89463,0.0,-0.007659187193826078,0.0010171980250673353,0.3,0.55,0,2401.184705270197,2405.240914408486,34.721869013105476,-3.9855460140447576,-4.120656076124771,2397.2822958619977,0.0010171980250673353,0,TCS,5m,2026-03-25 04:10:00
2397.89990234375,2406.300048828125,2397.0,2406.300048828125,83289,0.003921793511353355,-0.00012467747691746744,0.0011404776065274116,0.35,0.5,0,2401.6718808471423,2405.282449091609,60.759611026412294,-3.0887248972662746,-3.914269840353072,2398.4448612186707,0.0011404776065274116,0,TCS,5m,2026-03-25 04:15:00
2406.5,2413.0,2404.89990234375,2409.300048828125,84545,0.0012467273154321834,0.003289808780563508,0.0010527172724794432,0.4,0.45,0,2402.3983730358073,2405.440002022453,63.95336733631727,-2.11157188671541,-3.55373024962554,2400.2108564390674,0.0010527172724794432,0,TCS,5m,2026-03-25 04:20:00
2409.199951171875,2416.300048828125,2408.0,2415.5,61032,0.0025733412386268473,0.005997210344460768,0.0011789702004773833,0.45,0.4,0,2403.6461470323975,2405.8345117470626,71.60878907603798,-0.8273496694482674,-3.0084541335900856,2401.6099258658137,0.0011789702004773833,0,TCS,5m,2026-03-25 04:25:00
2416.699951171875,2417.300048828125,2411.0,2411.60009765625,40148,-0.0016145321232664545,0.004414867828508973,0.001253067657427126,0.5,0.35,0,2404.403666139431,2406.0606131552663,67.96412438050962,-0.12286749622535353,-2.4313368061171396,2402.379723854763,0.001253067657427126,0,TCS,5m,2026-03-25 04:30:00
2411.0,2412.5,2408.0,2411.300048828125,36765,-0.00012441898157844467,0.004750259155909653,0.0012457470687288455,0.45,0.4,0,2405.0604644907353,2406.2660812208687,72.75636762001643,0.40654190671966717,-1.8637610635497783,2402.8472288178127,0.0012457470687288455,0,TCS,5m,2026-03-25 04:35:00
2411.5,2413.0,2410.300048828125,2413.0,26665,0.0007049936289351688,0.004872340371452122,0.0012478176469447122,0.45,0.4,0,2405.816610729713,2406.530156467109,72.58064516129032,0.9522970377606725,-1.300549443287688,2403.2137712526587,0.0012478176469447122,0,TCS,5m,2026-03-25 04:40:00
2413.0,2414.800048828125,2411.0,2411.199951171875,56723,-0.0007459796220991022,0.004164584459165788,0.0012661021868423123,0.5,0.35,0,2406.3293098194426,2406.713285671218,68.20986956620024,1.2254369400338874,-0.7953521666233732,2403.922542529477,0.0012661021868423123,0,TCS,5m,2026-03-25 04:45:00
2412.0,2418.199951171875,2411.199951171875,2417.0,46160,0.0024054615733157814,0.006202864884060411,0.0013582061658932384,0.5,0.35,0,2407.3455660271147,2407.116686233131,74.20184272551961,1.888152303431525,-0.2586512726123935,2404.609238346828,0.0013582061658932384,0,TCS,5m,2026-03-25 04:50:00
2417.199951171875,2419.89990234375,2413.89990234375,2415.10009765625,117926,-0.0007860580652668814,0.005537533748745771,0.0013772634720648851,0.55,0.3,0,2408.084092848937,2407.4297611909005,71.35569514342446,2.234297175498341,0.23993841700975338,2406.1514716661504,0.0013772634720648851,0,TCS,5m,2026-03-25 04:55:00
2415.5,2417.0,2415.0,2415.0,65826,-4.144658697469161e-05,0.006417695331314421,0.0013510262660235996,0.55,0.3,0,2408.7427506728477,2407.726633301061,74.00531019298018,2.472046226043858,0.6863599788165743,2406.804085965176,0.0013510262660235996,0,TCS,5m,2026-03-25 05:00:00
2415.10009765625,2416.5,2414.0,2415.800048828125,50523,0.00033128315864394686,0.0078010722998838045,0.0013124761662384277,0.55,0.3,0,2409.4148743066835,2408.0432378315345,73.72644504225002,2.6939669416660763,1.0878813713864748,2407.235628583412,0.0013124761662384277,0,TCS,5m,2026-03-25 05:05:00
2416.199951171875,2421.60009765625,2415.0,2421.10009765625,86207,0.002193910390346998,0.009212212445289802,0.001371221188265882,0.6,0.25,0,2410.527752720928,2408.555271550151,80.39218032875172,3.2599318881530053,1.5222914747397809,2408.1789114545345,0.001371221188265882,0,TCS,5m,2026-03-25 05:10:00
2420.89990234375,2421.0,2418.0,2419.39990234375,63741,-0.0007022408177778106,0.008335417526884159,0.0013945543778967357,0.55,0.25,0,2411.372719351673,2408.9805511891154,76.84939169346944,3.5305733809768753,1.9239478559871999,2408.799043403484,0.0013945543778967357,0,TCS,5m,2026-03-25 05:15:00
2419.0,2419.5,2416.300048828125,2418.800048828125,48506,-0.00024793483501583946,0.008337501914663648,0.0013945025035553675,0.5,0.3,0,2412.0800840637157,2409.3656295279,75.76473021179795,3.6545284196240573,2.2700639687145716,2409.1763031175324,0.0013945025035553675,0,TCS,5m,2026-03-25 05:20:00
2418.800048828125,2418.89990234375,2415.0,2416.89990234375,59494,-0.0007855740226628827,0.007713475964505223,0.0014148324772677895,0.45,0.3,0,2412.5391143761003,2409.661091206953,65.142542253472,3.558418506196631,2.5277348762109835,2409.5401927853914,0.0014148324772677895,0,TCS,5m,2026-03-25 05:25:00
2417.89990234375,2419.699951171875,2416.89990234375,2416.89990234375,92010,0.0,0.00834411148352232,0.0013981326112855663,0.5,0.3,0,2412.954427515877,2409.944966153494,61.87468052154143,3.442566938625987,2.7107012886939845,2410.101159130855,0.0013981326112855663,0,TCS,5m,2026-03-25 05:30:00
2416.800048828125,2420.89990234375,2416.60009765625,2419.89990234375,105513,0.001241259514757287,0.00909044818804916,0.0014102342689231268,0.55,0.35,0,2413.6159013090078,2410.335355808014,57.63864164250716,3.551884748208522,2.878937980596892,2410.751346142892,0.0014102342689231268,0,TCS,5m,2026-03-25 05:35:00
2419.10009765625,2420.89990234375,2418.89990234375,2419.800048828125,58624,-4.126349008415353e-05,0.009806785261091244,0.0013870865399284696,0.55,0.35,0,2414.2048677394,2410.706520240175,66.39974219001766,3.589089763037464,3.020968337085007,2411.1019001674663,0.0013870865399284696,0,TCS,5m,2026-03-25 05:40:00
2420.0,2420.5,2416.10009765625,2418.0,46489,-0.0007438832927525452,0.008803078357847882,0.001413650557801492,0.55,0.35,0,2414.5663089070763,2410.992539054286,62.641300842968356,3.433744044627929,3.1035234785935915,2411.3119669439848,0.001413650557801492,0,TCS,5m,2026-03-25 05:45:00
2418.0,2418.0,2415.0,2415.300048828125,75444,-0.0011166051165736324,0.0076766436789383885,0.001453402600909586,0.55,0.35,0,2414.636188899557,2411.1614610062015,54.18186983425218,3.057522729660377,3.094323328806949,2411.5313857345877,0.001453402600909586,0,TCS,5m,2026-03-25 05:50:00
2415.199951171875,2418.10009765625,2414.60009765625,2417.0,105571,0.0007038260826848219,0.004446640466589269,0.0011964893819020493,0.55,0.4,0,2414.861313766266,2411.390423319684,60.58397412479618,2.863527516776685,3.0481641664008965,2411.83482469186,0.0011964893819020493,0,TCS,5m,2026-03-25 05:55:00
2417.0,2418.0,2415.199951171875,2415.39990234375,41597,-0.0006620180621638161,0.002531794874860882,0.0011865802350370393,0.5,0.4,0,2414.9126079165026,2411.5476577912164,46.55154270320327,2.55126105528052,2.9487835441768215,2411.9360676266115,0.0011865802350370393,0,TCS,5m,2026-03-25 06:00:00
2416.300048828125,2416.60009765625,2413.199951171875,2414.800048828125,41353,-0.00024834542513763047,-0.00028977485898362687,0.001038984365899556,0.45,0.45,0,2414.9018880033236,2411.675202537762,49.31496159548733,2.229682082146155,2.8049632517706886,2412.002117816864,0.001038984365899556,0,TCS,5m,2026-03-25 06:05:00
2414.199951171875,2416.10009765625,2412.10009765625,2412.60009765625,77652,-0.0009110282952589088,0.00041466244796217744,0.0009928285487389261,0.4,0.5,0,2414.682669875031,2411.7114729345653,45.00020345052083,1.776828581425434,2.5993363177016375,2412.067000406434,0.0009928285487389261,0,TCS,5m,2026-03-25 06:10:00
2412.5,2415.0,2410.0,2414.800048828125,28847,0.0009118590246315339,0.0014514991619152262,0.0010116907025275676,0.4,0.5,0,2414.693848822945,2411.8325935578423,48.03148849458851,1.5772747517635253,2.3949240045140154,2412.084827043192,0.0010116907025275676,0,TCS,5m,2026-03-25 06:15:00
2414.800048828125,2416.0,2413.89990234375,2414.300048828125,24027,-0.00020705648082230965,0.000538768681361379,0.0010022156261856833,0.4,0.5,0,2414.656344061533,2411.929356509618,33.49490975028739,1.3630684777913302,2.1885528991694785,2412.1172056535906,0.0010022156261856833,0,TCS,5m,2026-03-25 06:20:00
2415.0,2415.60009765625,2412.199951171875,2412.89990234375,23880,-0.0005799388874860867,0.0007050228957781179,0.0009961412477518382,0.35,0.55,0,2414.4890638979346,2411.9674171305646,33.989993746091315,1.0680169085148918,1.9644457010385612,2412.1346057318724,0.0009961412477518382,0,TCS,5m,2026-03-25 06:25:00
2413.0,2415.0,2411.199951171875,2411.89990234375,32629,-0.0004144390735101311,-0.0021100941895945136,0.0008285361792276078,0.3,0.6,0,2414.2424770832504,2411.9647694918663,33.33294019130291,0.7449079364778299,1.720538148126415,2412.143729348052,0.0008285361792276078,0,TCS,5m,2026-03-25 06:30:00
2412.800048828125,2412.89990234375,2411.0,2411.699951171875,23747,-8.290193622073616e-05,-0.0014078697970633103,0.000812899262593547,0.25,0.65,0,2414.0003317583573,2411.9543844597097,36.31574213278851,0.4673203812972133,1.4698945947605748,2412.1405124185785,0.000812899262593547,0,TCS,5m,2026-03-25 06:35:00
2411.10009765625,2415.0,2410.199951171875,2412.39990234375,45882,0.0002902314492045921,-0.001076644992236031,0.0008168886440861219,0.3,0.7,0,2413.847909909347,2411.97185574928,38.57851034824638,0.30034822634661396,1.2359853210777827,2412.149128856968,0.0008168886440861219,0,TCS,5m,2026-03-25 06:40:00
2413.0,2415.800048828125,2410.60009765625,2414.800048828125,38690,0.000994920652269693,-0.0004139415430863824,0.0008462921670798067,0.35,0.65,0,2413.9385898063733,2412.0827652817843,36.64949573709304,0.35757149143455536,1.0603025551491372,2412.177903644261,0.0008462921670798067,0,TCS,5m,2026-03-25 06:45:00
2414.800048828125,2419.39990234375,2414.699951171875,2415.89990234375,71718,0.0004554635967308762,-0.0021478646494351716,0.0006797948276943164,0.35,0.65,0,2414.1253814765996,2412.232456931273,40.29807236818132,0.4860672474774219,0.9454554936147942,2412.3241046529442,0.0006797948276943164,0,TCS,5m,2026-03-25 06:50:00
2416.89990234375,2418.0,2413.300048828125,2414.800048828125,64415,-0.00045525624408448984,-0.001901237373436726,0.0006705990991824203,0.35,0.7,0,2414.1896355100785,2412.333146809581,41.75255785857213,0.4934637303385898,0.8550571409595533,2412.410583876421,0.0006705990991824203,0,TCS,5m,2026-03-25 06:55:00
2414.300048828125,2418.0,2414.199951171875,2415.800048828125,53452,0.0004141129616446193,-0.0012402844135270819,0.000678937420361762,0.35,0.65,0,2414.3430082070354,2412.469103751485,51.412452757317446,0.5734072570212447,0.7987271641718916,2412.493291270816,0.000678937420361762,0,TCS,5m,2026-03-25 07:00:00
2415.699951171875,2416.699951171875,2413.10009765625,2414.0,17971,-0.0007451149895448816,-0.0011998437920155425,0.0006767241397229306,0.35,0.65,0,2414.3103407587464,2412.5291388984856,41.572941241016075,0.48591287987574106,0.7361643073126616,2412.5094864287184,0.0006767241397229306,0,TCS,5m,2026-03-25 07:05:00
2414.0,2416.5,2413.10009765625,2416.0,31773,0.0008285004142503105,-0.00037233744884401787,0.0007053312529661707,0.3,0.65,0,2414.471260686485,2412.665251098545,51.648646473318486,0.5713698450194897,0.7032054148540272,2412.5455642955726,0.0007053312529661707,0,TCS,5m,2026-03-25 07:10:00
2416.0,2416.89990234375,2411.0,2412.199951171875,24692,-0.0015728678924358253,-0.0031819296180050083,0.0007213330044287555,0.3,0.65,0,2414.2549454946175,2412.6470040425975,43.92497775343966,0.32867417221859796,0.6282991663269414,2412.5540320388764,0.0007213330044287555,0,TCS,5m,2026-03-25 07:15:00
2412.199951171875,2413.0,2409.0,2409.0,20944,-0.001326569619703566,-0.00446319886362323,0.0007661465128082502,0.3,0.7,0,2413.75447449513,2412.503984276221,41.96403269754769,-0.12048434493635796,0.4785424640742816,2412.534774242155,0.0007661465128082502,0,TCS,5m,2026-03-25 07:20:00
2409.10009765625,2410.39990234375,2406.0,2407.199951171875,20533,-0.0007472182765151381,-0.004466521434294823,0.0007662661201801478,0.3,0.7,0,2413.13023417863,2412.295982978012,32.72705078125,-0.6146097638124957,0.2599120184969262,2412.495421185842,0.0007662661201801478,0,TCS,5m,2026-03-25 07:25:00
2407.89990234375,2410.60009765625,2407.199951171875,2410.0,22538,0.0011631974430548198,-0.0021943645596730343,0.0007954353770327116,0.35,0.65,0,2412.832116637808,2412.2059444298548,41.15218068379331,-0.7713752451463733,0.05365456576826627,2412.465818664611,0.0007954353770327116,0,TCS,5m,2026-03-25 07:30:00
2410.0,2411.89990234375,2409.0,2411.5,32974,0.0006224066390041472,-0.002275548200248223,0.0007912509302232472,0.35,0.6,0,2412.705248386588,2412.1782603345664,47.131336174981485,-0.7657484827136614,-0.11022604392811926,2412.4437690240097,0.0007912509302232472,0,TCS,5m,2026-03-25 07:35:00
2411.89990234375,2414.0,2410.699951171875,2411.800048828125,18882,0.00012442414601898655,-0.0014903757808932827,0.0007820504818674942,0.4,0.6,0,2412.6190389048297,2412.1634285107843,49.78933814061293,-0.7286780531203476,-0.23391644576656495,2412.4416845208702,0.0007820504818674942,0,TCS,5m,2026-03-25 07:40:00
2412.0,2415.0,2408.0,2408.39990234375,25750,-0.0014097961752786992,-0.0026503836156045457,0.0008368584751896036,0.45,0.6,0,2412.2172163752034,2412.0158392493317,43.86611364729586,-0.962567002441574,-0.3796465571015668,2412.421628851297,0.0008368584751896036,0,TCS,5m,2026-03-25 07:45:00
2408.39990234375,2410.0,2407.0,2409.0,24712,0.0002491686101075974,-0.001492206545024799,0.0008200844649163439,0.45,0.6,0,2411.91081481566,2411.8975710434756,43.65696795233844,-1.086972867622535,-0.5211118192057604,2412.3853892488446,0.0008200844649163439,0,TCS,5m,2026-03-25 07:50:00
2408.5,2409.89990234375,2408.10009765625,2408.699951171875,15264,-0.0001245532702884855,-0.0025261295067515732,0.0007865464037830241,0.45,0.55,0,2411.605018278157,2411.772174185766,37.65172182026648,-1.1959902141802559,-0.6560874982006595,2412.3647349537896,0.0007865464037830241,0,TCS,5m,2026-03-25 07:55:00
2409.5,2409.89990234375,2406.199951171875,2408.699951171875,31714,0.0,-0.0023195533044735317,0.0007867882730800954,0.4,0.6,0,2411.3283452204155,2411.651694851888,34.746087082458345,-1.2677731470766958,-0.7784246279758669,2412.314891136425,0.0007867882730800954,0,TCS,5m,2026-03-25 08:00:00
2408.5,2409.699951171875,2406.60009765625,2407.199951171875,16541,-0.0006227425708503764,-0.0023622824827247424,0.0007881742131609614,0.4,0.55,0,2410.93516483484,2411.477116668358,34.166785343722665,-1.4292238990947226,-0.908584482199638,2412.286641123041,0.0007881742131609614,0,TCS,5m,2026-03-25 08:05:00
2407.300048828125,2409.699951171875,2406.5,2407.89990234375,19554,0.0002907740055138053,-0.0016584436178769257,0.0007899846397741528,0.4,0.55,0,2410.646092216641,2411.3368337536676,33.33333333333333,-1.4835926409637068,-1.0235861139524518,2412.2551802327926,0.0007899846397741528,0,TCS,5m,2026-03-25 08:10:00
2408.0,2409.89990234375,2406.300048828125,2407.89990234375,23693,0.0,-0.0015756723079413115,0.0007902009411236741,0.45,0.55,0,2410.384550323985,2411.202052129749,36.07308481227147,-1.5092821949529025,-1.120725330152542,2412.2176780815607,0.0007902009411236741,0,TCS,5m,2026-03-25 08:15:00
2407.699951171875,2409.89990234375,2402.39990234375,2403.0,38818,-0.0020349277555020695,-0.0038964942481624076,0.0008969259701882413,0.4,0.55,0,2409.6812598169386,2410.8804030266215,23.79063219861787,-1.9030849419391416,-1.277197252509862,2412.1155772636043,0.0008969259701882413,0,TCS,5m,2026-03-25 08:20:00
2403.800048828125,2404.0,2398.39990234375,2399.10009765625,81485,-0.0016229306465875837,-0.006501553277462491,0.0009051458696523012,0.35,0.6,0,2408.6735300873493,2410.418430266999,23.695228010314636,-2.501035600851992,-1.521964922178288,2411.7760395561413,0.0009051458696523012,0,TCS,5m,2026-03-25 08:25:00
2399.0,2400.0,2397.10009765625,2399.89990234375,184528,0.00033337695591839633,-0.006622790946130608,0.0008999974658556998,0.3,0.65,0,2407.8379464927207,2410.0059389758917,29.777560763888886,-2.8772115482811387,-1.7930142473988584,2410.9828243826305,0.0008999974658556998,0,TCS,5m,2026-03-25 08:30:00
2400.0,2400.0,2395.89990234375,2396.10009765625,40898,-0.0015833179891332483,-0.007743892162396571,0.0009424866651423457,0.3,0.65,0,2406.7200561273426,2409.4606118653173,27.347011987922386,-3.442265880474679,-2.122864574014023,2410.797549882864,0.0009424866651423457,0,TCS,5m,2026-03-25 08:35:00
2396.300048828125,2398.699951171875,2396.0,2396.60009765625,27380,0.0002086724175209831,-0.007947657415268594,0.0009343666547965764,0.3,0.65,0,2405.756250558667,2408.9562779747657,19.819641482459033,-3.805858125007944,-2.459463284212807,2410.6741984389596,0.0009343666547965764,0,TCS,5m,2026-03-25 08:40:00
2396.60009765625,2397.89990234375,2394.300048828125,2395.199951171875,34511,-0.0005842219925402681,-0.0077879241210128125,0.0009319145121146855,0.3,0.65,0,2404.750888712306,2408.416814178574,13.121817036930665,-4.159044838139835,-2.7993795949982125,2410.5072591083267,0.0009319145121146855,0,TCS,5m,2026-03-25 08:45:00
2395.199951171875,2396.0,2387.10009765625,2388.10009765625,82436,-0.002964200760003921,-0.011547972824399788,0.001049312914724395,0.3,0.7,0,2403.1650990879193,2407.6200801973064,8.996139322311677,-4.9547316335706455,-3.230450002712699,2409.9822761099335,0.001049312914724395,0,TCS,5m,2026-03-25 08:50:00
2388.0,2391.699951171875,2386.0,2388.199951171875,81599,4.1812952364495004e-05,-0.009949423963938164,0.001030860996202409,0.25,0.7,0,2401.739846905439,2406.8585065100347,10.545992084306903,-5.513703268247809,-3.6871006558197212,2409.4444308322495,0.001030860996202409,0,TCS,5m,2026-03-25 08:55:00
2388.60009765625,2391.39990234375,2384.89990234375,2389.0,148309,0.0003350007723317283,-0.00830220008302196,0.0010276330171714346,0.25,0.7,0,2400.5265281525403,2406.158172921406,11.239283078145988,-5.824988223449509,-4.114678169345679,2408.5244708662176,0.0010276330171714346,0,TCS,5m,2026-03-25 09:00:00
2388.699951171875,2390.199951171875,2387.10009765625,2390.0,135157,0.0004185851820845965,-0.007145210834480831,0.0010408505236441715,0.25,0.65,0,2399.5240016618222,2405.5245190813507,14.71609806432592,-5.922718735661874,-4.4762862826089185,2407.7791444997715,0.0010408505236441715,0,TCS,5m,2026-03-25 09:05:00
2390.0,2391.0,2386.800048828125,2388.699951171875,158052,-0.0005439534845711469,-0.00883819453449175,0.000977617122783116,0.25,0.7,0,2398.4931397103987,2404.8647321045087,14.027892434967413,-6.035500453905115,-4.788129116868158,2406.965546414071,0.000977617122783116,0,TCS,5m,2026-03-25 09:10:00
2388.699951171875,2389.39990234375,2386.39990234375,2387.0,152483,-0.0007116637529300807,-0.010159651669085612,0.0009460781758894826,0.2,0.75,0,2397.398554976075,2404.16415437492,13.92771504555958,-6.190690207505213,-5.0686413349955695,2406.1951413135816,0.0009460781758894826,0,TCS,5m,2026-03-25 09:15:00
2386.89990234375,2388.39990234375,2381.199951171875,2381.300048828125,179912,-0.0023879141901445022,-0.012646156141683407,0.0010212109928914384,0.15,0.8,0,2395.8653639143654,2403.26752278485,9.696297118336858,-6.696425404720685,-5.394198148940593,2405.1836081935157,0.0010212109928914384,0,TCS,5m,2026-03-25 09:20:00
2381.5,2385.0,2380.60009765625,2382.800048828125,175893,0.0006299080205109941,-0.010629403152986439,0.0010414778659611629,0.1,0.8,0,2394.621048191866,2402.4648767473313,13.622628424233412,-6.896686024707378,-5.69469572409395,2404.243684854078,0.0010414778659611629,0,TCS,5m,2026-03-25 09:25:00
2382.699951171875,2384.89990234375,2380.0,2380.39990234375,304483,-0.0010072798536140404,-0.011872186656807782,0.0010295992543350168,0.1,0.8,0,2393.2666533491883,2401.5995836334655,14.68680857557031,-7.1664553351342875,-5.989047646302018,2402.7205326902235,0.0010295992543350168,0,TCS,5m,2026-03-25 09:30:00
2380.699951171875,2381.699951171875,2378.0,2380.0,132980,-0.00016799796679378698,-0.01191512091736957,0.0010285965300999688,0.1,0.85,0,2392.0031625540273,2400.7525411380357,16.490482635735944,-7.328045091977401,-6.256847135437095,2402.064559574903,0.0010285965300999688,-1,TCS,5m,2026-03-25 09:35:00
2380.0,2380.0,2377.5,2378.800048828125,184890,-0.000504181164653339,-0.012413294702481759,0.0010192886368106339,0.1,0.85,0,2390.7457231515605,2399.8916590866666,13.494631377087686,-7.466858868549025,-6.498849482059482,2401.169226997765,0.0010192886368106339,-1,TCS,5m,2026-03-25 09:40:00
2378.5,2382.0,2374.60009765625,2374.800048828125,223679,-0.0016815200596496105,-0.01345958084120813,0.0010463628747959398,0.15,0.9,0,2389.2270875017093,2398.9076743706455,13.401793729497541,-7.809612011235004,-6.761001987894587,2400.1013942307295,0.0010463628747959398,0,TCS,5m,2026-03-25 09:45:00
2375.0,2377.800048828125,2374.10009765625,2377.39990234375,249967,0.0010947673328993712,-0.012666639493740028,0.001099582683545933,0.15,0.9,-1,2388.100688915237,2398.064232330375,19.230167300499247,-7.781756648716964,-6.9651529200590625,2398.981904704557,0.001099582683545933,0,TCS,5m,2026-03-25 09:50:00
2377.60009765625,2380.800048828125,2371.800048828125,2380.0,381765,0.0010936728203305712,-0.011586819832748563,0.0011585230254384246,0.15,0.9,-1,2387.329194732833,2397.3558310625176,26.543037774378533,-7.46383646164486,-7.064889628376223,2397.53687344512,0.0011585230254384246,0,TCS,5m,2026-03-25 09:55:00
2402.10009765625,2417.0,2401.199951171875,2408.60009765625,209957,0.0027059655034118446,0.003959818103996815,0.0024946469697967374,0.25,0.8,0,2390.627771226877,2397.9755362984833,68.95922673745831,-3.1440111332094602,-6.009007584869271,2408.933349609375,0.0024946469697967374,0,TCS,5m,2026-03-27 03:50:00
2409.10009765625,2411.199951171875,2406.10009765625,2409.199951171875,68679,0.0002490465379489937,0.0038751819686491107,0.002494481932830246,0.25,0.75,0,2392.396550269258,2398.4157094307734,68.84328953062014,-1.3188879150407047,-5.070983650903558,2408.908697310956,0.002494481932830246,0,TCS,5m,2026-03-27 03:55:00
2409.300048828125,2409.5,2403.39990234375,2407.0,53919,-0.0009131459473942227,0.004549017945624234,0.002473732243537178,0.25,0.75,0,2393.7873550055197,2398.7523482766255,65.51100418782858,-0.04941269041364649,-4.066669458805576,2408.5397745598766,0.002473732243537178,0,TCS,5m,2026-03-27 04:00:00
2407.39990234375,2410.699951171875,2402.800048828125,2404.5,58788,-0.0010386373078521416,0.0032962955945281536,0.002489964161186423,0.3,0.8,0,2394.807606909756,2398.977746383425,64.10724795640327,0.7463233139569638,-3.104070904253068,2408.1582466755754,0.002489964161186423,0,TCS,5m,2026-03-27 04:05:00
2405.5,2414.0,2405.10009765625,2412.5,54473,0.0033270950301518276,0.007222799424182025,0.0025797962255125198,0.35,0.75,0,2396.4925967278746,2399.5080308389765,70.4655537267811,1.9994347326069146,-2.0833697768810717,2408.4484557948485,0.0025797962255125198,0,TCS,5m,2026-03-27 04:10:00
2411.800048828125,2412.800048828125,2407.10009765625,2409.89990234375,43321,-0.0010777606865285394,0.009128513795922943,0.0024844676021278213,0.35,0.7,0,2397.7694829770053,2399.9155552117127,74.15530160877258,2.7510164044679186,-1.1164925406112738,2408.579967181104,0.0024844676021278213,0,TCS,5m,2026-03-27 04:15:00
2409.699951171875,2412.5,2403.199951171875,2403.199951171875,127752,-0.002780178199666694,0.006280881126657478,0.002587316215626366,0.35,0.7,0,2398.2866704241355,2400.0443550532877,65.83845751415942,2.774042790027579,-0.3383854744835032,2408.1078003473394,0.002587316215626366,0,TCS,5m,2026-03-27 04:20:00
2403.39990234375,2403.60009765625,2399.0,2399.89990234375,51423,-0.0013731894537181155,0.00456253760726244,0.002614714973925992,0.35,0.7,0,2398.4403115593373,2400.038690241149,64.93113194849477,2.4972186238774157,0.2287353451886806,2407.5480693874565,0.002614714973925992,0,TCS,5m,2026-03-27 04:25:00
2400.0,2404.89990234375,2398.300048828125,2402.0,47635,0.0008750771872605423,0.00502092050209213,0.002618429635519557,0.4,0.75,0,2398.779329506067,2400.1156043493393,66.41791044776119,2.4194044192850015,0.6668691600079448,2407.1611891753078,0.002618429635519557,0,TCS,5m,2026-03-27 04:30:00
2401.699951171875,2404.60009765625,2399.89990234375,2403.199951171875,35259,0.0004995633521545084,0.0060702475389955435,0.002612087960158183,0.35,0.7,0,2399.2003410932866,2400.2365591266935,68.20888234608209,2.4265899146485026,1.0188133109360564,2406.945537485879,0.002612087960158183,0,TCS,5m,2026-03-27 04:35:00
2403.0,2408.0,2402.0,2408.0,43802,0.0019973572426981168,0.008797653958944274,0.00262674389062816,0.4,0.65,0,2400.038403846307,2400.541007788392,74.4837221696092,2.7874760079644147,1.3725458503417283,2406.893441868028,0.00262674389062816,0,TCS,5m,2026-03-27 04:40:00
2408.0,2415.0,2406.5,2412.5,107384,0.0018687707641196205,0.013102066321809769,0.002556961247644268,0.45,0.6,0,2401.225222527611,2401.0099878751216,75.17933952615135,3.3974297732920604,1.777522634931795,2407.421785764151,0.002556961247644268,0,TCS,5m,2026-03-27 04:45:00
2412.5,2415.0,2410.10009765625,2414.699951171875,75164,0.0009118968588082144,0.013387569955539691,0.0025575978965346247,0.45,0.55,0,2402.5085300175406,2401.5468491808765,75.03602216640303,4.012091309429707,2.2244363698313774,2407.8711982290424,0.0025575978965346247,0,TCS,5m,2026-03-27 04:50:00
2415.10009765625,2416.199951171875,2412.89990234375,2415.699951171875,49244,0.00041413012805779914,0.014829461551131962,0.0025281674070193496,0.5,0.5,0,2403.764855841763,2402.1018727883666,64.10774615427474,4.527713979515738,2.6850918917682494,2408.2098859726007,0.0025281674070193496,0,TCS,5m,2026-03-27 04:55:00
2415.800048828125,2418.0,2414.60009765625,2415.0,86217,-0.0002897508738762822,0.014705882352941124,0.0025306125653811206,0.55,0.45,0,2404.8348695711193,2402.6076816986265,57.547072033166344,4.824257414111798,3.112924996236959,2408.80300132272,0.0025306125653811206,0,TCS,5m,2026-03-27 05:00:00
2414.89990234375,2416.0,2412.0,2416.0,45720,0.00041407867494824835,0.015638116028373616,0.0025152639073284144,0.55,0.45,0,2405.898215326251,2403.1328706516215,57.94397321301245,5.081386801169629,3.506617357223493,2409.03436251989,0.0025152639073284144,0,TCS,5m,2026-03-27 05:05:00
2415.89990234375,2416.0,2410.10009765625,2410.199951171875,33957,-0.0024006824619722256,0.01490647701528336,0.002557085873728749,0.5,0.45,0,2406.3079044544056,2403.4100110641807,53.44821235958012,4.762251949457095,3.7577442756702135,2409.121644257366,0.002557085873728749,0,TCS,5m,2026-03-27 05:10:00
2410.0,2411.0,2407.699951171875,2409.39990234375,42493,-0.0003319429276961161,0.01346008299590351,0.0025666444279333826,0.5,0.45,0,2406.6023804438673,2403.6449087614187,55.480851156795495,4.394125285051359,3.885020477546443,2409.1300718577095,0.0025666444279333826,0,TCS,5m,2026-03-27 05:15:00
2409.5,2410.0,2407.5,2407.5,29851,-0.0007885375698329922,0.011554621848739455,0.0025848067546018014,0.45,0.45,0,2406.687868020642,2403.7960888099906,43.52333244785144,3.9040722950890085,3.888830841054957,2409.1112712827926,0.0025848067546018014,0,TCS,5m,2026-03-27 05:20:00
2407.89990234375,2410.0,2405.800048828125,2409.699951171875,44001,0.0009137907255971633,0.003163837145271353,0.0015848343105083552,0.4,0.5,0,2406.974733082664,2404.027612824182,49.7382834719142,3.6511314728454636,3.8412909674130584,2409.0907244941072,0.0015848343105083552,0,TCS,5m,2026-03-27 05:25:00
2409.699951171875,2411.300048828125,2406.89990234375,2407.0,38214,-0.0011204511875273493,-0.0006643268252820578,0.0014892829846250718,0.4,0.5,0,2406.977139455744,2404.1441770271554,55.55563487361065,3.195969407829125,3.7122266554962717,2409.071132058395,0.0014892829846250718,0,TCS,5m,2026-03-27 05:30:00
2407.300048828125,2410.0,2405.699951171875,2408.60009765625,25034,0.000664768448795261,-0.0002489845292140691,0.0014962991977968529,0.4,0.55,0,2407.131706903411,2404.31891901261,63.38491586538461,2.930582766416137,3.555897877680245,2409.053416440237,0.0014962991977968529,0,TCS,5m,2026-03-27 05:35:00
2409.60009765625,2413.89990234375,2408.199951171875,2413.699951171875,39353,0.0021173517017571974,0.0027835276991587943,0.0015525612191398118,0.45,0.5,0,2407.757253976598,2404.686802626699,66.47891779625465,3.0960877264824376,3.4639358474406836,2409.1336995205193,0.0015525612191398118,0,TCS,5m,2026-03-27 05:40:00
2413.5,2415.0,2408.39990234375,2410.5,40127,-0.0013257452196249186,0.0024953212726137597,0.0015653091334312751,0.45,0.45,0,2408.0184678835885,2404.9147711511423,59.73346180639197,2.935207043576156,3.3581900866677783,2409.193575404957,0.0015653091334312751,0,TCS,5m,2026-03-27 05:45:00
2409.60009765625,2411.5,2407.300048828125,2408.0,31131,-0.001037129226301614,-0.0018652849740932176,0.00138991284061272,0.4,0.5,0,2408.0167090375326,2405.035760517764,50.0,2.576281072141228,3.2018082837624684,2409.188112393177,0.00138991284061272,0,TCS,5m,2026-03-27 05:50:00
2407.5,2409.89990234375,2404.300048828125,2405.5,47324,-0.0010382059800664312,-0.0018257614515320153,0.0013884643871080148,0.4,0.55,0,2407.7770224625297,2405.053965987656,39.457738296589355,2.0662817375737177,2.9747029745247184,2409.1070404521065,0.0013884643871080148,0,TCS,5m,2026-03-27 05:55:00
2405.0,2405.800048828125,2402.5,2405.0,34898,-0.0002078569943878561,0.0007490216647378922,0.00123708370420129,0.4,0.55,0,2407.5125441327646,2405.051849674415,34.60313277477658,1.603276199236916,2.700417619467158,2409.002829616497,0.00123708370420129,0,TCS,5m,2026-03-27 06:00:00
2405.89990234375,2409.0,2404.89990234375,2407.0,29590,0.0008316008316007206,0.0029584974145446807,0.0012024473125381383,0.45,0.5,0,2407.4637304058347,2405.1282477263985,36.61535918989775,1.3817957780415782,2.4366932511820423,2408.965047809835,0.0012024473125381383,0,TCS,5m,2026-03-27 06:05:00
2406.5,2408.0,2405.89990234375,2407.60009765625,18382,0.0002493135256542711,0.0023314311641340346,0.0011906270190174006,0.4,0.45,0,2407.4767177630174,2405.225183017765,38.58036319795042,1.240395309192536,2.197433662784141,2408.9445543462425,0.0011906270190174006,0,TCS,5m,2026-03-27 06:10:00
2407.60009765625,2409.60009765625,2406.60009765625,2408.699951171875,23390,0.00045682566498306265,0.0022886152262602266,0.0011899426483943857,0.45,0.45,0,2407.5932161829087,2405.3614484355735,38.76907128208595,1.2032135093845682,1.9985896321042267,2408.9353425223,0.0011899426483943857,0,TCS,5m,2026-03-27 06:15:00
2408.800048828125,2412.800048828125,2408.60009765625,2412.0,25195,0.0013700539274388301,0.0016611295681063787,0.0011451383853094282,0.45,0.45,0,2408.0129098797747,2405.6217837910413,53.000105795131795,1.4236223931529821,1.883596184313978,2408.9686700635184,0.0011451383853094282,0,TCS,5m,2026-03-27 06:20:00
2413.10009765625,2415.89990234375,2411.10009765625,2415.0,67826,0.0012437810945273853,0.0010362694300518616,0.0011015579599801203,0.45,0.45,0,2408.678347034082,2405.9895569757064,58.69588293274699,1.8194000383491584,1.8707569551210141,2409.1659839648364,0.0011015579599801203,0,TCS,5m,2026-03-27 06:25:00
2414.89990234375,2415.0,2412.5,2413.39990234375,29828,-0.0006625663172877827,-0.0005383893876728107,0.0010931257016482609,0.45,0.45,0,2409.128018968336,2406.2801587548456,59.24752414627053,1.9811052175527948,1.8928266076073705,2409.2417236215583,0.0010931257016482609,0,TCS,5m,2026-03-27 06:30:00
2413.39990234375,2415.0,2412.199951171875,2413.800048828125,28038,0.00016580198084303888,-0.0007864810953978063,0.001089262526178171,0.4,0.5,0,2409.572974193078,2406.5750564047785,56.81077135209668,2.117141129157062,1.937689511917309,2409.3111365704785,0.001089262526178171,0,TCS,5m,2026-03-27 06:35:00
2413.800048828125,2415.5,2412.10009765625,2415.5,25080,0.0007042634590632701,0.00020703933747401315,0.0010998343995538165,0.4,0.55,0,2410.137452841356,2406.9250541928263,64.60476198466367,2.3352036476385365,2.0171923390615545,2409.3810935795964,0.0010998343995538165,0,TCS,5m,2026-03-27 06:40:00
2414.800048828125,2417.10009765625,2411.0,2411.199951171875,45128,-0.0017801899516145525,-0.0019867751772040254,0.0011650141230800087,0.45,0.55,0,2410.2386431585487,2407.0926972116126,54.087813716382726,2.13641450463183,2.0410367721756097,2409.471441136357,0.0011650141230800087,0,TCS,5m,2026-03-27 06:45:00
2411.300048828125,2415.5,2410.60009765625,2415.199951171875,52319,0.0016589250501835018,0.002074516679650973,0.0010943567011346142,0.45,0.55,0,2410.7111486836275,2407.410628739466,52.44298120049623,2.2754097401143554,2.087911365763359,2409.589103436329,0.0010943567011346142,0,TCS,5m,2026-03-27 06:50:00
2415.199951171875,2419.0,2413.699951171875,2415.0,76161,-8.278866177435784e-05,0.002324270724342048,0.0010905420941316288,0.5,0.5,0,2411.119610713758,2407.70825114184,58.12268640930724,2.3424280249714684,2.138814697604981,2409.831112076356,0.0010905420941316288,0,TCS,5m,2026-03-27 06:55:00
2414.39990234375,2416.60009765625,2413.0,2416.0,34782,0.00041407867494824835,0.0035306334371754122,0.0010709843842108765,0.5,0.5,0,2411.5844096934,2408.0334177637287,65.2670617615267,2.448012971512071,2.2006543523863993,2409.9235201266692,0.0010709843842108765,0,TCS,5m,2026-03-27 07:00:00
2415.800048828125,2419.800048828125,2415.699951171875,2418.0,52646,0.0008278145695364003,0.003444432500439909,0.0010680389127696727,0.55,0.45,0,2412.1954182940285,2408.4242641259357,74.31888133145875,2.6623827960493145,2.2930000411189826,2410.124351107399,0.0010680389127696727,0,TCS,5m,2026-03-27 07:05:00
2418.10009765625,2420.10009765625,2414.199951171875,2420.0,75013,0.0008271298593878207,0.00540091400083087,0.0010321329017442984,0.55,0.5,0,2412.9387117898355,2408.8782145523696,77.57333141851865,2.9595399771424127,2.426308028323669,2410.40281474632,0.0010321329017442984,0,TCS,5m,2026-03-27 07:10:00
2420.10009765625,2421.0,2416.10009765625,2420.10009765625,57754,4.136266787191367e-05,0.004774557640843113,0.0010289876595856993,0.6,0.45,0,2413.6207485390178,2409.3182883995805,75.8892212679726,3.1666134793276797,2.574369118524471,2410.629613799118,0.0010289876595856993,0,TCS,5m,2026-03-27 07:15:00
2420.10009765625,2421.89990234375,2416.800048828125,2418.0,72067,-0.0008677730554549345,0.0017815175519382276,0.0009560567272020843,0.6,0.45,0,2414.03782010673,2409.6587476780287,69.40259077741541,3.125234632628235,2.684542221345224,2410.891219285169,0.0009560567272020843,0,TCS,5m,2026-03-27 07:20:00
2418.0,2418.60009765625,2413.800048828125,2415.0,21644,-0.001240694789081842,0.0018668326073427721,0.0009495980702329318,0.55,0.5,0,2414.1294562870416,2409.8682085534,60.975526765739176,2.817883859486301,2.7112105489734395,2410.937414248578,0.0009495980702329318,0,TCS,5m,2026-03-27 07:25:00
2415.0,2418.60009765625,2414.39990234375,2414.39990234375,15033,-0.00024848764233953435,0.0026577667540490513,0.0009159474035805177,0.55,0.45,0,2414.1552130543473,2410.0459220353746,54.61511014291348,2.4970982970162368,2.6683880985819988,2410.9689904423362,0.0009159474035805177,0,TCS,5m,2026-03-27 07:30:00
2414.89990234375,2417.0,2413.800048828125,2415.89990234375,19281,0.0006212723909340134,0.004323384886198323,0.000878660166151236,0.55,0.45,0,2414.321373939052,2410.275489890605,51.83649879426829,2.336971736141095,2.6021048260938184,2411.0069668613573,0.000878660166151236,0,TCS,5m,2026-03-27 07:35:00
2415.39990234375,2420.300048828125,2415.199951171875,2420.300048828125,27644,0.0018213281436478823,0.006361766664501056,0.0009420022192712624,0.6,0.4,0,2414.890771547535,2410.668609848939,62.63738229165735,2.5358931332270913,2.588862487520473,2411.09583615801,0.0009420022192712624,0,TCS,5m,2026-03-27 07:40:00
2420.199951171875,2421.300048828125,2416.89990234375,2418.800048828125,20220,-0.0006197578687511252,0.004902388378946743,0.0009561154572418304,0.6,0.4,0,2415.263083669496,2410.987489808907,58.80269582559659,2.543186043955302,2.579727198807439,2411.1629279854396,0.0009561154572418304,0,TCS,5m,2026-03-27 07:45:00
2419.10009765625,2419.5,2415.39990234375,2415.39990234375,25272,-0.0014057162294264236,0.0032396595660104666,0.0010248701334349259,0.6,0.45,0,2415.276114019425,2411.1605255945874,49.83372806021477,2.2486809291749523,2.513517944880942,2411.221752972527,0.0010248701334349259,0,TCS,5m,2026-03-27 07:50:00
2416.60009765625,2418.89990234375,2411.199951171875,2412.300048828125,51033,-0.001283370721600674,0.0014946227131771295,0.0010713589167773451,0.55,0.5,0,2414.992679239301,2411.2052127802162,51.903257417043996,1.745035548209671,2.3598214655466885,2411.282191566388,0.0010713589167773451,0,TCS,5m,2026-03-27 07:55:00
2412.300048828125,2413.5,2410.39990234375,2410.60009765625,35209,-0.0007047013793747281,-0.0005803906897802191,0.001039353403139832,0.5,0.55,0,2414.5743381361535,2411.181482775355,41.35376990500665,1.1949465032789703,2.126846473093145,2411.2852668984365,0.001039353403139832,0,TCS,5m,2026-03-27 08:00:00
2410.5,2412.699951171875,2408.300048828125,2410.60009765625,38094,0.0,-0.0018219057324017074,0.0009955052147828515,0.45,0.6,0,2414.1958390428294,2411.15868335892,41.666974920470516,0.7503474338514025,1.8515466652447967,2411.273953408359,0.0009955052147828515,0,TCS,5m,2026-03-27 08:05:00
2410.0,2415.5,2410.0,2412.0,24152,0.0005807277387530618,-0.0005800540318205982,0.0009967337663663398,0.5,0.6,0,2413.986711514941,2411.191676168374,42.537395011569224,0.5051369831307966,1.5822647288219966,2411.285538942103,0.0009967337663663398,0,TCS,5m,2026-03-27 08:10:00
2411.89990234375,2414.60009765625,2410.699951171875,2412.0,56779,0.0,-0.0007457323687597439,0.0009957213051312874,0.5,0.55,0,2413.7975008944704,2411.2233751421636,37.903368707054405,0.30726398631941265,1.32726458032148,2411.3104832681884,0.0009957213051312874,0,TCS,5m,2026-03-27 08:15:00
2411.699951171875,2414.10009765625,2411.199951171875,2411.800048828125,19266,-8.289849580223052e-05,-0.0015317537453425345,0.0009803243496080947,0.45,0.5,0,2413.6072673643425,2411.245989796515,32.174208408963054,0.13278318039101578,1.0883683003353872,2411.3182148312612,0.0009803243496080947,0,TCS,5m,2026-03-27 08:20:00
2412.800048828125,2414.0,2409.300048828125,2410.5,25810,-0.0005390367367961169,-0.0002902916332321315,0.0009030142942164289,0.4,0.5,0,2413.311337139167,2411.216735294691,30.165247568701815,-0.10913910319732167,0.8488668196288455,2411.3177143947864,0.0009030142942164289,0,TCS,5m,2026-03-27 08:25:00
2410.5,2411.89990234375,2407.300048828125,2407.300048828125,43629,-0.001327505153235875,-0.003270910278015293,0.0008575721039484739,0.4,0.5,0,2412.7388334904963,2411.0631397469824,28.85389225023883,-0.552702363557728,0.5685529829915308,2411.277590139514,0.0008575721039484739,0,TCS,5m,2026-03-27 08:30:00
2408.5,2408.699951171875,2403.10009765625,2405.5,94910,-0.0007477459359506167,-0.003933747412008248,0.0008671172544606412,0.35,0.55,0,2412.0494207771158,2410.8449774039636,30.29053629677655,-1.037518472766351,0.24733869183995447,2411.090542563328,0.0008671172544606412,0,TCS,5m,2026-03-27 08:35:00
2405.0,2405.0,2397.800048828125,2398.39990234375,107511,-0.002951609917376863,-0.007284808632553763,0.0010497129474309926,0.35,0.55,0,2410.7494666406046,2410.35693524474,23.856292584850564,-1.971926138055096,-0.19651427413905564,2410.6947335212026,0.0010497129474309926,0,TCS,5m,2026-03-27 08:40:00
2398.300048828125,2400.10009765625,2397.0,2397.199951171875,55811,-0.0005003132174506986,-0.008602170731234482,0.0010116011249413973,0.3,0.6,0,2409.459036595964,2409.8409750850196,19.142044493147154,-2.7772624235672083,-0.7126639040246862,2410.4572285453323,0.0010116011249413973,0,TCS,5m,2026-03-27 08:45:00
2397.300048828125,2399.10009765625,2393.0,2395.800048828125,79763,-0.0005839739580612013,-0.009999979823088867,0.0009674505338942159,0.25,0.6,0,2408.1581806180743,2409.2903505259255,5.127884099445538,-3.488247308030168,-1.2677805848257826,2410.076951386027,0.0009674505338942159,0,TCS,5m,2026-03-27 08:50:00
2395.5,2399.89990234375,2395.5,2396.60009765625,65456,0.0003339380632021438,-0.009710342155995422,0.0009782499750363896,0.25,0.6,0,2407.0574108121864,2408.792693550644,8.270538672638665,-3.9417130824112974,-1.8025670843428856,2409.8082910563808,0.0009782499750363896,-1,TCS,5m,2026-03-27 08:55:00
2397.89990234375,2398.5,2392.199951171875,2392.39990234375,80895,-0.0017525641080493592,-0.010587302587365621,0.0010156524947669493,0.2,0.65,0,2405.661457624716,2408.149838993511,8.029047491757993,-4.587131043594127,-2.359479876193134,2409.4161819439173,0.0010156524947669493,-1,TCS,5m,2026-03-27 09:00:00
2392.5,2395.0,2390.699951171875,2391.0,48308,-0.0005851456281947831,-0.009937888198757738,0.0010020493720316486,0.2,0.65,0,2404.2651283271243,2407.4772962878833,8.560137554979235,-5.152198510192193,-2.918023602992946,2409.1595153307617,0.0010020493720316486,0,TCS,5m,2026-03-27 09:05:00
2390.89990234375,2394.699951171875,2390.5,2393.0,63360,0.0008364700961940308,-0.008863445663237601,0.0010447699710936795,0.2,0.7,-1,2403.1922589626365,2406.909559178555,16.153658353365387,-5.3766565138207625,-3.4097501851585097,2408.843883548679,0.0010447699710936795,0,TCS,5m,2026-03-27 09:10:00
2392.5,2393.699951171875,2387.89990234375,2388.5,90514,-0.0018804847471792785,-0.011341489072940636,0.0010601001116616582,0.2,0.7,-1,2401.79299620429,2406.1876156813564,13.770331711065566,-5.85021584414153,-3.897843316955114,2408.3413256135077,0.0010601001116616582,-1,TCS,5m,2026-03-27 09:15:00
2389.0,2392.0,2388.5,2390.199951171875,53114,0.0007117233292337488,-0.012436514915092456,0.0009518979290695855,0.15,0.7,0,2400.6888966773936,2405.5606484456903,14.610366448155872,-6.01896034456604,-4.322066722477299,2408.061819301452,0.0009518979290695855,0,TCS,5m,2026-03-27 09:20:00
2390.699951171875,2392.0,2388.199951171875,2389.699951171875,47998,-0.00020918751996246154,-0.012030799185054009,0.000956435501161329,0.1,0.75,0,2399.6423304387727,2404.938660317305,14.376974376974388,-6.122461473450585,-4.682145672671957,2407.8128865197723,0.000956435501161329,-1,TCS,5m,2026-03-27 09:25:00
2389.699951171875,2393.699951171875,2389.5,2393.300048828125,156680,0.001506506142950892,-0.00914956297471925,0.0010455761981664616,0.15,0.7,-1,2399.038303618711,2404.482244180475,23.343089522415795,-5.846593183349341,-4.915035174807434,2407.1404652112506,0.0010455761981664616,-1,TCS,5m,2026-03-27 09:30:00
2393.300048828125,2394.0,2390.39990234375,2390.89990234375,165172,-0.00100286066744959,-0.008871262302038718,0.0010357708027219311,0.2,0.65,0,2398.263217783,2403.949603324133,22.62578594907187,-5.755293892897043,-5.083086918425356,2406.4741273035743,0.0010357708027219311,-1,TCS,5m,2026-03-27 09:35:00
2391.199951171875,2392.5,2387.60009765625,2387.89990234375,177679,-0.0012547576739031507,-0.009416823360527848,0.0010502333109117196,0.2,0.65,-1,2397.2762353602143,2403.3202032856866,22.75286485300269,-5.857491954304805,-5.237967925601246,2405.710552934344,0.0010502333109117196,-1,TCS,5m,2026-03-27 09:40:00
